ISO-10303-21;
HEADER;
/* Generated by software containing ST-Developer
 * from STEP Tools, Inc. (www.steptools.com) 
 */
/* OPTION: using custom renumber hook */

FILE_DESCRIPTION(
/* description */ (
'CAx-IF Rec.Pracs.---Representation and Presentation of Product Manufa
cturing Information (PMI)---4.0---2014-10-13',
'CAx-IF Rec.Pracs.---3D Tessellated Geometry---0.4---2014-09-14','2;1'),

/* implementation_level */ '2;1');

FILE_NAME(
/* name */ 'C02',
/* time_stamp */ '2026-04-13T01:15:00+03:00',
/* author */ (''),
/* organization */ (''),
/* preprocessor_version */ 'ST-DEVELOPER v18.102',
/* originating_system */ 'SIEMENS PLM Software NX2206.9140',
/* authorisation */ $);

FILE_SCHEMA (('AP242_MANAGED_MODEL_BASED_3D_ENGINEERING_MIM_LF { 1 0 10303 442 3 1 4 }'));
ENDSEC;

DATA;
#10=SHAPE_REPRESENTATION_RELATIONSHIP('','',#5374,#11);
#11=ADVANCED_BREP_SHAPE_REPRESENTATION('',(#5372),#9715);
#12=B_SPLINE_SURFACE_WITH_KNOTS('',3,3,((#7935,#7936,#7937,#7938,#7939,
#7940),(#7941,#7942,#7943,#7944,#7945,#7946),(#7947,#7948,#7949,#7950,#7951,
#7952),(#7953,#7954,#7955,#7956,#7957,#7958),(#7959,#7960,#7961,#7962,#7963,
#7964)),.UNSPECIFIED.,.F.,.F.,.F.,(4,1,4),(4,1,1,4),(-0.00269999999999998,
0.,1.66073472376141E-5),(-0.00635044157926148,-0.0063,0.0021,0.00215043860795048),
 .UNSPECIFIED.);
#13=B_SPLINE_SURFACE_WITH_KNOTS('',3,3,((#7996,#7997,#7998,#7999,#8000,
#8001),(#8002,#8003,#8004,#8005,#8006,#8007),(#8008,#8009,#8010,#8011,#8012,
#8013),(#8014,#8015,#8016,#8017,#8018,#8019),(#8020,#8021,#8022,#8023,#8024,
#8025)),.UNSPECIFIED.,.F.,.F.,.F.,(4,1,4),(4,1,1,4),(-0.00186660734723768,
-0.00184999999999999,0.000850000000000017),(-0.00635043971651837,-0.0063,
0.0021,0.00215043859684068),.UNSPECIFIED.);
#14=B_SPLINE_SURFACE_WITH_KNOTS('',3,3,((#8096,#8097,#8098,#8099,#8100,
#8101),(#8102,#8103,#8104,#8105,#8106,#8107),(#8108,#8109,#8110,#8111,#8112,
#8113),(#8114,#8115,#8116,#8117,#8118,#8119),(#8120,#8121,#8122,#8123,#8124,
#8125)),.UNSPECIFIED.,.F.,.F.,.F.,(4,1,4),(4,1,1,4),(-0.00270000000000001,
0.,1.66073472374378E-5),(-0.00635044157926148,-0.0063,0.0021,0.00215043860795047),
 .UNSPECIFIED.);
#15=B_SPLINE_SURFACE_WITH_KNOTS('',3,3,((#8157,#8158,#8159,#8160,#8161,
#8162),(#8163,#8164,#8165,#8166,#8167,#8168),(#8169,#8170,#8171,#8172,#8173,
#8174),(#8175,#8176,#8177,#8178,#8179,#8180),(#8181,#8182,#8183,#8184,#8185,
#8186)),.UNSPECIFIED.,.F.,.F.,.F.,(4,1,4),(4,1,1,4),(-0.00186660734723721,
-0.00184999999999999,0.00084999999999999),(-0.00635043971651837,-0.0063,
0.0021,0.00215043859684068),.UNSPECIFIED.);
#16=B_SPLINE_SURFACE_WITH_KNOTS('',3,3,((#8257,#8258,#8259,#8260,#8261,
#8262),(#8263,#8264,#8265,#8266,#8267,#8268),(#8269,#8270,#8271,#8272,#8273,
#8274),(#8275,#8276,#8277,#8278,#8279,#8280),(#8281,#8282,#8283,#8284,#8285,
#8286)),.UNSPECIFIED.,.F.,.F.,.F.,(4,1,4),(4,1,1,4),(-0.00270000000000001,
0.,1.66073472379046E-5),(-0.00635044157926148,-0.0063,0.0021,0.00215043860795048),
 .UNSPECIFIED.);
#17=B_SPLINE_SURFACE_WITH_KNOTS('',3,3,((#8318,#8319,#8320,#8321,#8322,
#8323),(#8324,#8325,#8326,#8327,#8328,#8329),(#8330,#8331,#8332,#8333,#8334,
#8335),(#8336,#8337,#8338,#8339,#8340,#8341),(#8342,#8343,#8344,#8345,#8346,
#8347)),.UNSPECIFIED.,.F.,.F.,.F.,(4,1,4),(4,1,1,4),(-0.00186660734723725,
-0.00184999999999999,0.00084999999999999),(-0.00635043971651837,-0.0063,
0.0021,0.00215043859684067),.UNSPECIFIED.);
#18=B_SPLINE_SURFACE_WITH_KNOTS('',3,3,((#8409,#8410,#8411,#8412,#8413,
#8414),(#8415,#8416,#8417,#8418,#8419,#8420),(#8421,#8422,#8423,#8424,#8425,
#8426),(#8427,#8428,#8429,#8430,#8431,#8432),(#8433,#8434,#8435,#8436,#8437,
#8438)),.UNSPECIFIED.,.F.,.F.,.F.,(4,1,4),(4,1,1,4),(-0.00200000000000003,
0.000999999999999989,0.00101847124995308),(-0.00302762268537825,-0.003,
0.0016,0.00162761882688604),.UNSPECIFIED.);
#19=B_SPLINE_SURFACE_WITH_KNOTS('',3,3,((#8468,#8469,#8470,#8471,#8472,
#8473),(#8474,#8475,#8476,#8477,#8478,#8479),(#8480,#8481,#8482,#8483,#8484,
#8485),(#8486,#8487,#8488,#8489,#8490,#8491),(#8492,#8493,#8494,#8495,#8496,
#8497)),.UNSPECIFIED.,.F.,.F.,.F.,(4,1,4),(4,1,1,4),(-0.00101847124995417,
-0.00100000000000001,0.002),(-0.00302762175381963,-0.003,0.0016,0.00162761882133002),
 .UNSPECIFIED.);
#20=B_SPLINE_SURFACE_WITH_KNOTS('',3,3,((#8570,#8571,#8572,#8573,#8574,
#8575),(#8576,#8577,#8578,#8579,#8580,#8581),(#8582,#8583,#8584,#8585,#8586,
#8587),(#8588,#8589,#8590,#8591,#8592,#8593),(#8594,#8595,#8596,#8597,#8598,
#8599)),.UNSPECIFIED.,.F.,.F.,.F.,(4,1,4),(4,1,1,4),(-0.00200000000000003,
0.000999999999999989,0.00101847124995308),(-0.00302762268537825,-0.003,
0.0016,0.00162761882688604),.UNSPECIFIED.);
#21=B_SPLINE_SURFACE_WITH_KNOTS('',3,3,((#8629,#8630,#8631,#8632,#8633,
#8634),(#8635,#8636,#8637,#8638,#8639,#8640),(#8641,#8642,#8643,#8644,#8645,
#8646),(#8647,#8648,#8649,#8650,#8651,#8652),(#8653,#8654,#8655,#8656,#8657,
#8658)),.UNSPECIFIED.,.F.,.F.,.F.,(4,1,4),(4,1,1,4),(-0.00101847124995417,
-0.00100000000000001,0.002),(-0.00302762175381963,-0.003,0.0016,0.00162761882133002),
 .UNSPECIFIED.);
#22=B_SPLINE_SURFACE_WITH_KNOTS('',3,3,((#8740,#8741,#8742,#8743,#8744,
#8745),(#8746,#8747,#8748,#8749,#8750,#8751),(#8752,#8753,#8754,#8755,#8756,
#8757),(#8758,#8759,#8760,#8761,#8762,#8763),(#8764,#8765,#8766,#8767,#8768,
#8769)),.UNSPECIFIED.,.F.,.F.,.F.,(4,1,4),(4,1,1,4),(-0.00179999999999999,
0.000999999999999963,0.00101733310045874),(-0.00443963284823858,-0.0044,
0.0022,0.00223962790220494),.UNSPECIFIED.);
#23=B_SPLINE_SURFACE_WITH_KNOTS('',3,3,((#8801,#8802,#8803,#8804,#8805,
#8806),(#8807,#8808,#8809,#8810,#8811,#8812),(#8813,#8814,#8815,#8816,#8817,
#8818),(#8819,#8820,#8821,#8822,#8823,#8824),(#8825,#8826,#8827,#8828,#8829,
#8830)),.UNSPECIFIED.,.F.,.F.,.F.,(4,1,4),(4,1,1,4),(-0.00101733310045875,
-0.000999999999999962,0.00180000000000002),(-0.00443963045554539,-0.0044,
0.0022,0.0022396278879344),.UNSPECIFIED.);
#24=B_SPLINE_SURFACE_WITH_KNOTS('',3,3,((#8901,#8902,#8903,#8904,#8905,
#8906),(#8907,#8908,#8909,#8910,#8911,#8912),(#8913,#8914,#8915,#8916,#8917,
#8918),(#8919,#8920,#8921,#8922,#8923,#8924),(#8925,#8926,#8927,#8928,#8929,
#8930)),.UNSPECIFIED.,.F.,.F.,.F.,(4,1,4),(4,1,1,4),(-0.00179999999999999,
0.000999999999999963,0.00101733310045874),(-0.00443963284823858,-0.0044,
0.0022,0.00223962790220494),.UNSPECIFIED.);
#25=B_SPLINE_SURFACE_WITH_KNOTS('',3,3,((#8962,#8963,#8964,#8965,#8966,
#8967),(#8968,#8969,#8970,#8971,#8972,#8973),(#8974,#8975,#8976,#8977,#8978,
#8979),(#8980,#8981,#8982,#8983,#8984,#8985),(#8986,#8987,#8988,#8989,#8990,
#8991)),.UNSPECIFIED.,.F.,.F.,.F.,(4,1,4),(4,1,1,4),(-0.00101733310045875,
-0.000999999999999962,0.00180000000000002),(-0.00443963045554539,-0.0044,
0.0022,0.0022396278879344),.UNSPECIFIED.);
#26=B_SPLINE_SURFACE_WITH_KNOTS('',3,3,((#9062,#9063,#9064,#9065,#9066,
#9067),(#9068,#9069,#9070,#9071,#9072,#9073),(#9074,#9075,#9076,#9077,#9078,
#9079),(#9080,#9081,#9082,#9083,#9084,#9085),(#9086,#9087,#9088,#9089,#9090,
#9091)),.UNSPECIFIED.,.F.,.F.,.F.,(4,1,4),(4,1,1,4),(-0.00179999999999999,
0.000999999999999963,0.00101733434740474),(-0.00444203294289255,-0.0044,
0.0022,0.00264204377251997),.UNSPECIFIED.);
#27=B_SPLINE_SURFACE_WITH_KNOTS('',3,3,((#9123,#9124,#9125,#9126,#9127,
#9128),(#9129,#9130,#9131,#9132,#9133,#9134),(#9135,#9136,#9137,#9138,#9139,
#9140),(#9141,#9142,#9143,#9144,#9145,#9146),(#9147,#9148,#9149,#9150,#9151,
#9152)),.UNSPECIFIED.,.F.,.F.,.F.,(4,1,4),(4,1,1,4),(-0.00101733434740422,
-0.000999999999999962,0.00180000000000002),(-0.00444203055019936,-0.0044,
0.0022,0.00264204375824972),.UNSPECIFIED.);
#28=B_SPLINE_SURFACE_WITH_KNOTS('',3,3,((#9223,#9224,#9225,#9226,#9227,
#9228),(#9229,#9230,#9231,#9232,#9233,#9234),(#9235,#9236,#9237,#9238,#9239,
#9240),(#9241,#9242,#9243,#9244,#9245,#9246),(#9247,#9248,#9249,#9250,#9251,
#9252)),.UNSPECIFIED.,.F.,.F.,.F.,(4,1,4),(4,1,1,4),(-0.00179999999999999,
0.000999999999999963,0.00101733326643033),(-0.00443963284815276,-0.0044,
0.0022,0.00223962788781465),.UNSPECIFIED.);
#29=B_SPLINE_SURFACE_WITH_KNOTS('',3,3,((#9284,#9285,#9286,#9287,#9288,
#9289),(#9290,#9291,#9292,#9293,#9294,#9295),(#9296,#9297,#9298,#9299,#9300,
#9301),(#9302,#9303,#9304,#9305,#9306,#9307),(#9308,#9309,#9310,#9311,#9312,
#9313)),.UNSPECIFIED.,.F.,.F.,.F.,(4,1,4),(4,1,1,4),(-0.00101733326642985,
-0.000999999999999962,0.00180000000000002),(-0.00443963045545957,-0.0044,
0.0022,0.00223962787354437),.UNSPECIFIED.);
#30=B_SPLINE_SURFACE_WITH_KNOTS('',3,3,((#9384,#9385,#9386,#9387,#9388,
#9389),(#9390,#9391,#9392,#9393,#9394,#9395),(#9396,#9397,#9398,#9399,#9400,
#9401),(#9402,#9403,#9404,#9405,#9406,#9407),(#9408,#9409,#9410,#9411,#9412,
#9413)),.UNSPECIFIED.,.F.,.F.,.F.,(4,1,4),(4,1,1,4),(-0.00179999999999999,
0.000999999999999963,0.00101733434740474),(-0.00444203294289255,-0.0044,
0.0022,0.00264204377251997),.UNSPECIFIED.);
#31=B_SPLINE_SURFACE_WITH_KNOTS('',3,3,((#9445,#9446,#9447,#9448,#9449,
#9450),(#9451,#9452,#9453,#9454,#9455,#9456),(#9457,#9458,#9459,#9460,#9461,
#9462),(#9463,#9464,#9465,#9466,#9467,#9468),(#9469,#9470,#9471,#9472,#9473,
#9474)),.UNSPECIFIED.,.F.,.F.,.F.,(4,1,4),(4,1,1,4),(-0.00101733434740422,
-0.000999999999999962,0.00180000000000002),(-0.00444203055019936,-0.0044,
0.0022,0.00264204375824972),.UNSPECIFIED.);
#32=B_SPLINE_SURFACE_WITH_KNOTS('',3,3,((#9545,#9546,#9547,#9548,#9549,
#9550),(#9551,#9552,#9553,#9554,#9555,#9556),(#9557,#9558,#9559,#9560,#9561,
#9562),(#9563,#9564,#9565,#9566,#9567,#9568),(#9569,#9570,#9571,#9572,#9573,
#9574)),.UNSPECIFIED.,.F.,.F.,.F.,(4,1,4),(4,1,1,4),(-0.00179999999999999,
0.000999999999999963,0.00101733326642828),(-0.00443963284815276,-0.0044,
0.0022,0.00223962788781465),.UNSPECIFIED.);
#33=B_SPLINE_SURFACE_WITH_KNOTS('',3,3,((#9606,#9607,#9608,#9609,#9610,
#9611),(#9612,#9613,#9614,#9615,#9616,#9617),(#9618,#9619,#9620,#9621,#9622,
#9623),(#9624,#9625,#9626,#9627,#9628,#9629),(#9630,#9631,#9632,#9633,#9634,
#9635)),.UNSPECIFIED.,.F.,.F.,.F.,(4,1,4),(4,1,1,4),(-0.00101733326642758,
-0.000999999999999962,0.00180000000000002),(-0.00443963045545957,-0.0044,
0.0022,0.00223962787354437),.UNSPECIFIED.);
#34=TOROIDAL_SURFACE('',#5572,3.21720229075987,0.8);
#35=TOROIDAL_SURFACE('',#5573,3.21720229075987,0.8);
#36=ELLIPSE('',#5424,73.8270220304395,73.800000000001);
#37=ELLIPSE('',#5438,147.754080676095,147.700000000001);
#38=ELLIPSE('',#5439,147.754080676095,147.700000000001);
#39=ELLIPSE('',#5447,214.253354699525,151.500000000001);
#40=ELLIPSE('',#5448,214.253354699525,151.500000000001);
#41=ELLIPSE('',#5450,18.0306886355746,18.0212205486225);
#42=ELLIPSE('',#5453,18.0284242286559,18.0189573307655);
#43=ELLIPSE('',#5474,135.571168027093,135.500000000001);
#44=ELLIPSE('',#5477,19.5102418931988,19.500000000001);
#45=ELLIPSE('',#5480,135.571168027093,135.500000000001);
#46=ELLIPSE('',#5483,19.5102418931988,19.500000000001);
#47=ELLIPSE('',#5486,19.5102418931988,19.500000000001);
#48=ELLIPSE('',#5490,19.5102418931988,19.500000000001);
#49=ELLIPSE('',#5493,135.571168027093,135.500000000001);
#50=ELLIPSE('',#5496,21.5112923437832,21.500000000001);
#51=ELLIPSE('',#5501,21.5112923437832,21.500000000001);
#52=ELLIPSE('',#5505,73.838761626565,73.800000000001);
#53=ELLIPSE('',#5509,21.5112923437832,21.500000000001);
#54=ELLIPSE('',#5513,73.838761626565,73.800000000001);
#55=ELLIPSE('',#5516,135.571168027093,135.500000000001);
#56=ELLIPSE('',#5519,21.5112923437832,21.500000000001);
#57=ELLIPSE('',#5523,73.8270220304395,73.800000000001);
#58=ELLIPSE('',#5533,73.8387599892931,73.800000000001);
#59=ELLIPSE('',#5535,73.8387599892931,73.800000000001);
#60=ELLIPSE('',#5537,135.571165020991,135.500000000001);
#61=ELLIPSE('',#5543,135.571165020991,135.500000000001);
#62=ELLIPSE('',#5547,135.571162744058,135.500000000001);
#63=ELLIPSE('',#5552,135.571162744058,135.500000000001);
#64=CYLINDRICAL_SURFACE('',#5423,73.800000000001);
#65=CYLINDRICAL_SURFACE('',#5426,73.800000000001);
#66=CYLINDRICAL_SURFACE('',#5427,73.800000000001);
#67=CYLINDRICAL_SURFACE('',#5429,73.800000000001);
#68=CYLINDRICAL_SURFACE('',#5430,73.800000000001);
#69=CYLINDRICAL_SURFACE('',#5432,73.800000000001);
#70=CYLINDRICAL_SURFACE('',#5434,73.800000000001);
#71=CYLINDRICAL_SURFACE('',#5436,147.700000000001);
#72=CYLINDRICAL_SURFACE('',#5440,73.800000000001);
#73=CYLINDRICAL_SURFACE('',#5442,73.800000000001);
#74=CYLINDRICAL_SURFACE('',#5444,151.500000000001);
#75=CYLINDRICAL_SURFACE('',#5454,39.250000000001);
#76=CYLINDRICAL_SURFACE('',#5460,145.500000000001);
#77=CYLINDRICAL_SURFACE('',#5464,148.800000000001);
#78=CYLINDRICAL_SURFACE('',#5471,72.500000000001);
#79=CYLINDRICAL_SURFACE('',#5473,135.500000000001);
#80=CYLINDRICAL_SURFACE('',#5476,19.500000000001);
#81=CYLINDRICAL_SURFACE('',#5479,135.500000000001);
#82=CYLINDRICAL_SURFACE('',#5482,19.500000000001);
#83=CYLINDRICAL_SURFACE('',#5485,19.500000000001);
#84=CYLINDRICAL_SURFACE('',#5489,19.500000000001);
#85=CYLINDRICAL_SURFACE('',#5492,135.500000000001);
#86=CYLINDRICAL_SURFACE('',#5495,21.500000000001);
#87=CYLINDRICAL_SURFACE('',#5500,21.500000000001);
#88=CYLINDRICAL_SURFACE('',#5503,73.800000000001);
#89=CYLINDRICAL_SURFACE('',#5508,21.500000000001);
#90=CYLINDRICAL_SURFACE('',#5511,73.800000000001);
#91=CYLINDRICAL_SURFACE('',#5515,135.500000000001);
#92=CYLINDRICAL_SURFACE('',#5518,21.500000000001);
#93=CYLINDRICAL_SURFACE('',#5527,73.800000000001);
#94=CYLINDRICAL_SURFACE('',#5532,73.800000000001);
#95=CYLINDRICAL_SURFACE('',#5534,73.800000000001);
#96=CYLINDRICAL_SURFACE('',#5536,135.500000000001);
#97=CYLINDRICAL_SURFACE('',#5542,135.500000000001);
#98=CYLINDRICAL_SURFACE('',#5546,135.500000000001);
#99=CYLINDRICAL_SURFACE('',#5551,135.500000000001);
#100=CYLINDRICAL_SURFACE('',#5744,0.55);
#101=CYLINDRICAL_SURFACE('',#5745,0.55);
#102=CYLINDRICAL_SURFACE('',#5746,0.55);
#103=CYLINDRICAL_SURFACE('',#5747,0.55);
#104=B_SPLINE_CURVE_WITH_KNOTS('',3,(#7031,#7032,#7033,#7034),
 .UNSPECIFIED.,.F.,.F.,(4,4),(0.,0.00205000069972484),.UNSPECIFIED.);
#105=B_SPLINE_CURVE_WITH_KNOTS('',3,(#7054,#7055,#7056,#7057),
 .UNSPECIFIED.,.F.,.F.,(4,4),(3.10316769155909E-17,0.00205000122202192),
 .UNSPECIFIED.);
#106=B_SPLINE_CURVE_WITH_KNOTS('',3,(#7061,#7062,#7063,#7064),
 .UNSPECIFIED.,.F.,.F.,(4,4),(0.,0.00205000122202192),.UNSPECIFIED.);
#107=B_SPLINE_CURVE_WITH_KNOTS('',3,(#7084,#7085,#7086,#7087),
 .UNSPECIFIED.,.F.,.F.,(4,4),(0.,0.00205000069972484),.UNSPECIFIED.);
#108=B_SPLINE_CURVE_WITH_KNOTS('',3,(#7210,#7211,#7212,#7213),
 .UNSPECIFIED.,.F.,.F.,(4,4),(0.,0.00215000070809386),.UNSPECIFIED.);
#109=B_SPLINE_CURVE_WITH_KNOTS('',3,(#7234,#7235,#7236,#7237),
 .UNSPECIFIED.,.F.,.F.,(4,4),(0.,0.00215000006039996),.UNSPECIFIED.);
#110=B_SPLINE_CURVE_WITH_KNOTS('',3,(#7245,#7246,#7247,#7248),
 .UNSPECIFIED.,.F.,.F.,(4,4),(0.,0.00215000070809386),.UNSPECIFIED.);
#111=B_SPLINE_CURVE_WITH_KNOTS('',3,(#7252,#7253,#7254,#7255),
 .UNSPECIFIED.,.F.,.F.,(4,4),(0.,0.00215000006039996),.UNSPECIFIED.);
#112=B_SPLINE_CURVE_WITH_KNOTS('',3,(#7270,#7271,#7272,#7273),
 .UNSPECIFIED.,.F.,.F.,(4,4),(0.,0.00215000070809384),.UNSPECIFIED.);
#113=B_SPLINE_CURVE_WITH_KNOTS('',3,(#7294,#7295,#7296,#7297),
 .UNSPECIFIED.,.F.,.F.,(4,4),(0.,0.00215000006039996),.UNSPECIFIED.);
#114=B_SPLINE_CURVE_WITH_KNOTS('',3,(#7300,#7301,#7302,#7303),
 .UNSPECIFIED.,.F.,.F.,(4,4),(0.,0.00215000070809385),.UNSPECIFIED.);
#115=B_SPLINE_CURVE_WITH_KNOTS('',3,(#7324,#7325,#7326,#7327),
 .UNSPECIFIED.,.F.,.F.,(4,4),(0.,0.00215000006039996),.UNSPECIFIED.);
#116=B_SPLINE_CURVE_WITH_KNOTS('',3,(#7335,#7336,#7337,#7338),
 .UNSPECIFIED.,.F.,.F.,(4,4),(0.,0.00215000070809384),.UNSPECIFIED.);
#117=B_SPLINE_CURVE_WITH_KNOTS('',3,(#7342,#7343,#7344,#7345),
 .UNSPECIFIED.,.F.,.F.,(4,4),(0.,0.00215000006039996),.UNSPECIFIED.);
#118=B_SPLINE_CURVE_WITH_KNOTS('',3,(#7365,#7366,#7367,#7368),
 .UNSPECIFIED.,.F.,.F.,(4,4),(0.,0.00215000070809385),.UNSPECIFIED.);
#119=B_SPLINE_CURVE_WITH_KNOTS('',3,(#7372,#7373,#7374,#7375),
 .UNSPECIFIED.,.F.,.F.,(4,4),(0.,0.00215000006039996),.UNSPECIFIED.);
#120=B_SPLINE_CURVE_WITH_KNOTS('',3,(#7419,#7420,#7421,#7422),
 .UNSPECIFIED.,.F.,.F.,(4,4),(0.,0.00190000066575853),.UNSPECIFIED.);
#121=B_SPLINE_CURVE_WITH_KNOTS('',3,(#7443,#7444,#7445,#7446),
 .UNSPECIFIED.,.F.,.F.,(4,4),(0.,0.00190000029594644),.UNSPECIFIED.);
#122=B_SPLINE_CURVE_WITH_KNOTS('',3,(#7449,#7450,#7451,#7452),
 .UNSPECIFIED.,.F.,.F.,(4,4),(0.,0.00190000066575859),.UNSPECIFIED.);
#123=B_SPLINE_CURVE_WITH_KNOTS('',3,(#7473,#7474,#7475,#7476),
 .UNSPECIFIED.,.F.,.F.,(4,4),(0.,0.00190000029594649),.UNSPECIFIED.);
#124=B_SPLINE_CURVE_WITH_KNOTS('',3,(#7479,#7480,#7481,#7482),
 .UNSPECIFIED.,.F.,.F.,(4,4),(0.,0.00190000066575857),.UNSPECIFIED.);
#125=B_SPLINE_CURVE_WITH_KNOTS('',3,(#7503,#7504,#7505,#7506),
 .UNSPECIFIED.,.F.,.F.,(4,4),(0.,0.00190000029594646),.UNSPECIFIED.);
#126=B_SPLINE_CURVE_WITH_KNOTS('',3,(#7521,#7522,#7523,#7524,#7525),
 .UNSPECIFIED.,.F.,.F.,(4,1,4),(0.233163181384539,0.353694018860394,0.474224856336249),
 .UNSPECIFIED.);
#127=B_SPLINE_CURVE_WITH_KNOTS('',3,(#7535,#7536,#7537,#7538,#7539),
 .UNSPECIFIED.,.F.,.F.,(4,1,4),(0.,0.114313034032676,0.228626068065352),
 .UNSPECIFIED.);
#128=B_SPLINE_CURVE_WITH_KNOTS('',3,(#7567,#7568,#7569,#7570),
 .UNSPECIFIED.,.F.,.F.,(4,4),(0.,1.),.UNSPECIFIED.);
#129=B_SPLINE_CURVE_WITH_KNOTS('',3,(#7694,#7695,#7696,#7697),
 .UNSPECIFIED.,.F.,.F.,(4,4),(0.,1.),.UNSPECIFIED.);
#130=B_SPLINE_CURVE_WITH_KNOTS('',3,(#7783,#7784,#7785,#7786),
 .UNSPECIFIED.,.F.,.F.,(4,4),(0.,1.),.UNSPECIFIED.);
#131=B_SPLINE_CURVE_WITH_KNOTS('',3,(#7789,#7790,#7791,#7792),
 .UNSPECIFIED.,.F.,.F.,(4,4),(0.,1.),.UNSPECIFIED.);
#132=B_SPLINE_CURVE_WITH_KNOTS('',3,(#7794,#7795,#7796,#7797),
 .UNSPECIFIED.,.F.,.F.,(4,4),(0.,1.),.UNSPECIFIED.);
#133=B_SPLINE_CURVE_WITH_KNOTS('',3,(#7799,#7800,#7801,#7802),
 .UNSPECIFIED.,.F.,.F.,(4,4),(0.474224856336249,0.480122141467195),
 .UNSPECIFIED.);
#134=B_SPLINE_CURVE_WITH_KNOTS('',3,(#7927,#7928,#7929,#7930),
 .UNSPECIFIED.,.F.,.F.,(4,4),(0.,0.00840029762188138),.UNSPECIFIED.);
#135=B_SPLINE_CURVE_WITH_KNOTS('',3,(#7965,#7966,#7967,#7968),
 .UNSPECIFIED.,.F.,.F.,(4,4),(0.,0.00630014109114437),.UNSPECIFIED.);
#136=B_SPLINE_CURVE_WITH_KNOTS('',3,(#7970,#7971,#7972,#7973),
 .UNSPECIFIED.,.F.,.F.,(4,4),(0.,0.000850002478571611),.UNSPECIFIED.);
#137=B_SPLINE_CURVE_WITH_KNOTS('',3,(#7975,#7976,#7977,#7978),
 .UNSPECIFIED.,.F.,.F.,(4,4),(0.,0.000400003528440064),.UNSPECIFIED.);
#138=B_SPLINE_CURVE_WITH_KNOTS('',3,(#7980,#7981,#7982,#7983),
 .UNSPECIFIED.,.F.,.F.,(4,4),(0.,0.00220227387107227),.UNSPECIFIED.);
#139=B_SPLINE_CURVE_WITH_KNOTS('',3,(#7985,#7986,#7987,#7988),
 .UNSPECIFIED.,.F.,.F.,(4,4),(0.,0.00130000000022075),.UNSPECIFIED.);
#140=B_SPLINE_CURVE_WITH_KNOTS('',3,(#7990,#7991,#7992,#7993),
 .UNSPECIFIED.,.F.,.F.,(4,4),(0.,0.00630014109114437),.UNSPECIFIED.);
#141=B_SPLINE_CURVE_WITH_KNOTS('',3,(#8026,#8027,#8028,#8029),
 .UNSPECIFIED.,.F.,.F.,(4,4),(0.,0.00840029762188138),.UNSPECIFIED.);
#142=B_SPLINE_CURVE_WITH_KNOTS('',3,(#8031,#8032,#8033,#8034),
 .UNSPECIFIED.,.F.,.F.,(4,4),(0.,0.00130000000022084),.UNSPECIFIED.);
#143=B_SPLINE_CURVE_WITH_KNOTS('',3,(#8036,#8037,#8038,#8039),
 .UNSPECIFIED.,.F.,.F.,(4,4),(0.,0.00220227403212729),.UNSPECIFIED.);
#144=B_SPLINE_CURVE_WITH_KNOTS('',3,(#8041,#8042,#8043,#8044),
 .UNSPECIFIED.,.F.,.F.,(4,4),(0.,0.000400003528440055),.UNSPECIFIED.);
#145=B_SPLINE_CURVE_WITH_KNOTS('',3,(#8046,#8047,#8048,#8049),
 .UNSPECIFIED.,.F.,.F.,(4,4),(0.,0.000850002478571618),.UNSPECIFIED.);
#146=B_SPLINE_CURVE_WITH_KNOTS('',3,(#8088,#8089,#8090,#8091),
 .UNSPECIFIED.,.F.,.F.,(4,4),(0.,0.00840029762188137),.UNSPECIFIED.);
#147=B_SPLINE_CURVE_WITH_KNOTS('',3,(#8126,#8127,#8128,#8129),
 .UNSPECIFIED.,.F.,.F.,(4,4),(0.,0.00630014109114437),.UNSPECIFIED.);
#148=B_SPLINE_CURVE_WITH_KNOTS('',3,(#8131,#8132,#8133,#8134),
 .UNSPECIFIED.,.F.,.F.,(4,4),(0.,0.00085000247857159),.UNSPECIFIED.);
#149=B_SPLINE_CURVE_WITH_KNOTS('',3,(#8136,#8137,#8138,#8139),
 .UNSPECIFIED.,.F.,.F.,(4,4),(0.,0.000400003528440054),.UNSPECIFIED.);
#150=B_SPLINE_CURVE_WITH_KNOTS('',3,(#8141,#8142,#8143,#8144),
 .UNSPECIFIED.,.F.,.F.,(4,4),(0.,0.00220227387107226),.UNSPECIFIED.);
#151=B_SPLINE_CURVE_WITH_KNOTS('',3,(#8146,#8147,#8148,#8149),
 .UNSPECIFIED.,.F.,.F.,(4,4),(0.,0.00130000000022082),.UNSPECIFIED.);
#152=B_SPLINE_CURVE_WITH_KNOTS('',3,(#8151,#8152,#8153,#8154),
 .UNSPECIFIED.,.F.,.F.,(4,4),(0.,0.00630014109114437),.UNSPECIFIED.);
#153=B_SPLINE_CURVE_WITH_KNOTS('',3,(#8187,#8188,#8189,#8190),
 .UNSPECIFIED.,.F.,.F.,(4,4),(0.,0.00840029762188137),.UNSPECIFIED.);
#154=B_SPLINE_CURVE_WITH_KNOTS('',3,(#8192,#8193,#8194,#8195),
 .UNSPECIFIED.,.F.,.F.,(4,4),(0.,0.00130000000022079),.UNSPECIFIED.);
#155=B_SPLINE_CURVE_WITH_KNOTS('',3,(#8197,#8198,#8199,#8200),
 .UNSPECIFIED.,.F.,.F.,(4,4),(0.,0.00220227403212727),.UNSPECIFIED.);
#156=B_SPLINE_CURVE_WITH_KNOTS('',3,(#8202,#8203,#8204,#8205),
 .UNSPECIFIED.,.F.,.F.,(4,4),(0.,0.000400003528440061),.UNSPECIFIED.);
#157=B_SPLINE_CURVE_WITH_KNOTS('',3,(#8207,#8208,#8209,#8210),
 .UNSPECIFIED.,.F.,.F.,(4,4),(0.,0.000850002478571618),.UNSPECIFIED.);
#158=B_SPLINE_CURVE_WITH_KNOTS('',3,(#8249,#8250,#8251,#8252),
 .UNSPECIFIED.,.F.,.F.,(4,4),(0.,0.00840029762188138),.UNSPECIFIED.);
#159=B_SPLINE_CURVE_WITH_KNOTS('',3,(#8287,#8288,#8289,#8290),
 .UNSPECIFIED.,.F.,.F.,(4,4),(0.,0.00630014109114437),.UNSPECIFIED.);
#160=B_SPLINE_CURVE_WITH_KNOTS('',3,(#8292,#8293,#8294,#8295),
 .UNSPECIFIED.,.F.,.F.,(4,4),(0.,0.000850002478571618),.UNSPECIFIED.);
#161=B_SPLINE_CURVE_WITH_KNOTS('',3,(#8297,#8298,#8299,#8300),
 .UNSPECIFIED.,.F.,.F.,(4,4),(0.,0.00040000352844006),.UNSPECIFIED.);
#162=B_SPLINE_CURVE_WITH_KNOTS('',3,(#8302,#8303,#8304,#8305),
 .UNSPECIFIED.,.F.,.F.,(4,4),(0.,0.00220227387107227),.UNSPECIFIED.);
#163=B_SPLINE_CURVE_WITH_KNOTS('',3,(#8307,#8308,#8309,#8310),
 .UNSPECIFIED.,.F.,.F.,(4,4),(0.,0.00130000000022082),.UNSPECIFIED.);
#164=B_SPLINE_CURVE_WITH_KNOTS('',3,(#8312,#8313,#8314,#8315),
 .UNSPECIFIED.,.F.,.F.,(4,4),(0.,0.00630014109114437),.UNSPECIFIED.);
#165=B_SPLINE_CURVE_WITH_KNOTS('',3,(#8348,#8349,#8350,#8351),
 .UNSPECIFIED.,.F.,.F.,(4,4),(0.,0.00840029762188138),.UNSPECIFIED.);
#166=B_SPLINE_CURVE_WITH_KNOTS('',3,(#8353,#8354,#8355,#8356),
 .UNSPECIFIED.,.F.,.F.,(4,4),(0.,0.00130000000022083),.UNSPECIFIED.);
#167=B_SPLINE_CURVE_WITH_KNOTS('',3,(#8358,#8359,#8360,#8361),
 .UNSPECIFIED.,.F.,.F.,(4,4),(0.,0.00220227403212726),.UNSPECIFIED.);
#168=B_SPLINE_CURVE_WITH_KNOTS('',3,(#8363,#8364,#8365,#8366),
 .UNSPECIFIED.,.F.,.F.,(4,4),(0.,0.00040000352844006),.UNSPECIFIED.);
#169=B_SPLINE_CURVE_WITH_KNOTS('',3,(#8368,#8369,#8370,#8371),
 .UNSPECIFIED.,.F.,.F.,(4,4),(0.,0.000850002478571632),.UNSPECIFIED.);
#170=B_SPLINE_CURVE_WITH_KNOTS('',3,(#8439,#8440,#8441,#8442),
 .UNSPECIFIED.,.F.,.F.,(4,4),(0.,0.00215406708314354),.UNSPECIFIED.);
#171=B_SPLINE_CURVE_WITH_KNOTS('',3,(#8445,#8446,#8447,#8448),
 .UNSPECIFIED.,.F.,.F.,(4,4),(0.,0.00100000000590805),.UNSPECIFIED.);
#172=B_SPLINE_CURVE_WITH_KNOTS('',3,(#8450,#8451,#8452,#8453),
 .UNSPECIFIED.,.F.,.F.,(4,4),(0.,0.00460054349371678),.UNSPECIFIED.);
#173=B_SPLINE_CURVE_WITH_KNOTS('',3,(#8454,#8455,#8456,#8457),
 .UNSPECIFIED.,.F.,.F.,(4,4),(0.,0.00300024599068447),.UNSPECIFIED.);
#174=B_SPLINE_CURVE_WITH_KNOTS('',3,(#8459,#8460,#8461,#8462),
 .UNSPECIFIED.,.F.,.F.,(4,4),(0.,0.0010000028691342),.UNSPECIFIED.);
#175=B_SPLINE_CURVE_WITH_KNOTS('',3,(#8464,#8465,#8466,#8467),
 .UNSPECIFIED.,.F.,.F.,(4,4),(0.,0.000800019648175803),.UNSPECIFIED.);
#176=B_SPLINE_CURVE_WITH_KNOTS('',3,(#8498,#8499,#8500,#8501),
 .UNSPECIFIED.,.F.,.F.,(4,4),(0.,0.00215406773282407),.UNSPECIFIED.);
#177=B_SPLINE_CURVE_WITH_KNOTS('',3,(#8504,#8505,#8506,#8507),
 .UNSPECIFIED.,.F.,.F.,(4,4),(0.,0.000800019648175805),.UNSPECIFIED.);
#178=B_SPLINE_CURVE_WITH_KNOTS('',3,(#8509,#8510,#8511,#8512),
 .UNSPECIFIED.,.F.,.F.,(4,4),(0.,0.00100000286913435),.UNSPECIFIED.);
#179=B_SPLINE_CURVE_WITH_KNOTS('',3,(#8514,#8515,#8516,#8517),
 .UNSPECIFIED.,.F.,.F.,(4,4),(0.,0.00300024599068447),.UNSPECIFIED.);
#180=B_SPLINE_CURVE_WITH_KNOTS('',3,(#8518,#8519,#8520,#8521),
 .UNSPECIFIED.,.F.,.F.,(4,4),(0.,0.00460054349371677),.UNSPECIFIED.);
#181=B_SPLINE_CURVE_WITH_KNOTS('',3,(#8523,#8524,#8525,#8526),
 .UNSPECIFIED.,.F.,.F.,(4,4),(0.,0.00100000000590809),.UNSPECIFIED.);
#182=B_SPLINE_CURVE_WITH_KNOTS('',3,(#8600,#8601,#8602,#8603),
 .UNSPECIFIED.,.F.,.F.,(4,4),(0.,0.00215406708314354),.UNSPECIFIED.);
#183=B_SPLINE_CURVE_WITH_KNOTS('',3,(#8606,#8607,#8608,#8609),
 .UNSPECIFIED.,.F.,.F.,(4,4),(0.,0.000800019648175803),.UNSPECIFIED.);
#184=B_SPLINE_CURVE_WITH_KNOTS('',3,(#8611,#8612,#8613,#8614),
 .UNSPECIFIED.,.F.,.F.,(4,4),(0.,0.0010000028691342),.UNSPECIFIED.);
#185=B_SPLINE_CURVE_WITH_KNOTS('',3,(#8616,#8617,#8618,#8619),
 .UNSPECIFIED.,.F.,.F.,(4,4),(0.,0.00300024599068447),.UNSPECIFIED.);
#186=B_SPLINE_CURVE_WITH_KNOTS('',3,(#8620,#8621,#8622,#8623),
 .UNSPECIFIED.,.F.,.F.,(4,4),(0.,0.00460054349371678),.UNSPECIFIED.);
#187=B_SPLINE_CURVE_WITH_KNOTS('',3,(#8625,#8626,#8627,#8628),
 .UNSPECIFIED.,.F.,.F.,(4,4),(0.,0.00100000000590805),.UNSPECIFIED.);
#188=B_SPLINE_CURVE_WITH_KNOTS('',3,(#8659,#8660,#8661,#8662),
 .UNSPECIFIED.,.F.,.F.,(4,4),(0.,0.00215406773282407),.UNSPECIFIED.);
#189=B_SPLINE_CURVE_WITH_KNOTS('',3,(#8665,#8666,#8667,#8668),
 .UNSPECIFIED.,.F.,.F.,(4,4),(0.,0.00100000000590809),.UNSPECIFIED.);
#190=B_SPLINE_CURVE_WITH_KNOTS('',3,(#8670,#8671,#8672,#8673),
 .UNSPECIFIED.,.F.,.F.,(4,4),(0.,0.00460054349371677),.UNSPECIFIED.);
#191=B_SPLINE_CURVE_WITH_KNOTS('',3,(#8674,#8675,#8676,#8677),
 .UNSPECIFIED.,.F.,.F.,(4,4),(0.,0.00300024599068447),.UNSPECIFIED.);
#192=B_SPLINE_CURVE_WITH_KNOTS('',3,(#8679,#8680,#8681,#8682),
 .UNSPECIFIED.,.F.,.F.,(4,4),(0.,0.00100000286913435),.UNSPECIFIED.);
#193=B_SPLINE_CURVE_WITH_KNOTS('',3,(#8684,#8685,#8686,#8687),
 .UNSPECIFIED.,.F.,.F.,(4,4),(0.,0.000800019648175805),.UNSPECIFIED.);
#194=B_SPLINE_CURVE_WITH_KNOTS('',3,(#8732,#8733,#8734,#8735),
 .UNSPECIFIED.,.F.,.F.,(4,4),(0.,0.00660037879005602),.UNSPECIFIED.);
#195=B_SPLINE_CURVE_WITH_KNOTS('',3,(#8770,#8771,#8772,#8773),
 .UNSPECIFIED.,.F.,.F.,(4,4),(0.,0.00440471848668931),.UNSPECIFIED.);
#196=B_SPLINE_CURVE_WITH_KNOTS('',3,(#8775,#8776,#8777,#8778),
 .UNSPECIFIED.,.F.,.F.,(4,4),(0.,0.00090000412908372),.UNSPECIFIED.);
#197=B_SPLINE_CURVE_WITH_KNOTS('',3,(#8780,#8781,#8782,#8783),
 .UNSPECIFIED.,.F.,.F.,(4,4),(0.,0.000400007387400861),.UNSPECIFIED.);
#198=B_SPLINE_CURVE_WITH_KNOTS('',3,(#8785,#8786,#8787,#8788),
 .UNSPECIFIED.,.F.,.F.,(4,4),(0.,0.00254558992850802),.UNSPECIFIED.);
#199=B_SPLINE_CURVE_WITH_KNOTS('',3,(#8790,#8791,#8792,#8793),
 .UNSPECIFIED.,.F.,.F.,(4,4),(0.,0.00100000005199497),.UNSPECIFIED.);
#200=B_SPLINE_CURVE_WITH_KNOTS('',3,(#8795,#8796,#8797,#8798),
 .UNSPECIFIED.,.F.,.F.,(4,4),(0.,0.00440471848668931),.UNSPECIFIED.);
#201=B_SPLINE_CURVE_WITH_KNOTS('',3,(#8831,#8832,#8833,#8834),
 .UNSPECIFIED.,.F.,.F.,(4,4),(0.,0.00660037879005602),.UNSPECIFIED.);
#202=B_SPLINE_CURVE_WITH_KNOTS('',3,(#8836,#8837,#8838,#8839),
 .UNSPECIFIED.,.F.,.F.,(4,4),(0.,0.00100000005199531),.UNSPECIFIED.);
#203=B_SPLINE_CURVE_WITH_KNOTS('',3,(#8841,#8842,#8843,#8844),
 .UNSPECIFIED.,.F.,.F.,(4,4),(0.,0.00254559031525201),.UNSPECIFIED.);
#204=B_SPLINE_CURVE_WITH_KNOTS('',3,(#8846,#8847,#8848,#8849),
 .UNSPECIFIED.,.F.,.F.,(4,4),(0.,0.00040000738740086),.UNSPECIFIED.);
#205=B_SPLINE_CURVE_WITH_KNOTS('',3,(#8851,#8852,#8853,#8854),
 .UNSPECIFIED.,.F.,.F.,(4,4),(0.,0.000900004129083725),.UNSPECIFIED.);
#206=B_SPLINE_CURVE_WITH_KNOTS('',3,(#8897,#8898,#8899,#8900),
 .UNSPECIFIED.,.F.,.F.,(4,4),(0.,0.00660037879005602),.UNSPECIFIED.);
#207=B_SPLINE_CURVE_WITH_KNOTS('',3,(#8931,#8932,#8933,#8934),
 .UNSPECIFIED.,.F.,.F.,(4,4),(0.,0.00100000005199497),.UNSPECIFIED.);
#208=B_SPLINE_CURVE_WITH_KNOTS('',3,(#8936,#8937,#8938,#8939),
 .UNSPECIFIED.,.F.,.F.,(4,4),(0.,0.00254558992850802),.UNSPECIFIED.);
#209=B_SPLINE_CURVE_WITH_KNOTS('',3,(#8941,#8942,#8943,#8944),
 .UNSPECIFIED.,.F.,.F.,(4,4),(0.,0.000400007387400861),.UNSPECIFIED.);
#210=B_SPLINE_CURVE_WITH_KNOTS('',3,(#8946,#8947,#8948,#8949),
 .UNSPECIFIED.,.F.,.F.,(4,4),(0.,0.00090000412908372),.UNSPECIFIED.);
#211=B_SPLINE_CURVE_WITH_KNOTS('',3,(#8951,#8952,#8953,#8954),
 .UNSPECIFIED.,.F.,.F.,(4,4),(0.,0.00440471848668931),.UNSPECIFIED.);
#212=B_SPLINE_CURVE_WITH_KNOTS('',3,(#8958,#8959,#8960,#8961),
 .UNSPECIFIED.,.F.,.F.,(4,4),(0.,0.00440471848668931),.UNSPECIFIED.);
#213=B_SPLINE_CURVE_WITH_KNOTS('',3,(#8992,#8993,#8994,#8995),
 .UNSPECIFIED.,.F.,.F.,(4,4),(0.,0.000900004129083725),.UNSPECIFIED.);
#214=B_SPLINE_CURVE_WITH_KNOTS('',3,(#8997,#8998,#8999,#9000),
 .UNSPECIFIED.,.F.,.F.,(4,4),(0.,0.00040000738740086),.UNSPECIFIED.);
#215=B_SPLINE_CURVE_WITH_KNOTS('',3,(#9002,#9003,#9004,#9005),
 .UNSPECIFIED.,.F.,.F.,(4,4),(0.,0.00254559031525201),.UNSPECIFIED.);
#216=B_SPLINE_CURVE_WITH_KNOTS('',3,(#9007,#9008,#9009,#9010),
 .UNSPECIFIED.,.F.,.F.,(4,4),(0.,0.00100000005199531),.UNSPECIFIED.);
#217=B_SPLINE_CURVE_WITH_KNOTS('',3,(#9012,#9013,#9014,#9015),
 .UNSPECIFIED.,.F.,.F.,(4,4),(0.,0.00660037879005602),.UNSPECIFIED.);
#218=B_SPLINE_CURVE_WITH_KNOTS('',3,(#9054,#9055,#9056,#9057),
 .UNSPECIFIED.,.F.,.F.,(4,4),(-0.00040002212846249,0.00660037879006153),
 .UNSPECIFIED.);
#219=B_SPLINE_CURVE_WITH_KNOTS('',3,(#9092,#9093,#9094,#9095),
 .UNSPECIFIED.,.F.,.F.,(4,4),(-0.000400420720280262,0.00440471848689792),
 .UNSPECIFIED.);
#220=B_SPLINE_CURVE_WITH_KNOTS('',3,(#9097,#9098,#9099,#9100),
 .UNSPECIFIED.,.F.,.F.,(4,4),(0.,0.000918185645178908),.UNSPECIFIED.);
#221=B_SPLINE_CURVE_WITH_KNOTS('',3,(#9102,#9103,#9104,#9105),
 .UNSPECIFIED.,.F.,.F.,(4,4),(0.,0.000400006120392632),.UNSPECIFIED.);
#222=B_SPLINE_CURVE_WITH_KNOTS('',3,(#9107,#9108,#9109,#9110),
 .UNSPECIFIED.,.F.,.F.,(4,4),(0.,0.00254558917536313),.UNSPECIFIED.);
#223=B_SPLINE_CURVE_WITH_KNOTS('',3,(#9112,#9113,#9114,#9115),
 .UNSPECIFIED.,.F.,.F.,(4,4),(0.,0.000996969974563511),.UNSPECIFIED.);
#224=B_SPLINE_CURVE_WITH_KNOTS('',3,(#9117,#9118,#9119,#9120),
 .UNSPECIFIED.,.F.,.F.,(4,4),(-0.000400420720280339,0.00440471848689794),
 .UNSPECIFIED.);
#225=B_SPLINE_CURVE_WITH_KNOTS('',3,(#9153,#9154,#9155,#9156),
 .UNSPECIFIED.,.F.,.F.,(4,4),(-0.000400022128461882,0.00660037879006153),
 .UNSPECIFIED.);
#226=B_SPLINE_CURVE_WITH_KNOTS('',3,(#9158,#9159,#9160,#9161),
 .UNSPECIFIED.,.F.,.F.,(4,4),(0.,0.000996969974563646),.UNSPECIFIED.);
#227=B_SPLINE_CURVE_WITH_KNOTS('',3,(#9163,#9164,#9165,#9166),
 .UNSPECIFIED.,.F.,.F.,(4,4),(0.,0.00254558999117216),.UNSPECIFIED.);
#228=B_SPLINE_CURVE_WITH_KNOTS('',3,(#9168,#9169,#9170,#9171),
 .UNSPECIFIED.,.F.,.F.,(4,4),(0.,0.000400006120392693),.UNSPECIFIED.);
#229=B_SPLINE_CURVE_WITH_KNOTS('',3,(#9173,#9174,#9175,#9176),
 .UNSPECIFIED.,.F.,.F.,(4,4),(0.,0.000918185645178945),.UNSPECIFIED.);
#230=B_SPLINE_CURVE_WITH_KNOTS('',3,(#9215,#9216,#9217,#9218),
 .UNSPECIFIED.,.F.,.F.,(4,4),(-2.46180680008035E-13,0.00660037879006153),
 .UNSPECIFIED.);
#231=B_SPLINE_CURVE_WITH_KNOTS('',3,(#9253,#9254,#9255,#9256),
 .UNSPECIFIED.,.F.,.F.,(4,4),(-1.02819662506359E-12,0.00440471848689792),
 .UNSPECIFIED.);
#232=B_SPLINE_CURVE_WITH_KNOTS('',3,(#9258,#9259,#9260,#9261),
 .UNSPECIFIED.,.F.,.F.,(4,4),(0.,0.000900004129913878),.UNSPECIFIED.);
#233=B_SPLINE_CURVE_WITH_KNOTS('',3,(#9263,#9264,#9265,#9266),
 .UNSPECIFIED.,.F.,.F.,(4,4),(0.,0.000400007387899859),.UNSPECIFIED.);
#234=B_SPLINE_CURVE_WITH_KNOTS('',3,(#9268,#9269,#9270,#9271),
 .UNSPECIFIED.,.F.,.F.,(4,4),(0.,0.00254558992925278),.UNSPECIFIED.);
#235=B_SPLINE_CURVE_WITH_KNOTS('',3,(#9273,#9274,#9275,#9276),
 .UNSPECIFIED.,.F.,.F.,(4,4),(0.,0.00100000005223361),.UNSPECIFIED.);
#236=B_SPLINE_CURVE_WITH_KNOTS('',3,(#9278,#9279,#9280,#9281),
 .UNSPECIFIED.,.F.,.F.,(4,4),(-1.02823392161833E-12,0.00440471848689794),
 .UNSPECIFIED.);
#237=B_SPLINE_CURVE_WITH_KNOTS('',3,(#9314,#9315,#9316,#9317),
 .UNSPECIFIED.,.F.,.F.,(4,4),(-2.45927844061411E-13,0.00660037879006153),
 .UNSPECIFIED.);
#238=B_SPLINE_CURVE_WITH_KNOTS('',3,(#9319,#9320,#9321,#9322),
 .UNSPECIFIED.,.F.,.F.,(4,4),(0.,0.00100000005223371),.UNSPECIFIED.);
#239=B_SPLINE_CURVE_WITH_KNOTS('',3,(#9324,#9325,#9326,#9327),
 .UNSPECIFIED.,.F.,.F.,(4,4),(0.,0.00254559031578983),.UNSPECIFIED.);
#240=B_SPLINE_CURVE_WITH_KNOTS('',3,(#9329,#9330,#9331,#9332),
 .UNSPECIFIED.,.F.,.F.,(4,4),(0.,0.000400007387899916),.UNSPECIFIED.);
#241=B_SPLINE_CURVE_WITH_KNOTS('',3,(#9334,#9335,#9336,#9337),
 .UNSPECIFIED.,.F.,.F.,(4,4),(0.,0.000900004129913926),.UNSPECIFIED.);
#242=B_SPLINE_CURVE_WITH_KNOTS('',3,(#9380,#9381,#9382,#9383),
 .UNSPECIFIED.,.F.,.F.,(4,4),(-0.00040002212846249,0.00660037879006153),
 .UNSPECIFIED.);
#243=B_SPLINE_CURVE_WITH_KNOTS('',3,(#9414,#9415,#9416,#9417),
 .UNSPECIFIED.,.F.,.F.,(4,4),(0.,0.000996969974563511),.UNSPECIFIED.);
#244=B_SPLINE_CURVE_WITH_KNOTS('',3,(#9419,#9420,#9421,#9422),
 .UNSPECIFIED.,.F.,.F.,(4,4),(0.,0.00254558917536313),.UNSPECIFIED.);
#245=B_SPLINE_CURVE_WITH_KNOTS('',3,(#9424,#9425,#9426,#9427),
 .UNSPECIFIED.,.F.,.F.,(4,4),(0.,0.000400006120392632),.UNSPECIFIED.);
#246=B_SPLINE_CURVE_WITH_KNOTS('',3,(#9429,#9430,#9431,#9432),
 .UNSPECIFIED.,.F.,.F.,(4,4),(0.,0.000918185645178908),.UNSPECIFIED.);
#247=B_SPLINE_CURVE_WITH_KNOTS('',3,(#9434,#9435,#9436,#9437),
 .UNSPECIFIED.,.F.,.F.,(4,4),(-0.000400420720280262,0.00440471848689792),
 .UNSPECIFIED.);
#248=B_SPLINE_CURVE_WITH_KNOTS('',3,(#9441,#9442,#9443,#9444),
 .UNSPECIFIED.,.F.,.F.,(4,4),(-0.000400420720280339,0.00440471848689794),
 .UNSPECIFIED.);
#249=B_SPLINE_CURVE_WITH_KNOTS('',3,(#9475,#9476,#9477,#9478),
 .UNSPECIFIED.,.F.,.F.,(4,4),(0.,0.000918185645178945),.UNSPECIFIED.);
#250=B_SPLINE_CURVE_WITH_KNOTS('',3,(#9480,#9481,#9482,#9483),
 .UNSPECIFIED.,.F.,.F.,(4,4),(0.,0.000400006120392693),.UNSPECIFIED.);
#251=B_SPLINE_CURVE_WITH_KNOTS('',3,(#9485,#9486,#9487,#9488),
 .UNSPECIFIED.,.F.,.F.,(4,4),(0.,0.00254558999117216),.UNSPECIFIED.);
#252=B_SPLINE_CURVE_WITH_KNOTS('',3,(#9490,#9491,#9492,#9493),
 .UNSPECIFIED.,.F.,.F.,(4,4),(0.,0.000996969974563646),.UNSPECIFIED.);
#253=B_SPLINE_CURVE_WITH_KNOTS('',3,(#9495,#9496,#9497,#9498),
 .UNSPECIFIED.,.F.,.F.,(4,4),(-0.000400022128461882,0.00660037879006153),
 .UNSPECIFIED.);
#254=B_SPLINE_CURVE_WITH_KNOTS('',3,(#9541,#9542,#9543,#9544),
 .UNSPECIFIED.,.F.,.F.,(4,4),(-2.46180680008035E-13,0.00660037879006153),
 .UNSPECIFIED.);
#255=B_SPLINE_CURVE_WITH_KNOTS('',3,(#9575,#9576,#9577,#9578),
 .UNSPECIFIED.,.F.,.F.,(4,4),(0.,0.00100000005223361),.UNSPECIFIED.);
#256=B_SPLINE_CURVE_WITH_KNOTS('',3,(#9580,#9581,#9582,#9583),
 .UNSPECIFIED.,.F.,.F.,(4,4),(0.,0.00254558992925278),.UNSPECIFIED.);
#257=B_SPLINE_CURVE_WITH_KNOTS('',3,(#9585,#9586,#9587,#9588),
 .UNSPECIFIED.,.F.,.F.,(4,4),(0.,0.000400007387899859),.UNSPECIFIED.);
#258=B_SPLINE_CURVE_WITH_KNOTS('',3,(#9590,#9591,#9592,#9593),
 .UNSPECIFIED.,.F.,.F.,(4,4),(0.,0.000900004129913878),.UNSPECIFIED.);
#259=B_SPLINE_CURVE_WITH_KNOTS('',3,(#9595,#9596,#9597,#9598),
 .UNSPECIFIED.,.F.,.F.,(4,4),(-1.02819662506359E-12,0.00440471848689792),
 .UNSPECIFIED.);
#260=B_SPLINE_CURVE_WITH_KNOTS('',3,(#9602,#9603,#9604,#9605),
 .UNSPECIFIED.,.F.,.F.,(4,4),(-1.02823392161833E-12,0.00440471848689794),
 .UNSPECIFIED.);
#261=B_SPLINE_CURVE_WITH_KNOTS('',3,(#9636,#9637,#9638,#9639),
 .UNSPECIFIED.,.F.,.F.,(4,4),(0.,0.000900004129913926),.UNSPECIFIED.);
#262=B_SPLINE_CURVE_WITH_KNOTS('',3,(#9641,#9642,#9643,#9644),
 .UNSPECIFIED.,.F.,.F.,(4,4),(0.,0.000400007387899916),.UNSPECIFIED.);
#263=B_SPLINE_CURVE_WITH_KNOTS('',3,(#9646,#9647,#9648,#9649),
 .UNSPECIFIED.,.F.,.F.,(4,4),(0.,0.00254559031578983),.UNSPECIFIED.);
#264=B_SPLINE_CURVE_WITH_KNOTS('',3,(#9651,#9652,#9653,#9654),
 .UNSPECIFIED.,.F.,.F.,(4,4),(0.,0.00100000005223371),.UNSPECIFIED.);
#265=B_SPLINE_CURVE_WITH_KNOTS('',3,(#9656,#9657,#9658,#9659),
 .UNSPECIFIED.,.F.,.F.,(4,4),(-2.45927844061411E-13,0.00660037879006153),
 .UNSPECIFIED.);
#266=B_SPLINE_CURVE_WITH_KNOTS('',3,(#9698,#9699,#9700,#9701),
 .UNSPECIFIED.,.F.,.F.,(4,4),(0.,0.00090764538915294),.UNSPECIFIED.);
#267=B_SPLINE_CURVE_WITH_KNOTS('',3,(#9703,#9704,#9705,#9706),
 .UNSPECIFIED.,.F.,.F.,(4,4),(0.,0.000907645389151627),.UNSPECIFIED.);
#268=CIRCLE('',#5379,18.000000000001);
#269=CIRCLE('',#5380,18.0453831688144);
#270=CIRCLE('',#5382,18.000000000001);
#271=CIRCLE('',#5383,18.0453831688144);
#272=CIRCLE('',#5385,4.10000000000001);
#273=CIRCLE('',#5386,73.800000000001);
#274=CIRCLE('',#5387,21.500000000001);
#275=CIRCLE('',#5388,73.800000000001);
#276=CIRCLE('',#5389,19.500000000001);
#277=CIRCLE('',#5390,19.500000000001);
#278=CIRCLE('',#5391,135.500000000001);
#279=CIRCLE('',#5392,135.500000000001);
#280=CIRCLE('',#5393,19.500000000001);
#281=CIRCLE('',#5394,19.500000000001);
#282=CIRCLE('',#5395,73.800000000001);
#283=CIRCLE('',#5396,21.500000000001);
#284=CIRCLE('',#5397,73.800000000001);
#285=CIRCLE('',#5398,135.500000000001);
#286=CIRCLE('',#5399,73.800000000001);
#287=CIRCLE('',#5400,135.500000000001);
#288=CIRCLE('',#5401,73.800000000001);
#289=CIRCLE('',#5402,147.700000000001);
#290=CIRCLE('',#5403,0.55);
#291=CIRCLE('',#5404,0.55);
#292=CIRCLE('',#5405,148.800000000001);
#293=CIRCLE('',#5406,0.55);
#294=CIRCLE('',#5407,0.55);
#295=CIRCLE('',#5408,147.700000000001);
#296=CIRCLE('',#5409,73.800000000001);
#297=CIRCLE('',#5410,135.500000000001);
#298=CIRCLE('',#5411,73.800000000001);
#299=CIRCLE('',#5412,135.500000000001);
#300=CIRCLE('',#5413,145.500000000001);
#301=CIRCLE('',#5414,151.500000000001);
#302=CIRCLE('',#5415,135.500000000001);
#303=CIRCLE('',#5416,21.500000000001);
#304=CIRCLE('',#5417,135.500000000001);
#305=CIRCLE('',#5418,21.500000000001);
#306=CIRCLE('',#5419,4.10000000000001);
#307=CIRCLE('',#5421,39.250000000001);
#308=CIRCLE('',#5422,72.500000000001);
#309=CIRCLE('',#5425,73.800000000001);
#310=CIRCLE('',#5428,73.800000000001);
#311=CIRCLE('',#5431,73.800000000001);
#312=CIRCLE('',#5433,73.800000000001);
#313=CIRCLE('',#5435,73.800000000001);
#314=CIRCLE('',#5437,147.700000000001);
#315=CIRCLE('',#5441,73.800000000001);
#316=CIRCLE('',#5443,73.800000000001);
#317=CIRCLE('',#5445,151.500000000001);
#318=CIRCLE('',#5446,151.500000000001);
#319=CIRCLE('',#5455,39.250000000001);
#320=CIRCLE('',#5461,145.500000000001);
#321=CIRCLE('',#5463,146.000000000001);
#322=CIRCLE('',#5465,148.800000000001);
#323=CIRCLE('',#5467,0.55);
#324=CIRCLE('',#5468,0.55);
#325=CIRCLE('',#5469,0.55);
#326=CIRCLE('',#5470,0.55);
#327=CIRCLE('',#5472,72.500000000001);
#328=CIRCLE('',#5504,73.800000000001);
#329=CIRCLE('',#5512,73.800000000001);
#330=CIRCLE('',#5524,73.800000000001);
#331=CIRCLE('',#5528,73.800000000001);
#332=CIRCLE('',#5530,73.800000000001);
#333=CIRCLE('',#5531,73.800000000001);
#334=CIRCLE('',#5557,4.017013321819);
#335=CIRCLE('',#5559,2.5);
#336=CIRCLE('',#5560,2.4);
#337=CIRCLE('',#5562,3.21720229075987);
#338=CIRCLE('',#5565,4.017013321819);
#339=CIRCLE('',#5567,2.5);
#340=CIRCLE('',#5568,2.4);
#341=CIRCLE('',#5570,3.21720229075987);
#342=CONICAL_SURFACE('',#5378,18.000000000001,0.0174532925199433);
#343=CONICAL_SURFACE('',#5381,18.000000000001,0.0174532925199433);
#344=CONICAL_SURFACE('',#5449,18.000000000001,0.0174532925199433);
#345=CONICAL_SURFACE('',#5452,18.000000000001,0.0174532925199433);
#346=CONICAL_SURFACE('',#5556,4.10000000000001,0.0217357068417871);
#347=CONICAL_SURFACE('',#5558,2.5,0.0217357068417922);
#348=CONICAL_SURFACE('',#5564,4.10000000000001,0.0217357068417871);
#349=CONICAL_SURFACE('',#5566,2.5,0.0217357068417922);
#350=CONICAL_SURFACE('',#5742,145.500000000001,0.785398163397449);
#351=ORIENTED_EDGE('',*,*,#1899,.T.);
#352=ORIENTED_EDGE('',*,*,#1900,.T.);
#353=ORIENTED_EDGE('',*,*,#1901,.F.);
#354=ORIENTED_EDGE('',*,*,#1902,.T.);
#355=ORIENTED_EDGE('',*,*,#1903,.T.);
#356=ORIENTED_EDGE('',*,*,#1904,.T.);
#357=ORIENTED_EDGE('',*,*,#1905,.F.);
#358=ORIENTED_EDGE('',*,*,#1906,.T.);
#359=ORIENTED_EDGE('',*,*,#1905,.T.);
#360=ORIENTED_EDGE('',*,*,#1907,.T.);
#361=ORIENTED_EDGE('',*,*,#1899,.F.);
#362=ORIENTED_EDGE('',*,*,#1908,.T.);
#363=ORIENTED_EDGE('',*,*,#1901,.T.);
#364=ORIENTED_EDGE('',*,*,#1909,.T.);
#365=ORIENTED_EDGE('',*,*,#1903,.F.);
#366=ORIENTED_EDGE('',*,*,#1910,.T.);
#367=ORIENTED_EDGE('',*,*,#1911,.F.);
#368=ORIENTED_EDGE('',*,*,#1912,.F.);
#369=ORIENTED_EDGE('',*,*,#1913,.F.);
#370=ORIENTED_EDGE('',*,*,#1914,.F.);
#371=ORIENTED_EDGE('',*,*,#1915,.F.);
#372=ORIENTED_EDGE('',*,*,#1916,.F.);
#373=ORIENTED_EDGE('',*,*,#1917,.F.);
#374=ORIENTED_EDGE('',*,*,#1918,.F.);
#375=ORIENTED_EDGE('',*,*,#1919,.F.);
#376=ORIENTED_EDGE('',*,*,#1920,.F.);
#377=ORIENTED_EDGE('',*,*,#1921,.F.);
#378=ORIENTED_EDGE('',*,*,#1922,.F.);
#379=ORIENTED_EDGE('',*,*,#1923,.F.);
#380=ORIENTED_EDGE('',*,*,#1924,.F.);
#381=ORIENTED_EDGE('',*,*,#1925,.F.);
#382=ORIENTED_EDGE('',*,*,#1926,.F.);
#383=ORIENTED_EDGE('',*,*,#1927,.F.);
#384=ORIENTED_EDGE('',*,*,#1928,.F.);
#385=ORIENTED_EDGE('',*,*,#1929,.F.);
#386=ORIENTED_EDGE('',*,*,#1930,.F.);
#387=ORIENTED_EDGE('',*,*,#1931,.F.);
#388=ORIENTED_EDGE('',*,*,#1932,.F.);
#389=ORIENTED_EDGE('',*,*,#1933,.F.);
#390=ORIENTED_EDGE('',*,*,#1934,.F.);
#391=ORIENTED_EDGE('',*,*,#1935,.F.);
#392=ORIENTED_EDGE('',*,*,#1936,.F.);
#393=ORIENTED_EDGE('',*,*,#1937,.F.);
#394=ORIENTED_EDGE('',*,*,#1938,.F.);
#395=ORIENTED_EDGE('',*,*,#1939,.F.);
#396=ORIENTED_EDGE('',*,*,#1940,.F.);
#397=ORIENTED_EDGE('',*,*,#1941,.F.);
#398=ORIENTED_EDGE('',*,*,#1942,.F.);
#399=ORIENTED_EDGE('',*,*,#1943,.F.);
#400=ORIENTED_EDGE('',*,*,#1944,.F.);
#401=ORIENTED_EDGE('',*,*,#1945,.F.);
#402=ORIENTED_EDGE('',*,*,#1946,.F.);
#403=ORIENTED_EDGE('',*,*,#1947,.F.);
#404=ORIENTED_EDGE('',*,*,#1948,.F.);
#405=ORIENTED_EDGE('',*,*,#1949,.F.);
#406=ORIENTED_EDGE('',*,*,#1950,.F.);
#407=ORIENTED_EDGE('',*,*,#1951,.F.);
#408=ORIENTED_EDGE('',*,*,#1952,.F.);
#409=ORIENTED_EDGE('',*,*,#1953,.F.);
#410=ORIENTED_EDGE('',*,*,#1954,.F.);
#411=ORIENTED_EDGE('',*,*,#1955,.F.);
#412=ORIENTED_EDGE('',*,*,#1956,.F.);
#413=ORIENTED_EDGE('',*,*,#1957,.F.);
#414=ORIENTED_EDGE('',*,*,#1958,.F.);
#415=ORIENTED_EDGE('',*,*,#1959,.F.);
#416=ORIENTED_EDGE('',*,*,#1960,.F.);
#417=ORIENTED_EDGE('',*,*,#1961,.F.);
#418=ORIENTED_EDGE('',*,*,#1962,.F.);
#419=ORIENTED_EDGE('',*,*,#1963,.F.);
#420=ORIENTED_EDGE('',*,*,#1964,.F.);
#421=ORIENTED_EDGE('',*,*,#1965,.F.);
#422=ORIENTED_EDGE('',*,*,#1966,.F.);
#423=ORIENTED_EDGE('',*,*,#1967,.F.);
#424=ORIENTED_EDGE('',*,*,#1968,.F.);
#425=ORIENTED_EDGE('',*,*,#1969,.T.);
#426=ORIENTED_EDGE('',*,*,#1970,.T.);
#427=ORIENTED_EDGE('',*,*,#1971,.F.);
#428=ORIENTED_EDGE('',*,*,#1972,.T.);
#429=ORIENTED_EDGE('',*,*,#1973,.T.);
#430=ORIENTED_EDGE('',*,*,#1974,.F.);
#431=ORIENTED_EDGE('',*,*,#1975,.F.);
#432=ORIENTED_EDGE('',*,*,#1976,.F.);
#433=ORIENTED_EDGE('',*,*,#1977,.F.);
#434=ORIENTED_EDGE('',*,*,#1978,.F.);
#435=ORIENTED_EDGE('',*,*,#1979,.F.);
#436=ORIENTED_EDGE('',*,*,#1980,.F.);
#437=ORIENTED_EDGE('',*,*,#1981,.F.);
#438=ORIENTED_EDGE('',*,*,#1982,.F.);
#439=ORIENTED_EDGE('',*,*,#1983,.F.);
#440=ORIENTED_EDGE('',*,*,#1984,.F.);
#441=ORIENTED_EDGE('',*,*,#1985,.F.);
#442=ORIENTED_EDGE('',*,*,#1986,.T.);
#443=ORIENTED_EDGE('',*,*,#1987,.F.);
#444=ORIENTED_EDGE('',*,*,#1988,.F.);
#445=ORIENTED_EDGE('',*,*,#1989,.F.);
#446=ORIENTED_EDGE('',*,*,#1990,.F.);
#447=ORIENTED_EDGE('',*,*,#1991,.F.);
#448=ORIENTED_EDGE('',*,*,#1992,.F.);
#449=ORIENTED_EDGE('',*,*,#1993,.F.);
#450=ORIENTED_EDGE('',*,*,#1994,.F.);
#451=ORIENTED_EDGE('',*,*,#1995,.F.);
#452=ORIENTED_EDGE('',*,*,#1996,.F.);
#453=ORIENTED_EDGE('',*,*,#1997,.F.);
#454=ORIENTED_EDGE('',*,*,#1998,.F.);
#455=ORIENTED_EDGE('',*,*,#1999,.F.);
#456=ORIENTED_EDGE('',*,*,#2000,.F.);
#457=ORIENTED_EDGE('',*,*,#2001,.F.);
#458=ORIENTED_EDGE('',*,*,#2002,.F.);
#459=ORIENTED_EDGE('',*,*,#2003,.F.);
#460=ORIENTED_EDGE('',*,*,#2004,.F.);
#461=ORIENTED_EDGE('',*,*,#2005,.F.);
#462=ORIENTED_EDGE('',*,*,#2006,.F.);
#463=ORIENTED_EDGE('',*,*,#2007,.F.);
#464=ORIENTED_EDGE('',*,*,#2008,.F.);
#465=ORIENTED_EDGE('',*,*,#2009,.F.);
#466=ORIENTED_EDGE('',*,*,#2010,.F.);
#467=ORIENTED_EDGE('',*,*,#2011,.F.);
#468=ORIENTED_EDGE('',*,*,#2012,.F.);
#469=ORIENTED_EDGE('',*,*,#2013,.F.);
#470=ORIENTED_EDGE('',*,*,#2014,.F.);
#471=ORIENTED_EDGE('',*,*,#2015,.F.);
#472=ORIENTED_EDGE('',*,*,#2016,.F.);
#473=ORIENTED_EDGE('',*,*,#2017,.F.);
#474=ORIENTED_EDGE('',*,*,#2018,.F.);
#475=ORIENTED_EDGE('',*,*,#2019,.F.);
#476=ORIENTED_EDGE('',*,*,#2020,.F.);
#477=ORIENTED_EDGE('',*,*,#2021,.F.);
#478=ORIENTED_EDGE('',*,*,#2022,.F.);
#479=ORIENTED_EDGE('',*,*,#2023,.F.);
#480=ORIENTED_EDGE('',*,*,#2024,.F.);
#481=ORIENTED_EDGE('',*,*,#2025,.F.);
#482=ORIENTED_EDGE('',*,*,#2026,.F.);
#483=ORIENTED_EDGE('',*,*,#2027,.F.);
#484=ORIENTED_EDGE('',*,*,#2028,.F.);
#485=ORIENTED_EDGE('',*,*,#2029,.F.);
#486=ORIENTED_EDGE('',*,*,#2030,.F.);
#487=ORIENTED_EDGE('',*,*,#2031,.F.);
#488=ORIENTED_EDGE('',*,*,#2032,.F.);
#489=ORIENTED_EDGE('',*,*,#2033,.F.);
#490=ORIENTED_EDGE('',*,*,#2034,.F.);
#491=ORIENTED_EDGE('',*,*,#2035,.F.);
#492=ORIENTED_EDGE('',*,*,#2036,.F.);
#493=ORIENTED_EDGE('',*,*,#2037,.F.);
#494=ORIENTED_EDGE('',*,*,#2038,.F.);
#495=ORIENTED_EDGE('',*,*,#2039,.F.);
#496=ORIENTED_EDGE('',*,*,#2040,.F.);
#497=ORIENTED_EDGE('',*,*,#2041,.F.);
#498=ORIENTED_EDGE('',*,*,#2042,.F.);
#499=ORIENTED_EDGE('',*,*,#2043,.F.);
#500=ORIENTED_EDGE('',*,*,#2044,.F.);
#501=ORIENTED_EDGE('',*,*,#2045,.F.);
#502=ORIENTED_EDGE('',*,*,#2046,.F.);
#503=ORIENTED_EDGE('',*,*,#2047,.F.);
#504=ORIENTED_EDGE('',*,*,#2048,.F.);
#505=ORIENTED_EDGE('',*,*,#2049,.F.);
#506=ORIENTED_EDGE('',*,*,#2050,.F.);
#507=ORIENTED_EDGE('',*,*,#2051,.F.);
#508=ORIENTED_EDGE('',*,*,#2052,.F.);
#509=ORIENTED_EDGE('',*,*,#2053,.F.);
#510=ORIENTED_EDGE('',*,*,#2054,.F.);
#511=ORIENTED_EDGE('',*,*,#2055,.F.);
#512=ORIENTED_EDGE('',*,*,#2056,.F.);
#513=ORIENTED_EDGE('',*,*,#2057,.F.);
#514=ORIENTED_EDGE('',*,*,#2058,.F.);
#515=ORIENTED_EDGE('',*,*,#2059,.F.);
#516=ORIENTED_EDGE('',*,*,#2060,.F.);
#517=ORIENTED_EDGE('',*,*,#2061,.F.);
#518=ORIENTED_EDGE('',*,*,#2062,.F.);
#519=ORIENTED_EDGE('',*,*,#2063,.F.);
#520=ORIENTED_EDGE('',*,*,#2064,.F.);
#521=ORIENTED_EDGE('',*,*,#2065,.F.);
#522=ORIENTED_EDGE('',*,*,#2066,.F.);
#523=ORIENTED_EDGE('',*,*,#2067,.F.);
#524=ORIENTED_EDGE('',*,*,#2068,.F.);
#525=ORIENTED_EDGE('',*,*,#2069,.F.);
#526=ORIENTED_EDGE('',*,*,#2070,.F.);
#527=ORIENTED_EDGE('',*,*,#2071,.F.);
#528=ORIENTED_EDGE('',*,*,#2072,.F.);
#529=ORIENTED_EDGE('',*,*,#2073,.F.);
#530=ORIENTED_EDGE('',*,*,#2074,.F.);
#531=ORIENTED_EDGE('',*,*,#2075,.F.);
#532=ORIENTED_EDGE('',*,*,#2076,.F.);
#533=ORIENTED_EDGE('',*,*,#2077,.F.);
#534=ORIENTED_EDGE('',*,*,#2078,.F.);
#535=ORIENTED_EDGE('',*,*,#2079,.F.);
#536=ORIENTED_EDGE('',*,*,#2080,.F.);
#537=ORIENTED_EDGE('',*,*,#2081,.F.);
#538=ORIENTED_EDGE('',*,*,#2082,.F.);
#539=ORIENTED_EDGE('',*,*,#2083,.F.);
#540=ORIENTED_EDGE('',*,*,#2084,.F.);
#541=ORIENTED_EDGE('',*,*,#2085,.F.);
#542=ORIENTED_EDGE('',*,*,#2086,.F.);
#543=ORIENTED_EDGE('',*,*,#2087,.F.);
#544=ORIENTED_EDGE('',*,*,#2088,.F.);
#545=ORIENTED_EDGE('',*,*,#2089,.F.);
#546=ORIENTED_EDGE('',*,*,#2090,.F.);
#547=ORIENTED_EDGE('',*,*,#2091,.F.);
#548=ORIENTED_EDGE('',*,*,#2092,.F.);
#549=ORIENTED_EDGE('',*,*,#2093,.F.);
#550=ORIENTED_EDGE('',*,*,#2094,.F.);
#551=ORIENTED_EDGE('',*,*,#2095,.F.);
#552=ORIENTED_EDGE('',*,*,#2096,.F.);
#553=ORIENTED_EDGE('',*,*,#2097,.F.);
#554=ORIENTED_EDGE('',*,*,#2098,.F.);
#555=ORIENTED_EDGE('',*,*,#2099,.F.);
#556=ORIENTED_EDGE('',*,*,#2100,.F.);
#557=ORIENTED_EDGE('',*,*,#2101,.F.);
#558=ORIENTED_EDGE('',*,*,#2102,.F.);
#559=ORIENTED_EDGE('',*,*,#2103,.F.);
#560=ORIENTED_EDGE('',*,*,#2104,.F.);
#561=ORIENTED_EDGE('',*,*,#2105,.F.);
#562=ORIENTED_EDGE('',*,*,#2106,.F.);
#563=ORIENTED_EDGE('',*,*,#2107,.F.);
#564=ORIENTED_EDGE('',*,*,#2108,.F.);
#565=ORIENTED_EDGE('',*,*,#2109,.F.);
#566=ORIENTED_EDGE('',*,*,#2110,.F.);
#567=ORIENTED_EDGE('',*,*,#2111,.F.);
#568=ORIENTED_EDGE('',*,*,#2112,.F.);
#569=ORIENTED_EDGE('',*,*,#2113,.F.);
#570=ORIENTED_EDGE('',*,*,#2114,.F.);
#571=ORIENTED_EDGE('',*,*,#2115,.F.);
#572=ORIENTED_EDGE('',*,*,#2116,.F.);
#573=ORIENTED_EDGE('',*,*,#2117,.F.);
#574=ORIENTED_EDGE('',*,*,#2118,.F.);
#575=ORIENTED_EDGE('',*,*,#2119,.F.);
#576=ORIENTED_EDGE('',*,*,#2120,.F.);
#577=ORIENTED_EDGE('',*,*,#2121,.F.);
#578=ORIENTED_EDGE('',*,*,#1980,.T.);
#579=ORIENTED_EDGE('',*,*,#2122,.F.);
#580=ORIENTED_EDGE('',*,*,#2123,.F.);
#581=ORIENTED_EDGE('',*,*,#2124,.F.);
#582=ORIENTED_EDGE('',*,*,#2125,.F.);
#583=ORIENTED_EDGE('',*,*,#2126,.T.);
#584=ORIENTED_EDGE('',*,*,#1962,.T.);
#585=ORIENTED_EDGE('',*,*,#1937,.T.);
#586=ORIENTED_EDGE('',*,*,#2127,.T.);
#587=ORIENTED_EDGE('',*,*,#2128,.F.);
#588=ORIENTED_EDGE('',*,*,#2129,.F.);
#589=ORIENTED_EDGE('',*,*,#2130,.F.);
#590=ORIENTED_EDGE('',*,*,#2131,.F.);
#591=ORIENTED_EDGE('',*,*,#2132,.F.);
#592=ORIENTED_EDGE('',*,*,#1966,.T.);
#593=ORIENTED_EDGE('',*,*,#2133,.F.);
#594=ORIENTED_EDGE('',*,*,#2134,.T.);
#595=ORIENTED_EDGE('',*,*,#1958,.T.);
#596=ORIENTED_EDGE('',*,*,#2135,.F.);
#597=ORIENTED_EDGE('',*,*,#2136,.F.);
#598=ORIENTED_EDGE('',*,*,#2137,.T.);
#599=ORIENTED_EDGE('',*,*,#1976,.T.);
#600=ORIENTED_EDGE('',*,*,#2138,.F.);
#601=ORIENTED_EDGE('',*,*,#1974,.T.);
#602=ORIENTED_EDGE('',*,*,#2139,.T.);
#603=ORIENTED_EDGE('',*,*,#2140,.F.);
#604=ORIENTED_EDGE('',*,*,#2141,.T.);
#605=ORIENTED_EDGE('',*,*,#1968,.T.);
#606=ORIENTED_EDGE('',*,*,#2142,.F.);
#607=ORIENTED_EDGE('',*,*,#2143,.F.);
#608=ORIENTED_EDGE('',*,*,#2144,.F.);
#609=ORIENTED_EDGE('',*,*,#1941,.T.);
#610=ORIENTED_EDGE('',*,*,#2145,.T.);
#611=ORIENTED_EDGE('',*,*,#2146,.F.);
#612=ORIENTED_EDGE('',*,*,#2147,.T.);
#613=ORIENTED_EDGE('',*,*,#2148,.F.);
#614=ORIENTED_EDGE('',*,*,#2149,.T.);
#615=ORIENTED_EDGE('',*,*,#1954,.T.);
#616=ORIENTED_EDGE('',*,*,#2150,.F.);
#617=ORIENTED_EDGE('',*,*,#2151,.T.);
#618=ORIENTED_EDGE('',*,*,#2152,.F.);
#619=ORIENTED_EDGE('',*,*,#2153,.T.);
#620=ORIENTED_EDGE('',*,*,#2154,.T.);
#621=ORIENTED_EDGE('',*,*,#1986,.F.);
#622=ORIENTED_EDGE('',*,*,#2155,.F.);
#623=ORIENTED_EDGE('',*,*,#2156,.T.);
#624=ORIENTED_EDGE('',*,*,#1909,.F.);
#625=ORIENTED_EDGE('',*,*,#2157,.T.);
#626=ORIENTED_EDGE('',*,*,#2158,.F.);
#627=ORIENTED_EDGE('',*,*,#2159,.F.);
#628=ORIENTED_EDGE('',*,*,#1900,.F.);
#629=ORIENTED_EDGE('',*,*,#2160,.T.);
#630=ORIENTED_EDGE('',*,*,#2161,.F.);
#631=ORIENTED_EDGE('',*,*,#2157,.F.);
#632=ORIENTED_EDGE('',*,*,#1907,.F.);
#633=ORIENTED_EDGE('',*,*,#2162,.T.);
#634=ORIENTED_EDGE('',*,*,#2163,.F.);
#635=ORIENTED_EDGE('',*,*,#2160,.F.);
#636=ORIENTED_EDGE('',*,*,#2164,.F.);
#637=ORIENTED_EDGE('',*,*,#2068,.T.);
#638=ORIENTED_EDGE('',*,*,#1904,.F.);
#639=ORIENTED_EDGE('',*,*,#2159,.T.);
#640=ORIENTED_EDGE('',*,*,#2165,.F.);
#641=ORIENTED_EDGE('',*,*,#2162,.F.);
#642=ORIENTED_EDGE('',*,*,#2151,.F.);
#643=ORIENTED_EDGE('',*,*,#2164,.T.);
#644=ORIENTED_EDGE('',*,*,#1910,.F.);
#645=ORIENTED_EDGE('',*,*,#1906,.F.);
#646=ORIENTED_EDGE('',*,*,#1908,.F.);
#647=ORIENTED_EDGE('',*,*,#1902,.F.);
#648=ORIENTED_EDGE('',*,*,#2154,.F.);
#649=ORIENTED_EDGE('',*,*,#2166,.T.);
#650=ORIENTED_EDGE('',*,*,#2167,.F.);
#651=ORIENTED_EDGE('',*,*,#1983,.T.);
#652=ORIENTED_EDGE('',*,*,#2168,.T.);
#653=ORIENTED_EDGE('',*,*,#2169,.T.);
#654=ORIENTED_EDGE('',*,*,#2155,.T.);
#655=ORIENTED_EDGE('',*,*,#1985,.T.);
#656=ORIENTED_EDGE('',*,*,#2167,.T.);
#657=ORIENTED_EDGE('',*,*,#2170,.T.);
#658=ORIENTED_EDGE('',*,*,#2168,.F.);
#659=ORIENTED_EDGE('',*,*,#1984,.T.);
#660=ORIENTED_EDGE('',*,*,#2152,.T.);
#661=ORIENTED_EDGE('',*,*,#2171,.T.);
#662=ORIENTED_EDGE('',*,*,#2172,.T.);
#663=ORIENTED_EDGE('',*,*,#2173,.T.);
#664=ORIENTED_EDGE('',*,*,#2174,.F.);
#665=ORIENTED_EDGE('',*,*,#2175,.T.);
#666=ORIENTED_EDGE('',*,*,#1971,.T.);
#667=ORIENTED_EDGE('',*,*,#2176,.T.);
#668=ORIENTED_EDGE('',*,*,#2140,.T.);
#669=ORIENTED_EDGE('',*,*,#2177,.T.);
#670=ORIENTED_EDGE('',*,*,#2178,.T.);
#671=ORIENTED_EDGE('',*,*,#2174,.T.);
#672=ORIENTED_EDGE('',*,*,#2179,.T.);
#673=ORIENTED_EDGE('',*,*,#2180,.T.);
#674=ORIENTED_EDGE('',*,*,#2181,.F.);
#675=ORIENTED_EDGE('',*,*,#2069,.T.);
#676=ORIENTED_EDGE('',*,*,#1948,.T.);
#677=ORIENTED_EDGE('',*,*,#2182,.F.);
#678=ORIENTED_EDGE('',*,*,#2183,.T.);
#679=ORIENTED_EDGE('',*,*,#1951,.T.);
#680=ORIENTED_EDGE('',*,*,#2184,.F.);
#681=ORIENTED_EDGE('',*,*,#2185,.F.);
#682=ORIENTED_EDGE('',*,*,#2186,.T.);
#683=ORIENTED_EDGE('',*,*,#1950,.T.);
#684=ORIENTED_EDGE('',*,*,#2187,.F.);
#685=ORIENTED_EDGE('',*,*,#2188,.F.);
#686=ORIENTED_EDGE('',*,*,#2184,.T.);
#687=ORIENTED_EDGE('',*,*,#1949,.T.);
#688=ORIENTED_EDGE('',*,*,#2183,.F.);
#689=ORIENTED_EDGE('',*,*,#2189,.F.);
#690=ORIENTED_EDGE('',*,*,#2187,.T.);
#691=ORIENTED_EDGE('',*,*,#2190,.F.);
#692=ORIENTED_EDGE('',*,*,#1947,.T.);
#693=ORIENTED_EDGE('',*,*,#2191,.F.);
#694=ORIENTED_EDGE('',*,*,#1946,.T.);
#695=ORIENTED_EDGE('',*,*,#2192,.F.);
#696=ORIENTED_EDGE('',*,*,#2193,.F.);
#697=ORIENTED_EDGE('',*,*,#2191,.T.);
#698=ORIENTED_EDGE('',*,*,#1945,.T.);
#699=ORIENTED_EDGE('',*,*,#2194,.F.);
#700=ORIENTED_EDGE('',*,*,#2195,.F.);
#701=ORIENTED_EDGE('',*,*,#2192,.T.);
#702=ORIENTED_EDGE('',*,*,#1944,.T.);
#703=ORIENTED_EDGE('',*,*,#2196,.F.);
#704=ORIENTED_EDGE('',*,*,#2197,.F.);
#705=ORIENTED_EDGE('',*,*,#2194,.T.);
#706=ORIENTED_EDGE('',*,*,#1943,.T.);
#707=ORIENTED_EDGE('',*,*,#2198,.F.);
#708=ORIENTED_EDGE('',*,*,#2199,.F.);
#709=ORIENTED_EDGE('',*,*,#2196,.T.);
#710=ORIENTED_EDGE('',*,*,#1942,.T.);
#711=ORIENTED_EDGE('',*,*,#2147,.F.);
#712=ORIENTED_EDGE('',*,*,#2200,.F.);
#713=ORIENTED_EDGE('',*,*,#2198,.T.);
#714=ORIENTED_EDGE('',*,*,#1953,.T.);
#715=ORIENTED_EDGE('',*,*,#2201,.F.);
#716=ORIENTED_EDGE('',*,*,#2202,.F.);
#717=ORIENTED_EDGE('',*,*,#2150,.T.);
#718=ORIENTED_EDGE('',*,*,#1952,.T.);
#719=ORIENTED_EDGE('',*,*,#2186,.F.);
#720=ORIENTED_EDGE('',*,*,#2203,.F.);
#721=ORIENTED_EDGE('',*,*,#2201,.T.);
#722=ORIENTED_EDGE('',*,*,#2185,.T.);
#723=ORIENTED_EDGE('',*,*,#2188,.T.);
#724=ORIENTED_EDGE('',*,*,#2189,.T.);
#725=ORIENTED_EDGE('',*,*,#2182,.T.);
#726=ORIENTED_EDGE('',*,*,#2190,.T.);
#727=ORIENTED_EDGE('',*,*,#2193,.T.);
#728=ORIENTED_EDGE('',*,*,#2195,.T.);
#729=ORIENTED_EDGE('',*,*,#2197,.T.);
#730=ORIENTED_EDGE('',*,*,#2199,.T.);
#731=ORIENTED_EDGE('',*,*,#2200,.T.);
#732=ORIENTED_EDGE('',*,*,#2204,.F.);
#733=ORIENTED_EDGE('',*,*,#2202,.T.);
#734=ORIENTED_EDGE('',*,*,#2203,.T.);
#735=ORIENTED_EDGE('',*,*,#2165,.T.);
#736=ORIENTED_EDGE('',*,*,#2158,.T.);
#737=ORIENTED_EDGE('',*,*,#2161,.T.);
#738=ORIENTED_EDGE('',*,*,#2163,.T.);
#739=ORIENTED_EDGE('',*,*,#1988,.T.);
#740=ORIENTED_EDGE('',*,*,#2205,.F.);
#741=ORIENTED_EDGE('',*,*,#2206,.F.);
#742=ORIENTED_EDGE('',*,*,#2207,.T.);
#743=ORIENTED_EDGE('',*,*,#1987,.T.);
#744=ORIENTED_EDGE('',*,*,#2208,.F.);
#745=ORIENTED_EDGE('',*,*,#2209,.F.);
#746=ORIENTED_EDGE('',*,*,#2205,.T.);
#747=ORIENTED_EDGE('',*,*,#1990,.T.);
#748=ORIENTED_EDGE('',*,*,#2210,.F.);
#749=ORIENTED_EDGE('',*,*,#2211,.F.);
#750=ORIENTED_EDGE('',*,*,#2208,.T.);
#751=ORIENTED_EDGE('',*,*,#1989,.T.);
#752=ORIENTED_EDGE('',*,*,#2207,.F.);
#753=ORIENTED_EDGE('',*,*,#2212,.F.);
#754=ORIENTED_EDGE('',*,*,#2210,.T.);
#755=ORIENTED_EDGE('',*,*,#2206,.T.);
#756=ORIENTED_EDGE('',*,*,#2209,.T.);
#757=ORIENTED_EDGE('',*,*,#2211,.T.);
#758=ORIENTED_EDGE('',*,*,#2212,.T.);
#759=ORIENTED_EDGE('',*,*,#1957,.T.);
#760=ORIENTED_EDGE('',*,*,#2213,.F.);
#761=ORIENTED_EDGE('',*,*,#2214,.F.);
#762=ORIENTED_EDGE('',*,*,#2215,.T.);
#763=ORIENTED_EDGE('',*,*,#2135,.T.);
#764=ORIENTED_EDGE('',*,*,#1956,.T.);
#765=ORIENTED_EDGE('',*,*,#2216,.F.);
#766=ORIENTED_EDGE('',*,*,#2217,.F.);
#767=ORIENTED_EDGE('',*,*,#2213,.T.);
#768=ORIENTED_EDGE('',*,*,#1955,.T.);
#769=ORIENTED_EDGE('',*,*,#2149,.F.);
#770=ORIENTED_EDGE('',*,*,#2218,.F.);
#771=ORIENTED_EDGE('',*,*,#2219,.F.);
#772=ORIENTED_EDGE('',*,*,#2216,.T.);
#773=ORIENTED_EDGE('',*,*,#2220,.F.);
#774=ORIENTED_EDGE('',*,*,#2215,.F.);
#775=ORIENTED_EDGE('',*,*,#2221,.F.);
#776=ORIENTED_EDGE('',*,*,#2218,.T.);
#777=ORIENTED_EDGE('',*,*,#2214,.T.);
#778=ORIENTED_EDGE('',*,*,#2217,.T.);
#779=ORIENTED_EDGE('',*,*,#2219,.T.);
#780=ORIENTED_EDGE('',*,*,#2221,.T.);
#781=ORIENTED_EDGE('',*,*,#1938,.T.);
#782=ORIENTED_EDGE('',*,*,#2129,.T.);
#783=ORIENTED_EDGE('',*,*,#2222,.T.);
#784=ORIENTED_EDGE('',*,*,#2223,.F.);
#785=ORIENTED_EDGE('',*,*,#2224,.F.);
#786=ORIENTED_EDGE('',*,*,#1939,.T.);
#787=ORIENTED_EDGE('',*,*,#2224,.T.);
#788=ORIENTED_EDGE('',*,*,#2225,.F.);
#789=ORIENTED_EDGE('',*,*,#2226,.F.);
#790=ORIENTED_EDGE('',*,*,#1940,.T.);
#791=ORIENTED_EDGE('',*,*,#2226,.T.);
#792=ORIENTED_EDGE('',*,*,#2227,.F.);
#793=ORIENTED_EDGE('',*,*,#2228,.F.);
#794=ORIENTED_EDGE('',*,*,#2145,.F.);
#795=ORIENTED_EDGE('',*,*,#2229,.F.);
#796=ORIENTED_EDGE('',*,*,#2228,.T.);
#797=ORIENTED_EDGE('',*,*,#2230,.F.);
#798=ORIENTED_EDGE('',*,*,#2222,.F.);
#799=ORIENTED_EDGE('',*,*,#2223,.T.);
#800=ORIENTED_EDGE('',*,*,#2230,.T.);
#801=ORIENTED_EDGE('',*,*,#2227,.T.);
#802=ORIENTED_EDGE('',*,*,#2225,.T.);
#803=ORIENTED_EDGE('',*,*,#1992,.T.);
#804=ORIENTED_EDGE('',*,*,#2231,.T.);
#805=ORIENTED_EDGE('',*,*,#2232,.F.);
#806=ORIENTED_EDGE('',*,*,#2233,.F.);
#807=ORIENTED_EDGE('',*,*,#1993,.T.);
#808=ORIENTED_EDGE('',*,*,#2233,.T.);
#809=ORIENTED_EDGE('',*,*,#2234,.F.);
#810=ORIENTED_EDGE('',*,*,#2235,.F.);
#811=ORIENTED_EDGE('',*,*,#1994,.T.);
#812=ORIENTED_EDGE('',*,*,#2235,.T.);
#813=ORIENTED_EDGE('',*,*,#2236,.F.);
#814=ORIENTED_EDGE('',*,*,#2237,.F.);
#815=ORIENTED_EDGE('',*,*,#1991,.T.);
#816=ORIENTED_EDGE('',*,*,#2237,.T.);
#817=ORIENTED_EDGE('',*,*,#2238,.F.);
#818=ORIENTED_EDGE('',*,*,#2231,.F.);
#819=ORIENTED_EDGE('',*,*,#2232,.T.);
#820=ORIENTED_EDGE('',*,*,#2238,.T.);
#821=ORIENTED_EDGE('',*,*,#2236,.T.);
#822=ORIENTED_EDGE('',*,*,#2234,.T.);
#823=ORIENTED_EDGE('',*,*,#2144,.T.);
#824=ORIENTED_EDGE('',*,*,#2143,.T.);
#825=ORIENTED_EDGE('',*,*,#2142,.T.);
#826=ORIENTED_EDGE('',*,*,#2239,.T.);
#827=ORIENTED_EDGE('',*,*,#2240,.T.);
#828=ORIENTED_EDGE('',*,*,#2241,.F.);
#829=ORIENTED_EDGE('',*,*,#2118,.T.);
#830=ORIENTED_EDGE('',*,*,#2242,.T.);
#831=ORIENTED_EDGE('',*,*,#1967,.T.);
#832=ORIENTED_EDGE('',*,*,#2132,.T.);
#833=ORIENTED_EDGE('',*,*,#2243,.F.);
#834=ORIENTED_EDGE('',*,*,#2239,.F.);
#835=ORIENTED_EDGE('',*,*,#2120,.T.);
#836=ORIENTED_EDGE('',*,*,#2138,.T.);
#837=ORIENTED_EDGE('',*,*,#1975,.T.);
#838=ORIENTED_EDGE('',*,*,#2242,.F.);
#839=ORIENTED_EDGE('',*,*,#2244,.F.);
#840=ORIENTED_EDGE('',*,*,#2240,.F.);
#841=ORIENTED_EDGE('',*,*,#2243,.T.);
#842=ORIENTED_EDGE('',*,*,#2241,.T.);
#843=ORIENTED_EDGE('',*,*,#2244,.T.);
#844=ORIENTED_EDGE('',*,*,#2131,.T.);
#845=ORIENTED_EDGE('',*,*,#2245,.T.);
#846=ORIENTED_EDGE('',*,*,#2246,.F.);
#847=ORIENTED_EDGE('',*,*,#2247,.T.);
#848=ORIENTED_EDGE('',*,*,#2125,.T.);
#849=ORIENTED_EDGE('',*,*,#2248,.F.);
#850=ORIENTED_EDGE('',*,*,#2249,.F.);
#851=ORIENTED_EDGE('',*,*,#2133,.T.);
#852=ORIENTED_EDGE('',*,*,#2220,.T.);
#853=ORIENTED_EDGE('',*,*,#2148,.T.);
#854=ORIENTED_EDGE('',*,*,#2204,.T.);
#855=ORIENTED_EDGE('',*,*,#2146,.T.);
#856=ORIENTED_EDGE('',*,*,#2229,.T.);
#857=ORIENTED_EDGE('',*,*,#2128,.T.);
#858=ORIENTED_EDGE('',*,*,#2250,.F.);
#859=ORIENTED_EDGE('',*,*,#2123,.T.);
#860=ORIENTED_EDGE('',*,*,#2251,.T.);
#861=ORIENTED_EDGE('',*,*,#2136,.T.);
#862=ORIENTED_EDGE('',*,*,#2119,.T.);
#863=ORIENTED_EDGE('',*,*,#2181,.T.);
#864=ORIENTED_EDGE('',*,*,#2247,.F.);
#865=ORIENTED_EDGE('',*,*,#2252,.F.);
#866=ORIENTED_EDGE('',*,*,#2253,.T.);
#867=ORIENTED_EDGE('',*,*,#2245,.F.);
#868=ORIENTED_EDGE('',*,*,#2254,.F.);
#869=ORIENTED_EDGE('',*,*,#2255,.F.);
#870=ORIENTED_EDGE('',*,*,#1964,.T.);
#871=ORIENTED_EDGE('',*,*,#2256,.F.);
#872=ORIENTED_EDGE('',*,*,#2257,.F.);
#873=ORIENTED_EDGE('',*,*,#2258,.T.);
#874=ORIENTED_EDGE('',*,*,#1963,.T.);
#875=ORIENTED_EDGE('',*,*,#2126,.F.);
#876=ORIENTED_EDGE('',*,*,#2253,.F.);
#877=ORIENTED_EDGE('',*,*,#2259,.F.);
#878=ORIENTED_EDGE('',*,*,#2256,.T.);
#879=ORIENTED_EDGE('',*,*,#1965,.T.);
#880=ORIENTED_EDGE('',*,*,#2258,.F.);
#881=ORIENTED_EDGE('',*,*,#2260,.F.);
#882=ORIENTED_EDGE('',*,*,#2254,.T.);
#883=ORIENTED_EDGE('',*,*,#2130,.T.);
#884=ORIENTED_EDGE('',*,*,#2257,.T.);
#885=ORIENTED_EDGE('',*,*,#2259,.T.);
#886=ORIENTED_EDGE('',*,*,#2252,.T.);
#887=ORIENTED_EDGE('',*,*,#2246,.T.);
#888=ORIENTED_EDGE('',*,*,#2255,.T.);
#889=ORIENTED_EDGE('',*,*,#2260,.T.);
#890=ORIENTED_EDGE('',*,*,#1979,.T.);
#891=ORIENTED_EDGE('',*,*,#2261,.F.);
#892=ORIENTED_EDGE('',*,*,#2262,.F.);
#893=ORIENTED_EDGE('',*,*,#2122,.T.);
#894=ORIENTED_EDGE('',*,*,#1978,.T.);
#895=ORIENTED_EDGE('',*,*,#2263,.F.);
#896=ORIENTED_EDGE('',*,*,#2264,.F.);
#897=ORIENTED_EDGE('',*,*,#2261,.T.);
#898=ORIENTED_EDGE('',*,*,#1977,.T.);
#899=ORIENTED_EDGE('',*,*,#2137,.F.);
#900=ORIENTED_EDGE('',*,*,#2265,.F.);
#901=ORIENTED_EDGE('',*,*,#2263,.T.);
#902=ORIENTED_EDGE('',*,*,#2265,.T.);
#903=ORIENTED_EDGE('',*,*,#2251,.F.);
#904=ORIENTED_EDGE('',*,*,#2262,.T.);
#905=ORIENTED_EDGE('',*,*,#2264,.T.);
#906=ORIENTED_EDGE('',*,*,#1960,.T.);
#907=ORIENTED_EDGE('',*,*,#2266,.F.);
#908=ORIENTED_EDGE('',*,*,#2267,.T.);
#909=ORIENTED_EDGE('',*,*,#1959,.T.);
#910=ORIENTED_EDGE('',*,*,#2134,.F.);
#911=ORIENTED_EDGE('',*,*,#2268,.F.);
#912=ORIENTED_EDGE('',*,*,#1961,.T.);
#913=ORIENTED_EDGE('',*,*,#2267,.F.);
#914=ORIENTED_EDGE('',*,*,#2269,.F.);
#915=ORIENTED_EDGE('',*,*,#2124,.T.);
#916=ORIENTED_EDGE('',*,*,#2266,.T.);
#917=ORIENTED_EDGE('',*,*,#2268,.T.);
#918=ORIENTED_EDGE('',*,*,#2249,.T.);
#919=ORIENTED_EDGE('',*,*,#2248,.T.);
#920=ORIENTED_EDGE('',*,*,#2269,.T.);
#921=ORIENTED_EDGE('',*,*,#1982,.T.);
#922=ORIENTED_EDGE('',*,*,#2270,.T.);
#923=ORIENTED_EDGE('',*,*,#2271,.F.);
#924=ORIENTED_EDGE('',*,*,#1936,.T.);
#925=ORIENTED_EDGE('',*,*,#2272,.F.);
#926=ORIENTED_EDGE('',*,*,#2127,.F.);
#927=ORIENTED_EDGE('',*,*,#1981,.T.);
#928=ORIENTED_EDGE('',*,*,#2121,.T.);
#929=ORIENTED_EDGE('',*,*,#2273,.F.);
#930=ORIENTED_EDGE('',*,*,#2270,.F.);
#931=ORIENTED_EDGE('',*,*,#2271,.T.);
#932=ORIENTED_EDGE('',*,*,#2273,.T.);
#933=ORIENTED_EDGE('',*,*,#2250,.T.);
#934=ORIENTED_EDGE('',*,*,#2272,.T.);
#935=ORIENTED_EDGE('',*,*,#2274,.T.);
#936=ORIENTED_EDGE('',*,*,#1935,.T.);
#937=ORIENTED_EDGE('',*,*,#2275,.F.);
#938=ORIENTED_EDGE('',*,*,#2276,.T.);
#939=ORIENTED_EDGE('',*,*,#2277,.T.);
#940=ORIENTED_EDGE('',*,*,#2275,.T.);
#941=ORIENTED_EDGE('',*,*,#2276,.F.);
#942=ORIENTED_EDGE('',*,*,#2278,.T.);
#943=ORIENTED_EDGE('',*,*,#1995,.T.);
#944=ORIENTED_EDGE('',*,*,#2279,.F.);
#945=ORIENTED_EDGE('',*,*,#2280,.T.);
#946=ORIENTED_EDGE('',*,*,#2281,.T.);
#947=ORIENTED_EDGE('',*,*,#2279,.T.);
#948=ORIENTED_EDGE('',*,*,#2280,.F.);
#949=ORIENTED_EDGE('',*,*,#2274,.F.);
#950=ORIENTED_EDGE('',*,*,#2277,.F.);
#951=ORIENTED_EDGE('',*,*,#2278,.F.);
#952=ORIENTED_EDGE('',*,*,#2281,.F.);
#953=ORIENTED_EDGE('',*,*,#2071,.T.);
#954=ORIENTED_EDGE('',*,*,#2282,.F.);
#955=ORIENTED_EDGE('',*,*,#2283,.F.);
#956=ORIENTED_EDGE('',*,*,#2284,.T.);
#957=ORIENTED_EDGE('',*,*,#2070,.T.);
#958=ORIENTED_EDGE('',*,*,#2285,.F.);
#959=ORIENTED_EDGE('',*,*,#2286,.F.);
#960=ORIENTED_EDGE('',*,*,#2282,.T.);
#961=ORIENTED_EDGE('',*,*,#2081,.T.);
#962=ORIENTED_EDGE('',*,*,#2287,.F.);
#963=ORIENTED_EDGE('',*,*,#2288,.F.);
#964=ORIENTED_EDGE('',*,*,#2285,.T.);
#965=ORIENTED_EDGE('',*,*,#2080,.T.);
#966=ORIENTED_EDGE('',*,*,#2289,.F.);
#967=ORIENTED_EDGE('',*,*,#2290,.F.);
#968=ORIENTED_EDGE('',*,*,#2287,.T.);
#969=ORIENTED_EDGE('',*,*,#2079,.T.);
#970=ORIENTED_EDGE('',*,*,#2291,.F.);
#971=ORIENTED_EDGE('',*,*,#2292,.F.);
#972=ORIENTED_EDGE('',*,*,#2289,.T.);
#973=ORIENTED_EDGE('',*,*,#2078,.T.);
#974=ORIENTED_EDGE('',*,*,#2293,.F.);
#975=ORIENTED_EDGE('',*,*,#2294,.F.);
#976=ORIENTED_EDGE('',*,*,#2291,.T.);
#977=ORIENTED_EDGE('',*,*,#2077,.T.);
#978=ORIENTED_EDGE('',*,*,#2295,.F.);
#979=ORIENTED_EDGE('',*,*,#2296,.F.);
#980=ORIENTED_EDGE('',*,*,#2293,.T.);
#981=ORIENTED_EDGE('',*,*,#2076,.T.);
#982=ORIENTED_EDGE('',*,*,#2297,.F.);
#983=ORIENTED_EDGE('',*,*,#2298,.F.);
#984=ORIENTED_EDGE('',*,*,#2295,.T.);
#985=ORIENTED_EDGE('',*,*,#2075,.T.);
#986=ORIENTED_EDGE('',*,*,#2299,.F.);
#987=ORIENTED_EDGE('',*,*,#2300,.F.);
#988=ORIENTED_EDGE('',*,*,#2297,.T.);
#989=ORIENTED_EDGE('',*,*,#2074,.T.);
#990=ORIENTED_EDGE('',*,*,#2301,.F.);
#991=ORIENTED_EDGE('',*,*,#2302,.F.);
#992=ORIENTED_EDGE('',*,*,#2299,.T.);
#993=ORIENTED_EDGE('',*,*,#2073,.T.);
#994=ORIENTED_EDGE('',*,*,#2303,.F.);
#995=ORIENTED_EDGE('',*,*,#2304,.F.);
#996=ORIENTED_EDGE('',*,*,#2301,.T.);
#997=ORIENTED_EDGE('',*,*,#2072,.T.);
#998=ORIENTED_EDGE('',*,*,#2284,.F.);
#999=ORIENTED_EDGE('',*,*,#2305,.F.);
#1000=ORIENTED_EDGE('',*,*,#2303,.T.);
#1001=ORIENTED_EDGE('',*,*,#2283,.T.);
#1002=ORIENTED_EDGE('',*,*,#2286,.T.);
#1003=ORIENTED_EDGE('',*,*,#2288,.T.);
#1004=ORIENTED_EDGE('',*,*,#2290,.T.);
#1005=ORIENTED_EDGE('',*,*,#2292,.T.);
#1006=ORIENTED_EDGE('',*,*,#2294,.T.);
#1007=ORIENTED_EDGE('',*,*,#2296,.T.);
#1008=ORIENTED_EDGE('',*,*,#2298,.T.);
#1009=ORIENTED_EDGE('',*,*,#2300,.T.);
#1010=ORIENTED_EDGE('',*,*,#2302,.T.);
#1011=ORIENTED_EDGE('',*,*,#2304,.T.);
#1012=ORIENTED_EDGE('',*,*,#2305,.T.);
#1013=ORIENTED_EDGE('',*,*,#2083,.T.);
#1014=ORIENTED_EDGE('',*,*,#2306,.F.);
#1015=ORIENTED_EDGE('',*,*,#2307,.F.);
#1016=ORIENTED_EDGE('',*,*,#2308,.T.);
#1017=ORIENTED_EDGE('',*,*,#2082,.T.);
#1018=ORIENTED_EDGE('',*,*,#2309,.F.);
#1019=ORIENTED_EDGE('',*,*,#2310,.T.);
#1020=ORIENTED_EDGE('',*,*,#2311,.F.);
#1021=ORIENTED_EDGE('',*,*,#2312,.F.);
#1022=ORIENTED_EDGE('',*,*,#2313,.F.);
#1023=ORIENTED_EDGE('',*,*,#2306,.T.);
#1024=ORIENTED_EDGE('',*,*,#2093,.T.);
#1025=ORIENTED_EDGE('',*,*,#2314,.F.);
#1026=ORIENTED_EDGE('',*,*,#2315,.F.);
#1027=ORIENTED_EDGE('',*,*,#2309,.T.);
#1028=ORIENTED_EDGE('',*,*,#2092,.T.);
#1029=ORIENTED_EDGE('',*,*,#2316,.F.);
#1030=ORIENTED_EDGE('',*,*,#2317,.F.);
#1031=ORIENTED_EDGE('',*,*,#2318,.F.);
#1032=ORIENTED_EDGE('',*,*,#2319,.T.);
#1033=ORIENTED_EDGE('',*,*,#2320,.T.);
#1034=ORIENTED_EDGE('',*,*,#2314,.T.);
#1035=ORIENTED_EDGE('',*,*,#2091,.T.);
#1036=ORIENTED_EDGE('',*,*,#2321,.F.);
#1037=ORIENTED_EDGE('',*,*,#2322,.F.);
#1038=ORIENTED_EDGE('',*,*,#2316,.T.);
#1039=ORIENTED_EDGE('',*,*,#2090,.T.);
#1040=ORIENTED_EDGE('',*,*,#2323,.F.);
#1041=ORIENTED_EDGE('',*,*,#2324,.F.);
#1042=ORIENTED_EDGE('',*,*,#2321,.T.);
#1043=ORIENTED_EDGE('',*,*,#2089,.T.);
#1044=ORIENTED_EDGE('',*,*,#2325,.F.);
#1045=ORIENTED_EDGE('',*,*,#2326,.F.);
#1046=ORIENTED_EDGE('',*,*,#2323,.T.);
#1047=ORIENTED_EDGE('',*,*,#2088,.T.);
#1048=ORIENTED_EDGE('',*,*,#2327,.F.);
#1049=ORIENTED_EDGE('',*,*,#2328,.F.);
#1050=ORIENTED_EDGE('',*,*,#2325,.T.);
#1051=ORIENTED_EDGE('',*,*,#2087,.T.);
#1052=ORIENTED_EDGE('',*,*,#2329,.F.);
#1053=ORIENTED_EDGE('',*,*,#2330,.F.);
#1054=ORIENTED_EDGE('',*,*,#2327,.T.);
#1055=ORIENTED_EDGE('',*,*,#2086,.T.);
#1056=ORIENTED_EDGE('',*,*,#2331,.F.);
#1057=ORIENTED_EDGE('',*,*,#2332,.F.);
#1058=ORIENTED_EDGE('',*,*,#2329,.T.);
#1059=ORIENTED_EDGE('',*,*,#2085,.T.);
#1060=ORIENTED_EDGE('',*,*,#2333,.F.);
#1061=ORIENTED_EDGE('',*,*,#2334,.F.);
#1062=ORIENTED_EDGE('',*,*,#2331,.T.);
#1063=ORIENTED_EDGE('',*,*,#2084,.T.);
#1064=ORIENTED_EDGE('',*,*,#2308,.F.);
#1065=ORIENTED_EDGE('',*,*,#2335,.F.);
#1066=ORIENTED_EDGE('',*,*,#2333,.T.);
#1067=ORIENTED_EDGE('',*,*,#2310,.F.);
#1068=ORIENTED_EDGE('',*,*,#2315,.T.);
#1069=ORIENTED_EDGE('',*,*,#2320,.F.);
#1070=ORIENTED_EDGE('',*,*,#2336,.F.);
#1071=ORIENTED_EDGE('',*,*,#2337,.F.);
#1072=ORIENTED_EDGE('',*,*,#2311,.T.);
#1073=ORIENTED_EDGE('',*,*,#2336,.T.);
#1074=ORIENTED_EDGE('',*,*,#2319,.F.);
#1075=ORIENTED_EDGE('',*,*,#2338,.F.);
#1076=ORIENTED_EDGE('',*,*,#2317,.T.);
#1077=ORIENTED_EDGE('',*,*,#2322,.T.);
#1078=ORIENTED_EDGE('',*,*,#2324,.T.);
#1079=ORIENTED_EDGE('',*,*,#2326,.T.);
#1080=ORIENTED_EDGE('',*,*,#2328,.T.);
#1081=ORIENTED_EDGE('',*,*,#2330,.T.);
#1082=ORIENTED_EDGE('',*,*,#2332,.T.);
#1083=ORIENTED_EDGE('',*,*,#2334,.T.);
#1084=ORIENTED_EDGE('',*,*,#2335,.T.);
#1085=ORIENTED_EDGE('',*,*,#2307,.T.);
#1086=ORIENTED_EDGE('',*,*,#2313,.T.);
#1087=ORIENTED_EDGE('',*,*,#2318,.T.);
#1088=ORIENTED_EDGE('',*,*,#2338,.T.);
#1089=ORIENTED_EDGE('',*,*,#2312,.T.);
#1090=ORIENTED_EDGE('',*,*,#2337,.T.);
#1091=ORIENTED_EDGE('',*,*,#2095,.T.);
#1092=ORIENTED_EDGE('',*,*,#2339,.F.);
#1093=ORIENTED_EDGE('',*,*,#2340,.F.);
#1094=ORIENTED_EDGE('',*,*,#2341,.T.);
#1095=ORIENTED_EDGE('',*,*,#2094,.T.);
#1096=ORIENTED_EDGE('',*,*,#2342,.F.);
#1097=ORIENTED_EDGE('',*,*,#2343,.T.);
#1098=ORIENTED_EDGE('',*,*,#2344,.F.);
#1099=ORIENTED_EDGE('',*,*,#2345,.F.);
#1100=ORIENTED_EDGE('',*,*,#2346,.F.);
#1101=ORIENTED_EDGE('',*,*,#2339,.T.);
#1102=ORIENTED_EDGE('',*,*,#2105,.T.);
#1103=ORIENTED_EDGE('',*,*,#2347,.F.);
#1104=ORIENTED_EDGE('',*,*,#2348,.F.);
#1105=ORIENTED_EDGE('',*,*,#2342,.T.);
#1106=ORIENTED_EDGE('',*,*,#2104,.T.);
#1107=ORIENTED_EDGE('',*,*,#2349,.F.);
#1108=ORIENTED_EDGE('',*,*,#2350,.F.);
#1109=ORIENTED_EDGE('',*,*,#2351,.F.);
#1110=ORIENTED_EDGE('',*,*,#2352,.T.);
#1111=ORIENTED_EDGE('',*,*,#2353,.T.);
#1112=ORIENTED_EDGE('',*,*,#2347,.T.);
#1113=ORIENTED_EDGE('',*,*,#2103,.T.);
#1114=ORIENTED_EDGE('',*,*,#2354,.F.);
#1115=ORIENTED_EDGE('',*,*,#2355,.F.);
#1116=ORIENTED_EDGE('',*,*,#2349,.T.);
#1117=ORIENTED_EDGE('',*,*,#2102,.T.);
#1118=ORIENTED_EDGE('',*,*,#2356,.F.);
#1119=ORIENTED_EDGE('',*,*,#2357,.F.);
#1120=ORIENTED_EDGE('',*,*,#2354,.T.);
#1121=ORIENTED_EDGE('',*,*,#2101,.T.);
#1122=ORIENTED_EDGE('',*,*,#2358,.F.);
#1123=ORIENTED_EDGE('',*,*,#2359,.F.);
#1124=ORIENTED_EDGE('',*,*,#2356,.T.);
#1125=ORIENTED_EDGE('',*,*,#2100,.T.);
#1126=ORIENTED_EDGE('',*,*,#2360,.F.);
#1127=ORIENTED_EDGE('',*,*,#2361,.F.);
#1128=ORIENTED_EDGE('',*,*,#2358,.T.);
#1129=ORIENTED_EDGE('',*,*,#2099,.T.);
#1130=ORIENTED_EDGE('',*,*,#2362,.F.);
#1131=ORIENTED_EDGE('',*,*,#2363,.F.);
#1132=ORIENTED_EDGE('',*,*,#2360,.T.);
#1133=ORIENTED_EDGE('',*,*,#2098,.T.);
#1134=ORIENTED_EDGE('',*,*,#2364,.F.);
#1135=ORIENTED_EDGE('',*,*,#2365,.F.);
#1136=ORIENTED_EDGE('',*,*,#2362,.T.);
#1137=ORIENTED_EDGE('',*,*,#2097,.T.);
#1138=ORIENTED_EDGE('',*,*,#2366,.F.);
#1139=ORIENTED_EDGE('',*,*,#2367,.F.);
#1140=ORIENTED_EDGE('',*,*,#2364,.T.);
#1141=ORIENTED_EDGE('',*,*,#2096,.T.);
#1142=ORIENTED_EDGE('',*,*,#2341,.F.);
#1143=ORIENTED_EDGE('',*,*,#2368,.F.);
#1144=ORIENTED_EDGE('',*,*,#2366,.T.);
#1145=ORIENTED_EDGE('',*,*,#2343,.F.);
#1146=ORIENTED_EDGE('',*,*,#2348,.T.);
#1147=ORIENTED_EDGE('',*,*,#2353,.F.);
#1148=ORIENTED_EDGE('',*,*,#2369,.F.);
#1149=ORIENTED_EDGE('',*,*,#2370,.F.);
#1150=ORIENTED_EDGE('',*,*,#2344,.T.);
#1151=ORIENTED_EDGE('',*,*,#2369,.T.);
#1152=ORIENTED_EDGE('',*,*,#2352,.F.);
#1153=ORIENTED_EDGE('',*,*,#2371,.F.);
#1154=ORIENTED_EDGE('',*,*,#2350,.T.);
#1155=ORIENTED_EDGE('',*,*,#2355,.T.);
#1156=ORIENTED_EDGE('',*,*,#2357,.T.);
#1157=ORIENTED_EDGE('',*,*,#2359,.T.);
#1158=ORIENTED_EDGE('',*,*,#2361,.T.);
#1159=ORIENTED_EDGE('',*,*,#2363,.T.);
#1160=ORIENTED_EDGE('',*,*,#2365,.T.);
#1161=ORIENTED_EDGE('',*,*,#2367,.T.);
#1162=ORIENTED_EDGE('',*,*,#2368,.T.);
#1163=ORIENTED_EDGE('',*,*,#2340,.T.);
#1164=ORIENTED_EDGE('',*,*,#2346,.T.);
#1165=ORIENTED_EDGE('',*,*,#2351,.T.);
#1166=ORIENTED_EDGE('',*,*,#2371,.T.);
#1167=ORIENTED_EDGE('',*,*,#2345,.T.);
#1168=ORIENTED_EDGE('',*,*,#2370,.T.);
#1169=ORIENTED_EDGE('',*,*,#2107,.T.);
#1170=ORIENTED_EDGE('',*,*,#2372,.F.);
#1171=ORIENTED_EDGE('',*,*,#2373,.F.);
#1172=ORIENTED_EDGE('',*,*,#2374,.T.);
#1173=ORIENTED_EDGE('',*,*,#2106,.T.);
#1174=ORIENTED_EDGE('',*,*,#2375,.F.);
#1175=ORIENTED_EDGE('',*,*,#2376,.T.);
#1176=ORIENTED_EDGE('',*,*,#2377,.F.);
#1177=ORIENTED_EDGE('',*,*,#2378,.F.);
#1178=ORIENTED_EDGE('',*,*,#2379,.F.);
#1179=ORIENTED_EDGE('',*,*,#2372,.T.);
#1180=ORIENTED_EDGE('',*,*,#2117,.T.);
#1181=ORIENTED_EDGE('',*,*,#2380,.F.);
#1182=ORIENTED_EDGE('',*,*,#2381,.F.);
#1183=ORIENTED_EDGE('',*,*,#2375,.T.);
#1184=ORIENTED_EDGE('',*,*,#2116,.T.);
#1185=ORIENTED_EDGE('',*,*,#2382,.F.);
#1186=ORIENTED_EDGE('',*,*,#2383,.F.);
#1187=ORIENTED_EDGE('',*,*,#2384,.F.);
#1188=ORIENTED_EDGE('',*,*,#2385,.T.);
#1189=ORIENTED_EDGE('',*,*,#2386,.T.);
#1190=ORIENTED_EDGE('',*,*,#2380,.T.);
#1191=ORIENTED_EDGE('',*,*,#2115,.T.);
#1192=ORIENTED_EDGE('',*,*,#2387,.F.);
#1193=ORIENTED_EDGE('',*,*,#2388,.F.);
#1194=ORIENTED_EDGE('',*,*,#2382,.T.);
#1195=ORIENTED_EDGE('',*,*,#2114,.T.);
#1196=ORIENTED_EDGE('',*,*,#2389,.F.);
#1197=ORIENTED_EDGE('',*,*,#2390,.F.);
#1198=ORIENTED_EDGE('',*,*,#2387,.T.);
#1199=ORIENTED_EDGE('',*,*,#2113,.T.);
#1200=ORIENTED_EDGE('',*,*,#2391,.F.);
#1201=ORIENTED_EDGE('',*,*,#2392,.F.);
#1202=ORIENTED_EDGE('',*,*,#2389,.T.);
#1203=ORIENTED_EDGE('',*,*,#2112,.T.);
#1204=ORIENTED_EDGE('',*,*,#2393,.F.);
#1205=ORIENTED_EDGE('',*,*,#2394,.F.);
#1206=ORIENTED_EDGE('',*,*,#2391,.T.);
#1207=ORIENTED_EDGE('',*,*,#2111,.T.);
#1208=ORIENTED_EDGE('',*,*,#2395,.F.);
#1209=ORIENTED_EDGE('',*,*,#2396,.F.);
#1210=ORIENTED_EDGE('',*,*,#2393,.T.);
#1211=ORIENTED_EDGE('',*,*,#2110,.T.);
#1212=ORIENTED_EDGE('',*,*,#2397,.F.);
#1213=ORIENTED_EDGE('',*,*,#2398,.F.);
#1214=ORIENTED_EDGE('',*,*,#2395,.T.);
#1215=ORIENTED_EDGE('',*,*,#2109,.T.);
#1216=ORIENTED_EDGE('',*,*,#2399,.F.);
#1217=ORIENTED_EDGE('',*,*,#2400,.F.);
#1218=ORIENTED_EDGE('',*,*,#2397,.T.);
#1219=ORIENTED_EDGE('',*,*,#2108,.T.);
#1220=ORIENTED_EDGE('',*,*,#2374,.F.);
#1221=ORIENTED_EDGE('',*,*,#2401,.F.);
#1222=ORIENTED_EDGE('',*,*,#2399,.T.);
#1223=ORIENTED_EDGE('',*,*,#2376,.F.);
#1224=ORIENTED_EDGE('',*,*,#2381,.T.);
#1225=ORIENTED_EDGE('',*,*,#2386,.F.);
#1226=ORIENTED_EDGE('',*,*,#2402,.F.);
#1227=ORIENTED_EDGE('',*,*,#2403,.F.);
#1228=ORIENTED_EDGE('',*,*,#2377,.T.);
#1229=ORIENTED_EDGE('',*,*,#2402,.T.);
#1230=ORIENTED_EDGE('',*,*,#2385,.F.);
#1231=ORIENTED_EDGE('',*,*,#2404,.F.);
#1232=ORIENTED_EDGE('',*,*,#2383,.T.);
#1233=ORIENTED_EDGE('',*,*,#2388,.T.);
#1234=ORIENTED_EDGE('',*,*,#2390,.T.);
#1235=ORIENTED_EDGE('',*,*,#2392,.T.);
#1236=ORIENTED_EDGE('',*,*,#2394,.T.);
#1237=ORIENTED_EDGE('',*,*,#2396,.T.);
#1238=ORIENTED_EDGE('',*,*,#2398,.T.);
#1239=ORIENTED_EDGE('',*,*,#2400,.T.);
#1240=ORIENTED_EDGE('',*,*,#2401,.T.);
#1241=ORIENTED_EDGE('',*,*,#2373,.T.);
#1242=ORIENTED_EDGE('',*,*,#2379,.T.);
#1243=ORIENTED_EDGE('',*,*,#2384,.T.);
#1244=ORIENTED_EDGE('',*,*,#2404,.T.);
#1245=ORIENTED_EDGE('',*,*,#2378,.T.);
#1246=ORIENTED_EDGE('',*,*,#2403,.T.);
#1247=ORIENTED_EDGE('',*,*,#2405,.F.);
#1248=ORIENTED_EDGE('',*,*,#2406,.F.);
#1249=ORIENTED_EDGE('',*,*,#2407,.T.);
#1250=ORIENTED_EDGE('',*,*,#1924,.T.);
#1251=ORIENTED_EDGE('',*,*,#2408,.F.);
#1252=ORIENTED_EDGE('',*,*,#2409,.T.);
#1253=ORIENTED_EDGE('',*,*,#2410,.F.);
#1254=ORIENTED_EDGE('',*,*,#2411,.F.);
#1255=ORIENTED_EDGE('',*,*,#2412,.T.);
#1256=ORIENTED_EDGE('',*,*,#2413,.T.);
#1257=ORIENTED_EDGE('',*,*,#2414,.T.);
#1258=ORIENTED_EDGE('',*,*,#1934,.T.);
#1259=ORIENTED_EDGE('',*,*,#2415,.F.);
#1260=ORIENTED_EDGE('',*,*,#2416,.F.);
#1261=ORIENTED_EDGE('',*,*,#2417,.F.);
#1262=ORIENTED_EDGE('',*,*,#2410,.T.);
#1263=ORIENTED_EDGE('',*,*,#2418,.T.);
#1264=ORIENTED_EDGE('',*,*,#2412,.F.);
#1265=ORIENTED_EDGE('',*,*,#1923,.T.);
#1266=ORIENTED_EDGE('',*,*,#2414,.F.);
#1267=ORIENTED_EDGE('',*,*,#2419,.F.);
#1268=ORIENTED_EDGE('',*,*,#2408,.T.);
#1269=ORIENTED_EDGE('',*,*,#1933,.T.);
#1270=ORIENTED_EDGE('',*,*,#2420,.F.);
#1271=ORIENTED_EDGE('',*,*,#2421,.F.);
#1272=ORIENTED_EDGE('',*,*,#2415,.T.);
#1273=ORIENTED_EDGE('',*,*,#1932,.T.);
#1274=ORIENTED_EDGE('',*,*,#2422,.F.);
#1275=ORIENTED_EDGE('',*,*,#2423,.F.);
#1276=ORIENTED_EDGE('',*,*,#2420,.T.);
#1277=ORIENTED_EDGE('',*,*,#1931,.T.);
#1278=ORIENTED_EDGE('',*,*,#2424,.F.);
#1279=ORIENTED_EDGE('',*,*,#2425,.F.);
#1280=ORIENTED_EDGE('',*,*,#2422,.T.);
#1281=ORIENTED_EDGE('',*,*,#1930,.T.);
#1282=ORIENTED_EDGE('',*,*,#2426,.F.);
#1283=ORIENTED_EDGE('',*,*,#2427,.F.);
#1284=ORIENTED_EDGE('',*,*,#2424,.T.);
#1285=ORIENTED_EDGE('',*,*,#1929,.T.);
#1286=ORIENTED_EDGE('',*,*,#2428,.F.);
#1287=ORIENTED_EDGE('',*,*,#2429,.F.);
#1288=ORIENTED_EDGE('',*,*,#2426,.T.);
#1289=ORIENTED_EDGE('',*,*,#1928,.T.);
#1290=ORIENTED_EDGE('',*,*,#2430,.F.);
#1291=ORIENTED_EDGE('',*,*,#2431,.F.);
#1292=ORIENTED_EDGE('',*,*,#2428,.T.);
#1293=ORIENTED_EDGE('',*,*,#1927,.T.);
#1294=ORIENTED_EDGE('',*,*,#2432,.F.);
#1295=ORIENTED_EDGE('',*,*,#2433,.F.);
#1296=ORIENTED_EDGE('',*,*,#2430,.T.);
#1297=ORIENTED_EDGE('',*,*,#1926,.T.);
#1298=ORIENTED_EDGE('',*,*,#2434,.F.);
#1299=ORIENTED_EDGE('',*,*,#2435,.F.);
#1300=ORIENTED_EDGE('',*,*,#2432,.T.);
#1301=ORIENTED_EDGE('',*,*,#1925,.T.);
#1302=ORIENTED_EDGE('',*,*,#2407,.F.);
#1303=ORIENTED_EDGE('',*,*,#2436,.F.);
#1304=ORIENTED_EDGE('',*,*,#2434,.T.);
#1305=ORIENTED_EDGE('',*,*,#2409,.F.);
#1306=ORIENTED_EDGE('',*,*,#2419,.T.);
#1307=ORIENTED_EDGE('',*,*,#2413,.F.);
#1308=ORIENTED_EDGE('',*,*,#2418,.F.);
#1309=ORIENTED_EDGE('',*,*,#2437,.F.);
#1310=ORIENTED_EDGE('',*,*,#2416,.T.);
#1311=ORIENTED_EDGE('',*,*,#2421,.T.);
#1312=ORIENTED_EDGE('',*,*,#2423,.T.);
#1313=ORIENTED_EDGE('',*,*,#2425,.T.);
#1314=ORIENTED_EDGE('',*,*,#2427,.T.);
#1315=ORIENTED_EDGE('',*,*,#2429,.T.);
#1316=ORIENTED_EDGE('',*,*,#2431,.T.);
#1317=ORIENTED_EDGE('',*,*,#2433,.T.);
#1318=ORIENTED_EDGE('',*,*,#2435,.T.);
#1319=ORIENTED_EDGE('',*,*,#2436,.T.);
#1320=ORIENTED_EDGE('',*,*,#2406,.T.);
#1321=ORIENTED_EDGE('',*,*,#2411,.T.);
#1322=ORIENTED_EDGE('',*,*,#2437,.T.);
#1323=ORIENTED_EDGE('',*,*,#2405,.T.);
#1324=ORIENTED_EDGE('',*,*,#2417,.T.);
#1325=ORIENTED_EDGE('',*,*,#2438,.F.);
#1326=ORIENTED_EDGE('',*,*,#2439,.F.);
#1327=ORIENTED_EDGE('',*,*,#2440,.T.);
#1328=ORIENTED_EDGE('',*,*,#2441,.F.);
#1329=ORIENTED_EDGE('',*,*,#1922,.T.);
#1330=ORIENTED_EDGE('',*,*,#2442,.T.);
#1331=ORIENTED_EDGE('',*,*,#2443,.F.);
#1332=ORIENTED_EDGE('',*,*,#2444,.F.);
#1333=ORIENTED_EDGE('',*,*,#2445,.F.);
#1334=ORIENTED_EDGE('',*,*,#2446,.F.);
#1335=ORIENTED_EDGE('',*,*,#1912,.T.);
#1336=ORIENTED_EDGE('',*,*,#2447,.T.);
#1337=ORIENTED_EDGE('',*,*,#2448,.T.);
#1338=ORIENTED_EDGE('',*,*,#2449,.T.);
#1339=ORIENTED_EDGE('',*,*,#2450,.F.);
#1340=ORIENTED_EDGE('',*,*,#2449,.F.);
#1341=ORIENTED_EDGE('',*,*,#2451,.T.);
#1342=ORIENTED_EDGE('',*,*,#2439,.T.);
#1343=ORIENTED_EDGE('',*,*,#1911,.T.);
#1344=ORIENTED_EDGE('',*,*,#2441,.T.);
#1345=ORIENTED_EDGE('',*,*,#2452,.F.);
#1346=ORIENTED_EDGE('',*,*,#2447,.F.);
#1347=ORIENTED_EDGE('',*,*,#1913,.T.);
#1348=ORIENTED_EDGE('',*,*,#2446,.T.);
#1349=ORIENTED_EDGE('',*,*,#2453,.F.);
#1350=ORIENTED_EDGE('',*,*,#2454,.F.);
#1351=ORIENTED_EDGE('',*,*,#1914,.T.);
#1352=ORIENTED_EDGE('',*,*,#2454,.T.);
#1353=ORIENTED_EDGE('',*,*,#2455,.F.);
#1354=ORIENTED_EDGE('',*,*,#2456,.F.);
#1355=ORIENTED_EDGE('',*,*,#1915,.T.);
#1356=ORIENTED_EDGE('',*,*,#2456,.T.);
#1357=ORIENTED_EDGE('',*,*,#2457,.F.);
#1358=ORIENTED_EDGE('',*,*,#2458,.F.);
#1359=ORIENTED_EDGE('',*,*,#1916,.T.);
#1360=ORIENTED_EDGE('',*,*,#2458,.T.);
#1361=ORIENTED_EDGE('',*,*,#2459,.F.);
#1362=ORIENTED_EDGE('',*,*,#2460,.F.);
#1363=ORIENTED_EDGE('',*,*,#1917,.T.);
#1364=ORIENTED_EDGE('',*,*,#2460,.T.);
#1365=ORIENTED_EDGE('',*,*,#2461,.F.);
#1366=ORIENTED_EDGE('',*,*,#2462,.F.);
#1367=ORIENTED_EDGE('',*,*,#1918,.T.);
#1368=ORIENTED_EDGE('',*,*,#2462,.T.);
#1369=ORIENTED_EDGE('',*,*,#2463,.F.);
#1370=ORIENTED_EDGE('',*,*,#2464,.F.);
#1371=ORIENTED_EDGE('',*,*,#1919,.T.);
#1372=ORIENTED_EDGE('',*,*,#2464,.T.);
#1373=ORIENTED_EDGE('',*,*,#2465,.F.);
#1374=ORIENTED_EDGE('',*,*,#2466,.F.);
#1375=ORIENTED_EDGE('',*,*,#1920,.T.);
#1376=ORIENTED_EDGE('',*,*,#2466,.T.);
#1377=ORIENTED_EDGE('',*,*,#2467,.F.);
#1378=ORIENTED_EDGE('',*,*,#2468,.F.);
#1379=ORIENTED_EDGE('',*,*,#1921,.T.);
#1380=ORIENTED_EDGE('',*,*,#2468,.T.);
#1381=ORIENTED_EDGE('',*,*,#2469,.F.);
#1382=ORIENTED_EDGE('',*,*,#2442,.F.);
#1383=ORIENTED_EDGE('',*,*,#2440,.F.);
#1384=ORIENTED_EDGE('',*,*,#2451,.F.);
#1385=ORIENTED_EDGE('',*,*,#2448,.F.);
#1386=ORIENTED_EDGE('',*,*,#2452,.T.);
#1387=ORIENTED_EDGE('',*,*,#2470,.F.);
#1388=ORIENTED_EDGE('',*,*,#2443,.T.);
#1389=ORIENTED_EDGE('',*,*,#2469,.T.);
#1390=ORIENTED_EDGE('',*,*,#2467,.T.);
#1391=ORIENTED_EDGE('',*,*,#2465,.T.);
#1392=ORIENTED_EDGE('',*,*,#2463,.T.);
#1393=ORIENTED_EDGE('',*,*,#2461,.T.);
#1394=ORIENTED_EDGE('',*,*,#2459,.T.);
#1395=ORIENTED_EDGE('',*,*,#2457,.T.);
#1396=ORIENTED_EDGE('',*,*,#2455,.T.);
#1397=ORIENTED_EDGE('',*,*,#2453,.T.);
#1398=ORIENTED_EDGE('',*,*,#2445,.T.);
#1399=ORIENTED_EDGE('',*,*,#2444,.T.);
#1400=ORIENTED_EDGE('',*,*,#2450,.T.);
#1401=ORIENTED_EDGE('',*,*,#2438,.T.);
#1402=ORIENTED_EDGE('',*,*,#2470,.T.);
#1403=ORIENTED_EDGE('',*,*,#1997,.T.);
#1404=ORIENTED_EDGE('',*,*,#2471,.F.);
#1405=ORIENTED_EDGE('',*,*,#2472,.F.);
#1406=ORIENTED_EDGE('',*,*,#2473,.T.);
#1407=ORIENTED_EDGE('',*,*,#1996,.T.);
#1408=ORIENTED_EDGE('',*,*,#2474,.F.);
#1409=ORIENTED_EDGE('',*,*,#2475,.T.);
#1410=ORIENTED_EDGE('',*,*,#2476,.F.);
#1411=ORIENTED_EDGE('',*,*,#2477,.F.);
#1412=ORIENTED_EDGE('',*,*,#2478,.F.);
#1413=ORIENTED_EDGE('',*,*,#2471,.T.);
#1414=ORIENTED_EDGE('',*,*,#2007,.T.);
#1415=ORIENTED_EDGE('',*,*,#2479,.F.);
#1416=ORIENTED_EDGE('',*,*,#2480,.F.);
#1417=ORIENTED_EDGE('',*,*,#2474,.T.);
#1418=ORIENTED_EDGE('',*,*,#2006,.T.);
#1419=ORIENTED_EDGE('',*,*,#2481,.F.);
#1420=ORIENTED_EDGE('',*,*,#2482,.F.);
#1421=ORIENTED_EDGE('',*,*,#2483,.F.);
#1422=ORIENTED_EDGE('',*,*,#2484,.T.);
#1423=ORIENTED_EDGE('',*,*,#2485,.T.);
#1424=ORIENTED_EDGE('',*,*,#2479,.T.);
#1425=ORIENTED_EDGE('',*,*,#2005,.T.);
#1426=ORIENTED_EDGE('',*,*,#2486,.F.);
#1427=ORIENTED_EDGE('',*,*,#2487,.F.);
#1428=ORIENTED_EDGE('',*,*,#2481,.T.);
#1429=ORIENTED_EDGE('',*,*,#2004,.T.);
#1430=ORIENTED_EDGE('',*,*,#2488,.F.);
#1431=ORIENTED_EDGE('',*,*,#2489,.F.);
#1432=ORIENTED_EDGE('',*,*,#2486,.T.);
#1433=ORIENTED_EDGE('',*,*,#2003,.T.);
#1434=ORIENTED_EDGE('',*,*,#2490,.F.);
#1435=ORIENTED_EDGE('',*,*,#2491,.F.);
#1436=ORIENTED_EDGE('',*,*,#2488,.T.);
#1437=ORIENTED_EDGE('',*,*,#2002,.T.);
#1438=ORIENTED_EDGE('',*,*,#2492,.F.);
#1439=ORIENTED_EDGE('',*,*,#2493,.F.);
#1440=ORIENTED_EDGE('',*,*,#2490,.T.);
#1441=ORIENTED_EDGE('',*,*,#2001,.T.);
#1442=ORIENTED_EDGE('',*,*,#2494,.F.);
#1443=ORIENTED_EDGE('',*,*,#2495,.F.);
#1444=ORIENTED_EDGE('',*,*,#2492,.T.);
#1445=ORIENTED_EDGE('',*,*,#2000,.T.);
#1446=ORIENTED_EDGE('',*,*,#2496,.F.);
#1447=ORIENTED_EDGE('',*,*,#2497,.F.);
#1448=ORIENTED_EDGE('',*,*,#2494,.T.);
#1449=ORIENTED_EDGE('',*,*,#1999,.T.);
#1450=ORIENTED_EDGE('',*,*,#2498,.F.);
#1451=ORIENTED_EDGE('',*,*,#2499,.F.);
#1452=ORIENTED_EDGE('',*,*,#2496,.T.);
#1453=ORIENTED_EDGE('',*,*,#1998,.T.);
#1454=ORIENTED_EDGE('',*,*,#2473,.F.);
#1455=ORIENTED_EDGE('',*,*,#2500,.F.);
#1456=ORIENTED_EDGE('',*,*,#2498,.T.);
#1457=ORIENTED_EDGE('',*,*,#2475,.F.);
#1458=ORIENTED_EDGE('',*,*,#2480,.T.);
#1459=ORIENTED_EDGE('',*,*,#2485,.F.);
#1460=ORIENTED_EDGE('',*,*,#2501,.F.);
#1461=ORIENTED_EDGE('',*,*,#2502,.F.);
#1462=ORIENTED_EDGE('',*,*,#2476,.T.);
#1463=ORIENTED_EDGE('',*,*,#2501,.T.);
#1464=ORIENTED_EDGE('',*,*,#2484,.F.);
#1465=ORIENTED_EDGE('',*,*,#2503,.F.);
#1466=ORIENTED_EDGE('',*,*,#2482,.T.);
#1467=ORIENTED_EDGE('',*,*,#2487,.T.);
#1468=ORIENTED_EDGE('',*,*,#2489,.T.);
#1469=ORIENTED_EDGE('',*,*,#2491,.T.);
#1470=ORIENTED_EDGE('',*,*,#2493,.T.);
#1471=ORIENTED_EDGE('',*,*,#2495,.T.);
#1472=ORIENTED_EDGE('',*,*,#2497,.T.);
#1473=ORIENTED_EDGE('',*,*,#2499,.T.);
#1474=ORIENTED_EDGE('',*,*,#2500,.T.);
#1475=ORIENTED_EDGE('',*,*,#2472,.T.);
#1476=ORIENTED_EDGE('',*,*,#2478,.T.);
#1477=ORIENTED_EDGE('',*,*,#2483,.T.);
#1478=ORIENTED_EDGE('',*,*,#2503,.T.);
#1479=ORIENTED_EDGE('',*,*,#2477,.T.);
#1480=ORIENTED_EDGE('',*,*,#2502,.T.);
#1481=ORIENTED_EDGE('',*,*,#2009,.T.);
#1482=ORIENTED_EDGE('',*,*,#2504,.T.);
#1483=ORIENTED_EDGE('',*,*,#2505,.F.);
#1484=ORIENTED_EDGE('',*,*,#2506,.F.);
#1485=ORIENTED_EDGE('',*,*,#2010,.T.);
#1486=ORIENTED_EDGE('',*,*,#2506,.T.);
#1487=ORIENTED_EDGE('',*,*,#2507,.F.);
#1488=ORIENTED_EDGE('',*,*,#2508,.F.);
#1489=ORIENTED_EDGE('',*,*,#2509,.F.);
#1490=ORIENTED_EDGE('',*,*,#2510,.T.);
#1491=ORIENTED_EDGE('',*,*,#2511,.F.);
#1492=ORIENTED_EDGE('',*,*,#2011,.T.);
#1493=ORIENTED_EDGE('',*,*,#2511,.T.);
#1494=ORIENTED_EDGE('',*,*,#2512,.F.);
#1495=ORIENTED_EDGE('',*,*,#2513,.F.);
#1496=ORIENTED_EDGE('',*,*,#2012,.T.);
#1497=ORIENTED_EDGE('',*,*,#2513,.T.);
#1498=ORIENTED_EDGE('',*,*,#2514,.T.);
#1499=ORIENTED_EDGE('',*,*,#2515,.T.);
#1500=ORIENTED_EDGE('',*,*,#2516,.F.);
#1501=ORIENTED_EDGE('',*,*,#2517,.F.);
#1502=ORIENTED_EDGE('',*,*,#2518,.F.);
#1503=ORIENTED_EDGE('',*,*,#2013,.T.);
#1504=ORIENTED_EDGE('',*,*,#2518,.T.);
#1505=ORIENTED_EDGE('',*,*,#2519,.F.);
#1506=ORIENTED_EDGE('',*,*,#2520,.F.);
#1507=ORIENTED_EDGE('',*,*,#2014,.T.);
#1508=ORIENTED_EDGE('',*,*,#2520,.T.);
#1509=ORIENTED_EDGE('',*,*,#2521,.F.);
#1510=ORIENTED_EDGE('',*,*,#2522,.F.);
#1511=ORIENTED_EDGE('',*,*,#2015,.T.);
#1512=ORIENTED_EDGE('',*,*,#2522,.T.);
#1513=ORIENTED_EDGE('',*,*,#2523,.F.);
#1514=ORIENTED_EDGE('',*,*,#2524,.F.);
#1515=ORIENTED_EDGE('',*,*,#2016,.T.);
#1516=ORIENTED_EDGE('',*,*,#2524,.T.);
#1517=ORIENTED_EDGE('',*,*,#2525,.F.);
#1518=ORIENTED_EDGE('',*,*,#2526,.F.);
#1519=ORIENTED_EDGE('',*,*,#2017,.T.);
#1520=ORIENTED_EDGE('',*,*,#2526,.T.);
#1521=ORIENTED_EDGE('',*,*,#2527,.F.);
#1522=ORIENTED_EDGE('',*,*,#2528,.F.);
#1523=ORIENTED_EDGE('',*,*,#2018,.T.);
#1524=ORIENTED_EDGE('',*,*,#2528,.T.);
#1525=ORIENTED_EDGE('',*,*,#2529,.F.);
#1526=ORIENTED_EDGE('',*,*,#2530,.F.);
#1527=ORIENTED_EDGE('',*,*,#2019,.T.);
#1528=ORIENTED_EDGE('',*,*,#2530,.T.);
#1529=ORIENTED_EDGE('',*,*,#2531,.F.);
#1530=ORIENTED_EDGE('',*,*,#2532,.F.);
#1531=ORIENTED_EDGE('',*,*,#2008,.T.);
#1532=ORIENTED_EDGE('',*,*,#2532,.T.);
#1533=ORIENTED_EDGE('',*,*,#2533,.F.);
#1534=ORIENTED_EDGE('',*,*,#2504,.F.);
#1535=ORIENTED_EDGE('',*,*,#2510,.F.);
#1536=ORIENTED_EDGE('',*,*,#2534,.F.);
#1537=ORIENTED_EDGE('',*,*,#2514,.F.);
#1538=ORIENTED_EDGE('',*,*,#2512,.T.);
#1539=ORIENTED_EDGE('',*,*,#2535,.F.);
#1540=ORIENTED_EDGE('',*,*,#2515,.F.);
#1541=ORIENTED_EDGE('',*,*,#2534,.T.);
#1542=ORIENTED_EDGE('',*,*,#2509,.T.);
#1543=ORIENTED_EDGE('',*,*,#2536,.F.);
#1544=ORIENTED_EDGE('',*,*,#2507,.T.);
#1545=ORIENTED_EDGE('',*,*,#2505,.T.);
#1546=ORIENTED_EDGE('',*,*,#2533,.T.);
#1547=ORIENTED_EDGE('',*,*,#2531,.T.);
#1548=ORIENTED_EDGE('',*,*,#2529,.T.);
#1549=ORIENTED_EDGE('',*,*,#2527,.T.);
#1550=ORIENTED_EDGE('',*,*,#2525,.T.);
#1551=ORIENTED_EDGE('',*,*,#2523,.T.);
#1552=ORIENTED_EDGE('',*,*,#2521,.T.);
#1553=ORIENTED_EDGE('',*,*,#2519,.T.);
#1554=ORIENTED_EDGE('',*,*,#2517,.T.);
#1555=ORIENTED_EDGE('',*,*,#2516,.T.);
#1556=ORIENTED_EDGE('',*,*,#2535,.T.);
#1557=ORIENTED_EDGE('',*,*,#2508,.T.);
#1558=ORIENTED_EDGE('',*,*,#2536,.T.);
#1559=ORIENTED_EDGE('',*,*,#2021,.T.);
#1560=ORIENTED_EDGE('',*,*,#2537,.F.);
#1561=ORIENTED_EDGE('',*,*,#2538,.F.);
#1562=ORIENTED_EDGE('',*,*,#2539,.T.);
#1563=ORIENTED_EDGE('',*,*,#2020,.T.);
#1564=ORIENTED_EDGE('',*,*,#2540,.F.);
#1565=ORIENTED_EDGE('',*,*,#2541,.T.);
#1566=ORIENTED_EDGE('',*,*,#2542,.F.);
#1567=ORIENTED_EDGE('',*,*,#2543,.F.);
#1568=ORIENTED_EDGE('',*,*,#2544,.F.);
#1569=ORIENTED_EDGE('',*,*,#2537,.T.);
#1570=ORIENTED_EDGE('',*,*,#2031,.T.);
#1571=ORIENTED_EDGE('',*,*,#2545,.F.);
#1572=ORIENTED_EDGE('',*,*,#2546,.F.);
#1573=ORIENTED_EDGE('',*,*,#2540,.T.);
#1574=ORIENTED_EDGE('',*,*,#2030,.T.);
#1575=ORIENTED_EDGE('',*,*,#2547,.F.);
#1576=ORIENTED_EDGE('',*,*,#2548,.F.);
#1577=ORIENTED_EDGE('',*,*,#2549,.F.);
#1578=ORIENTED_EDGE('',*,*,#2550,.T.);
#1579=ORIENTED_EDGE('',*,*,#2551,.T.);
#1580=ORIENTED_EDGE('',*,*,#2545,.T.);
#1581=ORIENTED_EDGE('',*,*,#2029,.T.);
#1582=ORIENTED_EDGE('',*,*,#2552,.F.);
#1583=ORIENTED_EDGE('',*,*,#2553,.F.);
#1584=ORIENTED_EDGE('',*,*,#2547,.T.);
#1585=ORIENTED_EDGE('',*,*,#2028,.T.);
#1586=ORIENTED_EDGE('',*,*,#2554,.F.);
#1587=ORIENTED_EDGE('',*,*,#2555,.F.);
#1588=ORIENTED_EDGE('',*,*,#2552,.T.);
#1589=ORIENTED_EDGE('',*,*,#2027,.T.);
#1590=ORIENTED_EDGE('',*,*,#2556,.F.);
#1591=ORIENTED_EDGE('',*,*,#2557,.F.);
#1592=ORIENTED_EDGE('',*,*,#2554,.T.);
#1593=ORIENTED_EDGE('',*,*,#2026,.T.);
#1594=ORIENTED_EDGE('',*,*,#2558,.F.);
#1595=ORIENTED_EDGE('',*,*,#2559,.F.);
#1596=ORIENTED_EDGE('',*,*,#2556,.T.);
#1597=ORIENTED_EDGE('',*,*,#2025,.T.);
#1598=ORIENTED_EDGE('',*,*,#2560,.F.);
#1599=ORIENTED_EDGE('',*,*,#2561,.F.);
#1600=ORIENTED_EDGE('',*,*,#2558,.T.);
#1601=ORIENTED_EDGE('',*,*,#2024,.T.);
#1602=ORIENTED_EDGE('',*,*,#2562,.F.);
#1603=ORIENTED_EDGE('',*,*,#2563,.F.);
#1604=ORIENTED_EDGE('',*,*,#2560,.T.);
#1605=ORIENTED_EDGE('',*,*,#2023,.T.);
#1606=ORIENTED_EDGE('',*,*,#2564,.F.);
#1607=ORIENTED_EDGE('',*,*,#2565,.F.);
#1608=ORIENTED_EDGE('',*,*,#2562,.T.);
#1609=ORIENTED_EDGE('',*,*,#2022,.T.);
#1610=ORIENTED_EDGE('',*,*,#2539,.F.);
#1611=ORIENTED_EDGE('',*,*,#2566,.F.);
#1612=ORIENTED_EDGE('',*,*,#2564,.T.);
#1613=ORIENTED_EDGE('',*,*,#2541,.F.);
#1614=ORIENTED_EDGE('',*,*,#2546,.T.);
#1615=ORIENTED_EDGE('',*,*,#2551,.F.);
#1616=ORIENTED_EDGE('',*,*,#2567,.F.);
#1617=ORIENTED_EDGE('',*,*,#2568,.F.);
#1618=ORIENTED_EDGE('',*,*,#2542,.T.);
#1619=ORIENTED_EDGE('',*,*,#2567,.T.);
#1620=ORIENTED_EDGE('',*,*,#2550,.F.);
#1621=ORIENTED_EDGE('',*,*,#2569,.F.);
#1622=ORIENTED_EDGE('',*,*,#2548,.T.);
#1623=ORIENTED_EDGE('',*,*,#2553,.T.);
#1624=ORIENTED_EDGE('',*,*,#2555,.T.);
#1625=ORIENTED_EDGE('',*,*,#2557,.T.);
#1626=ORIENTED_EDGE('',*,*,#2559,.T.);
#1627=ORIENTED_EDGE('',*,*,#2561,.T.);
#1628=ORIENTED_EDGE('',*,*,#2563,.T.);
#1629=ORIENTED_EDGE('',*,*,#2565,.T.);
#1630=ORIENTED_EDGE('',*,*,#2566,.T.);
#1631=ORIENTED_EDGE('',*,*,#2538,.T.);
#1632=ORIENTED_EDGE('',*,*,#2544,.T.);
#1633=ORIENTED_EDGE('',*,*,#2549,.T.);
#1634=ORIENTED_EDGE('',*,*,#2569,.T.);
#1635=ORIENTED_EDGE('',*,*,#2543,.T.);
#1636=ORIENTED_EDGE('',*,*,#2568,.T.);
#1637=ORIENTED_EDGE('',*,*,#2033,.T.);
#1638=ORIENTED_EDGE('',*,*,#2570,.F.);
#1639=ORIENTED_EDGE('',*,*,#2571,.F.);
#1640=ORIENTED_EDGE('',*,*,#2572,.T.);
#1641=ORIENTED_EDGE('',*,*,#2032,.T.);
#1642=ORIENTED_EDGE('',*,*,#2573,.F.);
#1643=ORIENTED_EDGE('',*,*,#2574,.T.);
#1644=ORIENTED_EDGE('',*,*,#2575,.F.);
#1645=ORIENTED_EDGE('',*,*,#2576,.F.);
#1646=ORIENTED_EDGE('',*,*,#2577,.F.);
#1647=ORIENTED_EDGE('',*,*,#2570,.T.);
#1648=ORIENTED_EDGE('',*,*,#2043,.T.);
#1649=ORIENTED_EDGE('',*,*,#2578,.F.);
#1650=ORIENTED_EDGE('',*,*,#2579,.F.);
#1651=ORIENTED_EDGE('',*,*,#2573,.T.);
#1652=ORIENTED_EDGE('',*,*,#2042,.T.);
#1653=ORIENTED_EDGE('',*,*,#2580,.F.);
#1654=ORIENTED_EDGE('',*,*,#2581,.F.);
#1655=ORIENTED_EDGE('',*,*,#2582,.F.);
#1656=ORIENTED_EDGE('',*,*,#2583,.T.);
#1657=ORIENTED_EDGE('',*,*,#2584,.T.);
#1658=ORIENTED_EDGE('',*,*,#2578,.T.);
#1659=ORIENTED_EDGE('',*,*,#2041,.T.);
#1660=ORIENTED_EDGE('',*,*,#2585,.F.);
#1661=ORIENTED_EDGE('',*,*,#2586,.F.);
#1662=ORIENTED_EDGE('',*,*,#2580,.T.);
#1663=ORIENTED_EDGE('',*,*,#2040,.T.);
#1664=ORIENTED_EDGE('',*,*,#2587,.F.);
#1665=ORIENTED_EDGE('',*,*,#2588,.F.);
#1666=ORIENTED_EDGE('',*,*,#2585,.T.);
#1667=ORIENTED_EDGE('',*,*,#2039,.T.);
#1668=ORIENTED_EDGE('',*,*,#2589,.F.);
#1669=ORIENTED_EDGE('',*,*,#2590,.F.);
#1670=ORIENTED_EDGE('',*,*,#2587,.T.);
#1671=ORIENTED_EDGE('',*,*,#2038,.T.);
#1672=ORIENTED_EDGE('',*,*,#2591,.F.);
#1673=ORIENTED_EDGE('',*,*,#2592,.F.);
#1674=ORIENTED_EDGE('',*,*,#2589,.T.);
#1675=ORIENTED_EDGE('',*,*,#2037,.T.);
#1676=ORIENTED_EDGE('',*,*,#2593,.F.);
#1677=ORIENTED_EDGE('',*,*,#2594,.F.);
#1678=ORIENTED_EDGE('',*,*,#2591,.T.);
#1679=ORIENTED_EDGE('',*,*,#2036,.T.);
#1680=ORIENTED_EDGE('',*,*,#2595,.F.);
#1681=ORIENTED_EDGE('',*,*,#2596,.F.);
#1682=ORIENTED_EDGE('',*,*,#2593,.T.);
#1683=ORIENTED_EDGE('',*,*,#2035,.T.);
#1684=ORIENTED_EDGE('',*,*,#2597,.F.);
#1685=ORIENTED_EDGE('',*,*,#2598,.F.);
#1686=ORIENTED_EDGE('',*,*,#2595,.T.);
#1687=ORIENTED_EDGE('',*,*,#2034,.T.);
#1688=ORIENTED_EDGE('',*,*,#2572,.F.);
#1689=ORIENTED_EDGE('',*,*,#2599,.F.);
#1690=ORIENTED_EDGE('',*,*,#2597,.T.);
#1691=ORIENTED_EDGE('',*,*,#2574,.F.);
#1692=ORIENTED_EDGE('',*,*,#2579,.T.);
#1693=ORIENTED_EDGE('',*,*,#2584,.F.);
#1694=ORIENTED_EDGE('',*,*,#2600,.F.);
#1695=ORIENTED_EDGE('',*,*,#2601,.F.);
#1696=ORIENTED_EDGE('',*,*,#2575,.T.);
#1697=ORIENTED_EDGE('',*,*,#2600,.T.);
#1698=ORIENTED_EDGE('',*,*,#2583,.F.);
#1699=ORIENTED_EDGE('',*,*,#2602,.F.);
#1700=ORIENTED_EDGE('',*,*,#2581,.T.);
#1701=ORIENTED_EDGE('',*,*,#2586,.T.);
#1702=ORIENTED_EDGE('',*,*,#2588,.T.);
#1703=ORIENTED_EDGE('',*,*,#2590,.T.);
#1704=ORIENTED_EDGE('',*,*,#2592,.T.);
#1705=ORIENTED_EDGE('',*,*,#2594,.T.);
#1706=ORIENTED_EDGE('',*,*,#2596,.T.);
#1707=ORIENTED_EDGE('',*,*,#2598,.T.);
#1708=ORIENTED_EDGE('',*,*,#2599,.T.);
#1709=ORIENTED_EDGE('',*,*,#2571,.T.);
#1710=ORIENTED_EDGE('',*,*,#2577,.T.);
#1711=ORIENTED_EDGE('',*,*,#2582,.T.);
#1712=ORIENTED_EDGE('',*,*,#2602,.T.);
#1713=ORIENTED_EDGE('',*,*,#2576,.T.);
#1714=ORIENTED_EDGE('',*,*,#2601,.T.);
#1715=ORIENTED_EDGE('',*,*,#2045,.T.);
#1716=ORIENTED_EDGE('',*,*,#2603,.T.);
#1717=ORIENTED_EDGE('',*,*,#2604,.F.);
#1718=ORIENTED_EDGE('',*,*,#2605,.F.);
#1719=ORIENTED_EDGE('',*,*,#2046,.T.);
#1720=ORIENTED_EDGE('',*,*,#2605,.T.);
#1721=ORIENTED_EDGE('',*,*,#2606,.F.);
#1722=ORIENTED_EDGE('',*,*,#2607,.F.);
#1723=ORIENTED_EDGE('',*,*,#2608,.F.);
#1724=ORIENTED_EDGE('',*,*,#2609,.T.);
#1725=ORIENTED_EDGE('',*,*,#2610,.F.);
#1726=ORIENTED_EDGE('',*,*,#2047,.T.);
#1727=ORIENTED_EDGE('',*,*,#2610,.T.);
#1728=ORIENTED_EDGE('',*,*,#2611,.F.);
#1729=ORIENTED_EDGE('',*,*,#2612,.F.);
#1730=ORIENTED_EDGE('',*,*,#2048,.T.);
#1731=ORIENTED_EDGE('',*,*,#2612,.T.);
#1732=ORIENTED_EDGE('',*,*,#2613,.T.);
#1733=ORIENTED_EDGE('',*,*,#2614,.T.);
#1734=ORIENTED_EDGE('',*,*,#2615,.F.);
#1735=ORIENTED_EDGE('',*,*,#2616,.F.);
#1736=ORIENTED_EDGE('',*,*,#2617,.F.);
#1737=ORIENTED_EDGE('',*,*,#2049,.T.);
#1738=ORIENTED_EDGE('',*,*,#2617,.T.);
#1739=ORIENTED_EDGE('',*,*,#2618,.F.);
#1740=ORIENTED_EDGE('',*,*,#2619,.F.);
#1741=ORIENTED_EDGE('',*,*,#2050,.T.);
#1742=ORIENTED_EDGE('',*,*,#2619,.T.);
#1743=ORIENTED_EDGE('',*,*,#2620,.F.);
#1744=ORIENTED_EDGE('',*,*,#2621,.F.);
#1745=ORIENTED_EDGE('',*,*,#2051,.T.);
#1746=ORIENTED_EDGE('',*,*,#2621,.T.);
#1747=ORIENTED_EDGE('',*,*,#2622,.F.);
#1748=ORIENTED_EDGE('',*,*,#2623,.F.);
#1749=ORIENTED_EDGE('',*,*,#2052,.T.);
#1750=ORIENTED_EDGE('',*,*,#2623,.T.);
#1751=ORIENTED_EDGE('',*,*,#2624,.F.);
#1752=ORIENTED_EDGE('',*,*,#2625,.F.);
#1753=ORIENTED_EDGE('',*,*,#2053,.T.);
#1754=ORIENTED_EDGE('',*,*,#2625,.T.);
#1755=ORIENTED_EDGE('',*,*,#2626,.F.);
#1756=ORIENTED_EDGE('',*,*,#2627,.F.);
#1757=ORIENTED_EDGE('',*,*,#2054,.T.);
#1758=ORIENTED_EDGE('',*,*,#2627,.T.);
#1759=ORIENTED_EDGE('',*,*,#2628,.F.);
#1760=ORIENTED_EDGE('',*,*,#2629,.F.);
#1761=ORIENTED_EDGE('',*,*,#2055,.T.);
#1762=ORIENTED_EDGE('',*,*,#2629,.T.);
#1763=ORIENTED_EDGE('',*,*,#2630,.F.);
#1764=ORIENTED_EDGE('',*,*,#2631,.F.);
#1765=ORIENTED_EDGE('',*,*,#2044,.T.);
#1766=ORIENTED_EDGE('',*,*,#2631,.T.);
#1767=ORIENTED_EDGE('',*,*,#2632,.F.);
#1768=ORIENTED_EDGE('',*,*,#2603,.F.);
#1769=ORIENTED_EDGE('',*,*,#2609,.F.);
#1770=ORIENTED_EDGE('',*,*,#2633,.F.);
#1771=ORIENTED_EDGE('',*,*,#2613,.F.);
#1772=ORIENTED_EDGE('',*,*,#2611,.T.);
#1773=ORIENTED_EDGE('',*,*,#2634,.F.);
#1774=ORIENTED_EDGE('',*,*,#2614,.F.);
#1775=ORIENTED_EDGE('',*,*,#2633,.T.);
#1776=ORIENTED_EDGE('',*,*,#2608,.T.);
#1777=ORIENTED_EDGE('',*,*,#2635,.F.);
#1778=ORIENTED_EDGE('',*,*,#2606,.T.);
#1779=ORIENTED_EDGE('',*,*,#2604,.T.);
#1780=ORIENTED_EDGE('',*,*,#2632,.T.);
#1781=ORIENTED_EDGE('',*,*,#2630,.T.);
#1782=ORIENTED_EDGE('',*,*,#2628,.T.);
#1783=ORIENTED_EDGE('',*,*,#2626,.T.);
#1784=ORIENTED_EDGE('',*,*,#2624,.T.);
#1785=ORIENTED_EDGE('',*,*,#2622,.T.);
#1786=ORIENTED_EDGE('',*,*,#2620,.T.);
#1787=ORIENTED_EDGE('',*,*,#2618,.T.);
#1788=ORIENTED_EDGE('',*,*,#2616,.T.);
#1789=ORIENTED_EDGE('',*,*,#2615,.T.);
#1790=ORIENTED_EDGE('',*,*,#2634,.T.);
#1791=ORIENTED_EDGE('',*,*,#2607,.T.);
#1792=ORIENTED_EDGE('',*,*,#2635,.T.);
#1793=ORIENTED_EDGE('',*,*,#2057,.T.);
#1794=ORIENTED_EDGE('',*,*,#2636,.T.);
#1795=ORIENTED_EDGE('',*,*,#2637,.F.);
#1796=ORIENTED_EDGE('',*,*,#2638,.F.);
#1797=ORIENTED_EDGE('',*,*,#2058,.T.);
#1798=ORIENTED_EDGE('',*,*,#2638,.T.);
#1799=ORIENTED_EDGE('',*,*,#2639,.F.);
#1800=ORIENTED_EDGE('',*,*,#2640,.F.);
#1801=ORIENTED_EDGE('',*,*,#2641,.F.);
#1802=ORIENTED_EDGE('',*,*,#2642,.T.);
#1803=ORIENTED_EDGE('',*,*,#2643,.F.);
#1804=ORIENTED_EDGE('',*,*,#2059,.T.);
#1805=ORIENTED_EDGE('',*,*,#2643,.T.);
#1806=ORIENTED_EDGE('',*,*,#2644,.F.);
#1807=ORIENTED_EDGE('',*,*,#2645,.F.);
#1808=ORIENTED_EDGE('',*,*,#2060,.T.);
#1809=ORIENTED_EDGE('',*,*,#2645,.T.);
#1810=ORIENTED_EDGE('',*,*,#2646,.T.);
#1811=ORIENTED_EDGE('',*,*,#2647,.T.);
#1812=ORIENTED_EDGE('',*,*,#2648,.F.);
#1813=ORIENTED_EDGE('',*,*,#2649,.F.);
#1814=ORIENTED_EDGE('',*,*,#2650,.F.);
#1815=ORIENTED_EDGE('',*,*,#2061,.T.);
#1816=ORIENTED_EDGE('',*,*,#2650,.T.);
#1817=ORIENTED_EDGE('',*,*,#2651,.F.);
#1818=ORIENTED_EDGE('',*,*,#2652,.F.);
#1819=ORIENTED_EDGE('',*,*,#2062,.T.);
#1820=ORIENTED_EDGE('',*,*,#2652,.T.);
#1821=ORIENTED_EDGE('',*,*,#2653,.F.);
#1822=ORIENTED_EDGE('',*,*,#2654,.F.);
#1823=ORIENTED_EDGE('',*,*,#2063,.T.);
#1824=ORIENTED_EDGE('',*,*,#2654,.T.);
#1825=ORIENTED_EDGE('',*,*,#2655,.F.);
#1826=ORIENTED_EDGE('',*,*,#2656,.F.);
#1827=ORIENTED_EDGE('',*,*,#2064,.T.);
#1828=ORIENTED_EDGE('',*,*,#2656,.T.);
#1829=ORIENTED_EDGE('',*,*,#2657,.F.);
#1830=ORIENTED_EDGE('',*,*,#2658,.F.);
#1831=ORIENTED_EDGE('',*,*,#2065,.T.);
#1832=ORIENTED_EDGE('',*,*,#2658,.T.);
#1833=ORIENTED_EDGE('',*,*,#2659,.F.);
#1834=ORIENTED_EDGE('',*,*,#2660,.F.);
#1835=ORIENTED_EDGE('',*,*,#2066,.T.);
#1836=ORIENTED_EDGE('',*,*,#2660,.T.);
#1837=ORIENTED_EDGE('',*,*,#2661,.F.);
#1838=ORIENTED_EDGE('',*,*,#2662,.F.);
#1839=ORIENTED_EDGE('',*,*,#2067,.T.);
#1840=ORIENTED_EDGE('',*,*,#2662,.T.);
#1841=ORIENTED_EDGE('',*,*,#2663,.F.);
#1842=ORIENTED_EDGE('',*,*,#2664,.F.);
#1843=ORIENTED_EDGE('',*,*,#2056,.T.);
#1844=ORIENTED_EDGE('',*,*,#2664,.T.);
#1845=ORIENTED_EDGE('',*,*,#2665,.F.);
#1846=ORIENTED_EDGE('',*,*,#2636,.F.);
#1847=ORIENTED_EDGE('',*,*,#2642,.F.);
#1848=ORIENTED_EDGE('',*,*,#2666,.F.);
#1849=ORIENTED_EDGE('',*,*,#2646,.F.);
#1850=ORIENTED_EDGE('',*,*,#2644,.T.);
#1851=ORIENTED_EDGE('',*,*,#2667,.F.);
#1852=ORIENTED_EDGE('',*,*,#2647,.F.);
#1853=ORIENTED_EDGE('',*,*,#2666,.T.);
#1854=ORIENTED_EDGE('',*,*,#2641,.T.);
#1855=ORIENTED_EDGE('',*,*,#2668,.F.);
#1856=ORIENTED_EDGE('',*,*,#2639,.T.);
#1857=ORIENTED_EDGE('',*,*,#2637,.T.);
#1858=ORIENTED_EDGE('',*,*,#2665,.T.);
#1859=ORIENTED_EDGE('',*,*,#2663,.T.);
#1860=ORIENTED_EDGE('',*,*,#2661,.T.);
#1861=ORIENTED_EDGE('',*,*,#2659,.T.);
#1862=ORIENTED_EDGE('',*,*,#2657,.T.);
#1863=ORIENTED_EDGE('',*,*,#2655,.T.);
#1864=ORIENTED_EDGE('',*,*,#2653,.T.);
#1865=ORIENTED_EDGE('',*,*,#2651,.T.);
#1866=ORIENTED_EDGE('',*,*,#2649,.T.);
#1867=ORIENTED_EDGE('',*,*,#2648,.T.);
#1868=ORIENTED_EDGE('',*,*,#2667,.T.);
#1869=ORIENTED_EDGE('',*,*,#2640,.T.);
#1870=ORIENTED_EDGE('',*,*,#2668,.T.);
#1871=ORIENTED_EDGE('',*,*,#2153,.F.);
#1872=ORIENTED_EDGE('',*,*,#2173,.F.);
#1873=ORIENTED_EDGE('',*,*,#2669,.F.);
#1874=ORIENTED_EDGE('',*,*,#2166,.F.);
#1875=ORIENTED_EDGE('',*,*,#2669,.T.);
#1876=ORIENTED_EDGE('',*,*,#2172,.F.);
#1877=ORIENTED_EDGE('',*,*,#2670,.F.);
#1878=ORIENTED_EDGE('',*,*,#2170,.F.);
#1879=ORIENTED_EDGE('',*,*,#2670,.T.);
#1880=ORIENTED_EDGE('',*,*,#2171,.F.);
#1881=ORIENTED_EDGE('',*,*,#2156,.F.);
#1882=ORIENTED_EDGE('',*,*,#2169,.F.);
#1883=ORIENTED_EDGE('',*,*,#2175,.F.);
#1884=ORIENTED_EDGE('',*,*,#2178,.F.);
#1885=ORIENTED_EDGE('',*,*,#2671,.F.);
#1886=ORIENTED_EDGE('',*,*,#1972,.F.);
#1887=ORIENTED_EDGE('',*,*,#2177,.F.);
#1888=ORIENTED_EDGE('',*,*,#2139,.F.);
#1889=ORIENTED_EDGE('',*,*,#1973,.F.);
#1890=ORIENTED_EDGE('',*,*,#2671,.T.);
#1891=ORIENTED_EDGE('',*,*,#2672,.F.);
#1892=ORIENTED_EDGE('',*,*,#2179,.F.);
#1893=ORIENTED_EDGE('',*,*,#2176,.F.);
#1894=ORIENTED_EDGE('',*,*,#1970,.F.);
#1895=ORIENTED_EDGE('',*,*,#2180,.F.);
#1896=ORIENTED_EDGE('',*,*,#2672,.T.);
#1897=ORIENTED_EDGE('',*,*,#1969,.F.);
#1898=ORIENTED_EDGE('',*,*,#2141,.F.);
#1899=EDGE_CURVE('',#2673,#2674,#3186,.T.);
#1900=EDGE_CURVE('',#2674,#2675,#3187,.T.);
#1901=EDGE_CURVE('',#2676,#2675,#3188,.T.);
#1902=EDGE_CURVE('',#2676,#2673,#3189,.T.);
#1903=EDGE_CURVE('',#2677,#2678,#3190,.T.);
#1904=EDGE_CURVE('',#2678,#2679,#3191,.T.);
#1905=EDGE_CURVE('',#2680,#2679,#3192,.T.);
#1906=EDGE_CURVE('',#2680,#2677,#3193,.T.);
#1907=EDGE_CURVE('',#2679,#2674,#268,.T.);
#1908=EDGE_CURVE('',#2673,#2680,#269,.F.);
#1909=EDGE_CURVE('',#2675,#2678,#270,.T.);
#1910=EDGE_CURVE('',#2677,#2676,#271,.F.);
#1911=EDGE_CURVE('',#2681,#2682,#3194,.F.);
#1912=EDGE_CURVE('',#2683,#2681,#104,.F.);
#1913=EDGE_CURVE('',#2684,#2683,#3195,.F.);
#1914=EDGE_CURVE('',#2685,#2684,#3196,.F.);
#1915=EDGE_CURVE('',#2686,#2685,#3197,.F.);
#1916=EDGE_CURVE('',#2687,#2686,#3198,.F.);
#1917=EDGE_CURVE('',#2688,#2687,#3199,.F.);
#1918=EDGE_CURVE('',#2689,#2688,#3200,.F.);
#1919=EDGE_CURVE('',#2690,#2689,#3201,.F.);
#1920=EDGE_CURVE('',#2691,#2690,#3202,.F.);
#1921=EDGE_CURVE('',#2692,#2691,#3203,.F.);
#1922=EDGE_CURVE('',#2682,#2692,#105,.F.);
#1923=EDGE_CURVE('',#2693,#2694,#3204,.T.);
#1924=EDGE_CURVE('',#2695,#2693,#106,.T.);
#1925=EDGE_CURVE('',#2696,#2695,#3205,.T.);
#1926=EDGE_CURVE('',#2697,#2696,#3206,.T.);
#1927=EDGE_CURVE('',#2698,#2697,#3207,.T.);
#1928=EDGE_CURVE('',#2699,#2698,#3208,.T.);
#1929=EDGE_CURVE('',#2700,#2699,#3209,.T.);
#1930=EDGE_CURVE('',#2701,#2700,#3210,.T.);
#1931=EDGE_CURVE('',#2702,#2701,#3211,.T.);
#1932=EDGE_CURVE('',#2703,#2702,#3212,.T.);
#1933=EDGE_CURVE('',#2704,#2703,#3213,.T.);
#1934=EDGE_CURVE('',#2694,#2704,#107,.T.);
#1935=EDGE_CURVE('',#2705,#2705,#272,.T.);
#1936=EDGE_CURVE('',#2706,#2707,#3214,.F.);
#1937=EDGE_CURVE('',#2708,#2706,#273,.T.);
#1938=EDGE_CURVE('',#2709,#2708,#3215,.F.);
#1939=EDGE_CURVE('',#2710,#2709,#274,.F.);
#1940=EDGE_CURVE('',#2711,#2710,#3216,.F.);
#1941=EDGE_CURVE('',#2712,#2711,#275,.T.);
#1942=EDGE_CURVE('',#2713,#2712,#3217,.T.);
#1943=EDGE_CURVE('',#2714,#2713,#276,.T.);
#1944=EDGE_CURVE('',#2715,#2714,#3218,.T.);
#1945=EDGE_CURVE('',#2716,#2715,#277,.T.);
#1946=EDGE_CURVE('',#2717,#2716,#3219,.T.);
#1947=EDGE_CURVE('',#2718,#2717,#278,.T.);
#1948=EDGE_CURVE('',#2719,#2718,#279,.T.);
#1949=EDGE_CURVE('',#2720,#2719,#3220,.T.);
#1950=EDGE_CURVE('',#2721,#2720,#280,.T.);
#1951=EDGE_CURVE('',#2722,#2721,#3221,.T.);
#1952=EDGE_CURVE('',#2723,#2722,#281,.T.);
#1953=EDGE_CURVE('',#2724,#2723,#3222,.T.);
#1954=EDGE_CURVE('',#2725,#2724,#282,.T.);
#1955=EDGE_CURVE('',#2726,#2725,#3223,.T.);
#1956=EDGE_CURVE('',#2727,#2726,#283,.T.);
#1957=EDGE_CURVE('',#2728,#2727,#3224,.T.);
#1958=EDGE_CURVE('',#2729,#2728,#284,.T.);
#1959=EDGE_CURVE('',#2730,#2729,#3225,.T.);
#1960=EDGE_CURVE('',#2731,#2730,#285,.T.);
#1961=EDGE_CURVE('',#2732,#2731,#3226,.T.);
#1962=EDGE_CURVE('',#2733,#2732,#286,.T.);
#1963=EDGE_CURVE('',#2734,#2733,#3227,.T.);
#1964=EDGE_CURVE('',#2735,#2734,#287,.T.);
#1965=EDGE_CURVE('',#2736,#2735,#3228,.T.);
#1966=EDGE_CURVE('',#2737,#2736,#288,.T.);
#1967=EDGE_CURVE('',#2738,#2737,#3229,.T.);
#1968=EDGE_CURVE('',#2739,#2738,#289,.T.);
#1969=EDGE_CURVE('',#2739,#2740,#290,.F.);
#1970=EDGE_CURVE('',#2740,#2741,#291,.F.);
#1971=EDGE_CURVE('',#2742,#2741,#292,.T.);
#1972=EDGE_CURVE('',#2742,#2743,#293,.F.);
#1973=EDGE_CURVE('',#2743,#2744,#294,.F.);
#1974=EDGE_CURVE('',#2745,#2744,#295,.T.);
#1975=EDGE_CURVE('',#2746,#2745,#3230,.T.);
#1976=EDGE_CURVE('',#2747,#2746,#296,.T.);
#1977=EDGE_CURVE('',#2748,#2747,#3231,.T.);
#1978=EDGE_CURVE('',#2749,#2748,#297,.T.);
#1979=EDGE_CURVE('',#2750,#2749,#3232,.T.);
#1980=EDGE_CURVE('',#2751,#2750,#298,.T.);
#1981=EDGE_CURVE('',#2752,#2751,#3233,.F.);
#1982=EDGE_CURVE('',#2707,#2752,#299,.F.);
#1983=EDGE_CURVE('',#2753,#2754,#3234,.T.);
#1984=EDGE_CURVE('',#2755,#2753,#300,.T.);
#1985=EDGE_CURVE('',#2756,#2755,#3235,.T.);
#1986=EDGE_CURVE('',#2756,#2754,#301,.T.);
#1987=EDGE_CURVE('',#2757,#2758,#3236,.T.);
#1988=EDGE_CURVE('',#2759,#2757,#302,.T.);
#1989=EDGE_CURVE('',#2760,#2759,#3237,.T.);
#1990=EDGE_CURVE('',#2758,#2760,#303,.T.);
#1991=EDGE_CURVE('',#2761,#2762,#3238,.F.);
#1992=EDGE_CURVE('',#2763,#2761,#304,.F.);
#1993=EDGE_CURVE('',#2764,#2763,#3239,.F.);
#1994=EDGE_CURVE('',#2762,#2764,#305,.F.);
#1995=EDGE_CURVE('',#2765,#2765,#306,.T.);
#1996=EDGE_CURVE('',#2766,#2767,#108,.T.);
#1997=EDGE_CURVE('',#2768,#2766,#3240,.T.);
#1998=EDGE_CURVE('',#2769,#2768,#3241,.T.);
#1999=EDGE_CURVE('',#2770,#2769,#3242,.T.);
#2000=EDGE_CURVE('',#2771,#2770,#3243,.T.);
#2001=EDGE_CURVE('',#2772,#2771,#3244,.T.);
#2002=EDGE_CURVE('',#2773,#2772,#3245,.T.);
#2003=EDGE_CURVE('',#2774,#2773,#3246,.T.);
#2004=EDGE_CURVE('',#2775,#2774,#3247,.T.);
#2005=EDGE_CURVE('',#2776,#2775,#3248,.T.);
#2006=EDGE_CURVE('',#2777,#2776,#109,.T.);
#2007=EDGE_CURVE('',#2767,#2777,#3249,.T.);
#2008=EDGE_CURVE('',#2778,#2779,#3250,.F.);
#2009=EDGE_CURVE('',#2780,#2778,#3251,.F.);
#2010=EDGE_CURVE('',#2781,#2780,#110,.F.);
#2011=EDGE_CURVE('',#2782,#2781,#3252,.F.);
#2012=EDGE_CURVE('',#2783,#2782,#111,.F.);
#2013=EDGE_CURVE('',#2784,#2783,#3253,.F.);
#2014=EDGE_CURVE('',#2785,#2784,#3254,.F.);
#2015=EDGE_CURVE('',#2786,#2785,#3255,.F.);
#2016=EDGE_CURVE('',#2787,#2786,#3256,.F.);
#2017=EDGE_CURVE('',#2788,#2787,#3257,.F.);
#2018=EDGE_CURVE('',#2789,#2788,#3258,.F.);
#2019=EDGE_CURVE('',#2779,#2789,#3259,.F.);
#2020=EDGE_CURVE('',#2790,#2791,#112,.T.);
#2021=EDGE_CURVE('',#2792,#2790,#3260,.T.);
#2022=EDGE_CURVE('',#2793,#2792,#3261,.T.);
#2023=EDGE_CURVE('',#2794,#2793,#3262,.T.);
#2024=EDGE_CURVE('',#2795,#2794,#3263,.T.);
#2025=EDGE_CURVE('',#2796,#2795,#3264,.T.);
#2026=EDGE_CURVE('',#2797,#2796,#3265,.T.);
#2027=EDGE_CURVE('',#2798,#2797,#3266,.T.);
#2028=EDGE_CURVE('',#2799,#2798,#3267,.T.);
#2029=EDGE_CURVE('',#2800,#2799,#3268,.T.);
#2030=EDGE_CURVE('',#2801,#2800,#113,.T.);
#2031=EDGE_CURVE('',#2791,#2801,#3269,.T.);
#2032=EDGE_CURVE('',#2802,#2803,#114,.T.);
#2033=EDGE_CURVE('',#2804,#2802,#3270,.T.);
#2034=EDGE_CURVE('',#2805,#2804,#3271,.T.);
#2035=EDGE_CURVE('',#2806,#2805,#3272,.T.);
#2036=EDGE_CURVE('',#2807,#2806,#3273,.T.);
#2037=EDGE_CURVE('',#2808,#2807,#3274,.T.);
#2038=EDGE_CURVE('',#2809,#2808,#3275,.T.);
#2039=EDGE_CURVE('',#2810,#2809,#3276,.T.);
#2040=EDGE_CURVE('',#2811,#2810,#3277,.T.);
#2041=EDGE_CURVE('',#2812,#2811,#3278,.T.);
#2042=EDGE_CURVE('',#2813,#2812,#115,.T.);
#2043=EDGE_CURVE('',#2803,#2813,#3279,.T.);
#2044=EDGE_CURVE('',#2814,#2815,#3280,.F.);
#2045=EDGE_CURVE('',#2816,#2814,#3281,.F.);
#2046=EDGE_CURVE('',#2817,#2816,#116,.F.);
#2047=EDGE_CURVE('',#2818,#2817,#3282,.F.);
#2048=EDGE_CURVE('',#2819,#2818,#117,.F.);
#2049=EDGE_CURVE('',#2820,#2819,#3283,.F.);
#2050=EDGE_CURVE('',#2821,#2820,#3284,.F.);
#2051=EDGE_CURVE('',#2822,#2821,#3285,.F.);
#2052=EDGE_CURVE('',#2823,#2822,#3286,.F.);
#2053=EDGE_CURVE('',#2824,#2823,#3287,.F.);
#2054=EDGE_CURVE('',#2825,#2824,#3288,.F.);
#2055=EDGE_CURVE('',#2815,#2825,#3289,.F.);
#2056=EDGE_CURVE('',#2826,#2827,#3290,.F.);
#2057=EDGE_CURVE('',#2828,#2826,#3291,.F.);
#2058=EDGE_CURVE('',#2829,#2828,#118,.F.);
#2059=EDGE_CURVE('',#2830,#2829,#3292,.F.);
#2060=EDGE_CURVE('',#2831,#2830,#119,.F.);
#2061=EDGE_CURVE('',#2832,#2831,#3293,.F.);
#2062=EDGE_CURVE('',#2833,#2832,#3294,.F.);
#2063=EDGE_CURVE('',#2834,#2833,#3295,.F.);
#2064=EDGE_CURVE('',#2835,#2834,#3296,.F.);
#2065=EDGE_CURVE('',#2836,#2835,#3297,.F.);
#2066=EDGE_CURVE('',#2837,#2836,#3298,.F.);
#2067=EDGE_CURVE('',#2827,#2837,#3299,.F.);
#2068=EDGE_CURVE('',#2838,#2838,#307,.T.);
#2069=EDGE_CURVE('',#2839,#2839,#308,.T.);
#2070=EDGE_CURVE('',#2840,#2841,#3300,.T.);
#2071=EDGE_CURVE('',#2842,#2840,#3301,.T.);
#2072=EDGE_CURVE('',#2843,#2842,#3302,.T.);
#2073=EDGE_CURVE('',#2844,#2843,#3303,.T.);
#2074=EDGE_CURVE('',#2845,#2844,#3304,.T.);
#2075=EDGE_CURVE('',#2846,#2845,#3305,.T.);
#2076=EDGE_CURVE('',#2847,#2846,#3306,.T.);
#2077=EDGE_CURVE('',#2848,#2847,#3307,.T.);
#2078=EDGE_CURVE('',#2849,#2848,#3308,.T.);
#2079=EDGE_CURVE('',#2850,#2849,#3309,.T.);
#2080=EDGE_CURVE('',#2851,#2850,#3310,.T.);
#2081=EDGE_CURVE('',#2841,#2851,#3311,.T.);
#2082=EDGE_CURVE('',#2852,#2853,#120,.T.);
#2083=EDGE_CURVE('',#2854,#2852,#3312,.T.);
#2084=EDGE_CURVE('',#2855,#2854,#3313,.T.);
#2085=EDGE_CURVE('',#2856,#2855,#3314,.T.);
#2086=EDGE_CURVE('',#2857,#2856,#3315,.T.);
#2087=EDGE_CURVE('',#2858,#2857,#3316,.T.);
#2088=EDGE_CURVE('',#2859,#2858,#3317,.T.);
#2089=EDGE_CURVE('',#2860,#2859,#3318,.T.);
#2090=EDGE_CURVE('',#2861,#2860,#3319,.T.);
#2091=EDGE_CURVE('',#2862,#2861,#3320,.T.);
#2092=EDGE_CURVE('',#2863,#2862,#121,.T.);
#2093=EDGE_CURVE('',#2853,#2863,#3321,.T.);
#2094=EDGE_CURVE('',#2864,#2865,#122,.T.);
#2095=EDGE_CURVE('',#2866,#2864,#3322,.T.);
#2096=EDGE_CURVE('',#2867,#2866,#3323,.T.);
#2097=EDGE_CURVE('',#2868,#2867,#3324,.T.);
#2098=EDGE_CURVE('',#2869,#2868,#3325,.T.);
#2099=EDGE_CURVE('',#2870,#2869,#3326,.T.);
#2100=EDGE_CURVE('',#2871,#2870,#3327,.T.);
#2101=EDGE_CURVE('',#2872,#2871,#3328,.T.);
#2102=EDGE_CURVE('',#2873,#2872,#3329,.T.);
#2103=EDGE_CURVE('',#2874,#2873,#3330,.T.);
#2104=EDGE_CURVE('',#2875,#2874,#123,.T.);
#2105=EDGE_CURVE('',#2865,#2875,#3331,.T.);
#2106=EDGE_CURVE('',#2876,#2877,#124,.T.);
#2107=EDGE_CURVE('',#2878,#2876,#3332,.T.);
#2108=EDGE_CURVE('',#2879,#2878,#3333,.T.);
#2109=EDGE_CURVE('',#2880,#2879,#3334,.T.);
#2110=EDGE_CURVE('',#2881,#2880,#3335,.T.);
#2111=EDGE_CURVE('',#2882,#2881,#3336,.T.);
#2112=EDGE_CURVE('',#2883,#2882,#3337,.T.);
#2113=EDGE_CURVE('',#2884,#2883,#3338,.T.);
#2114=EDGE_CURVE('',#2885,#2884,#3339,.T.);
#2115=EDGE_CURVE('',#2886,#2885,#3340,.T.);
#2116=EDGE_CURVE('',#2887,#2886,#125,.T.);
#2117=EDGE_CURVE('',#2877,#2887,#3341,.T.);
#2118=EDGE_CURVE('',#2888,#2889,#36,.T.);
#2119=EDGE_CURVE('',#2890,#2888,#309,.T.);
#2120=EDGE_CURVE('',#2889,#2890,#3342,.T.);
#2121=EDGE_CURVE('',#2751,#2891,#3343,.F.);
#2122=EDGE_CURVE('',#2892,#2750,#3344,.T.);
#2123=EDGE_CURVE('',#2891,#2892,#126,.T.);
#2124=EDGE_CURVE('',#2893,#2732,#3345,.T.);
#2125=EDGE_CURVE('',#2894,#2893,#310,.F.);
#2126=EDGE_CURVE('',#2894,#2733,#3346,.T.);
#2127=EDGE_CURVE('',#2706,#2895,#3347,.F.);
#2128=EDGE_CURVE('',#2896,#2895,#127,.T.);
#2129=EDGE_CURVE('',#2708,#2896,#3348,.F.);
#2130=EDGE_CURVE('',#2897,#2736,#3349,.T.);
#2131=EDGE_CURVE('',#2898,#2897,#311,.F.);
#2132=EDGE_CURVE('',#2737,#2898,#3350,.F.);
#2133=EDGE_CURVE('',#2899,#2900,#312,.F.);
#2134=EDGE_CURVE('',#2899,#2729,#3351,.T.);
#2135=EDGE_CURVE('',#2900,#2728,#3352,.T.);
#2136=EDGE_CURVE('',#2901,#2890,#313,.F.);
#2137=EDGE_CURVE('',#2901,#2747,#3353,.T.);
#2138=EDGE_CURVE('',#2890,#2746,#3354,.T.);
#2139=EDGE_CURVE('',#2744,#2902,#3355,.F.);
#2140=EDGE_CURVE('',#2903,#2902,#314,.T.);
#2141=EDGE_CURVE('',#2903,#2739,#3356,.T.);
#2142=EDGE_CURVE('',#2904,#2738,#37,.F.);
#2143=EDGE_CURVE('',#2905,#2904,#128,.T.);
#2144=EDGE_CURVE('',#2745,#2905,#38,.F.);
#2145=EDGE_CURVE('',#2711,#2906,#3357,.F.);
#2146=EDGE_CURVE('',#2907,#2906,#315,.F.);
#2147=EDGE_CURVE('',#2907,#2712,#3358,.T.);
#2148=EDGE_CURVE('',#2908,#2909,#316,.F.);
#2149=EDGE_CURVE('',#2908,#2725,#3359,.T.);
#2150=EDGE_CURVE('',#2909,#2724,#3360,.T.);
#2151=EDGE_CURVE('',#2910,#2910,#317,.T.);
#2152=EDGE_CURVE('',#2911,#2912,#318,.T.);
#2153=EDGE_CURVE('',#2911,#2913,#39,.T.);
#2154=EDGE_CURVE('',#2913,#2754,#3361,.T.);
#2155=EDGE_CURVE('',#2914,#2756,#3362,.T.);
#2156=EDGE_CURVE('',#2914,#2912,#40,.T.);
#2157=EDGE_CURVE('',#2675,#2915,#3363,.F.);
#2158=EDGE_CURVE('',#2916,#2915,#41,.T.);
#2159=EDGE_CURVE('',#2678,#2916,#3364,.F.);
#2160=EDGE_CURVE('',#2674,#2917,#3365,.F.);
#2161=EDGE_CURVE('',#2915,#2917,#3366,.F.);
#2162=EDGE_CURVE('',#2679,#2918,#3367,.F.);
#2163=EDGE_CURVE('',#2917,#2918,#42,.T.);
#2164=EDGE_CURVE('',#2919,#2919,#319,.T.);
#2165=EDGE_CURVE('',#2918,#2916,#3368,.F.);
#2166=EDGE_CURVE('',#2913,#2920,#3369,.T.);
#2167=EDGE_CURVE('',#2753,#2920,#3370,.F.);
#2168=EDGE_CURVE('',#2755,#2921,#3371,.F.);
#2169=EDGE_CURVE('',#2921,#2914,#3372,.T.);
#2170=EDGE_CURVE('',#2920,#2921,#320,.T.);
#2171=EDGE_CURVE('',#2912,#2922,#3373,.T.);
#2172=EDGE_CURVE('',#2922,#2923,#321,.F.);
#2173=EDGE_CURVE('',#2923,#2911,#3374,.T.);
#2174=EDGE_CURVE('',#2924,#2925,#322,.T.);
#2175=EDGE_CURVE('',#2924,#2742,#3375,.T.);
#2176=EDGE_CURVE('',#2741,#2925,#3376,.F.);
#2177=EDGE_CURVE('',#2902,#2926,#323,.F.);
#2178=EDGE_CURVE('',#2926,#2924,#324,.F.);
#2179=EDGE_CURVE('',#2925,#2927,#325,.F.);
#2180=EDGE_CURVE('',#2927,#2903,#326,.F.);
#2181=EDGE_CURVE('',#2928,#2928,#327,.T.);
#2182=EDGE_CURVE('',#2929,#2718,#43,.F.);
#2183=EDGE_CURVE('',#2929,#2719,#3377,.T.);
#2184=EDGE_CURVE('',#2930,#2721,#3378,.T.);
#2185=EDGE_CURVE('',#2931,#2930,#3379,.F.);
#2186=EDGE_CURVE('',#2931,#2722,#3380,.T.);
#2187=EDGE_CURVE('',#2932,#2720,#3381,.T.);
#2188=EDGE_CURVE('',#2930,#2932,#44,.F.);
#2189=EDGE_CURVE('',#2932,#2929,#3382,.F.);
#2190=EDGE_CURVE('',#2718,#2933,#45,.F.);
#2191=EDGE_CURVE('',#2933,#2717,#3383,.T.);
#2192=EDGE_CURVE('',#2934,#2716,#3384,.T.);
#2193=EDGE_CURVE('',#2933,#2934,#3385,.F.);
#2194=EDGE_CURVE('',#2935,#2715,#3386,.T.);
#2195=EDGE_CURVE('',#2934,#2935,#46,.F.);
#2196=EDGE_CURVE('',#2936,#2714,#3387,.T.);
#2197=EDGE_CURVE('',#2935,#2936,#3388,.F.);
#2198=EDGE_CURVE('',#2937,#2713,#3389,.T.);
#2199=EDGE_CURVE('',#2936,#2937,#47,.F.);
#2200=EDGE_CURVE('',#2937,#2907,#3390,.F.);
#2201=EDGE_CURVE('',#2938,#2723,#3391,.T.);
#2202=EDGE_CURVE('',#2909,#2938,#3392,.F.);
#2203=EDGE_CURVE('',#2938,#2931,#48,.F.);
#2204=EDGE_CURVE('',#2909,#2907,#129,.F.);
#2205=EDGE_CURVE('',#2939,#2757,#3393,.T.);
#2206=EDGE_CURVE('',#2940,#2939,#49,.F.);
#2207=EDGE_CURVE('',#2940,#2759,#3394,.T.);
#2208=EDGE_CURVE('',#2941,#2758,#3395,.T.);
#2209=EDGE_CURVE('',#2939,#2941,#3396,.F.);
#2210=EDGE_CURVE('',#2942,#2760,#3397,.T.);
#2211=EDGE_CURVE('',#2941,#2942,#50,.T.);
#2212=EDGE_CURVE('',#2942,#2940,#3398,.F.);
#2213=EDGE_CURVE('',#2943,#2727,#3399,.T.);
#2214=EDGE_CURVE('',#2944,#2943,#3400,.T.);
#2215=EDGE_CURVE('',#2944,#2900,#3401,.T.);
#2216=EDGE_CURVE('',#2945,#2726,#3402,.T.);
#2217=EDGE_CURVE('',#2943,#2945,#51,.T.);
#2218=EDGE_CURVE('',#2946,#2908,#3403,.T.);
#2219=EDGE_CURVE('',#2945,#2946,#3404,.T.);
#2220=EDGE_CURVE('',#2900,#2908,#328,.F.);
#2221=EDGE_CURVE('',#2946,#2944,#52,.T.);
#2222=EDGE_CURVE('',#2896,#2947,#3405,.F.);
#2223=EDGE_CURVE('',#2948,#2947,#3406,.F.);
#2224=EDGE_CURVE('',#2709,#2948,#3407,.F.);
#2225=EDGE_CURVE('',#2949,#2948,#53,.F.);
#2226=EDGE_CURVE('',#2710,#2949,#3408,.F.);
#2227=EDGE_CURVE('',#2950,#2949,#3409,.F.);
#2228=EDGE_CURVE('',#2906,#2950,#3410,.F.);
#2229=EDGE_CURVE('',#2906,#2896,#329,.F.);
#2230=EDGE_CURVE('',#2947,#2950,#54,.F.);
#2231=EDGE_CURVE('',#2761,#2951,#3411,.F.);
#2232=EDGE_CURVE('',#2952,#2951,#55,.T.);
#2233=EDGE_CURVE('',#2763,#2952,#3412,.F.);
#2234=EDGE_CURVE('',#2953,#2952,#3413,.T.);
#2235=EDGE_CURVE('',#2764,#2953,#3414,.F.);
#2236=EDGE_CURVE('',#2954,#2953,#56,.F.);
#2237=EDGE_CURVE('',#2762,#2954,#3415,.F.);
#2238=EDGE_CURVE('',#2951,#2954,#3416,.T.);
#2239=EDGE_CURVE('',#2738,#2955,#3417,.T.);
#2240=EDGE_CURVE('',#2955,#2956,#57,.T.);
#2241=EDGE_CURVE('',#2888,#2956,#330,.F.);
#2242=EDGE_CURVE('',#2889,#2745,#3418,.T.);
#2243=EDGE_CURVE('',#2955,#2898,#3419,.T.);
#2244=EDGE_CURVE('',#2956,#2898,#331,.T.);
#2245=EDGE_CURVE('',#2897,#2957,#332,.F.);
#2246=EDGE_CURVE('',#2958,#2957,#130,.F.);
#2247=EDGE_CURVE('',#2958,#2894,#333,.F.);
#2248=EDGE_CURVE('',#2959,#2893,#131,.F.);
#2249=EDGE_CURVE('',#2899,#2959,#132,.F.);
#2250=EDGE_CURVE('',#2891,#2895,#3420,.T.);
#2251=EDGE_CURVE('',#2892,#2901,#133,.T.);
#2252=EDGE_CURVE('',#2960,#2958,#58,.F.);
#2253=EDGE_CURVE('',#2960,#2894,#3421,.T.);
#2254=EDGE_CURVE('',#2961,#2897,#3422,.T.);
#2255=EDGE_CURVE('',#2957,#2961,#59,.F.);
#2256=EDGE_CURVE('',#2962,#2734,#3423,.T.);
#2257=EDGE_CURVE('',#2963,#2962,#60,.T.);
#2258=EDGE_CURVE('',#2963,#2735,#3424,.T.);
#2259=EDGE_CURVE('',#2962,#2960,#3425,.T.);
#2260=EDGE_CURVE('',#2961,#2963,#3426,.T.);
#2261=EDGE_CURVE('',#2964,#2749,#3427,.T.);
#2262=EDGE_CURVE('',#2892,#2964,#3428,.T.);
#2263=EDGE_CURVE('',#2965,#2748,#3429,.T.);
#2264=EDGE_CURVE('',#2964,#2965,#61,.F.);
#2265=EDGE_CURVE('',#2965,#2901,#3430,.T.);
#2266=EDGE_CURVE('',#2966,#2730,#62,.T.);
#2267=EDGE_CURVE('',#2966,#2731,#3431,.T.);
#2268=EDGE_CURVE('',#2730,#2899,#3432,.T.);
#2269=EDGE_CURVE('',#2893,#2966,#3433,.T.);
#2270=EDGE_CURVE('',#2752,#2967,#3434,.F.);
#2271=EDGE_CURVE('',#2707,#2967,#63,.F.);
#2272=EDGE_CURVE('',#2895,#2707,#3435,.F.);
#2273=EDGE_CURVE('',#2967,#2891,#3436,.F.);
#2274=EDGE_CURVE('',#2968,#2968,#334,.T.);
#2275=EDGE_CURVE('',#2969,#2969,#335,.F.);
#2276=EDGE_CURVE('',#2970,#2970,#336,.F.);
#2277=EDGE_CURVE('',#2971,#2971,#337,.T.);
#2278=EDGE_CURVE('',#2972,#2972,#338,.T.);
#2279=EDGE_CURVE('',#2973,#2973,#339,.F.);
#2280=EDGE_CURVE('',#2974,#2974,#340,.F.);
#2281=EDGE_CURVE('',#2975,#2975,#341,.T.);
#2282=EDGE_CURVE('',#2976,#2840,#3437,.T.);
#2283=EDGE_CURVE('',#2977,#2976,#3438,.T.);
#2284=EDGE_CURVE('',#2977,#2842,#3439,.T.);
#2285=EDGE_CURVE('',#2978,#2841,#3440,.T.);
#2286=EDGE_CURVE('',#2976,#2978,#3441,.T.);
#2287=EDGE_CURVE('',#2979,#2851,#3442,.T.);
#2288=EDGE_CURVE('',#2978,#2979,#3443,.T.);
#2289=EDGE_CURVE('',#2980,#2850,#3444,.T.);
#2290=EDGE_CURVE('',#2979,#2980,#3445,.T.);
#2291=EDGE_CURVE('',#2981,#2849,#3446,.T.);
#2292=EDGE_CURVE('',#2980,#2981,#3447,.T.);
#2293=EDGE_CURVE('',#2982,#2848,#3448,.T.);
#2294=EDGE_CURVE('',#2981,#2982,#3449,.T.);
#2295=EDGE_CURVE('',#2983,#2847,#3450,.T.);
#2296=EDGE_CURVE('',#2982,#2983,#3451,.T.);
#2297=EDGE_CURVE('',#2984,#2846,#3452,.T.);
#2298=EDGE_CURVE('',#2983,#2984,#3453,.T.);
#2299=EDGE_CURVE('',#2985,#2845,#3454,.T.);
#2300=EDGE_CURVE('',#2984,#2985,#3455,.T.);
#2301=EDGE_CURVE('',#2986,#2844,#3456,.T.);
#2302=EDGE_CURVE('',#2985,#2986,#3457,.T.);
#2303=EDGE_CURVE('',#2987,#2843,#3458,.T.);
#2304=EDGE_CURVE('',#2986,#2987,#3459,.T.);
#2305=EDGE_CURVE('',#2987,#2977,#3460,.T.);
#2306=EDGE_CURVE('',#2988,#2852,#134,.T.);
#2307=EDGE_CURVE('',#2989,#2988,#3461,.T.);
#2308=EDGE_CURVE('',#2989,#2854,#3462,.T.);
#2309=EDGE_CURVE('',#2990,#2853,#135,.T.);
#2310=EDGE_CURVE('',#2990,#2991,#136,.T.);
#2311=EDGE_CURVE('',#2992,#2991,#137,.T.);
#2312=EDGE_CURVE('',#2993,#2992,#138,.T.);
#2313=EDGE_CURVE('',#2988,#2993,#139,.T.);
#2314=EDGE_CURVE('',#2994,#2863,#140,.T.);
#2315=EDGE_CURVE('',#2990,#2994,#3463,.T.);
#2316=EDGE_CURVE('',#2995,#2862,#141,.T.);
#2317=EDGE_CURVE('',#2996,#2995,#142,.T.);
#2318=EDGE_CURVE('',#2997,#2996,#143,.T.);
#2319=EDGE_CURVE('',#2997,#2998,#144,.T.);
#2320=EDGE_CURVE('',#2998,#2994,#145,.T.);
#2321=EDGE_CURVE('',#2999,#2861,#3464,.T.);
#2322=EDGE_CURVE('',#2995,#2999,#3465,.T.);
#2323=EDGE_CURVE('',#3000,#2860,#3466,.T.);
#2324=EDGE_CURVE('',#2999,#3000,#3467,.T.);
#2325=EDGE_CURVE('',#3001,#2859,#3468,.T.);
#2326=EDGE_CURVE('',#3000,#3001,#3469,.T.);
#2327=EDGE_CURVE('',#3002,#2858,#3470,.T.);
#2328=EDGE_CURVE('',#3001,#3002,#3471,.T.);
#2329=EDGE_CURVE('',#3003,#2857,#3472,.T.);
#2330=EDGE_CURVE('',#3002,#3003,#3473,.T.);
#2331=EDGE_CURVE('',#3004,#2856,#3474,.T.);
#2332=EDGE_CURVE('',#3003,#3004,#3475,.T.);
#2333=EDGE_CURVE('',#3005,#2855,#3476,.T.);
#2334=EDGE_CURVE('',#3004,#3005,#3477,.T.);
#2335=EDGE_CURVE('',#3005,#2989,#3478,.T.);
#2336=EDGE_CURVE('',#2991,#2998,#3479,.T.);
#2337=EDGE_CURVE('',#2992,#2997,#3480,.F.);
#2338=EDGE_CURVE('',#2996,#2993,#3481,.T.);
#2339=EDGE_CURVE('',#3006,#2864,#146,.T.);
#2340=EDGE_CURVE('',#3007,#3006,#3482,.T.);
#2341=EDGE_CURVE('',#3007,#2866,#3483,.T.);
#2342=EDGE_CURVE('',#3008,#2865,#147,.T.);
#2343=EDGE_CURVE('',#3008,#3009,#148,.T.);
#2344=EDGE_CURVE('',#3010,#3009,#149,.T.);
#2345=EDGE_CURVE('',#3011,#3010,#150,.T.);
#2346=EDGE_CURVE('',#3006,#3011,#151,.T.);
#2347=EDGE_CURVE('',#3012,#2875,#152,.T.);
#2348=EDGE_CURVE('',#3008,#3012,#3484,.T.);
#2349=EDGE_CURVE('',#3013,#2874,#153,.T.);
#2350=EDGE_CURVE('',#3014,#3013,#154,.T.);
#2351=EDGE_CURVE('',#3015,#3014,#155,.T.);
#2352=EDGE_CURVE('',#3015,#3016,#156,.T.);
#2353=EDGE_CURVE('',#3016,#3012,#157,.T.);
#2354=EDGE_CURVE('',#3017,#2873,#3485,.T.);
#2355=EDGE_CURVE('',#3013,#3017,#3486,.T.);
#2356=EDGE_CURVE('',#3018,#2872,#3487,.T.);
#2357=EDGE_CURVE('',#3017,#3018,#3488,.T.);
#2358=EDGE_CURVE('',#3019,#2871,#3489,.T.);
#2359=EDGE_CURVE('',#3018,#3019,#3490,.T.);
#2360=EDGE_CURVE('',#3020,#2870,#3491,.T.);
#2361=EDGE_CURVE('',#3019,#3020,#3492,.T.);
#2362=EDGE_CURVE('',#3021,#2869,#3493,.T.);
#2363=EDGE_CURVE('',#3020,#3021,#3494,.T.);
#2364=EDGE_CURVE('',#3022,#2868,#3495,.T.);
#2365=EDGE_CURVE('',#3021,#3022,#3496,.T.);
#2366=EDGE_CURVE('',#3023,#2867,#3497,.T.);
#2367=EDGE_CURVE('',#3022,#3023,#3498,.T.);
#2368=EDGE_CURVE('',#3023,#3007,#3499,.T.);
#2369=EDGE_CURVE('',#3009,#3016,#3500,.T.);
#2370=EDGE_CURVE('',#3010,#3015,#3501,.F.);
#2371=EDGE_CURVE('',#3014,#3011,#3502,.T.);
#2372=EDGE_CURVE('',#3024,#2876,#158,.T.);
#2373=EDGE_CURVE('',#3025,#3024,#3503,.T.);
#2374=EDGE_CURVE('',#3025,#2878,#3504,.T.);
#2375=EDGE_CURVE('',#3026,#2877,#159,.T.);
#2376=EDGE_CURVE('',#3026,#3027,#160,.T.);
#2377=EDGE_CURVE('',#3028,#3027,#161,.T.);
#2378=EDGE_CURVE('',#3029,#3028,#162,.T.);
#2379=EDGE_CURVE('',#3024,#3029,#163,.T.);
#2380=EDGE_CURVE('',#3030,#2887,#164,.T.);
#2381=EDGE_CURVE('',#3026,#3030,#3505,.T.);
#2382=EDGE_CURVE('',#3031,#2886,#165,.T.);
#2383=EDGE_CURVE('',#3032,#3031,#166,.T.);
#2384=EDGE_CURVE('',#3033,#3032,#167,.T.);
#2385=EDGE_CURVE('',#3033,#3034,#168,.T.);
#2386=EDGE_CURVE('',#3034,#3030,#169,.T.);
#2387=EDGE_CURVE('',#3035,#2885,#3506,.T.);
#2388=EDGE_CURVE('',#3031,#3035,#3507,.T.);
#2389=EDGE_CURVE('',#3036,#2884,#3508,.T.);
#2390=EDGE_CURVE('',#3035,#3036,#3509,.T.);
#2391=EDGE_CURVE('',#3037,#2883,#3510,.T.);
#2392=EDGE_CURVE('',#3036,#3037,#3511,.T.);
#2393=EDGE_CURVE('',#3038,#2882,#3512,.T.);
#2394=EDGE_CURVE('',#3037,#3038,#3513,.T.);
#2395=EDGE_CURVE('',#3039,#2881,#3514,.T.);
#2396=EDGE_CURVE('',#3038,#3039,#3515,.T.);
#2397=EDGE_CURVE('',#3040,#2880,#3516,.T.);
#2398=EDGE_CURVE('',#3039,#3040,#3517,.T.);
#2399=EDGE_CURVE('',#3041,#2879,#3518,.T.);
#2400=EDGE_CURVE('',#3040,#3041,#3519,.T.);
#2401=EDGE_CURVE('',#3041,#3025,#3520,.T.);
#2402=EDGE_CURVE('',#3027,#3034,#3521,.T.);
#2403=EDGE_CURVE('',#3028,#3033,#3522,.F.);
#2404=EDGE_CURVE('',#3032,#3029,#3523,.T.);
#2405=EDGE_CURVE('',#3042,#3043,#170,.T.);
#2406=EDGE_CURVE('',#3044,#3042,#171,.T.);
#2407=EDGE_CURVE('',#3044,#2695,#172,.T.);
#2408=EDGE_CURVE('',#3045,#2693,#173,.T.);
#2409=EDGE_CURVE('',#3045,#3046,#174,.T.);
#2410=EDGE_CURVE('',#3043,#3046,#175,.T.);
#2411=EDGE_CURVE('',#3047,#3048,#176,.T.);
#2412=EDGE_CURVE('',#3047,#3049,#177,.T.);
#2413=EDGE_CURVE('',#3049,#3050,#178,.T.);
#2414=EDGE_CURVE('',#3050,#2694,#179,.T.);
#2415=EDGE_CURVE('',#3051,#2704,#180,.T.);
#2416=EDGE_CURVE('',#3048,#3051,#181,.T.);
#2417=EDGE_CURVE('',#3043,#3047,#3524,.F.);
#2418=EDGE_CURVE('',#3046,#3049,#3525,.T.);
#2419=EDGE_CURVE('',#3045,#3050,#3526,.T.);
#2420=EDGE_CURVE('',#3052,#2703,#3527,.T.);
#2421=EDGE_CURVE('',#3051,#3052,#3528,.T.);
#2422=EDGE_CURVE('',#3053,#2702,#3529,.T.);
#2423=EDGE_CURVE('',#3052,#3053,#3530,.T.);
#2424=EDGE_CURVE('',#3054,#2701,#3531,.T.);
#2425=EDGE_CURVE('',#3053,#3054,#3532,.T.);
#2426=EDGE_CURVE('',#3055,#2700,#3533,.T.);
#2427=EDGE_CURVE('',#3054,#3055,#3534,.T.);
#2428=EDGE_CURVE('',#3056,#2699,#3535,.T.);
#2429=EDGE_CURVE('',#3055,#3056,#3536,.T.);
#2430=EDGE_CURVE('',#3057,#2698,#3537,.T.);
#2431=EDGE_CURVE('',#3056,#3057,#3538,.T.);
#2432=EDGE_CURVE('',#3058,#2697,#3539,.T.);
#2433=EDGE_CURVE('',#3057,#3058,#3540,.T.);
#2434=EDGE_CURVE('',#3059,#2696,#3541,.T.);
#2435=EDGE_CURVE('',#3058,#3059,#3542,.T.);
#2436=EDGE_CURVE('',#3059,#3044,#3543,.T.);
#2437=EDGE_CURVE('',#3048,#3042,#3544,.T.);
#2438=EDGE_CURVE('',#3060,#3061,#182,.F.);
#2439=EDGE_CURVE('',#3062,#3060,#183,.F.);
#2440=EDGE_CURVE('',#3062,#3063,#184,.F.);
#2441=EDGE_CURVE('',#2682,#3063,#185,.F.);
#2442=EDGE_CURVE('',#2692,#3064,#186,.F.);
#2443=EDGE_CURVE('',#3061,#3064,#187,.F.);
#2444=EDGE_CURVE('',#3065,#3066,#188,.F.);
#2445=EDGE_CURVE('',#3067,#3065,#189,.F.);
#2446=EDGE_CURVE('',#2683,#3067,#190,.F.);
#2447=EDGE_CURVE('',#2681,#3068,#191,.F.);
#2448=EDGE_CURVE('',#3068,#3069,#192,.F.);
#2449=EDGE_CURVE('',#3069,#3066,#193,.F.);
#2450=EDGE_CURVE('',#3066,#3060,#3545,.T.);
#2451=EDGE_CURVE('',#3069,#3062,#3546,.F.);
#2452=EDGE_CURVE('',#3068,#3063,#3547,.F.);
#2453=EDGE_CURVE('',#3070,#3067,#3548,.F.);
#2454=EDGE_CURVE('',#2684,#3070,#3549,.F.);
#2455=EDGE_CURVE('',#3071,#3070,#3550,.F.);
#2456=EDGE_CURVE('',#2685,#3071,#3551,.F.);
#2457=EDGE_CURVE('',#3072,#3071,#3552,.F.);
#2458=EDGE_CURVE('',#2686,#3072,#3553,.F.);
#2459=EDGE_CURVE('',#3073,#3072,#3554,.F.);
#2460=EDGE_CURVE('',#2687,#3073,#3555,.F.);
#2461=EDGE_CURVE('',#3074,#3073,#3556,.F.);
#2462=EDGE_CURVE('',#2688,#3074,#3557,.F.);
#2463=EDGE_CURVE('',#3075,#3074,#3558,.F.);
#2464=EDGE_CURVE('',#2689,#3075,#3559,.F.);
#2465=EDGE_CURVE('',#3076,#3075,#3560,.F.);
#2466=EDGE_CURVE('',#2690,#3076,#3561,.F.);
#2467=EDGE_CURVE('',#3077,#3076,#3562,.F.);
#2468=EDGE_CURVE('',#2691,#3077,#3563,.F.);
#2469=EDGE_CURVE('',#3064,#3077,#3564,.F.);
#2470=EDGE_CURVE('',#3061,#3065,#3565,.F.);
#2471=EDGE_CURVE('',#3078,#2766,#194,.T.);
#2472=EDGE_CURVE('',#3079,#3078,#3566,.T.);
#2473=EDGE_CURVE('',#3079,#2768,#3567,.T.);
#2474=EDGE_CURVE('',#3080,#2767,#195,.T.);
#2475=EDGE_CURVE('',#3080,#3081,#196,.T.);
#2476=EDGE_CURVE('',#3082,#3081,#197,.T.);
#2477=EDGE_CURVE('',#3083,#3082,#198,.T.);
#2478=EDGE_CURVE('',#3078,#3083,#199,.T.);
#2479=EDGE_CURVE('',#3084,#2777,#200,.T.);
#2480=EDGE_CURVE('',#3080,#3084,#3568,.T.);
#2481=EDGE_CURVE('',#3085,#2776,#201,.T.);
#2482=EDGE_CURVE('',#3086,#3085,#202,.T.);
#2483=EDGE_CURVE('',#3087,#3086,#203,.T.);
#2484=EDGE_CURVE('',#3087,#3088,#204,.T.);
#2485=EDGE_CURVE('',#3088,#3084,#205,.T.);
#2486=EDGE_CURVE('',#3089,#2775,#3569,.T.);
#2487=EDGE_CURVE('',#3085,#3089,#3570,.T.);
#2488=EDGE_CURVE('',#3090,#2774,#3571,.T.);
#2489=EDGE_CURVE('',#3089,#3090,#3572,.T.);
#2490=EDGE_CURVE('',#3091,#2773,#3573,.T.);
#2491=EDGE_CURVE('',#3090,#3091,#3574,.T.);
#2492=EDGE_CURVE('',#3092,#2772,#3575,.T.);
#2493=EDGE_CURVE('',#3091,#3092,#3576,.T.);
#2494=EDGE_CURVE('',#3093,#2771,#3577,.T.);
#2495=EDGE_CURVE('',#3092,#3093,#3578,.T.);
#2496=EDGE_CURVE('',#3094,#2770,#3579,.T.);
#2497=EDGE_CURVE('',#3093,#3094,#3580,.T.);
#2498=EDGE_CURVE('',#3095,#2769,#3581,.T.);
#2499=EDGE_CURVE('',#3094,#3095,#3582,.T.);
#2500=EDGE_CURVE('',#3095,#3079,#3583,.T.);
#2501=EDGE_CURVE('',#3081,#3088,#3584,.T.);
#2502=EDGE_CURVE('',#3082,#3087,#3585,.F.);
#2503=EDGE_CURVE('',#3086,#3083,#3586,.T.);
#2504=EDGE_CURVE('',#2778,#3096,#3587,.F.);
#2505=EDGE_CURVE('',#3097,#3096,#3588,.F.);
#2506=EDGE_CURVE('',#2780,#3097,#206,.F.);
#2507=EDGE_CURVE('',#3098,#3097,#207,.F.);
#2508=EDGE_CURVE('',#3099,#3098,#208,.F.);
#2509=EDGE_CURVE('',#3100,#3099,#209,.F.);
#2510=EDGE_CURVE('',#3100,#3101,#210,.F.);
#2511=EDGE_CURVE('',#2781,#3101,#211,.F.);
#2512=EDGE_CURVE('',#3102,#3101,#3589,.F.);
#2513=EDGE_CURVE('',#2782,#3102,#212,.F.);
#2514=EDGE_CURVE('',#3102,#3103,#213,.F.);
#2515=EDGE_CURVE('',#3103,#3104,#214,.F.);
#2516=EDGE_CURVE('',#3105,#3104,#215,.F.);
#2517=EDGE_CURVE('',#3106,#3105,#216,.F.);
#2518=EDGE_CURVE('',#2783,#3106,#217,.F.);
#2519=EDGE_CURVE('',#3107,#3106,#3590,.F.);
#2520=EDGE_CURVE('',#2784,#3107,#3591,.F.);
#2521=EDGE_CURVE('',#3108,#3107,#3592,.F.);
#2522=EDGE_CURVE('',#2785,#3108,#3593,.F.);
#2523=EDGE_CURVE('',#3109,#3108,#3594,.F.);
#2524=EDGE_CURVE('',#2786,#3109,#3595,.F.);
#2525=EDGE_CURVE('',#3110,#3109,#3596,.F.);
#2526=EDGE_CURVE('',#2787,#3110,#3597,.F.);
#2527=EDGE_CURVE('',#3111,#3110,#3598,.F.);
#2528=EDGE_CURVE('',#2788,#3111,#3599,.F.);
#2529=EDGE_CURVE('',#3112,#3111,#3600,.F.);
#2530=EDGE_CURVE('',#2789,#3112,#3601,.F.);
#2531=EDGE_CURVE('',#3113,#3112,#3602,.F.);
#2532=EDGE_CURVE('',#2779,#3113,#3603,.F.);
#2533=EDGE_CURVE('',#3096,#3113,#3604,.F.);
#2534=EDGE_CURVE('',#3103,#3100,#3605,.F.);
#2535=EDGE_CURVE('',#3104,#3099,#3606,.T.);
#2536=EDGE_CURVE('',#3098,#3105,#3607,.F.);
#2537=EDGE_CURVE('',#3114,#2790,#218,.T.);
#2538=EDGE_CURVE('',#3115,#3114,#3608,.T.);
#2539=EDGE_CURVE('',#3115,#2792,#3609,.T.);
#2540=EDGE_CURVE('',#3116,#2791,#219,.T.);
#2541=EDGE_CURVE('',#3116,#3117,#220,.T.);
#2542=EDGE_CURVE('',#3118,#3117,#221,.T.);
#2543=EDGE_CURVE('',#3119,#3118,#222,.T.);
#2544=EDGE_CURVE('',#3114,#3119,#223,.T.);
#2545=EDGE_CURVE('',#3120,#2801,#224,.T.);
#2546=EDGE_CURVE('',#3116,#3120,#3610,.T.);
#2547=EDGE_CURVE('',#3121,#2800,#225,.T.);
#2548=EDGE_CURVE('',#3122,#3121,#226,.T.);
#2549=EDGE_CURVE('',#3123,#3122,#227,.T.);
#2550=EDGE_CURVE('',#3123,#3124,#228,.T.);
#2551=EDGE_CURVE('',#3124,#3120,#229,.T.);
#2552=EDGE_CURVE('',#3125,#2799,#3611,.T.);
#2553=EDGE_CURVE('',#3121,#3125,#3612,.T.);
#2554=EDGE_CURVE('',#3126,#2798,#3613,.T.);
#2555=EDGE_CURVE('',#3125,#3126,#3614,.T.);
#2556=EDGE_CURVE('',#3127,#2797,#3615,.T.);
#2557=EDGE_CURVE('',#3126,#3127,#3616,.T.);
#2558=EDGE_CURVE('',#3128,#2796,#3617,.T.);
#2559=EDGE_CURVE('',#3127,#3128,#3618,.T.);
#2560=EDGE_CURVE('',#3129,#2795,#3619,.T.);
#2561=EDGE_CURVE('',#3128,#3129,#3620,.T.);
#2562=EDGE_CURVE('',#3130,#2794,#3621,.T.);
#2563=EDGE_CURVE('',#3129,#3130,#3622,.T.);
#2564=EDGE_CURVE('',#3131,#2793,#3623,.T.);
#2565=EDGE_CURVE('',#3130,#3131,#3624,.T.);
#2566=EDGE_CURVE('',#3131,#3115,#3625,.T.);
#2567=EDGE_CURVE('',#3117,#3124,#3626,.T.);
#2568=EDGE_CURVE('',#3118,#3123,#3627,.F.);
#2569=EDGE_CURVE('',#3122,#3119,#3628,.T.);
#2570=EDGE_CURVE('',#3132,#2802,#230,.T.);
#2571=EDGE_CURVE('',#3133,#3132,#3629,.T.);
#2572=EDGE_CURVE('',#3133,#2804,#3630,.T.);
#2573=EDGE_CURVE('',#3134,#2803,#231,.T.);
#2574=EDGE_CURVE('',#3134,#3135,#232,.T.);
#2575=EDGE_CURVE('',#3136,#3135,#233,.T.);
#2576=EDGE_CURVE('',#3137,#3136,#234,.T.);
#2577=EDGE_CURVE('',#3132,#3137,#235,.T.);
#2578=EDGE_CURVE('',#3138,#2813,#236,.T.);
#2579=EDGE_CURVE('',#3134,#3138,#3631,.T.);
#2580=EDGE_CURVE('',#3139,#2812,#237,.T.);
#2581=EDGE_CURVE('',#3140,#3139,#238,.T.);
#2582=EDGE_CURVE('',#3141,#3140,#239,.T.);
#2583=EDGE_CURVE('',#3141,#3142,#240,.T.);
#2584=EDGE_CURVE('',#3142,#3138,#241,.T.);
#2585=EDGE_CURVE('',#3143,#2811,#3632,.T.);
#2586=EDGE_CURVE('',#3139,#3143,#3633,.T.);
#2587=EDGE_CURVE('',#3144,#2810,#3634,.T.);
#2588=EDGE_CURVE('',#3143,#3144,#3635,.T.);
#2589=EDGE_CURVE('',#3145,#2809,#3636,.T.);
#2590=EDGE_CURVE('',#3144,#3145,#3637,.T.);
#2591=EDGE_CURVE('',#3146,#2808,#3638,.T.);
#2592=EDGE_CURVE('',#3145,#3146,#3639,.T.);
#2593=EDGE_CURVE('',#3147,#2807,#3640,.T.);
#2594=EDGE_CURVE('',#3146,#3147,#3641,.T.);
#2595=EDGE_CURVE('',#3148,#2806,#3642,.T.);
#2596=EDGE_CURVE('',#3147,#3148,#3643,.T.);
#2597=EDGE_CURVE('',#3149,#2805,#3644,.T.);
#2598=EDGE_CURVE('',#3148,#3149,#3645,.T.);
#2599=EDGE_CURVE('',#3149,#3133,#3646,.T.);
#2600=EDGE_CURVE('',#3135,#3142,#3647,.T.);
#2601=EDGE_CURVE('',#3136,#3141,#3648,.F.);
#2602=EDGE_CURVE('',#3140,#3137,#3649,.T.);
#2603=EDGE_CURVE('',#2814,#3150,#3650,.F.);
#2604=EDGE_CURVE('',#3151,#3150,#3651,.F.);
#2605=EDGE_CURVE('',#2816,#3151,#242,.F.);
#2606=EDGE_CURVE('',#3152,#3151,#243,.F.);
#2607=EDGE_CURVE('',#3153,#3152,#244,.F.);
#2608=EDGE_CURVE('',#3154,#3153,#245,.F.);
#2609=EDGE_CURVE('',#3154,#3155,#246,.F.);
#2610=EDGE_CURVE('',#2817,#3155,#247,.F.);
#2611=EDGE_CURVE('',#3156,#3155,#3652,.F.);
#2612=EDGE_CURVE('',#2818,#3156,#248,.F.);
#2613=EDGE_CURVE('',#3156,#3157,#249,.F.);
#2614=EDGE_CURVE('',#3157,#3158,#250,.F.);
#2615=EDGE_CURVE('',#3159,#3158,#251,.F.);
#2616=EDGE_CURVE('',#3160,#3159,#252,.F.);
#2617=EDGE_CURVE('',#2819,#3160,#253,.F.);
#2618=EDGE_CURVE('',#3161,#3160,#3653,.F.);
#2619=EDGE_CURVE('',#2820,#3161,#3654,.F.);
#2620=EDGE_CURVE('',#3162,#3161,#3655,.F.);
#2621=EDGE_CURVE('',#2821,#3162,#3656,.F.);
#2622=EDGE_CURVE('',#3163,#3162,#3657,.F.);
#2623=EDGE_CURVE('',#2822,#3163,#3658,.F.);
#2624=EDGE_CURVE('',#3164,#3163,#3659,.F.);
#2625=EDGE_CURVE('',#2823,#3164,#3660,.F.);
#2626=EDGE_CURVE('',#3165,#3164,#3661,.F.);
#2627=EDGE_CURVE('',#2824,#3165,#3662,.F.);
#2628=EDGE_CURVE('',#3166,#3165,#3663,.F.);
#2629=EDGE_CURVE('',#2825,#3166,#3664,.F.);
#2630=EDGE_CURVE('',#3167,#3166,#3665,.F.);
#2631=EDGE_CURVE('',#2815,#3167,#3666,.F.);
#2632=EDGE_CURVE('',#3150,#3167,#3667,.F.);
#2633=EDGE_CURVE('',#3157,#3154,#3668,.F.);
#2634=EDGE_CURVE('',#3158,#3153,#3669,.T.);
#2635=EDGE_CURVE('',#3152,#3159,#3670,.F.);
#2636=EDGE_CURVE('',#2826,#3168,#3671,.F.);
#2637=EDGE_CURVE('',#3169,#3168,#3672,.F.);
#2638=EDGE_CURVE('',#2828,#3169,#254,.F.);
#2639=EDGE_CURVE('',#3170,#3169,#255,.F.);
#2640=EDGE_CURVE('',#3171,#3170,#256,.F.);
#2641=EDGE_CURVE('',#3172,#3171,#257,.F.);
#2642=EDGE_CURVE('',#3172,#3173,#258,.F.);
#2643=EDGE_CURVE('',#2829,#3173,#259,.F.);
#2644=EDGE_CURVE('',#3174,#3173,#3673,.F.);
#2645=EDGE_CURVE('',#2830,#3174,#260,.F.);
#2646=EDGE_CURVE('',#3174,#3175,#261,.F.);
#2647=EDGE_CURVE('',#3175,#3176,#262,.F.);
#2648=EDGE_CURVE('',#3177,#3176,#263,.F.);
#2649=EDGE_CURVE('',#3178,#3177,#264,.F.);
#2650=EDGE_CURVE('',#2831,#3178,#265,.F.);
#2651=EDGE_CURVE('',#3179,#3178,#3674,.F.);
#2652=EDGE_CURVE('',#2832,#3179,#3675,.F.);
#2653=EDGE_CURVE('',#3180,#3179,#3676,.F.);
#2654=EDGE_CURVE('',#2833,#3180,#3677,.F.);
#2655=EDGE_CURVE('',#3181,#3180,#3678,.F.);
#2656=EDGE_CURVE('',#2834,#3181,#3679,.F.);
#2657=EDGE_CURVE('',#3182,#3181,#3680,.F.);
#2658=EDGE_CURVE('',#2835,#3182,#3681,.F.);
#2659=EDGE_CURVE('',#3183,#3182,#3682,.F.);
#2660=EDGE_CURVE('',#2836,#3183,#3683,.F.);
#2661=EDGE_CURVE('',#3184,#3183,#3684,.F.);
#2662=EDGE_CURVE('',#2837,#3184,#3685,.F.);
#2663=EDGE_CURVE('',#3185,#3184,#3686,.F.);
#2664=EDGE_CURVE('',#2827,#3185,#3687,.F.);
#2665=EDGE_CURVE('',#3168,#3185,#3688,.F.);
#2666=EDGE_CURVE('',#3175,#3172,#3689,.F.);
#2667=EDGE_CURVE('',#3176,#3171,#3690,.T.);
#2668=EDGE_CURVE('',#3170,#3177,#3691,.F.);
#2669=EDGE_CURVE('',#2920,#2923,#266,.F.);
#2670=EDGE_CURVE('',#2921,#2922,#267,.F.);
#2671=EDGE_CURVE('',#2743,#2926,#3692,.F.);
#2672=EDGE_CURVE('',#2927,#2740,#3693,.T.);
#2673=VERTEX_POINT('',#7005);
#2674=VERTEX_POINT('',#7006);
#2675=VERTEX_POINT('',#7008);
#2676=VERTEX_POINT('',#7010);
#2677=VERTEX_POINT('',#7014);
#2678=VERTEX_POINT('',#7015);
#2679=VERTEX_POINT('',#7017);
#2680=VERTEX_POINT('',#7019);
#2681=VERTEX_POINT('',#7029);
#2682=VERTEX_POINT('',#7030);
#2683=VERTEX_POINT('',#7035);
#2684=VERTEX_POINT('',#7037);
#2685=VERTEX_POINT('',#7039);
#2686=VERTEX_POINT('',#7041);
#2687=VERTEX_POINT('',#7043);
#2688=VERTEX_POINT('',#7045);
#2689=VERTEX_POINT('',#7047);
#2690=VERTEX_POINT('',#7049);
#2691=VERTEX_POINT('',#7051);
#2692=VERTEX_POINT('',#7053);
#2693=VERTEX_POINT('',#7059);
#2694=VERTEX_POINT('',#7060);
#2695=VERTEX_POINT('',#7065);
#2696=VERTEX_POINT('',#7067);
#2697=VERTEX_POINT('',#7069);
#2698=VERTEX_POINT('',#7071);
#2699=VERTEX_POINT('',#7073);
#2700=VERTEX_POINT('',#7075);
#2701=VERTEX_POINT('',#7077);
#2702=VERTEX_POINT('',#7079);
#2703=VERTEX_POINT('',#7081);
#2704=VERTEX_POINT('',#7083);
#2705=VERTEX_POINT('',#7089);
#2706=VERTEX_POINT('',#7091);
#2707=VERTEX_POINT('',#7092);
#2708=VERTEX_POINT('',#7094);
#2709=VERTEX_POINT('',#7096);
#2710=VERTEX_POINT('',#7098);
#2711=VERTEX_POINT('',#7100);
#2712=VERTEX_POINT('',#7102);
#2713=VERTEX_POINT('',#7104);
#2714=VERTEX_POINT('',#7106);
#2715=VERTEX_POINT('',#7108);
#2716=VERTEX_POINT('',#7110);
#2717=VERTEX_POINT('',#7112);
#2718=VERTEX_POINT('',#7114);
#2719=VERTEX_POINT('',#7116);
#2720=VERTEX_POINT('',#7118);
#2721=VERTEX_POINT('',#7120);
#2722=VERTEX_POINT('',#7122);
#2723=VERTEX_POINT('',#7124);
#2724=VERTEX_POINT('',#7126);
#2725=VERTEX_POINT('',#7128);
#2726=VERTEX_POINT('',#7130);
#2727=VERTEX_POINT('',#7132);
#2728=VERTEX_POINT('',#7134);
#2729=VERTEX_POINT('',#7136);
#2730=VERTEX_POINT('',#7138);
#2731=VERTEX_POINT('',#7140);
#2732=VERTEX_POINT('',#7142);
#2733=VERTEX_POINT('',#7144);
#2734=VERTEX_POINT('',#7146);
#2735=VERTEX_POINT('',#7148);
#2736=VERTEX_POINT('',#7150);
#2737=VERTEX_POINT('',#7152);
#2738=VERTEX_POINT('',#7154);
#2739=VERTEX_POINT('',#7156);
#2740=VERTEX_POINT('',#7158);
#2741=VERTEX_POINT('',#7160);
#2742=VERTEX_POINT('',#7162);
#2743=VERTEX_POINT('',#7164);
#2744=VERTEX_POINT('',#7166);
#2745=VERTEX_POINT('',#7168);
#2746=VERTEX_POINT('',#7170);
#2747=VERTEX_POINT('',#7172);
#2748=VERTEX_POINT('',#7174);
#2749=VERTEX_POINT('',#7176);
#2750=VERTEX_POINT('',#7178);
#2751=VERTEX_POINT('',#7180);
#2752=VERTEX_POINT('',#7182);
#2753=VERTEX_POINT('',#7185);
#2754=VERTEX_POINT('',#7186);
#2755=VERTEX_POINT('',#7188);
#2756=VERTEX_POINT('',#7190);
#2757=VERTEX_POINT('',#7193);
#2758=VERTEX_POINT('',#7194);
#2759=VERTEX_POINT('',#7196);
#2760=VERTEX_POINT('',#7198);
#2761=VERTEX_POINT('',#7201);
#2762=VERTEX_POINT('',#7202);
#2763=VERTEX_POINT('',#7204);
#2764=VERTEX_POINT('',#7206);
#2765=VERTEX_POINT('',#7209);
#2766=VERTEX_POINT('',#7214);
#2767=VERTEX_POINT('',#7215);
#2768=VERTEX_POINT('',#7217);
#2769=VERTEX_POINT('',#7219);
#2770=VERTEX_POINT('',#7221);
#2771=VERTEX_POINT('',#7223);
#2772=VERTEX_POINT('',#7225);
#2773=VERTEX_POINT('',#7227);
#2774=VERTEX_POINT('',#7229);
#2775=VERTEX_POINT('',#7231);
#2776=VERTEX_POINT('',#7233);
#2777=VERTEX_POINT('',#7238);
#2778=VERTEX_POINT('',#7241);
#2779=VERTEX_POINT('',#7242);
#2780=VERTEX_POINT('',#7244);
#2781=VERTEX_POINT('',#7249);
#2782=VERTEX_POINT('',#7251);
#2783=VERTEX_POINT('',#7256);
#2784=VERTEX_POINT('',#7258);
#2785=VERTEX_POINT('',#7260);
#2786=VERTEX_POINT('',#7262);
#2787=VERTEX_POINT('',#7264);
#2788=VERTEX_POINT('',#7266);
#2789=VERTEX_POINT('',#7268);
#2790=VERTEX_POINT('',#7274);
#2791=VERTEX_POINT('',#7275);
#2792=VERTEX_POINT('',#7277);
#2793=VERTEX_POINT('',#7279);
#2794=VERTEX_POINT('',#7281);
#2795=VERTEX_POINT('',#7283);
#2796=VERTEX_POINT('',#7285);
#2797=VERTEX_POINT('',#7287);
#2798=VERTEX_POINT('',#7289);
#2799=VERTEX_POINT('',#7291);
#2800=VERTEX_POINT('',#7293);
#2801=VERTEX_POINT('',#7298);
#2802=VERTEX_POINT('',#7304);
#2803=VERTEX_POINT('',#7305);
#2804=VERTEX_POINT('',#7307);
#2805=VERTEX_POINT('',#7309);
#2806=VERTEX_POINT('',#7311);
#2807=VERTEX_POINT('',#7313);
#2808=VERTEX_POINT('',#7315);
#2809=VERTEX_POINT('',#7317);
#2810=VERTEX_POINT('',#7319);
#2811=VERTEX_POINT('',#7321);
#2812=VERTEX_POINT('',#7323);
#2813=VERTEX_POINT('',#7328);
#2814=VERTEX_POINT('',#7331);
#2815=VERTEX_POINT('',#7332);
#2816=VERTEX_POINT('',#7334);
#2817=VERTEX_POINT('',#7339);
#2818=VERTEX_POINT('',#7341);
#2819=VERTEX_POINT('',#7346);
#2820=VERTEX_POINT('',#7348);
#2821=VERTEX_POINT('',#7350);
#2822=VERTEX_POINT('',#7352);
#2823=VERTEX_POINT('',#7354);
#2824=VERTEX_POINT('',#7356);
#2825=VERTEX_POINT('',#7358);
#2826=VERTEX_POINT('',#7361);
#2827=VERTEX_POINT('',#7362);
#2828=VERTEX_POINT('',#7364);
#2829=VERTEX_POINT('',#7369);
#2830=VERTEX_POINT('',#7371);
#2831=VERTEX_POINT('',#7376);
#2832=VERTEX_POINT('',#7378);
#2833=VERTEX_POINT('',#7380);
#2834=VERTEX_POINT('',#7382);
#2835=VERTEX_POINT('',#7384);
#2836=VERTEX_POINT('',#7386);
#2837=VERTEX_POINT('',#7388);
#2838=VERTEX_POINT('',#7392);
#2839=VERTEX_POINT('',#7394);
#2840=VERTEX_POINT('',#7396);
#2841=VERTEX_POINT('',#7397);
#2842=VERTEX_POINT('',#7399);
#2843=VERTEX_POINT('',#7401);
#2844=VERTEX_POINT('',#7403);
#2845=VERTEX_POINT('',#7405);
#2846=VERTEX_POINT('',#7407);
#2847=VERTEX_POINT('',#7409);
#2848=VERTEX_POINT('',#7411);
#2849=VERTEX_POINT('',#7413);
#2850=VERTEX_POINT('',#7415);
#2851=VERTEX_POINT('',#7417);
#2852=VERTEX_POINT('',#7423);
#2853=VERTEX_POINT('',#7424);
#2854=VERTEX_POINT('',#7426);
#2855=VERTEX_POINT('',#7428);
#2856=VERTEX_POINT('',#7430);
#2857=VERTEX_POINT('',#7432);
#2858=VERTEX_POINT('',#7434);
#2859=VERTEX_POINT('',#7436);
#2860=VERTEX_POINT('',#7438);
#2861=VERTEX_POINT('',#7440);
#2862=VERTEX_POINT('',#7442);
#2863=VERTEX_POINT('',#7447);
#2864=VERTEX_POINT('',#7453);
#2865=VERTEX_POINT('',#7454);
#2866=VERTEX_POINT('',#7456);
#2867=VERTEX_POINT('',#7458);
#2868=VERTEX_POINT('',#7460);
#2869=VERTEX_POINT('',#7462);
#2870=VERTEX_POINT('',#7464);
#2871=VERTEX_POINT('',#7466);
#2872=VERTEX_POINT('',#7468);
#2873=VERTEX_POINT('',#7470);
#2874=VERTEX_POINT('',#7472);
#2875=VERTEX_POINT('',#7477);
#2876=VERTEX_POINT('',#7483);
#2877=VERTEX_POINT('',#7484);
#2878=VERTEX_POINT('',#7486);
#2879=VERTEX_POINT('',#7488);
#2880=VERTEX_POINT('',#7490);
#2881=VERTEX_POINT('',#7492);
#2882=VERTEX_POINT('',#7494);
#2883=VERTEX_POINT('',#7496);
#2884=VERTEX_POINT('',#7498);
#2885=VERTEX_POINT('',#7500);
#2886=VERTEX_POINT('',#7502);
#2887=VERTEX_POINT('',#7507);
#2888=VERTEX_POINT('',#7511);
#2889=VERTEX_POINT('',#7512);
#2890=VERTEX_POINT('',#7514);
#2891=VERTEX_POINT('',#7518);
#2892=VERTEX_POINT('',#7520);
#2893=VERTEX_POINT('',#7528);
#2894=VERTEX_POINT('',#7530);
#2895=VERTEX_POINT('',#7534);
#2896=VERTEX_POINT('',#7540);
#2897=VERTEX_POINT('',#7544);
#2898=VERTEX_POINT('',#7546);
#2899=VERTEX_POINT('',#7550);
#2900=VERTEX_POINT('',#7551);
#2901=VERTEX_POINT('',#7556);
#2902=VERTEX_POINT('',#7561);
#2903=VERTEX_POINT('',#7563);
#2904=VERTEX_POINT('',#7566);
#2905=VERTEX_POINT('',#7571);
#2906=VERTEX_POINT('',#7575);
#2907=VERTEX_POINT('',#7577);
#2908=VERTEX_POINT('',#7581);
#2909=VERTEX_POINT('',#7582);
#2910=VERTEX_POINT('',#7587);
#2911=VERTEX_POINT('',#7589);
#2912=VERTEX_POINT('',#7590);
#2913=VERTEX_POINT('',#7592);
#2914=VERTEX_POINT('',#7595);
#2915=VERTEX_POINT('',#7599);
#2916=VERTEX_POINT('',#7601);
#2917=VERTEX_POINT('',#7605);
#2918=VERTEX_POINT('',#7609);
#2919=VERTEX_POINT('',#7613);
#2920=VERTEX_POINT('',#7619);
#2921=VERTEX_POINT('',#7623);
#2922=VERTEX_POINT('',#7629);
#2923=VERTEX_POINT('',#7631);
#2924=VERTEX_POINT('',#7635);
#2925=VERTEX_POINT('',#7636);
#2926=VERTEX_POINT('',#7641);
#2927=VERTEX_POINT('',#7644);
#2928=VERTEX_POINT('',#7648);
#2929=VERTEX_POINT('',#7651);
#2930=VERTEX_POINT('',#7655);
#2931=VERTEX_POINT('',#7657);
#2932=VERTEX_POINT('',#7661);
#2933=VERTEX_POINT('',#7667);
#2934=VERTEX_POINT('',#7671);
#2935=VERTEX_POINT('',#7675);
#2936=VERTEX_POINT('',#7679);
#2937=VERTEX_POINT('',#7683);
#2938=VERTEX_POINT('',#7689);
#2939=VERTEX_POINT('',#7700);
#2940=VERTEX_POINT('',#7702);
#2941=VERTEX_POINT('',#7706);
#2942=VERTEX_POINT('',#7710);
#2943=VERTEX_POINT('',#7717);
#2944=VERTEX_POINT('',#7719);
#2945=VERTEX_POINT('',#7723);
#2946=VERTEX_POINT('',#7727);
#2947=VERTEX_POINT('',#7735);
#2948=VERTEX_POINT('',#7737);
#2949=VERTEX_POINT('',#7741);
#2950=VERTEX_POINT('',#7745);
#2951=VERTEX_POINT('',#7753);
#2952=VERTEX_POINT('',#7755);
#2953=VERTEX_POINT('',#7759);
#2954=VERTEX_POINT('',#7763);
#2955=VERTEX_POINT('',#7770);
#2956=VERTEX_POINT('',#7772);
#2957=VERTEX_POINT('',#7782);
#2958=VERTEX_POINT('',#7787);
#2959=VERTEX_POINT('',#7793);
#2960=VERTEX_POINT('',#7805);
#2961=VERTEX_POINT('',#7809);
#2962=VERTEX_POINT('',#7813);
#2963=VERTEX_POINT('',#7815);
#2964=VERTEX_POINT('',#7824);
#2965=VERTEX_POINT('',#7828);
#2966=VERTEX_POINT('',#7835);
#2967=VERTEX_POINT('',#7844);
#2968=VERTEX_POINT('',#7853);
#2969=VERTEX_POINT('',#7856);
#2970=VERTEX_POINT('',#7858);
#2971=VERTEX_POINT('',#7861);
#2972=VERTEX_POINT('',#7865);
#2973=VERTEX_POINT('',#7868);
#2974=VERTEX_POINT('',#7870);
#2975=VERTEX_POINT('',#7873);
#2976=VERTEX_POINT('',#7879);
#2977=VERTEX_POINT('',#7881);
#2978=VERTEX_POINT('',#7885);
#2979=VERTEX_POINT('',#7889);
#2980=VERTEX_POINT('',#7893);
#2981=VERTEX_POINT('',#7897);
#2982=VERTEX_POINT('',#7901);
#2983=VERTEX_POINT('',#7905);
#2984=VERTEX_POINT('',#7909);
#2985=VERTEX_POINT('',#7913);
#2986=VERTEX_POINT('',#7917);
#2987=VERTEX_POINT('',#7921);
#2988=VERTEX_POINT('',#7931);
#2989=VERTEX_POINT('',#7933);
#2990=VERTEX_POINT('',#7969);
#2991=VERTEX_POINT('',#7974);
#2992=VERTEX_POINT('',#7979);
#2993=VERTEX_POINT('',#7984);
#2994=VERTEX_POINT('',#7994);
#2995=VERTEX_POINT('',#8030);
#2996=VERTEX_POINT('',#8035);
#2997=VERTEX_POINT('',#8040);
#2998=VERTEX_POINT('',#8045);
#2999=VERTEX_POINT('',#8052);
#3000=VERTEX_POINT('',#8056);
#3001=VERTEX_POINT('',#8060);
#3002=VERTEX_POINT('',#8064);
#3003=VERTEX_POINT('',#8068);
#3004=VERTEX_POINT('',#8072);
#3005=VERTEX_POINT('',#8076);
#3006=VERTEX_POINT('',#8092);
#3007=VERTEX_POINT('',#8094);
#3008=VERTEX_POINT('',#8130);
#3009=VERTEX_POINT('',#8135);
#3010=VERTEX_POINT('',#8140);
#3011=VERTEX_POINT('',#8145);
#3012=VERTEX_POINT('',#8155);
#3013=VERTEX_POINT('',#8191);
#3014=VERTEX_POINT('',#8196);
#3015=VERTEX_POINT('',#8201);
#3016=VERTEX_POINT('',#8206);
#3017=VERTEX_POINT('',#8213);
#3018=VERTEX_POINT('',#8217);
#3019=VERTEX_POINT('',#8221);
#3020=VERTEX_POINT('',#8225);
#3021=VERTEX_POINT('',#8229);
#3022=VERTEX_POINT('',#8233);
#3023=VERTEX_POINT('',#8237);
#3024=VERTEX_POINT('',#8253);
#3025=VERTEX_POINT('',#8255);
#3026=VERTEX_POINT('',#8291);
#3027=VERTEX_POINT('',#8296);
#3028=VERTEX_POINT('',#8301);
#3029=VERTEX_POINT('',#8306);
#3030=VERTEX_POINT('',#8316);
#3031=VERTEX_POINT('',#8352);
#3032=VERTEX_POINT('',#8357);
#3033=VERTEX_POINT('',#8362);
#3034=VERTEX_POINT('',#8367);
#3035=VERTEX_POINT('',#8374);
#3036=VERTEX_POINT('',#8378);
#3037=VERTEX_POINT('',#8382);
#3038=VERTEX_POINT('',#8386);
#3039=VERTEX_POINT('',#8390);
#3040=VERTEX_POINT('',#8394);
#3041=VERTEX_POINT('',#8398);
#3042=VERTEX_POINT('',#8443);
#3043=VERTEX_POINT('',#8444);
#3044=VERTEX_POINT('',#8449);
#3045=VERTEX_POINT('',#8458);
#3046=VERTEX_POINT('',#8463);
#3047=VERTEX_POINT('',#8502);
#3048=VERTEX_POINT('',#8503);
#3049=VERTEX_POINT('',#8508);
#3050=VERTEX_POINT('',#8513);
#3051=VERTEX_POINT('',#8522);
#3052=VERTEX_POINT('',#8534);
#3053=VERTEX_POINT('',#8538);
#3054=VERTEX_POINT('',#8542);
#3055=VERTEX_POINT('',#8546);
#3056=VERTEX_POINT('',#8550);
#3057=VERTEX_POINT('',#8554);
#3058=VERTEX_POINT('',#8558);
#3059=VERTEX_POINT('',#8562);
#3060=VERTEX_POINT('',#8604);
#3061=VERTEX_POINT('',#8605);
#3062=VERTEX_POINT('',#8610);
#3063=VERTEX_POINT('',#8615);
#3064=VERTEX_POINT('',#8624);
#3065=VERTEX_POINT('',#8663);
#3066=VERTEX_POINT('',#8664);
#3067=VERTEX_POINT('',#8669);
#3068=VERTEX_POINT('',#8678);
#3069=VERTEX_POINT('',#8683);
#3070=VERTEX_POINT('',#8695);
#3071=VERTEX_POINT('',#8699);
#3072=VERTEX_POINT('',#8703);
#3073=VERTEX_POINT('',#8707);
#3074=VERTEX_POINT('',#8711);
#3075=VERTEX_POINT('',#8715);
#3076=VERTEX_POINT('',#8719);
#3077=VERTEX_POINT('',#8723);
#3078=VERTEX_POINT('',#8736);
#3079=VERTEX_POINT('',#8738);
#3080=VERTEX_POINT('',#8774);
#3081=VERTEX_POINT('',#8779);
#3082=VERTEX_POINT('',#8784);
#3083=VERTEX_POINT('',#8789);
#3084=VERTEX_POINT('',#8799);
#3085=VERTEX_POINT('',#8835);
#3086=VERTEX_POINT('',#8840);
#3087=VERTEX_POINT('',#8845);
#3088=VERTEX_POINT('',#8850);
#3089=VERTEX_POINT('',#8857);
#3090=VERTEX_POINT('',#8861);
#3091=VERTEX_POINT('',#8865);
#3092=VERTEX_POINT('',#8869);
#3093=VERTEX_POINT('',#8873);
#3094=VERTEX_POINT('',#8877);
#3095=VERTEX_POINT('',#8881);
#3096=VERTEX_POINT('',#8894);
#3097=VERTEX_POINT('',#8896);
#3098=VERTEX_POINT('',#8935);
#3099=VERTEX_POINT('',#8940);
#3100=VERTEX_POINT('',#8945);
#3101=VERTEX_POINT('',#8950);
#3102=VERTEX_POINT('',#8957);
#3103=VERTEX_POINT('',#8996);
#3104=VERTEX_POINT('',#9001);
#3105=VERTEX_POINT('',#9006);
#3106=VERTEX_POINT('',#9011);
#3107=VERTEX_POINT('',#9018);
#3108=VERTEX_POINT('',#9022);
#3109=VERTEX_POINT('',#9026);
#3110=VERTEX_POINT('',#9030);
#3111=VERTEX_POINT('',#9034);
#3112=VERTEX_POINT('',#9038);
#3113=VERTEX_POINT('',#9042);
#3114=VERTEX_POINT('',#9058);
#3115=VERTEX_POINT('',#9060);
#3116=VERTEX_POINT('',#9096);
#3117=VERTEX_POINT('',#9101);
#3118=VERTEX_POINT('',#9106);
#3119=VERTEX_POINT('',#9111);
#3120=VERTEX_POINT('',#9121);
#3121=VERTEX_POINT('',#9157);
#3122=VERTEX_POINT('',#9162);
#3123=VERTEX_POINT('',#9167);
#3124=VERTEX_POINT('',#9172);
#3125=VERTEX_POINT('',#9179);
#3126=VERTEX_POINT('',#9183);
#3127=VERTEX_POINT('',#9187);
#3128=VERTEX_POINT('',#9191);
#3129=VERTEX_POINT('',#9195);
#3130=VERTEX_POINT('',#9199);
#3131=VERTEX_POINT('',#9203);
#3132=VERTEX_POINT('',#9219);
#3133=VERTEX_POINT('',#9221);
#3134=VERTEX_POINT('',#9257);
#3135=VERTEX_POINT('',#9262);
#3136=VERTEX_POINT('',#9267);
#3137=VERTEX_POINT('',#9272);
#3138=VERTEX_POINT('',#9282);
#3139=VERTEX_POINT('',#9318);
#3140=VERTEX_POINT('',#9323);
#3141=VERTEX_POINT('',#9328);
#3142=VERTEX_POINT('',#9333);
#3143=VERTEX_POINT('',#9340);
#3144=VERTEX_POINT('',#9344);
#3145=VERTEX_POINT('',#9348);
#3146=VERTEX_POINT('',#9352);
#3147=VERTEX_POINT('',#9356);
#3148=VERTEX_POINT('',#9360);
#3149=VERTEX_POINT('',#9364);
#3150=VERTEX_POINT('',#9377);
#3151=VERTEX_POINT('',#9379);
#3152=VERTEX_POINT('',#9418);
#3153=VERTEX_POINT('',#9423);
#3154=VERTEX_POINT('',#9428);
#3155=VERTEX_POINT('',#9433);
#3156=VERTEX_POINT('',#9440);
#3157=VERTEX_POINT('',#9479);
#3158=VERTEX_POINT('',#9484);
#3159=VERTEX_POINT('',#9489);
#3160=VERTEX_POINT('',#9494);
#3161=VERTEX_POINT('',#9501);
#3162=VERTEX_POINT('',#9505);
#3163=VERTEX_POINT('',#9509);
#3164=VERTEX_POINT('',#9513);
#3165=VERTEX_POINT('',#9517);
#3166=VERTEX_POINT('',#9521);
#3167=VERTEX_POINT('',#9525);
#3168=VERTEX_POINT('',#9538);
#3169=VERTEX_POINT('',#9540);
#3170=VERTEX_POINT('',#9579);
#3171=VERTEX_POINT('',#9584);
#3172=VERTEX_POINT('',#9589);
#3173=VERTEX_POINT('',#9594);
#3174=VERTEX_POINT('',#9601);
#3175=VERTEX_POINT('',#9640);
#3176=VERTEX_POINT('',#9645);
#3177=VERTEX_POINT('',#9650);
#3178=VERTEX_POINT('',#9655);
#3179=VERTEX_POINT('',#9662);
#3180=VERTEX_POINT('',#9666);
#3181=VERTEX_POINT('',#9670);
#3182=VERTEX_POINT('',#9674);
#3183=VERTEX_POINT('',#9678);
#3184=VERTEX_POINT('',#9682);
#3185=VERTEX_POINT('',#9686);
#3186=LINE('',#7004,#3694);
#3187=LINE('',#7007,#3695);
#3188=LINE('',#7009,#3696);
#3189=LINE('',#7011,#3697);
#3190=LINE('',#7013,#3698);
#3191=LINE('',#7016,#3699);
#3192=LINE('',#7018,#3700);
#3193=LINE('',#7020,#3701);
#3194=LINE('',#7028,#3702);
#3195=LINE('',#7036,#3703);
#3196=LINE('',#7038,#3704);
#3197=LINE('',#7040,#3705);
#3198=LINE('',#7042,#3706);
#3199=LINE('',#7044,#3707);
#3200=LINE('',#7046,#3708);
#3201=LINE('',#7048,#3709);
#3202=LINE('',#7050,#3710);
#3203=LINE('',#7052,#3711);
#3204=LINE('',#7058,#3712);
#3205=LINE('',#7066,#3713);
#3206=LINE('',#7068,#3714);
#3207=LINE('',#7070,#3715);
#3208=LINE('',#7072,#3716);
#3209=LINE('',#7074,#3717);
#3210=LINE('',#7076,#3718);
#3211=LINE('',#7078,#3719);
#3212=LINE('',#7080,#3720);
#3213=LINE('',#7082,#3721);
#3214=LINE('',#7090,#3722);
#3215=LINE('',#7095,#3723);
#3216=LINE('',#7099,#3724);
#3217=LINE('',#7103,#3725);
#3218=LINE('',#7107,#3726);
#3219=LINE('',#7111,#3727);
#3220=LINE('',#7117,#3728);
#3221=LINE('',#7121,#3729);
#3222=LINE('',#7125,#3730);
#3223=LINE('',#7129,#3731);
#3224=LINE('',#7133,#3732);
#3225=LINE('',#7137,#3733);
#3226=LINE('',#7141,#3734);
#3227=LINE('',#7145,#3735);
#3228=LINE('',#7149,#3736);
#3229=LINE('',#7153,#3737);
#3230=LINE('',#7169,#3738);
#3231=LINE('',#7173,#3739);
#3232=LINE('',#7177,#3740);
#3233=LINE('',#7181,#3741);
#3234=LINE('',#7184,#3742);
#3235=LINE('',#7189,#3743);
#3236=LINE('',#7192,#3744);
#3237=LINE('',#7197,#3745);
#3238=LINE('',#7200,#3746);
#3239=LINE('',#7205,#3747);
#3240=LINE('',#7216,#3748);
#3241=LINE('',#7218,#3749);
#3242=LINE('',#7220,#3750);
#3243=LINE('',#7222,#3751);
#3244=LINE('',#7224,#3752);
#3245=LINE('',#7226,#3753);
#3246=LINE('',#7228,#3754);
#3247=LINE('',#7230,#3755);
#3248=LINE('',#7232,#3756);
#3249=LINE('',#7239,#3757);
#3250=LINE('',#7240,#3758);
#3251=LINE('',#7243,#3759);
#3252=LINE('',#7250,#3760);
#3253=LINE('',#7257,#3761);
#3254=LINE('',#7259,#3762);
#3255=LINE('',#7261,#3763);
#3256=LINE('',#7263,#3764);
#3257=LINE('',#7265,#3765);
#3258=LINE('',#7267,#3766);
#3259=LINE('',#7269,#3767);
#3260=LINE('',#7276,#3768);
#3261=LINE('',#7278,#3769);
#3262=LINE('',#7280,#3770);
#3263=LINE('',#7282,#3771);
#3264=LINE('',#7284,#3772);
#3265=LINE('',#7286,#3773);
#3266=LINE('',#7288,#3774);
#3267=LINE('',#7290,#3775);
#3268=LINE('',#7292,#3776);
#3269=LINE('',#7299,#3777);
#3270=LINE('',#7306,#3778);
#3271=LINE('',#7308,#3779);
#3272=LINE('',#7310,#3780);
#3273=LINE('',#7312,#3781);
#3274=LINE('',#7314,#3782);
#3275=LINE('',#7316,#3783);
#3276=LINE('',#7318,#3784);
#3277=LINE('',#7320,#3785);
#3278=LINE('',#7322,#3786);
#3279=LINE('',#7329,#3787);
#3280=LINE('',#7330,#3788);
#3281=LINE('',#7333,#3789);
#3282=LINE('',#7340,#3790);
#3283=LINE('',#7347,#3791);
#3284=LINE('',#7349,#3792);
#3285=LINE('',#7351,#3793);
#3286=LINE('',#7353,#3794);
#3287=LINE('',#7355,#3795);
#3288=LINE('',#7357,#3796);
#3289=LINE('',#7359,#3797);
#3290=LINE('',#7360,#3798);
#3291=LINE('',#7363,#3799);
#3292=LINE('',#7370,#3800);
#3293=LINE('',#7377,#3801);
#3294=LINE('',#7379,#3802);
#3295=LINE('',#7381,#3803);
#3296=LINE('',#7383,#3804);
#3297=LINE('',#7385,#3805);
#3298=LINE('',#7387,#3806);
#3299=LINE('',#7389,#3807);
#3300=LINE('',#7395,#3808);
#3301=LINE('',#7398,#3809);
#3302=LINE('',#7400,#3810);
#3303=LINE('',#7402,#3811);
#3304=LINE('',#7404,#3812);
#3305=LINE('',#7406,#3813);
#3306=LINE('',#7408,#3814);
#3307=LINE('',#7410,#3815);
#3308=LINE('',#7412,#3816);
#3309=LINE('',#7414,#3817);
#3310=LINE('',#7416,#3818);
#3311=LINE('',#7418,#3819);
#3312=LINE('',#7425,#3820);
#3313=LINE('',#7427,#3821);
#3314=LINE('',#7429,#3822);
#3315=LINE('',#7431,#3823);
#3316=LINE('',#7433,#3824);
#3317=LINE('',#7435,#3825);
#3318=LINE('',#7437,#3826);
#3319=LINE('',#7439,#3827);
#3320=LINE('',#7441,#3828);
#3321=LINE('',#7448,#3829);
#3322=LINE('',#7455,#3830);
#3323=LINE('',#7457,#3831);
#3324=LINE('',#7459,#3832);
#3325=LINE('',#7461,#3833);
#3326=LINE('',#7463,#3834);
#3327=LINE('',#7465,#3835);
#3328=LINE('',#7467,#3836);
#3329=LINE('',#7469,#3837);
#3330=LINE('',#7471,#3838);
#3331=LINE('',#7478,#3839);
#3332=LINE('',#7485,#3840);
#3333=LINE('',#7487,#3841);
#3334=LINE('',#7489,#3842);
#3335=LINE('',#7491,#3843);
#3336=LINE('',#7493,#3844);
#3337=LINE('',#7495,#3845);
#3338=LINE('',#7497,#3846);
#3339=LINE('',#7499,#3847);
#3340=LINE('',#7501,#3848);
#3341=LINE('',#7508,#3849);
#3342=LINE('',#7515,#3850);
#3343=LINE('',#7517,#3851);
#3344=LINE('',#7519,#3852);
#3345=LINE('',#7527,#3853);
#3346=LINE('',#7531,#3854);
#3347=LINE('',#7533,#3855);
#3348=LINE('',#7541,#3856);
#3349=LINE('',#7543,#3857);
#3350=LINE('',#7547,#3858);
#3351=LINE('',#7552,#3859);
#3352=LINE('',#7553,#3860);
#3353=LINE('',#7557,#3861);
#3354=LINE('',#7558,#3862);
#3355=LINE('',#7560,#3863);
#3356=LINE('',#7564,#3864);
#3357=LINE('',#7574,#3865);
#3358=LINE('',#7578,#3866);
#3359=LINE('',#7583,#3867);
#3360=LINE('',#7584,#3868);
#3361=LINE('',#7593,#3869);
#3362=LINE('',#7594,#3870);
#3363=LINE('',#7598,#3871);
#3364=LINE('',#7602,#3872);
#3365=LINE('',#7604,#3873);
#3366=LINE('',#7606,#3874);
#3367=LINE('',#7608,#3875);
#3368=LINE('',#7615,#3876);
#3369=LINE('',#7618,#3877);
#3370=LINE('',#7620,#3878);
#3371=LINE('',#7622,#3879);
#3372=LINE('',#7624,#3880);
#3373=LINE('',#7628,#3881);
#3374=LINE('',#7632,#3882);
#3375=LINE('',#7637,#3883);
#3376=LINE('',#7638,#3884);
#3377=LINE('',#7652,#3885);
#3378=LINE('',#7654,#3886);
#3379=LINE('',#7656,#3887);
#3380=LINE('',#7658,#3888);
#3381=LINE('',#7660,#3889);
#3382=LINE('',#7664,#3890);
#3383=LINE('',#7668,#3891);
#3384=LINE('',#7670,#3892);
#3385=LINE('',#7672,#3893);
#3386=LINE('',#7674,#3894);
#3387=LINE('',#7678,#3895);
#3388=LINE('',#7680,#3896);
#3389=LINE('',#7682,#3897);
#3390=LINE('',#7686,#3898);
#3391=LINE('',#7688,#3899);
#3392=LINE('',#7690,#3900);
#3393=LINE('',#7699,#3901);
#3394=LINE('',#7703,#3902);
#3395=LINE('',#7705,#3903);
#3396=LINE('',#7707,#3904);
#3397=LINE('',#7709,#3905);
#3398=LINE('',#7713,#3906);
#3399=LINE('',#7716,#3907);
#3400=LINE('',#7718,#3908);
#3401=LINE('',#7720,#3909);
#3402=LINE('',#7722,#3910);
#3403=LINE('',#7726,#3911);
#3404=LINE('',#7728,#3912);
#3405=LINE('',#7734,#3913);
#3406=LINE('',#7736,#3914);
#3407=LINE('',#7738,#3915);
#3408=LINE('',#7742,#3916);
#3409=LINE('',#7744,#3917);
#3410=LINE('',#7746,#3918);
#3411=LINE('',#7752,#3919);
#3412=LINE('',#7756,#3920);
#3413=LINE('',#7758,#3921);
#3414=LINE('',#7760,#3922);
#3415=LINE('',#7764,#3923);
#3416=LINE('',#7766,#3924);
#3417=LINE('',#7769,#3925);
#3418=LINE('',#7774,#3926);
#3419=LINE('',#7776,#3927);
#3420=LINE('',#7798,#3928);
#3421=LINE('',#7806,#3929);
#3422=LINE('',#7808,#3930);
#3423=LINE('',#7812,#3931);
#3424=LINE('',#7816,#3932);
#3425=LINE('',#7818,#3933);
#3426=LINE('',#7820,#3934);
#3427=LINE('',#7823,#3935);
#3428=LINE('',#7825,#3936);
#3429=LINE('',#7827,#3937);
#3430=LINE('',#7831,#3938);
#3431=LINE('',#7836,#3939);
#3432=LINE('',#7838,#3940);
#3433=LINE('',#7840,#3941);
#3434=LINE('',#7843,#3942);
#3435=LINE('',#7847,#3943);
#3436=LINE('',#7849,#3944);
#3437=LINE('',#7878,#3945);
#3438=LINE('',#7880,#3946);
#3439=LINE('',#7882,#3947);
#3440=LINE('',#7884,#3948);
#3441=LINE('',#7886,#3949);
#3442=LINE('',#7888,#3950);
#3443=LINE('',#7890,#3951);
#3444=LINE('',#7892,#3952);
#3445=LINE('',#7894,#3953);
#3446=LINE('',#7896,#3954);
#3447=LINE('',#7898,#3955);
#3448=LINE('',#7900,#3956);
#3449=LINE('',#7902,#3957);
#3450=LINE('',#7904,#3958);
#3451=LINE('',#7906,#3959);
#3452=LINE('',#7908,#3960);
#3453=LINE('',#7910,#3961);
#3454=LINE('',#7912,#3962);
#3455=LINE('',#7914,#3963);
#3456=LINE('',#7916,#3964);
#3457=LINE('',#7918,#3965);
#3458=LINE('',#7920,#3966);
#3459=LINE('',#7922,#3967);
#3460=LINE('',#7924,#3968);
#3461=LINE('',#7932,#3969);
#3462=LINE('',#7934,#3970);
#3463=LINE('',#7995,#3971);
#3464=LINE('',#8051,#3972);
#3465=LINE('',#8053,#3973);
#3466=LINE('',#8055,#3974);
#3467=LINE('',#8057,#3975);
#3468=LINE('',#8059,#3976);
#3469=LINE('',#8061,#3977);
#3470=LINE('',#8063,#3978);
#3471=LINE('',#8065,#3979);
#3472=LINE('',#8067,#3980);
#3473=LINE('',#8069,#3981);
#3474=LINE('',#8071,#3982);
#3475=LINE('',#8073,#3983);
#3476=LINE('',#8075,#3984);
#3477=LINE('',#8077,#3985);
#3478=LINE('',#8079,#3986);
#3479=LINE('',#8081,#3987);
#3480=LINE('',#8083,#3988);
#3481=LINE('',#8085,#3989);
#3482=LINE('',#8093,#3990);
#3483=LINE('',#8095,#3991);
#3484=LINE('',#8156,#3992);
#3485=LINE('',#8212,#3993);
#3486=LINE('',#8214,#3994);
#3487=LINE('',#8216,#3995);
#3488=LINE('',#8218,#3996);
#3489=LINE('',#8220,#3997);
#3490=LINE('',#8222,#3998);
#3491=LINE('',#8224,#3999);
#3492=LINE('',#8226,#4000);
#3493=LINE('',#8228,#4001);
#3494=LINE('',#8230,#4002);
#3495=LINE('',#8232,#4003);
#3496=LINE('',#8234,#4004);
#3497=LINE('',#8236,#4005);
#3498=LINE('',#8238,#4006);
#3499=LINE('',#8240,#4007);
#3500=LINE('',#8242,#4008);
#3501=LINE('',#8244,#4009);
#3502=LINE('',#8246,#4010);
#3503=LINE('',#8254,#4011);
#3504=LINE('',#8256,#4012);
#3505=LINE('',#8317,#4013);
#3506=LINE('',#8373,#4014);
#3507=LINE('',#8375,#4015);
#3508=LINE('',#8377,#4016);
#3509=LINE('',#8379,#4017);
#3510=LINE('',#8381,#4018);
#3511=LINE('',#8383,#4019);
#3512=LINE('',#8385,#4020);
#3513=LINE('',#8387,#4021);
#3514=LINE('',#8389,#4022);
#3515=LINE('',#8391,#4023);
#3516=LINE('',#8393,#4024);
#3517=LINE('',#8395,#4025);
#3518=LINE('',#8397,#4026);
#3519=LINE('',#8399,#4027);
#3520=LINE('',#8401,#4028);
#3521=LINE('',#8403,#4029);
#3522=LINE('',#8405,#4030);
#3523=LINE('',#8407,#4031);
#3524=LINE('',#8528,#4032);
#3525=LINE('',#8529,#4033);
#3526=LINE('',#8531,#4034);
#3527=LINE('',#8533,#4035);
#3528=LINE('',#8535,#4036);
#3529=LINE('',#8537,#4037);
#3530=LINE('',#8539,#4038);
#3531=LINE('',#8541,#4039);
#3532=LINE('',#8543,#4040);
#3533=LINE('',#8545,#4041);
#3534=LINE('',#8547,#4042);
#3535=LINE('',#8549,#4043);
#3536=LINE('',#8551,#4044);
#3537=LINE('',#8553,#4045);
#3538=LINE('',#8555,#4046);
#3539=LINE('',#8557,#4047);
#3540=LINE('',#8559,#4048);
#3541=LINE('',#8561,#4049);
#3542=LINE('',#8563,#4050);
#3543=LINE('',#8565,#4051);
#3544=LINE('',#8568,#4052);
#3545=LINE('',#8689,#4053);
#3546=LINE('',#8690,#4054);
#3547=LINE('',#8692,#4055);
#3548=LINE('',#8694,#4056);
#3549=LINE('',#8696,#4057);
#3550=LINE('',#8698,#4058);
#3551=LINE('',#8700,#4059);
#3552=LINE('',#8702,#4060);
#3553=LINE('',#8704,#4061);
#3554=LINE('',#8706,#4062);
#3555=LINE('',#8708,#4063);
#3556=LINE('',#8710,#4064);
#3557=LINE('',#8712,#4065);
#3558=LINE('',#8714,#4066);
#3559=LINE('',#8716,#4067);
#3560=LINE('',#8718,#4068);
#3561=LINE('',#8720,#4069);
#3562=LINE('',#8722,#4070);
#3563=LINE('',#8724,#4071);
#3564=LINE('',#8726,#4072);
#3565=LINE('',#8729,#4073);
#3566=LINE('',#8737,#4074);
#3567=LINE('',#8739,#4075);
#3568=LINE('',#8800,#4076);
#3569=LINE('',#8856,#4077);
#3570=LINE('',#8858,#4078);
#3571=LINE('',#8860,#4079);
#3572=LINE('',#8862,#4080);
#3573=LINE('',#8864,#4081);
#3574=LINE('',#8866,#4082);
#3575=LINE('',#8868,#4083);
#3576=LINE('',#8870,#4084);
#3577=LINE('',#8872,#4085);
#3578=LINE('',#8874,#4086);
#3579=LINE('',#8876,#4087);
#3580=LINE('',#8878,#4088);
#3581=LINE('',#8880,#4089);
#3582=LINE('',#8882,#4090);
#3583=LINE('',#8884,#4091);
#3584=LINE('',#8886,#4092);
#3585=LINE('',#8888,#4093);
#3586=LINE('',#8890,#4094);
#3587=LINE('',#8893,#4095);
#3588=LINE('',#8895,#4096);
#3589=LINE('',#8956,#4097);
#3590=LINE('',#9017,#4098);
#3591=LINE('',#9019,#4099);
#3592=LINE('',#9021,#4100);
#3593=LINE('',#9023,#4101);
#3594=LINE('',#9025,#4102);
#3595=LINE('',#9027,#4103);
#3596=LINE('',#9029,#4104);
#3597=LINE('',#9031,#4105);
#3598=LINE('',#9033,#4106);
#3599=LINE('',#9035,#4107);
#3600=LINE('',#9037,#4108);
#3601=LINE('',#9039,#4109);
#3602=LINE('',#9041,#4110);
#3603=LINE('',#9043,#4111);
#3604=LINE('',#9045,#4112);
#3605=LINE('',#9047,#4113);
#3606=LINE('',#9049,#4114);
#3607=LINE('',#9051,#4115);
#3608=LINE('',#9059,#4116);
#3609=LINE('',#9061,#4117);
#3610=LINE('',#9122,#4118);
#3611=LINE('',#9178,#4119);
#3612=LINE('',#9180,#4120);
#3613=LINE('',#9182,#4121);
#3614=LINE('',#9184,#4122);
#3615=LINE('',#9186,#4123);
#3616=LINE('',#9188,#4124);
#3617=LINE('',#9190,#4125);
#3618=LINE('',#9192,#4126);
#3619=LINE('',#9194,#4127);
#3620=LINE('',#9196,#4128);
#3621=LINE('',#9198,#4129);
#3622=LINE('',#9200,#4130);
#3623=LINE('',#9202,#4131);
#3624=LINE('',#9204,#4132);
#3625=LINE('',#9206,#4133);
#3626=LINE('',#9208,#4134);
#3627=LINE('',#9210,#4135);
#3628=LINE('',#9212,#4136);
#3629=LINE('',#9220,#4137);
#3630=LINE('',#9222,#4138);
#3631=LINE('',#9283,#4139);
#3632=LINE('',#9339,#4140);
#3633=LINE('',#9341,#4141);
#3634=LINE('',#9343,#4142);
#3635=LINE('',#9345,#4143);
#3636=LINE('',#9347,#4144);
#3637=LINE('',#9349,#4145);
#3638=LINE('',#9351,#4146);
#3639=LINE('',#9353,#4147);
#3640=LINE('',#9355,#4148);
#3641=LINE('',#9357,#4149);
#3642=LINE('',#9359,#4150);
#3643=LINE('',#9361,#4151);
#3644=LINE('',#9363,#4152);
#3645=LINE('',#9365,#4153);
#3646=LINE('',#9367,#4154);
#3647=LINE('',#9369,#4155);
#3648=LINE('',#9371,#4156);
#3649=LINE('',#9373,#4157);
#3650=LINE('',#9376,#4158);
#3651=LINE('',#9378,#4159);
#3652=LINE('',#9439,#4160);
#3653=LINE('',#9500,#4161);
#3654=LINE('',#9502,#4162);
#3655=LINE('',#9504,#4163);
#3656=LINE('',#9506,#4164);
#3657=LINE('',#9508,#4165);
#3658=LINE('',#9510,#4166);
#3659=LINE('',#9512,#4167);
#3660=LINE('',#9514,#4168);
#3661=LINE('',#9516,#4169);
#3662=LINE('',#9518,#4170);
#3663=LINE('',#9520,#4171);
#3664=LINE('',#9522,#4172);
#3665=LINE('',#9524,#4173);
#3666=LINE('',#9526,#4174);
#3667=LINE('',#9528,#4175);
#3668=LINE('',#9530,#4176);
#3669=LINE('',#9532,#4177);
#3670=LINE('',#9534,#4178);
#3671=LINE('',#9537,#4179);
#3672=LINE('',#9539,#4180);
#3673=LINE('',#9600,#4181);
#3674=LINE('',#9661,#4182);
#3675=LINE('',#9663,#4183);
#3676=LINE('',#9665,#4184);
#3677=LINE('',#9667,#4185);
#3678=LINE('',#9669,#4186);
#3679=LINE('',#9671,#4187);
#3680=LINE('',#9673,#4188);
#3681=LINE('',#9675,#4189);
#3682=LINE('',#9677,#4190);
#3683=LINE('',#9679,#4191);
#3684=LINE('',#9681,#4192);
#3685=LINE('',#9683,#4193);
#3686=LINE('',#9685,#4194);
#3687=LINE('',#9687,#4195);
#3688=LINE('',#9689,#4196);
#3689=LINE('',#9691,#4197);
#3690=LINE('',#9693,#4198);
#3691=LINE('',#9695,#4199);
#3692=LINE('',#9709,#4200);
#3693=LINE('',#9712,#4201);
#3694=VECTOR('',#5752,1000.);
#3695=VECTOR('',#5753,1000.);
#3696=VECTOR('',#5754,1000.);
#3697=VECTOR('',#5755,1000.);
#3698=VECTOR('',#5758,1000.);
#3699=VECTOR('',#5759,1000.);
#3700=VECTOR('',#5760,1000.);
#3701=VECTOR('',#5761,1000.);
#3702=VECTOR('',#5776,1000.);
#3703=VECTOR('',#5777,1000.);
#3704=VECTOR('',#5778,1000.);
#3705=VECTOR('',#5779,1000.);
#3706=VECTOR('',#5780,1000.);
#3707=VECTOR('',#5781,1000.);
#3708=VECTOR('',#5782,1000.);
#3709=VECTOR('',#5783,1000.);
#3710=VECTOR('',#5784,1000.);
#3711=VECTOR('',#5785,1000.);
#3712=VECTOR('',#5786,1000.);
#3713=VECTOR('',#5787,1000.);
#3714=VECTOR('',#5788,1000.);
#3715=VECTOR('',#5789,1000.);
#3716=VECTOR('',#5790,1000.);
#3717=VECTOR('',#5791,1000.);
#3718=VECTOR('',#5792,1000.);
#3719=VECTOR('',#5793,1000.);
#3720=VECTOR('',#5794,1000.);
#3721=VECTOR('',#5795,1000.);
#3722=VECTOR('',#5798,1000.);
#3723=VECTOR('',#5801,1000.);
#3724=VECTOR('',#5804,1000.);
#3725=VECTOR('',#5807,1000.);
#3726=VECTOR('',#5810,1000.);
#3727=VECTOR('',#5813,1000.);
#3728=VECTOR('',#5818,1000.);
#3729=VECTOR('',#5821,1000.);
#3730=VECTOR('',#5824,1000.);
#3731=VECTOR('',#5827,1000.);
#3732=VECTOR('',#5830,1000.);
#3733=VECTOR('',#5833,1000.);
#3734=VECTOR('',#5836,1000.);
#3735=VECTOR('',#5839,1000.);
#3736=VECTOR('',#5842,1000.);
#3737=VECTOR('',#5845,1000.);
#3738=VECTOR('',#5860,1000.);
#3739=VECTOR('',#5863,1000.);
#3740=VECTOR('',#5866,1000.);
#3741=VECTOR('',#5869,1000.);
#3742=VECTOR('',#5872,1000.);
#3743=VECTOR('',#5875,1000.);
#3744=VECTOR('',#5878,1000.);
#3745=VECTOR('',#5881,1000.);
#3746=VECTOR('',#5884,1000.);
#3747=VECTOR('',#5887,1000.);
#3748=VECTOR('',#5892,1000.);
#3749=VECTOR('',#5893,1000.);
#3750=VECTOR('',#5894,1000.);
#3751=VECTOR('',#5895,1000.);
#3752=VECTOR('',#5896,1000.);
#3753=VECTOR('',#5897,1000.);
#3754=VECTOR('',#5898,1000.);
#3755=VECTOR('',#5899,1000.);
#3756=VECTOR('',#5900,1000.);
#3757=VECTOR('',#5901,1000.);
#3758=VECTOR('',#5902,1000.);
#3759=VECTOR('',#5903,1000.);
#3760=VECTOR('',#5904,1000.);
#3761=VECTOR('',#5905,1000.);
#3762=VECTOR('',#5906,1000.);
#3763=VECTOR('',#5907,1000.);
#3764=VECTOR('',#5908,1000.);
#3765=VECTOR('',#5909,1000.);
#3766=VECTOR('',#5910,1000.);
#3767=VECTOR('',#5911,1000.);
#3768=VECTOR('',#5912,1000.);
#3769=VECTOR('',#5913,1000.);
#3770=VECTOR('',#5914,1000.);
#3771=VECTOR('',#5915,1000.);
#3772=VECTOR('',#5916,1000.);
#3773=VECTOR('',#5917,1000.);
#3774=VECTOR('',#5918,1000.);
#3775=VECTOR('',#5919,1000.);
#3776=VECTOR('',#5920,1000.);
#3777=VECTOR('',#5921,1000.);
#3778=VECTOR('',#5922,1000.);
#3779=VECTOR('',#5923,1000.);
#3780=VECTOR('',#5924,1000.);
#3781=VECTOR('',#5925,1000.);
#3782=VECTOR('',#5926,1000.);
#3783=VECTOR('',#5927,1000.);
#3784=VECTOR('',#5928,1000.);
#3785=VECTOR('',#5929,1000.);
#3786=VECTOR('',#5930,1000.);
#3787=VECTOR('',#5931,1000.);
#3788=VECTOR('',#5932,1000.);
#3789=VECTOR('',#5933,1000.);
#3790=VECTOR('',#5934,1000.);
#3791=VECTOR('',#5935,1000.);
#3792=VECTOR('',#5936,1000.);
#3793=VECTOR('',#5937,1000.);
#3794=VECTOR('',#5938,1000.);
#3795=VECTOR('',#5939,1000.);
#3796=VECTOR('',#5940,1000.);
#3797=VECTOR('',#5941,1000.);
#3798=VECTOR('',#5942,1000.);
#3799=VECTOR('',#5943,1000.);
#3800=VECTOR('',#5944,1000.);
#3801=VECTOR('',#5945,1000.);
#3802=VECTOR('',#5946,1000.);
#3803=VECTOR('',#5947,1000.);
#3804=VECTOR('',#5948,1000.);
#3805=VECTOR('',#5949,1000.);
#3806=VECTOR('',#5950,1000.);
#3807=VECTOR('',#5951,1000.);
#3808=VECTOR('',#5958,1000.);
#3809=VECTOR('',#5959,1000.);
#3810=VECTOR('',#5960,1000.);
#3811=VECTOR('',#5961,1000.);
#3812=VECTOR('',#5962,1000.);
#3813=VECTOR('',#5963,1000.);
#3814=VECTOR('',#5964,1000.);
#3815=VECTOR('',#5965,1000.);
#3816=VECTOR('',#5966,1000.);
#3817=VECTOR('',#5967,1000.);
#3818=VECTOR('',#5968,1000.);
#3819=VECTOR('',#5969,1000.);
#3820=VECTOR('',#5970,1000.);
#3821=VECTOR('',#5971,1000.);
#3822=VECTOR('',#5972,1000.);
#3823=VECTOR('',#5973,1000.);
#3824=VECTOR('',#5974,1000.);
#3825=VECTOR('',#5975,1000.);
#3826=VECTOR('',#5976,1000.);
#3827=VECTOR('',#5977,1000.);
#3828=VECTOR('',#5978,1000.);
#3829=VECTOR('',#5979,1000.);
#3830=VECTOR('',#5980,1000.);
#3831=VECTOR('',#5981,1000.);
#3832=VECTOR('',#5982,1000.);
#3833=VECTOR('',#5983,1000.);
#3834=VECTOR('',#5984,1000.);
#3835=VECTOR('',#5985,1000.);
#3836=VECTOR('',#5986,1000.);
#3837=VECTOR('',#5987,1000.);
#3838=VECTOR('',#5988,1000.);
#3839=VECTOR('',#5989,1000.);
#3840=VECTOR('',#5990,1000.);
#3841=VECTOR('',#5991,1000.);
#3842=VECTOR('',#5992,1000.);
#3843=VECTOR('',#5993,1000.);
#3844=VECTOR('',#5994,1000.);
#3845=VECTOR('',#5995,1000.);
#3846=VECTOR('',#5996,1000.);
#3847=VECTOR('',#5997,1000.);
#3848=VECTOR('',#5998,1000.);
#3849=VECTOR('',#5999,1000.);
#3850=VECTOR('',#6006,1000.);
#3851=VECTOR('',#6009,1000.);
#3852=VECTOR('',#6010,1000.);
#3853=VECTOR('',#6013,1000.);
#3854=VECTOR('',#6016,1000.);
#3855=VECTOR('',#6019,1000.);
#3856=VECTOR('',#6020,1000.);
#3857=VECTOR('',#6023,1000.);
#3858=VECTOR('',#6026,1000.);
#3859=VECTOR('',#6031,1000.);
#3860=VECTOR('',#6032,1000.);
#3861=VECTOR('',#6037,1000.);
#3862=VECTOR('',#6038,1000.);
#3863=VECTOR('',#6041,1000.);
#3864=VECTOR('',#6044,1000.);
#3865=VECTOR('',#6051,1000.);
#3866=VECTOR('',#6054,1000.);
#3867=VECTOR('',#6059,1000.);
#3868=VECTOR('',#6060,1000.);
#3869=VECTOR('',#6069,1000.);
#3870=VECTOR('',#6070,1000.);
#3871=VECTOR('',#6075,1000.);
#3872=VECTOR('',#6078,1000.);
#3873=VECTOR('',#6081,1000.);
#3874=VECTOR('',#6082,1000.);
#3875=VECTOR('',#6085,1000.);
#3876=VECTOR('',#6094,1000.);
#3877=VECTOR('',#6099,1000.);
#3878=VECTOR('',#6100,1000.);
#3879=VECTOR('',#6103,1000.);
#3880=VECTOR('',#6104,1000.);
#3881=VECTOR('',#6111,1000.);
#3882=VECTOR('',#6114,1000.);
#3883=VECTOR('',#6119,1000.);
#3884=VECTOR('',#6120,1000.);
#3885=VECTOR('',#6139,1000.);
#3886=VECTOR('',#6142,1000.);
#3887=VECTOR('',#6143,1000.);
#3888=VECTOR('',#6144,1000.);
#3889=VECTOR('',#6147,1000.);
#3890=VECTOR('',#6152,1000.);
#3891=VECTOR('',#6157,1000.);
#3892=VECTOR('',#6160,1000.);
#3893=VECTOR('',#6161,1000.);
#3894=VECTOR('',#6164,1000.);
#3895=VECTOR('',#6169,1000.);
#3896=VECTOR('',#6170,1000.);
#3897=VECTOR('',#6173,1000.);
#3898=VECTOR('',#6178,1000.);
#3899=VECTOR('',#6181,1000.);
#3900=VECTOR('',#6182,1000.);
#3901=VECTOR('',#6191,1000.);
#3902=VECTOR('',#6194,1000.);
#3903=VECTOR('',#6197,1000.);
#3904=VECTOR('',#6198,1000.);
#3905=VECTOR('',#6201,1000.);
#3906=VECTOR('',#6206,1000.);
#3907=VECTOR('',#6211,1000.);
#3908=VECTOR('',#6212,1000.);
#3909=VECTOR('',#6213,1000.);
#3910=VECTOR('',#6216,1000.);
#3911=VECTOR('',#6221,1000.);
#3912=VECTOR('',#6222,1000.);
#3913=VECTOR('',#6233,1000.);
#3914=VECTOR('',#6234,1000.);
#3915=VECTOR('',#6235,1000.);
#3916=VECTOR('',#6240,1000.);
#3917=VECTOR('',#6243,1000.);
#3918=VECTOR('',#6244,1000.);
#3919=VECTOR('',#6255,1000.);
#3920=VECTOR('',#6258,1000.);
#3921=VECTOR('',#6261,1000.);
#3922=VECTOR('',#6262,1000.);
#3923=VECTOR('',#6267,1000.);
#3924=VECTOR('',#6270,1000.);
#3925=VECTOR('',#6275,1000.);
#3926=VECTOR('',#6280,1000.);
#3927=VECTOR('',#6283,1000.);
#3928=VECTOR('',#6296,1000.);
#3929=VECTOR('',#6301,1000.);
#3930=VECTOR('',#6304,1000.);
#3931=VECTOR('',#6309,1000.);
#3932=VECTOR('',#6312,1000.);
#3933=VECTOR('',#6315,1000.);
#3934=VECTOR('',#6318,1000.);
#3935=VECTOR('',#6323,1000.);
#3936=VECTOR('',#6324,1000.);
#3937=VECTOR('',#6327,1000.);
#3938=VECTOR('',#6332,1000.);
#3939=VECTOR('',#6339,1000.);
#3940=VECTOR('',#6342,1000.);
#3941=VECTOR('',#6345,1000.);
#3942=VECTOR('',#6350,1000.);
#3943=VECTOR('',#6355,1000.);
#3944=VECTOR('',#6358,1000.);
#3945=VECTOR('',#6399,1000.);
#3946=VECTOR('',#6400,1000.);
#3947=VECTOR('',#6401,1000.);
#3948=VECTOR('',#6404,1000.);
#3949=VECTOR('',#6405,1000.);
#3950=VECTOR('',#6408,1000.);
#3951=VECTOR('',#6409,1000.);
#3952=VECTOR('',#6412,1000.);
#3953=VECTOR('',#6413,1000.);
#3954=VECTOR('',#6416,1000.);
#3955=VECTOR('',#6417,1000.);
#3956=VECTOR('',#6420,1000.);
#3957=VECTOR('',#6421,1000.);
#3958=VECTOR('',#6424,1000.);
#3959=VECTOR('',#6425,1000.);
#3960=VECTOR('',#6428,1000.);
#3961=VECTOR('',#6429,1000.);
#3962=VECTOR('',#6432,1000.);
#3963=VECTOR('',#6433,1000.);
#3964=VECTOR('',#6436,1000.);
#3965=VECTOR('',#6437,1000.);
#3966=VECTOR('',#6440,1000.);
#3967=VECTOR('',#6441,1000.);
#3968=VECTOR('',#6444,1000.);
#3969=VECTOR('',#6449,1000.);
#3970=VECTOR('',#6450,1000.);
#3971=VECTOR('',#6453,1000.);
#3972=VECTOR('',#6456,1000.);
#3973=VECTOR('',#6457,1000.);
#3974=VECTOR('',#6460,1000.);
#3975=VECTOR('',#6461,1000.);
#3976=VECTOR('',#6464,1000.);
#3977=VECTOR('',#6465,1000.);
#3978=VECTOR('',#6468,1000.);
#3979=VECTOR('',#6469,1000.);
#3980=VECTOR('',#6472,1000.);
#3981=VECTOR('',#6473,1000.);
#3982=VECTOR('',#6476,1000.);
#3983=VECTOR('',#6477,1000.);
#3984=VECTOR('',#6480,1000.);
#3985=VECTOR('',#6481,1000.);
#3986=VECTOR('',#6484,1000.);
#3987=VECTOR('',#6487,1000.);
#3988=VECTOR('',#6490,1000.);
#3989=VECTOR('',#6493,1000.);
#3990=VECTOR('',#6498,1000.);
#3991=VECTOR('',#6499,1000.);
#3992=VECTOR('',#6502,1000.);
#3993=VECTOR('',#6505,1000.);
#3994=VECTOR('',#6506,1000.);
#3995=VECTOR('',#6509,1000.);
#3996=VECTOR('',#6510,1000.);
#3997=VECTOR('',#6513,1000.);
#3998=VECTOR('',#6514,1000.);
#3999=VECTOR('',#6517,1000.);
#4000=VECTOR('',#6518,1000.);
#4001=VECTOR('',#6521,1000.);
#4002=VECTOR('',#6522,1000.);
#4003=VECTOR('',#6525,1000.);
#4004=VECTOR('',#6526,1000.);
#4005=VECTOR('',#6529,1000.);
#4006=VECTOR('',#6530,1000.);
#4007=VECTOR('',#6533,1000.);
#4008=VECTOR('',#6536,1000.);
#4009=VECTOR('',#6539,1000.);
#4010=VECTOR('',#6542,1000.);
#4011=VECTOR('',#6547,1000.);
#4012=VECTOR('',#6548,1000.);
#4013=VECTOR('',#6551,1000.);
#4014=VECTOR('',#6554,1000.);
#4015=VECTOR('',#6555,1000.);
#4016=VECTOR('',#6558,1000.);
#4017=VECTOR('',#6559,1000.);
#4018=VECTOR('',#6562,1000.);
#4019=VECTOR('',#6563,1000.);
#4020=VECTOR('',#6566,1000.);
#4021=VECTOR('',#6567,1000.);
#4022=VECTOR('',#6570,1000.);
#4023=VECTOR('',#6571,1000.);
#4024=VECTOR('',#6574,1000.);
#4025=VECTOR('',#6575,1000.);
#4026=VECTOR('',#6578,1000.);
#4027=VECTOR('',#6579,1000.);
#4028=VECTOR('',#6582,1000.);
#4029=VECTOR('',#6585,1000.);
#4030=VECTOR('',#6588,1000.);
#4031=VECTOR('',#6591,1000.);
#4032=VECTOR('',#6596,1000.);
#4033=VECTOR('',#6597,1000.);
#4034=VECTOR('',#6600,1000.);
#4035=VECTOR('',#6603,1000.);
#4036=VECTOR('',#6604,1000.);
#4037=VECTOR('',#6607,1000.);
#4038=VECTOR('',#6608,1000.);
#4039=VECTOR('',#6611,1000.);
#4040=VECTOR('',#6612,1000.);
#4041=VECTOR('',#6615,1000.);
#4042=VECTOR('',#6616,1000.);
#4043=VECTOR('',#6619,1000.);
#4044=VECTOR('',#6620,1000.);
#4045=VECTOR('',#6623,1000.);
#4046=VECTOR('',#6624,1000.);
#4047=VECTOR('',#6627,1000.);
#4048=VECTOR('',#6628,1000.);
#4049=VECTOR('',#6631,1000.);
#4050=VECTOR('',#6632,1000.);
#4051=VECTOR('',#6635,1000.);
#4052=VECTOR('',#6640,1000.);
#4053=VECTOR('',#6645,1000.);
#4054=VECTOR('',#6646,1000.);
#4055=VECTOR('',#6649,1000.);
#4056=VECTOR('',#6652,1000.);
#4057=VECTOR('',#6653,1000.);
#4058=VECTOR('',#6656,1000.);
#4059=VECTOR('',#6657,1000.);
#4060=VECTOR('',#6660,1000.);
#4061=VECTOR('',#6661,1000.);
#4062=VECTOR('',#6664,1000.);
#4063=VECTOR('',#6665,1000.);
#4064=VECTOR('',#6668,1000.);
#4065=VECTOR('',#6669,1000.);
#4066=VECTOR('',#6672,1000.);
#4067=VECTOR('',#6673,1000.);
#4068=VECTOR('',#6676,1000.);
#4069=VECTOR('',#6677,1000.);
#4070=VECTOR('',#6680,1000.);
#4071=VECTOR('',#6681,1000.);
#4072=VECTOR('',#6684,1000.);
#4073=VECTOR('',#6689,1000.);
#4074=VECTOR('',#6694,1000.);
#4075=VECTOR('',#6695,1000.);
#4076=VECTOR('',#6698,1000.);
#4077=VECTOR('',#6701,1000.);
#4078=VECTOR('',#6702,1000.);
#4079=VECTOR('',#6705,1000.);
#4080=VECTOR('',#6706,1000.);
#4081=VECTOR('',#6709,1000.);
#4082=VECTOR('',#6710,1000.);
#4083=VECTOR('',#6713,1000.);
#4084=VECTOR('',#6714,1000.);
#4085=VECTOR('',#6717,1000.);
#4086=VECTOR('',#6718,1000.);
#4087=VECTOR('',#6721,1000.);
#4088=VECTOR('',#6722,1000.);
#4089=VECTOR('',#6725,1000.);
#4090=VECTOR('',#6726,1000.);
#4091=VECTOR('',#6729,1000.);
#4092=VECTOR('',#6732,1000.);
#4093=VECTOR('',#6735,1000.);
#4094=VECTOR('',#6738,1000.);
#4095=VECTOR('',#6743,1000.);
#4096=VECTOR('',#6744,1000.);
#4097=VECTOR('',#6747,1000.);
#4098=VECTOR('',#6750,1000.);
#4099=VECTOR('',#6751,1000.);
#4100=VECTOR('',#6754,1000.);
#4101=VECTOR('',#6755,1000.);
#4102=VECTOR('',#6758,1000.);
#4103=VECTOR('',#6759,1000.);
#4104=VECTOR('',#6762,1000.);
#4105=VECTOR('',#6763,1000.);
#4106=VECTOR('',#6766,1000.);
#4107=VECTOR('',#6767,1000.);
#4108=VECTOR('',#6770,1000.);
#4109=VECTOR('',#6771,1000.);
#4110=VECTOR('',#6774,1000.);
#4111=VECTOR('',#6775,1000.);
#4112=VECTOR('',#6778,1000.);
#4113=VECTOR('',#6781,1000.);
#4114=VECTOR('',#6784,1000.);
#4115=VECTOR('',#6787,1000.);
#4116=VECTOR('',#6792,1000.);
#4117=VECTOR('',#6793,1000.);
#4118=VECTOR('',#6796,1000.);
#4119=VECTOR('',#6799,1000.);
#4120=VECTOR('',#6800,1000.);
#4121=VECTOR('',#6803,1000.);
#4122=VECTOR('',#6804,1000.);
#4123=VECTOR('',#6807,1000.);
#4124=VECTOR('',#6808,1000.);
#4125=VECTOR('',#6811,1000.);
#4126=VECTOR('',#6812,1000.);
#4127=VECTOR('',#6815,1000.);
#4128=VECTOR('',#6816,1000.);
#4129=VECTOR('',#6819,1000.);
#4130=VECTOR('',#6820,1000.);
#4131=VECTOR('',#6823,1000.);
#4132=VECTOR('',#6824,1000.);
#4133=VECTOR('',#6827,1000.);
#4134=VECTOR('',#6830,1000.);
#4135=VECTOR('',#6833,1000.);
#4136=VECTOR('',#6836,1000.);
#4137=VECTOR('',#6841,1000.);
#4138=VECTOR('',#6842,1000.);
#4139=VECTOR('',#6845,1000.);
#4140=VECTOR('',#6848,1000.);
#4141=VECTOR('',#6849,1000.);
#4142=VECTOR('',#6852,1000.);
#4143=VECTOR('',#6853,1000.);
#4144=VECTOR('',#6856,1000.);
#4145=VECTOR('',#6857,1000.);
#4146=VECTOR('',#6860,1000.);
#4147=VECTOR('',#6861,1000.);
#4148=VECTOR('',#6864,1000.);
#4149=VECTOR('',#6865,1000.);
#4150=VECTOR('',#6868,1000.);
#4151=VECTOR('',#6869,1000.);
#4152=VECTOR('',#6872,1000.);
#4153=VECTOR('',#6873,1000.);
#4154=VECTOR('',#6876,1000.);
#4155=VECTOR('',#6879,1000.);
#4156=VECTOR('',#6882,1000.);
#4157=VECTOR('',#6885,1000.);
#4158=VECTOR('',#6890,1000.);
#4159=VECTOR('',#6891,1000.);
#4160=VECTOR('',#6894,1000.);
#4161=VECTOR('',#6897,1000.);
#4162=VECTOR('',#6898,1000.);
#4163=VECTOR('',#6901,1000.);
#4164=VECTOR('',#6902,1000.);
#4165=VECTOR('',#6905,1000.);
#4166=VECTOR('',#6906,1000.);
#4167=VECTOR('',#6909,1000.);
#4168=VECTOR('',#6910,1000.);
#4169=VECTOR('',#6913,1000.);
#4170=VECTOR('',#6914,1000.);
#4171=VECTOR('',#6917,1000.);
#4172=VECTOR('',#6918,1000.);
#4173=VECTOR('',#6921,1000.);
#4174=VECTOR('',#6922,1000.);
#4175=VECTOR('',#6925,1000.);
#4176=VECTOR('',#6928,1000.);
#4177=VECTOR('',#6931,1000.);
#4178=VECTOR('',#6934,1000.);
#4179=VECTOR('',#6939,1000.);
#4180=VECTOR('',#6940,1000.);
#4181=VECTOR('',#6943,1000.);
#4182=VECTOR('',#6946,1000.);
#4183=VECTOR('',#6947,1000.);
#4184=VECTOR('',#6950,1000.);
#4185=VECTOR('',#6951,1000.);
#4186=VECTOR('',#6954,1000.);
#4187=VECTOR('',#6955,1000.);
#4188=VECTOR('',#6958,1000.);
#4189=VECTOR('',#6959,1000.);
#4190=VECTOR('',#6962,1000.);
#4191=VECTOR('',#6963,1000.);
#4192=VECTOR('',#6966,1000.);
#4193=VECTOR('',#6967,1000.);
#4194=VECTOR('',#6970,1000.);
#4195=VECTOR('',#6971,1000.);
#4196=VECTOR('',#6974,1000.);
#4197=VECTOR('',#6977,1000.);
#4198=VECTOR('',#6980,1000.);
#4199=VECTOR('',#6983,1000.);
#4200=VECTOR('',#6994,1000.);
#4201=VECTOR('',#6999,1000.);
#4202=EDGE_LOOP('',(#351,#352,#353,#354));
#4203=EDGE_LOOP('',(#355,#356,#357,#358));
#4204=EDGE_LOOP('',(#359,#360,#361,#362));
#4205=EDGE_LOOP('',(#363,#364,#365,#366));
#4206=EDGE_LOOP('',(#367,#368,#369,#370,#371,#372,#373,#374,#375,#376,#377,
#378));
#4207=EDGE_LOOP('',(#379,#380,#381,#382,#383,#384,#385,#386,#387,#388,#389,
#390));
#4208=EDGE_LOOP('',(#391));
#4209=EDGE_LOOP('',(#392,#393,#394,#395,#396,#397,#398,#399,#400,#401,#402,
#403,#404,#405,#406,#407,#408,#409,#410,#411,#412,#413,#414,#415,#416,#417,
#418,#419,#420,#421,#422,#423,#424,#425,#426,#427,#428,#429,#430,#431,#432,
#433,#434,#435,#436,#437,#438));
#4210=EDGE_LOOP('',(#439,#440,#441,#442));
#4211=EDGE_LOOP('',(#443,#444,#445,#446));
#4212=EDGE_LOOP('',(#447,#448,#449,#450));
#4213=EDGE_LOOP('',(#451));
#4214=EDGE_LOOP('',(#452,#453,#454,#455,#456,#457,#458,#459,#460,#461,#462,
#463));
#4215=EDGE_LOOP('',(#464,#465,#466,#467,#468,#469,#470,#471,#472,#473,#474,
#475));
#4216=EDGE_LOOP('',(#476,#477,#478,#479,#480,#481,#482,#483,#484,#485,#486,
#487));
#4217=EDGE_LOOP('',(#488,#489,#490,#491,#492,#493,#494,#495,#496,#497,#498,
#499));
#4218=EDGE_LOOP('',(#500,#501,#502,#503,#504,#505,#506,#507,#508,#509,#510,
#511));
#4219=EDGE_LOOP('',(#512,#513,#514,#515,#516,#517,#518,#519,#520,#521,#522,
#523));
#4220=EDGE_LOOP('',(#524));
#4221=EDGE_LOOP('',(#525));
#4222=EDGE_LOOP('',(#526,#527,#528,#529,#530,#531,#532,#533,#534,#535,#536,
#537));
#4223=EDGE_LOOP('',(#538,#539,#540,#541,#542,#543,#544,#545,#546,#547,#548,
#549));
#4224=EDGE_LOOP('',(#550,#551,#552,#553,#554,#555,#556,#557,#558,#559,#560,
#561));
#4225=EDGE_LOOP('',(#562,#563,#564,#565,#566,#567,#568,#569,#570,#571,#572,
#573));
#4226=EDGE_LOOP('',(#574,#575,#576));
#4227=EDGE_LOOP('',(#577,#578,#579,#580));
#4228=EDGE_LOOP('',(#581,#582,#583,#584));
#4229=EDGE_LOOP('',(#585,#586,#587,#588));
#4230=EDGE_LOOP('',(#589,#590,#591,#592));
#4231=EDGE_LOOP('',(#593,#594,#595,#596));
#4232=EDGE_LOOP('',(#597,#598,#599,#600));
#4233=EDGE_LOOP('',(#601,#602,#603,#604,#605,#606,#607,#608));
#4234=EDGE_LOOP('',(#609,#610,#611,#612));
#4235=EDGE_LOOP('',(#613,#614,#615,#616));
#4236=EDGE_LOOP('',(#617));
#4237=EDGE_LOOP('',(#618,#619,#620,#621,#622,#623));
#4238=EDGE_LOOP('',(#624,#625,#626,#627));
#4239=EDGE_LOOP('',(#628,#629,#630,#631));
#4240=EDGE_LOOP('',(#632,#633,#634,#635));
#4241=EDGE_LOOP('',(#636));
#4242=EDGE_LOOP('',(#637));
#4243=EDGE_LOOP('',(#638,#639,#640,#641));
#4244=EDGE_LOOP('',(#642));
#4245=EDGE_LOOP('',(#643));
#4246=EDGE_LOOP('',(#644,#645,#646,#647));
#4247=EDGE_LOOP('',(#648,#649,#650,#651));
#4248=EDGE_LOOP('',(#652,#653,#654,#655));
#4249=EDGE_LOOP('',(#656,#657,#658,#659));
#4250=EDGE_LOOP('',(#660,#661,#662,#663));
#4251=EDGE_LOOP('',(#664,#665,#666,#667));
#4252=EDGE_LOOP('',(#668,#669,#670,#671,#672,#673));
#4253=EDGE_LOOP('',(#674));
#4254=EDGE_LOOP('',(#675));
#4255=EDGE_LOOP('',(#676,#677,#678));
#4256=EDGE_LOOP('',(#679,#680,#681,#682));
#4257=EDGE_LOOP('',(#683,#684,#685,#686));
#4258=EDGE_LOOP('',(#687,#688,#689,#690));
#4259=EDGE_LOOP('',(#691,#692,#693));
#4260=EDGE_LOOP('',(#694,#695,#696,#697));
#4261=EDGE_LOOP('',(#698,#699,#700,#701));
#4262=EDGE_LOOP('',(#702,#703,#704,#705));
#4263=EDGE_LOOP('',(#706,#707,#708,#709));
#4264=EDGE_LOOP('',(#710,#711,#712,#713));
#4265=EDGE_LOOP('',(#714,#715,#716,#717));
#4266=EDGE_LOOP('',(#718,#719,#720,#721));
#4267=EDGE_LOOP('',(#722,#723,#724,#725,#726,#727,#728,#729,#730,#731,#732,
#733,#734));
#4268=EDGE_LOOP('',(#735,#736,#737,#738));
#4269=EDGE_LOOP('',(#739,#740,#741,#742));
#4270=EDGE_LOOP('',(#743,#744,#745,#746));
#4271=EDGE_LOOP('',(#747,#748,#749,#750));
#4272=EDGE_LOOP('',(#751,#752,#753,#754));
#4273=EDGE_LOOP('',(#755,#756,#757,#758));
#4274=EDGE_LOOP('',(#759,#760,#761,#762,#763));
#4275=EDGE_LOOP('',(#764,#765,#766,#767));
#4276=EDGE_LOOP('',(#768,#769,#770,#771,#772));
#4277=EDGE_LOOP('',(#773,#774,#775,#776));
#4278=EDGE_LOOP('',(#777,#778,#779,#780));
#4279=EDGE_LOOP('',(#781,#782,#783,#784,#785));
#4280=EDGE_LOOP('',(#786,#787,#788,#789));
#4281=EDGE_LOOP('',(#790,#791,#792,#793,#794));
#4282=EDGE_LOOP('',(#795,#796,#797,#798));
#4283=EDGE_LOOP('',(#799,#800,#801,#802));
#4284=EDGE_LOOP('',(#803,#804,#805,#806));
#4285=EDGE_LOOP('',(#807,#808,#809,#810));
#4286=EDGE_LOOP('',(#811,#812,#813,#814));
#4287=EDGE_LOOP('',(#815,#816,#817,#818));
#4288=EDGE_LOOP('',(#819,#820,#821,#822));
#4289=EDGE_LOOP('',(#823,#824,#825,#826,#827,#828,#829,#830));
#4290=EDGE_LOOP('',(#831,#832,#833,#834));
#4291=EDGE_LOOP('',(#835,#836,#837,#838));
#4292=EDGE_LOOP('',(#839,#840,#841));
#4293=EDGE_LOOP('',(#842,#843,#844,#845,#846,#847,#848,#849,#850,#851,#852,
#853,#854,#855,#856,#857,#858,#859,#860,#861,#862));
#4294=EDGE_LOOP('',(#863));
#4295=EDGE_LOOP('',(#864,#865,#866));
#4296=EDGE_LOOP('',(#867,#868,#869));
#4297=EDGE_LOOP('',(#870,#871,#872,#873));
#4298=EDGE_LOOP('',(#874,#875,#876,#877,#878));
#4299=EDGE_LOOP('',(#879,#880,#881,#882,#883));
#4300=EDGE_LOOP('',(#884,#885,#886,#887,#888,#889));
#4301=EDGE_LOOP('',(#890,#891,#892,#893));
#4302=EDGE_LOOP('',(#894,#895,#896,#897));
#4303=EDGE_LOOP('',(#898,#899,#900,#901));
#4304=EDGE_LOOP('',(#902,#903,#904,#905));
#4305=EDGE_LOOP('',(#906,#907,#908));
#4306=EDGE_LOOP('',(#909,#910,#911));
#4307=EDGE_LOOP('',(#912,#913,#914,#915));
#4308=EDGE_LOOP('',(#916,#917,#918,#919,#920));
#4309=EDGE_LOOP('',(#921,#922,#923));
#4310=EDGE_LOOP('',(#924,#925,#926));
#4311=EDGE_LOOP('',(#927,#928,#929,#930));
#4312=EDGE_LOOP('',(#931,#932,#933,#934));
#4313=EDGE_LOOP('',(#935));
#4314=EDGE_LOOP('',(#936));
#4315=EDGE_LOOP('',(#937));
#4316=EDGE_LOOP('',(#938));
#4317=EDGE_LOOP('',(#939));
#4318=EDGE_LOOP('',(#940));
#4319=EDGE_LOOP('',(#941));
#4320=EDGE_LOOP('',(#942));
#4321=EDGE_LOOP('',(#943));
#4322=EDGE_LOOP('',(#944));
#4323=EDGE_LOOP('',(#945));
#4324=EDGE_LOOP('',(#946));
#4325=EDGE_LOOP('',(#947));
#4326=EDGE_LOOP('',(#948));
#4327=EDGE_LOOP('',(#949));
#4328=EDGE_LOOP('',(#950));
#4329=EDGE_LOOP('',(#951));
#4330=EDGE_LOOP('',(#952));
#4331=EDGE_LOOP('',(#953,#954,#955,#956));
#4332=EDGE_LOOP('',(#957,#958,#959,#960));
#4333=EDGE_LOOP('',(#961,#962,#963,#964));
#4334=EDGE_LOOP('',(#965,#966,#967,#968));
#4335=EDGE_LOOP('',(#969,#970,#971,#972));
#4336=EDGE_LOOP('',(#973,#974,#975,#976));
#4337=EDGE_LOOP('',(#977,#978,#979,#980));
#4338=EDGE_LOOP('',(#981,#982,#983,#984));
#4339=EDGE_LOOP('',(#985,#986,#987,#988));
#4340=EDGE_LOOP('',(#989,#990,#991,#992));
#4341=EDGE_LOOP('',(#993,#994,#995,#996));
#4342=EDGE_LOOP('',(#997,#998,#999,#1000));
#4343=EDGE_LOOP('',(#1001,#1002,#1003,#1004,#1005,#1006,#1007,#1008,#1009,
#1010,#1011,#1012));
#4344=EDGE_LOOP('',(#1013,#1014,#1015,#1016));
#4345=EDGE_LOOP('',(#1017,#1018,#1019,#1020,#1021,#1022,#1023));
#4346=EDGE_LOOP('',(#1024,#1025,#1026,#1027));
#4347=EDGE_LOOP('',(#1028,#1029,#1030,#1031,#1032,#1033,#1034));
#4348=EDGE_LOOP('',(#1035,#1036,#1037,#1038));
#4349=EDGE_LOOP('',(#1039,#1040,#1041,#1042));
#4350=EDGE_LOOP('',(#1043,#1044,#1045,#1046));
#4351=EDGE_LOOP('',(#1047,#1048,#1049,#1050));
#4352=EDGE_LOOP('',(#1051,#1052,#1053,#1054));
#4353=EDGE_LOOP('',(#1055,#1056,#1057,#1058));
#4354=EDGE_LOOP('',(#1059,#1060,#1061,#1062));
#4355=EDGE_LOOP('',(#1063,#1064,#1065,#1066));
#4356=EDGE_LOOP('',(#1067,#1068,#1069,#1070));
#4357=EDGE_LOOP('',(#1071,#1072,#1073,#1074));
#4358=EDGE_LOOP('',(#1075,#1076,#1077,#1078,#1079,#1080,#1081,#1082,#1083,
#1084,#1085,#1086));
#4359=EDGE_LOOP('',(#1087,#1088,#1089,#1090));
#4360=EDGE_LOOP('',(#1091,#1092,#1093,#1094));
#4361=EDGE_LOOP('',(#1095,#1096,#1097,#1098,#1099,#1100,#1101));
#4362=EDGE_LOOP('',(#1102,#1103,#1104,#1105));
#4363=EDGE_LOOP('',(#1106,#1107,#1108,#1109,#1110,#1111,#1112));
#4364=EDGE_LOOP('',(#1113,#1114,#1115,#1116));
#4365=EDGE_LOOP('',(#1117,#1118,#1119,#1120));
#4366=EDGE_LOOP('',(#1121,#1122,#1123,#1124));
#4367=EDGE_LOOP('',(#1125,#1126,#1127,#1128));
#4368=EDGE_LOOP('',(#1129,#1130,#1131,#1132));
#4369=EDGE_LOOP('',(#1133,#1134,#1135,#1136));
#4370=EDGE_LOOP('',(#1137,#1138,#1139,#1140));
#4371=EDGE_LOOP('',(#1141,#1142,#1143,#1144));
#4372=EDGE_LOOP('',(#1145,#1146,#1147,#1148));
#4373=EDGE_LOOP('',(#1149,#1150,#1151,#1152));
#4374=EDGE_LOOP('',(#1153,#1154,#1155,#1156,#1157,#1158,#1159,#1160,#1161,
#1162,#1163,#1164));
#4375=EDGE_LOOP('',(#1165,#1166,#1167,#1168));
#4376=EDGE_LOOP('',(#1169,#1170,#1171,#1172));
#4377=EDGE_LOOP('',(#1173,#1174,#1175,#1176,#1177,#1178,#1179));
#4378=EDGE_LOOP('',(#1180,#1181,#1182,#1183));
#4379=EDGE_LOOP('',(#1184,#1185,#1186,#1187,#1188,#1189,#1190));
#4380=EDGE_LOOP('',(#1191,#1192,#1193,#1194));
#4381=EDGE_LOOP('',(#1195,#1196,#1197,#1198));
#4382=EDGE_LOOP('',(#1199,#1200,#1201,#1202));
#4383=EDGE_LOOP('',(#1203,#1204,#1205,#1206));
#4384=EDGE_LOOP('',(#1207,#1208,#1209,#1210));
#4385=EDGE_LOOP('',(#1211,#1212,#1213,#1214));
#4386=EDGE_LOOP('',(#1215,#1216,#1217,#1218));
#4387=EDGE_LOOP('',(#1219,#1220,#1221,#1222));
#4388=EDGE_LOOP('',(#1223,#1224,#1225,#1226));
#4389=EDGE_LOOP('',(#1227,#1228,#1229,#1230));
#4390=EDGE_LOOP('',(#1231,#1232,#1233,#1234,#1235,#1236,#1237,#1238,#1239,
#1240,#1241,#1242));
#4391=EDGE_LOOP('',(#1243,#1244,#1245,#1246));
#4392=EDGE_LOOP('',(#1247,#1248,#1249,#1250,#1251,#1252,#1253));
#4393=EDGE_LOOP('',(#1254,#1255,#1256,#1257,#1258,#1259,#1260));
#4394=EDGE_LOOP('',(#1261,#1262,#1263,#1264));
#4395=EDGE_LOOP('',(#1265,#1266,#1267,#1268));
#4396=EDGE_LOOP('',(#1269,#1270,#1271,#1272));
#4397=EDGE_LOOP('',(#1273,#1274,#1275,#1276));
#4398=EDGE_LOOP('',(#1277,#1278,#1279,#1280));
#4399=EDGE_LOOP('',(#1281,#1282,#1283,#1284));
#4400=EDGE_LOOP('',(#1285,#1286,#1287,#1288));
#4401=EDGE_LOOP('',(#1289,#1290,#1291,#1292));
#4402=EDGE_LOOP('',(#1293,#1294,#1295,#1296));
#4403=EDGE_LOOP('',(#1297,#1298,#1299,#1300));
#4404=EDGE_LOOP('',(#1301,#1302,#1303,#1304));
#4405=EDGE_LOOP('',(#1305,#1306,#1307,#1308));
#4406=EDGE_LOOP('',(#1309,#1310,#1311,#1312,#1313,#1314,#1315,#1316,#1317,
#1318,#1319,#1320));
#4407=EDGE_LOOP('',(#1321,#1322,#1323,#1324));
#4408=EDGE_LOOP('',(#1325,#1326,#1327,#1328,#1329,#1330,#1331));
#4409=EDGE_LOOP('',(#1332,#1333,#1334,#1335,#1336,#1337,#1338));
#4410=EDGE_LOOP('',(#1339,#1340,#1341,#1342));
#4411=EDGE_LOOP('',(#1343,#1344,#1345,#1346));
#4412=EDGE_LOOP('',(#1347,#1348,#1349,#1350));
#4413=EDGE_LOOP('',(#1351,#1352,#1353,#1354));
#4414=EDGE_LOOP('',(#1355,#1356,#1357,#1358));
#4415=EDGE_LOOP('',(#1359,#1360,#1361,#1362));
#4416=EDGE_LOOP('',(#1363,#1364,#1365,#1366));
#4417=EDGE_LOOP('',(#1367,#1368,#1369,#1370));
#4418=EDGE_LOOP('',(#1371,#1372,#1373,#1374));
#4419=EDGE_LOOP('',(#1375,#1376,#1377,#1378));
#4420=EDGE_LOOP('',(#1379,#1380,#1381,#1382));
#4421=EDGE_LOOP('',(#1383,#1384,#1385,#1386));
#4422=EDGE_LOOP('',(#1387,#1388,#1389,#1390,#1391,#1392,#1393,#1394,#1395,
#1396,#1397,#1398));
#4423=EDGE_LOOP('',(#1399,#1400,#1401,#1402));
#4424=EDGE_LOOP('',(#1403,#1404,#1405,#1406));
#4425=EDGE_LOOP('',(#1407,#1408,#1409,#1410,#1411,#1412,#1413));
#4426=EDGE_LOOP('',(#1414,#1415,#1416,#1417));
#4427=EDGE_LOOP('',(#1418,#1419,#1420,#1421,#1422,#1423,#1424));
#4428=EDGE_LOOP('',(#1425,#1426,#1427,#1428));
#4429=EDGE_LOOP('',(#1429,#1430,#1431,#1432));
#4430=EDGE_LOOP('',(#1433,#1434,#1435,#1436));
#4431=EDGE_LOOP('',(#1437,#1438,#1439,#1440));
#4432=EDGE_LOOP('',(#1441,#1442,#1443,#1444));
#4433=EDGE_LOOP('',(#1445,#1446,#1447,#1448));
#4434=EDGE_LOOP('',(#1449,#1450,#1451,#1452));
#4435=EDGE_LOOP('',(#1453,#1454,#1455,#1456));
#4436=EDGE_LOOP('',(#1457,#1458,#1459,#1460));
#4437=EDGE_LOOP('',(#1461,#1462,#1463,#1464));
#4438=EDGE_LOOP('',(#1465,#1466,#1467,#1468,#1469,#1470,#1471,#1472,#1473,
#1474,#1475,#1476));
#4439=EDGE_LOOP('',(#1477,#1478,#1479,#1480));
#4440=EDGE_LOOP('',(#1481,#1482,#1483,#1484));
#4441=EDGE_LOOP('',(#1485,#1486,#1487,#1488,#1489,#1490,#1491));
#4442=EDGE_LOOP('',(#1492,#1493,#1494,#1495));
#4443=EDGE_LOOP('',(#1496,#1497,#1498,#1499,#1500,#1501,#1502));
#4444=EDGE_LOOP('',(#1503,#1504,#1505,#1506));
#4445=EDGE_LOOP('',(#1507,#1508,#1509,#1510));
#4446=EDGE_LOOP('',(#1511,#1512,#1513,#1514));
#4447=EDGE_LOOP('',(#1515,#1516,#1517,#1518));
#4448=EDGE_LOOP('',(#1519,#1520,#1521,#1522));
#4449=EDGE_LOOP('',(#1523,#1524,#1525,#1526));
#4450=EDGE_LOOP('',(#1527,#1528,#1529,#1530));
#4451=EDGE_LOOP('',(#1531,#1532,#1533,#1534));
#4452=EDGE_LOOP('',(#1535,#1536,#1537,#1538));
#4453=EDGE_LOOP('',(#1539,#1540,#1541,#1542));
#4454=EDGE_LOOP('',(#1543,#1544,#1545,#1546,#1547,#1548,#1549,#1550,#1551,
#1552,#1553,#1554));
#4455=EDGE_LOOP('',(#1555,#1556,#1557,#1558));
#4456=EDGE_LOOP('',(#1559,#1560,#1561,#1562));
#4457=EDGE_LOOP('',(#1563,#1564,#1565,#1566,#1567,#1568,#1569));
#4458=EDGE_LOOP('',(#1570,#1571,#1572,#1573));
#4459=EDGE_LOOP('',(#1574,#1575,#1576,#1577,#1578,#1579,#1580));
#4460=EDGE_LOOP('',(#1581,#1582,#1583,#1584));
#4461=EDGE_LOOP('',(#1585,#1586,#1587,#1588));
#4462=EDGE_LOOP('',(#1589,#1590,#1591,#1592));
#4463=EDGE_LOOP('',(#1593,#1594,#1595,#1596));
#4464=EDGE_LOOP('',(#1597,#1598,#1599,#1600));
#4465=EDGE_LOOP('',(#1601,#1602,#1603,#1604));
#4466=EDGE_LOOP('',(#1605,#1606,#1607,#1608));
#4467=EDGE_LOOP('',(#1609,#1610,#1611,#1612));
#4468=EDGE_LOOP('',(#1613,#1614,#1615,#1616));
#4469=EDGE_LOOP('',(#1617,#1618,#1619,#1620));
#4470=EDGE_LOOP('',(#1621,#1622,#1623,#1624,#1625,#1626,#1627,#1628,#1629,
#1630,#1631,#1632));
#4471=EDGE_LOOP('',(#1633,#1634,#1635,#1636));
#4472=EDGE_LOOP('',(#1637,#1638,#1639,#1640));
#4473=EDGE_LOOP('',(#1641,#1642,#1643,#1644,#1645,#1646,#1647));
#4474=EDGE_LOOP('',(#1648,#1649,#1650,#1651));
#4475=EDGE_LOOP('',(#1652,#1653,#1654,#1655,#1656,#1657,#1658));
#4476=EDGE_LOOP('',(#1659,#1660,#1661,#1662));
#4477=EDGE_LOOP('',(#1663,#1664,#1665,#1666));
#4478=EDGE_LOOP('',(#1667,#1668,#1669,#1670));
#4479=EDGE_LOOP('',(#1671,#1672,#1673,#1674));
#4480=EDGE_LOOP('',(#1675,#1676,#1677,#1678));
#4481=EDGE_LOOP('',(#1679,#1680,#1681,#1682));
#4482=EDGE_LOOP('',(#1683,#1684,#1685,#1686));
#4483=EDGE_LOOP('',(#1687,#1688,#1689,#1690));
#4484=EDGE_LOOP('',(#1691,#1692,#1693,#1694));
#4485=EDGE_LOOP('',(#1695,#1696,#1697,#1698));
#4486=EDGE_LOOP('',(#1699,#1700,#1701,#1702,#1703,#1704,#1705,#1706,#1707,
#1708,#1709,#1710));
#4487=EDGE_LOOP('',(#1711,#1712,#1713,#1714));
#4488=EDGE_LOOP('',(#1715,#1716,#1717,#1718));
#4489=EDGE_LOOP('',(#1719,#1720,#1721,#1722,#1723,#1724,#1725));
#4490=EDGE_LOOP('',(#1726,#1727,#1728,#1729));
#4491=EDGE_LOOP('',(#1730,#1731,#1732,#1733,#1734,#1735,#1736));
#4492=EDGE_LOOP('',(#1737,#1738,#1739,#1740));
#4493=EDGE_LOOP('',(#1741,#1742,#1743,#1744));
#4494=EDGE_LOOP('',(#1745,#1746,#1747,#1748));
#4495=EDGE_LOOP('',(#1749,#1750,#1751,#1752));
#4496=EDGE_LOOP('',(#1753,#1754,#1755,#1756));
#4497=EDGE_LOOP('',(#1757,#1758,#1759,#1760));
#4498=EDGE_LOOP('',(#1761,#1762,#1763,#1764));
#4499=EDGE_LOOP('',(#1765,#1766,#1767,#1768));
#4500=EDGE_LOOP('',(#1769,#1770,#1771,#1772));
#4501=EDGE_LOOP('',(#1773,#1774,#1775,#1776));
#4502=EDGE_LOOP('',(#1777,#1778,#1779,#1780,#1781,#1782,#1783,#1784,#1785,
#1786,#1787,#1788));
#4503=EDGE_LOOP('',(#1789,#1790,#1791,#1792));
#4504=EDGE_LOOP('',(#1793,#1794,#1795,#1796));
#4505=EDGE_LOOP('',(#1797,#1798,#1799,#1800,#1801,#1802,#1803));
#4506=EDGE_LOOP('',(#1804,#1805,#1806,#1807));
#4507=EDGE_LOOP('',(#1808,#1809,#1810,#1811,#1812,#1813,#1814));
#4508=EDGE_LOOP('',(#1815,#1816,#1817,#1818));
#4509=EDGE_LOOP('',(#1819,#1820,#1821,#1822));
#4510=EDGE_LOOP('',(#1823,#1824,#1825,#1826));
#4511=EDGE_LOOP('',(#1827,#1828,#1829,#1830));
#4512=EDGE_LOOP('',(#1831,#1832,#1833,#1834));
#4513=EDGE_LOOP('',(#1835,#1836,#1837,#1838));
#4514=EDGE_LOOP('',(#1839,#1840,#1841,#1842));
#4515=EDGE_LOOP('',(#1843,#1844,#1845,#1846));
#4516=EDGE_LOOP('',(#1847,#1848,#1849,#1850));
#4517=EDGE_LOOP('',(#1851,#1852,#1853,#1854));
#4518=EDGE_LOOP('',(#1855,#1856,#1857,#1858,#1859,#1860,#1861,#1862,#1863,
#1864,#1865,#1866));
#4519=EDGE_LOOP('',(#1867,#1868,#1869,#1870));
#4520=EDGE_LOOP('',(#1871,#1872,#1873,#1874));
#4521=EDGE_LOOP('',(#1875,#1876,#1877,#1878));
#4522=EDGE_LOOP('',(#1879,#1880,#1881,#1882));
#4523=EDGE_LOOP('',(#1883,#1884,#1885,#1886));
#4524=EDGE_LOOP('',(#1887,#1888,#1889,#1890));
#4525=EDGE_LOOP('',(#1891,#1892,#1893,#1894));
#4526=EDGE_LOOP('',(#1895,#1896,#1897,#1898));
#4527=FACE_BOUND('',#4202,.T.);
#4528=FACE_BOUND('',#4203,.T.);
#4529=FACE_BOUND('',#4204,.T.);
#4530=FACE_BOUND('',#4205,.T.);
#4531=FACE_BOUND('',#4206,.T.);
#4532=FACE_BOUND('',#4207,.T.);
#4533=FACE_BOUND('',#4208,.T.);
#4534=FACE_BOUND('',#4209,.T.);
#4535=FACE_BOUND('',#4210,.T.);
#4536=FACE_BOUND('',#4211,.T.);
#4537=FACE_BOUND('',#4212,.T.);
#4538=FACE_BOUND('',#4213,.T.);
#4539=FACE_BOUND('',#4214,.T.);
#4540=FACE_BOUND('',#4215,.T.);
#4541=FACE_BOUND('',#4216,.T.);
#4542=FACE_BOUND('',#4217,.T.);
#4543=FACE_BOUND('',#4218,.T.);
#4544=FACE_BOUND('',#4219,.T.);
#4545=FACE_BOUND('',#4220,.T.);
#4546=FACE_BOUND('',#4221,.T.);
#4547=FACE_BOUND('',#4222,.T.);
#4548=FACE_BOUND('',#4223,.T.);
#4549=FACE_BOUND('',#4224,.T.);
#4550=FACE_BOUND('',#4225,.T.);
#4551=FACE_BOUND('',#4226,.T.);
#4552=FACE_BOUND('',#4227,.T.);
#4553=FACE_BOUND('',#4228,.T.);
#4554=FACE_BOUND('',#4229,.T.);
#4555=FACE_BOUND('',#4230,.T.);
#4556=FACE_BOUND('',#4231,.T.);
#4557=FACE_BOUND('',#4232,.T.);
#4558=FACE_BOUND('',#4233,.T.);
#4559=FACE_BOUND('',#4234,.T.);
#4560=FACE_BOUND('',#4235,.T.);
#4561=FACE_BOUND('',#4236,.T.);
#4562=FACE_BOUND('',#4237,.T.);
#4563=FACE_BOUND('',#4238,.T.);
#4564=FACE_BOUND('',#4239,.T.);
#4565=FACE_BOUND('',#4240,.T.);
#4566=FACE_BOUND('',#4241,.T.);
#4567=FACE_BOUND('',#4242,.T.);
#4568=FACE_BOUND('',#4243,.T.);
#4569=FACE_BOUND('',#4244,.T.);
#4570=FACE_BOUND('',#4245,.T.);
#4571=FACE_BOUND('',#4246,.T.);
#4572=FACE_BOUND('',#4247,.T.);
#4573=FACE_BOUND('',#4248,.T.);
#4574=FACE_BOUND('',#4249,.T.);
#4575=FACE_BOUND('',#4250,.T.);
#4576=FACE_BOUND('',#4251,.T.);
#4577=FACE_BOUND('',#4252,.T.);
#4578=FACE_BOUND('',#4253,.T.);
#4579=FACE_BOUND('',#4254,.T.);
#4580=FACE_BOUND('',#4255,.T.);
#4581=FACE_BOUND('',#4256,.T.);
#4582=FACE_BOUND('',#4257,.T.);
#4583=FACE_BOUND('',#4258,.T.);
#4584=FACE_BOUND('',#4259,.T.);
#4585=FACE_BOUND('',#4260,.T.);
#4586=FACE_BOUND('',#4261,.T.);
#4587=FACE_BOUND('',#4262,.T.);
#4588=FACE_BOUND('',#4263,.T.);
#4589=FACE_BOUND('',#4264,.T.);
#4590=FACE_BOUND('',#4265,.T.);
#4591=FACE_BOUND('',#4266,.T.);
#4592=FACE_BOUND('',#4267,.T.);
#4593=FACE_BOUND('',#4268,.T.);
#4594=FACE_BOUND('',#4269,.T.);
#4595=FACE_BOUND('',#4270,.T.);
#4596=FACE_BOUND('',#4271,.T.);
#4597=FACE_BOUND('',#4272,.T.);
#4598=FACE_BOUND('',#4273,.T.);
#4599=FACE_BOUND('',#4274,.T.);
#4600=FACE_BOUND('',#4275,.T.);
#4601=FACE_BOUND('',#4276,.T.);
#4602=FACE_BOUND('',#4277,.T.);
#4603=FACE_BOUND('',#4278,.T.);
#4604=FACE_BOUND('',#4279,.T.);
#4605=FACE_BOUND('',#4280,.T.);
#4606=FACE_BOUND('',#4281,.T.);
#4607=FACE_BOUND('',#4282,.T.);
#4608=FACE_BOUND('',#4283,.T.);
#4609=FACE_BOUND('',#4284,.T.);
#4610=FACE_BOUND('',#4285,.T.);
#4611=FACE_BOUND('',#4286,.T.);
#4612=FACE_BOUND('',#4287,.T.);
#4613=FACE_BOUND('',#4288,.T.);
#4614=FACE_BOUND('',#4289,.T.);
#4615=FACE_BOUND('',#4290,.T.);
#4616=FACE_BOUND('',#4291,.T.);
#4617=FACE_BOUND('',#4292,.T.);
#4618=FACE_BOUND('',#4293,.T.);
#4619=FACE_BOUND('',#4294,.T.);
#4620=FACE_BOUND('',#4295,.T.);
#4621=FACE_BOUND('',#4296,.T.);
#4622=FACE_BOUND('',#4297,.T.);
#4623=FACE_BOUND('',#4298,.T.);
#4624=FACE_BOUND('',#4299,.T.);
#4625=FACE_BOUND('',#4300,.T.);
#4626=FACE_BOUND('',#4301,.T.);
#4627=FACE_BOUND('',#4302,.T.);
#4628=FACE_BOUND('',#4303,.T.);
#4629=FACE_BOUND('',#4304,.T.);
#4630=FACE_BOUND('',#4305,.T.);
#4631=FACE_BOUND('',#4306,.T.);
#4632=FACE_BOUND('',#4307,.T.);
#4633=FACE_BOUND('',#4308,.T.);
#4634=FACE_BOUND('',#4309,.T.);
#4635=FACE_BOUND('',#4310,.T.);
#4636=FACE_BOUND('',#4311,.T.);
#4637=FACE_BOUND('',#4312,.T.);
#4638=FACE_BOUND('',#4313,.T.);
#4639=FACE_BOUND('',#4314,.T.);
#4640=FACE_BOUND('',#4315,.T.);
#4641=FACE_BOUND('',#4316,.T.);
#4642=FACE_BOUND('',#4317,.T.);
#4643=FACE_BOUND('',#4318,.T.);
#4644=FACE_BOUND('',#4319,.T.);
#4645=FACE_BOUND('',#4320,.T.);
#4646=FACE_BOUND('',#4321,.T.);
#4647=FACE_BOUND('',#4322,.T.);
#4648=FACE_BOUND('',#4323,.T.);
#4649=FACE_BOUND('',#4324,.T.);
#4650=FACE_BOUND('',#4325,.T.);
#4651=FACE_BOUND('',#4326,.T.);
#4652=FACE_BOUND('',#4327,.T.);
#4653=FACE_BOUND('',#4328,.T.);
#4654=FACE_BOUND('',#4329,.T.);
#4655=FACE_BOUND('',#4330,.T.);
#4656=FACE_BOUND('',#4331,.T.);
#4657=FACE_BOUND('',#4332,.T.);
#4658=FACE_BOUND('',#4333,.T.);
#4659=FACE_BOUND('',#4334,.T.);
#4660=FACE_BOUND('',#4335,.T.);
#4661=FACE_BOUND('',#4336,.T.);
#4662=FACE_BOUND('',#4337,.T.);
#4663=FACE_BOUND('',#4338,.T.);
#4664=FACE_BOUND('',#4339,.T.);
#4665=FACE_BOUND('',#4340,.T.);
#4666=FACE_BOUND('',#4341,.T.);
#4667=FACE_BOUND('',#4342,.T.);
#4668=FACE_BOUND('',#4343,.T.);
#4669=FACE_BOUND('',#4344,.T.);
#4670=FACE_BOUND('',#4345,.T.);
#4671=FACE_BOUND('',#4346,.T.);
#4672=FACE_BOUND('',#4347,.T.);
#4673=FACE_BOUND('',#4348,.T.);
#4674=FACE_BOUND('',#4349,.T.);
#4675=FACE_BOUND('',#4350,.T.);
#4676=FACE_BOUND('',#4351,.T.);
#4677=FACE_BOUND('',#4352,.T.);
#4678=FACE_BOUND('',#4353,.T.);
#4679=FACE_BOUND('',#4354,.T.);
#4680=FACE_BOUND('',#4355,.T.);
#4681=FACE_BOUND('',#4356,.T.);
#4682=FACE_BOUND('',#4357,.T.);
#4683=FACE_BOUND('',#4358,.T.);
#4684=FACE_BOUND('',#4359,.T.);
#4685=FACE_BOUND('',#4360,.T.);
#4686=FACE_BOUND('',#4361,.T.);
#4687=FACE_BOUND('',#4362,.T.);
#4688=FACE_BOUND('',#4363,.T.);
#4689=FACE_BOUND('',#4364,.T.);
#4690=FACE_BOUND('',#4365,.T.);
#4691=FACE_BOUND('',#4366,.T.);
#4692=FACE_BOUND('',#4367,.T.);
#4693=FACE_BOUND('',#4368,.T.);
#4694=FACE_BOUND('',#4369,.T.);
#4695=FACE_BOUND('',#4370,.T.);
#4696=FACE_BOUND('',#4371,.T.);
#4697=FACE_BOUND('',#4372,.T.);
#4698=FACE_BOUND('',#4373,.T.);
#4699=FACE_BOUND('',#4374,.T.);
#4700=FACE_BOUND('',#4375,.T.);
#4701=FACE_BOUND('',#4376,.T.);
#4702=FACE_BOUND('',#4377,.T.);
#4703=FACE_BOUND('',#4378,.T.);
#4704=FACE_BOUND('',#4379,.T.);
#4705=FACE_BOUND('',#4380,.T.);
#4706=FACE_BOUND('',#4381,.T.);
#4707=FACE_BOUND('',#4382,.T.);
#4708=FACE_BOUND('',#4383,.T.);
#4709=FACE_BOUND('',#4384,.T.);
#4710=FACE_BOUND('',#4385,.T.);
#4711=FACE_BOUND('',#4386,.T.);
#4712=FACE_BOUND('',#4387,.T.);
#4713=FACE_BOUND('',#4388,.T.);
#4714=FACE_BOUND('',#4389,.T.);
#4715=FACE_BOUND('',#4390,.T.);
#4716=FACE_BOUND('',#4391,.T.);
#4717=FACE_BOUND('',#4392,.T.);
#4718=FACE_BOUND('',#4393,.T.);
#4719=FACE_BOUND('',#4394,.T.);
#4720=FACE_BOUND('',#4395,.T.);
#4721=FACE_BOUND('',#4396,.T.);
#4722=FACE_BOUND('',#4397,.T.);
#4723=FACE_BOUND('',#4398,.T.);
#4724=FACE_BOUND('',#4399,.T.);
#4725=FACE_BOUND('',#4400,.T.);
#4726=FACE_BOUND('',#4401,.T.);
#4727=FACE_BOUND('',#4402,.T.);
#4728=FACE_BOUND('',#4403,.T.);
#4729=FACE_BOUND('',#4404,.T.);
#4730=FACE_BOUND('',#4405,.T.);
#4731=FACE_BOUND('',#4406,.T.);
#4732=FACE_BOUND('',#4407,.T.);
#4733=FACE_BOUND('',#4408,.T.);
#4734=FACE_BOUND('',#4409,.T.);
#4735=FACE_BOUND('',#4410,.T.);
#4736=FACE_BOUND('',#4411,.T.);
#4737=FACE_BOUND('',#4412,.T.);
#4738=FACE_BOUND('',#4413,.T.);
#4739=FACE_BOUND('',#4414,.T.);
#4740=FACE_BOUND('',#4415,.T.);
#4741=FACE_BOUND('',#4416,.T.);
#4742=FACE_BOUND('',#4417,.T.);
#4743=FACE_BOUND('',#4418,.T.);
#4744=FACE_BOUND('',#4419,.T.);
#4745=FACE_BOUND('',#4420,.T.);
#4746=FACE_BOUND('',#4421,.T.);
#4747=FACE_BOUND('',#4422,.T.);
#4748=FACE_BOUND('',#4423,.T.);
#4749=FACE_BOUND('',#4424,.T.);
#4750=FACE_BOUND('',#4425,.T.);
#4751=FACE_BOUND('',#4426,.T.);
#4752=FACE_BOUND('',#4427,.T.);
#4753=FACE_BOUND('',#4428,.T.);
#4754=FACE_BOUND('',#4429,.T.);
#4755=FACE_BOUND('',#4430,.T.);
#4756=FACE_BOUND('',#4431,.T.);
#4757=FACE_BOUND('',#4432,.T.);
#4758=FACE_BOUND('',#4433,.T.);
#4759=FACE_BOUND('',#4434,.T.);
#4760=FACE_BOUND('',#4435,.T.);
#4761=FACE_BOUND('',#4436,.T.);
#4762=FACE_BOUND('',#4437,.T.);
#4763=FACE_BOUND('',#4438,.T.);
#4764=FACE_BOUND('',#4439,.T.);
#4765=FACE_BOUND('',#4440,.T.);
#4766=FACE_BOUND('',#4441,.T.);
#4767=FACE_BOUND('',#4442,.T.);
#4768=FACE_BOUND('',#4443,.T.);
#4769=FACE_BOUND('',#4444,.T.);
#4770=FACE_BOUND('',#4445,.T.);
#4771=FACE_BOUND('',#4446,.T.);
#4772=FACE_BOUND('',#4447,.T.);
#4773=FACE_BOUND('',#4448,.T.);
#4774=FACE_BOUND('',#4449,.T.);
#4775=FACE_BOUND('',#4450,.T.);
#4776=FACE_BOUND('',#4451,.T.);
#4777=FACE_BOUND('',#4452,.T.);
#4778=FACE_BOUND('',#4453,.T.);
#4779=FACE_BOUND('',#4454,.T.);
#4780=FACE_BOUND('',#4455,.T.);
#4781=FACE_BOUND('',#4456,.T.);
#4782=FACE_BOUND('',#4457,.T.);
#4783=FACE_BOUND('',#4458,.T.);
#4784=FACE_BOUND('',#4459,.T.);
#4785=FACE_BOUND('',#4460,.T.);
#4786=FACE_BOUND('',#4461,.T.);
#4787=FACE_BOUND('',#4462,.T.);
#4788=FACE_BOUND('',#4463,.T.);
#4789=FACE_BOUND('',#4464,.T.);
#4790=FACE_BOUND('',#4465,.T.);
#4791=FACE_BOUND('',#4466,.T.);
#4792=FACE_BOUND('',#4467,.T.);
#4793=FACE_BOUND('',#4468,.T.);
#4794=FACE_BOUND('',#4469,.T.);
#4795=FACE_BOUND('',#4470,.T.);
#4796=FACE_BOUND('',#4471,.T.);
#4797=FACE_BOUND('',#4472,.T.);
#4798=FACE_BOUND('',#4473,.T.);
#4799=FACE_BOUND('',#4474,.T.);
#4800=FACE_BOUND('',#4475,.T.);
#4801=FACE_BOUND('',#4476,.T.);
#4802=FACE_BOUND('',#4477,.T.);
#4803=FACE_BOUND('',#4478,.T.);
#4804=FACE_BOUND('',#4479,.T.);
#4805=FACE_BOUND('',#4480,.T.);
#4806=FACE_BOUND('',#4481,.T.);
#4807=FACE_BOUND('',#4482,.T.);
#4808=FACE_BOUND('',#4483,.T.);
#4809=FACE_BOUND('',#4484,.T.);
#4810=FACE_BOUND('',#4485,.T.);
#4811=FACE_BOUND('',#4486,.T.);
#4812=FACE_BOUND('',#4487,.T.);
#4813=FACE_BOUND('',#4488,.T.);
#4814=FACE_BOUND('',#4489,.T.);
#4815=FACE_BOUND('',#4490,.T.);
#4816=FACE_BOUND('',#4491,.T.);
#4817=FACE_BOUND('',#4492,.T.);
#4818=FACE_BOUND('',#4493,.T.);
#4819=FACE_BOUND('',#4494,.T.);
#4820=FACE_BOUND('',#4495,.T.);
#4821=FACE_BOUND('',#4496,.T.);
#4822=FACE_BOUND('',#4497,.T.);
#4823=FACE_BOUND('',#4498,.T.);
#4824=FACE_BOUND('',#4499,.T.);
#4825=FACE_BOUND('',#4500,.T.);
#4826=FACE_BOUND('',#4501,.T.);
#4827=FACE_BOUND('',#4502,.T.);
#4828=FACE_BOUND('',#4503,.T.);
#4829=FACE_BOUND('',#4504,.T.);
#4830=FACE_BOUND('',#4505,.T.);
#4831=FACE_BOUND('',#4506,.T.);
#4832=FACE_BOUND('',#4507,.T.);
#4833=FACE_BOUND('',#4508,.T.);
#4834=FACE_BOUND('',#4509,.T.);
#4835=FACE_BOUND('',#4510,.T.);
#4836=FACE_BOUND('',#4511,.T.);
#4837=FACE_BOUND('',#4512,.T.);
#4838=FACE_BOUND('',#4513,.T.);
#4839=FACE_BOUND('',#4514,.T.);
#4840=FACE_BOUND('',#4515,.T.);
#4841=FACE_BOUND('',#4516,.T.);
#4842=FACE_BOUND('',#4517,.T.);
#4843=FACE_BOUND('',#4518,.T.);
#4844=FACE_BOUND('',#4519,.T.);
#4845=FACE_BOUND('',#4520,.T.);
#4846=FACE_BOUND('',#4521,.T.);
#4847=FACE_BOUND('',#4522,.T.);
#4848=FACE_BOUND('',#4523,.T.);
#4849=FACE_BOUND('',#4524,.T.);
#4850=FACE_BOUND('',#4525,.T.);
#4851=FACE_BOUND('',#4526,.T.);
#4852=PLANE('',#5376);
#4853=PLANE('',#5377);
#4854=PLANE('',#5384);
#4855=PLANE('',#5420);
#4856=PLANE('',#5451);
#4857=PLANE('',#5456);
#4858=PLANE('',#5457);
#4859=PLANE('',#5458);
#4860=PLANE('',#5459);
#4861=PLANE('',#5462);
#4862=PLANE('',#5466);
#4863=PLANE('',#5475);
#4864=PLANE('',#5478);
#4865=PLANE('',#5481);
#4866=PLANE('',#5484);
#4867=PLANE('',#5487);
#4868=PLANE('',#5488);
#4869=PLANE('',#5491);
#4870=PLANE('',#5494);
#4871=PLANE('',#5497);
#4872=PLANE('',#5498);
#4873=PLANE('',#5499);
#4874=PLANE('',#5502);
#4875=PLANE('',#5506);
#4876=PLANE('',#5507);
#4877=PLANE('',#5510);
#4878=PLANE('',#5514);
#4879=PLANE('',#5517);
#4880=PLANE('',#5520);
#4881=PLANE('',#5521);
#4882=PLANE('',#5522);
#4883=PLANE('',#5525);
#4884=PLANE('',#5526);
#4885=PLANE('',#5529);
#4886=PLANE('',#5538);
#4887=PLANE('',#5539);
#4888=PLANE('',#5540);
#4889=PLANE('',#5541);
#4890=PLANE('',#5544);
#4891=PLANE('',#5545);
#4892=PLANE('',#5548);
#4893=PLANE('',#5549);
#4894=PLANE('',#5550);
#4895=PLANE('',#5553);
#4896=PLANE('',#5554);
#4897=PLANE('',#5555);
#4898=PLANE('',#5561);
#4899=PLANE('',#5563);
#4900=PLANE('',#5569);
#4901=PLANE('',#5571);
#4902=PLANE('',#5574);
#4903=PLANE('',#5575);
#4904=PLANE('',#5576);
#4905=PLANE('',#5577);
#4906=PLANE('',#5578);
#4907=PLANE('',#5579);
#4908=PLANE('',#5580);
#4909=PLANE('',#5581);
#4910=PLANE('',#5582);
#4911=PLANE('',#5583);
#4912=PLANE('',#5584);
#4913=PLANE('',#5585);
#4914=PLANE('',#5586);
#4915=PLANE('',#5587);
#4916=PLANE('',#5588);
#4917=PLANE('',#5589);
#4918=PLANE('',#5590);
#4919=PLANE('',#5591);
#4920=PLANE('',#5592);
#4921=PLANE('',#5593);
#4922=PLANE('',#5594);
#4923=PLANE('',#5595);
#4924=PLANE('',#5596);
#4925=PLANE('',#5597);
#4926=PLANE('',#5598);
#4927=PLANE('',#5599);
#4928=PLANE('',#5600);
#4929=PLANE('',#5601);
#4930=PLANE('',#5602);
#4931=PLANE('',#5603);
#4932=PLANE('',#5604);
#4933=PLANE('',#5605);
#4934=PLANE('',#5606);
#4935=PLANE('',#5607);
#4936=PLANE('',#5608);
#4937=PLANE('',#5609);
#4938=PLANE('',#5610);
#4939=PLANE('',#5611);
#4940=PLANE('',#5612);
#4941=PLANE('',#5613);
#4942=PLANE('',#5614);
#4943=PLANE('',#5615);
#4944=PLANE('',#5616);
#4945=PLANE('',#5617);
#4946=PLANE('',#5618);
#4947=PLANE('',#5619);
#4948=PLANE('',#5620);
#4949=PLANE('',#5621);
#4950=PLANE('',#5622);
#4951=PLANE('',#5623);
#4952=PLANE('',#5624);
#4953=PLANE('',#5625);
#4954=PLANE('',#5626);
#4955=PLANE('',#5627);
#4956=PLANE('',#5628);
#4957=PLANE('',#5629);
#4958=PLANE('',#5630);
#4959=PLANE('',#5631);
#4960=PLANE('',#5632);
#4961=PLANE('',#5633);
#4962=PLANE('',#5634);
#4963=PLANE('',#5635);
#4964=PLANE('',#5636);
#4965=PLANE('',#5637);
#4966=PLANE('',#5638);
#4967=PLANE('',#5639);
#4968=PLANE('',#5640);
#4969=PLANE('',#5641);
#4970=PLANE('',#5642);
#4971=PLANE('',#5643);
#4972=PLANE('',#5644);
#4973=PLANE('',#5645);
#4974=PLANE('',#5646);
#4975=PLANE('',#5647);
#4976=PLANE('',#5648);
#4977=PLANE('',#5649);
#4978=PLANE('',#5650);
#4979=PLANE('',#5651);
#4980=PLANE('',#5652);
#4981=PLANE('',#5653);
#4982=PLANE('',#5654);
#4983=PLANE('',#5655);
#4984=PLANE('',#5656);
#4985=PLANE('',#5657);
#4986=PLANE('',#5658);
#4987=PLANE('',#5659);
#4988=PLANE('',#5660);
#4989=PLANE('',#5661);
#4990=PLANE('',#5662);
#4991=PLANE('',#5663);
#4992=PLANE('',#5664);
#4993=PLANE('',#5665);
#4994=PLANE('',#5666);
#4995=PLANE('',#5667);
#4996=PLANE('',#5668);
#4997=PLANE('',#5669);
#4998=PLANE('',#5670);
#4999=PLANE('',#5671);
#5000=PLANE('',#5672);
#5001=PLANE('',#5673);
#5002=PLANE('',#5674);
#5003=PLANE('',#5675);
#5004=PLANE('',#5676);
#5005=PLANE('',#5677);
#5006=PLANE('',#5678);
#5007=PLANE('',#5679);
#5008=PLANE('',#5680);
#5009=PLANE('',#5681);
#5010=PLANE('',#5682);
#5011=PLANE('',#5683);
#5012=PLANE('',#5684);
#5013=PLANE('',#5685);
#5014=PLANE('',#5686);
#5015=PLANE('',#5687);
#5016=PLANE('',#5688);
#5017=PLANE('',#5689);
#5018=PLANE('',#5690);
#5019=PLANE('',#5691);
#5020=PLANE('',#5692);
#5021=PLANE('',#5693);
#5022=PLANE('',#5694);
#5023=PLANE('',#5695);
#5024=PLANE('',#5696);
#5025=PLANE('',#5697);
#5026=PLANE('',#5698);
#5027=PLANE('',#5699);
#5028=PLANE('',#5700);
#5029=PLANE('',#5701);
#5030=PLANE('',#5702);
#5031=PLANE('',#5703);
#5032=PLANE('',#5704);
#5033=PLANE('',#5705);
#5034=PLANE('',#5706);
#5035=PLANE('',#5707);
#5036=PLANE('',#5708);
#5037=PLANE('',#5709);
#5038=PLANE('',#5710);
#5039=PLANE('',#5711);
#5040=PLANE('',#5712);
#5041=PLANE('',#5713);
#5042=PLANE('',#5714);
#5043=PLANE('',#5715);
#5044=PLANE('',#5716);
#5045=PLANE('',#5717);
#5046=PLANE('',#5718);
#5047=PLANE('',#5719);
#5048=PLANE('',#5720);
#5049=PLANE('',#5721);
#5050=PLANE('',#5722);
#5051=PLANE('',#5723);
#5052=PLANE('',#5724);
#5053=PLANE('',#5725);
#5054=PLANE('',#5726);
#5055=PLANE('',#5727);
#5056=PLANE('',#5728);
#5057=PLANE('',#5729);
#5058=PLANE('',#5730);
#5059=PLANE('',#5731);
#5060=PLANE('',#5732);
#5061=PLANE('',#5733);
#5062=PLANE('',#5734);
#5063=PLANE('',#5735);
#5064=PLANE('',#5736);
#5065=PLANE('',#5737);
#5066=PLANE('',#5738);
#5067=PLANE('',#5739);
#5068=PLANE('',#5740);
#5069=PLANE('',#5741);
#5070=PLANE('',#5743);
#5071=ADVANCED_FACE('',(#4527),#4852,.T.);
#5072=ADVANCED_FACE('',(#4528),#4853,.T.);
#5073=ADVANCED_FACE('',(#4529),#342,.F.);
#5074=ADVANCED_FACE('',(#4530),#343,.F.);
#5075=ADVANCED_FACE('',(#4531,#4532,#4533,#4534,#4535,#4536,#4537,#4538,
#4539,#4540,#4541,#4542,#4543,#4544),#4854,.T.);
#5076=ADVANCED_FACE('',(#4545,#4546,#4547,#4548,#4549,#4550),#4855,.T.);
#5077=ADVANCED_FACE('',(#4551),#64,.F.);
#5078=ADVANCED_FACE('',(#4552),#65,.T.);
#5079=ADVANCED_FACE('',(#4553),#66,.T.);
#5080=ADVANCED_FACE('',(#4554),#67,.T.);
#5081=ADVANCED_FACE('',(#4555),#68,.T.);
#5082=ADVANCED_FACE('',(#4556),#69,.T.);
#5083=ADVANCED_FACE('',(#4557),#70,.T.);
#5084=ADVANCED_FACE('',(#4558),#71,.F.);
#5085=ADVANCED_FACE('',(#4559),#72,.T.);
#5086=ADVANCED_FACE('',(#4560),#73,.T.);
#5087=ADVANCED_FACE('',(#4561,#4562),#74,.T.);
#5088=ADVANCED_FACE('',(#4563),#344,.F.);
#5089=ADVANCED_FACE('',(#4564),#4856,.T.);
#5090=ADVANCED_FACE('',(#4565),#345,.F.);
#5091=ADVANCED_FACE('',(#4566,#4567),#75,.F.);
#5092=ADVANCED_FACE('',(#4568),#4857,.T.);
#5093=ADVANCED_FACE('',(#4569,#4570,#4571),#4858,.F.);
#5094=ADVANCED_FACE('',(#4572),#4859,.F.);
#5095=ADVANCED_FACE('',(#4573),#4860,.F.);
#5096=ADVANCED_FACE('',(#4574),#76,.T.);
#5097=ADVANCED_FACE('',(#4575),#4861,.T.);
#5098=ADVANCED_FACE('',(#4576),#77,.T.);
#5099=ADVANCED_FACE('',(#4577),#4862,.F.);
#5100=ADVANCED_FACE('',(#4578,#4579),#78,.F.);
#5101=ADVANCED_FACE('',(#4580),#79,.T.);
#5102=ADVANCED_FACE('',(#4581),#4863,.F.);
#5103=ADVANCED_FACE('',(#4582),#80,.T.);
#5104=ADVANCED_FACE('',(#4583),#4864,.F.);
#5105=ADVANCED_FACE('',(#4584),#81,.T.);
#5106=ADVANCED_FACE('',(#4585),#4865,.F.);
#5107=ADVANCED_FACE('',(#4586),#82,.T.);
#5108=ADVANCED_FACE('',(#4587),#4866,.F.);
#5109=ADVANCED_FACE('',(#4588),#83,.T.);
#5110=ADVANCED_FACE('',(#4589),#4867,.F.);
#5111=ADVANCED_FACE('',(#4590),#4868,.F.);
#5112=ADVANCED_FACE('',(#4591),#84,.T.);
#5113=ADVANCED_FACE('',(#4592,#4593),#4869,.F.);
#5114=ADVANCED_FACE('',(#4594),#85,.T.);
#5115=ADVANCED_FACE('',(#4595),#4870,.F.);
#5116=ADVANCED_FACE('',(#4596),#86,.F.);
#5117=ADVANCED_FACE('',(#4597),#4871,.F.);
#5118=ADVANCED_FACE('',(#4598),#4872,.F.);
#5119=ADVANCED_FACE('',(#4599),#4873,.F.);
#5120=ADVANCED_FACE('',(#4600),#87,.F.);
#5121=ADVANCED_FACE('',(#4601),#4874,.F.);
#5122=ADVANCED_FACE('',(#4602),#88,.F.);
#5123=ADVANCED_FACE('',(#4603),#4875,.F.);
#5124=ADVANCED_FACE('',(#4604),#4876,.F.);
#5125=ADVANCED_FACE('',(#4605),#89,.F.);
#5126=ADVANCED_FACE('',(#4606),#4877,.F.);
#5127=ADVANCED_FACE('',(#4607),#90,.F.);
#5128=ADVANCED_FACE('',(#4608),#4878,.F.);
#5129=ADVANCED_FACE('',(#4609),#91,.T.);
#5130=ADVANCED_FACE('',(#4610),#4879,.F.);
#5131=ADVANCED_FACE('',(#4611),#92,.F.);
#5132=ADVANCED_FACE('',(#4612),#4880,.F.);
#5133=ADVANCED_FACE('',(#4613),#4881,.F.);
#5134=ADVANCED_FACE('',(#4614),#4882,.F.);
#5135=ADVANCED_FACE('',(#4615),#4883,.F.);
#5136=ADVANCED_FACE('',(#4616),#4884,.F.);
#5137=ADVANCED_FACE('',(#4617),#93,.F.);
#5138=ADVANCED_FACE('',(#4618,#4619),#4885,.T.);
#5139=ADVANCED_FACE('',(#4620),#94,.F.);
#5140=ADVANCED_FACE('',(#4621),#95,.F.);
#5141=ADVANCED_FACE('',(#4622),#96,.T.);
#5142=ADVANCED_FACE('',(#4623),#4886,.F.);
#5143=ADVANCED_FACE('',(#4624),#4887,.F.);
#5144=ADVANCED_FACE('',(#4625),#4888,.T.);
#5145=ADVANCED_FACE('',(#4626),#4889,.F.);
#5146=ADVANCED_FACE('',(#4627),#97,.T.);
#5147=ADVANCED_FACE('',(#4628),#4890,.F.);
#5148=ADVANCED_FACE('',(#4629),#4891,.F.);
#5149=ADVANCED_FACE('',(#4630),#98,.T.);
#5150=ADVANCED_FACE('',(#4631),#4892,.F.);
#5151=ADVANCED_FACE('',(#4632),#4893,.F.);
#5152=ADVANCED_FACE('',(#4633),#4894,.T.);
#5153=ADVANCED_FACE('',(#4634),#99,.T.);
#5154=ADVANCED_FACE('',(#4635),#4895,.F.);
#5155=ADVANCED_FACE('',(#4636),#4896,.F.);
#5156=ADVANCED_FACE('',(#4637),#4897,.T.);
#5157=ADVANCED_FACE('',(#4638,#4639),#346,.T.);
#5158=ADVANCED_FACE('',(#4640,#4641),#347,.F.);
#5159=ADVANCED_FACE('',(#4642,#4643),#4898,.T.);
#5160=ADVANCED_FACE('',(#4644),#4899,.T.);
#5161=ADVANCED_FACE('',(#4645,#4646),#348,.T.);
#5162=ADVANCED_FACE('',(#4647,#4648),#349,.F.);
#5163=ADVANCED_FACE('',(#4649,#4650),#4900,.T.);
#5164=ADVANCED_FACE('',(#4651),#4901,.T.);
#5165=ADVANCED_FACE('',(#4652,#4653),#34,.T.);
#5166=ADVANCED_FACE('',(#4654,#4655),#35,.T.);
#5167=ADVANCED_FACE('',(#4656),#4902,.F.);
#5168=ADVANCED_FACE('',(#4657),#4903,.F.);
#5169=ADVANCED_FACE('',(#4658),#4904,.F.);
#5170=ADVANCED_FACE('',(#4659),#4905,.F.);
#5171=ADVANCED_FACE('',(#4660),#4906,.F.);
#5172=ADVANCED_FACE('',(#4661),#4907,.F.);
#5173=ADVANCED_FACE('',(#4662),#4908,.F.);
#5174=ADVANCED_FACE('',(#4663),#4909,.F.);
#5175=ADVANCED_FACE('',(#4664),#4910,.F.);
#5176=ADVANCED_FACE('',(#4665),#4911,.F.);
#5177=ADVANCED_FACE('',(#4666),#4912,.F.);
#5178=ADVANCED_FACE('',(#4667),#4913,.F.);
#5179=ADVANCED_FACE('',(#4668),#4914,.T.);
#5180=ADVANCED_FACE('',(#4669),#4915,.F.);
#5181=ADVANCED_FACE('',(#4670),#12,.F.);
#5182=ADVANCED_FACE('',(#4671),#4916,.F.);
#5183=ADVANCED_FACE('',(#4672),#13,.F.);
#5184=ADVANCED_FACE('',(#4673),#4917,.F.);
#5185=ADVANCED_FACE('',(#4674),#4918,.F.);
#5186=ADVANCED_FACE('',(#4675),#4919,.F.);
#5187=ADVANCED_FACE('',(#4676),#4920,.F.);
#5188=ADVANCED_FACE('',(#4677),#4921,.F.);
#5189=ADVANCED_FACE('',(#4678),#4922,.F.);
#5190=ADVANCED_FACE('',(#4679),#4923,.F.);
#5191=ADVANCED_FACE('',(#4680),#4924,.F.);
#5192=ADVANCED_FACE('',(#4681),#4925,.F.);
#5193=ADVANCED_FACE('',(#4682),#4926,.F.);
#5194=ADVANCED_FACE('',(#4683),#4927,.T.);
#5195=ADVANCED_FACE('',(#4684),#4928,.T.);
#5196=ADVANCED_FACE('',(#4685),#4929,.F.);
#5197=ADVANCED_FACE('',(#4686),#14,.F.);
#5198=ADVANCED_FACE('',(#4687),#4930,.F.);
#5199=ADVANCED_FACE('',(#4688),#15,.F.);
#5200=ADVANCED_FACE('',(#4689),#4931,.F.);
#5201=ADVANCED_FACE('',(#4690),#4932,.F.);
#5202=ADVANCED_FACE('',(#4691),#4933,.F.);
#5203=ADVANCED_FACE('',(#4692),#4934,.F.);
#5204=ADVANCED_FACE('',(#4693),#4935,.F.);
#5205=ADVANCED_FACE('',(#4694),#4936,.F.);
#5206=ADVANCED_FACE('',(#4695),#4937,.F.);
#5207=ADVANCED_FACE('',(#4696),#4938,.F.);
#5208=ADVANCED_FACE('',(#4697),#4939,.F.);
#5209=ADVANCED_FACE('',(#4698),#4940,.F.);
#5210=ADVANCED_FACE('',(#4699),#4941,.T.);
#5211=ADVANCED_FACE('',(#4700),#4942,.T.);
#5212=ADVANCED_FACE('',(#4701),#4943,.F.);
#5213=ADVANCED_FACE('',(#4702),#16,.F.);
#5214=ADVANCED_FACE('',(#4703),#4944,.F.);
#5215=ADVANCED_FACE('',(#4704),#17,.F.);
#5216=ADVANCED_FACE('',(#4705),#4945,.F.);
#5217=ADVANCED_FACE('',(#4706),#4946,.F.);
#5218=ADVANCED_FACE('',(#4707),#4947,.F.);
#5219=ADVANCED_FACE('',(#4708),#4948,.F.);
#5220=ADVANCED_FACE('',(#4709),#4949,.F.);
#5221=ADVANCED_FACE('',(#4710),#4950,.F.);
#5222=ADVANCED_FACE('',(#4711),#4951,.F.);
#5223=ADVANCED_FACE('',(#4712),#4952,.F.);
#5224=ADVANCED_FACE('',(#4713),#4953,.F.);
#5225=ADVANCED_FACE('',(#4714),#4954,.F.);
#5226=ADVANCED_FACE('',(#4715),#4955,.T.);
#5227=ADVANCED_FACE('',(#4716),#4956,.T.);
#5228=ADVANCED_FACE('',(#4717),#18,.F.);
#5229=ADVANCED_FACE('',(#4718),#19,.F.);
#5230=ADVANCED_FACE('',(#4719),#4957,.F.);
#5231=ADVANCED_FACE('',(#4720),#4958,.F.);
#5232=ADVANCED_FACE('',(#4721),#4959,.F.);
#5233=ADVANCED_FACE('',(#4722),#4960,.F.);
#5234=ADVANCED_FACE('',(#4723),#4961,.F.);
#5235=ADVANCED_FACE('',(#4724),#4962,.F.);
#5236=ADVANCED_FACE('',(#4725),#4963,.F.);
#5237=ADVANCED_FACE('',(#4726),#4964,.F.);
#5238=ADVANCED_FACE('',(#4727),#4965,.F.);
#5239=ADVANCED_FACE('',(#4728),#4966,.F.);
#5240=ADVANCED_FACE('',(#4729),#4967,.F.);
#5241=ADVANCED_FACE('',(#4730),#4968,.F.);
#5242=ADVANCED_FACE('',(#4731),#4969,.T.);
#5243=ADVANCED_FACE('',(#4732),#4970,.T.);
#5244=ADVANCED_FACE('',(#4733),#20,.T.);
#5245=ADVANCED_FACE('',(#4734),#21,.T.);
#5246=ADVANCED_FACE('',(#4735),#4971,.F.);
#5247=ADVANCED_FACE('',(#4736),#4972,.F.);
#5248=ADVANCED_FACE('',(#4737),#4973,.F.);
#5249=ADVANCED_FACE('',(#4738),#4974,.F.);
#5250=ADVANCED_FACE('',(#4739),#4975,.F.);
#5251=ADVANCED_FACE('',(#4740),#4976,.F.);
#5252=ADVANCED_FACE('',(#4741),#4977,.F.);
#5253=ADVANCED_FACE('',(#4742),#4978,.F.);
#5254=ADVANCED_FACE('',(#4743),#4979,.F.);
#5255=ADVANCED_FACE('',(#4744),#4980,.F.);
#5256=ADVANCED_FACE('',(#4745),#4981,.F.);
#5257=ADVANCED_FACE('',(#4746),#4982,.F.);
#5258=ADVANCED_FACE('',(#4747),#4983,.T.);
#5259=ADVANCED_FACE('',(#4748),#4984,.T.);
#5260=ADVANCED_FACE('',(#4749),#4985,.F.);
#5261=ADVANCED_FACE('',(#4750),#22,.F.);
#5262=ADVANCED_FACE('',(#4751),#4986,.F.);
#5263=ADVANCED_FACE('',(#4752),#23,.F.);
#5264=ADVANCED_FACE('',(#4753),#4987,.F.);
#5265=ADVANCED_FACE('',(#4754),#4988,.F.);
#5266=ADVANCED_FACE('',(#4755),#4989,.F.);
#5267=ADVANCED_FACE('',(#4756),#4990,.F.);
#5268=ADVANCED_FACE('',(#4757),#4991,.F.);
#5269=ADVANCED_FACE('',(#4758),#4992,.F.);
#5270=ADVANCED_FACE('',(#4759),#4993,.F.);
#5271=ADVANCED_FACE('',(#4760),#4994,.F.);
#5272=ADVANCED_FACE('',(#4761),#4995,.F.);
#5273=ADVANCED_FACE('',(#4762),#4996,.F.);
#5274=ADVANCED_FACE('',(#4763),#4997,.T.);
#5275=ADVANCED_FACE('',(#4764),#4998,.T.);
#5276=ADVANCED_FACE('',(#4765),#4999,.F.);
#5277=ADVANCED_FACE('',(#4766),#24,.T.);
#5278=ADVANCED_FACE('',(#4767),#5000,.F.);
#5279=ADVANCED_FACE('',(#4768),#25,.T.);
#5280=ADVANCED_FACE('',(#4769),#5001,.F.);
#5281=ADVANCED_FACE('',(#4770),#5002,.F.);
#5282=ADVANCED_FACE('',(#4771),#5003,.F.);
#5283=ADVANCED_FACE('',(#4772),#5004,.F.);
#5284=ADVANCED_FACE('',(#4773),#5005,.F.);
#5285=ADVANCED_FACE('',(#4774),#5006,.F.);
#5286=ADVANCED_FACE('',(#4775),#5007,.F.);
#5287=ADVANCED_FACE('',(#4776),#5008,.F.);
#5288=ADVANCED_FACE('',(#4777),#5009,.F.);
#5289=ADVANCED_FACE('',(#4778),#5010,.F.);
#5290=ADVANCED_FACE('',(#4779),#5011,.T.);
#5291=ADVANCED_FACE('',(#4780),#5012,.T.);
#5292=ADVANCED_FACE('',(#4781),#5013,.F.);
#5293=ADVANCED_FACE('',(#4782),#26,.F.);
#5294=ADVANCED_FACE('',(#4783),#5014,.F.);
#5295=ADVANCED_FACE('',(#4784),#27,.F.);
#5296=ADVANCED_FACE('',(#4785),#5015,.F.);
#5297=ADVANCED_FACE('',(#4786),#5016,.F.);
#5298=ADVANCED_FACE('',(#4787),#5017,.F.);
#5299=ADVANCED_FACE('',(#4788),#5018,.F.);
#5300=ADVANCED_FACE('',(#4789),#5019,.F.);
#5301=ADVANCED_FACE('',(#4790),#5020,.F.);
#5302=ADVANCED_FACE('',(#4791),#5021,.F.);
#5303=ADVANCED_FACE('',(#4792),#5022,.F.);
#5304=ADVANCED_FACE('',(#4793),#5023,.F.);
#5305=ADVANCED_FACE('',(#4794),#5024,.F.);
#5306=ADVANCED_FACE('',(#4795),#5025,.T.);
#5307=ADVANCED_FACE('',(#4796),#5026,.T.);
#5308=ADVANCED_FACE('',(#4797),#5027,.F.);
#5309=ADVANCED_FACE('',(#4798),#28,.F.);
#5310=ADVANCED_FACE('',(#4799),#5028,.F.);
#5311=ADVANCED_FACE('',(#4800),#29,.F.);
#5312=ADVANCED_FACE('',(#4801),#5029,.F.);
#5313=ADVANCED_FACE('',(#4802),#5030,.F.);
#5314=ADVANCED_FACE('',(#4803),#5031,.F.);
#5315=ADVANCED_FACE('',(#4804),#5032,.F.);
#5316=ADVANCED_FACE('',(#4805),#5033,.F.);
#5317=ADVANCED_FACE('',(#4806),#5034,.F.);
#5318=ADVANCED_FACE('',(#4807),#5035,.F.);
#5319=ADVANCED_FACE('',(#4808),#5036,.F.);
#5320=ADVANCED_FACE('',(#4809),#5037,.F.);
#5321=ADVANCED_FACE('',(#4810),#5038,.F.);
#5322=ADVANCED_FACE('',(#4811),#5039,.T.);
#5323=ADVANCED_FACE('',(#4812),#5040,.T.);
#5324=ADVANCED_FACE('',(#4813),#5041,.F.);
#5325=ADVANCED_FACE('',(#4814),#30,.T.);
#5326=ADVANCED_FACE('',(#4815),#5042,.F.);
#5327=ADVANCED_FACE('',(#4816),#31,.T.);
#5328=ADVANCED_FACE('',(#4817),#5043,.F.);
#5329=ADVANCED_FACE('',(#4818),#5044,.F.);
#5330=ADVANCED_FACE('',(#4819),#5045,.F.);
#5331=ADVANCED_FACE('',(#4820),#5046,.F.);
#5332=ADVANCED_FACE('',(#4821),#5047,.F.);
#5333=ADVANCED_FACE('',(#4822),#5048,.F.);
#5334=ADVANCED_FACE('',(#4823),#5049,.F.);
#5335=ADVANCED_FACE('',(#4824),#5050,.F.);
#5336=ADVANCED_FACE('',(#4825),#5051,.F.);
#5337=ADVANCED_FACE('',(#4826),#5052,.F.);
#5338=ADVANCED_FACE('',(#4827),#5053,.T.);
#5339=ADVANCED_FACE('',(#4828),#5054,.T.);
#5340=ADVANCED_FACE('',(#4829),#5055,.F.);
#5341=ADVANCED_FACE('',(#4830),#32,.T.);
#5342=ADVANCED_FACE('',(#4831),#5056,.F.);
#5343=ADVANCED_FACE('',(#4832),#33,.T.);
#5344=ADVANCED_FACE('',(#4833),#5057,.F.);
#5345=ADVANCED_FACE('',(#4834),#5058,.F.);
#5346=ADVANCED_FACE('',(#4835),#5059,.F.);
#5347=ADVANCED_FACE('',(#4836),#5060,.F.);
#5348=ADVANCED_FACE('',(#4837),#5061,.F.);
#5349=ADVANCED_FACE('',(#4838),#5062,.F.);
#5350=ADVANCED_FACE('',(#4839),#5063,.F.);
#5351=ADVANCED_FACE('',(#4840),#5064,.F.);
#5352=ADVANCED_FACE('',(#4841),#5065,.F.);
#5353=ADVANCED_FACE('',(#4842),#5066,.F.);
#5354=ADVANCED_FACE('',(#4843),#5067,.T.);
#5355=ADVANCED_FACE('',(#4844),#5068,.T.);
#5356=ADVANCED_FACE('',(#4845),#5069,.F.);
#5357=ADVANCED_FACE('',(#4846),#350,.T.);
#5358=ADVANCED_FACE('',(#4847),#5070,.F.);
#5359=ADVANCED_FACE('',(#4848),#100,.T.);
#5360=ADVANCED_FACE('',(#4849),#101,.T.);
#5361=ADVANCED_FACE('',(#4850),#102,.T.);
#5362=ADVANCED_FACE('',(#4851),#103,.T.);
#5363=CLOSED_SHELL('',(#5071,#5072,#5073,#5074,#5075,#5076,#5077,#5078,
#5079,#5080,#5081,#5082,#5083,#5084,#5085,#5086,#5087,#5088,#5089,#5090,
#5091,#5092,#5093,#5094,#5095,#5096,#5097,#5098,#5099,#5100,#5101,#5102,
#5103,#5104,#5105,#5106,#5107,#5108,#5109,#5110,#5111,#5112,#5113,#5114,
#5115,#5116,#5117,#5118,#5119,#5120,#5121,#5122,#5123,#5124,#5125,#5126,
#5127,#5128,#5129,#5130,#5131,#5132,#5133,#5134,#5135,#5136,#5137,#5138,
#5139,#5140,#5141,#5142,#5143,#5144,#5145,#5146,#5147,#5148,#5149,#5150,
#5151,#5152,#5153,#5154,#5155,#5156,#5157,#5158,#5159,#5160,#5161,#5162,
#5163,#5164,#5165,#5166,#5167,#5168,#5169,#5170,#5171,#5172,#5173,#5174,
#5175,#5176,#5177,#5178,#5179,#5180,#5181,#5182,#5183,#5184,#5185,#5186,
#5187,#5188,#5189,#5190,#5191,#5192,#5193,#5194,#5195,#5196,#5197,#5198,
#5199,#5200,#5201,#5202,#5203,#5204,#5205,#5206,#5207,#5208,#5209,#5210,
#5211,#5212,#5213,#5214,#5215,#5216,#5217,#5218,#5219,#5220,#5221,#5222,
#5223,#5224,#5225,#5226,#5227,#5228,#5229,#5230,#5231,#5232,#5233,#5234,
#5235,#5236,#5237,#5238,#5239,#5240,#5241,#5242,#5243,#5244,#5245,#5246,
#5247,#5248,#5249,#5250,#5251,#5252,#5253,#5254,#5255,#5256,#5257,#5258,
#5259,#5260,#5261,#5262,#5263,#5264,#5265,#5266,#5267,#5268,#5269,#5270,
#5271,#5272,#5273,#5274,#5275,#5276,#5277,#5278,#5279,#5280,#5281,#5282,
#5283,#5284,#5285,#5286,#5287,#5288,#5289,#5290,#5291,#5292,#5293,#5294,
#5295,#5296,#5297,#5298,#5299,#5300,#5301,#5302,#5303,#5304,#5305,#5306,
#5307,#5308,#5309,#5310,#5311,#5312,#5313,#5314,#5315,#5316,#5317,#5318,
#5319,#5320,#5321,#5322,#5323,#5324,#5325,#5326,#5327,#5328,#5329,#5330,
#5331,#5332,#5333,#5334,#5335,#5336,#5337,#5338,#5339,#5340,#5341,#5342,
#5343,#5344,#5345,#5346,#5347,#5348,#5349,#5350,#5351,#5352,#5353,#5354,
#5355,#5356,#5357,#5358,#5359,#5360,#5361,#5362));
#5364=STYLED_ITEM('',(#5365),#5372);
#5365=PRESENTATION_STYLE_ASSIGNMENT((#5366));
#5366=SURFACE_STYLE_USAGE(.BOTH.,#5367);
#5367=SURFACE_SIDE_STYLE('',(#5368));
#5368=SURFACE_STYLE_FILL_AREA(#5369);
#5369=FILL_AREA_STYLE('',(#5370));
#5370=FILL_AREA_STYLE_COLOUR('',#5371);
#5371=COLOUR_RGB('',0.611764705882353,0.658823529411765,0.670588235294118);
#5372=MANIFOLD_SOLID_BREP('Extrude (5)',#5363);
#5373=SHAPE_DEFINITION_REPRESENTATION(#9720,#5374);
#5374=SHAPE_REPRESENTATION('C02',(#5375),#9715);
#5375=AXIS2_PLACEMENT_3D('',#7002,#5748,#5749);
#5376=AXIS2_PLACEMENT_3D('',#7003,#5750,#5751);
#5377=AXIS2_PLACEMENT_3D('',#7012,#5756,#5757);
#5378=AXIS2_PLACEMENT_3D('',#7021,#5762,#5763);
#5379=AXIS2_PLACEMENT_3D('',#7022,#5764,#5765);
#5380=AXIS2_PLACEMENT_3D('',#7023,#5766,#5767);
#5381=AXIS2_PLACEMENT_3D('',#7024,#5768,#5769);
#5382=AXIS2_PLACEMENT_3D('',#7025,#5770,#5771);
#5383=AXIS2_PLACEMENT_3D('',#7026,#5772,#5773);
#5384=AXIS2_PLACEMENT_3D('',#7027,#5774,#5775);
#5385=AXIS2_PLACEMENT_3D('',#7088,#5796,#5797);
#5386=AXIS2_PLACEMENT_3D('',#7093,#5799,#5800);
#5387=AXIS2_PLACEMENT_3D('',#7097,#5802,#5803);
#5388=AXIS2_PLACEMENT_3D('',#7101,#5805,#5806);
#5389=AXIS2_PLACEMENT_3D('',#7105,#5808,#5809);
#5390=AXIS2_PLACEMENT_3D('',#7109,#5811,#5812);
#5391=AXIS2_PLACEMENT_3D('',#7113,#5814,#5815);
#5392=AXIS2_PLACEMENT_3D('',#7115,#5816,#5817);
#5393=AXIS2_PLACEMENT_3D('',#7119,#5819,#5820);
#5394=AXIS2_PLACEMENT_3D('',#7123,#5822,#5823);
#5395=AXIS2_PLACEMENT_3D('',#7127,#5825,#5826);
#5396=AXIS2_PLACEMENT_3D('',#7131,#5828,#5829);
#5397=AXIS2_PLACEMENT_3D('',#7135,#5831,#5832);
#5398=AXIS2_PLACEMENT_3D('',#7139,#5834,#5835);
#5399=AXIS2_PLACEMENT_3D('',#7143,#5837,#5838);
#5400=AXIS2_PLACEMENT_3D('',#7147,#5840,#5841);
#5401=AXIS2_PLACEMENT_3D('',#7151,#5843,#5844);
#5402=AXIS2_PLACEMENT_3D('',#7155,#5846,#5847);
#5403=AXIS2_PLACEMENT_3D('',#7157,#5848,#5849);
#5404=AXIS2_PLACEMENT_3D('',#7159,#5850,#5851);
#5405=AXIS2_PLACEMENT_3D('',#7161,#5852,#5853);
#5406=AXIS2_PLACEMENT_3D('',#7163,#5854,#5855);
#5407=AXIS2_PLACEMENT_3D('',#7165,#5856,#5857);
#5408=AXIS2_PLACEMENT_3D('',#7167,#5858,#5859);
#5409=AXIS2_PLACEMENT_3D('',#7171,#5861,#5862);
#5410=AXIS2_PLACEMENT_3D('',#7175,#5864,#5865);
#5411=AXIS2_PLACEMENT_3D('',#7179,#5867,#5868);
#5412=AXIS2_PLACEMENT_3D('',#7183,#5870,#5871);
#5413=AXIS2_PLACEMENT_3D('',#7187,#5873,#5874);
#5414=AXIS2_PLACEMENT_3D('',#7191,#5876,#5877);
#5415=AXIS2_PLACEMENT_3D('',#7195,#5879,#5880);
#5416=AXIS2_PLACEMENT_3D('',#7199,#5882,#5883);
#5417=AXIS2_PLACEMENT_3D('',#7203,#5885,#5886);
#5418=AXIS2_PLACEMENT_3D('',#7207,#5888,#5889);
#5419=AXIS2_PLACEMENT_3D('',#7208,#5890,#5891);
#5420=AXIS2_PLACEMENT_3D('',#7390,#5952,#5953);
#5421=AXIS2_PLACEMENT_3D('',#7391,#5954,#5955);
#5422=AXIS2_PLACEMENT_3D('',#7393,#5956,#5957);
#5423=AXIS2_PLACEMENT_3D('',#7509,#6000,#6001);
#5424=AXIS2_PLACEMENT_3D('',#7510,#6002,#6003);
#5425=AXIS2_PLACEMENT_3D('',#7513,#6004,#6005);
#5426=AXIS2_PLACEMENT_3D('',#7516,#6007,#6008);
#5427=AXIS2_PLACEMENT_3D('',#7526,#6011,#6012);
#5428=AXIS2_PLACEMENT_3D('',#7529,#6014,#6015);
#5429=AXIS2_PLACEMENT_3D('',#7532,#6017,#6018);
#5430=AXIS2_PLACEMENT_3D('',#7542,#6021,#6022);
#5431=AXIS2_PLACEMENT_3D('',#7545,#6024,#6025);
#5432=AXIS2_PLACEMENT_3D('',#7548,#6027,#6028);
#5433=AXIS2_PLACEMENT_3D('',#7549,#6029,#6030);
#5434=AXIS2_PLACEMENT_3D('',#7554,#6033,#6034);
#5435=AXIS2_PLACEMENT_3D('',#7555,#6035,#6036);
#5436=AXIS2_PLACEMENT_3D('',#7559,#6039,#6040);
#5437=AXIS2_PLACEMENT_3D('',#7562,#6042,#6043);
#5438=AXIS2_PLACEMENT_3D('',#7565,#6045,#6046);
#5439=AXIS2_PLACEMENT_3D('',#7572,#6047,#6048);
#5440=AXIS2_PLACEMENT_3D('',#7573,#6049,#6050);
#5441=AXIS2_PLACEMENT_3D('',#7576,#6052,#6053);
#5442=AXIS2_PLACEMENT_3D('',#7579,#6055,#6056);
#5443=AXIS2_PLACEMENT_3D('',#7580,#6057,#6058);
#5444=AXIS2_PLACEMENT_3D('',#7585,#6061,#6062);
#5445=AXIS2_PLACEMENT_3D('',#7586,#6063,#6064);
#5446=AXIS2_PLACEMENT_3D('',#7588,#6065,#6066);
#5447=AXIS2_PLACEMENT_3D('',#7591,#6067,#6068);
#5448=AXIS2_PLACEMENT_3D('',#7596,#6071,#6072);
#5449=AXIS2_PLACEMENT_3D('',#7597,#6073,#6074);
#5450=AXIS2_PLACEMENT_3D('',#7600,#6076,#6077);
#5451=AXIS2_PLACEMENT_3D('',#7603,#6079,#6080);
#5452=AXIS2_PLACEMENT_3D('',#7607,#6083,#6084);
#5453=AXIS2_PLACEMENT_3D('',#7610,#6086,#6087);
#5454=AXIS2_PLACEMENT_3D('',#7611,#6088,#6089);
#5455=AXIS2_PLACEMENT_3D('',#7612,#6090,#6091);
#5456=AXIS2_PLACEMENT_3D('',#7614,#6092,#6093);
#5457=AXIS2_PLACEMENT_3D('',#7616,#6095,#6096);
#5458=AXIS2_PLACEMENT_3D('',#7617,#6097,#6098);
#5459=AXIS2_PLACEMENT_3D('',#7621,#6101,#6102);
#5460=AXIS2_PLACEMENT_3D('',#7625,#6105,#6106);
#5461=AXIS2_PLACEMENT_3D('',#7626,#6107,#6108);
#5462=AXIS2_PLACEMENT_3D('',#7627,#6109,#6110);
#5463=AXIS2_PLACEMENT_3D('',#7630,#6112,#6113);
#5464=AXIS2_PLACEMENT_3D('',#7633,#6115,#6116);
#5465=AXIS2_PLACEMENT_3D('',#7634,#6117,#6118);
#5466=AXIS2_PLACEMENT_3D('',#7639,#6121,#6122);
#5467=AXIS2_PLACEMENT_3D('',#7640,#6123,#6124);
#5468=AXIS2_PLACEMENT_3D('',#7642,#6125,#6126);
#5469=AXIS2_PLACEMENT_3D('',#7643,#6127,#6128);
#5470=AXIS2_PLACEMENT_3D('',#7645,#6129,#6130);
#5471=AXIS2_PLACEMENT_3D('',#7646,#6131,#6132);
#5472=AXIS2_PLACEMENT_3D('',#7647,#6133,#6134);
#5473=AXIS2_PLACEMENT_3D('',#7649,#6135,#6136);
#5474=AXIS2_PLACEMENT_3D('',#7650,#6137,#6138);
#5475=AXIS2_PLACEMENT_3D('',#7653,#6140,#6141);
#5476=AXIS2_PLACEMENT_3D('',#7659,#6145,#6146);
#5477=AXIS2_PLACEMENT_3D('',#7662,#6148,#6149);
#5478=AXIS2_PLACEMENT_3D('',#7663,#6150,#6151);
#5479=AXIS2_PLACEMENT_3D('',#7665,#6153,#6154);
#5480=AXIS2_PLACEMENT_3D('',#7666,#6155,#6156);
#5481=AXIS2_PLACEMENT_3D('',#7669,#6158,#6159);
#5482=AXIS2_PLACEMENT_3D('',#7673,#6162,#6163);
#5483=AXIS2_PLACEMENT_3D('',#7676,#6165,#6166);
#5484=AXIS2_PLACEMENT_3D('',#7677,#6167,#6168);
#5485=AXIS2_PLACEMENT_3D('',#7681,#6171,#6172);
#5486=AXIS2_PLACEMENT_3D('',#7684,#6174,#6175);
#5487=AXIS2_PLACEMENT_3D('',#7685,#6176,#6177);
#5488=AXIS2_PLACEMENT_3D('',#7687,#6179,#6180);
#5489=AXIS2_PLACEMENT_3D('',#7691,#6183,#6184);
#5490=AXIS2_PLACEMENT_3D('',#7692,#6185,#6186);
#5491=AXIS2_PLACEMENT_3D('',#7693,#6187,#6188);
#5492=AXIS2_PLACEMENT_3D('',#7698,#6189,#6190);
#5493=AXIS2_PLACEMENT_3D('',#7701,#6192,#6193);
#5494=AXIS2_PLACEMENT_3D('',#7704,#6195,#6196);
#5495=AXIS2_PLACEMENT_3D('',#7708,#6199,#6200);
#5496=AXIS2_PLACEMENT_3D('',#7711,#6202,#6203);
#5497=AXIS2_PLACEMENT_3D('',#7712,#6204,#6205);
#5498=AXIS2_PLACEMENT_3D('',#7714,#6207,#6208);
#5499=AXIS2_PLACEMENT_3D('',#7715,#6209,#6210);
#5500=AXIS2_PLACEMENT_3D('',#7721,#6214,#6215);
#5501=AXIS2_PLACEMENT_3D('',#7724,#6217,#6218);
#5502=AXIS2_PLACEMENT_3D('',#7725,#6219,#6220);
#5503=AXIS2_PLACEMENT_3D('',#7729,#6223,#6224);
#5504=AXIS2_PLACEMENT_3D('',#7730,#6225,#6226);
#5505=AXIS2_PLACEMENT_3D('',#7731,#6227,#6228);
#5506=AXIS2_PLACEMENT_3D('',#7732,#6229,#6230);
#5507=AXIS2_PLACEMENT_3D('',#7733,#6231,#6232);
#5508=AXIS2_PLACEMENT_3D('',#7739,#6236,#6237);
#5509=AXIS2_PLACEMENT_3D('',#7740,#6238,#6239);
#5510=AXIS2_PLACEMENT_3D('',#7743,#6241,#6242);
#5511=AXIS2_PLACEMENT_3D('',#7747,#6245,#6246);
#5512=AXIS2_PLACEMENT_3D('',#7748,#6247,#6248);
#5513=AXIS2_PLACEMENT_3D('',#7749,#6249,#6250);
#5514=AXIS2_PLACEMENT_3D('',#7750,#6251,#6252);
#5515=AXIS2_PLACEMENT_3D('',#7751,#6253,#6254);
#5516=AXIS2_PLACEMENT_3D('',#7754,#6256,#6257);
#5517=AXIS2_PLACEMENT_3D('',#7757,#6259,#6260);
#5518=AXIS2_PLACEMENT_3D('',#7761,#6263,#6264);
#5519=AXIS2_PLACEMENT_3D('',#7762,#6265,#6266);
#5520=AXIS2_PLACEMENT_3D('',#7765,#6268,#6269);
#5521=AXIS2_PLACEMENT_3D('',#7767,#6271,#6272);
#5522=AXIS2_PLACEMENT_3D('',#7768,#6273,#6274);
#5523=AXIS2_PLACEMENT_3D('',#7771,#6276,#6277);
#5524=AXIS2_PLACEMENT_3D('',#7773,#6278,#6279);
#5525=AXIS2_PLACEMENT_3D('',#7775,#6281,#6282);
#5526=AXIS2_PLACEMENT_3D('',#7777,#6284,#6285);
#5527=AXIS2_PLACEMENT_3D('',#7778,#6286,#6287);
#5528=AXIS2_PLACEMENT_3D('',#7779,#6288,#6289);
#5529=AXIS2_PLACEMENT_3D('',#7780,#6290,#6291);
#5530=AXIS2_PLACEMENT_3D('',#7781,#6292,#6293);
#5531=AXIS2_PLACEMENT_3D('',#7788,#6294,#6295);
#5532=AXIS2_PLACEMENT_3D('',#7803,#6297,#6298);
#5533=AXIS2_PLACEMENT_3D('',#7804,#6299,#6300);
#5534=AXIS2_PLACEMENT_3D('',#7807,#6302,#6303);
#5535=AXIS2_PLACEMENT_3D('',#7810,#6305,#6306);
#5536=AXIS2_PLACEMENT_3D('',#7811,#6307,#6308);
#5537=AXIS2_PLACEMENT_3D('',#7814,#6310,#6311);
#5538=AXIS2_PLACEMENT_3D('',#7817,#6313,#6314);
#5539=AXIS2_PLACEMENT_3D('',#7819,#6316,#6317);
#5540=AXIS2_PLACEMENT_3D('',#7821,#6319,#6320);
#5541=AXIS2_PLACEMENT_3D('',#7822,#6321,#6322);
#5542=AXIS2_PLACEMENT_3D('',#7826,#6325,#6326);
#5543=AXIS2_PLACEMENT_3D('',#7829,#6328,#6329);
#5544=AXIS2_PLACEMENT_3D('',#7830,#6330,#6331);
#5545=AXIS2_PLACEMENT_3D('',#7832,#6333,#6334);
#5546=AXIS2_PLACEMENT_3D('',#7833,#6335,#6336);
#5547=AXIS2_PLACEMENT_3D('',#7834,#6337,#6338);
#5548=AXIS2_PLACEMENT_3D('',#7837,#6340,#6341);
#5549=AXIS2_PLACEMENT_3D('',#7839,#6343,#6344);
#5550=AXIS2_PLACEMENT_3D('',#7841,#6346,#6347);
#5551=AXIS2_PLACEMENT_3D('',#7842,#6348,#6349);
#5552=AXIS2_PLACEMENT_3D('',#7845,#6351,#6352);
#5553=AXIS2_PLACEMENT_3D('',#7846,#6353,#6354);
#5554=AXIS2_PLACEMENT_3D('',#7848,#6356,#6357);
#5555=AXIS2_PLACEMENT_3D('',#7850,#6359,#6360);
#5556=AXIS2_PLACEMENT_3D('',#7851,#6361,#6362);
#5557=AXIS2_PLACEMENT_3D('',#7852,#6363,#6364);
#5558=AXIS2_PLACEMENT_3D('',#7854,#6365,#6366);
#5559=AXIS2_PLACEMENT_3D('',#7855,#6367,#6368);
#5560=AXIS2_PLACEMENT_3D('',#7857,#6369,#6370);
#5561=AXIS2_PLACEMENT_3D('',#7859,#6371,#6372);
#5562=AXIS2_PLACEMENT_3D('',#7860,#6373,#6374);
#5563=AXIS2_PLACEMENT_3D('',#7862,#6375,#6376);
#5564=AXIS2_PLACEMENT_3D('',#7863,#6377,#6378);
#5565=AXIS2_PLACEMENT_3D('',#7864,#6379,#6380);
#5566=AXIS2_PLACEMENT_3D('',#7866,#6381,#6382);
#5567=AXIS2_PLACEMENT_3D('',#7867,#6383,#6384);
#5568=AXIS2_PLACEMENT_3D('',#7869,#6385,#6386);
#5569=AXIS2_PLACEMENT_3D('',#7871,#6387,#6388);
#5570=AXIS2_PLACEMENT_3D('',#7872,#6389,#6390);
#5571=AXIS2_PLACEMENT_3D('',#7874,#6391,#6392);
#5572=AXIS2_PLACEMENT_3D('',#7875,#6393,#6394);
#5573=AXIS2_PLACEMENT_3D('',#7876,#6395,#6396);
#5574=AXIS2_PLACEMENT_3D('',#7877,#6397,#6398);
#5575=AXIS2_PLACEMENT_3D('',#7883,#6402,#6403);
#5576=AXIS2_PLACEMENT_3D('',#7887,#6406,#6407);
#5577=AXIS2_PLACEMENT_3D('',#7891,#6410,#6411);
#5578=AXIS2_PLACEMENT_3D('',#7895,#6414,#6415);
#5579=AXIS2_PLACEMENT_3D('',#7899,#6418,#6419);
#5580=AXIS2_PLACEMENT_3D('',#7903,#6422,#6423);
#5581=AXIS2_PLACEMENT_3D('',#7907,#6426,#6427);
#5582=AXIS2_PLACEMENT_3D('',#7911,#6430,#6431);
#5583=AXIS2_PLACEMENT_3D('',#7915,#6434,#6435);
#5584=AXIS2_PLACEMENT_3D('',#7919,#6438,#6439);
#5585=AXIS2_PLACEMENT_3D('',#7923,#6442,#6443);
#5586=AXIS2_PLACEMENT_3D('',#7925,#6445,#6446);
#5587=AXIS2_PLACEMENT_3D('',#7926,#6447,#6448);
#5588=AXIS2_PLACEMENT_3D('',#7989,#6451,#6452);
#5589=AXIS2_PLACEMENT_3D('',#8050,#6454,#6455);
#5590=AXIS2_PLACEMENT_3D('',#8054,#6458,#6459);
#5591=AXIS2_PLACEMENT_3D('',#8058,#6462,#6463);
#5592=AXIS2_PLACEMENT_3D('',#8062,#6466,#6467);
#5593=AXIS2_PLACEMENT_3D('',#8066,#6470,#6471);
#5594=AXIS2_PLACEMENT_3D('',#8070,#6474,#6475);
#5595=AXIS2_PLACEMENT_3D('',#8074,#6478,#6479);
#5596=AXIS2_PLACEMENT_3D('',#8078,#6482,#6483);
#5597=AXIS2_PLACEMENT_3D('',#8080,#6485,#6486);
#5598=AXIS2_PLACEMENT_3D('',#8082,#6488,#6489);
#5599=AXIS2_PLACEMENT_3D('',#8084,#6491,#6492);
#5600=AXIS2_PLACEMENT_3D('',#8086,#6494,#6495);
#5601=AXIS2_PLACEMENT_3D('',#8087,#6496,#6497);
#5602=AXIS2_PLACEMENT_3D('',#8150,#6500,#6501);
#5603=AXIS2_PLACEMENT_3D('',#8211,#6503,#6504);
#5604=AXIS2_PLACEMENT_3D('',#8215,#6507,#6508);
#5605=AXIS2_PLACEMENT_3D('',#8219,#6511,#6512);
#5606=AXIS2_PLACEMENT_3D('',#8223,#6515,#6516);
#5607=AXIS2_PLACEMENT_3D('',#8227,#6519,#6520);
#5608=AXIS2_PLACEMENT_3D('',#8231,#6523,#6524);
#5609=AXIS2_PLACEMENT_3D('',#8235,#6527,#6528);
#5610=AXIS2_PLACEMENT_3D('',#8239,#6531,#6532);
#5611=AXIS2_PLACEMENT_3D('',#8241,#6534,#6535);
#5612=AXIS2_PLACEMENT_3D('',#8243,#6537,#6538);
#5613=AXIS2_PLACEMENT_3D('',#8245,#6540,#6541);
#5614=AXIS2_PLACEMENT_3D('',#8247,#6543,#6544);
#5615=AXIS2_PLACEMENT_3D('',#8248,#6545,#6546);
#5616=AXIS2_PLACEMENT_3D('',#8311,#6549,#6550);
#5617=AXIS2_PLACEMENT_3D('',#8372,#6552,#6553);
#5618=AXIS2_PLACEMENT_3D('',#8376,#6556,#6557);
#5619=AXIS2_PLACEMENT_3D('',#8380,#6560,#6561);
#5620=AXIS2_PLACEMENT_3D('',#8384,#6564,#6565);
#5621=AXIS2_PLACEMENT_3D('',#8388,#6568,#6569);
#5622=AXIS2_PLACEMENT_3D('',#8392,#6572,#6573);
#5623=AXIS2_PLACEMENT_3D('',#8396,#6576,#6577);
#5624=AXIS2_PLACEMENT_3D('',#8400,#6580,#6581);
#5625=AXIS2_PLACEMENT_3D('',#8402,#6583,#6584);
#5626=AXIS2_PLACEMENT_3D('',#8404,#6586,#6587);
#5627=AXIS2_PLACEMENT_3D('',#8406,#6589,#6590);
#5628=AXIS2_PLACEMENT_3D('',#8408,#6592,#6593);
#5629=AXIS2_PLACEMENT_3D('',#8527,#6594,#6595);
#5630=AXIS2_PLACEMENT_3D('',#8530,#6598,#6599);
#5631=AXIS2_PLACEMENT_3D('',#8532,#6601,#6602);
#5632=AXIS2_PLACEMENT_3D('',#8536,#6605,#6606);
#5633=AXIS2_PLACEMENT_3D('',#8540,#6609,#6610);
#5634=AXIS2_PLACEMENT_3D('',#8544,#6613,#6614);
#5635=AXIS2_PLACEMENT_3D('',#8548,#6617,#6618);
#5636=AXIS2_PLACEMENT_3D('',#8552,#6621,#6622);
#5637=AXIS2_PLACEMENT_3D('',#8556,#6625,#6626);
#5638=AXIS2_PLACEMENT_3D('',#8560,#6629,#6630);
#5639=AXIS2_PLACEMENT_3D('',#8564,#6633,#6634);
#5640=AXIS2_PLACEMENT_3D('',#8566,#6636,#6637);
#5641=AXIS2_PLACEMENT_3D('',#8567,#6638,#6639);
#5642=AXIS2_PLACEMENT_3D('',#8569,#6641,#6642);
#5643=AXIS2_PLACEMENT_3D('',#8688,#6643,#6644);
#5644=AXIS2_PLACEMENT_3D('',#8691,#6647,#6648);
#5645=AXIS2_PLACEMENT_3D('',#8693,#6650,#6651);
#5646=AXIS2_PLACEMENT_3D('',#8697,#6654,#6655);
#5647=AXIS2_PLACEMENT_3D('',#8701,#6658,#6659);
#5648=AXIS2_PLACEMENT_3D('',#8705,#6662,#6663);
#5649=AXIS2_PLACEMENT_3D('',#8709,#6666,#6667);
#5650=AXIS2_PLACEMENT_3D('',#8713,#6670,#6671);
#5651=AXIS2_PLACEMENT_3D('',#8717,#6674,#6675);
#5652=AXIS2_PLACEMENT_3D('',#8721,#6678,#6679);
#5653=AXIS2_PLACEMENT_3D('',#8725,#6682,#6683);
#5654=AXIS2_PLACEMENT_3D('',#8727,#6685,#6686);
#5655=AXIS2_PLACEMENT_3D('',#8728,#6687,#6688);
#5656=AXIS2_PLACEMENT_3D('',#8730,#6690,#6691);
#5657=AXIS2_PLACEMENT_3D('',#8731,#6692,#6693);
#5658=AXIS2_PLACEMENT_3D('',#8794,#6696,#6697);
#5659=AXIS2_PLACEMENT_3D('',#8855,#6699,#6700);
#5660=AXIS2_PLACEMENT_3D('',#8859,#6703,#6704);
#5661=AXIS2_PLACEMENT_3D('',#8863,#6707,#6708);
#5662=AXIS2_PLACEMENT_3D('',#8867,#6711,#6712);
#5663=AXIS2_PLACEMENT_3D('',#8871,#6715,#6716);
#5664=AXIS2_PLACEMENT_3D('',#8875,#6719,#6720);
#5665=AXIS2_PLACEMENT_3D('',#8879,#6723,#6724);
#5666=AXIS2_PLACEMENT_3D('',#8883,#6727,#6728);
#5667=AXIS2_PLACEMENT_3D('',#8885,#6730,#6731);
#5668=AXIS2_PLACEMENT_3D('',#8887,#6733,#6734);
#5669=AXIS2_PLACEMENT_3D('',#8889,#6736,#6737);
#5670=AXIS2_PLACEMENT_3D('',#8891,#6739,#6740);
#5671=AXIS2_PLACEMENT_3D('',#8892,#6741,#6742);
#5672=AXIS2_PLACEMENT_3D('',#8955,#6745,#6746);
#5673=AXIS2_PLACEMENT_3D('',#9016,#6748,#6749);
#5674=AXIS2_PLACEMENT_3D('',#9020,#6752,#6753);
#5675=AXIS2_PLACEMENT_3D('',#9024,#6756,#6757);
#5676=AXIS2_PLACEMENT_3D('',#9028,#6760,#6761);
#5677=AXIS2_PLACEMENT_3D('',#9032,#6764,#6765);
#5678=AXIS2_PLACEMENT_3D('',#9036,#6768,#6769);
#5679=AXIS2_PLACEMENT_3D('',#9040,#6772,#6773);
#5680=AXIS2_PLACEMENT_3D('',#9044,#6776,#6777);
#5681=AXIS2_PLACEMENT_3D('',#9046,#6779,#6780);
#5682=AXIS2_PLACEMENT_3D('',#9048,#6782,#6783);
#5683=AXIS2_PLACEMENT_3D('',#9050,#6785,#6786);
#5684=AXIS2_PLACEMENT_3D('',#9052,#6788,#6789);
#5685=AXIS2_PLACEMENT_3D('',#9053,#6790,#6791);
#5686=AXIS2_PLACEMENT_3D('',#9116,#6794,#6795);
#5687=AXIS2_PLACEMENT_3D('',#9177,#6797,#6798);
#5688=AXIS2_PLACEMENT_3D('',#9181,#6801,#6802);
#5689=AXIS2_PLACEMENT_3D('',#9185,#6805,#6806);
#5690=AXIS2_PLACEMENT_3D('',#9189,#6809,#6810);
#5691=AXIS2_PLACEMENT_3D('',#9193,#6813,#6814);
#5692=AXIS2_PLACEMENT_3D('',#9197,#6817,#6818);
#5693=AXIS2_PLACEMENT_3D('',#9201,#6821,#6822);
#5694=AXIS2_PLACEMENT_3D('',#9205,#6825,#6826);
#5695=AXIS2_PLACEMENT_3D('',#9207,#6828,#6829);
#5696=AXIS2_PLACEMENT_3D('',#9209,#6831,#6832);
#5697=AXIS2_PLACEMENT_3D('',#9211,#6834,#6835);
#5698=AXIS2_PLACEMENT_3D('',#9213,#6837,#6838);
#5699=AXIS2_PLACEMENT_3D('',#9214,#6839,#6840);
#5700=AXIS2_PLACEMENT_3D('',#9277,#6843,#6844);
#5701=AXIS2_PLACEMENT_3D('',#9338,#6846,#6847);
#5702=AXIS2_PLACEMENT_3D('',#9342,#6850,#6851);
#5703=AXIS2_PLACEMENT_3D('',#9346,#6854,#6855);
#5704=AXIS2_PLACEMENT_3D('',#9350,#6858,#6859);
#5705=AXIS2_PLACEMENT_3D('',#9354,#6862,#6863);
#5706=AXIS2_PLACEMENT_3D('',#9358,#6866,#6867);
#5707=AXIS2_PLACEMENT_3D('',#9362,#6870,#6871);
#5708=AXIS2_PLACEMENT_3D('',#9366,#6874,#6875);
#5709=AXIS2_PLACEMENT_3D('',#9368,#6877,#6878);
#5710=AXIS2_PLACEMENT_3D('',#9370,#6880,#6881);
#5711=AXIS2_PLACEMENT_3D('',#9372,#6883,#6884);
#5712=AXIS2_PLACEMENT_3D('',#9374,#6886,#6887);
#5713=AXIS2_PLACEMENT_3D('',#9375,#6888,#6889);
#5714=AXIS2_PLACEMENT_3D('',#9438,#6892,#6893);
#5715=AXIS2_PLACEMENT_3D('',#9499,#6895,#6896);
#5716=AXIS2_PLACEMENT_3D('',#9503,#6899,#6900);
#5717=AXIS2_PLACEMENT_3D('',#9507,#6903,#6904);
#5718=AXIS2_PLACEMENT_3D('',#9511,#6907,#6908);
#5719=AXIS2_PLACEMENT_3D('',#9515,#6911,#6912);
#5720=AXIS2_PLACEMENT_3D('',#9519,#6915,#6916);
#5721=AXIS2_PLACEMENT_3D('',#9523,#6919,#6920);
#5722=AXIS2_PLACEMENT_3D('',#9527,#6923,#6924);
#5723=AXIS2_PLACEMENT_3D('',#9529,#6926,#6927);
#5724=AXIS2_PLACEMENT_3D('',#9531,#6929,#6930);
#5725=AXIS2_PLACEMENT_3D('',#9533,#6932,#6933);
#5726=AXIS2_PLACEMENT_3D('',#9535,#6935,#6936);
#5727=AXIS2_PLACEMENT_3D('',#9536,#6937,#6938);
#5728=AXIS2_PLACEMENT_3D('',#9599,#6941,#6942);
#5729=AXIS2_PLACEMENT_3D('',#9660,#6944,#6945);
#5730=AXIS2_PLACEMENT_3D('',#9664,#6948,#6949);
#5731=AXIS2_PLACEMENT_3D('',#9668,#6952,#6953);
#5732=AXIS2_PLACEMENT_3D('',#9672,#6956,#6957);
#5733=AXIS2_PLACEMENT_3D('',#9676,#6960,#6961);
#5734=AXIS2_PLACEMENT_3D('',#9680,#6964,#6965);
#5735=AXIS2_PLACEMENT_3D('',#9684,#6968,#6969);
#5736=AXIS2_PLACEMENT_3D('',#9688,#6972,#6973);
#5737=AXIS2_PLACEMENT_3D('',#9690,#6975,#6976);
#5738=AXIS2_PLACEMENT_3D('',#9692,#6978,#6979);
#5739=AXIS2_PLACEMENT_3D('',#9694,#6981,#6982);
#5740=AXIS2_PLACEMENT_3D('',#9696,#6984,#6985);
#5741=AXIS2_PLACEMENT_3D('',#9697,#6986,#6987);
#5742=AXIS2_PLACEMENT_3D('',#9702,#6988,#6989);
#5743=AXIS2_PLACEMENT_3D('',#9707,#6990,#6991);
#5744=AXIS2_PLACEMENT_3D('',#9708,#6992,#6993);
#5745=AXIS2_PLACEMENT_3D('',#9710,#6995,#6996);
#5746=AXIS2_PLACEMENT_3D('',#9711,#6997,#6998);
#5747=AXIS2_PLACEMENT_3D('',#9713,#7000,#7001);
#5748=DIRECTION('',(0.,0.,1.));
#5749=DIRECTION('',(1.,0.,0.));
#5750=DIRECTION('',(-0.999847695156391,2.60168890378364E-15,-0.0174524064372835));
#5751=DIRECTION('',(-0.0174524064372835,0.,0.999847695156391));
#5752=DIRECTION('',(-0.0174524064372835,4.54126487385666E-17,0.999847695156391));
#5753=DIRECTION('',(2.60208521396521E-15,1.,0.));
#5754=DIRECTION('',(-0.0174524064372835,0.,0.999847695156391));
#5755=DIRECTION('',(-2.60208521396521E-15,-1.,0.));
#5756=DIRECTION('',(0.999847695156391,-2.60168890378364E-15,-0.0174524064372835));
#5757=DIRECTION('',(-0.0174524064372835,0.,-0.999847695156391));
#5758=DIRECTION('',(0.0174524064372835,-4.54126487385666E-17,0.999847695156391));
#5759=DIRECTION('',(-2.60208521396521E-15,-1.,0.));
#5760=DIRECTION('',(0.0174524064372835,0.,0.999847695156391));
#5761=DIRECTION('',(2.60208521396521E-15,1.,0.));
#5762=DIRECTION('',(0.,0.,-1.));
#5763=DIRECTION('',(1.,0.,0.));
#5764=DIRECTION('',(0.,0.,1.));
#5765=DIRECTION('',(1.,0.,0.));
#5766=DIRECTION('',(0.,0.,1.));
#5767=DIRECTION('',(1.,0.,0.));
#5768=DIRECTION('',(0.,0.,-1.));
#5769=DIRECTION('',(1.,0.,0.));
#5770=DIRECTION('',(0.,0.,1.));
#5771=DIRECTION('',(1.,0.,0.));
#5772=DIRECTION('',(0.,0.,1.));
#5773=DIRECTION('',(1.,0.,0.));
#5774=DIRECTION('',(0.,0.,1.));
#5775=DIRECTION('',(1.,0.,0.));
#5776=DIRECTION('',(-0.905938637979731,0.423409003465242,0.));
#5777=DIRECTION('',(0.905938637979727,-0.423409003465252,0.));
#5778=DIRECTION('',(-0.423409003465222,-0.905938637979741,0.));
#5779=DIRECTION('',(0.905938637979742,-0.423409003465219,0.));
#5780=DIRECTION('',(0.42340900346525,0.905938637979727,0.));
#5781=DIRECTION('',(0.90593863797972,-0.423409003465266,0.));
#5782=DIRECTION('',(-0.423409003465228,-0.905938637979738,0.));
#5783=DIRECTION('',(0.905938637979732,-0.42340900346524,0.));
#5784=DIRECTION('',(0.42340900346525,0.905938637979728,0.));
#5785=DIRECTION('',(0.905938637979754,-0.423409003465194,0.));
#5786=DIRECTION('',(0.905938637979731,0.423409003465242,0.));
#5787=DIRECTION('',(-0.905938637979754,-0.423409003465194,0.));
#5788=DIRECTION('',(-0.42340900346525,0.905938637979728,0.));
#5789=DIRECTION('',(-0.905938637979732,-0.42340900346524,0.));
#5790=DIRECTION('',(0.423409003465228,-0.905938637979738,0.));
#5791=DIRECTION('',(-0.90593863797972,-0.423409003465266,0.));
#5792=DIRECTION('',(-0.42340900346525,0.905938637979727,0.));
#5793=DIRECTION('',(-0.905938637979742,-0.423409003465219,0.));
#5794=DIRECTION('',(0.423409003465222,-0.905938637979741,0.));
#5795=DIRECTION('',(-0.905938637979727,-0.423409003465252,0.));
#5796=DIRECTION('',(0.,0.,1.));
#5797=DIRECTION('',(1.,0.,0.));
#5798=DIRECTION('',(-0.745998812499714,0.66594727400074,0.));
#5799=DIRECTION('',(0.,0.,1.));
#5800=DIRECTION('',(1.,0.,0.));
#5801=DIRECTION('',(0.143416730546588,-0.989662387584436,0.));
#5802=DIRECTION('',(0.,0.,1.));
#5803=DIRECTION('',(-1.,1.22464679914735E-16,0.));
#5804=DIRECTION('',(-0.143416730546588,0.989662387584436,0.));
#5805=DIRECTION('',(0.,0.,1.));
#5806=DIRECTION('',(1.,0.,0.));
#5807=DIRECTION('',(3.73954628707959E-15,1.,0.));
#5808=DIRECTION('',(0.,0.,1.));
#5809=DIRECTION('',(1.,0.,0.));
#5810=DIRECTION('',(1.73472347597681E-15,1.,0.));
#5811=DIRECTION('',(0.,0.,1.));
#5812=DIRECTION('',(1.,0.,0.));
#5813=DIRECTION('',(3.7372000158294E-15,1.,0.));
#5814=DIRECTION('',(0.,0.,1.));
#5815=DIRECTION('',(1.,0.,0.));
#5816=DIRECTION('',(0.,0.,1.));
#5817=DIRECTION('',(1.,0.,0.));
#5818=DIRECTION('',(-3.7372000158294E-15,-1.,0.));
#5819=DIRECTION('',(0.,0.,1.));
#5820=DIRECTION('',(1.,0.,0.));
#5821=DIRECTION('',(-1.73472347597681E-15,-1.,0.));
#5822=DIRECTION('',(0.,0.,1.));
#5823=DIRECTION('',(1.,0.,0.));
#5824=DIRECTION('',(-3.73954628707571E-15,-1.,0.));
#5825=DIRECTION('',(0.,0.,1.));
#5826=DIRECTION('',(1.,0.,0.));
#5827=DIRECTION('',(0.143416730546588,0.989662387584436,0.));
#5828=DIRECTION('',(0.,0.,-1.));
#5829=DIRECTION('',(1.,1.22464679914735E-16,0.));
#5830=DIRECTION('',(-0.143416730546588,-0.989662387584436,0.));
#5831=DIRECTION('',(0.,0.,1.));
#5832=DIRECTION('',(1.,0.,0.));
#5833=DIRECTION('',(0.745998812499714,0.66594727400074,0.));
#5834=DIRECTION('',(0.,0.,1.));
#5835=DIRECTION('',(1.,0.,0.));
#5836=DIRECTION('',(-0.745998812499714,-0.66594727400074,0.));
#5837=DIRECTION('',(0.,0.,1.));
#5838=DIRECTION('',(1.,0.,0.));
#5839=DIRECTION('',(1.,0.,0.));
#5840=DIRECTION('',(0.,0.,1.));
#5841=DIRECTION('',(1.,0.,0.));
#5842=DIRECTION('',(-1.,0.,0.));
#5843=DIRECTION('',(0.,0.,1.));
#5844=DIRECTION('',(1.,0.,0.));
#5845=DIRECTION('',(-1.17220669401588E-15,-1.,0.));
#5846=DIRECTION('',(0.,0.,-1.));
#5847=DIRECTION('',(1.,1.22464679914735E-16,0.));
#5848=DIRECTION('',(0.,0.,1.));
#5849=DIRECTION('',(1.,0.,0.));
#5850=DIRECTION('',(0.,0.,1.));
#5851=DIRECTION('',(1.,0.,0.));
#5852=DIRECTION('',(0.,0.,1.));
#5853=DIRECTION('',(1.,0.,0.));
#5854=DIRECTION('',(0.,0.,1.));
#5855=DIRECTION('',(1.,0.,0.));
#5856=DIRECTION('',(0.,0.,1.));
#5857=DIRECTION('',(1.,0.,0.));
#5858=DIRECTION('',(0.,0.,-1.));
#5859=DIRECTION('',(1.,1.22464679914735E-16,0.));
#5860=DIRECTION('',(1.17954215517994E-15,1.,0.));
#5861=DIRECTION('',(0.,0.,1.));
#5862=DIRECTION('',(1.,0.,0.));
#5863=DIRECTION('',(-1.,0.,0.));
#5864=DIRECTION('',(0.,0.,1.));
#5865=DIRECTION('',(1.,0.,0.));
#5866=DIRECTION('',(1.,0.,0.));
#5867=DIRECTION('',(0.,0.,1.));
#5868=DIRECTION('',(1.,0.,0.));
#5869=DIRECTION('',(0.745998812499714,-0.66594727400074,0.));
#5870=DIRECTION('',(0.,0.,-1.));
#5871=DIRECTION('',(-1.,0.,0.));
#5872=DIRECTION('',(-1.,0.,0.));
#5873=DIRECTION('',(0.,0.,-1.));
#5874=DIRECTION('',(1.,1.22464679914735E-16,0.));
#5875=DIRECTION('',(-1.,0.,0.));
#5876=DIRECTION('',(0.,0.,1.));
#5877=DIRECTION('',(1.,0.,0.));
#5878=DIRECTION('',(0.143416730546589,0.989662387584436,0.));
#5879=DIRECTION('',(0.,0.,1.));
#5880=DIRECTION('',(1.,0.,0.));
#5881=DIRECTION('',(-0.143416730546589,-0.989662387584436,0.));
#5882=DIRECTION('',(0.,0.,-1.));
#5883=DIRECTION('',(1.,1.22464679914735E-16,0.));
#5884=DIRECTION('',(0.143416730546589,-0.989662387584436,0.));
#5885=DIRECTION('',(0.,0.,-1.));
#5886=DIRECTION('',(-1.,0.,0.));
#5887=DIRECTION('',(-0.143416730546589,0.989662387584436,0.));
#5888=DIRECTION('',(0.,0.,1.));
#5889=DIRECTION('',(-1.,1.22464679914735E-16,0.));
#5890=DIRECTION('',(0.,0.,1.));
#5891=DIRECTION('',(1.,0.,0.));
#5892=DIRECTION('',(-0.381070376350231,-0.924546033612331,0.));
#5893=DIRECTION('',(-0.924546033612292,0.381070376350325,0.));
#5894=DIRECTION('',(-0.381070376350288,-0.924546033612307,0.));
#5895=DIRECTION('',(0.924546033612293,-0.381070376350322,0.));
#5896=DIRECTION('',(-0.381070376350292,-0.924546033612306,0.));
#5897=DIRECTION('',(-0.924546033612307,0.381070376350288,0.));
#5898=DIRECTION('',(-0.381070376350292,-0.924546033612306,0.));
#5899=DIRECTION('',(0.924546033612311,-0.381070376350278,0.));
#5900=DIRECTION('',(-0.381070376350222,-0.924546033612335,0.));
#5901=DIRECTION('',(0.381070376350276,0.924546033612313,0.));
#5902=DIRECTION('',(0.924546033612292,0.381070376350325,0.));
#5903=DIRECTION('',(0.381070376350231,-0.924546033612331,0.));
#5904=DIRECTION('',(-0.381070376350276,0.924546033612313,0.));
#5905=DIRECTION('',(0.381070376350222,-0.924546033612335,0.));
#5906=DIRECTION('',(-0.924546033612311,-0.381070376350278,0.));
#5907=DIRECTION('',(0.381070376350292,-0.924546033612306,0.));
#5908=DIRECTION('',(0.924546033612307,0.381070376350288,0.));
#5909=DIRECTION('',(0.381070376350292,-0.924546033612306,0.));
#5910=DIRECTION('',(-0.924546033612293,-0.381070376350322,0.));
#5911=DIRECTION('',(0.381070376350288,-0.924546033612307,0.));
#5912=DIRECTION('',(0.382683432365148,-0.923879532511263,0.));
#5913=DIRECTION('',(-0.923879532511302,-0.382683432365054,0.));
#5914=DIRECTION('',(0.382683432365091,-0.923879532511286,0.));
#5915=DIRECTION('',(0.923879532511301,0.382683432365057,0.));
#5916=DIRECTION('',(0.382683432365088,-0.923879532511288,0.));
#5917=DIRECTION('',(-0.923879532511286,-0.382683432365091,0.));
#5918=DIRECTION('',(0.382683432365087,-0.923879532511288,0.));
#5919=DIRECTION('',(0.923879532511282,0.382683432365101,0.));
#5920=DIRECTION('',(0.382683432365158,-0.923879532511259,0.));
#5921=DIRECTION('',(-0.382683432365104,0.923879532511281,0.));
#5922=DIRECTION('',(0.923879532511313,-0.382683432365026,0.));
#5923=DIRECTION('',(-0.38268343236512,-0.923879532511274,0.));
#5924=DIRECTION('',(0.92387953251129,-0.382683432365083,0.));
#5925=DIRECTION('',(0.382683432365117,0.923879532511276,0.));
#5926=DIRECTION('',(0.923879532511288,-0.382683432365087,0.));
#5927=DIRECTION('',(-0.382683432365083,-0.92387953251129,0.));
#5928=DIRECTION('',(0.923879532511288,-0.382683432365087,0.));
#5929=DIRECTION('',(0.382683432365073,0.923879532511294,0.));
#5930=DIRECTION('',(0.923879532511317,-0.382683432365017,0.));
#5931=DIRECTION('',(-0.923879532511295,0.382683432365071,0.));
#5932=DIRECTION('',(0.923879532511302,-0.382683432365054,0.));
#5933=DIRECTION('',(-0.382683432365148,-0.923879532511263,0.));
#5934=DIRECTION('',(0.382683432365104,0.923879532511281,0.));
#5935=DIRECTION('',(-0.382683432365158,-0.923879532511259,0.));
#5936=DIRECTION('',(-0.923879532511282,0.382683432365101,0.));
#5937=DIRECTION('',(-0.382683432365087,-0.923879532511288,0.));
#5938=DIRECTION('',(0.923879532511286,-0.382683432365091,0.));
#5939=DIRECTION('',(-0.382683432365088,-0.923879532511288,0.));
#5940=DIRECTION('',(-0.923879532511301,0.382683432365057,0.));
#5941=DIRECTION('',(-0.382683432365091,-0.923879532511286,0.));
#5942=DIRECTION('',(0.38268343236512,-0.923879532511274,0.));
#5943=DIRECTION('',(-0.923879532511313,-0.382683432365026,0.));
#5944=DIRECTION('',(0.923879532511295,0.382683432365071,0.));
#5945=DIRECTION('',(-0.923879532511317,-0.382683432365017,0.));
#5946=DIRECTION('',(-0.382683432365073,0.923879532511294,0.));
#5947=DIRECTION('',(-0.923879532511288,-0.382683432365087,0.));
#5948=DIRECTION('',(0.382683432365083,-0.92387953251129,0.));
#5949=DIRECTION('',(-0.923879532511288,-0.382683432365087,0.));
#5950=DIRECTION('',(-0.382683432365117,0.923879532511276,0.));
#5951=DIRECTION('',(-0.92387953251129,-0.382683432365083,0.));
#5952=DIRECTION('',(0.,0.,1.));
#5953=DIRECTION('',(1.,0.,0.));
#5954=DIRECTION('',(0.,0.,1.));
#5955=DIRECTION('',(1.,0.,0.));
#5956=DIRECTION('',(0.,0.,-1.));
#5957=DIRECTION('',(1.,1.22464679914735E-16,0.));
#5958=DIRECTION('',(1.,-2.33674611233122E-15,0.));
#5959=DIRECTION('',(-4.54023958119293E-18,-1.,0.));
#5960=DIRECTION('',(-1.,2.73227552109998E-15,0.));
#5961=DIRECTION('',(-1.07563019212351E-15,-1.,0.));
#5962=DIRECTION('',(1.,-2.39052423369891E-15,0.));
#5963=DIRECTION('',(-4.55379253516664E-18,-1.,0.));
#5964=DIRECTION('',(-1.,2.3055201063758E-15,0.));
#5965=DIRECTION('',(-1.07565729803146E-15,-1.,0.));
#5966=DIRECTION('',(1.,-4.09928067070429E-15,0.));
#5967=DIRECTION('',(-4.51313367324551E-18,-1.,0.));
#5968=DIRECTION('',(-1.,2.33848089043986E-15,0.));
#5969=DIRECTION('',(0.,1.,0.));
#5970=DIRECTION('',(1.,4.91003204433824E-15,0.));
#5971=DIRECTION('',(-5.46534312933843E-15,-1.,0.));
#5972=DIRECTION('',(1.,-5.10174271336909E-15,0.));
#5973=DIRECTION('',(3.16072216526095E-15,1.,0.));
#5974=DIRECTION('',(1.,-5.09775819979976E-15,0.));
#5975=DIRECTION('',(-3.41573103369858E-15,-1.,0.));
#5976=DIRECTION('',(1.,-5.71635393143947E-16,0.));
#5977=DIRECTION('',(4.09835681417617E-15,1.,0.));
#5978=DIRECTION('',(1.,-2.37851065108438E-18,0.));
#5979=DIRECTION('',(-1.,1.17145536458252E-15,0.));
#5980=DIRECTION('',(2.1099761209386E-14,1.,0.));
#5981=DIRECTION('',(1.,-5.46360837513137E-15,0.));
#5982=DIRECTION('',(6.71763237532617E-16,1.,0.));
#5983=DIRECTION('',(-1.,4.52597372621614E-15,0.));
#5984=DIRECTION('',(-7.5895496558818E-19,1.,0.));
#5985=DIRECTION('',(1.,-4.44010339296674E-15,0.));
#5986=DIRECTION('',(5.05172622586011E-16,1.,0.));
#5987=DIRECTION('',(-1.,5.46534312933843E-15,0.));
#5988=DIRECTION('',(6.92784934802685E-15,1.,0.));
#5989=DIRECTION('',(-2.34291072916505E-15,-1.,0.));
#5990=DIRECTION('',(-1.,2.74160351592048E-14,0.));
#5991=DIRECTION('',(5.4644757522349E-15,1.,0.));
#5992=DIRECTION('',(-1.,5.76782056504343E-15,0.));
#5993=DIRECTION('',(-5.97709562042074E-15,-1.,0.));
#5994=DIRECTION('',(-1.,6.26881215893508E-15,0.));
#5995=DIRECTION('',(6.31884219921131E-15,1.,0.));
#5996=DIRECTION('',(-1.,5.2199635020267E-15,0.));
#5997=DIRECTION('',(-5.4644757522349E-15,-1.,0.));
#5998=DIRECTION('',(-1.,7.86060500073473E-19,0.));
#5999=DIRECTION('',(1.,-3.7364106986726E-15,0.));
#6000=DIRECTION('',(0.,0.,-1.));
#6001=DIRECTION('',(-1.,0.,0.));
#6002=DIRECTION('',(-2.91433543964104E-16,-0.0270536936840402,-0.99963398184438));
#6003=DIRECTION('',(1.07684694518338E-14,0.99963398184438,-0.0270536936840403));
#6004=DIRECTION('',(0.,0.,1.));
#6005=DIRECTION('',(1.,0.,0.));
#6006=DIRECTION('',(0.,0.,-1.));
#6007=DIRECTION('',(0.,0.,-1.));
#6008=DIRECTION('',(-1.,0.,0.));
#6009=DIRECTION('',(0.,0.,-1.));
#6010=DIRECTION('',(0.,0.,-1.));
#6011=DIRECTION('',(0.,0.,-1.));
#6012=DIRECTION('',(-1.,0.,0.));
#6013=DIRECTION('',(0.,0.,-1.));
#6014=DIRECTION('',(0.,0.,-1.));
#6015=DIRECTION('',(-1.,0.,0.));
#6016=DIRECTION('',(0.,0.,-1.));
#6017=DIRECTION('',(0.,0.,-1.));
#6018=DIRECTION('',(-1.,0.,0.));
#6019=DIRECTION('',(0.,0.,-1.));
#6020=DIRECTION('',(0.,0.,-1.));
#6021=DIRECTION('',(0.,0.,-1.));
#6022=DIRECTION('',(-1.,0.,0.));
#6023=DIRECTION('',(0.,0.,-1.));
#6024=DIRECTION('',(0.,0.,-1.));
#6025=DIRECTION('',(-1.,0.,0.));
#6026=DIRECTION('',(0.,0.,-1.));
#6027=DIRECTION('',(0.,0.,-1.));
#6028=DIRECTION('',(-1.,0.,0.));
#6029=DIRECTION('',(0.,0.,-1.));
#6030=DIRECTION('',(-1.,0.,0.));
#6031=DIRECTION('',(0.,0.,-1.));
#6032=DIRECTION('',(0.,0.,-1.));
#6033=DIRECTION('',(0.,0.,-1.));
#6034=DIRECTION('',(-1.,0.,0.));
#6035=DIRECTION('',(0.,0.,-1.));
#6036=DIRECTION('',(-1.,0.,0.));
#6037=DIRECTION('',(0.,0.,-1.));
#6038=DIRECTION('',(0.,0.,-1.));
#6039=DIRECTION('',(0.,0.,-1.));
#6040=DIRECTION('',(-1.,0.,0.));
#6041=DIRECTION('',(0.,0.,-1.));
#6042=DIRECTION('',(0.,0.,-1.));
#6043=DIRECTION('',(1.,1.22464679914735E-16,0.));
#6044=DIRECTION('',(0.,0.,-1.));
#6045=DIRECTION('',(-2.91433543964104E-16,-0.0270536936840402,-0.99963398184438));
#6046=DIRECTION('',(1.07684694518338E-14,0.99963398184438,-0.0270536936840403));
#6047=DIRECTION('',(-2.91433543964104E-16,-0.0270536936840402,-0.99963398184438));
#6048=DIRECTION('',(1.07684694518338E-14,0.99963398184438,-0.0270536936840403));
#6049=DIRECTION('',(0.,0.,-1.));
#6050=DIRECTION('',(-1.,0.,0.));
#6051=DIRECTION('',(0.,0.,-1.));
#6052=DIRECTION('',(0.,0.,-1.));
#6053=DIRECTION('',(-1.,0.,0.));
#6054=DIRECTION('',(0.,0.,-1.));
#6055=DIRECTION('',(0.,0.,-1.));
#6056=DIRECTION('',(-1.,0.,0.));
#6057=DIRECTION('',(0.,0.,-1.));
#6058=DIRECTION('',(-1.,0.,0.));
#6059=DIRECTION('',(0.,0.,-1.));
#6060=DIRECTION('',(0.,0.,-1.));
#6061=DIRECTION('',(0.,0.,1.));
#6062=DIRECTION('',(1.,0.,0.));
#6063=DIRECTION('',(0.,0.,1.));
#6064=DIRECTION('',(1.,0.,0.));
#6065=DIRECTION('',(0.,0.,1.));
#6066=DIRECTION('',(1.,0.,0.));
#6067=DIRECTION('',(0.,0.707106781186547,-0.707106781186548));
#6068=DIRECTION('',(0.,0.707106781186548,0.707106781186547));
#6069=DIRECTION('',(0.,0.,1.));
#6070=DIRECTION('',(0.,0.,1.));
#6071=DIRECTION('',(0.,0.707106781186547,-0.707106781186548));
#6072=DIRECTION('',(0.,0.707106781186548,0.707106781186547));
#6073=DIRECTION('',(0.,0.,1.));
#6074=DIRECTION('',(1.,0.,0.));
#6075=DIRECTION('',(-0.0174524064372835,0.,-0.999847695156391));
#6076=DIRECTION('',(0.,0.032397894665304,-0.999475050424599));
#6077=DIRECTION('',(0.,0.999475050424599,0.032397894665304));
#6078=DIRECTION('',(0.0174524064372835,-4.54126487385666E-17,-0.999847695156391));
#6079=DIRECTION('',(-0.999847695156391,2.60168890378364E-15,0.0174524064372835));
#6080=DIRECTION('',(0.0174524064372835,0.,0.999847695156391));
#6081=DIRECTION('',(-0.0174524064372835,4.54126487385666E-17,-0.999847695156391));
#6082=DIRECTION('',(0.000565507264498836,0.999474890609293,0.032397889484905));
#6083=DIRECTION('',(0.,0.,1.));
#6084=DIRECTION('',(1.,0.,0.));
#6085=DIRECTION('',(0.0174524064372835,-1.34555996262412E-17,-0.999847695156391));
#6086=DIRECTION('',(0.,0.032397894665304,-0.999475050424599));
#6087=DIRECTION('',(0.,0.999475050424599,0.032397894665304));
#6088=DIRECTION('',(0.,0.,1.));
#6089=DIRECTION('',(1.,0.,0.));
#6090=DIRECTION('',(0.,0.,1.));
#6091=DIRECTION('',(1.,0.,0.));
#6092=DIRECTION('',(0.999847695156391,-2.60168890378364E-15,0.0174524064372835));
#6093=DIRECTION('',(0.0174524064372835,0.,-0.999847695156391));
#6094=DIRECTION('',(0.000565507264493634,-0.999474890609293,-0.032397889484905));
#6095=DIRECTION('',(0.,0.,1.));
#6096=DIRECTION('',(1.,0.,0.));
#6097=DIRECTION('',(0.,1.,0.));
#6098=DIRECTION('',(0.,0.,1.));
#6099=DIRECTION('',(1.,0.,0.));
#6100=DIRECTION('',(0.,0.,1.));
#6101=DIRECTION('',(0.,1.,0.));
#6102=DIRECTION('',(0.,0.,1.));
#6103=DIRECTION('',(0.,0.,1.));
#6104=DIRECTION('',(1.,0.,0.));
#6105=DIRECTION('',(0.,0.,1.));
#6106=DIRECTION('',(1.,0.,0.));
#6107=DIRECTION('',(0.,0.,1.));
#6108=DIRECTION('',(1.,0.,0.));
#6109=DIRECTION('',(0.,0.,1.));
#6110=DIRECTION('',(1.,0.,0.));
#6111=DIRECTION('',(-1.,0.,0.));
#6112=DIRECTION('',(0.,0.,1.));
#6113=DIRECTION('',(1.,0.,0.));
#6114=DIRECTION('',(-1.,0.,0.));
#6115=DIRECTION('',(0.,0.,-1.));
#6116=DIRECTION('',(-1.,0.,0.));
#6117=DIRECTION('',(0.,0.,1.));
#6118=DIRECTION('',(1.,0.,0.));
#6119=DIRECTION('',(0.,0.,-1.));
#6120=DIRECTION('',(0.,0.,-1.));
#6121=DIRECTION('',(0.,0.,-1.));
#6122=DIRECTION('',(-1.,0.,0.));
#6123=DIRECTION('',(0.,0.,-1.));
#6124=DIRECTION('',(-1.,0.,0.));
#6125=DIRECTION('',(0.,0.,-1.));
#6126=DIRECTION('',(-1.,0.,0.));
#6127=DIRECTION('',(0.,0.,-1.));
#6128=DIRECTION('',(-1.,0.,0.));
#6129=DIRECTION('',(0.,0.,-1.));
#6130=DIRECTION('',(-1.,0.,0.));
#6131=DIRECTION('',(0.,0.,-1.));
#6132=DIRECTION('',(-1.,0.,0.));
#6133=DIRECTION('',(0.,0.,-1.));
#6134=DIRECTION('',(1.,1.22464679914735E-16,0.));
#6135=DIRECTION('',(0.,0.,-1.));
#6136=DIRECTION('',(-1.,0.,0.));
#6137=DIRECTION('',(0.,0.032397894665304,-0.999475050424599));
#6138=DIRECTION('',(0.,-0.9994750504246,-0.032397894665304));
#6139=DIRECTION('',(0.,0.,-1.));
#6140=DIRECTION('',(1.,-1.73472347597681E-15,0.));
#6141=DIRECTION('',(1.73472347597681E-15,1.,0.));
#6142=DIRECTION('',(0.,0.,-1.));
#6143=DIRECTION('',(1.73381283362466E-15,0.9994750504246,0.032397894665304));
#6144=DIRECTION('',(0.,0.,-1.));
#6145=DIRECTION('',(0.,0.,-1.));
#6146=DIRECTION('',(-1.,0.,0.));
#6147=DIRECTION('',(0.,0.,-1.));
#6148=DIRECTION('',(0.,0.032397894665304,-0.999475050424599));
#6149=DIRECTION('',(0.,-0.9994750504246,-0.032397894665304));
#6150=DIRECTION('',(1.,-3.7372000158294E-15,0.));
#6151=DIRECTION('',(3.7372000158294E-15,1.,0.));
#6152=DIRECTION('',(3.7352381742679E-15,0.9994750504246,0.032397894665304));
#6153=DIRECTION('',(0.,0.,-1.));
#6154=DIRECTION('',(-1.,0.,0.));
#6155=DIRECTION('',(0.,0.032397894665304,-0.999475050424599));
#6156=DIRECTION('',(0.,-0.9994750504246,-0.032397894665304));
#6157=DIRECTION('',(0.,0.,-1.));
#6158=DIRECTION('',(-1.,3.7372000158294E-15,0.));
#6159=DIRECTION('',(-3.7372000158294E-15,-1.,0.));
#6160=DIRECTION('',(0.,0.,-1.));
#6161=DIRECTION('',(-3.7352381742679E-15,-0.9994750504246,-0.032397894665304));
#6162=DIRECTION('',(0.,0.,-1.));
#6163=DIRECTION('',(-1.,0.,0.));
#6164=DIRECTION('',(0.,0.,-1.));
#6165=DIRECTION('',(0.,0.032397894665304,-0.999475050424599));
#6166=DIRECTION('',(0.,-0.9994750504246,-0.032397894665304));
#6167=DIRECTION('',(-1.,1.73472347597681E-15,0.));
#6168=DIRECTION('',(-1.73472347597681E-15,-1.,0.));
#6169=DIRECTION('',(0.,0.,-1.));
#6170=DIRECTION('',(-1.73381283362465E-15,-0.9994750504246,-0.032397894665304));
#6171=DIRECTION('',(0.,0.,-1.));
#6172=DIRECTION('',(-1.,0.,0.));
#6173=DIRECTION('',(0.,0.,-1.));
#6174=DIRECTION('',(0.,0.032397894665304,-0.999475050424599));
#6175=DIRECTION('',(0.,-0.9994750504246,-0.032397894665304));
#6176=DIRECTION('',(-1.,3.73954628707959E-15,0.));
#6177=DIRECTION('',(-3.73954628707959E-15,-1.,0.));
#6178=DIRECTION('',(-3.737583213844E-15,-0.9994750504246,-0.032397894665304));
#6179=DIRECTION('',(1.,-3.73954628707571E-15,0.));
#6180=DIRECTION('',(3.73954628707571E-15,1.,0.));
#6181=DIRECTION('',(0.,0.,-1.));
#6182=DIRECTION('',(3.73758321384012E-15,0.9994750504246,0.032397894665304));
#6183=DIRECTION('',(0.,0.,-1.));
#6184=DIRECTION('',(-1.,0.,0.));
#6185=DIRECTION('',(0.,0.032397894665304,-0.999475050424599));
#6186=DIRECTION('',(0.,-0.9994750504246,-0.032397894665304));
#6187=DIRECTION('',(0.,0.032397894665304,-0.999475050424599));
#6188=DIRECTION('',(0.,0.9994750504246,0.032397894665304));
#6189=DIRECTION('',(0.,0.,-1.));
#6190=DIRECTION('',(-1.,0.,0.));
#6191=DIRECTION('',(0.,0.,-1.));
#6192=DIRECTION('',(0.,0.032397894665304,-0.999475050424599));
#6193=DIRECTION('',(0.,-0.9994750504246,-0.032397894665304));
#6194=DIRECTION('',(0.,0.,-1.));
#6195=DIRECTION('',(-0.989662387584436,0.143416730546589,0.));
#6196=DIRECTION('',(-0.143416730546589,-0.989662387584436,0.));
#6197=DIRECTION('',(0.,0.,-1.));
#6198=DIRECTION('',(-0.143342991321503,-0.989153542226722,-0.0320633238971394));
#6199=DIRECTION('',(0.,0.,-1.));
#6200=DIRECTION('',(-1.,0.,0.));
#6201=DIRECTION('',(0.,0.,-1.));
#6202=DIRECTION('',(0.,0.032397894665304,-0.999475050424599));
#6203=DIRECTION('',(0.,-0.9994750504246,-0.032397894665304));
#6204=DIRECTION('',(0.989662387584436,-0.143416730546589,0.));
#6205=DIRECTION('',(0.143416730546589,0.989662387584436,0.));
#6206=DIRECTION('',(0.143342991321502,0.989153542226722,0.0320633238971394));
#6207=DIRECTION('',(0.,0.032397894665304,-0.999475050424599));
#6208=DIRECTION('',(0.,0.9994750504246,0.032397894665304));
#6209=DIRECTION('',(0.989662387584436,-0.143416730546588,0.));
#6210=DIRECTION('',(0.143416730546588,0.989662387584436,0.));
#6211=DIRECTION('',(0.,0.,-1.));
#6212=DIRECTION('',(-0.143342991321502,-0.989153542226722,-0.0320633238971394));
#6213=DIRECTION('',(0.,0.,-1.));
#6214=DIRECTION('',(0.,0.,-1.));
#6215=DIRECTION('',(-1.,0.,0.));
#6216=DIRECTION('',(0.,0.,-1.));
#6217=DIRECTION('',(0.,0.032397894665304,-0.999475050424599));
#6218=DIRECTION('',(0.,-0.9994750504246,-0.032397894665304));
#6219=DIRECTION('',(-0.989662387584436,0.143416730546588,0.));
#6220=DIRECTION('',(-0.143416730546588,-0.989662387584436,0.));
#6221=DIRECTION('',(0.,0.,-1.));
#6222=DIRECTION('',(0.143342991321502,0.989153542226722,0.0320633238971394));
#6223=DIRECTION('',(0.,0.,-1.));
#6224=DIRECTION('',(-1.,0.,0.));
#6225=DIRECTION('',(0.,0.,-1.));
#6226=DIRECTION('',(-1.,0.,0.));
#6227=DIRECTION('',(0.,0.032397894665304,-0.999475050424599));
#6228=DIRECTION('',(0.,-0.9994750504246,-0.032397894665304));
#6229=DIRECTION('',(0.,0.032397894665304,-0.999475050424599));
#6230=DIRECTION('',(0.,0.9994750504246,0.032397894665304));
#6231=DIRECTION('',(-0.989662387584436,-0.143416730546588,0.));
#6232=DIRECTION('',(-0.143416730546588,0.989662387584436,0.));
#6233=DIRECTION('',(0.,0.,-1.));
#6234=DIRECTION('',(0.143342991321502,-0.989153542226722,-0.0320633238971394));
#6235=DIRECTION('',(0.,0.,-1.));
#6236=DIRECTION('',(0.,0.,-1.));
#6237=DIRECTION('',(1.,0.,0.));
#6238=DIRECTION('',(0.,-0.032397894665304,0.999475050424599));
#6239=DIRECTION('',(0.,-0.9994750504246,-0.032397894665304));
#6240=DIRECTION('',(0.,0.,-1.));
#6241=DIRECTION('',(0.989662387584436,0.143416730546588,0.));
#6242=DIRECTION('',(0.143416730546588,-0.989662387584436,0.));
#6243=DIRECTION('',(-0.143342991321502,0.989153542226722,0.0320633238971394));
#6244=DIRECTION('',(0.,0.,-1.));
#6245=DIRECTION('',(0.,0.,-1.));
#6246=DIRECTION('',(1.,0.,0.));
#6247=DIRECTION('',(0.,0.,-1.));
#6248=DIRECTION('',(-1.,0.,0.));
#6249=DIRECTION('',(0.,-0.032397894665304,0.999475050424599));
#6250=DIRECTION('',(0.,-0.9994750504246,-0.032397894665304));
#6251=DIRECTION('',(0.,0.032397894665304,-0.999475050424599));
#6252=DIRECTION('',(0.,0.9994750504246,0.032397894665304));
#6253=DIRECTION('',(0.,0.,-1.));
#6254=DIRECTION('',(1.,0.,0.));
#6255=DIRECTION('',(0.,0.,-1.));
#6256=DIRECTION('',(0.,-0.032397894665304,0.999475050424599));
#6257=DIRECTION('',(0.,-0.9994750504246,-0.032397894665304));
#6258=DIRECTION('',(0.,0.,-1.));
#6259=DIRECTION('',(0.989662387584436,0.143416730546589,0.));
#6260=DIRECTION('',(0.143416730546589,-0.989662387584436,0.));
#6261=DIRECTION('',(0.143342991321503,-0.989153542226722,-0.0320633238971394));
#6262=DIRECTION('',(0.,0.,-1.));
#6263=DIRECTION('',(0.,0.,-1.));
#6264=DIRECTION('',(1.,0.,0.));
#6265=DIRECTION('',(0.,-0.032397894665304,0.999475050424599));
#6266=DIRECTION('',(0.,-0.9994750504246,-0.032397894665304));
#6267=DIRECTION('',(0.,0.,-1.));
#6268=DIRECTION('',(-0.989662387584436,-0.143416730546589,0.));
#6269=DIRECTION('',(-0.143416730546589,0.989662387584436,0.));
#6270=DIRECTION('',(-0.143342991321502,0.989153542226722,0.0320633238971394));
#6271=DIRECTION('',(0.,0.032397894665304,-0.999475050424599));
#6272=DIRECTION('',(0.,0.9994750504246,0.032397894665304));
#6273=DIRECTION('',(-2.91433543964104E-16,-0.0270536936840402,-0.99963398184438));
#6274=DIRECTION('',(-1.,1.09453461918929E-14,-6.93889390390723E-18));
#6275=DIRECTION('',(-1.17177764508373E-15,-0.99963398184438,0.0270536936840403));
#6276=DIRECTION('',(-2.91433543964104E-16,-0.0270536936840402,-0.99963398184438));
#6277=DIRECTION('',(1.07684694518338E-14,0.99963398184438,-0.0270536936840403));
#6278=DIRECTION('',(0.,0.,-1.));
#6279=DIRECTION('',(-1.,0.,0.));
#6280=DIRECTION('',(1.17911042133582E-15,0.99963398184438,-0.0270536936840403));
#6281=DIRECTION('',(1.,-1.17220669401588E-15,0.));
#6282=DIRECTION('',(1.17220669401588E-15,1.,0.));
#6283=DIRECTION('',(0.,0.,-1.));
#6284=DIRECTION('',(-1.,1.17954215517994E-15,0.));
#6285=DIRECTION('',(-1.17954215517994E-15,-1.,0.));
#6286=DIRECTION('',(0.,0.,-1.));
#6287=DIRECTION('',(-1.,0.,0.));
#6288=DIRECTION('',(0.,0.,1.));
#6289=DIRECTION('',(1.,0.,0.));
#6290=DIRECTION('',(0.,0.,1.));
#6291=DIRECTION('',(1.,0.,0.));
#6292=DIRECTION('',(0.,0.,-1.));
#6293=DIRECTION('',(-1.,0.,0.));
#6294=DIRECTION('',(0.,0.,-1.));
#6295=DIRECTION('',(-1.,0.,0.));
#6296=DIRECTION('',(-0.669982258043608,-0.742377110306337,0.));
#6297=DIRECTION('',(0.,0.,-1.));
#6298=DIRECTION('',(-1.,0.,0.));
#6299=DIRECTION('',(-0.0323972109613156,-6.19603755765233E-16,0.999475072586569));
#6300=DIRECTION('',(-0.999475072586569,-1.91151796834556E-14,-0.0323972109613156));
#6301=DIRECTION('',(0.,0.,-1.));
#6302=DIRECTION('',(0.,0.,-1.));
#6303=DIRECTION('',(-1.,0.,0.));
#6304=DIRECTION('',(0.,0.,-1.));
#6305=DIRECTION('',(-0.0323972109613156,-6.19603755765233E-16,0.999475072586569));
#6306=DIRECTION('',(-0.999475072586569,-1.91151796834556E-14,-0.0323972109613156));
#6307=DIRECTION('',(0.,0.,-1.));
#6308=DIRECTION('',(-1.,0.,0.));
#6309=DIRECTION('',(0.,0.,-1.));
#6310=DIRECTION('',(-0.0323972109613156,-6.19603755765233E-16,0.999475072586569));
#6311=DIRECTION('',(-0.999475072586569,-1.91151796834556E-14,-0.0323972109613156));
#6312=DIRECTION('',(0.,0.,-1.));
#6313=DIRECTION('',(0.,1.,0.));
#6314=DIRECTION('',(0.,0.,1.));
#6315=DIRECTION('',(0.999475072586569,0.,0.0323972109613156));
#6316=DIRECTION('',(0.,-1.,0.));
#6317=DIRECTION('',(0.,0.,-1.));
#6318=DIRECTION('',(-0.999475072586569,0.,-0.0323972109613156));
#6319=DIRECTION('',(-0.0323972109613156,-6.19603755765233E-16,0.999475072586569));
#6320=DIRECTION('',(0.999475072586569,0.,0.0323972109613156));
#6321=DIRECTION('',(0.,1.,0.));
#6322=DIRECTION('',(0.,0.,1.));
#6323=DIRECTION('',(0.,0.,-1.));
#6324=DIRECTION('',(0.999475072586569,0.,-0.0323972109613156));
#6325=DIRECTION('',(0.,0.,-1.));
#6326=DIRECTION('',(-1.,0.,0.));
#6327=DIRECTION('',(0.,0.,-1.));
#6328=DIRECTION('',(-0.0323972109613156,6.93650166283448E-16,-0.999475072586569));
#6329=DIRECTION('',(0.999475072586569,-2.1399559706657E-14,-0.0323972109613156));
#6330=DIRECTION('',(0.,-1.,0.));
#6331=DIRECTION('',(0.,0.,-1.));
#6332=DIRECTION('',(-0.999475072586569,0.,0.0323972109613156));
#6333=DIRECTION('',(-0.0323972109613156,6.93650166283448E-16,-0.999475072586569));
#6334=DIRECTION('',(-0.999475072586569,0.,0.0323972109613156));
#6335=DIRECTION('',(0.,0.,-1.));
#6336=DIRECTION('',(-1.,0.,0.));
#6337=DIRECTION('',(-0.0240505633988802,-0.0217052095889023,0.999475089372866));
#6338=DIRECTION('',(-0.741987428671797,-0.66963057723637,-0.0323966930889826));
#6339=DIRECTION('',(0.,0.,-1.));
#6340=DIRECTION('',(-0.66594727400074,0.745998812499714,0.));
#6341=DIRECTION('',(-0.745998812499714,-0.66594727400074,0.));
#6342=DIRECTION('',(0.745607241297736,0.665597721467726,0.0323962173926365));
#6343=DIRECTION('',(0.66594727400074,-0.745998812499714,0.));
#6344=DIRECTION('',(0.745998812499714,0.66594727400074,0.));
#6345=DIRECTION('',(-0.745607241297736,-0.665597721467726,-0.0323962173926365));
#6346=DIRECTION('',(-0.0240505633988802,-0.0217052095889023,0.999475089372866));
#6347=DIRECTION('',(0.745607241297738,0.665597721467724,0.0323962173926365));
#6348=DIRECTION('',(0.,0.,-1.));
#6349=DIRECTION('',(1.,0.,0.));
#6350=DIRECTION('',(0.,0.,-1.));
#6351=DIRECTION('',(-0.0240505633988802,0.0217052095889023,-0.999475089372866));
#6352=DIRECTION('',(0.741987428671797,-0.66963057723637,-0.0323966930889826));
#6353=DIRECTION('',(0.66594727400074,0.745998812499714,0.));
#6354=DIRECTION('',(0.745998812499714,-0.66594727400074,0.));
#6355=DIRECTION('',(-0.745607241297736,0.665597721467726,0.0323962173926365));
#6356=DIRECTION('',(-0.66594727400074,-0.745998812499714,0.));
#6357=DIRECTION('',(-0.745998812499714,0.66594727400074,0.));
#6358=DIRECTION('',(0.745607241297736,-0.665597721467726,-0.0323962173926365));
#6359=DIRECTION('',(0.0240505633988802,-0.0217052095889023,0.999475089372866));
#6360=DIRECTION('',(-0.745607241297738,0.665597721467724,0.0323962173926365));
#6361=DIRECTION('',(0.,0.,-1.));
#6362=DIRECTION('',(-1.,0.,0.));
#6363=DIRECTION('',(0.,0.,-1.));
#6364=DIRECTION('',(-1.,0.,0.));
#6365=DIRECTION('',(0.,0.,1.));
#6366=DIRECTION('',(-1.,-1.22464679914735E-16,0.));
#6367=DIRECTION('',(0.,0.,1.));
#6368=DIRECTION('',(1.,0.,0.));
#6369=DIRECTION('',(0.,0.,1.));
#6370=DIRECTION('',(1.,0.,0.));
#6371=DIRECTION('',(0.,0.,1.));
#6372=DIRECTION('',(1.,0.,0.));
#6373=DIRECTION('',(0.,0.,1.));
#6374=DIRECTION('',(1.,0.,0.));
#6375=DIRECTION('',(0.,0.,1.));
#6376=DIRECTION('',(1.,0.,0.));
#6377=DIRECTION('',(0.,0.,-1.));
#6378=DIRECTION('',(1.,-1.22464679914735E-16,0.));
#6379=DIRECTION('',(0.,0.,-1.));
#6380=DIRECTION('',(-1.,0.,0.));
#6381=DIRECTION('',(0.,0.,1.));
#6382=DIRECTION('',(1.,0.,0.));
#6383=DIRECTION('',(0.,0.,1.));
#6384=DIRECTION('',(1.,0.,0.));
#6385=DIRECTION('',(0.,0.,1.));
#6386=DIRECTION('',(1.,0.,0.));
#6387=DIRECTION('',(0.,0.,1.));
#6388=DIRECTION('',(-1.,0.,0.));
#6389=DIRECTION('',(0.,0.,1.));
#6390=DIRECTION('',(1.,0.,0.));
#6391=DIRECTION('',(0.,0.,1.));
#6392=DIRECTION('',(1.,0.,0.));
#6393=DIRECTION('',(0.,0.,1.));
#6394=DIRECTION('',(1.,0.,0.));
#6395=DIRECTION('',(0.,0.,1.));
#6396=DIRECTION('',(1.,0.,0.));
#6397=DIRECTION('',(0.999968507408624,-4.54009659728305E-18,-0.00793625799530722));
#6398=DIRECTION('',(-0.00793600807771822,-0.00793600807770961,-0.999937017792411));
#6399=DIRECTION('',(-0.00793600807771822,-0.00793600807771777,-0.999937017792411));
#6400=DIRECTION('',(-4.54023958119293E-18,-1.,0.));
#6401=DIRECTION('',(-0.00793600807771822,0.00793600807771739,-0.999937017792411));
#6402=DIRECTION('',(2.33667252214076E-15,0.999968507408624,-0.00793625799530679));
#6403=DIRECTION('',(-1.,2.33840724561674E-15,4.26769080144607E-17));
#6404=DIRECTION('',(0.,-0.00793625799530679,-0.999968507408624));
#6405=DIRECTION('',(1.,-2.33674611233122E-15,0.));
#6406=DIRECTION('',(-1.,0.,0.));
#6407=DIRECTION('',(0.,0.,1.));
#6408=DIRECTION('',(0.,0.00793625799530608,-0.999968507408624));
#6409=DIRECTION('',(0.,1.,0.));
#6410=DIRECTION('',(-2.33840724561674E-15,-0.999968507408624,-0.00793625799530608));
#6411=DIRECTION('',(1.,-2.33667252214076E-15,-7.97972798949331E-17));
#6412=DIRECTION('',(-0.00793600807771822,0.00793600807771711,-0.999937017792411));
#6413=DIRECTION('',(-1.,2.33848089043986E-15,0.));
#6414=DIRECTION('',(0.999968507408624,-4.51299154297091E-18,-0.00793625799530722));
#6415=DIRECTION('',(-0.00793600807771822,-0.00793600807770961,-0.999937017792411));
#6416=DIRECTION('',(-0.00793600807771822,-0.00793600807771732,-0.999937017792411));
#6417=DIRECTION('',(-4.51313367324551E-18,-1.,0.));
#6418=DIRECTION('',(4.0991515737332E-15,0.999968507408624,-0.00793625799530635));
#6419=DIRECTION('',(-1.,4.10088629720917E-15,2.86906999893977E-17));
#6420=DIRECTION('',(-0.00793600807771712,-0.00793600807771732,-0.999937017792411));
#6421=DIRECTION('',(1.,-4.09928067070429E-15,0.));
#6422=DIRECTION('',(0.999968507408624,-1.07562342279571E-15,-0.0079362579953061));
#6423=DIRECTION('',(-0.0079360080777171,0.00793600807770961,-0.999937017792411));
#6424=DIRECTION('',(-0.0079360080777171,0.00793600807771759,-0.999937017792411));
#6425=DIRECTION('',(-1.07565729803146E-15,-1.,0.));
#6426=DIRECTION('',(-2.30544749957318E-15,-0.999968507408624,-0.00793625799530656));
#6427=DIRECTION('',(1.,-2.3037127760972E-15,-7.95262293518118E-17));
#6428=DIRECTION('',(-0.00793600807771822,0.00793600807771759,-0.999937017792411));
#6429=DIRECTION('',(-1.,2.3055201063758E-15,0.));
#6430=DIRECTION('',(0.999968507408624,-4.55364912443912E-18,-0.00793625799530722));
#6431=DIRECTION('',(-0.00793600807771822,-0.00793600807770961,-0.999937017792411));
#6432=DIRECTION('',(-0.00793600807771822,-0.00793600807771755,-0.999937017792411));
#6433=DIRECTION('',(-4.55379253516664E-18,-1.,0.));
#6434=DIRECTION('',(2.39044894989604E-15,0.999968507408624,-0.00793625799530656));
#6435=DIRECTION('',(-1.,2.39218367337202E-15,4.22567796726225E-17));
#6436=DIRECTION('',(-0.00793600807771712,-0.00793600807771755,-0.999937017792411));
#6437=DIRECTION('',(1.,-2.39052423369891E-15,0.));
#6438=DIRECTION('',(0.999968507408624,-1.0755963177414E-15,-0.00793625799530611));
#6439=DIRECTION('',(-0.0079360080777171,0.00793600807769562,-0.999937017792411));
#6440=DIRECTION('',(-0.0079360080777171,0.00793600807771739,-0.999937017792411));
#6441=DIRECTION('',(-1.07563019212351E-15,-1.,0.));
#6442=DIRECTION('',(-2.73218947466347E-15,-0.999968507408624,-0.00793625799530636));
#6443=DIRECTION('',(1.,-2.73045475118749E-15,-8.2914361140829E-17));
#6444=DIRECTION('',(-1.,2.73227552109998E-15,0.));
#6445=DIRECTION('',(0.,0.,1.));
#6446=DIRECTION('',(1.,0.,0.));
#6447=DIRECTION('',(-4.90994506337217E-15,0.99998228505124,-0.00595227550625876));
#6448=DIRECTION('',(0.00595217006574692,-0.00595217006573887,-0.999964571043903));
#6449=DIRECTION('',(1.,4.91003204433824E-15,0.));
#6450=DIRECTION('',(-0.00595217006571972,-0.00595217006573893,-0.999964571043903));
#6451=DIRECTION('',(-1.17145536458252E-15,-1.,0.));
#6452=DIRECTION('',(0.,0.,1.));
#6453=DIRECTION('',(-1.,1.17145536458252E-15,0.));
#6454=DIRECTION('',(2.37846851589008E-18,0.99998228505124,-0.00595227550625789));
#6455=DIRECTION('',(0.00595217006572826,-0.00595217006573803,-0.999964571043903));
#6456=DIRECTION('',(0.00595217006575537,-0.00595217006573803,-0.999964571043903));
#6457=DIRECTION('',(1.,-2.37851065108438E-18,0.));
#6458=DIRECTION('',(-0.999982285051239,4.09828421199521E-15,-0.00595227550627525));
#6459=DIRECTION('',(-4.0991515737332E-15,-1.,3.6828992546617E-17));
#6460=DIRECTION('',(0.00595217006575537,-0.00595217006573381,-0.999964571043903));
#6461=DIRECTION('',(4.09835681417617E-15,1.,0.));
#6462=DIRECTION('',(5.71625266652248E-16,0.99998228505124,-0.00595227550625366));
#6463=DIRECTION('',(-0.00595217006569096,-0.0059521700657338,-0.999964571043903));
#6464=DIRECTION('',(-0.00595217006571953,-0.0059521700657338,-0.999964571043903));
#6465=DIRECTION('',(1.,-5.71635393143947E-16,0.));
#6466=DIRECTION('',(0.999982285051239,-3.41567052419833E-15,-0.00595227550623937));
#6467=DIRECTION('',(3.41567052419833E-15,1.,-8.15591084252221E-17));
#6468=DIRECTION('',(-0.00595217006571953,-0.00595217006573797,-0.999964571043903));
#6469=DIRECTION('',(-3.41573103369858E-15,-1.,0.));
#6470=DIRECTION('',(5.09766789327445E-15,0.99998228505124,-0.00595227550625785));
#6471=DIRECTION('',(0.00595217006576557,-0.00595217006573802,-0.999964571043903));
#6472=DIRECTION('',(0.00595217006575551,-0.00595217006573802,-0.999964571043903));
#6473=DIRECTION('',(1.,-5.09775819979976E-15,0.));
#6474=DIRECTION('',(-0.999982285051239,3.16066617322974E-15,-0.00595227550627539));
#6475=DIRECTION('',(-3.16153353496773E-15,-1.,4.24126337349173E-17));
#6476=DIRECTION('',(0.00595217006575551,-0.0059521700657364,-0.999964571043903));
#6477=DIRECTION('',(3.16072216526095E-15,1.,0.));
#6478=DIRECTION('',(5.10165233625834E-15,0.99998228505124,-0.00595227550625623));
#6479=DIRECTION('',(-0.00595217006567231,-0.00595217006573634,-0.999964571043904));
#6480=DIRECTION('',(-0.00595217006571972,-0.00595217006573634,-0.999964571043903));
#6481=DIRECTION('',(1.,-5.10174271336909E-15,0.));
#6482=DIRECTION('',(0.999982285051239,-5.46524631106493E-15,-0.00595227550623954));
#6483=DIRECTION('',(5.46437894932694E-15,1.,-9.3756382865684E-17));
#6484=DIRECTION('',(-5.46534312933843E-15,-1.,0.));
#6485=DIRECTION('',(0.,0.,1.));
#6486=DIRECTION('',(-3.7364106986726E-15,-1.,0.));
#6487=DIRECTION('',(-1.,3.7364106986726E-15,0.));
#6488=DIRECTION('',(-3.7364106986726E-15,-1.,0.));
#6489=DIRECTION('',(0.,0.,-1.));
#6490=DIRECTION('',(1.,-3.7364106986726E-15,0.));
#6491=DIRECTION('',(0.,0.,1.));
#6492=DIRECTION('',(-3.7364106986726E-15,-1.,0.));
#6493=DIRECTION('',(1.,-3.7364106986726E-15,0.));
#6494=DIRECTION('',(2.8842483909884E-15,0.771930235617049,0.635707252861101));
#6495=DIRECTION('',(1.,-3.79192184990386E-15,5.55111512312578E-17));
#6496=DIRECTION('',(-0.999982285051239,2.10993874281973E-14,-0.00595227550625692));
#6497=DIRECTION('',(0.00595217006573718,0.00595217006570961,-0.999964571043903));
#6498=DIRECTION('',(2.1099761209386E-14,1.,0.));
#6499=DIRECTION('',(0.00595217006573693,-0.00595217006573741,-0.999964571043903));
#6500=DIRECTION('',(1.,-2.34291072916505E-15,0.));
#6501=DIRECTION('',(0.,0.,1.));
#6502=DIRECTION('',(-2.34291072916505E-15,-1.,0.));
#6503=DIRECTION('',(-0.99998228505124,6.92772662153063E-15,-0.00595227550625869));
#6504=DIRECTION('',(0.00595217006573887,0.00595217006570961,-0.999964571043903));
#6505=DIRECTION('',(0.00595217006573887,0.0059521700657375,-0.999964571043903));
#6506=DIRECTION('',(6.92784934802685E-15,1.,0.));
#6507=DIRECTION('',(-5.46524631106493E-15,-0.999982285051239,-0.00595227550625739));
#6508=DIRECTION('',(1.,-5.46351158758895E-15,-9.3763159129262E-17));
#6509=DIRECTION('',(0.00595217006573719,0.0059521700657375,-0.999964571043903));
#6510=DIRECTION('',(-1.,5.46534312933843E-15,0.));
#6511=DIRECTION('',(-0.99998228505124,5.05163673478887E-16,-0.00595227550625704));
#6512=DIRECTION('',(0.00595217006573718,-0.00595217006570961,-0.999964571043903));
#6513=DIRECTION('',(0.00595217006573718,-0.00595217006573753,-0.999964571043903));
#6514=DIRECTION('',(5.05172622586011E-16,1.,0.));
#6515=DIRECTION('',(4.44002473676264E-15,0.999982285051239,-0.00595227550625736));
#6516=DIRECTION('',(-1.,4.4426268219766E-15,3.47961134732067E-17));
#6517=DIRECTION('',(0.00595217006573887,-0.00595217006573753,-0.999964571043903));
#6518=DIRECTION('',(1.,-4.44010339296674E-15,0.));
#6519=DIRECTION('',(-0.99998228505124,-7.58941520739853E-19,-0.00595227550625873));
#6520=DIRECTION('',(0.00595217006573887,0.00595217006570961,-0.999964571043903));
#6521=DIRECTION('',(0.00595217006573887,0.00595217006573749,-0.999964571043903));
#6522=DIRECTION('',(-7.5895496558818E-19,1.,0.));
#6523=DIRECTION('',(-4.52589354882349E-15,-0.999982285051239,-0.00595227550625737));
#6524=DIRECTION('',(1.,-4.52415882534751E-15,-8.81727416773836E-17));
#6525=DIRECTION('',(0.00595217006573719,0.00595217006573749,-0.999964571043903));
#6526=DIRECTION('',(-1.,4.52597372621614E-15,0.));
#6527=DIRECTION('',(-0.999982285051239,6.71751337281284E-16,-0.00595227550625704));
#6528=DIRECTION('',(0.00595217006573718,-0.00595217006570961,-0.999964571043903));
#6529=DIRECTION('',(0.00595217006573718,-0.00595217006573741,-0.999964571043903));
#6530=DIRECTION('',(6.71763237532617E-16,1.,0.));
#6531=DIRECTION('',(5.46351158758895E-15,0.999982285051239,-0.00595227550625724));
#6532=DIRECTION('',(-1.,5.46611367280292E-15,2.87042525165537E-17));
#6533=DIRECTION('',(1.,-5.46360837513137E-15,0.));
#6534=DIRECTION('',(0.,0.,1.));
#6535=DIRECTION('',(1.,0.,0.));
#6536=DIRECTION('',(0.,-1.,0.));
#6537=DIRECTION('',(1.,0.,0.));
#6538=DIRECTION('',(0.,0.,-1.));
#6539=DIRECTION('',(0.,1.,0.));
#6540=DIRECTION('',(0.,0.,1.));
#6541=DIRECTION('',(1.,0.,0.));
#6542=DIRECTION('',(0.,1.,0.));
#6543=DIRECTION('',(-0.771930235617049,0.,0.635707252861101));
#6544=DIRECTION('',(5.55111512312578E-17,1.,5.55111512312578E-17));
#6545=DIRECTION('',(-2.74155494855467E-14,-0.999982285051239,-0.00595227550625602));
#6546=DIRECTION('',(-0.00595217006570927,0.00595217006573633,-0.999964571043903));
#6547=DIRECTION('',(-1.,2.74160351592048E-14,0.));
#6548=DIRECTION('',(0.0059521700657383,0.005952170065736,-0.999964571043903));
#6549=DIRECTION('',(3.7364106986726E-15,1.,0.));
#6550=DIRECTION('',(0.,0.,1.));
#6551=DIRECTION('',(1.,-3.7364106986726E-15,0.));
#6552=DIRECTION('',(-7.86046575051991E-19,-0.999982285051239,-0.0059522755062562));
#6553=DIRECTION('',(-0.00595217006570927,0.00595217006573634,-0.999964571043903));
#6554=DIRECTION('',(-0.00595217006573658,0.00595217006573634,-0.999964571043903));
#6555=DIRECTION('',(-1.,7.86060500073473E-19,0.));
#6556=DIRECTION('',(0.999982285051239,-5.46437894932694E-15,-0.00595227550625647));
#6557=DIRECTION('',(5.46437894932694E-15,1.,-9.3756382865684E-17));
#6558=DIRECTION('',(-0.00595217006573658,0.00595217006573725,-0.999964571043903));
#6559=DIRECTION('',(-5.4644757522349E-15,-1.,0.));
#6560=DIRECTION('',(-5.21987103064073E-15,-0.999982285051239,-0.00595227550625708));
#6561=DIRECTION('',(0.00595217006570927,0.00595217006573719,-0.999964571043903));
#6562=DIRECTION('',(0.00595217006573835,0.00595217006573719,-0.999964571043903));
#6563=DIRECTION('',(-1.,5.2199635020267E-15,0.));
#6564=DIRECTION('',(-0.999982285051239,6.31873026124552E-15,-0.00595227550625817));
#6565=DIRECTION('',(-6.32133234645949E-15,-1.,2.36152785694499E-17));
#6566=DIRECTION('',(0.00595217006573835,0.00595217006573796,-0.999964571043903));
#6567=DIRECTION('',(6.31884219921131E-15,1.,0.));
#6568=DIRECTION('',(-6.26870110724889E-15,-0.999982285051239,-0.00595227550625785));
#6569=DIRECTION('',(-0.00595217006570927,0.00595217006573803,-0.999964571043903));
#6570=DIRECTION('',(-0.00595217006573668,0.00595217006573803,-0.999964571043903));
#6571=DIRECTION('',(-1.,6.26881215893508E-15,0.));
#6572=DIRECTION('',(0.999982285051239,-5.97698973647809E-15,-0.00595227550625658));
#6573=DIRECTION('',(5.97698973647809E-15,1.,-9.68124777393775E-17));
#6574=DIRECTION('',(-0.00595217006573668,0.00595217006573556,-0.999964571043903));
#6575=DIRECTION('',(-5.97709562042074E-15,-1.,0.));
#6576=DIRECTION('',(-5.76771838839765E-15,-0.999982285051239,-0.00595227550625538));
#6577=DIRECTION('',(0.00595217006570927,0.00595217006573549,-0.999964571043903));
#6578=DIRECTION('',(0.0059521700657383,0.00595217006573549,-0.999964571043903));
#6579=DIRECTION('',(-1.,5.76782056504343E-15,0.));
#6580=DIRECTION('',(-0.999982285051239,5.46437894932694E-15,-0.00595227550625812));
#6581=DIRECTION('',(-5.46698103454091E-15,-1.,2.86974762529757E-17));
#6582=DIRECTION('',(5.4644757522349E-15,1.,0.));
#6583=DIRECTION('',(0.,0.,1.));
#6584=DIRECTION('',(1.17145536458252E-15,1.,0.));
#6585=DIRECTION('',(1.,-1.17145536458252E-15,0.));
#6586=DIRECTION('',(1.17145536458252E-15,1.,0.));
#6587=DIRECTION('',(0.,0.,-1.));
#6588=DIRECTION('',(-1.,1.17145536458252E-15,0.));
#6589=DIRECTION('',(0.,0.,1.));
#6590=DIRECTION('',(1.17145536458252E-15,1.,0.));
#6591=DIRECTION('',(-1.,1.17145536458252E-15,0.));
#6592=DIRECTION('',(-9.04281815597043E-16,-0.771930235617049,0.635707252861101));
#6593=DIRECTION('',(-1.,1.22696651581378E-15,5.55111512312578E-17));
#6594=DIRECTION('',(-0.423409003465238,0.905938637979733,0.));
#6595=DIRECTION('',(-0.905938637979733,-0.423409003465239,0.));
#6596=DIRECTION('',(-0.905938637979735,-0.423409003465234,0.));
#6597=DIRECTION('',(0.905938637979733,0.423409003465238,0.));
#6598=DIRECTION('',(-0.423409003465242,0.905938637979731,0.));
#6599=DIRECTION('',(-0.905938637979731,-0.423409003465242,0.));
#6600=DIRECTION('',(0.905938637979723,0.42340900346526,0.));
#6601=DIRECTION('',(0.42338399333478,-0.90588512555238,-0.0108689231685883));
#6602=DIRECTION('',(0.905938637979727,0.423409003465252,0.));
#6603=DIRECTION('',(-0.0144477240243757,0.00524426777142262,-0.999881873486092));
#6604=DIRECTION('',(-0.905938637979727,-0.423409003465252,0.));
#6605=DIRECTION('',(0.905885125552394,0.423383993334749,-0.0108689231685901));
#6606=DIRECTION('',(-0.423409003465222,0.905938637979741,0.));
#6607=DIRECTION('',(-0.0144477240243805,0.00524426777143286,-0.999881873486092));
#6608=DIRECTION('',(0.423409003465222,-0.905938637979741,0.));
#6609=DIRECTION('',(0.423383993334746,-0.905885125552395,-0.0108689231685992));
#6610=DIRECTION('',(0.905938637979742,0.423409003465219,0.));
#6611=DIRECTION('',(0.00524426777141645,0.0144477240243828,-0.999881873486092));
#6612=DIRECTION('',(-0.905938637979742,-0.423409003465219,0.));
#6613=DIRECTION('',(-0.905885125552381,-0.423383993334778,-0.0108689231685857));
#6614=DIRECTION('',(0.42340900346525,-0.905938637979727,0.));
#6615=DIRECTION('',(0.00524426777141384,0.0144477240243884,-0.999881873486092));
#6616=DIRECTION('',(-0.42340900346525,0.905938637979727,0.));
#6617=DIRECTION('',(0.423383993334793,-0.905885125552373,-0.0108689231686048));
#6618=DIRECTION('',(0.90593863797972,0.423409003465266,0.));
#6619=DIRECTION('',(-0.0144477240243769,0.00524426777144011,-0.999881873486092));
#6620=DIRECTION('',(-0.90593863797972,-0.423409003465266,0.));
#6621=DIRECTION('',(0.905885125552391,0.423383993334756,-0.0108689231685837));
#6622=DIRECTION('',(-0.423409003465228,0.905938637979738,0.));
#6623=DIRECTION('',(-0.0144477240243725,0.00524426777143064,-0.999881873486092));
#6624=DIRECTION('',(0.423409003465228,-0.905938637979738,0.));
#6625=DIRECTION('',(0.423383993334768,-0.905885125552385,-0.0108689231685941));
#6626=DIRECTION('',(0.905938637979732,0.42340900346524,0.));
#6627=DIRECTION('',(0.00524426777142649,0.0144477240243821,-0.999881873486092));
#6628=DIRECTION('',(-0.905938637979732,-0.42340900346524,0.));
#6629=DIRECTION('',(-0.90588512555238,-0.423383993334778,-0.0108689231685945));
#6630=DIRECTION('',(0.42340900346525,-0.905938637979728,0.));
#6631=DIRECTION('',(0.00524426777142735,0.0144477240243803,-0.999881873486092));
#6632=DIRECTION('',(-0.42340900346525,0.905938637979728,0.));
#6633=DIRECTION('',(0.423383993334721,-0.905885125552407,-0.0108689231685926));
#6634=DIRECTION('',(0.905938637979754,0.423409003465194,0.));
#6635=DIRECTION('',(-0.905938637979754,-0.423409003465194,0.));
#6636=DIRECTION('',(0.,0.,1.));
#6637=DIRECTION('',(1.,0.,0.));
#6638=DIRECTION('',(0.,0.,1.));
#6639=DIRECTION('',(1.,0.,0.));
#6640=DIRECTION('',(-0.905938637979738,-0.423409003465227,0.));
#6641=DIRECTION('',(0.157250156171367,-0.336457163494598,0.928476690885264));
#6642=DIRECTION('',(-0.905938637979733,-0.423409003465239,0.));
#6643=DIRECTION('',(0.423409003465238,0.905938637979733,0.));
#6644=DIRECTION('',(0.905938637979733,-0.423409003465239,0.));
#6645=DIRECTION('',(0.905938637979735,-0.423409003465234,0.));
#6646=DIRECTION('',(-0.905938637979733,0.423409003465238,0.));
#6647=DIRECTION('',(0.423409003465242,0.905938637979731,0.));
#6648=DIRECTION('',(0.905938637979731,-0.423409003465242,0.));
#6649=DIRECTION('',(-0.905938637979723,0.42340900346526,0.));
#6650=DIRECTION('',(-0.42338399333478,-0.90588512555238,-0.0108689231685883));
#6651=DIRECTION('',(-0.905938637979727,0.423409003465252,0.));
#6652=DIRECTION('',(0.905938637979727,-0.423409003465252,0.));
#6653=DIRECTION('',(0.0144477240243757,0.00524426777142262,-0.999881873486092));
#6654=DIRECTION('',(-0.905885125552394,0.423383993334749,-0.0108689231685901));
#6655=DIRECTION('',(0.423409003465222,0.905938637979741,0.));
#6656=DIRECTION('',(-0.423409003465222,-0.905938637979741,0.));
#6657=DIRECTION('',(0.0144477240243805,0.00524426777143286,-0.999881873486092));
#6658=DIRECTION('',(-0.423383993334746,-0.905885125552395,-0.0108689231685992));
#6659=DIRECTION('',(-0.905938637979742,0.423409003465219,0.));
#6660=DIRECTION('',(0.905938637979742,-0.423409003465219,0.));
#6661=DIRECTION('',(-0.00524426777141645,0.0144477240243828,-0.999881873486092));
#6662=DIRECTION('',(0.905885125552381,-0.423383993334778,-0.0108689231685857));
#6663=DIRECTION('',(-0.42340900346525,-0.905938637979727,0.));
#6664=DIRECTION('',(0.42340900346525,0.905938637979727,0.));
#6665=DIRECTION('',(-0.00524426777141384,0.0144477240243884,-0.999881873486092));
#6666=DIRECTION('',(-0.423383993334793,-0.905885125552373,-0.0108689231686048));
#6667=DIRECTION('',(-0.90593863797972,0.423409003465266,0.));
#6668=DIRECTION('',(0.90593863797972,-0.423409003465266,0.));
#6669=DIRECTION('',(0.0144477240243769,0.00524426777144011,-0.999881873486092));
#6670=DIRECTION('',(-0.905885125552391,0.423383993334756,-0.0108689231685837));
#6671=DIRECTION('',(0.423409003465228,0.905938637979738,0.));
#6672=DIRECTION('',(-0.423409003465228,-0.905938637979738,0.));
#6673=DIRECTION('',(0.0144477240243725,0.00524426777143064,-0.999881873486092));
#6674=DIRECTION('',(-0.423383993334768,-0.905885125552385,-0.0108689231685941));
#6675=DIRECTION('',(-0.905938637979732,0.42340900346524,0.));
#6676=DIRECTION('',(0.905938637979732,-0.42340900346524,0.));
#6677=DIRECTION('',(-0.00524426777142649,0.0144477240243821,-0.999881873486092));
#6678=DIRECTION('',(0.90588512555238,-0.423383993334778,-0.0108689231685945));
#6679=DIRECTION('',(-0.42340900346525,-0.905938637979728,0.));
#6680=DIRECTION('',(0.42340900346525,0.905938637979728,0.));
#6681=DIRECTION('',(-0.00524426777142735,0.0144477240243803,-0.999881873486092));
#6682=DIRECTION('',(-0.423383993334721,-0.905885125552407,-0.0108689231685926));
#6683=DIRECTION('',(-0.905938637979754,0.423409003465194,0.));
#6684=DIRECTION('',(0.905938637979754,-0.423409003465194,0.));
#6685=DIRECTION('',(0.,0.,1.));
#6686=DIRECTION('',(-1.,0.,0.));
#6687=DIRECTION('',(0.,0.,1.));
#6688=DIRECTION('',(-1.,0.,0.));
#6689=DIRECTION('',(0.905938637979738,-0.423409003465227,0.));
#6690=DIRECTION('',(-0.157250156171367,-0.336457163494598,0.928476690885264));
#6691=DIRECTION('',(0.905938637979733,-0.423409003465239,0.));
#6692=DIRECTION('',(0.924519503933747,-0.381059441605789,-0.00757554019079045));
#6693=DIRECTION('',(0.381070376350231,0.924546033612331,0.));
#6694=DIRECTION('',(-0.381070376350231,-0.924546033612331,0.));
#6695=DIRECTION('',(-0.00411700355103684,0.00989046579046602,-0.999942612837461));
#6696=DIRECTION('',(-0.923592401554914,0.380677317580024,-0.045407660918655));
#6697=DIRECTION('',(-0.381070376350276,-0.924546033612313,0.));
#6698=DIRECTION('',(0.381070376350276,0.924546033612313,0.));
#6699=DIRECTION('',(0.924519503933751,-0.38105944160578,-0.00757554019078792));
#6700=DIRECTION('',(0.381070376350222,0.924546033612335,0.));
#6701=DIRECTION('',(-0.00989046579046684,-0.0041170035510299,-0.999942612837461));
#6702=DIRECTION('',(-0.381070376350222,-0.924546033612335,0.));
#6703=DIRECTION('',(0.381059441605836,0.924519503933728,-0.00757554019078472));
#6704=DIRECTION('',(-0.924546033612311,0.381070376350278,0.));
#6705=DIRECTION('',(-0.0098904657904662,-0.00411700355103016,-0.999942612837461));
#6706=DIRECTION('',(0.924546033612311,-0.381070376350278,0.));
#6707=DIRECTION('',(0.924519503933722,-0.38105944160585,-0.00757554019078665));
#6708=DIRECTION('',(0.381070376350292,0.924546033612306,0.));
#6709=DIRECTION('',(-0.00411700355103248,0.00989046579046533,-0.999942612837461));
#6710=DIRECTION('',(-0.381070376350292,-0.924546033612306,0.));
#6711=DIRECTION('',(-0.381059441605846,-0.924519503933724,-0.007575540190785));
#6712=DIRECTION('',(0.924546033612307,-0.381070376350288,0.));
#6713=DIRECTION('',(-0.00411700355102525,0.00989046579046235,-0.999942612837461));
#6714=DIRECTION('',(-0.924546033612307,0.381070376350288,0.));
#6715=DIRECTION('',(0.924519503933722,-0.38105944160585,-0.00757554019077883));
#6716=DIRECTION('',(0.381070376350292,0.924546033612306,0.));
#6717=DIRECTION('',(-0.00989046579045943,-0.00411700355103429,-0.999942612837461));
#6718=DIRECTION('',(-0.381070376350292,-0.924546033612306,0.));
#6719=DIRECTION('',(0.38105944160588,0.92451950393371,-0.00757554019078632));
#6720=DIRECTION('',(-0.924546033612293,0.381070376350322,0.));
#6721=DIRECTION('',(-0.00989046579046629,-0.00411700355103146,-0.999942612837461));
#6722=DIRECTION('',(0.924546033612293,-0.381070376350322,0.));
#6723=DIRECTION('',(0.924519503933724,-0.381059441605846,-0.00757554019078627));
#6724=DIRECTION('',(0.381070376350288,0.924546033612307,0.));
#6725=DIRECTION('',(-0.00411700355103255,0.00989046579046425,-0.999942612837461));
#6726=DIRECTION('',(-0.381070376350288,-0.924546033612307,0.));
#6727=DIRECTION('',(-0.381059441605883,-0.924519503933708,-0.00757554019078367));
#6728=DIRECTION('',(0.924546033612292,-0.381070376350325,0.));
#6729=DIRECTION('',(-0.924546033612292,0.381070376350325,0.));
#6730=DIRECTION('',(0.,0.,1.));
#6731=DIRECTION('',(1.,0.,0.));
#6732=DIRECTION('',(0.381070376350274,0.924546033612313,0.));
#6733=DIRECTION('',(-0.924546033612313,0.381070376350274,0.));
#6734=DIRECTION('',(-0.381070376350274,-0.924546033612313,0.));
#6735=DIRECTION('',(-0.381070376350274,-0.924546033612313,0.));
#6736=DIRECTION('',(0.,0.,1.));
#6737=DIRECTION('',(1.,0.,0.));
#6738=DIRECTION('',(-0.381070376350274,-0.924546033612313,0.));
#6739=DIRECTION('',(0.653752769886388,-0.269457447226587,0.707106781186552));
#6740=DIRECTION('',(-0.381070376350275,-0.924546033612312,2.4980018054066E-16));
#6741=DIRECTION('',(-0.924519503933747,-0.381059441605789,-0.00757554019079045));
#6742=DIRECTION('',(-0.381070376350231,0.924546033612331,0.));
#6743=DIRECTION('',(0.00411700355103684,0.00989046579046602,-0.999942612837461));
#6744=DIRECTION('',(0.381070376350231,-0.924546033612331,0.));
#6745=DIRECTION('',(0.923592401554914,0.380677317580024,-0.045407660918655));
#6746=DIRECTION('',(0.381070376350276,-0.924546033612313,0.));
#6747=DIRECTION('',(-0.381070376350276,0.924546033612313,0.));
#6748=DIRECTION('',(-0.924519503933751,-0.38105944160578,-0.00757554019078792));
#6749=DIRECTION('',(-0.381070376350222,0.924546033612335,0.));
#6750=DIRECTION('',(0.381070376350222,-0.924546033612335,0.));
#6751=DIRECTION('',(0.00989046579046684,-0.0041170035510299,-0.999942612837461));
#6752=DIRECTION('',(-0.381059441605836,0.924519503933728,-0.00757554019078472));
#6753=DIRECTION('',(0.924546033612311,0.381070376350278,0.));
#6754=DIRECTION('',(-0.924546033612311,-0.381070376350278,0.));
#6755=DIRECTION('',(0.0098904657904662,-0.00411700355103016,-0.999942612837461));
#6756=DIRECTION('',(-0.924519503933722,-0.38105944160585,-0.00757554019078665));
#6757=DIRECTION('',(-0.381070376350292,0.924546033612306,0.));
#6758=DIRECTION('',(0.381070376350292,-0.924546033612306,0.));
#6759=DIRECTION('',(0.00411700355103248,0.00989046579046533,-0.999942612837461));
#6760=DIRECTION('',(0.381059441605846,-0.924519503933724,-0.007575540190785));
#6761=DIRECTION('',(-0.924546033612307,-0.381070376350288,0.));
#6762=DIRECTION('',(0.924546033612307,0.381070376350288,0.));
#6763=DIRECTION('',(0.00411700355102525,0.00989046579046235,-0.999942612837461));
#6764=DIRECTION('',(-0.924519503933722,-0.38105944160585,-0.00757554019077883));
#6765=DIRECTION('',(-0.381070376350292,0.924546033612306,0.));
#6766=DIRECTION('',(0.381070376350292,-0.924546033612306,0.));
#6767=DIRECTION('',(0.00989046579045943,-0.00411700355103429,-0.999942612837461));
#6768=DIRECTION('',(-0.38105944160588,0.92451950393371,-0.00757554019078632));
#6769=DIRECTION('',(0.924546033612293,0.381070376350322,0.));
#6770=DIRECTION('',(-0.924546033612293,-0.381070376350322,0.));
#6771=DIRECTION('',(0.00989046579046629,-0.00411700355103146,-0.999942612837461));
#6772=DIRECTION('',(-0.924519503933724,-0.381059441605846,-0.00757554019078627));
#6773=DIRECTION('',(-0.381070376350288,0.924546033612307,0.));
#6774=DIRECTION('',(0.381070376350288,-0.924546033612307,0.));
#6775=DIRECTION('',(0.00411700355103255,0.00989046579046425,-0.999942612837461));
#6776=DIRECTION('',(0.381059441605883,-0.924519503933708,-0.00757554019078367));
#6777=DIRECTION('',(-0.924546033612292,-0.381070376350325,0.));
#6778=DIRECTION('',(0.924546033612292,0.381070376350325,0.));
#6779=DIRECTION('',(0.,0.,1.));
#6780=DIRECTION('',(-1.,0.,0.));
#6781=DIRECTION('',(-0.381070376350274,0.924546033612313,0.));
#6782=DIRECTION('',(0.924546033612313,0.381070376350274,0.));
#6783=DIRECTION('',(0.381070376350274,-0.924546033612313,0.));
#6784=DIRECTION('',(0.381070376350274,-0.924546033612313,0.));
#6785=DIRECTION('',(0.,0.,1.));
#6786=DIRECTION('',(-1.,0.,0.));
#6787=DIRECTION('',(0.381070376350274,-0.924546033612313,0.));
#6788=DIRECTION('',(-0.653752769886388,-0.269457447226587,0.707106781186552));
#6789=DIRECTION('',(0.381070376350275,-0.924546033612312,2.4980018054066E-16));
#6790=DIRECTION('',(0.923853021957806,0.38267245133436,-0.00757554019079045));
#6791=DIRECTION('',(-0.382683432365148,0.923879532511263,0.));
#6792=DIRECTION('',(0.382683432365148,-0.923879532511263,0.));
#6793=DIRECTION('',(-0.00989763624951283,0.00409973516997846,-0.999942612837461));
#6794=DIRECTION('',(-0.922926587922968,-0.382288709792434,-0.045407660918655));
#6795=DIRECTION('',(0.382683432365104,-0.923879532511281,0.));
#6796=DIRECTION('',(-0.382683432365103,0.923879532511281,0.));
#6797=DIRECTION('',(0.923853021957802,0.38267245133437,-0.00757554019078792));
#6798=DIRECTION('',(-0.382683432365158,0.923879532511259,0.));
#6799=DIRECTION('',(-0.00409973516998394,-0.00989763624950848,-0.999942612837461));
#6800=DIRECTION('',(0.382683432365158,-0.923879532511259,0.));
#6801=DIRECTION('',(-0.382672451334313,0.923853021957825,-0.00757554019078472));
#6802=DIRECTION('',(-0.923879532511282,-0.382683432365101,0.));
#6803=DIRECTION('',(-0.0040997351699833,-0.00989763624950822,-0.999942612837461));
#6804=DIRECTION('',(0.923879532511282,0.382683432365101,0.));
#6805=DIRECTION('',(0.923853021957831,0.382672451334299,-0.00757554019078665));
#6806=DIRECTION('',(-0.382683432365087,0.923879532511288,0.));
#6807=DIRECTION('',(-0.00989763624950925,0.00409973516998105,-0.999942612837461));
#6808=DIRECTION('',(0.382683432365087,-0.923879532511288,0.));
#6809=DIRECTION('',(0.382672451334303,-0.923853021957829,-0.007575540190785));
#6810=DIRECTION('',(0.923879532511286,0.382683432365091,0.));
#6811=DIRECTION('',(-0.00989763624950203,0.00409973516998404,-0.999942612837461));
#6812=DIRECTION('',(-0.923879532511286,-0.382683432365091,0.));
#6813=DIRECTION('',(0.923853021957831,0.3826724513343,-0.00757554019077883));
#6814=DIRECTION('',(-0.382683432365088,0.923879532511288,0.));
#6815=DIRECTION('',(-0.0040997351699756,-0.00989763624950637,-0.999942612837461));
#6816=DIRECTION('',(0.382683432365088,-0.923879532511288,0.));
#6817=DIRECTION('',(-0.382672451334269,0.923853021957843,-0.00757554019078632));
#6818=DIRECTION('',(-0.923879532511301,-0.382683432365057,0.));
#6819=DIRECTION('',(-0.00409973516998245,-0.0098976362495092,-0.999942612837461));
#6820=DIRECTION('',(0.9238795325113,0.382683432365057,0.));
#6821=DIRECTION('',(0.923853021957829,0.382672451334303,-0.00757554019078627));
#6822=DIRECTION('',(-0.382683432365091,0.923879532511286,0.));
#6823=DIRECTION('',(-0.00989763624950854,0.00409973516998024,-0.999942612837461));
#6824=DIRECTION('',(0.382683432365091,-0.923879532511286,0.));
#6825=DIRECTION('',(0.382672451334266,-0.923853021957845,-0.00757554019078367));
#6826=DIRECTION('',(0.923879532511302,0.382683432365054,0.));
#6827=DIRECTION('',(-0.923879532511302,-0.382683432365054,0.));
#6828=DIRECTION('',(0.,0.,1.));
#6829=DIRECTION('',(0.708339837724517,0.705871570678693,0.));
#6830=DIRECTION('',(-0.382683432365105,0.92387953251128,0.));
#6831=DIRECTION('',(-0.923879532511281,-0.382683432365105,0.));
#6832=DIRECTION('',(0.382683432365105,-0.923879532511281,0.));
#6833=DIRECTION('',(0.382683432365105,-0.923879532511281,0.));
#6834=DIRECTION('',(0.,0.,1.));
#6835=DIRECTION('',(0.708339837724517,0.705871570678693,0.));
#6836=DIRECTION('',(0.382683432365105,-0.923879532511281,0.));
#6837=DIRECTION('',(0.65328148243818,0.270598050073107,0.707106781186552));
#6838=DIRECTION('',(0.382683432365104,-0.923879532511281,2.4980018054066E-16));
#6839=DIRECTION('',(0.382672451334238,0.923853021957856,-0.00757554019079045));
#6840=DIRECTION('',(-0.923879532511313,0.382683432365026,0.));
#6841=DIRECTION('',(0.923879532511313,-0.382683432365026,0.));
#6842=DIRECTION('',(-0.00989763624950904,-0.00409973516998761,-0.999942612837461));
#6843=DIRECTION('',(-0.382288709792402,-0.922926587922982,-0.045407660918655));
#6844=DIRECTION('',(0.923879532511295,-0.382683432365071,0.));
#6845=DIRECTION('',(-0.923879532511295,0.382683432365071,0.));
#6846=DIRECTION('',(0.382672451334229,0.92385302195786,-0.00757554019078792));
#6847=DIRECTION('',(-0.923879532511317,0.382683432365017,0.));
#6848=DIRECTION('',(0.00409973516998067,-0.00989763624950984,-0.999942612837461));
#6849=DIRECTION('',(0.923879532511317,-0.382683432365017,0.));
#6850=DIRECTION('',(-0.923853021957837,0.382672451334285,-0.00757554019078472));
#6851=DIRECTION('',(-0.382683432365073,-0.923879532511294,0.));
#6852=DIRECTION('',(0.00409973516998093,-0.0098976362495092,-0.999942612837461));
#6853=DIRECTION('',(0.382683432365073,0.923879532511294,0.));
#6854=DIRECTION('',(0.382672451334299,0.923853021957831,-0.00757554019078665));
#6855=DIRECTION('',(-0.923879532511288,0.382683432365087,0.));
#6856=DIRECTION('',(-0.00989763624950834,-0.00409973516998325,-0.999942612837461));
#6857=DIRECTION('',(0.923879532511288,-0.382683432365087,0.));
#6858=DIRECTION('',(0.923853021957833,-0.382672451334295,-0.007575540190785));
#6859=DIRECTION('',(0.382683432365083,0.92387953251129,0.));
#6860=DIRECTION('',(-0.00989763624950535,-0.00409973516997603,-0.999942612837461));
#6861=DIRECTION('',(-0.382683432365083,-0.92387953251129,0.));
#6862=DIRECTION('',(0.382672451334299,0.923853021957831,-0.00757554019077883));
#6863=DIRECTION('',(-0.923879532511288,0.382683432365087,0.));
#6864=DIRECTION('',(0.00409973516998507,-0.00989763624950244,-0.999942612837461));
#6865=DIRECTION('',(0.923879532511288,-0.382683432365087,0.));
#6866=DIRECTION('',(-0.923853021957818,0.382672451334329,-0.00757554019078632));
#6867=DIRECTION('',(-0.382683432365117,-0.923879532511276,0.));
#6868=DIRECTION('',(0.00409973516998223,-0.00989763624950929,-0.999942612837461));
#6869=DIRECTION('',(0.382683432365117,0.923879532511275,0.));
#6870=DIRECTION('',(0.382672451334295,0.923853021957833,-0.00757554019078627));
#6871=DIRECTION('',(-0.92387953251129,0.382683432365083,0.));
#6872=DIRECTION('',(-0.00989763624950726,-0.00409973516998332,-0.999942612837461));
#6873=DIRECTION('',(0.92387953251129,-0.382683432365083,0.));
#6874=DIRECTION('',(0.923853021957817,-0.382672451334332,-0.00757554019078367));
#6875=DIRECTION('',(0.38268343236512,0.923879532511274,0.));
#6876=DIRECTION('',(-0.38268343236512,-0.923879532511274,0.));
#6877=DIRECTION('',(0.,0.,1.));
#6878=DIRECTION('',(0.00174532836587588,0.999998476913288,0.));
#6879=DIRECTION('',(-0.923879532511296,0.382683432365069,0.));
#6880=DIRECTION('',(-0.382683432365069,-0.923879532511296,0.));
#6881=DIRECTION('',(0.923879532511296,-0.382683432365069,0.));
#6882=DIRECTION('',(0.923879532511296,-0.382683432365069,0.));
#6883=DIRECTION('',(0.,0.,1.));
#6884=DIRECTION('',(0.00174532836587588,0.999998476913288,0.));
#6885=DIRECTION('',(0.923879532511296,-0.382683432365069,0.));
#6886=DIRECTION('',(0.270598050073083,0.65328148243819,0.707106781186552));
#6887=DIRECTION('',(0.923879532511295,-0.38268343236507,2.4980018054066E-16));
#6888=DIRECTION('',(-0.923853021957806,0.38267245133436,-0.00757554019079045));
#6889=DIRECTION('',(0.382683432365148,0.923879532511263,0.));
#6890=DIRECTION('',(0.00989763624951283,0.00409973516997846,-0.999942612837461));
#6891=DIRECTION('',(-0.382683432365148,-0.923879532511263,0.));
#6892=DIRECTION('',(0.922926587922968,-0.382288709792434,-0.045407660918655));
#6893=DIRECTION('',(-0.382683432365104,-0.923879532511281,0.));
#6894=DIRECTION('',(0.382683432365103,0.923879532511281,0.));
#6895=DIRECTION('',(-0.923853021957802,0.38267245133437,-0.00757554019078792));
#6896=DIRECTION('',(0.382683432365158,0.923879532511259,0.));
#6897=DIRECTION('',(-0.382683432365158,-0.923879532511259,0.));
#6898=DIRECTION('',(0.00409973516998394,-0.00989763624950848,-0.999942612837461));
#6899=DIRECTION('',(0.382672451334313,0.923853021957825,-0.00757554019078472));
#6900=DIRECTION('',(0.923879532511282,-0.382683432365101,0.));
#6901=DIRECTION('',(-0.923879532511282,0.382683432365101,0.));
#6902=DIRECTION('',(0.0040997351699833,-0.00989763624950822,-0.999942612837461));
#6903=DIRECTION('',(-0.923853021957831,0.382672451334299,-0.00757554019078665));
#6904=DIRECTION('',(0.382683432365087,0.923879532511288,0.));
#6905=DIRECTION('',(-0.382683432365087,-0.923879532511288,0.));
#6906=DIRECTION('',(0.00989763624950925,0.00409973516998105,-0.999942612837461));
#6907=DIRECTION('',(-0.382672451334303,-0.923853021957829,-0.007575540190785));
#6908=DIRECTION('',(-0.923879532511286,0.382683432365091,0.));
#6909=DIRECTION('',(0.923879532511286,-0.382683432365091,0.));
#6910=DIRECTION('',(0.00989763624950203,0.00409973516998404,-0.999942612837461));
#6911=DIRECTION('',(-0.923853021957831,0.3826724513343,-0.00757554019077883));
#6912=DIRECTION('',(0.382683432365088,0.923879532511288,0.));
#6913=DIRECTION('',(-0.382683432365088,-0.923879532511288,0.));
#6914=DIRECTION('',(0.0040997351699756,-0.00989763624950637,-0.999942612837461));
#6915=DIRECTION('',(0.382672451334269,0.923853021957843,-0.00757554019078632));
#6916=DIRECTION('',(0.923879532511301,-0.382683432365057,0.));
#6917=DIRECTION('',(-0.9238795325113,0.382683432365057,0.));
#6918=DIRECTION('',(0.00409973516998245,-0.0098976362495092,-0.999942612837461));
#6919=DIRECTION('',(-0.923853021957829,0.382672451334303,-0.00757554019078627));
#6920=DIRECTION('',(0.382683432365091,0.923879532511286,0.));
#6921=DIRECTION('',(-0.382683432365091,-0.923879532511286,0.));
#6922=DIRECTION('',(0.00989763624950854,0.00409973516998024,-0.999942612837461));
#6923=DIRECTION('',(-0.382672451334266,-0.923853021957845,-0.00757554019078367));
#6924=DIRECTION('',(-0.923879532511302,0.382683432365054,0.));
#6925=DIRECTION('',(0.923879532511302,-0.382683432365054,0.));
#6926=DIRECTION('',(0.,0.,1.));
#6927=DIRECTION('',(-0.708339837724517,0.705871570678693,0.));
#6928=DIRECTION('',(0.382683432365105,0.92387953251128,0.));
#6929=DIRECTION('',(0.923879532511281,-0.382683432365105,0.));
#6930=DIRECTION('',(-0.382683432365105,-0.923879532511281,0.));
#6931=DIRECTION('',(-0.382683432365105,-0.923879532511281,0.));
#6932=DIRECTION('',(0.,0.,1.));
#6933=DIRECTION('',(-0.708339837724517,0.705871570678693,0.));
#6934=DIRECTION('',(-0.382683432365105,-0.923879532511281,0.));
#6935=DIRECTION('',(-0.65328148243818,0.270598050073107,0.707106781186552));
#6936=DIRECTION('',(-0.382683432365104,-0.923879532511281,2.4980018054066E-16));
#6937=DIRECTION('',(-0.382672451334238,0.923853021957856,-0.00757554019079045));
#6938=DIRECTION('',(0.923879532511313,0.382683432365026,0.));
#6939=DIRECTION('',(0.00989763624950904,-0.00409973516998761,-0.999942612837461));
#6940=DIRECTION('',(-0.923879532511313,-0.382683432365026,0.));
#6941=DIRECTION('',(0.382288709792402,-0.922926587922982,-0.045407660918655));
#6942=DIRECTION('',(-0.923879532511295,-0.382683432365071,0.));
#6943=DIRECTION('',(0.923879532511295,0.382683432365071,0.));
#6944=DIRECTION('',(-0.382672451334229,0.92385302195786,-0.00757554019078792));
#6945=DIRECTION('',(0.923879532511317,0.382683432365017,0.));
#6946=DIRECTION('',(-0.923879532511317,-0.382683432365017,0.));
#6947=DIRECTION('',(-0.00409973516998067,-0.00989763624950984,-0.999942612837461));
#6948=DIRECTION('',(0.923853021957837,0.382672451334285,-0.00757554019078472));
#6949=DIRECTION('',(0.382683432365073,-0.923879532511294,0.));
#6950=DIRECTION('',(-0.382683432365073,0.923879532511294,0.));
#6951=DIRECTION('',(-0.00409973516998093,-0.0098976362495092,-0.999942612837461));
#6952=DIRECTION('',(-0.382672451334299,0.923853021957831,-0.00757554019078665));
#6953=DIRECTION('',(0.923879532511288,0.382683432365087,0.));
#6954=DIRECTION('',(-0.923879532511288,-0.382683432365087,0.));
#6955=DIRECTION('',(0.00989763624950834,-0.00409973516998325,-0.999942612837461));
#6956=DIRECTION('',(-0.923853021957833,-0.382672451334295,-0.007575540190785));
#6957=DIRECTION('',(-0.382683432365083,0.92387953251129,0.));
#6958=DIRECTION('',(0.382683432365083,-0.92387953251129,0.));
#6959=DIRECTION('',(0.00989763624950535,-0.00409973516997603,-0.999942612837461));
#6960=DIRECTION('',(-0.382672451334299,0.923853021957831,-0.00757554019077883));
#6961=DIRECTION('',(0.923879532511288,0.382683432365087,0.));
#6962=DIRECTION('',(-0.923879532511288,-0.382683432365087,0.));
#6963=DIRECTION('',(-0.00409973516998507,-0.00989763624950244,-0.999942612837461));
#6964=DIRECTION('',(0.923853021957818,0.382672451334329,-0.00757554019078632));
#6965=DIRECTION('',(0.382683432365117,-0.923879532511276,0.));
#6966=DIRECTION('',(-0.382683432365117,0.923879532511275,0.));
#6967=DIRECTION('',(-0.00409973516998223,-0.00989763624950929,-0.999942612837461));
#6968=DIRECTION('',(-0.382672451334295,0.923853021957833,-0.00757554019078627));
#6969=DIRECTION('',(0.92387953251129,0.382683432365083,0.));
#6970=DIRECTION('',(-0.92387953251129,-0.382683432365083,0.));
#6971=DIRECTION('',(0.00989763624950726,-0.00409973516998332,-0.999942612837461));
#6972=DIRECTION('',(-0.923853021957817,-0.382672451334332,-0.00757554019078367));
#6973=DIRECTION('',(-0.38268343236512,0.923879532511274,0.));
#6974=DIRECTION('',(0.38268343236512,-0.923879532511274,0.));
#6975=DIRECTION('',(0.,0.,1.));
#6976=DIRECTION('',(-0.00174532836587588,0.999998476913288,0.));
#6977=DIRECTION('',(0.923879532511296,0.382683432365069,0.));
#6978=DIRECTION('',(0.382683432365069,-0.923879532511296,0.));
#6979=DIRECTION('',(-0.923879532511296,-0.382683432365069,0.));
#6980=DIRECTION('',(-0.923879532511296,-0.382683432365069,0.));
#6981=DIRECTION('',(0.,0.,1.));
#6982=DIRECTION('',(-0.00174532836587588,0.999998476913288,0.));
#6983=DIRECTION('',(-0.923879532511296,-0.382683432365069,0.));
#6984=DIRECTION('',(-0.270598050073083,0.65328148243819,0.707106781186552));
#6985=DIRECTION('',(-0.923879532511295,-0.38268343236507,2.4980018054066E-16));
#6986=DIRECTION('',(0.,0.707106781186547,-0.707106781186548));
#6987=DIRECTION('',(1.,0.,0.));
#6988=DIRECTION('',(0.,0.,-1.));
#6989=DIRECTION('',(-1.,0.,0.));
#6990=DIRECTION('',(0.,0.707106781186547,-0.707106781186548));
#6991=DIRECTION('',(1.,0.,0.));
#6992=DIRECTION('',(0.,0.,-1.));
#6993=DIRECTION('',(-1.,0.,0.));
#6994=DIRECTION('',(0.,0.,-1.));
#6995=DIRECTION('',(0.,0.,-1.));
#6996=DIRECTION('',(-1.,0.,0.));
#6997=DIRECTION('',(0.,0.,-1.));
#6998=DIRECTION('',(-1.,0.,0.));
#6999=DIRECTION('',(0.,0.,-1.));
#7000=DIRECTION('',(0.,0.,-1.));
#7001=DIRECTION('',(-1.,0.,0.));
#7002=CARTESIAN_POINT('',(0.,0.,0.));
#7003=CARTESIAN_POINT('',(17.9999999999996,-98.,0.));
#7004=CARTESIAN_POINT('',(17.9999999999996,-102.,0.));
#7005=CARTESIAN_POINT('',(18.0453831688129,-102.,-2.6));
#7006=CARTESIAN_POINT('',(17.9999999999996,-102.,0.));
#7007=CARTESIAN_POINT('',(17.9999999999996,-98.,0.));
#7008=CARTESIAN_POINT('',(18.0000000000006,-98.,0.));
#7009=CARTESIAN_POINT('',(18.0000000000006,-98.,0.));
#7010=CARTESIAN_POINT('',(18.0453831688139,-98.,-2.6));
#7011=CARTESIAN_POINT('',(18.0453831688132,-4.69556247239054E-14,-2.6));
#7012=CARTESIAN_POINT('',(-18.0000000000005,-102.,0.));
#7013=CARTESIAN_POINT('',(-18.0000000000004,-98.,-8.71524522232204E-15));
#7014=CARTESIAN_POINT('',(-18.0453831688138,-98.,-2.6));
#7015=CARTESIAN_POINT('',(-18.0000000000009,-98.,0.));
#7016=CARTESIAN_POINT('',(-18.0000000000005,-102.,0.));
#7017=CARTESIAN_POINT('',(-18.0000000000014,-102.,0.));
#7018=CARTESIAN_POINT('',(-18.0000000000014,-102.,0.));
#7019=CARTESIAN_POINT('',(-18.0453831688148,-102.,-2.6));
#7020=CARTESIAN_POINT('',(-18.0453831688136,4.69556247239064E-14,-2.6));
#7021=CARTESIAN_POINT('',(-4.49418280368263E-13,-102.,0.));
#7022=CARTESIAN_POINT('',(-4.49418280368263E-13,-102.,0.));
#7023=CARTESIAN_POINT('',(-4.49418280368263E-13,-102.,-2.6));
#7024=CARTESIAN_POINT('',(-4.37871960912162E-13,-98.,0.));
#7025=CARTESIAN_POINT('',(-4.37871960912162E-13,-98.,0.));
#7026=CARTESIAN_POINT('',(-4.37871960912162E-13,-98.,-2.6));
#7027=CARTESIAN_POINT('',(0.,0.,0.));
#7028=CARTESIAN_POINT('',(55.7248422640629,131.74799601757,0.));
#7029=CARTESIAN_POINT('',(55.0468519183642,132.064868711367,-1.33615311526303E-16));
#7030=CARTESIAN_POINT('',(66.0057821723467,126.942987887041,-1.94570250865336E-16));
#7031=CARTESIAN_POINT('',(55.0468519183642,132.064868711367,-1.33615311526303E-16));
#7032=CARTESIAN_POINT('',(55.3347243396091,132.684606220711,-1.33615311526303E-16));
#7033=CARTESIAN_POINT('',(55.624258208258,133.303569937913,-1.10678969684211E-16));
#7034=CARTESIAN_POINT('',(55.9133767426817,133.922726978027,-1.10678969684211E-16));
#7035=CARTESIAN_POINT('',(55.9133767426818,133.922726978027,-1.17455233262246E-16));
#7036=CARTESIAN_POINT('',(56.2757521978737,133.753363376641,0.));
#7037=CARTESIAN_POINT('',(56.6381276530656,133.583999775255,0.));
#7038=CARTESIAN_POINT('',(56.4581788265929,133.198975854114,0.));
#7039=CARTESIAN_POINT('',(56.2994004502934,132.859248864871,0.));
#7040=CARTESIAN_POINT('',(58.4963016473943,131.832482031468,0.));
#7041=CARTESIAN_POINT('',(60.6932028444951,130.805715198065,0.));
#7042=CARTESIAN_POINT('',(60.8519812207946,131.145442187307,0.));
#7043=CARTESIAN_POINT('',(61.0319300472673,131.530466108449,0.));
#7044=CARTESIAN_POINT('',(61.3943055024592,131.361102507063,0.));
#7045=CARTESIAN_POINT('',(61.7566809576511,131.191738905677,0.));
#7046=CARTESIAN_POINT('',(61.5767321311784,130.806714984535,0.));
#7047=CARTESIAN_POINT('',(61.4179537548789,130.466987995293,0.));
#7048=CARTESIAN_POINT('',(63.6148549519798,129.44022116189,0.));
#7049=CARTESIAN_POINT('',(65.8117561490806,128.413454328486,0.));
#7050=CARTESIAN_POINT('',(65.9705345253801,128.753181317729,0.));
#7051=CARTESIAN_POINT('',(66.1504833518528,129.13820523887,0.));
#7052=CARTESIAN_POINT('',(66.5128588070447,128.968841637484,0.));
#7053=CARTESIAN_POINT('',(66.8752342622366,128.799478036098,0.));
#7054=CARTESIAN_POINT('',(66.8752342622366,128.799478036098,3.3881317890172E-17));
#7055=CARTESIAN_POINT('',(66.5856935232499,128.180518291475,3.3881317890172E-17));
#7056=CARTESIAN_POINT('',(66.2965676285701,127.561364174424,-1.94570250865336E-16));
#7057=CARTESIAN_POINT('',(66.0057821723468,126.942987887041,-1.94570250865336E-16));
#7058=CARTESIAN_POINT('',(-55.7248422640629,131.74799601757,0.));
#7059=CARTESIAN_POINT('',(-66.0057821723467,126.942987887041,-1.94570250865336E-16));
#7060=CARTESIAN_POINT('',(-55.0468519183642,132.064868711367,-1.33615311526303E-16));
#7061=CARTESIAN_POINT('',(-66.8752342622366,128.799478036098,3.3881317890172E-17));
#7062=CARTESIAN_POINT('',(-66.5856935232499,128.180518291475,3.3881317890172E-17));
#7063=CARTESIAN_POINT('',(-66.2965676285701,127.561364174424,-1.94570250865336E-16));
#7064=CARTESIAN_POINT('',(-66.0057821723468,126.942987887041,-1.94570250865336E-16));
#7065=CARTESIAN_POINT('',(-66.8752342622366,128.799478036098,3.3881317890172E-17));
#7066=CARTESIAN_POINT('',(-66.5128588070447,128.968841637484,0.));
#7067=CARTESIAN_POINT('',(-66.1504833518528,129.13820523887,0.));
#7068=CARTESIAN_POINT('',(-65.9705345253801,128.753181317729,0.));
#7069=CARTESIAN_POINT('',(-65.8117561490806,128.413454328486,0.));
#7070=CARTESIAN_POINT('',(-63.6148549519798,129.44022116189,0.));
#7071=CARTESIAN_POINT('',(-61.4179537548789,130.466987995293,0.));
#7072=CARTESIAN_POINT('',(-61.5767321311784,130.806714984535,0.));
#7073=CARTESIAN_POINT('',(-61.7566809576511,131.191738905677,0.));
#7074=CARTESIAN_POINT('',(-61.3943055024592,131.361102507063,0.));
#7075=CARTESIAN_POINT('',(-61.0319300472673,131.530466108449,0.));
#7076=CARTESIAN_POINT('',(-60.8519812207946,131.145442187307,0.));
#7077=CARTESIAN_POINT('',(-60.6932028444951,130.805715198065,0.));
#7078=CARTESIAN_POINT('',(-58.4963016473943,131.832482031468,0.));
#7079=CARTESIAN_POINT('',(-56.2994004502934,132.859248864871,0.));
#7080=CARTESIAN_POINT('',(-56.4581788265929,133.198975854114,0.));
#7081=CARTESIAN_POINT('',(-56.6381276530656,133.583999775255,0.));
#7082=CARTESIAN_POINT('',(-56.2757521978737,133.753363376641,0.));
#7083=CARTESIAN_POINT('',(-55.9133767426818,133.922726978027,-1.17455233262246E-16));
#7084=CARTESIAN_POINT('',(-55.0468519183642,132.064868711367,-1.33615311526303E-16));
#7085=CARTESIAN_POINT('',(-55.3347243396091,132.684606220711,-1.33615311526303E-16));
#7086=CARTESIAN_POINT('',(-55.624258208258,133.303569937913,-1.10678969684211E-16));
#7087=CARTESIAN_POINT('',(-55.9133767426817,133.922726978027,-1.10678969684211E-16));
#7088=CARTESIAN_POINT('',(-90.,-45.1,0.));
#7089=CARTESIAN_POINT('',(-85.9,-45.1,0.));
#7090=CARTESIAN_POINT('',(100.402006725076,-90.9927856787457,0.));
#7091=CARTESIAN_POINT('',(54.3714944426627,-49.9017093101192,0.));
#7092=CARTESIAN_POINT('',(100.402006725076,-90.9927856787457,2.50000005254371E-6));
#7093=CARTESIAN_POINT('',(0.,0.,0.));
#7094=CARTESIAN_POINT('',(10.677752885447,-73.023459198517,0.));
#7095=CARTESIAN_POINT('',(10.677752885447,-73.023459198517,0.));
#7096=CARTESIAN_POINT('',(11.6815563846897,-79.9503119021029,0.));
#7097=CARTESIAN_POINT('',(4.38760139331862E-13,-98.,0.));
#7098=CARTESIAN_POINT('',(10.5739612817137,-79.2799213993939,0.));
#7099=CARTESIAN_POINT('',(10.5739612817137,-79.2799213993939,0.));
#7100=CARTESIAN_POINT('',(9.68730261768771,-73.1614390782022,0.));
#7101=CARTESIAN_POINT('',(0.,0.,0.));
#7102=CARTESIAN_POINT('',(1.29999999999972,-73.7885492471572,0.));
#7103=CARTESIAN_POINT('',(1.29999999999971,-78.5433815887695,0.));
#7104=CARTESIAN_POINT('',(1.29999999992537,-78.5433815887695,0.));
#7105=CARTESIAN_POINT('',(-4.38760139331862E-13,-98.,0.));
#7106=CARTESIAN_POINT('',(19.4999999999996,-98.,0.));
#7107=CARTESIAN_POINT('',(19.4999999999996,-102.,0.));
#7108=CARTESIAN_POINT('',(19.5000000000005,-102.,0.));
#7109=CARTESIAN_POINT('',(-4.49418280368263E-13,-102.,0.));
#7110=CARTESIAN_POINT('',(0.749999999999546,-121.485571585151,0.));
#7111=CARTESIAN_POINT('',(0.749999999999494,-135.497924338347,0.));
#7112=CARTESIAN_POINT('',(0.749999999999422,-135.497924338347,0.));
#7113=CARTESIAN_POINT('',(0.,0.,0.));
#7114=CARTESIAN_POINT('',(0.,-135.500000000001,-2.90566182226115E-14));
#7115=CARTESIAN_POINT('',(0.,0.,0.));
#7116=CARTESIAN_POINT('',(-0.750000000000506,-135.497924338347,0.));
#7117=CARTESIAN_POINT('',(-0.750000000000454,-121.485571585151,0.));
#7118=CARTESIAN_POINT('',(-0.750000000029965,-121.48557158515,0.));
#7119=CARTESIAN_POINT('',(-4.49418280368263E-13,-102.,0.));
#7120=CARTESIAN_POINT('',(-19.5000000000004,-102.,0.));
#7121=CARTESIAN_POINT('',(-19.5000000000004,-98.,0.));
#7122=CARTESIAN_POINT('',(-19.5000000000004,-98.,0.));
#7123=CARTESIAN_POINT('',(-4.38760139331862E-13,-98.,0.));
#7124=CARTESIAN_POINT('',(-1.30000000000029,-78.5433815887745,0.));
#7125=CARTESIAN_POINT('',(-1.30000000000028,-73.7885492471572,0.));
#7126=CARTESIAN_POINT('',(-1.30000000000029,-73.7885492471572,0.));
#7127=CARTESIAN_POINT('',(0.,0.,0.));
#7128=CARTESIAN_POINT('',(-9.68730261768771,-73.1614390782022,0.));
#7129=CARTESIAN_POINT('',(-10.5739612817137,-79.2799213993939,0.));
#7130=CARTESIAN_POINT('',(-10.5739612817137,-79.2799213993939,0.));
#7131=CARTESIAN_POINT('',(-4.38760139331862E-13,-98.,0.));
#7132=CARTESIAN_POINT('',(-11.6815563846897,-79.9503119021029,0.));
#7133=CARTESIAN_POINT('',(-10.677752885447,-73.023459198517,0.));
#7134=CARTESIAN_POINT('',(-10.677752885447,-73.023459198517,0.));
#7135=CARTESIAN_POINT('',(0.,0.,0.));
#7136=CARTESIAN_POINT('',(-54.3714944426627,-49.9017093101192,0.));
#7137=CARTESIAN_POINT('',(-100.402006725076,-90.9927856787457,0.));
#7138=CARTESIAN_POINT('',(-100.402006725076,-90.9927856787456,2.26170727753855E-5));
#7139=CARTESIAN_POINT('',(0.,0.,0.));
#7140=CARTESIAN_POINT('',(-101.070806272923,-90.2493330686805,0.));
#7141=CARTESIAN_POINT('',(-55.0426787904341,-49.1603855921945,0.));
#7142=CARTESIAN_POINT('',(-55.0426787904341,-49.1603855921945,0.));
#7143=CARTESIAN_POINT('',(0.,0.,0.));
#7144=CARTESIAN_POINT('',(-73.7971374783613,-0.65,0.));
#7145=CARTESIAN_POINT('',(-135.498440950441,-0.65,0.));
#7146=CARTESIAN_POINT('',(-135.498440950441,-0.649999999999877,0.));
#7147=CARTESIAN_POINT('',(0.,0.,0.));
#7148=CARTESIAN_POINT('',(-135.498440950441,0.649999999998827,0.));
#7149=CARTESIAN_POINT('',(-73.7971374783612,0.65,0.));
#7150=CARTESIAN_POINT('',(-73.7971374783612,0.649999999999949,0.));
#7151=CARTESIAN_POINT('',(0.,0.,0.));
#7152=CARTESIAN_POINT('',(-0.649999999999914,73.7971374783612,0.));
#7153=CARTESIAN_POINT('',(-0.649999999999827,147.698569729027,0.));
#7154=CARTESIAN_POINT('',(-0.649999999999827,147.698569729027,1.61326075382665E-5));
#7155=CARTESIAN_POINT('',(0.,0.,0.));
#7156=CARTESIAN_POINT('',(-146.086971888436,21.7689376053963,0.));
#7157=CARTESIAN_POINT('',(-146.630965351798,21.85,0.));
#7158=CARTESIAN_POINT('',(-146.630965351798,21.3,0.));
#7159=CARTESIAN_POINT('',(-146.630965351798,21.85,0.));
#7160=CARTESIAN_POINT('',(-147.174958815161,21.9310623946037,0.));
#7161=CARTESIAN_POINT('',(0.,0.,0.));
#7162=CARTESIAN_POINT('',(147.174958815161,21.9310623946037,0.));
#7163=CARTESIAN_POINT('',(146.630965351798,21.85,0.));
#7164=CARTESIAN_POINT('',(146.630965351798,21.3,0.));
#7165=CARTESIAN_POINT('',(146.630965351798,21.85,0.));
#7166=CARTESIAN_POINT('',(146.086971888436,21.7689376053963,0.));
#7167=CARTESIAN_POINT('',(0.,0.,0.));
#7168=CARTESIAN_POINT('',(0.650000000000173,147.698569729027,1.61326075380497E-5));
#7169=CARTESIAN_POINT('',(0.650000000000086,73.7971374783612,0.));
#7170=CARTESIAN_POINT('',(0.650000000000086,73.7971374783612,0.));
#7171=CARTESIAN_POINT('',(0.,0.,0.));
#7172=CARTESIAN_POINT('',(73.7971374783612,0.65000000000006,0.));
#7173=CARTESIAN_POINT('',(135.498440950441,0.65,0.));
#7174=CARTESIAN_POINT('',(135.498440950441,0.650000000000014,0.));
#7175=CARTESIAN_POINT('',(0.,0.,0.));
#7176=CARTESIAN_POINT('',(135.498440950441,-0.65,0.));
#7177=CARTESIAN_POINT('',(73.7971374783612,-0.65,0.));
#7178=CARTESIAN_POINT('',(73.7971374783612,-0.649999999998713,0.));
#7179=CARTESIAN_POINT('',(0.,0.,0.));
#7180=CARTESIAN_POINT('',(55.0426787904341,-49.1603855921945,0.));
#7181=CARTESIAN_POINT('',(55.0426787904341,-49.1603855921945,0.));
#7182=CARTESIAN_POINT('',(101.070806272923,-90.2493330686805,0.));
#7183=CARTESIAN_POINT('',(0.,0.,0.));
#7184=CARTESIAN_POINT('',(-144.254116059126,19.,0.));
#7185=CARTESIAN_POINT('',(-144.254116059126,19.,0.));
#7186=CARTESIAN_POINT('',(-150.303858899232,19.,0.));
#7187=CARTESIAN_POINT('',(0.,0.,0.));
#7188=CARTESIAN_POINT('',(144.254116059128,19.,0.));
#7189=CARTESIAN_POINT('',(150.303858899232,19.,0.));
#7190=CARTESIAN_POINT('',(150.303858899232,19.0000000000001,0.));
#7191=CARTESIAN_POINT('',(0.,0.,0.));
#7192=CARTESIAN_POINT('',(-18.5364776237969,-134.226111458623,0.));
#7193=CARTESIAN_POINT('',(-18.536477623797,-134.226111458623,0.));
#7194=CARTESIAN_POINT('',(-15.9548792032999,-116.41151725559,0.));
#7195=CARTESIAN_POINT('',(0.,0.,0.));
#7196=CARTESIAN_POINT('',(-19.5265691184006,-134.085655826657,0.));
#7197=CARTESIAN_POINT('',(-16.8179170826975,-115.394314652075,0.));
#7198=CARTESIAN_POINT('',(-16.817917082697,-115.394314652071,0.));
#7199=CARTESIAN_POINT('',(-4.50084414183039E-13,-102.,0.));
#7200=CARTESIAN_POINT('',(16.8179170826975,-115.394314652075,0.));
#7201=CARTESIAN_POINT('',(19.5265691184006,-134.085655826657,0.));
#7202=CARTESIAN_POINT('',(16.8179170827235,-115.394314652071,0.));
#7203=CARTESIAN_POINT('',(0.,0.,0.));
#7204=CARTESIAN_POINT('',(18.536477623797,-134.226111458623,0.));
#7205=CARTESIAN_POINT('',(18.5364776237969,-134.226111458623,0.));
#7206=CARTESIAN_POINT('',(15.9548792032999,-116.41151725559,0.));
#7207=CARTESIAN_POINT('',(4.50084414183039E-13,-102.,0.));
#7208=CARTESIAN_POINT('',(90.,-45.1,0.));
#7209=CARTESIAN_POINT('',(94.1,-45.1,0.));
#7210=CARTESIAN_POINT('',(-133.68346715323,48.5565969760199,5.73723632884113E-16));
#7211=CARTESIAN_POINT('',(-133.020767694679,48.2837582127868,5.73723632884113E-16));
#7212=CARTESIAN_POINT('',(-132.358635963046,48.0095412665438,-1.40895328097382E-16));
#7213=CARTESIAN_POINT('',(-131.695415869534,47.7379684748268,-1.40895328097382E-16));
#7214=CARTESIAN_POINT('',(-133.68346715323,48.5565969760199,5.73723632884113E-16));
#7215=CARTESIAN_POINT('',(-131.695415869534,47.7379684748268,-1.40895328097382E-16));
#7216=CARTESIAN_POINT('',(-133.53103900269,48.9264153894648,0.));
#7217=CARTESIAN_POINT('',(-133.37861085215,49.2962338029097,0.));
#7218=CARTESIAN_POINT('',(-133.078133391226,49.1723859305959,0.));
#7219=CARTESIAN_POINT('',(-132.823883231982,49.0675915770996,0.));
#7220=CARTESIAN_POINT('',(-131.899787569333,51.3096157086094,0.));
#7221=CARTESIAN_POINT('',(-130.975691906683,53.5516398401193,0.));
#7222=CARTESIAN_POINT('',(-131.229942065927,53.6564341936156,0.));
#7223=CARTESIAN_POINT('',(-131.530419526851,53.7802820659295,0.));
#7224=CARTESIAN_POINT('',(-131.377991376311,54.1501004793744,0.));
#7225=CARTESIAN_POINT('',(-131.22556322577,54.5199188928193,0.));
#7226=CARTESIAN_POINT('',(-130.925085764847,54.3960710205055,0.));
#7227=CARTESIAN_POINT('',(-130.670835605603,54.2912766670092,0.));
#7228=CARTESIAN_POINT('',(-129.746739942954,56.5333007985191,0.));
#7229=CARTESIAN_POINT('',(-128.822644280304,58.7753249300289,0.));
#7230=CARTESIAN_POINT('',(-129.076894439548,58.8801192835252,0.));
#7231=CARTESIAN_POINT('',(-129.377371900472,59.0039671558391,0.));
#7232=CARTESIAN_POINT('',(-129.224943749932,59.373785569284,0.));
#7233=CARTESIAN_POINT('',(-129.072515599391,59.7436039827289,2.38298598313511E-16));
#7234=CARTESIAN_POINT('',(-127.085018938555,58.9236298656159,3.01869638383877E-16));
#7235=CARTESIAN_POINT('',(-127.746979420924,59.1982570909971,3.01869638383877E-16));
#7236=CARTESIAN_POINT('',(-128.410031912496,59.4702416682242,2.17969807579407E-16));
#7237=CARTESIAN_POINT('',(-129.072515599391,59.7436039827289,2.17969807579407E-16));
#7238=CARTESIAN_POINT('',(-127.085018938555,58.9236298656159,3.01869638383877E-16));
#7239=CARTESIAN_POINT('',(-129.390217404044,53.3307991702213,0.));
#7240=CARTESIAN_POINT('',(133.078133391226,49.1723859305959,0.));
#7241=CARTESIAN_POINT('',(133.37861085215,49.2962338029097,0.));
#7242=CARTESIAN_POINT('',(132.823883231982,49.0675915770996,0.));
#7243=CARTESIAN_POINT('',(133.53103900269,48.9264153894648,0.));
#7244=CARTESIAN_POINT('',(133.68346715323,48.5565969760199,5.73723632884113E-16));
#7245=CARTESIAN_POINT('',(133.68346715323,48.5565969760199,5.73723632884113E-16));
#7246=CARTESIAN_POINT('',(133.020767694679,48.2837582127868,5.73723632884113E-16));
#7247=CARTESIAN_POINT('',(132.358635963046,48.0095412665438,-1.40895328097382E-16));
#7248=CARTESIAN_POINT('',(131.695415869534,47.7379684748268,-1.40895328097382E-16));
#7249=CARTESIAN_POINT('',(131.695415869534,47.7379684748268,-1.40895328097382E-16));
#7250=CARTESIAN_POINT('',(129.390217404044,53.3307991702213,0.));
#7251=CARTESIAN_POINT('',(127.085018938555,58.9236298656159,3.01869638383877E-16));
#7252=CARTESIAN_POINT('',(127.085018938555,58.9236298656159,3.01869638383877E-16));
#7253=CARTESIAN_POINT('',(127.746979420924,59.1982570909971,3.01869638383877E-16));
#7254=CARTESIAN_POINT('',(128.410031912496,59.4702416682242,2.17969807579407E-16));
#7255=CARTESIAN_POINT('',(129.072515599391,59.7436039827289,2.17969807579407E-16));
#7256=CARTESIAN_POINT('',(129.072515599391,59.7436039827289,2.38298598313511E-16));
#7257=CARTESIAN_POINT('',(129.224943749932,59.373785569284,0.));
#7258=CARTESIAN_POINT('',(129.377371900472,59.0039671558391,0.));
#7259=CARTESIAN_POINT('',(129.076894439548,58.8801192835252,0.));
#7260=CARTESIAN_POINT('',(128.822644280304,58.7753249300289,0.));
#7261=CARTESIAN_POINT('',(129.746739942954,56.5333007985191,0.));
#7262=CARTESIAN_POINT('',(130.670835605603,54.2912766670092,0.));
#7263=CARTESIAN_POINT('',(130.925085764847,54.3960710205055,0.));
#7264=CARTESIAN_POINT('',(131.22556322577,54.5199188928193,0.));
#7265=CARTESIAN_POINT('',(131.377991376311,54.1501004793744,0.));
#7266=CARTESIAN_POINT('',(131.530419526851,53.7802820659295,0.));
#7267=CARTESIAN_POINT('',(131.229942065927,53.6564341936156,0.));
#7268=CARTESIAN_POINT('',(130.975691906683,53.5516398401193,0.));
#7269=CARTESIAN_POINT('',(131.899787569333,51.3096157086094,0.));
#7270=CARTESIAN_POINT('',(-113.215900774728,-53.4440343889481,-3.07755306259412E-16));
#7271=CARTESIAN_POINT('',(-112.553895221454,-53.1695162465254,-3.07755306259412E-16));
#7272=CARTESIAN_POINT('',(-111.891318991565,-52.8963750683255,-1.47674900397867E-16));
#7273=CARTESIAN_POINT('',(-111.229838265108,-52.6205926864274,-1.47674900397867E-16));
#7274=CARTESIAN_POINT('',(-113.215900774728,-53.4440343889481,5.73723632884113E-16));
#7275=CARTESIAN_POINT('',(-111.229838265108,-52.6205926864274,-1.40895328097382E-16));
#7276=CARTESIAN_POINT('',(-113.368974147675,-53.0744825759436,0.));
#7277=CARTESIAN_POINT('',(-113.522047520621,-52.7049307629391,0.));
#7278=CARTESIAN_POINT('',(-113.221786672554,-52.5805586474204,0.));
#7279=CARTESIAN_POINT('',(-112.967719801114,-52.4753207035201,0.));
#7280=CARTESIAN_POINT('',(-113.895727124599,-50.2349128371802,0.));
#7281=CARTESIAN_POINT('',(-114.823734448085,-47.9945049708403,0.));
#7282=CARTESIAN_POINT('',(-115.077801319525,-48.0997429147407,0.));
#7283=CARTESIAN_POINT('',(-115.378062167591,-48.2241150302593,0.));
#7284=CARTESIAN_POINT('',(-115.531135540537,-47.8545632172548,0.));
#7285=CARTESIAN_POINT('',(-115.684208913483,-47.4850114042503,0.));
#7286=CARTESIAN_POINT('',(-115.383948065417,-47.3606392887317,0.));
#7287=CARTESIAN_POINT('',(-115.129881193977,-47.2554013448313,0.));
#7288=CARTESIAN_POINT('',(-116.057888517462,-45.0149934784914,0.));
#7289=CARTESIAN_POINT('',(-116.985895840947,-42.7745856121515,0.));
#7290=CARTESIAN_POINT('',(-117.239962712388,-42.8798235560519,0.));
#7291=CARTESIAN_POINT('',(-117.540223560454,-43.0041956715706,0.));
#7292=CARTESIAN_POINT('',(-117.6932969334,-42.6346438585661,0.));
#7293=CARTESIAN_POINT('',(-117.846370306346,-42.2650920455616,2.38298598313511E-16));
#7294=CARTESIAN_POINT('',(-115.859750826169,-41.4429949889122,1.50934819191938E-16));
#7295=CARTESIAN_POINT('',(-116.522495357761,-41.7157246700679,1.50934819191938E-16));
#7296=CARTESIAN_POINT('',(-117.184148032772,-41.99109706244,2.11193544001373E-16));
#7297=CARTESIAN_POINT('',(-117.846370306346,-42.2650920455616,2.11193544001373E-16));
#7298=CARTESIAN_POINT('',(-115.859750826169,-41.4429949889122,3.01869638383877E-16));
#7299=CARTESIAN_POINT('',(-113.544794545638,-47.0317938376699,0.));
#7300=CARTESIAN_POINT('',(-45.0969494450627,-124.68307884693,-3.07755306259412E-16));
#7301=CARTESIAN_POINT('',(-44.8229544692246,-124.02085659096,-3.07755306259412E-16));
#7302=CARTESIAN_POINT('',(-44.5475823033437,-123.359204466426,-1.47674900397867E-16));
#7303=CARTESIAN_POINT('',(-44.2748523884136,-122.696459366752,-1.47674900397867E-16));
#7304=CARTESIAN_POINT('',(-45.0969494450627,-124.68307884693,5.73723632884113E-16));
#7305=CARTESIAN_POINT('',(-44.2748523884136,-122.696459366752,-1.40895328097382E-16));
#7306=CARTESIAN_POINT('',(-45.4665012580672,-124.530005473984,0.));
#7307=CARTESIAN_POINT('',(-45.8360530710718,-124.376932101038,0.));
#7308=CARTESIAN_POINT('',(-45.7116809555531,-124.076671252972,0.));
#7309=CARTESIAN_POINT('',(-45.6064430116527,-123.822604381531,0.));
#7310=CARTESIAN_POINT('',(-47.8468508779926,-122.894597058046,0.));
#7311=CARTESIAN_POINT('',(-50.0872587443325,-121.96658973456,0.));
#7312=CARTESIAN_POINT('',(-50.1924966882329,-122.220656606001,0.));
#7313=CARTESIAN_POINT('',(-50.3168688037515,-122.520917454067,0.));
#7314=CARTESIAN_POINT('',(-50.686420616756,-122.367844081121,0.));
#7315=CARTESIAN_POINT('',(-51.0559724297606,-122.214770708175,0.));
#7316=CARTESIAN_POINT('',(-50.9316003142419,-121.914509860109,0.));
#7317=CARTESIAN_POINT('',(-50.8263623703416,-121.660442988668,0.));
#7318=CARTESIAN_POINT('',(-53.0667702366815,-120.732435665183,0.));
#7319=CARTESIAN_POINT('',(-55.3071781030214,-119.804428341698,0.));
#7320=CARTESIAN_POINT('',(-55.4124160469217,-120.058495213138,0.));
#7321=CARTESIAN_POINT('',(-55.5367881624404,-120.358756061204,0.));
#7322=CARTESIAN_POINT('',(-55.9063399754449,-120.205682688258,0.));
#7323=CARTESIAN_POINT('',(-56.2758917884495,-120.052609315312,2.38298598313511E-16));
#7324=CARTESIAN_POINT('',(-55.4524500859289,-118.066546805691,1.50934819191938E-16));
#7325=CARTESIAN_POINT('',(-55.7282322314359,-118.72802696515,1.50934819191938E-16));
#7326=CARTESIAN_POINT('',(-56.0013736387286,-119.390603744439,2.11193544001373E-16));
#7327=CARTESIAN_POINT('',(-56.2758917884494,-120.052609315312,2.11193544001373E-16));
#7328=CARTESIAN_POINT('',(-55.4524500859289,-118.066546805691,3.01869638383877E-16));
#7329=CARTESIAN_POINT('',(-49.8636512371712,-120.381503086222,0.));
#7330=CARTESIAN_POINT('',(113.221786672554,-52.5805586474204,0.));
#7331=CARTESIAN_POINT('',(113.522047520621,-52.7049307629391,0.));
#7332=CARTESIAN_POINT('',(112.967719801114,-52.4753207035201,0.));
#7333=CARTESIAN_POINT('',(113.368974147675,-53.0744825759436,0.));
#7334=CARTESIAN_POINT('',(113.215900774728,-53.4440343889481,5.73723632884113E-16));
#7335=CARTESIAN_POINT('',(113.215900774728,-53.4440343889481,-3.07755306259412E-16));
#7336=CARTESIAN_POINT('',(112.553895221454,-53.1695162465254,-3.07755306259412E-16));
#7337=CARTESIAN_POINT('',(111.891318991565,-52.8963750683255,-1.47674900397867E-16));
#7338=CARTESIAN_POINT('',(111.229838265108,-52.6205926864274,-1.47674900397867E-16));
#7339=CARTESIAN_POINT('',(111.229838265108,-52.6205926864274,-1.40895328097382E-16));
#7340=CARTESIAN_POINT('',(113.544794545638,-47.0317938376699,0.));
#7341=CARTESIAN_POINT('',(115.859750826169,-41.4429949889122,3.01869638383877E-16));
#7342=CARTESIAN_POINT('',(115.859750826169,-41.4429949889122,1.50934819191938E-16));
#7343=CARTESIAN_POINT('',(116.522495357761,-41.7157246700679,1.50934819191938E-16));
#7344=CARTESIAN_POINT('',(117.184148032772,-41.99109706244,2.11193544001373E-16));
#7345=CARTESIAN_POINT('',(117.846370306346,-42.2650920455616,2.11193544001373E-16));
#7346=CARTESIAN_POINT('',(117.846370306346,-42.2650920455616,2.38298598313511E-16));
#7347=CARTESIAN_POINT('',(117.6932969334,-42.6346438585661,0.));
#7348=CARTESIAN_POINT('',(117.540223560454,-43.0041956715706,0.));
#7349=CARTESIAN_POINT('',(117.239962712388,-42.8798235560519,0.));
#7350=CARTESIAN_POINT('',(116.985895840947,-42.7745856121515,0.));
#7351=CARTESIAN_POINT('',(116.057888517462,-45.0149934784914,0.));
#7352=CARTESIAN_POINT('',(115.129881193977,-47.2554013448313,0.));
#7353=CARTESIAN_POINT('',(115.383948065417,-47.3606392887317,0.));
#7354=CARTESIAN_POINT('',(115.684208913483,-47.4850114042503,0.));
#7355=CARTESIAN_POINT('',(115.531135540537,-47.8545632172548,0.));
#7356=CARTESIAN_POINT('',(115.378062167591,-48.2241150302593,0.));
#7357=CARTESIAN_POINT('',(115.077801319525,-48.0997429147407,0.));
#7358=CARTESIAN_POINT('',(114.823734448085,-47.9945049708403,0.));
#7359=CARTESIAN_POINT('',(113.895727124599,-50.2349128371802,0.));
#7360=CARTESIAN_POINT('',(45.7116809555531,-124.076671252972,0.));
#7361=CARTESIAN_POINT('',(45.8360530710718,-124.376932101038,0.));
#7362=CARTESIAN_POINT('',(45.6064430116527,-123.822604381531,0.));
#7363=CARTESIAN_POINT('',(45.4665012580672,-124.530005473984,0.));
#7364=CARTESIAN_POINT('',(45.0969494450627,-124.68307884693,5.73723632884113E-16));
#7365=CARTESIAN_POINT('',(45.0969494450627,-124.68307884693,-3.07755306259412E-16));
#7366=CARTESIAN_POINT('',(44.8229544692246,-124.02085659096,-3.07755306259412E-16));
#7367=CARTESIAN_POINT('',(44.5475823033437,-123.359204466426,-1.47674900397867E-16));
#7368=CARTESIAN_POINT('',(44.2748523884136,-122.696459366752,-1.47674900397867E-16));
#7369=CARTESIAN_POINT('',(44.2748523884136,-122.696459366752,-1.40895328097382E-16));
#7370=CARTESIAN_POINT('',(49.8636512371712,-120.381503086222,0.));
#7371=CARTESIAN_POINT('',(55.4524500859289,-118.066546805691,3.01869638383877E-16));
#7372=CARTESIAN_POINT('',(55.4524500859289,-118.066546805691,1.50934819191938E-16));
#7373=CARTESIAN_POINT('',(55.7282322314359,-118.72802696515,1.50934819191938E-16));
#7374=CARTESIAN_POINT('',(56.0013736387286,-119.390603744439,2.11193544001373E-16));
#7375=CARTESIAN_POINT('',(56.2758917884494,-120.052609315312,2.11193544001373E-16));
#7376=CARTESIAN_POINT('',(56.2758917884495,-120.052609315312,2.38298598313511E-16));
#7377=CARTESIAN_POINT('',(55.9063399754449,-120.205682688258,0.));
#7378=CARTESIAN_POINT('',(55.5367881624404,-120.358756061204,0.));
#7379=CARTESIAN_POINT('',(55.4124160469217,-120.058495213138,0.));
#7380=CARTESIAN_POINT('',(55.3071781030214,-119.804428341698,0.));
#7381=CARTESIAN_POINT('',(53.0667702366815,-120.732435665183,0.));
#7382=CARTESIAN_POINT('',(50.8263623703416,-121.660442988668,0.));
#7383=CARTESIAN_POINT('',(50.9316003142419,-121.914509860109,0.));
#7384=CARTESIAN_POINT('',(51.0559724297606,-122.214770708175,0.));
#7385=CARTESIAN_POINT('',(50.686420616756,-122.367844081121,0.));
#7386=CARTESIAN_POINT('',(50.3168688037515,-122.520917454067,0.));
#7387=CARTESIAN_POINT('',(50.1924966882329,-122.220656606001,0.));
#7388=CARTESIAN_POINT('',(50.0872587443325,-121.96658973456,0.));
#7389=CARTESIAN_POINT('',(47.8468508779926,-122.894597058046,0.));
#7390=CARTESIAN_POINT('',(0.,0.,0.));
#7391=CARTESIAN_POINT('',(0.,0.,0.));
#7392=CARTESIAN_POINT('',(39.250000000001,0.,0.));
#7393=CARTESIAN_POINT('',(0.,0.,0.));
#7394=CARTESIAN_POINT('',(72.500000000001,8.87868929381843E-15,0.));
#7395=CARTESIAN_POINT('',(-61.050000000001,-4.99999999999986,0.));
#7396=CARTESIAN_POINT('',(-62.000000000001,-4.99999999999986,0.));
#7397=CARTESIAN_POINT('',(-60.100000000001,-4.99999999999986,0.));
#7398=CARTESIAN_POINT('',(-62.000000000001,-4.52500314901107,0.));
#7399=CARTESIAN_POINT('',(-62.000000000001,-4.09999999999986,0.));
#7400=CARTESIAN_POINT('',(-61.650000000001,-4.09999999999986,0.));
#7401=CARTESIAN_POINT('',(-61.350000000001,-4.09999999999986,0.));
#7402=CARTESIAN_POINT('',(-61.350000000001,-2.25000314901107,0.));
#7403=CARTESIAN_POINT('',(-61.350000000001,-0.449999999999856,0.));
#7404=CARTESIAN_POINT('',(-61.650000000001,-0.449999999999856,0.));
#7405=CARTESIAN_POINT('',(-62.000000000001,-0.449999999999855,0.));
#7406=CARTESIAN_POINT('',(-62.000000000001,0.0249968509889348,0.));
#7407=CARTESIAN_POINT('',(-62.000000000001,0.450000000000146,0.));
#7408=CARTESIAN_POINT('',(-61.650000000001,0.450000000000145,0.));
#7409=CARTESIAN_POINT('',(-61.350000000001,0.450000000000144,0.));
#7410=CARTESIAN_POINT('',(-61.350000000001,2.29999685098893,0.));
#7411=CARTESIAN_POINT('',(-61.350000000001,4.10000000000014,0.));
#7412=CARTESIAN_POINT('',(-61.650000000001,4.10000000000015,0.));
#7413=CARTESIAN_POINT('',(-62.000000000001,4.10000000000015,0.));
#7414=CARTESIAN_POINT('',(-62.000000000001,4.57499685098894,0.));
#7415=CARTESIAN_POINT('',(-62.000000000001,5.00000000000014,0.));
#7416=CARTESIAN_POINT('',(-61.050000000001,5.00000000000014,0.));
#7417=CARTESIAN_POINT('',(-60.100000000001,5.00000000000014,0.));
#7418=CARTESIAN_POINT('',(-60.100000000001,-4.94999999999986,0.));
#7419=CARTESIAN_POINT('',(4.99999999999978,-62.000000000001,-4.51750487132397E-18));
#7420=CARTESIAN_POINT('',(4.99984423521183,-61.366666454073,-4.51750487132397E-18));
#7421=CARTESIAN_POINT('',(5.0002714592959,-60.733332619527,-4.08326128858226E-16));
#7422=CARTESIAN_POINT('',(4.99902739528661,-60.100000000001,-4.08326128858226E-16));
#7423=CARTESIAN_POINT('',(4.99999999999978,-62.000000000001,-4.51750487132397E-18));
#7424=CARTESIAN_POINT('',(4.99902739528661,-60.100000000001,-4.15100738075036E-16));
#7425=CARTESIAN_POINT('',(4.52500177141613,-62.000000000001,0.));
#7426=CARTESIAN_POINT('',(4.09999999999978,-62.000000000001,0.));
#7427=CARTESIAN_POINT('',(4.09999999999978,-61.650000000001,0.));
#7428=CARTESIAN_POINT('',(4.09999999999979,-61.350000000001,0.));
#7429=CARTESIAN_POINT('',(2.25000177141614,-61.350000000001,0.));
#7430=CARTESIAN_POINT('',(0.449999999999784,-61.350000000001,0.));
#7431=CARTESIAN_POINT('',(0.449999999999783,-61.650000000001,0.));
#7432=CARTESIAN_POINT('',(0.449999999999782,-62.000000000001,0.));
#7433=CARTESIAN_POINT('',(-0.0249982285838694,-62.000000000001,0.));
#7434=CARTESIAN_POINT('',(-0.450000000000218,-62.000000000001,0.));
#7435=CARTESIAN_POINT('',(-0.450000000000216,-61.650000000001,0.));
#7436=CARTESIAN_POINT('',(-0.450000000000215,-61.350000000001,0.));
#7437=CARTESIAN_POINT('',(-2.29999822858387,-61.350000000001,0.));
#7438=CARTESIAN_POINT('',(-4.10000000000022,-61.350000000001,0.));
#7439=CARTESIAN_POINT('',(-4.10000000000022,-61.650000000001,0.));
#7440=CARTESIAN_POINT('',(-4.10000000000022,-62.000000000001,0.));
#7441=CARTESIAN_POINT('',(-4.57499822858387,-62.000000000001,0.));
#7442=CARTESIAN_POINT('',(-5.00000000000022,-62.000000000001,2.64274279543342E-16));
#7443=CARTESIAN_POINT('',(-4.99902739528704,-60.100000000001,9.79762348344559E-17));
#7444=CARTESIAN_POINT('',(-5.00027145891035,-60.733332423033,9.79762348344559E-17));
#7445=CARTESIAN_POINT('',(-4.99984423522087,-61.3666664890716,2.81214938488428E-16));
#7446=CARTESIAN_POINT('',(-5.00000000000022,-62.000000000001,2.81214938488428E-16));
#7447=CARTESIAN_POINT('',(-4.99902739528704,-60.100000000001,9.79762348344559E-17));
#7448=CARTESIAN_POINT('',(4.94999999999979,-60.100000000001,0.));
#7449=CARTESIAN_POINT('',(62.000000000001,4.99999999999971,-4.11093319553388E-16));
#7450=CARTESIAN_POINT('',(61.366666454073,4.99984423521175,-4.11093319553388E-16));
#7451=CARTESIAN_POINT('',(60.733332619527,5.00027145929583,-4.35432837531589E-16));
#7452=CARTESIAN_POINT('',(60.100000000001,4.99902739528655,-4.35432837531589E-16));
#7453=CARTESIAN_POINT('',(62.000000000001,4.99999999999971,-4.11093319553388E-16));
#7454=CARTESIAN_POINT('',(60.100000000001,4.99902739528655,4.43213298373263E-16));
#7455=CARTESIAN_POINT('',(62.000000000001,4.52500177141614,0.));
#7456=CARTESIAN_POINT('',(62.000000000001,4.09999999999971,0.));
#7457=CARTESIAN_POINT('',(61.650000000001,4.09999999999971,0.));
#7458=CARTESIAN_POINT('',(61.350000000001,4.09999999999972,0.));
#7459=CARTESIAN_POINT('',(61.350000000001,2.25000177141614,0.));
#7460=CARTESIAN_POINT('',(61.350000000001,0.449999999999712,0.));
#7461=CARTESIAN_POINT('',(61.650000000001,0.449999999999711,0.));
#7462=CARTESIAN_POINT('',(62.000000000001,0.449999999999709,0.));
#7463=CARTESIAN_POINT('',(62.000000000001,-0.0249982285838657,0.));
#7464=CARTESIAN_POINT('',(62.000000000001,-0.45000000000029,0.));
#7465=CARTESIAN_POINT('',(61.650000000001,-0.450000000000289,0.));
#7466=CARTESIAN_POINT('',(61.350000000001,-0.450000000000288,0.));
#7467=CARTESIAN_POINT('',(61.350000000001,-2.29999822858386,0.));
#7468=CARTESIAN_POINT('',(61.350000000001,-4.10000000000029,0.));
#7469=CARTESIAN_POINT('',(61.650000000001,-4.10000000000029,0.));
#7470=CARTESIAN_POINT('',(62.000000000001,-4.10000000000029,0.));
#7471=CARTESIAN_POINT('',(62.000000000001,-4.57499822858387,0.));
#7472=CARTESIAN_POINT('',(62.000000000001,-5.00000000000029,-2.27004829864152E-16));
#7473=CARTESIAN_POINT('',(60.100000000001,-4.99902739528711,-2.74719916318661E-16));
#7474=CARTESIAN_POINT('',(60.733332423033,-5.00027145891043,-2.74719916318661E-16));
#7475=CARTESIAN_POINT('',(61.3666664890717,-4.99984423522095,-2.23616698075135E-16));
#7476=CARTESIAN_POINT('',(62.000000000001,-5.00000000000029,-2.23616698075135E-16));
#7477=CARTESIAN_POINT('',(60.100000000001,-4.99902739528711,-2.74719916318661E-16));
#7478=CARTESIAN_POINT('',(60.100000000001,4.94999999999972,0.));
#7479=CARTESIAN_POINT('',(-4.99999999999962,62.000000000001,-4.17869583131423E-16));
#7480=CARTESIAN_POINT('',(-4.99984423521161,61.366666454073,-4.17869583131423E-16));
#7481=CARTESIAN_POINT('',(-5.00027145929575,60.733332619527,-4.35431183170364E-16));
#7482=CARTESIAN_POINT('',(-4.99902739528647,60.1000000000011,-4.35431183170364E-16));
#7483=CARTESIAN_POINT('',(-4.99999999999962,62.000000000001,-4.17869583131423E-16));
#7484=CARTESIAN_POINT('',(-4.99902739528647,60.100000000001,-4.2188031037552E-16));
#7485=CARTESIAN_POINT('',(-4.52500177141605,62.000000000001,0.));
#7486=CARTESIAN_POINT('',(-4.09999999999963,62.000000000001,0.));
#7487=CARTESIAN_POINT('',(-4.09999999999963,61.650000000001,0.));
#7488=CARTESIAN_POINT('',(-4.09999999999963,61.350000000001,0.));
#7489=CARTESIAN_POINT('',(-2.25000177141606,61.350000000001,0.));
#7490=CARTESIAN_POINT('',(-0.449999999999627,61.350000000001,0.));
#7491=CARTESIAN_POINT('',(-0.449999999999625,61.650000000001,0.));
#7492=CARTESIAN_POINT('',(-0.449999999999623,62.000000000001,0.));
#7493=CARTESIAN_POINT('',(0.024998228583949,62.000000000001,0.));
#7494=CARTESIAN_POINT('',(0.450000000000377,62.000000000001,0.));
#7495=CARTESIAN_POINT('',(0.450000000000375,61.650000000001,0.));
#7496=CARTESIAN_POINT('',(0.450000000000373,61.350000000001,0.));
#7497=CARTESIAN_POINT('',(2.29999822858395,61.350000000001,0.));
#7498=CARTESIAN_POINT('',(4.10000000000037,61.350000000001,0.));
#7499=CARTESIAN_POINT('',(4.10000000000038,61.650000000001,0.));
#7500=CARTESIAN_POINT('',(4.10000000000038,62.000000000001,0.));
#7501=CARTESIAN_POINT('',(4.57499822858395,62.000000000001,0.));
#7502=CARTESIAN_POINT('',(5.00000000000038,62.000000000001,-2.06676039130049E-16));
#7503=CARTESIAN_POINT('',(4.9990273952872,60.100000000001,-2.71330130168419E-16));
#7504=CARTESIAN_POINT('',(5.00027145891051,60.733332423033,-2.71330130168419E-16));
#7505=CARTESIAN_POINT('',(4.99984423522101,61.3666664890716,-1.89735380184963E-16));
#7506=CARTESIAN_POINT('',(5.00000000000038,62.000000000001,-1.89735380184963E-16));
#7507=CARTESIAN_POINT('',(4.9990273952872,60.1000000000009,-2.71330130168419E-16));
#7508=CARTESIAN_POINT('',(-4.94999999999964,60.100000000001,0.));
#7509=CARTESIAN_POINT('',(0.,0.,2.));
#7510=CARTESIAN_POINT('',(0.,0.,3.99728719611239));
#7511=CARTESIAN_POINT('',(0.187461074329659,73.7997619125276,2.));
#7512=CARTESIAN_POINT('',(0.650000000000086,73.7971374783612,2.00007102663507));
#7513=CARTESIAN_POINT('',(0.,0.,2.));
#7514=CARTESIAN_POINT('',(0.650000000000086,73.7971374783612,2.));
#7515=CARTESIAN_POINT('',(0.650000000000086,73.7971374783612,2.00003551331753));
#7516=CARTESIAN_POINT('',(0.,0.,2.));
#7517=CARTESIAN_POINT('',(55.0426787904341,-49.1603855921945,2.));
#7518=CARTESIAN_POINT('',(55.0426956117351,-49.1603992393142,1.99999986072792));
#7519=CARTESIAN_POINT('',(73.7971374783612,-0.649999999998713,2.));
#7520=CARTESIAN_POINT('',(73.7971429598376,-0.649999951836172,2.00002622639883));
#7521=CARTESIAN_POINT('',(55.0427124631553,-49.1604142600381,2.));
#7522=CARTESIAN_POINT('',(60.9413775935906,-42.5559512049513,2.));
#7523=CARTESIAN_POINT('',(70.3397013457392,-27.1919441890476,2.));
#7524=CARTESIAN_POINT('',(73.7189580800025,-9.50805913522702,2.));
#7525=CARTESIAN_POINT('',(73.797156509224,-0.650000000190427,2.));
#7526=CARTESIAN_POINT('',(0.,0.,2.));
#7527=CARTESIAN_POINT('',(-55.0426787904341,-49.1603855921945,2.));
#7528=CARTESIAN_POINT('',(-55.0426787904341,-49.1603855921945,1.99999343191638));
#7529=CARTESIAN_POINT('',(0.,0.,2.));
#7530=CARTESIAN_POINT('',(-73.7971374783613,-0.65,2.));
#7531=CARTESIAN_POINT('',(-73.7971374783613,-0.65,2.));
#7532=CARTESIAN_POINT('',(0.,0.,2.));
#7533=CARTESIAN_POINT('',(54.3714944426627,-49.9017093101192,2.));
#7534=CARTESIAN_POINT('',(54.371507487155,-49.9017151306713,2.00001164620993));
#7535=CARTESIAN_POINT('',(10.677752885447,-73.023459198517,2.));
#7536=CARTESIAN_POINT('',(18.9961950506901,-71.8071066618495,2.));
#7537=CARTESIAN_POINT('',(35.1910416271083,-66.5120336141479,2.));
#7538=CARTESIAN_POINT('',(48.6921468873385,-56.0896449766312,2.));
#7539=CARTESIAN_POINT('',(54.371525450603,-49.9017294843896,2.));
#7540=CARTESIAN_POINT('',(10.677752885447,-73.023459198517,2.));
#7541=CARTESIAN_POINT('',(10.677752885447,-73.023459198517,2.));
#7542=CARTESIAN_POINT('',(0.,0.,2.));
#7543=CARTESIAN_POINT('',(-73.7971374783612,0.649999999999949,2.));
#7544=CARTESIAN_POINT('',(-73.7971374783612,0.649999999999949,2.));
#7545=CARTESIAN_POINT('',(0.,0.,2.));
#7546=CARTESIAN_POINT('',(-0.649999999999914,73.7971374783612,2.));
#7547=CARTESIAN_POINT('',(-0.649999999999914,73.7971374783612,2.));
#7548=CARTESIAN_POINT('',(0.,0.,2.));
#7549=CARTESIAN_POINT('',(0.,0.,2.));
#7550=CARTESIAN_POINT('',(-54.3714944426627,-49.9017093101192,2.00001130853639));
#7551=CARTESIAN_POINT('',(-10.677752885447,-73.023459198517,2.));
#7552=CARTESIAN_POINT('',(-54.3714944426627,-49.9017093101192,2.));
#7553=CARTESIAN_POINT('',(-10.677752885447,-73.023459198517,2.));
#7554=CARTESIAN_POINT('',(0.,0.,2.));
#7555=CARTESIAN_POINT('',(0.,0.,2.));
#7556=CARTESIAN_POINT('',(73.7971507648738,0.649999882856174,2.00002130089906));
#7557=CARTESIAN_POINT('',(73.7971374783612,0.65000000000006,2.));
#7558=CARTESIAN_POINT('',(0.650000000000086,73.7971374783612,2.));
#7559=CARTESIAN_POINT('',(0.,0.,0.6));
#7560=CARTESIAN_POINT('',(146.086971888436,21.7689376053963,0.6));
#7561=CARTESIAN_POINT('',(146.086971888436,21.7689376053963,0.6));
#7562=CARTESIAN_POINT('',(0.,0.,0.6));
#7563=CARTESIAN_POINT('',(-146.086971888436,21.7689376053963,0.6));
#7564=CARTESIAN_POINT('',(-146.086971888436,21.7689376053963,0.6));
#7565=CARTESIAN_POINT('',(0.,0.,3.99728719611239));
#7566=CARTESIAN_POINT('',(-0.265190871680975,147.699761928724,0.));
#7567=CARTESIAN_POINT('',(0.265190871684157,147.699761928724,1.30104260698261E-15));
#7568=CARTESIAN_POINT('',(0.088396957229113,147.699761928724,1.29981585276735E-15));
#7569=CARTESIAN_POINT('',(-0.0883969572259309,147.699761928724,1.30226936119787E-15));
#7570=CARTESIAN_POINT('',(-0.265190871680975,147.699761928724,1.30104260698261E-15));
#7571=CARTESIAN_POINT('',(0.265190871684157,147.699761928724,0.));
#7572=CARTESIAN_POINT('',(0.,0.,3.99728719611239));
#7573=CARTESIAN_POINT('',(0.,0.,2.));
#7574=CARTESIAN_POINT('',(9.68730261768771,-73.1614390782022,2.));
#7575=CARTESIAN_POINT('',(9.68730261768771,-73.1614390782022,2.));
#7576=CARTESIAN_POINT('',(0.,0.,2.));
#7577=CARTESIAN_POINT('',(1.30000049475904,-73.7885779760073,2.00016050736364));
#7578=CARTESIAN_POINT('',(1.29999999999972,-73.7885492471572,2.));
#7579=CARTESIAN_POINT('',(0.,0.,2.));
#7580=CARTESIAN_POINT('',(0.,0.,2.));
#7581=CARTESIAN_POINT('',(-9.68730261768771,-73.1614390782022,2.));
#7582=CARTESIAN_POINT('',(-1.29999959961908,-73.7885718410233,2.00016534664914));
#7583=CARTESIAN_POINT('',(-9.68730261768771,-73.1614390782022,2.));
#7584=CARTESIAN_POINT('',(-1.30000000000029,-73.7885492471572,2.));
#7585=CARTESIAN_POINT('',(0.,0.,-2.6));
#7586=CARTESIAN_POINT('',(0.,0.,-2.6));
#7587=CARTESIAN_POINT('',(151.500000000001,0.,-2.6));
#7588=CARTESIAN_POINT('',(0.,0.,-1.3));
#7589=CARTESIAN_POINT('',(-150.366219610657,18.5,-1.3));
#7590=CARTESIAN_POINT('',(150.366219610657,18.5,-1.3));
#7591=CARTESIAN_POINT('',(0.,0.,-19.8));
#7592=CARTESIAN_POINT('',(-150.303858899232,19.,-0.8));
#7593=CARTESIAN_POINT('',(-150.303858899232,19.,-1.3));
#7594=CARTESIAN_POINT('',(150.303858899232,19.0000000000001,-1.3));
#7595=CARTESIAN_POINT('',(150.303858899232,19.0000000000001,-0.8));
#7596=CARTESIAN_POINT('',(0.,0.,-19.8));
#7597=CARTESIAN_POINT('',(-4.37871960912162E-13,-98.,0.));
#7598=CARTESIAN_POINT('',(18.0000000000006,-98.,0.));
#7599=CARTESIAN_POINT('',(18.0212176640138,-98.,1.21555915721233));
#7600=CARTESIAN_POINT('',(-4.37871960912162E-13,-97.9898035129623,1.21588967543073));
#7601=CARTESIAN_POINT('',(-18.0212176640137,-98.,1.21555915721233));
#7602=CARTESIAN_POINT('',(-18.0000000000004,-98.,8.71524522232204E-15));
#7603=CARTESIAN_POINT('',(17.9999999999996,-98.,0.));
#7604=CARTESIAN_POINT('',(17.9999999999996,-102.,0.));
#7605=CARTESIAN_POINT('',(18.018954446518,-102.,1.08589951377634));
#7606=CARTESIAN_POINT('',(18.0349043623195,-73.8101935171702,1.99966957804962));
#7607=CARTESIAN_POINT('',(-4.49418280368263E-13,-102.,0.));
#7608=CARTESIAN_POINT('',(-18.0000000000014,-102.,0.));
#7609=CARTESIAN_POINT('',(-18.0189544465199,-102.,1.08589951377634));
#7610=CARTESIAN_POINT('',(-4.49418280368263E-13,-101.989804793501,1.0862299904862));
#7611=CARTESIAN_POINT('',(0.,0.,-2.6));
#7612=CARTESIAN_POINT('',(0.,0.,-2.6));
#7613=CARTESIAN_POINT('',(39.250000000001,0.,-2.6));
#7614=CARTESIAN_POINT('',(-18.0000000000005,-102.,0.));
#7615=CARTESIAN_POINT('',(-18.0349043623202,-73.8101935171701,1.99966957804962));
#7616=CARTESIAN_POINT('',(0.,0.,-2.6));
#7617=CARTESIAN_POINT('',(-144.254116059126,19.,-1.3));
#7618=CARTESIAN_POINT('',(-144.254116059126,19.,-0.8));
#7619=CARTESIAN_POINT('',(-144.254116059126,19.,-0.8));
#7620=CARTESIAN_POINT('',(-144.254116059126,19.,-1.3));
#7621=CARTESIAN_POINT('',(150.303858899232,19.,-1.3));
#7622=CARTESIAN_POINT('',(144.254116059128,19.,-1.3));
#7623=CARTESIAN_POINT('',(144.254116059128,19.,-0.8));
#7624=CARTESIAN_POINT('',(150.303858899232,19.,-0.8));
#7625=CARTESIAN_POINT('',(0.,0.,-1.3));
#7626=CARTESIAN_POINT('',(0.,0.,-0.8));
#7627=CARTESIAN_POINT('',(0.,0.,-1.3));
#7628=CARTESIAN_POINT('',(0.,18.5,-1.3));
#7629=CARTESIAN_POINT('',(144.823168036058,18.5,-1.3));
#7630=CARTESIAN_POINT('',(0.,0.,-1.3));
#7631=CARTESIAN_POINT('',(-144.823168036058,18.5,-1.3));
#7632=CARTESIAN_POINT('',(0.,18.5,-1.3));
#7633=CARTESIAN_POINT('',(0.,0.,0.6));
#7634=CARTESIAN_POINT('',(0.,0.,0.6));
#7635=CARTESIAN_POINT('',(147.174958815161,21.9310623946037,0.6));
#7636=CARTESIAN_POINT('',(-147.174958815161,21.9310623946037,0.6));
#7637=CARTESIAN_POINT('',(147.174958815161,21.9310623946037,0.6));
#7638=CARTESIAN_POINT('',(-147.174958815161,21.9310623946037,0.6));
#7639=CARTESIAN_POINT('',(0.,0.,0.6));
#7640=CARTESIAN_POINT('',(146.630965351798,21.85,0.6));
#7641=CARTESIAN_POINT('',(146.630965351798,21.3,0.6));
#7642=CARTESIAN_POINT('',(146.630965351798,21.85,0.6));
#7643=CARTESIAN_POINT('',(-146.630965351798,21.85,0.6));
#7644=CARTESIAN_POINT('',(-146.630965351798,21.3,0.6));
#7645=CARTESIAN_POINT('',(-146.630965351798,21.85,0.6));
#7646=CARTESIAN_POINT('',(0.,0.,2.));
#7647=CARTESIAN_POINT('',(0.,0.,2.));
#7648=CARTESIAN_POINT('',(72.500000000001,8.87868929381843E-15,2.));
#7649=CARTESIAN_POINT('',(0.,0.,2.));
#7650=CARTESIAN_POINT('',(0.,0.,4.39222042139394));
#7651=CARTESIAN_POINT('',(-0.750000000000506,-135.497924338347,6.72823874474891E-5));
#7652=CARTESIAN_POINT('',(-0.750000000000506,-135.497924338347,2.));
#7653=CARTESIAN_POINT('',(-19.5000000000004,-98.,2.));
#7654=CARTESIAN_POINT('',(-19.5000000000004,-102.,2.));
#7655=CARTESIAN_POINT('',(-19.5000000000004,-102.,1.08589951377634));
#7656=CARTESIAN_POINT('',(-19.5000000000004,-97.9745991093944,1.21638252481705));
#7657=CARTESIAN_POINT('',(-19.5000000000004,-98.,1.21555915721233));
#7658=CARTESIAN_POINT('',(-19.5000000000004,-98.,2.));
#7659=CARTESIAN_POINT('',(-4.49418280368263E-13,-102.,2.));
#7660=CARTESIAN_POINT('',(-0.750000000029965,-121.48557158515,2.));
#7661=CARTESIAN_POINT('',(-0.750000000029965,-121.48557158515,0.454276447807129));
#7662=CARTESIAN_POINT('',(-4.49418280368263E-13,-102.,1.08589951377634));
#7663=CARTESIAN_POINT('',(-0.750000000000454,-121.485571585151,2.));
#7664=CARTESIAN_POINT('',(-0.750000000000454,-121.435519684849,0.455898875693694));
#7665=CARTESIAN_POINT('',(0.,0.,2.));
#7666=CARTESIAN_POINT('',(0.,0.,4.39222042139394));
#7667=CARTESIAN_POINT('',(0.749999999999422,-135.497924338347,6.72823874474891E-5));
#7668=CARTESIAN_POINT('',(0.749999999999422,-135.497924338347,2.));
#7669=CARTESIAN_POINT('',(0.749999999999494,-135.497924338347,2.));
#7670=CARTESIAN_POINT('',(0.749999999999546,-121.485571585151,2.));
#7671=CARTESIAN_POINT('',(0.749999999999546,-121.485571585151,0.454276447807092));
#7672=CARTESIAN_POINT('',(0.749999999999494,-135.433164742201,0.00216645892375539));
#7673=CARTESIAN_POINT('',(-4.49418280368263E-13,-102.,2.));
#7674=CARTESIAN_POINT('',(19.5000000000005,-102.,2.));
#7675=CARTESIAN_POINT('',(19.5000000000005,-102.,1.08589951377634));
#7676=CARTESIAN_POINT('',(-4.49418280368263E-13,-102.,1.08589951377634));
#7677=CARTESIAN_POINT('',(19.4999999999996,-102.,2.));
#7678=CARTESIAN_POINT('',(19.4999999999996,-98.,2.));
#7679=CARTESIAN_POINT('',(19.4999999999996,-98.,1.21555915721233));
#7680=CARTESIAN_POINT('',(19.4999999999996,-101.970400615079,1.08685897520003));
#7681=CARTESIAN_POINT('',(-4.38760139331862E-13,-98.,2.));
#7682=CARTESIAN_POINT('',(1.29999999992537,-78.5433815887695,2.));
#7683=CARTESIAN_POINT('',(1.29999999992537,-78.5433815887695,1.84624370862987));
#7684=CARTESIAN_POINT('',(-4.38760139331862E-13,-98.,1.21555915721233));
#7685=CARTESIAN_POINT('',(1.29999999999971,-78.5433815887695,2.));
#7686=CARTESIAN_POINT('',(1.29999999999971,-78.538402823611,1.84640509485867));
#7687=CARTESIAN_POINT('',(-1.30000000000028,-73.7885492471572,2.));
#7688=CARTESIAN_POINT('',(-1.30000000000029,-78.5433815887745,2.));
#7689=CARTESIAN_POINT('',(-1.30000000000029,-78.5433815887745,1.8462437086297));
#7690=CARTESIAN_POINT('',(-1.30000000000028,-73.7885612661374,2.00037078553853));
#7691=CARTESIAN_POINT('',(-4.38760139331862E-13,-98.,2.));
#7692=CARTESIAN_POINT('',(-4.38760139331862E-13,-98.,1.21555915721233));
#7693=CARTESIAN_POINT('',(0.,-73.800000000001,2.));
#7694=CARTESIAN_POINT('',(1.29999999999971,-73.7885492471572,2.0003711751327));
#7695=CARTESIAN_POINT('',(0.433333333332857,-73.8038181022596,1.99987623655564));
#7696=CARTESIAN_POINT('',(-0.43333333333381,-73.8038181022596,1.99987623655564));
#7697=CARTESIAN_POINT('',(-1.30000000000029,-73.7885492471572,2.0003711751327));
#7698=CARTESIAN_POINT('',(0.,0.,2.));
#7699=CARTESIAN_POINT('',(-18.536477623797,-134.226111458623,2.));
#7700=CARTESIAN_POINT('',(-18.536477623797,-134.226111458623,0.0412929835130007));
#7701=CARTESIAN_POINT('',(0.,0.,4.39222042139394));
#7702=CARTESIAN_POINT('',(-19.5265691184006,-134.085655826657,0.0458458403028448));
#7703=CARTESIAN_POINT('',(-19.5265691184006,-134.085655826657,2.));
#7704=CARTESIAN_POINT('',(-18.5364776237969,-134.226111458623,2.));
#7705=CARTESIAN_POINT('',(-15.9548792032999,-116.41151725559,2.));
#7706=CARTESIAN_POINT('',(-15.9548792032999,-116.41151725559,0.618751466593515));
#7707=CARTESIAN_POINT('',(-18.5274753030095,-134.163989987507,0.0433066454616788));
#7708=CARTESIAN_POINT('',(-4.50084414183039E-13,-102.,2.));
#7709=CARTESIAN_POINT('',(-16.8179170827235,-115.394314652071,2.));
#7710=CARTESIAN_POINT('',(-16.8179170827235,-115.394314652071,0.651723998312103));
#7711=CARTESIAN_POINT('',(-4.50084414183039E-13,-102.,1.08589951377634));
#7712=CARTESIAN_POINT('',(-16.8179170826975,-115.394314652075,2.));
#7713=CARTESIAN_POINT('',(-16.8117203350599,-115.351553336579,0.653110102541998));
#7714=CARTESIAN_POINT('',(0.,-73.800000000001,2.));
#7715=CARTESIAN_POINT('',(-10.677752885447,-73.023459198517,2.));
#7716=CARTESIAN_POINT('',(-11.6815563846897,-79.9503119021029,2.));
#7717=CARTESIAN_POINT('',(-11.6815563846897,-79.9503119021029,1.80063818793835));
#7718=CARTESIAN_POINT('',(-10.5685748542916,-72.2700645940431,2.04959271980415));
#7719=CARTESIAN_POINT('',(-10.677752885447,-73.023459198517,2.02517150085848));
#7720=CARTESIAN_POINT('',(-10.677752885447,-73.023459198517,2.));
#7721=CARTESIAN_POINT('',(-4.38760139331862E-13,-98.,2.));
#7722=CARTESIAN_POINT('',(-10.5739612817137,-79.2799213993939,2.));
#7723=CARTESIAN_POINT('',(-10.5739612817137,-79.2799213993939,1.82236883632438));
#7724=CARTESIAN_POINT('',(-4.38760139331862E-13,-98.,1.21555915721233));
#7725=CARTESIAN_POINT('',(-10.5739612817137,-79.2799213993939,2.));
#7726=CARTESIAN_POINT('',(-9.68730261768771,-73.1614390782022,2.));
#7727=CARTESIAN_POINT('',(-9.68730261768771,-73.1614390782022,2.02069889535815));
#7728=CARTESIAN_POINT('',(-9.57889110039076,-72.4133338840533,2.04494865853963));
#7729=CARTESIAN_POINT('',(0.,0.,2.));
#7730=CARTESIAN_POINT('',(0.,0.,2.));
#7731=CARTESIAN_POINT('',(0.,0.,4.39222042139394));
#7732=CARTESIAN_POINT('',(0.,-73.800000000001,2.));
#7733=CARTESIAN_POINT('',(10.677752885447,-73.023459198517,2.));
#7734=CARTESIAN_POINT('',(10.677752885447,-73.023459198517,2.));
#7735=CARTESIAN_POINT('',(10.677752885447,-73.023459198517,2.02517150085848));
#7736=CARTESIAN_POINT('',(10.5685748542916,-72.2700645940431,2.04959271980415));
#7737=CARTESIAN_POINT('',(11.6815563846897,-79.9503119021029,1.80063818793835));
#7738=CARTESIAN_POINT('',(11.6815563846897,-79.9503119021029,2.));
#7739=CARTESIAN_POINT('',(4.38760139331862E-13,-98.,2.));
#7740=CARTESIAN_POINT('',(4.38760139331862E-13,-98.,1.21555915721233));
#7741=CARTESIAN_POINT('',(10.5739612817137,-79.2799213993939,1.82236883632438));
#7742=CARTESIAN_POINT('',(10.5739612817137,-79.2799213993939,2.));
#7743=CARTESIAN_POINT('',(10.5739612817137,-79.2799213993939,2.));
#7744=CARTESIAN_POINT('',(9.57889110039076,-72.4133338840533,2.04494865853963));
#7745=CARTESIAN_POINT('',(9.68730261768771,-73.1614390782022,2.02069889535815));
#7746=CARTESIAN_POINT('',(9.68730261768771,-73.1614390782022,2.));
#7747=CARTESIAN_POINT('',(0.,0.,2.));
#7748=CARTESIAN_POINT('',(0.,0.,2.));
#7749=CARTESIAN_POINT('',(0.,0.,4.39222042139394));
#7750=CARTESIAN_POINT('',(0.,-73.800000000001,2.));
#7751=CARTESIAN_POINT('',(0.,0.,2.));
#7752=CARTESIAN_POINT('',(19.5265691184006,-134.085655826657,2.));
#7753=CARTESIAN_POINT('',(19.5265691184006,-134.085655826657,0.0458458403028448));
#7754=CARTESIAN_POINT('',(0.,0.,4.39222042139394));
#7755=CARTESIAN_POINT('',(18.536477623797,-134.226111458623,0.0412929835130007));
#7756=CARTESIAN_POINT('',(18.536477623797,-134.226111458623,2.));
#7757=CARTESIAN_POINT('',(18.5364776237969,-134.226111458623,2.));
#7758=CARTESIAN_POINT('',(18.5274753030095,-134.163989987507,0.0433066454616788));
#7759=CARTESIAN_POINT('',(15.9548792032999,-116.41151725559,0.618751466593515));
#7760=CARTESIAN_POINT('',(15.9548792032999,-116.41151725559,2.));
#7761=CARTESIAN_POINT('',(4.50084414183039E-13,-102.,2.));
#7762=CARTESIAN_POINT('',(4.50084414183039E-13,-102.,1.08589951377634));
#7763=CARTESIAN_POINT('',(16.8179170827235,-115.394314652071,0.651723998312103));
#7764=CARTESIAN_POINT('',(16.8179170827235,-115.394314652071,2.));
#7765=CARTESIAN_POINT('',(16.8179170826975,-115.394314652075,2.));
#7766=CARTESIAN_POINT('',(16.8117203350599,-115.351553336579,0.653110102541998));
#7767=CARTESIAN_POINT('',(0.,-73.800000000001,2.));
#7768=CARTESIAN_POINT('',(1.2490009027033E-13,110.748807814948,1.00002582153391));
#7769=CARTESIAN_POINT('',(-0.64999999999987,110.748807814948,1.00002582153391));
#7770=CARTESIAN_POINT('',(-0.649999999999913,73.7971374783612,2.00007102663507));
#7771=CARTESIAN_POINT('',(0.,0.,3.99728719611239));
#7772=CARTESIAN_POINT('',(-0.187461074328076,73.7997619125276,2.));
#7773=CARTESIAN_POINT('',(0.,0.,2.));
#7774=CARTESIAN_POINT('',(0.650000000000129,110.748807814948,1.00002582153391));
#7775=CARTESIAN_POINT('',(-0.649999999999827,147.698569729027,2.));
#7776=CARTESIAN_POINT('',(-0.649999999999914,73.7971374783612,2.00003551331753));
#7777=CARTESIAN_POINT('',(0.650000000000086,73.7971374783612,2.));
#7778=CARTESIAN_POINT('',(0.,0.,2.));
#7779=CARTESIAN_POINT('',(0.,0.,2.));
#7780=CARTESIAN_POINT('',(0.,0.,2.));
#7781=CARTESIAN_POINT('',(0.,0.,2.));
#7782=CARTESIAN_POINT('',(-73.7990458137843,0.37528252705222,2.));
#7783=CARTESIAN_POINT('',(-73.7990458137843,0.37528252705323,2.));
#7784=CARTESIAN_POINT('',(-73.800318070298,0.125094175684338,2.));
#7785=CARTESIAN_POINT('',(-73.800318070298,-0.125094175685427,2.));
#7786=CARTESIAN_POINT('',(-73.7990458137843,-0.375282527056067,2.));
#7787=CARTESIAN_POINT('',(-73.7990458137843,-0.375282527055043,2.));
#7788=CARTESIAN_POINT('',(0.,0.,2.));
#7789=CARTESIAN_POINT('',(-55.0426787904341,-49.1603855921945,2.));
#7790=CARTESIAN_POINT('',(-54.8647165844235,-49.3596418922475,2.));
#7791=CARTESIAN_POINT('',(-54.6856776859538,-49.5579260022855,2.));
#7792=CARTESIAN_POINT('',(-54.505562095025,-49.7552379223085,2.));
#7793=CARTESIAN_POINT('',(-54.5055620950236,-49.7552379223099,2.));
#7794=CARTESIAN_POINT('',(-54.505562095025,-49.7552379223085,2.));
#7795=CARTESIAN_POINT('',(-54.4609385598122,-49.804121838274,2.));
#7796=CARTESIAN_POINT('',(-54.4162493423581,-49.8529456342109,2.));
#7797=CARTESIAN_POINT('',(-54.3714944426627,-49.9017093101193,2.));
#7798=CARTESIAN_POINT('',(54.819595565155,-49.4072716033564,2.));
#7799=CARTESIAN_POINT('',(73.797156509224,-0.650000000190403,2.));
#7800=CARTESIAN_POINT('',(73.8009825710317,-0.216596387305387,2.));
#7801=CARTESIAN_POINT('',(73.8009897362458,0.216736946022561,2.));
#7802=CARTESIAN_POINT('',(73.7971780048664,0.649999999793465,2.));
#7803=CARTESIAN_POINT('',(0.,0.,2.));
#7804=CARTESIAN_POINT('',(0.,0.,4.39213895528733));
#7805=CARTESIAN_POINT('',(-73.7971374783613,-0.65,2.00006185721583));
#7806=CARTESIAN_POINT('',(-73.7971374783613,-0.65,2.));
#7807=CARTESIAN_POINT('',(0.,0.,2.));
#7808=CARTESIAN_POINT('',(-73.7971374783612,0.649999999999949,2.));
#7809=CARTESIAN_POINT('',(-73.7971374783612,0.649999999999949,2.00006185721583));
#7810=CARTESIAN_POINT('',(0.,0.,4.39213895528733));
#7811=CARTESIAN_POINT('',(0.,0.,2.));
#7812=CARTESIAN_POINT('',(-135.498440950441,-0.649999999999877,2.));
#7813=CARTESIAN_POINT('',(-135.498440950441,-0.649999999999877,6.18572158334572E-5));
#7814=CARTESIAN_POINT('',(0.,0.,4.39213895528733));
#7815=CARTESIAN_POINT('',(-135.498440950441,0.649999999998827,6.18572158343246E-5));
#7816=CARTESIAN_POINT('',(-135.498440950441,0.649999999998827,2.));
#7817=CARTESIAN_POINT('',(-135.498440950441,-0.65,2.));
#7818=CARTESIAN_POINT('',(-135.433682543836,-0.65,0.00216095084792575));
#7819=CARTESIAN_POINT('',(-73.7971374783612,0.65,2.));
#7820=CARTESIAN_POINT('',(-73.7971394813106,0.65,2.00006179229178));
#7821=CARTESIAN_POINT('',(-104.648829490835,5.54348902853105E-14,1.00002813746032));
#7822=CARTESIAN_POINT('',(73.7971374783612,-0.65,2.));
#7823=CARTESIAN_POINT('',(135.498440950441,-0.65,2.));
#7824=CARTESIAN_POINT('',(135.498440950441,-0.65,6.18572158334572E-5));
#7825=CARTESIAN_POINT('',(104.648829490835,-0.65,1.00002813746032));
#7826=CARTESIAN_POINT('',(0.,0.,2.));
#7827=CARTESIAN_POINT('',(135.498440950441,0.650000000000014,2.));
#7828=CARTESIAN_POINT('',(135.498440950441,0.650000000000014,6.18572158343246E-5));
#7829=CARTESIAN_POINT('',(0.,0.,4.39213895528733));
#7830=CARTESIAN_POINT('',(135.498440950441,0.65,2.));
#7831=CARTESIAN_POINT('',(104.648829490835,0.65,1.00002813746032));
#7832=CARTESIAN_POINT('',(104.648829490835,3.24981397160656E-13,1.00002813746032));
#7833=CARTESIAN_POINT('',(0.,0.,2.));
#7834=CARTESIAN_POINT('',(0.,0.,4.39209297903319));
#7835=CARTESIAN_POINT('',(-101.070806272923,-90.2493330686805,9.70501385609557E-5));
#7836=CARTESIAN_POINT('',(-101.070806272923,-90.2493330686805,2.));
#7837=CARTESIAN_POINT('',(-100.402006725076,-90.9927856787457,2.));
#7838=CARTESIAN_POINT('',(-100.353698109143,-90.9496609571613,0.00214421647434272));
#7839=CARTESIAN_POINT('',(-55.0426787904341,-49.1603855921945,2.));
#7840=CARTESIAN_POINT('',(-55.042678631783,-49.1603854505679,1.99999343880968));
#7841=CARTESIAN_POINT('',(-77.7211520746268,-70.0755227252126,1.0000710674769));
#7842=CARTESIAN_POINT('',(0.,0.,2.));
#7843=CARTESIAN_POINT('',(101.070806272923,-90.2493330686805,2.));
#7844=CARTESIAN_POINT('',(101.070806272923,-90.2493330686805,9.70501385609557E-5));
#7845=CARTESIAN_POINT('',(0.,0.,4.39209297903319));
#7846=CARTESIAN_POINT('',(100.402006725076,-90.9927856787457,2.));
#7847=CARTESIAN_POINT('',(100.353698109143,-90.9496609571613,0.00214421647434272));
#7848=CARTESIAN_POINT('',(55.0426787904341,-49.1603855921945,2.));
#7849=CARTESIAN_POINT('',(55.042678631783,-49.1603854505679,1.99999343880968));
#7850=CARTESIAN_POINT('',(77.7211520746268,-70.0755227252126,1.0000710674769));
#7851=CARTESIAN_POINT('',(-90.,-45.1,0.));
#7852=CARTESIAN_POINT('',(-90.,-45.1,3.81738719632737));
#7853=CARTESIAN_POINT('',(-94.017013321819,-45.1,3.81738719632737));
#7854=CARTESIAN_POINT('',(-90.,-45.1,4.6));
#7855=CARTESIAN_POINT('',(-90.,-45.1,4.6));
#7856=CARTESIAN_POINT('',(-87.5,-45.1,4.6));
#7857=CARTESIAN_POINT('',(-90.,-45.1,0.));
#7858=CARTESIAN_POINT('',(-87.6,-45.1,0.));
#7859=CARTESIAN_POINT('',(-90.,-45.1,4.6));
#7860=CARTESIAN_POINT('',(-90.,-45.1,4.6));
#7861=CARTESIAN_POINT('',(-86.7827977092402,-45.1,4.6));
#7862=CARTESIAN_POINT('',(0.,0.,0.));
#7863=CARTESIAN_POINT('',(90.,-45.1,0.));
#7864=CARTESIAN_POINT('',(90.,-45.1,3.81738719632737));
#7865=CARTESIAN_POINT('',(85.982986678181,-45.1,3.81738719632737));
#7866=CARTESIAN_POINT('',(90.,-45.1,4.6));
#7867=CARTESIAN_POINT('',(90.,-45.1,4.6));
#7868=CARTESIAN_POINT('',(92.5,-45.1,4.6));
#7869=CARTESIAN_POINT('',(90.,-45.1,0.));
#7870=CARTESIAN_POINT('',(92.4,-45.1,0.));
#7871=CARTESIAN_POINT('',(90.,-45.1,4.6));
#7872=CARTESIAN_POINT('',(90.,-45.1,4.6));
#7873=CARTESIAN_POINT('',(93.2172022907599,-45.1,4.6));
#7874=CARTESIAN_POINT('',(0.,0.,0.));
#7875=CARTESIAN_POINT('',(-90.,-45.1,3.8));
#7876=CARTESIAN_POINT('',(90.,-45.1,3.8));
#7877=CARTESIAN_POINT('',(-61.9750031490122,-4.52500314901107,3.14960322458748));
#7878=CARTESIAN_POINT('',(-61.9749417432936,-4.97494174329246,3.15734034513163));
#7879=CARTESIAN_POINT('',(-61.950000000001,-4.94999999999985,6.3));
#7880=CARTESIAN_POINT('',(-61.950000000001,-4.52500314901107,6.3));
#7881=CARTESIAN_POINT('',(-61.950000000001,-4.14999999999986,6.3));
#7882=CARTESIAN_POINT('',(-61.9749779565259,-4.12502204347498,3.15277747786565));
#7883=CARTESIAN_POINT('',(-61.050000000001,-4.97499999999986,3.15));
#7884=CARTESIAN_POINT('',(-60.100000000001,-4.94999999999986,6.3));
#7885=CARTESIAN_POINT('',(-60.100000000001,-4.94999999999986,6.3));
#7886=CARTESIAN_POINT('',(-61.050000000001,-4.94999999999986,6.3));
#7887=CARTESIAN_POINT('',(-60.100000000001,-4.94999999999986,6.3));
#7888=CARTESIAN_POINT('',(-60.100000000001,4.97500000000014,3.15000000000001));
#7889=CARTESIAN_POINT('',(-60.100000000001,4.95000000000014,6.3));
#7890=CARTESIAN_POINT('',(-60.100000000001,-4.94999999999986,6.3));
#7891=CARTESIAN_POINT('',(-61.050000000001,4.97500000000014,3.15000000000001));
#7892=CARTESIAN_POINT('',(-61.9749779565259,4.97497795652502,3.15277747786565));
#7893=CARTESIAN_POINT('',(-61.950000000001,4.95000000000015,6.3));
#7894=CARTESIAN_POINT('',(-61.050000000001,4.95000000000015,6.3));
#7895=CARTESIAN_POINT('',(-61.9750031490122,4.57499685098894,3.14960322458748));
#7896=CARTESIAN_POINT('',(-61.9749795314282,4.12502046857301,3.15257904018139));
#7897=CARTESIAN_POINT('',(-61.950000000001,4.15000000000015,6.3));
#7898=CARTESIAN_POINT('',(-61.950000000001,4.57499685098894,6.3));
#7899=CARTESIAN_POINT('',(-61.650000000001,4.12500000000014,3.15000000000001));
#7900=CARTESIAN_POINT('',(-61.3250204685739,4.12497953142728,3.14742095981862));
#7901=CARTESIAN_POINT('',(-61.300000000001,4.15000000000014,6.3));
#7902=CARTESIAN_POINT('',(-61.650000000001,4.15000000000014,6.3));
#7903=CARTESIAN_POINT('',(-61.3249968509898,2.29999685098893,3.15039677541252));
#7904=CARTESIAN_POINT('',(-61.3251149389102,0.425114938909326,3.135517697443));
#7905=CARTESIAN_POINT('',(-61.300000000001,0.400000000000144,6.3));
#7906=CARTESIAN_POINT('',(-61.300000000001,2.29999685098893,6.3));
#7907=CARTESIAN_POINT('',(-61.650000000001,0.425000000000145,3.15000000000001));
#7908=CARTESIAN_POINT('',(-61.9749779565259,0.424977956525021,3.15277747786565));
#7909=CARTESIAN_POINT('',(-61.950000000001,0.400000000000145,6.3));
#7910=CARTESIAN_POINT('',(-61.650000000001,0.400000000000145,6.3));
#7911=CARTESIAN_POINT('',(-61.9750031490122,0.0249968509889348,3.14960322458748));
#7912=CARTESIAN_POINT('',(-61.9749795314282,-0.424979531426987,3.15257904018139));
#7913=CARTESIAN_POINT('',(-61.950000000001,-0.399999999999855,6.3));
#7914=CARTESIAN_POINT('',(-61.950000000001,0.0249968509889348,6.3));
#7915=CARTESIAN_POINT('',(-61.650000000001,-0.424999999999856,3.15000000000001));
#7916=CARTESIAN_POINT('',(-61.3250204685739,-0.425020468572725,3.14742095981862));
#7917=CARTESIAN_POINT('',(-61.300000000001,-0.399999999999856,6.3));
#7918=CARTESIAN_POINT('',(-61.650000000001,-0.399999999999856,6.3));
#7919=CARTESIAN_POINT('',(-61.3249968509898,-2.25000314901107,3.15039677541252));
#7920=CARTESIAN_POINT('',(-61.3251149389102,-4.12488506109068,3.135517697443));
#7921=CARTESIAN_POINT('',(-61.300000000001,-4.14999999999986,6.3));
#7922=CARTESIAN_POINT('',(-61.300000000001,-2.25000314901107,6.3));
#7923=CARTESIAN_POINT('',(-61.650000000001,-4.12499999999986,3.15000000000001));
#7924=CARTESIAN_POINT('',(-61.650000000001,-4.14999999999986,6.3));
#7925=CARTESIAN_POINT('',(0.,0.,6.3));
#7926=CARTESIAN_POINT('',(4.52500177141613,-61.9750017714174,4.19970240204067));
#7927=CARTESIAN_POINT('',(4.94999999999978,-61.950000000001,8.4));
#7928=CARTESIAN_POINT('',(4.96617273864198,-61.9666666839861,5.59999709050975));
#7929=CARTESIAN_POINT('',(4.98317459609973,-61.9833333389338,2.79999905928723));
#7930=CARTESIAN_POINT('',(4.99999999999978,-62.000000000001,8.67361737988404E-16));
#7931=CARTESIAN_POINT('',(4.94999999999978,-61.950000000001,8.4));
#7932=CARTESIAN_POINT('',(4.52500177141613,-61.950000000001,8.4));
#7933=CARTESIAN_POINT('',(4.14999999999963,-61.950000000001,8.4));
#7934=CARTESIAN_POINT('',(4.1250124000402,-61.9749875999605,4.20208320680209));
#7935=CARTESIAN_POINT('',(4.99646100593093,-59.2399261794758,-0.0504415785189724));
#7936=CARTESIAN_POINT('',(4.99633063282019,-59.2399205776633,-0.0336277190170106));
#7937=CARTESIAN_POINT('',(4.97449575053301,-59.2390697456718,2.78318609927169));
#7938=CARTESIAN_POINT('',(4.9536209690577,-59.2530722262443,5.61681291029129));
#7939=CARTESIAN_POINT('',(4.9479495526438,-59.2480150519025,8.43362573814304));
#7940=CARTESIAN_POINT('',(4.94791623533908,-59.247984194861,8.45043860720802));
#7941=CARTESIAN_POINT('',(5.00116582396634,-60.1460695469523,-0.0503880790151179));
#7942=CARTESIAN_POINT('',(5.00103445831603,-60.1460551143526,-0.0335750931637013));
#7943=CARTESIAN_POINT('',(4.97900519982266,-60.1437131159837,2.78309430281261));
#7944=CARTESIAN_POINT('',(4.95317115011469,-60.1542231900147,5.61690470668621));
#7945=CARTESIAN_POINT('',(4.95112758257498,-60.1508150603722,8.43357311239127));
#7946=CARTESIAN_POINT('',(4.95111622206182,-60.1507942274124,8.45038510785853));
#7947=CARTESIAN_POINT('',(5.00009804174299,-61.0838143951615,-0.0503880790150709));
#7948=CARTESIAN_POINT('',(4.99998766634969,-61.0837613413901,-0.0335750931636565));
#7949=CARTESIAN_POINT('',(4.98148862741065,-61.0748450454552,2.78309430281229));
#7950=CARTESIAN_POINT('',(4.96153491621528,-61.0610882451837,5.61690470668649));
#7951=CARTESIAN_POINT('',(4.94928069199911,-61.0532917989514,8.43357311239128));
#7952=CARTESIAN_POINT('',(4.94920781798465,-61.0532454720428,8.45038510785854));
#7953=CARTESIAN_POINT('',(5.00030557215593,-62.0116213874897,-0.0504422386799477));
#7954=CARTESIAN_POINT('',(5.00020466728557,-62.0115286529555,-0.0336283683975116));
#7955=CARTESIAN_POINT('',(4.98329916403759,-61.995970494179,2.78318723200078));
#7956=CARTESIAN_POINT('',(4.96612613846749,-61.9765201214511,5.61681177756299));
#7957=CARTESIAN_POINT('',(4.94981222775372,-61.960911529348,8.43362638752229));
#7958=CARTESIAN_POINT('',(4.94971488081239,-61.9608184974256,8.45043926736709));
#7959=CARTESIAN_POINT('',(5.00030688821272,-62.0172929506512,-0.0504425717840708));
#7960=CARTESIAN_POINT('',(5.00020604081033,-62.0171999734984,-0.0336286960620218));
#7961=CARTESIAN_POINT('',(4.98331020733957,-62.0016012087286,2.78318780355335));
#7962=CARTESIAN_POINT('',(4.96615406571653,-61.9821167195223,5.61681120601082));
#7963=CARTESIAN_POINT('',(4.94981556551386,-61.9664602425138,8.43362671518617));
#7964=CARTESIAN_POINT('',(4.94971807033875,-61.9663669242833,8.45043960047025));
#7965=CARTESIAN_POINT('',(4.9569459744205,-60.100000000001,6.3));
#7966=CARTESIAN_POINT('',(4.96669810884712,-60.100000000001,4.19997405965159));
#7967=CARTESIAN_POINT('',(4.98329730392376,-60.1000000000011,2.0999888471368));
#7968=CARTESIAN_POINT('',(4.99902739528662,-60.1000000000011,4.77097924985885E-16));
#7969=CARTESIAN_POINT('',(4.9569459744205,-60.100000000001,6.3));
#7970=CARTESIAN_POINT('',(4.9569459744205,-60.100000000001,6.3));
#7971=CARTESIAN_POINT('',(4.95617844638298,-59.8166668678194,6.3));
#7972=CARTESIAN_POINT('',(4.9554740815732,-59.5333335831023,6.3));
#7973=CARTESIAN_POINT('',(4.95489327427501,-59.250000000001,6.3));
#7974=CARTESIAN_POINT('',(4.954893274275,-59.250000000001,6.3));
#7975=CARTESIAN_POINT('',(4.95321316579774,-59.250000000001,6.7));
#7976=CARTESIAN_POINT('',(4.95374619661518,-59.250000000001,6.56666655323691));
#7977=CARTESIAN_POINT('',(4.95430673160049,-59.250000000001,6.43333322199878));
#7978=CARTESIAN_POINT('',(4.954893274275,-59.250000000001,6.3));
#7979=CARTESIAN_POINT('',(4.95321316579774,-59.250000000001,6.7));
#7980=CARTESIAN_POINT('',(4.94997604053687,-60.650000000001,8.4));
#7981=CARTESIAN_POINT('',(4.95166628966519,-60.1833339634971,7.83333409853096));
#7982=CARTESIAN_POINT('',(4.95193399751644,-59.7166665205493,7.26666648923717));
#7983=CARTESIAN_POINT('',(4.95321316579774,-59.250000000001,6.7));
#7984=CARTESIAN_POINT('',(4.94997604053687,-60.650000000001,8.4));
#7985=CARTESIAN_POINT('',(4.94999999999978,-61.950000000001,8.4));
#7986=CARTESIAN_POINT('',(4.94972980780532,-61.5166666715002,8.4));
#7987=CARTESIAN_POINT('',(4.94998610735984,-61.083333333296,8.4));
#7988=CARTESIAN_POINT('',(4.94997604053687,-60.650000000001,8.4));
#7989=CARTESIAN_POINT('',(4.94999999999979,-60.100000000001,6.3));
#7990=CARTESIAN_POINT('',(-4.95694597442095,-60.100000000001,6.3));
#7991=CARTESIAN_POINT('',(-4.96669810884757,-60.100000000001,4.19997405965159));
#7992=CARTESIAN_POINT('',(-4.98329730392418,-60.1000000000011,2.0999888471368));
#7993=CARTESIAN_POINT('',(-4.99902739528704,-60.1000000000011,9.4952062514962E-16));
#7994=CARTESIAN_POINT('',(-4.95694597442095,-60.100000000001,6.3));
#7995=CARTESIAN_POINT('',(4.94999999999979,-60.100000000001,6.3));
#7996=CARTESIAN_POINT('',(-5.00030687704067,-62.0172929403506,-0.0504407090391918));
#7997=CARTESIAN_POINT('',(-5.00020603336202,-62.0171999666215,-0.0336274542321179));
#7998=CARTESIAN_POINT('',(-4.98331020358063,-62.0016012044591,2.7831884244669));
#7999=CARTESIAN_POINT('',(-4.96615406573949,-61.982116719548,5.61681120230764));
#8000=CARTESIAN_POINT('',(-4.94981556555725,-61.966460242555,8.43362670777963));
#8001=CARTESIAN_POINT('',(-4.94971807040361,-61.966366924345,8.45043958936044));
#8002=CARTESIAN_POINT('',(-5.00030556097751,-62.0116213772161,-0.0504403759356716));
#8003=CARTESIAN_POINT('',(-5.00020465983299,-62.0115286460965,-0.0336271265680045));
#8004=CARTESIAN_POINT('',(-4.98329916027496,-61.9959704899169,2.78318785291458));
#8005=CARTESIAN_POINT('',(-4.96612613849047,-61.9765201214767,5.61681177385981));
#8006=CARTESIAN_POINT('',(-4.94981222779706,-61.9609115293891,8.43362638011575));
#8007=CARTESIAN_POINT('',(-4.94971488087716,-61.960818497487,8.45043925625728));
#8008=CARTESIAN_POINT('',(-5.00009802951533,-61.0838143892847,-0.050386216368826));
#8009=CARTESIAN_POINT('',(-4.99998765819456,-61.08376133746,-0.0335738513986512));
#8010=CARTESIAN_POINT('',(-4.98148862303906,-61.0748450424382,2.78309492376723));
#8011=CARTESIAN_POINT('',(-4.96153491624137,-61.0610882452033,5.6169047029827));
#8012=CARTESIAN_POINT('',(-4.94928069203181,-61.0532917989719,8.43357310498512));
#8013=CARTESIAN_POINT('',(-4.94920781803328,-61.0532454720733,8.45038509674931));
#8014=CARTESIAN_POINT('',(-5.00116580941328,-60.1460695453526,-0.0503862163687787));
#8015=CARTESIAN_POINT('',(-5.00103444860458,-60.1460551133193,-0.0335738513986062));
#8016=CARTESIAN_POINT('',(-4.97900519416191,-60.1437131182892,2.78309492376691));
#8017=CARTESIAN_POINT('',(-4.95317115014932,-60.1542231899994,5.61690470298298));
#8018=CARTESIAN_POINT('',(-4.95112758258072,-60.1508150603811,8.43357310498513));
#8019=CARTESIAN_POINT('',(-4.95111622206969,-60.1507942274261,8.45038509674932));
#8020=CARTESIAN_POINT('',(-4.9964609914878,-59.2399261788552,-0.0504397157758934));
#8021=CARTESIAN_POINT('',(-4.99633062319441,-59.2399205772882,-0.0336264771882909));
#8022=CARTESIAN_POINT('',(-4.97449574595932,-59.2390697487399,2.78318672018615));
#8023=CARTESIAN_POINT('',(-4.95362096908532,-59.2530722262259,5.61681290658794));
#8024=CARTESIAN_POINT('',(-4.94794955265913,-59.2480150519158,8.43362573073651));
#8025=CARTESIAN_POINT('',(-4.94791623536152,-59.2479841948814,8.45043859609822));
#8026=CARTESIAN_POINT('',(-4.95000000000022,-61.950000000001,8.4));
#8027=CARTESIAN_POINT('',(-4.96617273864259,-61.9666666839861,5.59999709050975));
#8028=CARTESIAN_POINT('',(-4.98317459610012,-61.9833333389338,2.79999905928723));
#8029=CARTESIAN_POINT('',(-5.00000000000022,-62.000000000001,1.10469267592012E-15));
#8030=CARTESIAN_POINT('',(-4.95000000000022,-61.950000000001,8.4));
#8031=CARTESIAN_POINT('',(-4.9499760405373,-60.650000000001,8.4));
#8032=CARTESIAN_POINT('',(-4.94998610736028,-61.083333333296,8.4));
#8033=CARTESIAN_POINT('',(-4.94972980780577,-61.5166666715002,8.4));
#8034=CARTESIAN_POINT('',(-4.95000000000022,-61.950000000001,8.4));
#8035=CARTESIAN_POINT('',(-4.9499760405373,-60.650000000001,8.4));
#8036=CARTESIAN_POINT('',(-4.95321316579813,-59.250000000001,6.7));
#8037=CARTESIAN_POINT('',(-4.9519339975169,-59.7166665205492,7.26666648923716));
#8038=CARTESIAN_POINT('',(-4.95166628966558,-60.1833339634971,7.83333409853094));
#8039=CARTESIAN_POINT('',(-4.9499760405373,-60.650000000001,8.4));
#8040=CARTESIAN_POINT('',(-4.95321316579813,-59.250000000001,6.7));
#8041=CARTESIAN_POINT('',(-4.95321316579813,-59.250000000001,6.7));
#8042=CARTESIAN_POINT('',(-4.95374619661557,-59.250000000001,6.56666655323691));
#8043=CARTESIAN_POINT('',(-4.95430673160089,-59.250000000001,6.43333322199878));
#8044=CARTESIAN_POINT('',(-4.9548932742754,-59.250000000001,6.30000000000001));
#8045=CARTESIAN_POINT('',(-4.9548932742754,-59.250000000001,6.3));
#8046=CARTESIAN_POINT('',(-4.9548932742754,-59.250000000001,6.3));
#8047=CARTESIAN_POINT('',(-4.95547408157364,-59.5333335831022,6.3));
#8048=CARTESIAN_POINT('',(-4.95617844638343,-59.8166668678194,6.3));
#8049=CARTESIAN_POINT('',(-4.95694597442095,-60.100000000001,6.3));
#8050=CARTESIAN_POINT('',(-4.57499822858387,-61.9750017714174,4.19970240204067));
#8051=CARTESIAN_POINT('',(-4.12501151420706,-61.9749884857942,4.20193438673562));
#8052=CARTESIAN_POINT('',(-4.15000000000037,-61.950000000001,8.4));
#8053=CARTESIAN_POINT('',(-4.57499822858387,-61.950000000001,8.4));
#8054=CARTESIAN_POINT('',(-4.12500000000029,-61.650000000001,4.19999999999999));
#8055=CARTESIAN_POINT('',(-4.12498848579353,-61.3250115142077,4.19806561326436));
#8056=CARTESIAN_POINT('',(-4.15000000000037,-61.300000000001,8.4));
#8057=CARTESIAN_POINT('',(-4.15000000000037,-61.650000000001,8.4));
#8058=CARTESIAN_POINT('',(-2.29999822858387,-61.3249982285846,4.20029759795933));
#8059=CARTESIAN_POINT('',(-0.425064656699788,-61.3250646567005,4.18913767448455));
#8060=CARTESIAN_POINT('',(-0.400000000000367,-61.300000000001,8.4));
#8061=CARTESIAN_POINT('',(-2.29999822858387,-61.300000000001,8.4));
#8062=CARTESIAN_POINT('',(-0.425000000000292,-61.650000000001,4.2));
#8063=CARTESIAN_POINT('',(-0.424987599959805,-61.9749875999605,4.20208320680208));
#8064=CARTESIAN_POINT('',(-0.400000000000369,-61.950000000001,8.4));
#8065=CARTESIAN_POINT('',(-0.400000000000368,-61.650000000001,8.4));
#8066=CARTESIAN_POINT('',(-0.0249982285838692,-61.9750017714174,4.19970240204067));
#8067=CARTESIAN_POINT('',(0.424988485792947,-61.9749884857943,4.20193438673564));
#8068=CARTESIAN_POINT('',(0.399999999999631,-61.950000000001,8.4));
#8069=CARTESIAN_POINT('',(-0.0249982285838691,-61.950000000001,8.4));
#8070=CARTESIAN_POINT('',(0.424999999999707,-61.650000000001,4.2));
#8071=CARTESIAN_POINT('',(0.425011514206468,-61.3250115142078,4.19806561326437));
#8072=CARTESIAN_POINT('',(0.399999999999633,-61.300000000001,8.4));
#8073=CARTESIAN_POINT('',(0.399999999999632,-61.650000000001,8.4));
#8074=CARTESIAN_POINT('',(2.25000177141614,-61.3249982285846,4.20029759795933));
#8075=CARTESIAN_POINT('',(4.12493534330021,-61.3250646567005,4.18913767448455));
#8076=CARTESIAN_POINT('',(4.14999999999964,-61.300000000001,8.4));
#8077=CARTESIAN_POINT('',(2.25000177141614,-61.300000000001,8.4));
#8078=CARTESIAN_POINT('',(4.12499999999971,-61.650000000001,4.20000000000001));
#8079=CARTESIAN_POINT('',(4.14999999999964,-61.650000000001,8.4));
#8080=CARTESIAN_POINT('',(0.,0.,6.3));
#8081=CARTESIAN_POINT('',(4.9499999999995,-59.250000000001,6.3));
#8082=CARTESIAN_POINT('',(4.9499999999995,-59.250000000001,8.4));
#8083=CARTESIAN_POINT('',(-4.9850440918365E-13,-59.250000000001,6.7));
#8084=CARTESIAN_POINT('',(0.,0.,8.4));
#8085=CARTESIAN_POINT('',(-5.03735384161792E-13,-60.650000000001,8.4));
#8086=CARTESIAN_POINT('',(-5.04169065030786E-13,-60.650000000001,8.4));
#8087=CARTESIAN_POINT('',(61.9750017714175,4.52500177141614,4.19970240204067));
#8088=CARTESIAN_POINT('',(61.950000000001,4.94999999999971,8.4));
#8089=CARTESIAN_POINT('',(61.9666666839861,4.96617273864207,5.59999709050975));
#8090=CARTESIAN_POINT('',(61.9833333389338,4.9831745960996,2.79999905928723));
#8091=CARTESIAN_POINT('',(62.000000000001,4.99999999999971,-3.97540792397319E-16));
#8092=CARTESIAN_POINT('',(61.950000000001,4.94999999999971,8.4));
#8093=CARTESIAN_POINT('',(61.950000000001,4.52500177141614,8.4));
#8094=CARTESIAN_POINT('',(61.950000000001,4.14999999999971,8.4));
#8095=CARTESIAN_POINT('',(61.9749875999605,4.1250124000402,4.2020832068021));
#8096=CARTESIAN_POINT('',(59.2399261794758,4.99646100593086,-0.0504415785189724));
#8097=CARTESIAN_POINT('',(59.2399205776633,4.99633063282011,-0.0336277190170106));
#8098=CARTESIAN_POINT('',(59.239069745672,4.974495750533,2.78318609927169));
#8099=CARTESIAN_POINT('',(59.2530722262441,4.95362096905756,5.61681291029129));
#8100=CARTESIAN_POINT('',(59.2480150519025,4.94794955264373,8.43362573814304));
#8101=CARTESIAN_POINT('',(59.247984194861,4.94791623533901,8.45043860720801));
#8102=CARTESIAN_POINT('',(60.1460695469522,5.00116582396631,-0.0503880790151184));
#8103=CARTESIAN_POINT('',(60.1460551143524,5.00103445831599,-0.0335750931637018));
#8104=CARTESIAN_POINT('',(60.1437131159848,4.97900519982232,2.78309430281261));
#8105=CARTESIAN_POINT('',(60.1542231900128,4.95317115011491,5.61690470668621));
#8106=CARTESIAN_POINT('',(60.1508150603727,4.9511275825749,8.43357311239127));
#8107=CARTESIAN_POINT('',(60.1507942274129,4.95111622206174,8.45038510785852));
#8108=CARTESIAN_POINT('',(61.0838143951616,5.00009804174287,-0.05038807901507));
#8109=CARTESIAN_POINT('',(61.0837613413902,4.99998766634957,-0.0335750931636556));
#8110=CARTESIAN_POINT('',(61.074845045454,4.98148862741087,2.78309430281229));
#8111=CARTESIAN_POINT('',(61.0610882451857,4.96153491621493,5.61690470668649));
#8112=CARTESIAN_POINT('',(61.0532917989508,4.94928069199906,8.43357311239128));
#8113=CARTESIAN_POINT('',(61.0532454720421,4.9492078179846,8.45038510785854));
#8114=CARTESIAN_POINT('',(62.0116213874896,5.00030557215586,-0.0504422386799481));
#8115=CARTESIAN_POINT('',(62.0115286529553,5.0002046672855,-0.0336283683975121));
#8116=CARTESIAN_POINT('',(61.9959704941787,4.98329916403746,2.78318723200078));
#8117=CARTESIAN_POINT('',(61.976520121451,4.96612613846748,5.61681177756299));
#8118=CARTESIAN_POINT('',(61.9609115293479,4.94981222775365,8.43362638752229));
#8119=CARTESIAN_POINT('',(61.9608184974254,4.94971488081232,8.45043926736709));
#8120=CARTESIAN_POINT('',(62.017292950651,5.00030688821266,-0.0504425717840713));
#8121=CARTESIAN_POINT('',(62.0171999734982,5.00020604081026,-0.0336286960620222));
#8122=CARTESIAN_POINT('',(62.0016012087282,4.98331020733943,2.78318780355335));
#8123=CARTESIAN_POINT('',(61.9821167195221,4.96615406571652,5.61681120601081));
#8124=CARTESIAN_POINT('',(61.9664602425136,4.94981556551379,8.43362671518616));
#8125=CARTESIAN_POINT('',(61.9663669242831,4.94971807033867,8.45043960047025));
#8126=CARTESIAN_POINT('',(60.100000000001,4.95694597442045,6.3));
#8127=CARTESIAN_POINT('',(60.100000000001,4.96669810884706,4.19997405965159));
#8128=CARTESIAN_POINT('',(60.1000000000012,4.98329730392369,2.0999888471368));
#8129=CARTESIAN_POINT('',(60.1000000000012,4.99902739528655,4.56765825529332E-16));
#8130=CARTESIAN_POINT('',(60.100000000001,4.95694597442045,6.3));
#8131=CARTESIAN_POINT('',(60.100000000001,4.95694597442045,6.3));
#8132=CARTESIAN_POINT('',(59.8166668678194,4.95617844638293,6.3));
#8133=CARTESIAN_POINT('',(59.5333335831022,4.95547408157314,6.29999999999999));
#8134=CARTESIAN_POINT('',(59.250000000001,4.95489327427491,6.29999999999999));
#8135=CARTESIAN_POINT('',(59.250000000001,4.95489327427491,6.3));
#8136=CARTESIAN_POINT('',(59.250000000001,4.95321316579765,6.7));
#8137=CARTESIAN_POINT('',(59.250000000001,4.95374619661509,6.56666655323691));
#8138=CARTESIAN_POINT('',(59.2500000000011,4.95430673160041,6.43333322199878));
#8139=CARTESIAN_POINT('',(59.2500000000011,4.95489327427492,6.30000000000001));
#8140=CARTESIAN_POINT('',(59.250000000001,4.95321316579765,6.7));
#8141=CARTESIAN_POINT('',(60.650000000001,4.94997604053681,8.4));
#8142=CARTESIAN_POINT('',(60.1833339634971,4.95166628966515,7.83333409853096));
#8143=CARTESIAN_POINT('',(59.7166665205493,4.9519339975164,7.26666648923716));
#8144=CARTESIAN_POINT('',(59.250000000001,4.95321316579765,6.69999999999999));
#8145=CARTESIAN_POINT('',(60.650000000001,4.94997604053681,8.4));
#8146=CARTESIAN_POINT('',(61.950000000001,4.94999999999971,8.4));
#8147=CARTESIAN_POINT('',(61.5166666715002,4.94972980780533,8.4));
#8148=CARTESIAN_POINT('',(61.083333333296,4.94998610735977,8.4));
#8149=CARTESIAN_POINT('',(60.650000000001,4.94997604053681,8.4));
#8150=CARTESIAN_POINT('',(60.100000000001,4.94999999999972,6.3));
#8151=CARTESIAN_POINT('',(60.100000000001,-4.95694597442101,6.3));
#8152=CARTESIAN_POINT('',(60.100000000001,-4.96669810884762,4.1999740596516));
#8153=CARTESIAN_POINT('',(60.1000000000011,-4.98329730392419,2.0999888471368));
#8154=CARTESIAN_POINT('',(60.1000000000011,-4.99902739528711,5.66660078629452E-16));
#8155=CARTESIAN_POINT('',(60.100000000001,-4.95694597442101,6.3));
#8156=CARTESIAN_POINT('',(60.100000000001,4.94999999999972,6.3));
#8157=CARTESIAN_POINT('',(62.0172929403501,-5.00030687704074,-0.0504407090391923));
#8158=CARTESIAN_POINT('',(62.0171999666211,-5.00020603336209,-0.0336274542321184));
#8159=CARTESIAN_POINT('',(62.0016012044583,-4.98331020358075,2.7831884244669));
#8160=CARTESIAN_POINT('',(61.9821167195476,-4.96615406573952,5.61681120230764));
#8161=CARTESIAN_POINT('',(61.9664602425545,-4.94981556555733,8.43362670777962));
#8162=CARTESIAN_POINT('',(61.9663669243445,-4.94971807040368,8.45043958936044));
#8163=CARTESIAN_POINT('',(62.0116213772157,-5.00030556097758,-0.050440375935672));
#8164=CARTESIAN_POINT('',(62.0115286460962,-5.00020465983307,-0.033627126568005));
#8165=CARTESIAN_POINT('',(61.9959704899163,-4.98329916027508,2.78318785291458));
#8166=CARTESIAN_POINT('',(61.9765201214766,-4.96612613849051,5.61681177385981));
#8167=CARTESIAN_POINT('',(61.9609115293887,-4.94981222779713,8.43362638011575));
#8168=CARTESIAN_POINT('',(61.9608184974867,-4.94971488087723,8.45043925625728));
#8169=CARTESIAN_POINT('',(61.0838143892842,-5.00009802951541,-0.0503862163688269));
#8170=CARTESIAN_POINT('',(61.0837613374595,-4.99998765819464,-0.0335738513986521));
#8171=CARTESIAN_POINT('',(61.0748450424391,-4.98148862303897,2.78309492376723));
#8172=CARTESIAN_POINT('',(61.0610882452027,-4.96153491624172,5.6169047029827));
#8173=CARTESIAN_POINT('',(61.0532917989717,-4.94928069203182,8.43357310498511));
#8174=CARTESIAN_POINT('',(61.0532454720731,-4.9492078180333,8.4503850967493));
#8175=CARTESIAN_POINT('',(60.1460695453528,-5.00116580941335,-0.0503862163687791));
#8176=CARTESIAN_POINT('',(60.1460551133196,-5.00103444860465,-0.0335738513986066));
#8177=CARTESIAN_POINT('',(60.1437131182884,-4.9790051941622,2.78309492376691));
#8178=CARTESIAN_POINT('',(60.1542231899997,-4.95317115014906,5.61690470298298));
#8179=CARTESIAN_POINT('',(60.1508150603812,-4.95112758258086,8.43357310498513));
#8180=CARTESIAN_POINT('',(60.1507942274262,-4.95111622206984,8.45038509674932));
#8181=CARTESIAN_POINT('',(59.2399261788552,-4.99646099148788,-0.0504397157758934));
#8182=CARTESIAN_POINT('',(59.2399205772882,-4.99633062319448,-0.0336264771882909));
#8183=CARTESIAN_POINT('',(59.2390697487399,-4.97449574595934,2.78318672018615));
#8184=CARTESIAN_POINT('',(59.253072226226,-4.95362096908545,5.61681290658794));
#8185=CARTESIAN_POINT('',(59.2480150519158,-4.9479495526592,8.43362573073651));
#8186=CARTESIAN_POINT('',(59.2479841948814,-4.94791623536159,8.45043859609822));
#8187=CARTESIAN_POINT('',(61.950000000001,-4.95000000000029,8.4));
#8188=CARTESIAN_POINT('',(61.9666666839861,-4.96617273864266,5.59999709050975));
#8189=CARTESIAN_POINT('',(61.9833333389338,-4.98317459610023,2.79999905928723));
#8190=CARTESIAN_POINT('',(62.000000000001,-5.00000000000029,-3.19995059569109E-16));
#8191=CARTESIAN_POINT('',(61.950000000001,-4.95000000000029,8.4));
#8192=CARTESIAN_POINT('',(60.650000000001,-4.94997604053737,8.4));
#8193=CARTESIAN_POINT('',(61.083333333296,-4.94998610736034,8.4));
#8194=CARTESIAN_POINT('',(61.5166666715002,-4.94972980780582,8.4));
#8195=CARTESIAN_POINT('',(61.950000000001,-4.95000000000029,8.4));
#8196=CARTESIAN_POINT('',(60.650000000001,-4.94997604053737,8.4));
#8197=CARTESIAN_POINT('',(59.250000000001,-4.95321316579822,6.7));
#8198=CARTESIAN_POINT('',(59.7166665205493,-4.95193399751695,7.26666648923716));
#8199=CARTESIAN_POINT('',(60.1833339634971,-4.95166628966569,7.83333409853096));
#8200=CARTESIAN_POINT('',(60.650000000001,-4.94997604053737,8.40000000000001));
#8201=CARTESIAN_POINT('',(59.250000000001,-4.95321316579822,6.7));
#8202=CARTESIAN_POINT('',(59.250000000001,-4.95321316579822,6.7));
#8203=CARTESIAN_POINT('',(59.250000000001,-4.95374619661566,6.56666655323691));
#8204=CARTESIAN_POINT('',(59.250000000001,-4.95430673160098,6.43333322199878));
#8205=CARTESIAN_POINT('',(59.250000000001,-4.95489327427549,6.3));
#8206=CARTESIAN_POINT('',(59.250000000001,-4.95489327427549,6.3));
#8207=CARTESIAN_POINT('',(59.250000000001,-4.95489327427549,6.3));
#8208=CARTESIAN_POINT('',(59.5333335831022,-4.9554740815737,6.3));
#8209=CARTESIAN_POINT('',(59.8166668678194,-4.95617844638349,6.3));
#8210=CARTESIAN_POINT('',(60.100000000001,-4.95694597442101,6.3));
#8211=CARTESIAN_POINT('',(61.9750017714174,-4.57499822858387,4.19970240204067));
#8212=CARTESIAN_POINT('',(61.9749884857943,-4.12501151420705,4.20193438673564));
#8213=CARTESIAN_POINT('',(61.950000000001,-4.15000000000029,8.4));
#8214=CARTESIAN_POINT('',(61.950000000001,-4.57499822858387,8.4));
#8215=CARTESIAN_POINT('',(61.650000000001,-4.12500000000029,4.2));
#8216=CARTESIAN_POINT('',(61.3250115142078,-4.12498848579353,4.19806561326437));
#8217=CARTESIAN_POINT('',(61.300000000001,-4.15000000000029,8.4));
#8218=CARTESIAN_POINT('',(61.650000000001,-4.15000000000029,8.4));
#8219=CARTESIAN_POINT('',(61.3249982285846,-2.29999822858386,4.20029759795933));
#8220=CARTESIAN_POINT('',(61.3250646567005,-0.425064656699784,4.18913767448452));
#8221=CARTESIAN_POINT('',(61.300000000001,-0.400000000000288,8.4));
#8222=CARTESIAN_POINT('',(61.300000000001,-2.29999822858386,8.4));
#8223=CARTESIAN_POINT('',(61.650000000001,-0.425000000000289,4.20000000000001));
#8224=CARTESIAN_POINT('',(61.9749875999605,-0.424987599959802,4.20208320680209));
#8225=CARTESIAN_POINT('',(61.950000000001,-0.40000000000029,8.4));
#8226=CARTESIAN_POINT('',(61.650000000001,-0.400000000000289,8.4));
#8227=CARTESIAN_POINT('',(61.9750017714174,-0.0249982285838657,4.19970240204067));
#8228=CARTESIAN_POINT('',(61.9749884857943,0.42498848579295,4.20193438673564));
#8229=CARTESIAN_POINT('',(61.950000000001,0.39999999999971,8.4));
#8230=CARTESIAN_POINT('',(61.950000000001,-0.0249982285838657,8.4));
#8231=CARTESIAN_POINT('',(61.650000000001,0.424999999999711,4.2));
#8232=CARTESIAN_POINT('',(61.3250115142078,0.425011514206472,4.19806561326437));
#8233=CARTESIAN_POINT('',(61.300000000001,0.399999999999713,8.4));
#8234=CARTESIAN_POINT('',(61.650000000001,0.399999999999711,8.4));
#8235=CARTESIAN_POINT('',(61.3249982285846,2.25000177141614,4.20029759795933));
#8236=CARTESIAN_POINT('',(61.3250646567005,4.12493534330022,4.18913767448452));
#8237=CARTESIAN_POINT('',(61.300000000001,4.14999999999972,8.4));
#8238=CARTESIAN_POINT('',(61.300000000001,2.25000177141614,8.4));
#8239=CARTESIAN_POINT('',(61.650000000001,4.12499999999971,4.20000000000001));
#8240=CARTESIAN_POINT('',(61.650000000001,4.14999999999971,8.4));
#8241=CARTESIAN_POINT('',(0.,0.,6.3));
#8242=CARTESIAN_POINT('',(59.250000000001,4.94999999999972,6.3));
#8243=CARTESIAN_POINT('',(59.250000000001,4.94999999999972,8.4));
#8244=CARTESIAN_POINT('',(59.250000000001,-2.77122075287295E-13,6.7));
#8245=CARTESIAN_POINT('',(0.,0.,8.4));
#8246=CARTESIAN_POINT('',(60.650000000001,-2.77122075287295E-13,8.4));
#8247=CARTESIAN_POINT('',(60.650000000001,-2.77555756156289E-13,8.4));
#8248=CARTESIAN_POINT('',(-4.52500177141606,61.9750017714174,4.19970240204067));
#8249=CARTESIAN_POINT('',(-4.94999999999962,61.9500000000011,8.4));
#8250=CARTESIAN_POINT('',(-4.96617273864191,61.9666666839861,5.59999709050975));
#8251=CARTESIAN_POINT('',(-4.98317459609954,61.9833333389338,2.79999905928723));
#8252=CARTESIAN_POINT('',(-4.99999999999962,62.000000000001,-4.17869583131423E-16));
#8253=CARTESIAN_POINT('',(-4.94999999999962,61.9500000000011,8.4));
#8254=CARTESIAN_POINT('',(-4.52500177141606,61.950000000001,8.4));
#8255=CARTESIAN_POINT('',(-4.14999999999963,61.950000000001,8.4));
#8256=CARTESIAN_POINT('',(-4.12501240004012,61.9749875999605,4.2020832068021));
#8257=CARTESIAN_POINT('',(-4.99646100593077,59.2399261794758,-0.0504415785189724));
#8258=CARTESIAN_POINT('',(-4.99633063282003,59.2399205776633,-0.0336277190170106));
#8259=CARTESIAN_POINT('',(-4.97449575053281,59.2390697456719,2.78318609927169));
#8260=CARTESIAN_POINT('',(-4.95362096905758,59.2530722262442,5.61681291029129));
#8261=CARTESIAN_POINT('',(-4.94794955264364,59.2480150519025,8.43362573814304));
#8262=CARTESIAN_POINT('',(-4.94791623533893,59.247984194861,8.45043860720802));
#8263=CARTESIAN_POINT('',(-5.00116582396623,60.1460695469525,-0.0503880790151184));
#8264=CARTESIAN_POINT('',(-5.00103445831592,60.1460551143527,-0.0335750931637018));
#8265=CARTESIAN_POINT('',(-4.97900519982248,60.1437131159841,2.78309430281261));
#8266=CARTESIAN_POINT('',(-4.95317115011454,60.1542231900137,5.61690470668621));
#8267=CARTESIAN_POINT('',(-4.95112758257484,60.1508150603726,8.43357311239127));
#8268=CARTESIAN_POINT('',(-4.95111622206168,60.1507942274128,8.45038510785853));
#8269=CARTESIAN_POINT('',(-5.00009804174279,61.0838143951615,-0.05038807901507));
#8270=CARTESIAN_POINT('',(-4.99998766634949,61.0837613413901,-0.0335750931636556));
#8271=CARTESIAN_POINT('',(-4.98148862741058,61.0748450454548,2.78309430281229));
#8272=CARTESIAN_POINT('',(-4.96153491621506,61.061088245185,5.61690470668649));
#8273=CARTESIAN_POINT('',(-4.94928069199895,61.0532917989511,8.43357311239128));
#8274=CARTESIAN_POINT('',(-4.94920781798449,61.0532454720424,8.45038510785854));
#8275=CARTESIAN_POINT('',(-5.00030557215578,62.0116213874899,-0.0504422386799481));
#8276=CARTESIAN_POINT('',(-5.00020466728541,62.0115286529556,-0.0336283683975121));
#8277=CARTESIAN_POINT('',(-4.9832991640374,61.9959704941795,2.78318723200078));
#8278=CARTESIAN_POINT('',(-4.96612613846736,61.976520121451,5.61681177756299));
#8279=CARTESIAN_POINT('',(-4.94981222775357,61.9609115293482,8.43362638752229));
#8280=CARTESIAN_POINT('',(-4.94971488081223,61.9608184974257,8.45043926736709));
#8281=CARTESIAN_POINT('',(-5.00030688821257,62.0172929506514,-0.0504425717840713));
#8282=CARTESIAN_POINT('',(-5.00020604081018,62.0171999734987,-0.0336286960620222));
#8283=CARTESIAN_POINT('',(-4.98331020733938,62.0016012087291,2.78318780355335));
#8284=CARTESIAN_POINT('',(-4.9661540657164,61.9821167195222,5.61681120601081));
#8285=CARTESIAN_POINT('',(-4.9498155655137,61.9664602425141,8.43362671518617));
#8286=CARTESIAN_POINT('',(-4.94971807033859,61.9663669242835,8.45043960047025));
#8287=CARTESIAN_POINT('',(-4.95694597442035,60.100000000001,6.3));
#8288=CARTESIAN_POINT('',(-4.96669810884696,60.100000000001,4.1999740596516));
#8289=CARTESIAN_POINT('',(-4.98329730392361,60.1000000000011,2.0999888471368));
#8290=CARTESIAN_POINT('',(-4.99902739528647,60.1000000000011,4.49991216312522E-16));
#8291=CARTESIAN_POINT('',(-4.95694597442035,60.100000000001,6.3));
#8292=CARTESIAN_POINT('',(-4.95694597442035,60.100000000001,6.3));
#8293=CARTESIAN_POINT('',(-4.95617844638283,59.8166668678194,6.3));
#8294=CARTESIAN_POINT('',(-4.95547408157306,59.5333335831023,6.3));
#8295=CARTESIAN_POINT('',(-4.95489327427486,59.250000000001,6.3));
#8296=CARTESIAN_POINT('',(-4.95489327427486,59.250000000001,6.3));
#8297=CARTESIAN_POINT('',(-4.95321316579759,59.250000000001,6.7));
#8298=CARTESIAN_POINT('',(-4.95374619661503,59.250000000001,6.56666655323691));
#8299=CARTESIAN_POINT('',(-4.95430673160035,59.250000000001,6.43333322199878));
#8300=CARTESIAN_POINT('',(-4.95489327427486,59.250000000001,6.3));
#8301=CARTESIAN_POINT('',(-4.95321316579759,59.250000000001,6.7));
#8302=CARTESIAN_POINT('',(-4.94997604053672,60.650000000001,8.4));
#8303=CARTESIAN_POINT('',(-4.95166628966504,60.1833339634971,7.83333409853096));
#8304=CARTESIAN_POINT('',(-4.95193399751629,59.7166665205493,7.26666648923718));
#8305=CARTESIAN_POINT('',(-4.95321316579759,59.250000000001,6.70000000000001));
#8306=CARTESIAN_POINT('',(-4.94997604053672,60.650000000001,8.4));
#8307=CARTESIAN_POINT('',(-4.94999999999962,61.9500000000011,8.4));
#8308=CARTESIAN_POINT('',(-4.94972980780524,61.5166666715003,8.4));
#8309=CARTESIAN_POINT('',(-4.94998610735968,61.083333333296,8.4));
#8310=CARTESIAN_POINT('',(-4.94997604053672,60.6500000000011,8.4));
#8311=CARTESIAN_POINT('',(-4.94999999999964,60.100000000001,6.3));
#8312=CARTESIAN_POINT('',(4.95694597442109,60.100000000001,6.3));
#8313=CARTESIAN_POINT('',(4.9666981088477,60.100000000001,4.1999740596516));
#8314=CARTESIAN_POINT('',(4.98329730392428,60.100000000001,2.0999888471368));
#8315=CARTESIAN_POINT('',(4.9990273952872,60.100000000001,-2.71330130168419E-16));
#8316=CARTESIAN_POINT('',(4.95694597442109,60.100000000001,6.3));
#8317=CARTESIAN_POINT('',(-4.94999999999964,60.100000000001,6.3));
#8318=CARTESIAN_POINT('',(5.00030687704082,62.0172929403501,-0.0504407090391923));
#8319=CARTESIAN_POINT('',(5.00020603336218,62.0171999666211,-0.0336274542321184));
#8320=CARTESIAN_POINT('',(4.98331020358084,62.0016012044586,2.7831884244669));
#8321=CARTESIAN_POINT('',(4.96615406573956,61.9821167195474,5.61681120230764));
#8322=CARTESIAN_POINT('',(4.94981556555741,61.9664602425545,8.43362670777962));
#8323=CARTESIAN_POINT('',(4.94971807040377,61.9663669243445,8.45043958936043));
#8324=CARTESIAN_POINT('',(5.00030556097767,62.0116213772157,-0.050440375935672));
#8325=CARTESIAN_POINT('',(5.00020465983315,62.0115286460962,-0.033627126568005));
#8326=CARTESIAN_POINT('',(4.98329916027517,61.9959704899166,2.78318785291458));
#8327=CARTESIAN_POINT('',(4.96612613849054,61.9765201214763,5.61681177385981));
#8328=CARTESIAN_POINT('',(4.94981222779722,61.9609115293888,8.43362638011575));
#8329=CARTESIAN_POINT('',(4.94971488087732,61.9608184974867,8.45043925625727));
#8330=CARTESIAN_POINT('',(5.00009802951546,61.0838143892845,-0.0503862163688269));
#8331=CARTESIAN_POINT('',(4.99998765819469,61.0837613374598,-0.0335738513986521));
#8332=CARTESIAN_POINT('',(4.98148862303912,61.0748450424382,2.78309492376723));
#8333=CARTESIAN_POINT('',(4.96153491624181,61.0610882452034,5.6169047029827));
#8334=CARTESIAN_POINT('',(4.94928069203191,61.0532917989716,8.43357310498511));
#8335=CARTESIAN_POINT('',(4.94920781803339,61.053245472073,8.4503850967493));
#8336=CARTESIAN_POINT('',(5.00116580941347,60.1460695453527,-0.0503862163687791));
#8337=CARTESIAN_POINT('',(5.00103444860477,60.1460551133194,-0.0335738513986066));
#8338=CARTESIAN_POINT('',(4.97900519416219,60.1437131182889,2.78309492376691));
#8339=CARTESIAN_POINT('',(4.95317115014919,60.1542231899994,5.61690470298298));
#8340=CARTESIAN_POINT('',(4.95112758258094,60.1508150603811,8.43357310498513));
#8341=CARTESIAN_POINT('',(4.95111622206992,60.1507942274261,8.45038509674932));
#8342=CARTESIAN_POINT('',(4.99646099148796,59.2399261788552,-0.0504397157758934));
#8343=CARTESIAN_POINT('',(4.99633062319457,59.2399205772882,-0.0336264771882909));
#8344=CARTESIAN_POINT('',(4.97449574595945,59.2390697487398,2.78318672018615));
#8345=CARTESIAN_POINT('',(4.95362096908553,59.253072226226,5.61681290658794));
#8346=CARTESIAN_POINT('',(4.94794955265928,59.2480150519158,8.43362573073651));
#8347=CARTESIAN_POINT('',(4.94791623536167,59.2479841948814,8.45043859609822));
#8348=CARTESIAN_POINT('',(4.95000000000038,61.950000000001,8.40000000000001));
#8349=CARTESIAN_POINT('',(4.96617273864275,61.9666666839861,5.59999709050975));
#8350=CARTESIAN_POINT('',(4.98317459610032,61.9833333389338,2.79999905928723));
#8351=CARTESIAN_POINT('',(5.00000000000038,62.000000000001,5.86490736292215E-16));
#8352=CARTESIAN_POINT('',(4.95000000000038,61.950000000001,8.40000000000001));
#8353=CARTESIAN_POINT('',(4.94997604053746,60.650000000001,8.4));
#8354=CARTESIAN_POINT('',(4.94998610736042,61.083333333296,8.4));
#8355=CARTESIAN_POINT('',(4.94972980780591,61.5166666715003,8.4));
#8356=CARTESIAN_POINT('',(4.95000000000038,61.9500000000011,8.4));
#8357=CARTESIAN_POINT('',(4.94997604053746,60.650000000001,8.4));
#8358=CARTESIAN_POINT('',(4.9532131657983,59.250000000001,6.7));
#8359=CARTESIAN_POINT('',(4.95193399751703,59.7166665205493,7.26666648923716));
#8360=CARTESIAN_POINT('',(4.9516662896658,60.183333963497,7.83333409853094));
#8361=CARTESIAN_POINT('',(4.94997604053746,60.650000000001,8.39999999999999));
#8362=CARTESIAN_POINT('',(4.9532131657983,59.250000000001,6.7));
#8363=CARTESIAN_POINT('',(4.9532131657983,59.250000000001,6.7));
#8364=CARTESIAN_POINT('',(4.95374619661574,59.250000000001,6.56666655323691));
#8365=CARTESIAN_POINT('',(4.95430673160106,59.250000000001,6.43333322199878));
#8366=CARTESIAN_POINT('',(4.95489327427557,59.250000000001,6.29999999999999));
#8367=CARTESIAN_POINT('',(4.95489327427557,59.250000000001,6.3));
#8368=CARTESIAN_POINT('',(4.95489327427557,59.250000000001,6.3));
#8369=CARTESIAN_POINT('',(4.95547408157378,59.5333335831023,6.3));
#8370=CARTESIAN_POINT('',(4.95617844638357,59.8166668678194,6.3));
#8371=CARTESIAN_POINT('',(4.95694597442109,60.100000000001,6.3));
#8372=CARTESIAN_POINT('',(4.57499822858395,61.9750017714174,4.19970240204067));
#8373=CARTESIAN_POINT('',(4.12501151420713,61.9749884857942,4.20193438673564));
#8374=CARTESIAN_POINT('',(4.15000000000037,61.950000000001,8.4));
#8375=CARTESIAN_POINT('',(4.57499822858395,61.950000000001,8.4));
#8376=CARTESIAN_POINT('',(4.12500000000037,61.650000000001,4.2));
#8377=CARTESIAN_POINT('',(4.12498848579361,61.3250115142078,4.19806561326437));
#8378=CARTESIAN_POINT('',(4.15000000000037,61.300000000001,8.4));
#8379=CARTESIAN_POINT('',(4.15000000000037,61.650000000001,8.4));
#8380=CARTESIAN_POINT('',(2.29999822858395,61.3249982285846,4.20029759795933));
#8381=CARTESIAN_POINT('',(0.425064656699867,61.3250646567005,4.18913767448452));
#8382=CARTESIAN_POINT('',(0.400000000000366,61.300000000001,8.4));
#8383=CARTESIAN_POINT('',(2.29999822858395,61.300000000001,8.4));
#8384=CARTESIAN_POINT('',(0.425000000000371,61.650000000001,4.20000000000001));
#8385=CARTESIAN_POINT('',(0.424987599959885,61.9749875999605,4.20208320680209));
#8386=CARTESIAN_POINT('',(0.40000000000037,61.950000000001,8.4));
#8387=CARTESIAN_POINT('',(0.400000000000368,61.650000000001,8.4));
#8388=CARTESIAN_POINT('',(0.0249982285839488,61.9750017714174,4.19970240204067));
#8389=CARTESIAN_POINT('',(-0.424988485792867,61.9749884857942,4.20193438673564));
#8390=CARTESIAN_POINT('',(-0.39999999999963,61.950000000001,8.4));
#8391=CARTESIAN_POINT('',(0.0249982285839487,61.950000000001,8.4));
#8392=CARTESIAN_POINT('',(-0.424999999999629,61.650000000001,4.2));
#8393=CARTESIAN_POINT('',(-0.42501151420639,61.3250115142077,4.19806561326437));
#8394=CARTESIAN_POINT('',(-0.399999999999634,61.300000000001,8.4));
#8395=CARTESIAN_POINT('',(-0.399999999999632,61.650000000001,8.4));
#8396=CARTESIAN_POINT('',(-2.25000177141606,61.3249982285846,4.20029759795933));
#8397=CARTESIAN_POINT('',(-4.12493534330014,61.3250646567005,4.18913767448452));
#8398=CARTESIAN_POINT('',(-4.14999999999964,61.300000000001,8.4));
#8399=CARTESIAN_POINT('',(-2.25000177141606,61.300000000001,8.4));
#8400=CARTESIAN_POINT('',(-4.12499999999963,61.650000000001,4.2));
#8401=CARTESIAN_POINT('',(-4.14999999999963,61.650000000001,8.4));
#8402=CARTESIAN_POINT('',(0.,0.,6.3));
#8403=CARTESIAN_POINT('',(-4.94999999999965,59.250000000001,6.3));
#8404=CARTESIAN_POINT('',(-4.94999999999965,59.250000000001,8.4));
#8405=CARTESIAN_POINT('',(3.46530805638811E-13,59.250000000001,6.7));
#8406=CARTESIAN_POINT('',(0.,0.,8.4));
#8407=CARTESIAN_POINT('',(3.48170843149226E-13,60.650000000001,8.4));
#8408=CARTESIAN_POINT('',(3.4860452401822E-13,60.650000000001,8.4));
#8409=CARTESIAN_POINT('',(-65.5750288743871,126.029795449189,-0.027622684971641));
#8410=CARTESIAN_POINT('',(-65.5748945207558,126.029855503568,-0.0184151233168162));
#8411=CARTESIAN_POINT('',(-65.5524645524054,126.039969875546,1.5241257491022));
#8412=CARTESIAN_POINT('',(-65.5431707640786,126.059211095717,3.07587296473369));
#8413=CARTESIAN_POINT('',(-65.5362900658136,126.056403708921,4.61841255098872));
#8414=CARTESIAN_POINT('',(-65.5362490835114,126.056386177094,4.62761882647949));
#8415=CARTESIAN_POINT('',(-66.0058483658817,126.937495295717,-0.0275933876286494));
#8416=CARTESIAN_POINT('',(-66.0057040116074,126.937547146256,-0.0183863044000078));
#8417=CARTESIAN_POINT('',(-65.9815748127699,126.946300502165,1.52407547961439));
#8418=CARTESIAN_POINT('',(-65.9665322015531,126.966439699591,3.07592323413814));
#8419=CARTESIAN_POINT('',(-65.9630628454753,126.963370196694,4.61838373220383));
#8420=CARTESIAN_POINT('',(-65.9630425460655,126.963351059604,4.62758952933702));
#8421=CARTESIAN_POINT('',(-66.4447822423771,127.878454189284,-0.0275933876286566));
#8422=CARTESIAN_POINT('',(-66.4446518027373,127.878458478109,-0.0183863044000148));
#8423=CARTESIAN_POINT('',(-66.4227887706684,127.879152797415,1.52407547961442));
#8424=CARTESIAN_POINT('',(-66.3990138890353,127.875750462358,3.07592323413816));
#8425=CARTESIAN_POINT('',(-66.3864351976662,127.873591406394,4.61838373220378));
#8426=CARTESIAN_POINT('',(-66.3863605162007,127.873578563894,4.62758952933697));
#8427=CARTESIAN_POINT('',(-66.8809659932576,128.811009927065,-0.0276230468546569));
#8428=CARTESIAN_POINT('',(-66.8808349669855,128.810970125962,-0.0184154792902755));
#8429=CARTESIAN_POINT('',(-66.8588730894262,128.804278937032,1.52412637003474));
#8430=CARTESIAN_POINT('',(-66.834902617518,128.793594214676,3.07587234380218));
#8431=CARTESIAN_POINT('',(-66.8137451057444,128.786438817492,4.61841290696055));
#8432=CARTESIAN_POINT('',(-66.8136189267985,128.786396234945,4.62761918836003));
#8433=CARTESIAN_POINT('',(-66.8836350762071,128.816716301159,-0.0276232294553057));
#8434=CARTESIAN_POINT('',(-66.8835040458055,128.816676230381,-0.0184156589090522));
#8435=CARTESIAN_POINT('',(-66.8615414753529,128.809939871596,1.52412668334783));
#8436=CARTESIAN_POINT('',(-66.8375701242544,128.799211190467,3.07587203048961));
#8437=CARTESIAN_POINT('',(-66.8163601349428,128.792024998815,4.6184130865785));
#8438=CARTESIAN_POINT('',(-66.8162336409703,128.791982232936,4.62761937095943));
#8439=CARTESIAN_POINT('',(-66.3852593987905,127.869458942063,4.6));
#8440=CARTESIAN_POINT('',(-66.1046782346232,127.264710991736,4.3333339497795));
#8441=CARTESIAN_POINT('',(-65.8223658467954,126.660769240377,4.06666684000308));
#8442=CARTESIAN_POINT('',(-65.5404981779653,126.056620384932,3.8));
#8443=CARTESIAN_POINT('',(-66.3852593987905,127.869458942063,4.6));
#8444=CARTESIAN_POINT('',(-65.5404981779653,126.056620384932,3.8));
#8445=CARTESIAN_POINT('',(-66.8087668801644,128.775351554372,4.6));
#8446=CARTESIAN_POINT('',(-66.6674323941201,128.473464640471,4.6));
#8447=CARTESIAN_POINT('',(-66.5263377281189,128.171465609988,4.6));
#8448=CARTESIAN_POINT('',(-66.3852593987905,127.869458942063,4.6));
#8449=CARTESIAN_POINT('',(-66.8087668801644,128.775351554372,4.6));
#8450=CARTESIAN_POINT('',(-66.8087668801644,128.775351554372,4.6));
#8451=CARTESIAN_POINT('',(-66.8303004194513,128.783684626762,3.06665930712168));
#8452=CARTESIAN_POINT('',(-66.8527775916228,128.791576539699,1.53332972187526));
#8453=CARTESIAN_POINT('',(-66.8752342622366,128.799478036098,-4.18998962484775E-16));
#8454=CARTESIAN_POINT('',(-65.9711568488571,126.959170742148,3.));
#8455=CARTESIAN_POINT('',(-65.9794297630507,126.95530422602,1.99995760421036));
#8456=CARTESIAN_POINT('',(-65.9918432792116,126.949502514638,0.999964973193197));
#8457=CARTESIAN_POINT('',(-66.0057821723468,126.942987887042,1.09968120328821E-15));
#8458=CARTESIAN_POINT('',(-65.9711568488571,126.959170742148,3.));
#8459=CARTESIAN_POINT('',(-65.9711568488571,126.959170742148,3.));
#8460=CARTESIAN_POINT('',(-65.8291626133716,126.657592546842,3.));
#8461=CARTESIAN_POINT('',(-65.6872853477941,126.355959341466,3.));
#8462=CARTESIAN_POINT('',(-65.5455776966029,126.054246367714,3.));
#8463=CARTESIAN_POINT('',(-65.5455776966029,126.054246367715,3.));
#8464=CARTESIAN_POINT('',(-65.5404981779653,126.056620384932,3.8));
#8465=CARTESIAN_POINT('',(-65.5419020385288,126.055964261904,3.53333109511769));
#8466=CARTESIAN_POINT('',(-65.5436002686623,126.05517055922,3.26666446757561));
#8467=CARTESIAN_POINT('',(-65.5455776966029,126.054246367715,3.));
#8468=CARTESIAN_POINT('',(-55.9212126452816,133.940229255755,-0.0276222978958031));
#8469=CARTESIAN_POINT('',(-55.9212659519779,133.940103034658,-0.0184150378693915));
#8470=CARTESIAN_POINT('',(-55.9301859328319,133.918933084568,1.52412699386702));
#8471=CARTESIAN_POINT('',(-55.937331675437,133.893661195895,3.0758720286376));
#8472=CARTESIAN_POINT('',(-55.9454238194457,133.872780051256,4.61841308287448));
#8473=CARTESIAN_POINT('',(-55.9454721504556,133.872655577356,4.6276193654034));
#8474=CARTESIAN_POINT('',(-55.9185469962293,133.934521276786,-0.0276221152954558));
#8475=CARTESIAN_POINT('',(-55.918600507155,133.934395231835,-0.0184148582508132));
#8476=CARTESIAN_POINT('',(-55.9275546962838,133.913254787488,1.52412668055405));
#8477=CARTESIAN_POINT('',(-55.9347335985642,133.888011770632,3.07587234195017));
#8478=CARTESIAN_POINT('',(-55.942815705319,133.867190638032,4.61841290325653));
#8479=CARTESIAN_POINT('',(-55.9428639749015,133.867066523408,4.627619182804));
#8480=CARTESIAN_POINT('',(-55.4829126417604,133.001708771811,-0.02759245611845));
#8481=CARTESIAN_POINT('',(-55.4829995995191,133.001611457403,-0.0183856833927804));
#8482=CARTESIAN_POINT('',(-55.4975562876303,132.985284274441,1.52407579015406));
#8483=CARTESIAN_POINT('',(-55.5101965212587,132.964862591296,3.07592323228601));
#8484=CARTESIAN_POINT('',(-55.5166087657055,132.953827731978,4.6183837285));
#8485=CARTESIAN_POINT('',(-55.5166468177782,132.953762201157,4.62758952378128));
#8486=CARTESIAN_POINT('',(-55.0425957472816,132.06139626422,-0.0275924561184569));
#8487=CARTESIAN_POINT('',(-55.0427281167464,132.061318782807,-0.0183856833927871));
#8488=CARTESIAN_POINT('',(-55.0649210481524,132.048422544704,1.52407579015409));
#8489=CARTESIAN_POINT('',(-55.0900202109733,132.049800658088,3.07592323228604));
#8490=CARTESIAN_POINT('',(-55.0898908125258,132.045170157509,4.61838372849995));
#8491=CARTESIAN_POINT('',(-55.0898891522671,132.045142309035,4.62758952378124));
#8492=CARTESIAN_POINT('',(-54.6225890607964,131.1486428328,-0.0276217534130374));
#8493=CARTESIAN_POINT('',(-54.6227213090464,131.14857828545,-0.018414502277747));
#8494=CARTESIAN_POINT('',(-54.6448683929249,131.137858660914,1.52412605962174));
#8495=CARTESIAN_POINT('',(-54.6655910794462,131.14307106292,3.07587296288169));
#8496=CARTESIAN_POINT('',(-54.6678509715139,131.135991633788,4.6184125472847));
#8497=CARTESIAN_POINT('',(-54.6678638097874,131.135948947819,4.62761882092347));
#8498=CARTESIAN_POINT('',(-54.6653179058153,131.139358937517,3.8));
#8499=CARTESIAN_POINT('',(-54.9479959418993,131.743129051205,4.06666684000313));
#8500=CARTESIAN_POINT('',(-55.2302298301089,132.34710749097,4.33333394977932));
#8501=CARTESIAN_POINT('',(-55.5141926988508,132.950274932305,4.59999999999997));
#8502=CARTESIAN_POINT('',(-54.6653179058153,131.139358937517,3.8));
#8503=CARTESIAN_POINT('',(-55.5141926988508,132.950274932305,4.6));
#8504=CARTESIAN_POINT('',(-54.6653179058153,131.139358937517,3.8));
#8505=CARTESIAN_POINT('',(-54.6639140452518,131.140015060545,3.53333109511769));
#8506=CARTESIAN_POINT('',(-54.6622158151184,131.140808763229,3.26666446757561));
#8507=CARTESIAN_POINT('',(-54.6602383871778,131.141732954734,3.));
#8508=CARTESIAN_POINT('',(-54.6602383871778,131.141732954734,3.));
#8509=CARTESIAN_POINT('',(-54.6602383871778,131.141732954734,3.));
#8510=CARTESIAN_POINT('',(-54.800803745843,131.443979802326,3.));
#8511=CARTESIAN_POINT('',(-54.9411991099054,131.74630560477,3.));
#8512=CARTESIAN_POINT('',(-55.0814772418539,132.048685856261,3.));
#8513=CARTESIAN_POINT('',(-55.0814772418539,132.048685856261,3.));
#8514=CARTESIAN_POINT('',(-55.0814772418539,132.048685856261,3.));
#8515=CARTESIAN_POINT('',(-55.0732043276603,132.052552372389,1.99995760421036));
#8516=CARTESIAN_POINT('',(-55.0607908115,132.05835408377,0.999964973193188));
#8517=CARTESIAN_POINT('',(-55.0468519183643,132.064868711367,1.16741075184405E-15));
#8518=CARTESIAN_POINT('',(-55.9375032244075,133.856259595955,4.6));
#8519=CARTESIAN_POINT('',(-55.9300833863103,133.878124623106,3.06665930712168));
#8520=CARTESIAN_POINT('',(-55.9217198130886,133.900430590952,1.53332972187526));
#8521=CARTESIAN_POINT('',(-55.9133767426818,133.922726978027,6.00050769023469E-16));
#8522=CARTESIAN_POINT('',(-55.9375032244075,133.856259595955,4.6));
#8523=CARTESIAN_POINT('',(-55.5141926988508,132.950274932305,4.6));
#8524=CARTESIAN_POINT('',(-55.6553870477289,133.252227376114,4.6));
#8525=CARTESIAN_POINT('',(-55.7965650582742,133.554187453814,4.6));
#8526=CARTESIAN_POINT('',(-55.9375032244074,133.856259595955,4.6));
#8527=CARTESIAN_POINT('',(-55.3014332605976,130.84205737959,4.6));
#8528=CARTESIAN_POINT('',(-60.1029080418902,128.597989661224,3.8));
#8529=CARTESIAN_POINT('',(-55.3014332605976,130.84205737959,3.));
#8530=CARTESIAN_POINT('',(-55.7248422640629,131.74799601757,3.));
#8531=CARTESIAN_POINT('',(-65.9619488732339,126.963474278413,3.));
#8532=CARTESIAN_POINT('',(-56.265166972787,133.730714910692,2.3));
#8533=CARTESIAN_POINT('',(-56.6048311532583,133.571913735921,2.30434679896055));
#8534=CARTESIAN_POINT('',(-56.5716602709933,133.559873293529,4.6));
#8535=CARTESIAN_POINT('',(-56.2545817477004,133.708066444742,4.6));
#8536=CARTESIAN_POINT('',(-56.4355303606434,133.2095610792,2.3));
#8537=CARTESIAN_POINT('',(-56.2662295680284,132.847208422479,2.29565320103945));
#8538=CARTESIAN_POINT('',(-56.2329330682211,132.835122383145,4.6));
#8539=CARTESIAN_POINT('',(-56.4128818946939,133.220146304287,4.6));
#8540=CARTESIAN_POINT('',(-58.4857164223076,131.809833565519,2.3));
#8541=CARTESIAN_POINT('',(-60.7051264447243,130.772866210752,2.27337585636665));
#8542=CARTESIAN_POINT('',(-60.7173293262208,130.739247815993,4.6));
#8543=CARTESIAN_POINT('',(-58.475131197221,131.787185099569,4.6));
#8544=CARTESIAN_POINT('',(-60.8746296867441,131.134856962221,2.3));
#8545=CARTESIAN_POINT('',(-61.0440146616965,131.49717353419,2.30407512402551));
#8546=CARTESIAN_POINT('',(-61.056056528993,131.463998726376,4.6));
#8547=CARTESIAN_POINT('',(-60.8972781526936,131.124271737134,4.6));
#8548=CARTESIAN_POINT('',(-61.3837202773726,131.338454041113,2.3));
#8549=CARTESIAN_POINT('',(-61.7233844578438,131.179652866343,2.30434679896056));
#8550=CARTESIAN_POINT('',(-61.6902135755788,131.167612423951,4.6));
#8551=CARTESIAN_POINT('',(-61.3731350522859,131.315805575164,4.6));
#8552=CARTESIAN_POINT('',(-61.5540836652289,130.817300209622,2.3));
#8553=CARTESIAN_POINT('',(-61.384782872614,130.454947552901,2.29565320103945));
#8554=CARTESIAN_POINT('',(-61.3514863728067,130.442861513567,4.6));
#8555=CARTESIAN_POINT('',(-61.5314351992794,130.827885434708,4.6));
#8556=CARTESIAN_POINT('',(-63.6042697268932,129.41757269594,2.3));
#8557=CARTESIAN_POINT('',(-65.8236797493098,128.380605341174,2.27337585636663));
#8558=CARTESIAN_POINT('',(-65.8358826308064,128.346986946414,4.6));
#8559=CARTESIAN_POINT('',(-63.5936845018065,129.394924229991,4.6));
#8560=CARTESIAN_POINT('',(-65.9931829913296,128.742596092642,2.3));
#8561=CARTESIAN_POINT('',(-66.162567966282,129.104912664611,2.30407512402552));
#8562=CARTESIAN_POINT('',(-66.1746098335785,129.071737856798,4.6));
#8563=CARTESIAN_POINT('',(-66.0158314572791,128.732010867556,4.6));
#8564=CARTESIAN_POINT('',(-66.5022735819581,128.946193171535,2.3));
#8565=CARTESIAN_POINT('',(-66.4916883568714,128.923544705585,4.6));
#8566=CARTESIAN_POINT('',(0.,0.,3.));
#8567=CARTESIAN_POINT('',(0.,0.,4.6));
#8568=CARTESIAN_POINT('',(-60.9497260488207,130.409866937184,4.6));
#8569=CARTESIAN_POINT('',(-60.1029080418902,128.597989661224,3.8));
#8570=CARTESIAN_POINT('',(65.5750288743871,126.029795449189,-0.027622684971641));
#8571=CARTESIAN_POINT('',(65.5748945207558,126.029855503568,-0.0184151233168162));
#8572=CARTESIAN_POINT('',(65.5524645524054,126.039969875546,1.5241257491022));
#8573=CARTESIAN_POINT('',(65.5431707640786,126.059211095717,3.07587296473369));
#8574=CARTESIAN_POINT('',(65.5362900658136,126.056403708921,4.61841255098872));
#8575=CARTESIAN_POINT('',(65.5362490835114,126.056386177094,4.62761882647949));
#8576=CARTESIAN_POINT('',(66.0058483658817,126.937495295717,-0.0275933876286494));
#8577=CARTESIAN_POINT('',(66.0057040116074,126.937547146256,-0.0183863044000078));
#8578=CARTESIAN_POINT('',(65.9815748127699,126.946300502165,1.52407547961439));
#8579=CARTESIAN_POINT('',(65.9665322015531,126.966439699591,3.07592323413814));
#8580=CARTESIAN_POINT('',(65.9630628454753,126.963370196694,4.61838373220383));
#8581=CARTESIAN_POINT('',(65.9630425460655,126.963351059604,4.62758952933702));
#8582=CARTESIAN_POINT('',(66.4447822423771,127.878454189284,-0.0275933876286566));
#8583=CARTESIAN_POINT('',(66.4446518027373,127.878458478109,-0.0183863044000148));
#8584=CARTESIAN_POINT('',(66.4227887706684,127.879152797415,1.52407547961442));
#8585=CARTESIAN_POINT('',(66.3990138890353,127.875750462358,3.07592323413816));
#8586=CARTESIAN_POINT('',(66.3864351976662,127.873591406394,4.61838373220378));
#8587=CARTESIAN_POINT('',(66.3863605162007,127.873578563894,4.62758952933697));
#8588=CARTESIAN_POINT('',(66.8809659932576,128.811009927065,-0.0276230468546569));
#8589=CARTESIAN_POINT('',(66.8808349669855,128.810970125962,-0.0184154792902755));
#8590=CARTESIAN_POINT('',(66.8588730894262,128.804278937032,1.52412637003474));
#8591=CARTESIAN_POINT('',(66.834902617518,128.793594214676,3.07587234380218));
#8592=CARTESIAN_POINT('',(66.8137451057444,128.786438817492,4.61841290696055));
#8593=CARTESIAN_POINT('',(66.8136189267985,128.786396234945,4.62761918836003));
#8594=CARTESIAN_POINT('',(66.8836350762071,128.816716301159,-0.0276232294553057));
#8595=CARTESIAN_POINT('',(66.8835040458055,128.816676230381,-0.0184156589090522));
#8596=CARTESIAN_POINT('',(66.8615414753529,128.809939871596,1.52412668334783));
#8597=CARTESIAN_POINT('',(66.8375701242544,128.799211190467,3.07587203048961));
#8598=CARTESIAN_POINT('',(66.8163601349428,128.792024998815,4.6184130865785));
#8599=CARTESIAN_POINT('',(66.8162336409703,128.791982232936,4.62761937095943));
#8600=CARTESIAN_POINT('',(66.3852593987905,127.869458942063,4.6));
#8601=CARTESIAN_POINT('',(66.1046782346232,127.264710991736,4.3333339497795));
#8602=CARTESIAN_POINT('',(65.8223658467954,126.660769240377,4.06666684000308));
#8603=CARTESIAN_POINT('',(65.5404981779653,126.056620384932,3.8));
#8604=CARTESIAN_POINT('',(65.5404981779653,126.056620384932,3.8));
#8605=CARTESIAN_POINT('',(66.3852593987905,127.869458942063,4.6));
#8606=CARTESIAN_POINT('',(65.5404981779653,126.056620384932,3.8));
#8607=CARTESIAN_POINT('',(65.5419020385288,126.055964261904,3.53333109511769));
#8608=CARTESIAN_POINT('',(65.5436002686623,126.05517055922,3.26666446757561));
#8609=CARTESIAN_POINT('',(65.5455776966029,126.054246367715,3.));
#8610=CARTESIAN_POINT('',(65.5455776966029,126.054246367715,3.));
#8611=CARTESIAN_POINT('',(65.9711568488571,126.959170742148,3.));
#8612=CARTESIAN_POINT('',(65.8291626133716,126.657592546842,3.));
#8613=CARTESIAN_POINT('',(65.6872853477941,126.355959341466,3.));
#8614=CARTESIAN_POINT('',(65.5455776966029,126.054246367714,3.));
#8615=CARTESIAN_POINT('',(65.9711568488571,126.959170742148,3.));
#8616=CARTESIAN_POINT('',(65.9711568488571,126.959170742148,3.));
#8617=CARTESIAN_POINT('',(65.9794297630507,126.95530422602,1.99995760421036));
#8618=CARTESIAN_POINT('',(65.9918432792116,126.949502514638,0.999964973193197));
#8619=CARTESIAN_POINT('',(66.0057821723468,126.942987887042,1.09968120328821E-15));
#8620=CARTESIAN_POINT('',(66.8087668801644,128.775351554372,4.6));
#8621=CARTESIAN_POINT('',(66.8303004194513,128.783684626762,3.06665930712168));
#8622=CARTESIAN_POINT('',(66.8527775916228,128.791576539699,1.53332972187525));
#8623=CARTESIAN_POINT('',(66.8752342622366,128.799478036098,-4.18998962484775E-16));
#8624=CARTESIAN_POINT('',(66.8087668801644,128.775351554372,4.6));
#8625=CARTESIAN_POINT('',(66.8087668801644,128.775351554372,4.6));
#8626=CARTESIAN_POINT('',(66.6674323941201,128.473464640471,4.6));
#8627=CARTESIAN_POINT('',(66.5263377281189,128.171465609988,4.6));
#8628=CARTESIAN_POINT('',(66.3852593987905,127.869458942063,4.6));
#8629=CARTESIAN_POINT('',(55.9212126452816,133.940229255755,-0.0276222978958031));
#8630=CARTESIAN_POINT('',(55.9212659519779,133.940103034658,-0.0184150378693915));
#8631=CARTESIAN_POINT('',(55.9301859328319,133.918933084568,1.52412699386702));
#8632=CARTESIAN_POINT('',(55.937331675437,133.893661195895,3.0758720286376));
#8633=CARTESIAN_POINT('',(55.9454238194457,133.872780051256,4.61841308287448));
#8634=CARTESIAN_POINT('',(55.9454721504556,133.872655577356,4.6276193654034));
#8635=CARTESIAN_POINT('',(55.9185469962293,133.934521276786,-0.0276221152954558));
#8636=CARTESIAN_POINT('',(55.918600507155,133.934395231835,-0.0184148582508132));
#8637=CARTESIAN_POINT('',(55.9275546962838,133.913254787488,1.52412668055405));
#8638=CARTESIAN_POINT('',(55.9347335985642,133.888011770632,3.07587234195017));
#8639=CARTESIAN_POINT('',(55.942815705319,133.867190638032,4.61841290325653));
#8640=CARTESIAN_POINT('',(55.9428639749015,133.867066523408,4.627619182804));
#8641=CARTESIAN_POINT('',(55.4829126417604,133.001708771811,-0.02759245611845));
#8642=CARTESIAN_POINT('',(55.4829995995191,133.001611457403,-0.0183856833927804));
#8643=CARTESIAN_POINT('',(55.4975562876303,132.985284274441,1.52407579015406));
#8644=CARTESIAN_POINT('',(55.5101965212587,132.964862591296,3.07592323228601));
#8645=CARTESIAN_POINT('',(55.5166087657055,132.953827731978,4.6183837285));
#8646=CARTESIAN_POINT('',(55.5166468177782,132.953762201157,4.62758952378128));
#8647=CARTESIAN_POINT('',(55.0425957472816,132.06139626422,-0.0275924561184569));
#8648=CARTESIAN_POINT('',(55.0427281167464,132.061318782807,-0.0183856833927871));
#8649=CARTESIAN_POINT('',(55.0649210481524,132.048422544704,1.52407579015409));
#8650=CARTESIAN_POINT('',(55.0900202109733,132.049800658088,3.07592323228604));
#8651=CARTESIAN_POINT('',(55.0898908125258,132.045170157509,4.61838372849995));
#8652=CARTESIAN_POINT('',(55.0898891522671,132.045142309035,4.62758952378124));
#8653=CARTESIAN_POINT('',(54.6225890607964,131.1486428328,-0.0276217534130374));
#8654=CARTESIAN_POINT('',(54.6227213090464,131.14857828545,-0.018414502277747));
#8655=CARTESIAN_POINT('',(54.6448683929249,131.137858660914,1.52412605962174));
#8656=CARTESIAN_POINT('',(54.6655910794462,131.14307106292,3.07587296288169));
#8657=CARTESIAN_POINT('',(54.6678509715139,131.135991633788,4.6184125472847));
#8658=CARTESIAN_POINT('',(54.6678638097874,131.135948947819,4.62761882092347));
#8659=CARTESIAN_POINT('',(54.6653179058153,131.139358937517,3.8));
#8660=CARTESIAN_POINT('',(54.9479959418993,131.743129051205,4.06666684000313));
#8661=CARTESIAN_POINT('',(55.2302298301089,132.34710749097,4.33333394977932));
#8662=CARTESIAN_POINT('',(55.5141926988508,132.950274932305,4.59999999999997));
#8663=CARTESIAN_POINT('',(55.5141926988508,132.950274932305,4.6));
#8664=CARTESIAN_POINT('',(54.6653179058153,131.139358937517,3.8));
#8665=CARTESIAN_POINT('',(55.5141926988508,132.950274932305,4.6));
#8666=CARTESIAN_POINT('',(55.6553870477289,133.252227376114,4.6));
#8667=CARTESIAN_POINT('',(55.7965650582742,133.554187453814,4.6));
#8668=CARTESIAN_POINT('',(55.9375032244074,133.856259595955,4.6));
#8669=CARTESIAN_POINT('',(55.9375032244075,133.856259595955,4.6));
#8670=CARTESIAN_POINT('',(55.9375032244075,133.856259595955,4.6));
#8671=CARTESIAN_POINT('',(55.9300833863103,133.878124623106,3.06665930712168));
#8672=CARTESIAN_POINT('',(55.9217198130886,133.900430590952,1.53332972187526));
#8673=CARTESIAN_POINT('',(55.9133767426818,133.922726978027,6.00050769023469E-16));
#8674=CARTESIAN_POINT('',(55.0814772418539,132.048685856261,3.));
#8675=CARTESIAN_POINT('',(55.0732043276603,132.052552372389,1.99995760421036));
#8676=CARTESIAN_POINT('',(55.0607908115,132.05835408377,0.999964973193188));
#8677=CARTESIAN_POINT('',(55.0468519183643,132.064868711367,1.16741075184405E-15));
#8678=CARTESIAN_POINT('',(55.0814772418539,132.048685856261,3.));
#8679=CARTESIAN_POINT('',(54.6602383871778,131.141732954734,3.));
#8680=CARTESIAN_POINT('',(54.800803745843,131.443979802326,3.));
#8681=CARTESIAN_POINT('',(54.9411991099054,131.74630560477,3.));
#8682=CARTESIAN_POINT('',(55.0814772418539,132.048685856261,3.));
#8683=CARTESIAN_POINT('',(54.6602383871778,131.141732954734,3.));
#8684=CARTESIAN_POINT('',(54.6653179058153,131.139358937517,3.8));
#8685=CARTESIAN_POINT('',(54.6639140452518,131.140015060545,3.53333109511769));
#8686=CARTESIAN_POINT('',(54.6622158151184,131.140808763229,3.26666446757561));
#8687=CARTESIAN_POINT('',(54.6602383871778,131.141732954734,3.));
#8688=CARTESIAN_POINT('',(55.3014332605976,130.84205737959,4.6));
#8689=CARTESIAN_POINT('',(60.1029080418902,128.597989661224,3.8));
#8690=CARTESIAN_POINT('',(55.3014332605976,130.84205737959,3.));
#8691=CARTESIAN_POINT('',(55.7248422640629,131.74799601757,3.));
#8692=CARTESIAN_POINT('',(65.9619488732339,126.963474278413,3.));
#8693=CARTESIAN_POINT('',(56.265166972787,133.730714910692,2.3));
#8694=CARTESIAN_POINT('',(56.2545817477004,133.708066444742,4.6));
#8695=CARTESIAN_POINT('',(56.5716602709933,133.559873293529,4.6));
#8696=CARTESIAN_POINT('',(56.6048311532583,133.571913735921,2.30434679896055));
#8697=CARTESIAN_POINT('',(56.4355303606434,133.2095610792,2.3));
#8698=CARTESIAN_POINT('',(56.4128818946939,133.220146304287,4.6));
#8699=CARTESIAN_POINT('',(56.2329330682211,132.835122383145,4.6));
#8700=CARTESIAN_POINT('',(56.2662295680284,132.847208422479,2.29565320103945));
#8701=CARTESIAN_POINT('',(58.4857164223076,131.809833565519,2.3));
#8702=CARTESIAN_POINT('',(58.475131197221,131.787185099569,4.6));
#8703=CARTESIAN_POINT('',(60.7173293262208,130.739247815993,4.6));
#8704=CARTESIAN_POINT('',(60.7051264447243,130.772866210752,2.27337585636665));
#8705=CARTESIAN_POINT('',(60.8746296867441,131.134856962221,2.3));
#8706=CARTESIAN_POINT('',(60.8972781526936,131.124271737134,4.6));
#8707=CARTESIAN_POINT('',(61.056056528993,131.463998726376,4.6));
#8708=CARTESIAN_POINT('',(61.0440146616965,131.49717353419,2.30407512402551));
#8709=CARTESIAN_POINT('',(61.3837202773726,131.338454041113,2.3));
#8710=CARTESIAN_POINT('',(61.3731350522859,131.315805575164,4.6));
#8711=CARTESIAN_POINT('',(61.6902135755788,131.167612423951,4.6));
#8712=CARTESIAN_POINT('',(61.7233844578438,131.179652866343,2.30434679896056));
#8713=CARTESIAN_POINT('',(61.5540836652289,130.817300209622,2.3));
#8714=CARTESIAN_POINT('',(61.5314351992794,130.827885434708,4.6));
#8715=CARTESIAN_POINT('',(61.3514863728067,130.442861513567,4.6));
#8716=CARTESIAN_POINT('',(61.384782872614,130.454947552901,2.29565320103945));
#8717=CARTESIAN_POINT('',(63.6042697268932,129.41757269594,2.3));
#8718=CARTESIAN_POINT('',(63.5936845018065,129.394924229991,4.6));
#8719=CARTESIAN_POINT('',(65.8358826308064,128.346986946414,4.6));
#8720=CARTESIAN_POINT('',(65.8236797493098,128.380605341174,2.27337585636663));
#8721=CARTESIAN_POINT('',(65.9931829913296,128.742596092642,2.3));
#8722=CARTESIAN_POINT('',(66.0158314572791,128.732010867556,4.6));
#8723=CARTESIAN_POINT('',(66.1746098335785,129.071737856798,4.6));
#8724=CARTESIAN_POINT('',(66.162567966282,129.104912664611,2.30407512402552));
#8725=CARTESIAN_POINT('',(66.5022735819581,128.946193171535,2.3));
#8726=CARTESIAN_POINT('',(66.4916883568714,128.923544705585,4.6));
#8727=CARTESIAN_POINT('',(0.,0.,3.));
#8728=CARTESIAN_POINT('',(0.,0.,4.6));
#8729=CARTESIAN_POINT('',(60.9497260488207,130.409866937184,4.6));
#8730=CARTESIAN_POINT('',(60.1029080418902,128.597989661224,3.8));
#8731=CARTESIAN_POINT('',(-133.507925351849,48.9168886300561,3.3));
#8732=CARTESIAN_POINT('',(-133.618186332731,48.5837707588829,6.6));
#8733=CARTESIAN_POINT('',(-133.639733433962,48.5752301093262,4.39999580627852));
#8734=CARTESIAN_POINT('',(-133.661593870725,48.5659291287402,2.19999775147509));
#8735=CARTESIAN_POINT('',(-133.68346715323,48.5565969760199,2.6992115749697E-16));
#8736=CARTESIAN_POINT('',(-133.618186332731,48.5837707588829,6.6));
#8737=CARTESIAN_POINT('',(-133.484811701009,48.9073618706473,6.6));
#8738=CARTESIAN_POINT('',(-133.351437069286,49.2309529824116,6.6));
#8739=CARTESIAN_POINT('',(-133.365012265356,49.263565296359,3.30284058303684));
#8740=CARTESIAN_POINT('',(-131.040196690368,47.4703972987819,-0.0396328476551889));
#8741=CARTESIAN_POINT('',(-131.040128738104,47.4705279819588,-0.0264218984402216));
#8742=CARTESIAN_POINT('',(-131.02884021493,47.4924210978704,2.18678901839293));
#8743=CARTESIAN_POINT('',(-131.03366242326,47.5144372927193,4.41320933292916));
#8744=CARTESIAN_POINT('',(-131.025159308977,47.5184722991804,6.6264186010845));
#8745=CARTESIAN_POINT('',(-131.02510808825,47.5184957496317,6.63962790162162));
#8746=CARTESIAN_POINT('',(-131.910871756801,47.8234678562653,-0.0395908123214329));
#8747=CARTESIAN_POINT('',(-131.910791591386,47.8235981351739,-0.026380549549359));
#8748=CARTESIAN_POINT('',(-131.897446544836,47.8454349594913,2.18671689259978));
#8749=CARTESIAN_POINT('',(-131.898424422793,47.8693332725595,4.41328145861547));
#8750=CARTESIAN_POINT('',(-131.892398512964,47.8720677583026,6.62637725236273));
#8751=CARTESIAN_POINT('',(-131.892362300189,47.8720833344415,6.63958586654488));
#8752=CARTESIAN_POINT('',(-132.807329510192,48.1955189942263,-0.0395908123214054));
#8753=CARTESIAN_POINT('',(-132.807228366519,48.1956050057798,-0.0263805495493331));
#8754=CARTESIAN_POINT('',(-132.790264659638,48.2100056011977,2.18671689259954));
#8755=CARTESIAN_POINT('',(-132.769934923463,48.2230011898346,4.41328145861574));
#8756=CARTESIAN_POINT('',(-132.758476135721,48.2302631389056,6.62637725236267));
#8757=CARTESIAN_POINT('',(-132.758408055013,48.2303062807792,6.63958586654483));
#8758=CARTESIAN_POINT('',(-133.694761851058,48.5609172848753,-0.0396333696964952));
#8759=CARTESIAN_POINT('',(-133.694636723919,48.560975669232,-0.0264224119565199));
#8760=CARTESIAN_POINT('',(-133.673655075759,48.5707485682687,2.1867899141309));
#8761=CARTESIAN_POINT('',(-133.649278935145,48.5791985883097,4.4132084371925));
#8762=CARTESIAN_POINT('',(-133.628648262379,48.5882842402676,6.62641911459871));
#8763=CARTESIAN_POINT('',(-133.628525257933,48.588338491282,6.63962842365973));
#8764=CARTESIAN_POINT('',(-133.700221268481,48.5631650773781,-0.0396336331234296));
#8765=CARTESIAN_POINT('',(-133.700095993676,48.5632232923897,-0.0264226710816555));
#8766=CARTESIAN_POINT('',(-133.679089610885,48.5729678260612,2.18679036612866));
#8767=CARTESIAN_POINT('',(-133.654689224852,48.5813901194994,4.41320798519541));
#8768=CARTESIAN_POINT('',(-133.634001983177,48.5904868897326,6.62641937372278));
#8769=CARTESIAN_POINT('',(-133.633878639957,48.5905412084748,6.63962868708506));
#8770=CARTESIAN_POINT('',(-131.865427428137,47.8503269536865,4.4));
#8771=CARTESIAN_POINT('',(-131.807438466143,47.8160695150341,2.93330488342531));
#8772=CARTESIAN_POINT('',(-131.751039659827,47.7779578267389,1.46664126560715));
#8773=CARTESIAN_POINT('',(-131.695415869533,47.7379684748268,1.57774754525465E-15));
#8774=CARTESIAN_POINT('',(-131.865427428137,47.8503269536865,4.4));
#8775=CARTESIAN_POINT('',(-131.865427428137,47.8503269536865,4.4));
#8776=CARTESIAN_POINT('',(-131.587720979946,47.7368370662717,4.4));
#8777=CARTESIAN_POINT('',(-131.310015922907,47.623343774436,4.4));
#8778=CARTESIAN_POINT('',(-131.03229710976,47.5098841464929,4.4));
#8779=CARTESIAN_POINT('',(-131.03229710976,47.5098841464929,4.4));
#8780=CARTESIAN_POINT('',(-131.031370710882,47.512131758644,4.8));
#8781=CARTESIAN_POINT('',(-131.03166579141,47.5114158396199,4.6666664478637));
#8782=CARTESIAN_POINT('',(-131.03197473993,47.5106662743252,4.53333311690505));
#8783=CARTESIAN_POINT('',(-131.03229710976,47.5098841464928,4.4));
#8784=CARTESIAN_POINT('',(-131.031370710882,47.512131758644,4.8));
#8785=CARTESIAN_POINT('',(-132.693517413164,48.2029985262081,6.6));
#8786=CARTESIAN_POINT('',(-132.139845334381,47.9717997113555,6.00000165625192));
#8787=CARTESIAN_POINT('',(-131.585463865427,47.7423139483535,5.400000241948));
#8788=CARTESIAN_POINT('',(-131.031370710882,47.512131758644,4.8));
#8789=CARTESIAN_POINT('',(-132.693517413164,48.2029985262081,6.6));
#8790=CARTESIAN_POINT('',(-133.618186332731,48.5837707588829,6.6));
#8791=CARTESIAN_POINT('',(-133.30991780693,48.4569573014827,6.6));
#8792=CARTESIAN_POINT('',(-133.001730953328,48.3299455109656,6.6));
#8793=CARTESIAN_POINT('',(-132.693517413164,48.2029985262081,6.6));
#8794=CARTESIAN_POINT('',(-129.482672007405,53.3689062078563,2.2));
#8795=CARTESIAN_POINT('',(-127.284825793397,58.9636995372963,4.4));
#8796=CARTESIAN_POINT('',(-127.219539559704,58.947146606852,2.93330488342531));
#8797=CARTESIAN_POINT('',(-127.152665817794,58.9344490172529,1.46664126560713));
#8798=CARTESIAN_POINT('',(-127.085018938555,58.923629865616,-4.88870028591495E-15));
#8799=CARTESIAN_POINT('',(-127.284825793397,58.9636995372963,4.4));
#8800=CARTESIAN_POINT('',(-129.575126610767,53.4070132454914,4.4));
#8801=CARTESIAN_POINT('',(-129.089031929532,59.7507489495056,-0.0396312404279539));
#8802=CARTESIAN_POINT('',(-129.088984061361,59.7506193767408,-0.0264210759513583));
#8803=CARTESIAN_POINT('',(-129.080944880354,59.7289031322155,2.18679116369211));
#8804=CARTESIAN_POINT('',(-129.069565720649,59.7057335808717,4.41320798043857));
#8805=CARTESIAN_POINT('',(-129.061296554855,59.6847018407644,6.62641936420908));
#8806=CARTESIAN_POINT('',(-129.061247308977,59.684576385967,6.63962867281451));
#8807=CARTESIAN_POINT('',(-129.083574215236,59.7484970250016,-0.0396309770017987));
#8808=CARTESIAN_POINT('',(-129.083526571158,59.7483674361264,-0.0264208168267352));
#8809=CARTESIAN_POINT('',(-129.075524928315,59.7266484932364,2.18679071169468));
#8810=CARTESIAN_POINT('',(-129.064182509548,59.7034763520585,4.41320843243566));
#8811=CARTESIAN_POINT('',(-129.055945649078,59.682492361542,6.62641910508501));
#8812=CARTESIAN_POINT('',(-129.055896595862,59.6823671935146,6.63962840938919));
#8813=CARTESIAN_POINT('',(-128.196406066256,59.3824577723338,-0.0395884197525736));
#8814=CARTESIAN_POINT('',(-128.196394905008,59.3823254797425,-0.0263789545023449));
#8815=CARTESIAN_POINT('',(-128.194505106672,59.3601540379939,2.18671769021563));
#8816=CARTESIAN_POINT('',(-128.189236859032,59.3366077294905,4.41328145385853));
#8817=CARTESIAN_POINT('',(-128.186223056322,59.3233806090981,6.62637724284949));
#8818=CARTESIAN_POINT('',(-128.18620514749,59.3233020249195,6.63958585227506));
#8819=CARTESIAN_POINT('',(-127.29814592659,59.0147795684889,-0.0395884197526042));
#8820=CARTESIAN_POINT('',(-127.298180840475,59.0146306481226,-0.026378954502374));
#8821=CARTESIAN_POINT('',(-127.304098561431,58.9897325123905,2.18671769021585));
#8822=CARTESIAN_POINT('',(-127.321631997644,58.9734640209106,4.41328145385838));
#8823=CARTESIAN_POINT('',(-127.319283000617,58.9672776476274,6.62637724284949));
#8824=CARTESIAN_POINT('',(-127.319268280578,58.9672410785075,6.63958585227505));
#8825=CARTESIAN_POINT('',(-126.431554786705,58.6518006679471,-0.0396304549620364));
#8826=CARTESIAN_POINT('',(-126.431598651004,58.6516600660362,-0.0264203033114526));
#8827=CARTESIAN_POINT('',(-126.439015285173,58.6281710845963,2.18678981595734));
#8828=CARTESIAN_POINT('',(-126.45795034033,58.6159469343628,4.4132093281723));
#8829=CARTESIAN_POINT('',(-126.454759982909,58.6070922266534,6.62641859157081));
#8830=CARTESIAN_POINT('',(-126.454740162178,58.6070394950419,6.63962788735108));
#8831=CARTESIAN_POINT('',(-129.045341816528,59.6783231622308,6.6));
#8832=CARTESIAN_POINT('',(-129.054612975165,59.6995661818798,4.39999580627852));
#8833=CARTESIAN_POINT('',(-129.063570712273,59.7215694971128,2.19999775147509));
#8834=CARTESIAN_POINT('',(-129.072515599391,59.7436039827289,-1.72731789759853E-16));
#8835=CARTESIAN_POINT('',(-129.045341816528,59.6783231622308,6.6));
#8836=CARTESIAN_POINT('',(-128.120918668871,59.2969546422052,6.6));
#8837=CARTESIAN_POINT('',(-128.429069165888,59.4240545811031,6.6));
#8838=CARTESIAN_POINT('',(-128.737246391256,59.551089731467,6.6));
#8839=CARTESIAN_POINT('',(-129.045341816528,59.6783231622308,6.6));
#8840=CARTESIAN_POINT('',(-128.120918668871,59.2969546422052,6.6));
#8841=CARTESIAN_POINT('',(-126.454699650149,58.6159680549082,4.8));
#8842=CARTESIAN_POINT('',(-127.010062183323,58.8430705012176,5.400000241948));
#8843=CARTESIAN_POINT('',(-127.565138569882,59.0708702677344,6.0000016562518));
#8844=CARTESIAN_POINT('',(-128.120918668871,59.2969546422052,6.59999999999998));
#8845=CARTESIAN_POINT('',(-126.454699650149,58.6159680549082,4.8));
#8846=CARTESIAN_POINT('',(-126.454699650149,58.6159680549082,4.8));
#8847=CARTESIAN_POINT('',(-126.454404569621,58.6166839739323,4.6666664478637));
#8848=CARTESIAN_POINT('',(-126.4540956211,58.617433539227,4.53333311690505));
#8849=CARTESIAN_POINT('',(-126.453773251271,58.6182156670593,4.4));
#8850=CARTESIAN_POINT('',(-126.453773251271,58.6182156670593,4.4));
#8851=CARTESIAN_POINT('',(-126.453773251271,58.6182156670593,4.4));
#8852=CARTESIAN_POINT('',(-126.730781929364,58.7333982117862,4.4));
#8853=CARTESIAN_POINT('',(-127.007804567256,58.848547176576,4.4));
#8854=CARTESIAN_POINT('',(-127.284825793397,58.9636995372963,4.4));
#8855=CARTESIAN_POINT('',(-129.201830099091,59.3642588098752,3.3));
#8856=CARTESIAN_POINT('',(-129.344709013181,59.0175634035599,3.30227246642947));
#8857=CARTESIAN_POINT('',(-129.312091079974,59.0311409387022,6.6));
#8858=CARTESIAN_POINT('',(-129.178716448251,59.3547320504665,6.6));
#8859=CARTESIAN_POINT('',(-129.067367680139,58.9032329343655,3.3));
#8860=CARTESIAN_POINT('',(-128.790026347097,58.7889024651712,3.29772753357053));
#8861=CARTESIAN_POINT('',(-128.757363459806,58.802498712892,6.6));
#8862=CARTESIAN_POINT('',(-129.05784092073,58.9263465852058,6.6));
#8863=CARTESIAN_POINT('',(-129.723626292113,56.5237740391103,3.3));
#8864=CARTESIAN_POINT('',(-130.657325123868,54.2588198192647,3.2814415241593));
#8865=CARTESIAN_POINT('',(-130.64366182274,54.2259958465111,6.6));
#8866=CARTESIAN_POINT('',(-129.700512641273,56.5142472797015,6.6));
#8867=CARTESIAN_POINT('',(-130.934612524255,54.3729573696652,3.3));
#8868=CARTESIAN_POINT('',(-131.211964638977,54.4872503862685,3.30284058303684));
#8869=CARTESIAN_POINT('',(-131.198389442907,54.4546380723212,6.6));
#8870=CARTESIAN_POINT('',(-130.944139283664,54.3498437188249,6.6));
#8871=CARTESIAN_POINT('',(-131.35487772547,54.1405737199656,3.3));
#8872=CARTESIAN_POINT('',(-131.49775663956,53.7938783136503,3.30227246642947));
#8873=CARTESIAN_POINT('',(-131.465138706353,53.8074558487926,6.6));
#8874=CARTESIAN_POINT('',(-131.33176407463,54.1310469605569,6.6));
#8875=CARTESIAN_POINT('',(-131.220415306518,53.6795478444559,3.3));
#8876=CARTESIAN_POINT('',(-130.943073973476,53.5652173752615,3.29772753357053));
#8877=CARTESIAN_POINT('',(-130.910411086185,53.5788136229824,6.6));
#8878=CARTESIAN_POINT('',(-131.210888547109,53.7026614952962,6.6));
#8879=CARTESIAN_POINT('',(-131.876673918492,51.3000889492007,3.3));
#8880=CARTESIAN_POINT('',(-132.810372750247,49.0351347293551,3.28144152415931));
#8881=CARTESIAN_POINT('',(-132.796709449119,49.0023107566014,6.6));
#8882=CARTESIAN_POINT('',(-131.853560267652,51.2905621897919,6.6));
#8883=CARTESIAN_POINT('',(-133.087660150634,49.1492722797556,3.3));
#8884=CARTESIAN_POINT('',(-133.097186910043,49.1261586289153,6.6));
#8885=CARTESIAN_POINT('',(0.,0.,4.4));
#8886=CARTESIAN_POINT('',(-131.029457438617,47.5167737051022,4.4));
#8887=CARTESIAN_POINT('',(-131.029457438617,47.5167737051022,6.6));
#8888=CARTESIAN_POINT('',(-128.743035180516,53.0640499067761,4.8));
#8889=CARTESIAN_POINT('',(0.,0.,6.6));
#8890=CARTESIAN_POINT('',(-130.407218041018,53.7499765842066,6.6));
#8891=CARTESIAN_POINT('',(-130.407218041018,53.7499765842066,6.59999999999998));
#8892=CARTESIAN_POINT('',(133.507925351849,48.9168886300561,3.3));
#8893=CARTESIAN_POINT('',(133.365012265356,49.263565296359,3.30284058303684));
#8894=CARTESIAN_POINT('',(133.351437069286,49.2309529824116,6.6));
#8895=CARTESIAN_POINT('',(133.484811701009,48.9073618706473,6.6));
#8896=CARTESIAN_POINT('',(133.618186332731,48.5837707588829,6.6));
#8897=CARTESIAN_POINT('',(133.618186332731,48.5837707588829,6.6));
#8898=CARTESIAN_POINT('',(133.639733433962,48.5752301093262,4.39999580627852));
#8899=CARTESIAN_POINT('',(133.661593870725,48.5659291287402,2.19999775147509));
#8900=CARTESIAN_POINT('',(133.68346715323,48.5565969760199,2.6992115749697E-16));
#8901=CARTESIAN_POINT('',(131.040196690368,47.4703972987819,-0.0396328476551889));
#8902=CARTESIAN_POINT('',(131.040128738104,47.4705279819588,-0.0264218984402216));
#8903=CARTESIAN_POINT('',(131.02884021493,47.4924210978704,2.18678901839293));
#8904=CARTESIAN_POINT('',(131.03366242326,47.5144372927193,4.41320933292916));
#8905=CARTESIAN_POINT('',(131.025159308977,47.5184722991804,6.6264186010845));
#8906=CARTESIAN_POINT('',(131.02510808825,47.5184957496317,6.63962790162162));
#8907=CARTESIAN_POINT('',(131.910871756801,47.8234678562653,-0.0395908123214329));
#8908=CARTESIAN_POINT('',(131.910791591386,47.8235981351739,-0.026380549549359));
#8909=CARTESIAN_POINT('',(131.897446544836,47.8454349594913,2.18671689259978));
#8910=CARTESIAN_POINT('',(131.898424422793,47.8693332725595,4.41328145861547));
#8911=CARTESIAN_POINT('',(131.892398512964,47.8720677583026,6.62637725236273));
#8912=CARTESIAN_POINT('',(131.892362300189,47.8720833344415,6.63958586654488));
#8913=CARTESIAN_POINT('',(132.807329510192,48.1955189942263,-0.0395908123214054));
#8914=CARTESIAN_POINT('',(132.807228366519,48.1956050057798,-0.0263805495493331));
#8915=CARTESIAN_POINT('',(132.790264659638,48.2100056011977,2.18671689259954));
#8916=CARTESIAN_POINT('',(132.769934923463,48.2230011898346,4.41328145861574));
#8917=CARTESIAN_POINT('',(132.758476135721,48.2302631389056,6.62637725236267));
#8918=CARTESIAN_POINT('',(132.758408055013,48.2303062807792,6.63958586654483));
#8919=CARTESIAN_POINT('',(133.694761851058,48.5609172848753,-0.0396333696964952));
#8920=CARTESIAN_POINT('',(133.694636723919,48.560975669232,-0.0264224119565199));
#8921=CARTESIAN_POINT('',(133.673655075759,48.5707485682687,2.1867899141309));
#8922=CARTESIAN_POINT('',(133.649278935145,48.5791985883097,4.4132084371925));
#8923=CARTESIAN_POINT('',(133.628648262379,48.5882842402676,6.62641911459871));
#8924=CARTESIAN_POINT('',(133.628525257933,48.588338491282,6.63962842365973));
#8925=CARTESIAN_POINT('',(133.700221268481,48.5631650773781,-0.0396336331234296));
#8926=CARTESIAN_POINT('',(133.700095993676,48.5632232923897,-0.0264226710816555));
#8927=CARTESIAN_POINT('',(133.679089610885,48.5729678260612,2.18679036612866));
#8928=CARTESIAN_POINT('',(133.654689224852,48.5813901194994,4.41320798519541));
#8929=CARTESIAN_POINT('',(133.634001983177,48.5904868897326,6.62641937372278));
#8930=CARTESIAN_POINT('',(133.633878639957,48.5905412084748,6.63962868708506));
#8931=CARTESIAN_POINT('',(133.618186332731,48.5837707588829,6.6));
#8932=CARTESIAN_POINT('',(133.30991780693,48.4569573014827,6.6));
#8933=CARTESIAN_POINT('',(133.001730953328,48.3299455109656,6.6));
#8934=CARTESIAN_POINT('',(132.693517413164,48.2029985262081,6.6));
#8935=CARTESIAN_POINT('',(132.693517413164,48.2029985262081,6.6));
#8936=CARTESIAN_POINT('',(132.693517413164,48.2029985262081,6.6));
#8937=CARTESIAN_POINT('',(132.139845334381,47.9717997113555,6.00000165625192));
#8938=CARTESIAN_POINT('',(131.585463865427,47.7423139483535,5.400000241948));
#8939=CARTESIAN_POINT('',(131.031370710882,47.512131758644,4.8));
#8940=CARTESIAN_POINT('',(131.031370710882,47.512131758644,4.8));
#8941=CARTESIAN_POINT('',(131.031370710882,47.512131758644,4.8));
#8942=CARTESIAN_POINT('',(131.03166579141,47.5114158396199,4.6666664478637));
#8943=CARTESIAN_POINT('',(131.03197473993,47.5106662743252,4.53333311690505));
#8944=CARTESIAN_POINT('',(131.03229710976,47.5098841464928,4.4));
#8945=CARTESIAN_POINT('',(131.03229710976,47.5098841464929,4.4));
#8946=CARTESIAN_POINT('',(131.865427428137,47.8503269536865,4.4));
#8947=CARTESIAN_POINT('',(131.587720979946,47.7368370662717,4.4));
#8948=CARTESIAN_POINT('',(131.310015922907,47.623343774436,4.4));
#8949=CARTESIAN_POINT('',(131.03229710976,47.5098841464929,4.4));
#8950=CARTESIAN_POINT('',(131.865427428137,47.8503269536865,4.4));
#8951=CARTESIAN_POINT('',(131.865427428137,47.8503269536865,4.4));
#8952=CARTESIAN_POINT('',(131.807438466143,47.8160695150341,2.93330488342531));
#8953=CARTESIAN_POINT('',(131.751039659827,47.7779578267389,1.46664126560715));
#8954=CARTESIAN_POINT('',(131.695415869533,47.7379684748268,1.57774754525465E-15));
#8955=CARTESIAN_POINT('',(129.482672007405,53.3689062078563,2.2));
#8956=CARTESIAN_POINT('',(129.575126610767,53.4070132454914,4.4));
#8957=CARTESIAN_POINT('',(127.284825793397,58.9636995372963,4.4));
#8958=CARTESIAN_POINT('',(127.284825793397,58.9636995372963,4.4));
#8959=CARTESIAN_POINT('',(127.219539559704,58.947146606852,2.93330488342531));
#8960=CARTESIAN_POINT('',(127.152665817794,58.9344490172529,1.46664126560713));
#8961=CARTESIAN_POINT('',(127.085018938555,58.923629865616,-4.88870028591495E-15));
#8962=CARTESIAN_POINT('',(129.089031929532,59.7507489495056,-0.0396312404279539));
#8963=CARTESIAN_POINT('',(129.088984061361,59.7506193767408,-0.0264210759513583));
#8964=CARTESIAN_POINT('',(129.080944880354,59.7289031322155,2.18679116369211));
#8965=CARTESIAN_POINT('',(129.069565720649,59.7057335808717,4.41320798043857));
#8966=CARTESIAN_POINT('',(129.061296554855,59.6847018407644,6.62641936420908));
#8967=CARTESIAN_POINT('',(129.061247308977,59.684576385967,6.63962867281451));
#8968=CARTESIAN_POINT('',(129.083574215236,59.7484970250016,-0.0396309770017987));
#8969=CARTESIAN_POINT('',(129.083526571158,59.7483674361264,-0.0264208168267352));
#8970=CARTESIAN_POINT('',(129.075524928315,59.7266484932364,2.18679071169468));
#8971=CARTESIAN_POINT('',(129.064182509548,59.7034763520585,4.41320843243566));
#8972=CARTESIAN_POINT('',(129.055945649078,59.682492361542,6.62641910508501));
#8973=CARTESIAN_POINT('',(129.055896595862,59.6823671935146,6.63962840938919));
#8974=CARTESIAN_POINT('',(128.196406066256,59.3824577723338,-0.0395884197525736));
#8975=CARTESIAN_POINT('',(128.196394905008,59.3823254797425,-0.0263789545023449));
#8976=CARTESIAN_POINT('',(128.194505106672,59.3601540379939,2.18671769021563));
#8977=CARTESIAN_POINT('',(128.189236859032,59.3366077294905,4.41328145385853));
#8978=CARTESIAN_POINT('',(128.186223056322,59.3233806090981,6.62637724284949));
#8979=CARTESIAN_POINT('',(128.18620514749,59.3233020249195,6.63958585227506));
#8980=CARTESIAN_POINT('',(127.29814592659,59.0147795684889,-0.0395884197526042));
#8981=CARTESIAN_POINT('',(127.298180840475,59.0146306481226,-0.026378954502374));
#8982=CARTESIAN_POINT('',(127.304098561431,58.9897325123905,2.18671769021585));
#8983=CARTESIAN_POINT('',(127.321631997644,58.9734640209106,4.41328145385838));
#8984=CARTESIAN_POINT('',(127.319283000617,58.9672776476274,6.62637724284949));
#8985=CARTESIAN_POINT('',(127.319268280578,58.9672410785075,6.63958585227505));
#8986=CARTESIAN_POINT('',(126.431554786705,58.6518006679471,-0.0396304549620364));
#8987=CARTESIAN_POINT('',(126.431598651004,58.6516600660362,-0.0264203033114526));
#8988=CARTESIAN_POINT('',(126.439015285173,58.6281710845963,2.18678981595734));
#8989=CARTESIAN_POINT('',(126.45795034033,58.6159469343628,4.4132093281723));
#8990=CARTESIAN_POINT('',(126.454759982909,58.6070922266534,6.62641859157081));
#8991=CARTESIAN_POINT('',(126.454740162178,58.6070394950419,6.63962788735108));
#8992=CARTESIAN_POINT('',(126.453773251271,58.6182156670593,4.4));
#8993=CARTESIAN_POINT('',(126.730781929364,58.7333982117862,4.4));
#8994=CARTESIAN_POINT('',(127.007804567256,58.848547176576,4.4));
#8995=CARTESIAN_POINT('',(127.284825793397,58.9636995372963,4.4));
#8996=CARTESIAN_POINT('',(126.453773251271,58.6182156670593,4.4));
#8997=CARTESIAN_POINT('',(126.454699650149,58.6159680549082,4.8));
#8998=CARTESIAN_POINT('',(126.454404569621,58.6166839739323,4.6666664478637));
#8999=CARTESIAN_POINT('',(126.4540956211,58.617433539227,4.53333311690505));
#9000=CARTESIAN_POINT('',(126.453773251271,58.6182156670593,4.4));
#9001=CARTESIAN_POINT('',(126.454699650149,58.6159680549082,4.8));
#9002=CARTESIAN_POINT('',(126.454699650149,58.6159680549082,4.8));
#9003=CARTESIAN_POINT('',(127.010062183323,58.8430705012176,5.400000241948));
#9004=CARTESIAN_POINT('',(127.565138569882,59.0708702677344,6.0000016562518));
#9005=CARTESIAN_POINT('',(128.120918668871,59.2969546422052,6.59999999999998));
#9006=CARTESIAN_POINT('',(128.120918668871,59.2969546422052,6.6));
#9007=CARTESIAN_POINT('',(128.120918668871,59.2969546422052,6.6));
#9008=CARTESIAN_POINT('',(128.429069165888,59.4240545811031,6.6));
#9009=CARTESIAN_POINT('',(128.737246391256,59.551089731467,6.6));
#9010=CARTESIAN_POINT('',(129.045341816528,59.6783231622308,6.6));
#9011=CARTESIAN_POINT('',(129.045341816528,59.6783231622308,6.6));
#9012=CARTESIAN_POINT('',(129.045341816528,59.6783231622308,6.6));
#9013=CARTESIAN_POINT('',(129.054612975165,59.6995661818798,4.39999580627852));
#9014=CARTESIAN_POINT('',(129.063570712273,59.7215694971128,2.19999775147509));
#9015=CARTESIAN_POINT('',(129.072515599391,59.7436039827289,-1.72731789759853E-16));
#9016=CARTESIAN_POINT('',(129.201830099091,59.3642588098752,3.3));
#9017=CARTESIAN_POINT('',(129.178716448251,59.3547320504665,6.6));
#9018=CARTESIAN_POINT('',(129.312091079974,59.0311409387022,6.6));
#9019=CARTESIAN_POINT('',(129.344709013181,59.0175634035599,3.30227246642947));
#9020=CARTESIAN_POINT('',(129.067367680139,58.9032329343655,3.3));
#9021=CARTESIAN_POINT('',(129.05784092073,58.9263465852058,6.6));
#9022=CARTESIAN_POINT('',(128.757363459806,58.802498712892,6.6));
#9023=CARTESIAN_POINT('',(128.790026347097,58.7889024651712,3.29772753357053));
#9024=CARTESIAN_POINT('',(129.723626292113,56.5237740391103,3.3));
#9025=CARTESIAN_POINT('',(129.700512641273,56.5142472797015,6.6));
#9026=CARTESIAN_POINT('',(130.64366182274,54.2259958465111,6.6));
#9027=CARTESIAN_POINT('',(130.657325123868,54.2588198192647,3.2814415241593));
#9028=CARTESIAN_POINT('',(130.934612524255,54.3729573696652,3.3));
#9029=CARTESIAN_POINT('',(130.944139283664,54.3498437188249,6.6));
#9030=CARTESIAN_POINT('',(131.198389442907,54.4546380723212,6.6));
#9031=CARTESIAN_POINT('',(131.211964638977,54.4872503862685,3.30284058303684));
#9032=CARTESIAN_POINT('',(131.35487772547,54.1405737199656,3.3));
#9033=CARTESIAN_POINT('',(131.33176407463,54.1310469605569,6.6));
#9034=CARTESIAN_POINT('',(131.465138706353,53.8074558487926,6.6));
#9035=CARTESIAN_POINT('',(131.49775663956,53.7938783136503,3.30227246642947));
#9036=CARTESIAN_POINT('',(131.220415306518,53.6795478444559,3.3));
#9037=CARTESIAN_POINT('',(131.210888547109,53.7026614952962,6.6));
#9038=CARTESIAN_POINT('',(130.910411086185,53.5788136229824,6.6));
#9039=CARTESIAN_POINT('',(130.943073973476,53.5652173752615,3.29772753357053));
#9040=CARTESIAN_POINT('',(131.876673918492,51.3000889492007,3.3));
#9041=CARTESIAN_POINT('',(131.853560267652,51.2905621897919,6.6));
#9042=CARTESIAN_POINT('',(132.796709449119,49.0023107566014,6.6));
#9043=CARTESIAN_POINT('',(132.810372750247,49.0351347293551,3.28144152415931));
#9044=CARTESIAN_POINT('',(133.087660150634,49.1492722797556,3.3));
#9045=CARTESIAN_POINT('',(133.097186910043,49.1261586289153,6.6));
#9046=CARTESIAN_POINT('',(0.,0.,4.4));
#9047=CARTESIAN_POINT('',(131.029457438617,47.5167737051022,4.4));
#9048=CARTESIAN_POINT('',(131.029457438617,47.5167737051022,6.6));
#9049=CARTESIAN_POINT('',(128.743035180516,53.0640499067761,4.8));
#9050=CARTESIAN_POINT('',(0.,0.,6.6));
#9051=CARTESIAN_POINT('',(130.407218041018,53.7499765842066,6.6));
#9052=CARTESIAN_POINT('',(130.407218041018,53.7499765842066,6.59999999999998));
#9053=CARTESIAN_POINT('',(-113.345877159362,-53.0649154901344,3.3));
#9054=CARTESIAN_POINT('',(-113.187158576133,-53.3748493346995,7.));
#9055=CARTESIAN_POINT('',(-113.19699290722,-53.3972988770316,4.66666172381888));
#9056=CARTESIAN_POINT('',(-113.206454576972,-53.4206479603907,2.33333067238265));
#9057=CARTESIAN_POINT('',(-113.215900774728,-53.444034388948,2.73309289285988E-16));
#9058=CARTESIAN_POINT('',(-113.187158576133,-53.3748493346995,7.));
#9059=CARTESIAN_POINT('',(-113.319980536102,-53.0541887575606,7.));
#9060=CARTESIAN_POINT('',(-113.452760090665,-52.7336305561286,7.));
#9061=CARTESIAN_POINT('',(-113.489355329828,-52.7184723117492,3.30284058303684));
#9062=CARTESIAN_POINT('',(-110.57684152212,-52.3476489545414,-0.0420329422731648));
#9063=CARTESIAN_POINT('',(-110.576888253932,-52.3474998587427,-0.0280219615192989));
#9064=CARTESIAN_POINT('',(-110.584344449753,-52.3240112519723,2.18598898681847));
#9065=CARTESIAN_POINT('',(-110.604449723724,-52.3110812876093,4.54734796024681));
#9066=CARTESIAN_POINT('',(-110.599669025706,-52.3018931813258,6.89469584366827));
#9067=CARTESIAN_POINT('',(-110.599277679882,-52.3013299287333,7.04204376488325));
#9068=CARTESIAN_POINT('',(-111.442799449924,-52.7121413030026,-0.041990782130057));
#9069=CARTESIAN_POINT('',(-111.442836703638,-52.7119833797979,-0.0279805305572083));
#9070=CARTESIAN_POINT('',(-111.448795866613,-52.6870834390618,2.18591680919066));
#9071=CARTESIAN_POINT('',(-111.467422060707,-52.6698614248579,4.54742877687765));
#9072=CARTESIAN_POINT('',(-111.463671468096,-52.6639345217812,6.8946398200661));
#9073=CARTESIAN_POINT('',(-111.463353996754,-52.6636037174222,7.04197808700002));
#9074=CARTESIAN_POINT('',(-112.340425278555,-53.0813838558614,-0.0419907821300291));
#9075=CARTESIAN_POINT('',(-112.340413700805,-53.0812435286065,-0.0279805305571821));
#9076=CARTESIAN_POINT('',(-112.33856313934,-53.0590612490125,2.18591680919042));
#9077=CARTESIAN_POINT('',(-112.333019176875,-53.0340781217048,4.54742877687795));
#9078=CARTESIAN_POINT('',(-112.329988767843,-53.0206974324654,6.89463982004028));
#9079=CARTESIAN_POINT('',(-112.329807682597,-53.0198997010654,7.04197808697244));
#9080=CARTESIAN_POINT('',(-113.226960240971,-53.4489706325488,-0.0420334659022753));
#9081=CARTESIAN_POINT('',(-113.226909963424,-53.4488331057373,-0.0280224760919787));
#9082=CARTESIAN_POINT('',(-113.218944536518,-53.427092845309,2.18598988326486));
#9083=CARTESIAN_POINT('',(-113.206957580034,-53.4024953221809,4.54734695650395));
#9084=CARTESIAN_POINT('',(-113.198455144847,-53.380356279765,6.89469653948782));
#9085=CARTESIAN_POINT('',(-113.197934005731,-53.3789750863031,7.04204458060941));
#9086=CARTESIAN_POINT('',(-113.232414449655,-53.4512322389474,-0.0420337301306029));
#9087=CARTESIAN_POINT('',(-113.23236393438,-53.4510947288096,-0.0280227357503436));
#9088=CARTESIAN_POINT('',(-113.224360948013,-53.4293571023996,2.1859903356204));
#9089=CARTESIAN_POINT('',(-113.212335016343,-53.4047622582921,4.54734645000559));
#9090=CARTESIAN_POINT('',(-113.203798680187,-53.382569278866,6.8946968906007));
#9091=CARTESIAN_POINT('',(-113.203275430881,-53.3811844911255,7.04204499222805));
#9092=CARTESIAN_POINT('',(-111.447331941737,-52.6656530690692,4.8));
#9093=CARTESIAN_POINT('',(-111.376465830362,-52.6466896659026,3.19996793864226));
#9094=CARTESIAN_POINT('',(-111.303614022234,-52.6325241581782,1.59996954848939));
#9095=CARTESIAN_POINT('',(-111.229838265108,-52.6205926864274,2.81545543096523E-15));
#9096=CARTESIAN_POINT('',(-111.447331941737,-52.6656530690692,4.8));
#9097=CARTESIAN_POINT('',(-111.447331941737,-52.6656530690692,4.8));
#9098=CARTESIAN_POINT('',(-111.1648968913,-52.5477364951054,4.8));
#9099=CARTESIAN_POINT('',(-110.882464993119,-52.4298123726392,4.8));
#9100=CARTESIAN_POINT('',(-110.60005704454,-52.3118308996231,4.8));
#9101=CARTESIAN_POINT('',(-110.60005704454,-52.3118308996231,4.8));
#9102=CARTESIAN_POINT('',(-110.600903835005,-52.3097865665968,5.19999999999994));
#9103=CARTESIAN_POINT('',(-110.600635799193,-52.3104336622891,5.06666646099678));
#9104=CARTESIAN_POINT('',(-110.600353384594,-52.3111154714442,4.93333312984786));
#9105=CARTESIAN_POINT('',(-110.60005704454,-52.311830899623,4.8));
#9106=CARTESIAN_POINT('',(-110.600903835005,-52.3097865665968,5.19999999999994));
#9107=CARTESIAN_POINT('',(-112.265793969928,-52.9940128965592,7.));
#9108=CARTESIAN_POINT('',(-111.710288671861,-52.7672520579375,6.40000240886443));
#9109=CARTESIAN_POINT('',(-111.155742202317,-52.538165321525,5.80000057722624));
#9110=CARTESIAN_POINT('',(-110.600903835005,-52.3097865665968,5.19999999999997));
#9111=CARTESIAN_POINT('',(-112.265793969928,-52.9940128965592,7.));
#9112=CARTESIAN_POINT('',(-113.187158576133,-53.3748493346995,7.));
#9113=CARTESIAN_POINT('',(-112.880081649693,-53.247795932037,7.));
#9114=CARTESIAN_POINT('',(-112.572913449939,-53.1209633485838,7.));
#9115=CARTESIAN_POINT('',(-112.265793969928,-52.9940128965592,7.));
#9116=CARTESIAN_POINT('',(-113.637182498889,-47.0700621809064,2.2));
#9117=CARTESIAN_POINT('',(-116.045404581903,-41.5649237404061,4.8));
#9118=CARTESIAN_POINT('',(-115.981885523023,-41.5282229834591,3.19996793864231));
#9119=CARTESIAN_POINT('',(-115.920354988905,-41.4867255024792,1.59996954848941));
#9120=CARTESIAN_POINT('',(-115.859750826169,-41.4429949889123,-3.16867746378443E-15));
#9121=CARTESIAN_POINT('',(-116.045404581903,-41.564923740406,4.8));
#9122=CARTESIAN_POINT('',(-113.746368261822,-47.1152884047314,4.8));
#9123=CARTESIAN_POINT('',(-117.863136863708,-42.271679339045,-0.042031337435126));
#9124=CARTESIAN_POINT('',(-117.863003917217,-42.2717408501939,-0.0280211406200467));
#9125=CARTESIAN_POINT('',(-117.841974134652,-42.2814527033108,2.18599113318385));
#9126=CARTESIAN_POINT('',(-117.816079344564,-42.2903402635071,4.54734644524885));
#9127=CARTESIAN_POINT('',(-117.794350437193,-42.299996968494,6.89469688108215));
#9128=CARTESIAN_POINT('',(-117.793001251302,-42.3006061681394,7.04204497795241));
#9129=CARTESIAN_POINT('',(-117.857680958568,-42.2694218283498,-0.0420310732075788));
#9130=CARTESIAN_POINT('',(-117.857548168377,-42.2694835193784,-0.0280208809621948));
#9131=CARTESIAN_POINT('',(-117.83654308182,-42.2792237935661,2.18599068082864));
#9132=CARTESIAN_POINT('',(-117.810673956988,-42.2881408077245,4.54734695174721));
#9133=CARTESIAN_POINT('',(-117.789007160458,-42.2977833450752,6.89469652996795));
#9134=CARTESIAN_POINT('',(-117.787662008237,-42.2983914953112,7.04204456633237));
#9135=CARTESIAN_POINT('',(-116.970882976749,-41.9024700521484,-0.0419883895613996));
#9136=CARTESIAN_POINT('',(-116.97077556979,-41.9025610866072,-0.0279789355102627));
#9137=CARTESIAN_POINT('',(-116.95378178986,-41.9169377766544,2.18591760680652));
#9138=CARTESIAN_POINT('',(-116.932195885006,-41.9306833372648,4.54742877212083));
#9139=CARTESIAN_POINT('',(-116.920591486186,-41.9380020904585,6.89463981053401));
#9140=CARTESIAN_POINT('',(-116.919899358321,-41.9384381251144,7.04197807271025));
#9141=CARTESIAN_POINT('',(-116.075071757099,-41.5288466628046,-0.0419883895614304));
#9142=CARTESIAN_POINT('',(-116.074986435806,-41.5289846658806,-0.027978935510292));
#9143=CARTESIAN_POINT('',(-116.061593293393,-41.5508053402164,2.18591760680673));
#9144=CARTESIAN_POINT('',(-116.06258619818,-41.5761538427839,4.54742877212065));
#9145=CARTESIAN_POINT('',(-116.055743175225,-41.5776927267654,6.8946398105469));
#9146=CARTESIAN_POINT('',(-116.055284775087,-41.5777021546409,7.04197807272403));
#9147=CARTESIAN_POINT('',(-115.20501202505,-41.1742569511991,-0.042030549580015));
#9148=CARTESIAN_POINT('',(-115.204939646974,-41.1743954143484,-0.0280203663905317));
#9149=CARTESIAN_POINT('',(-115.193603030354,-41.1962766862276,2.18598978438288));
#9150=CARTESIAN_POINT('',(-115.19867673871,-41.2196361193356,4.54734795549005));
#9151=CARTESIAN_POINT('',(-115.188799302502,-41.2227526277288,6.8946958341547));
#9152=CARTESIAN_POINT('',(-115.188124299512,-41.2228741841771,7.04204375061293));
#9153=CARTESIAN_POINT('',(-117.777125281829,-42.293689462967,7.));
#9154=CARTESIAN_POINT('',(-117.799953427615,-42.2847691616272,4.66666172381847));
#9155=CARTESIAN_POINT('',(-117.823154133636,-42.2749492772924,2.33333067238244));
#9156=CARTESIAN_POINT('',(-117.846370306346,-42.2650920455616,-7.9117597466532E-16));
#9157=CARTESIAN_POINT('',(-117.777125281829,-42.293689462967,7.));
#9158=CARTESIAN_POINT('',(-116.856330092893,-41.911478329934,7.00000000000001));
#9159=CARTESIAN_POINT('',(-117.163263885357,-42.0388770713537,7.00000000000001));
#9160=CARTESIAN_POINT('',(-117.47014878221,-42.1663936085122,7.));
#9161=CARTESIAN_POINT('',(-117.777125281829,-42.293689462967,7.));
#9162=CARTESIAN_POINT('',(-116.856330092893,-41.911478329934,7.00000000000001));
#9163=CARTESIAN_POINT('',(-115.195253910741,-41.2180443034658,5.19999999999995));
#9164=CARTESIAN_POINT('',(-115.749072049012,-41.4488861091818,5.80000057722622));
#9165=CARTESIAN_POINT('',(-116.30318440292,-41.679020893448,6.40000240886376));
#9166=CARTESIAN_POINT('',(-116.856330092893,-41.911478329934,6.99999999999999));
#9167=CARTESIAN_POINT('',(-115.195253910741,-41.2180443034658,5.19999999999995));
#9168=CARTESIAN_POINT('',(-115.195253910741,-41.2180443034658,5.19999999999995));
#9169=CARTESIAN_POINT('',(-115.195521946554,-41.2173972077709,5.06666646099679));
#9170=CARTESIAN_POINT('',(-115.195804361154,-41.2167153986133,4.93333312984786));
#9171=CARTESIAN_POINT('',(-115.19610070121,-41.2159999704322,4.8));
#9172=CARTESIAN_POINT('',(-115.19610070121,-41.2159999704323,4.8));
#9173=CARTESIAN_POINT('',(-115.19610070121,-41.2159999704323,4.8));
#9174=CARTESIAN_POINT('',(-115.479218776335,-41.3322670463116,4.8));
#9175=CARTESIAN_POINT('',(-115.762313233426,-41.4485916100706,4.8));
#9176=CARTESIAN_POINT('',(-116.045404581903,-41.5649237404061,4.8));
#9177=CARTESIAN_POINT('',(-117.670199945088,-42.625076772757,3.3));
#9178=CARTESIAN_POINT('',(-117.526684340905,-42.9715091041117,3.30227246642947));
#9179=CARTESIAN_POINT('',(-117.511523767265,-42.934908241615,7.));
#9180=CARTESIAN_POINT('',(-117.644303321828,-42.6143500401831,7.));
#9181=CARTESIAN_POINT('',(-117.249529798197,-42.8567265677392,3.3));
#9182=CARTESIAN_POINT('',(-116.972375255489,-42.7419440313666,3.29772753357053));
#9183=CARTESIAN_POINT('',(-116.957196047758,-42.705298182196,7.));
#9184=CARTESIAN_POINT('',(-117.260256530771,-42.8308299444794,7.));
#9185=CARTESIAN_POINT('',(-116.034791529149,-45.0054263926823,3.3));
#9186=CARTESIAN_POINT('',(-115.09740081544,-47.2688551581323,3.2814415241593));
#9187=CARTESIAN_POINT('',(-115.060593764021,-47.2841011380209,7.));
#9188=CARTESIAN_POINT('',(-116.00889490589,-44.9946996601084,7.));
#9189=CARTESIAN_POINT('',(-115.374380979608,-47.3837362770444,3.3));
#9190=CARTESIAN_POINT('',(-115.65151672269,-47.4985529530605,3.30284058303684));
#9191=CARTESIAN_POINT('',(-115.614921483528,-47.5137111974399,7.));
#9192=CARTESIAN_POINT('',(-115.363654247034,-47.4096329003042,7.));
#9193=CARTESIAN_POINT('',(-115.508038552225,-47.8449961314457,3.3));
#9194=CARTESIAN_POINT('',(-115.364522948043,-48.1914284628005,3.30227246642947));
#9195=CARTESIAN_POINT('',(-115.349362374402,-48.1548276003038,7.));
#9196=CARTESIAN_POINT('',(-115.482141928965,-47.8342693988719,7.));
#9197=CARTESIAN_POINT('',(-115.087368405334,-48.0766459264279,3.3));
#9198=CARTESIAN_POINT('',(-114.810213862626,-47.9618633900553,3.29772753357053));
#9199=CARTESIAN_POINT('',(-114.795034654895,-47.9252175408847,7.));
#9200=CARTESIAN_POINT('',(-115.098095137908,-48.0507493031681,7.));
#9201=CARTESIAN_POINT('',(-113.872630136286,-50.225345751371,3.3));
#9202=CARTESIAN_POINT('',(-112.935239422577,-52.4887745168211,3.28144152415931));
#9203=CARTESIAN_POINT('',(-112.898432371158,-52.5040204967096,7.));
#9204=CARTESIAN_POINT('',(-113.846733513027,-50.2146190187972,7.));
#9205=CARTESIAN_POINT('',(-113.212219586745,-52.6036556357332,3.3));
#9206=CARTESIAN_POINT('',(-113.201492854171,-52.629552258993,7.));
#9207=CARTESIAN_POINT('',(15.7521460293165,6.52475252182693,4.8));
#9208=CARTESIAN_POINT('',(-110.60197827869,-52.307192630082,4.8));
#9209=CARTESIAN_POINT('',(-110.60197827869,-52.307192630082,7.));
#9210=CARTESIAN_POINT('',(-112.89807887288,-46.7639154350143,5.2));
#9211=CARTESIAN_POINT('',(15.7521460293165,6.52475252182693,7.));
#9212=CARTESIAN_POINT('',(-114.561062031401,-47.4527456132715,7.));
#9213=CARTESIAN_POINT('',(-114.561062031401,-47.4527456132715,6.99999999999998));
#9214=CARTESIAN_POINT('',(-45.4569341722581,-124.506908485671,3.3));
#9215=CARTESIAN_POINT('',(-45.1240092811674,-124.61775068583,6.5999999997538));
#9216=CARTESIAN_POINT('',(-45.1155061869811,-124.639312687153,4.39999580646632));
#9217=CARTESIAN_POINT('',(-45.1062434075093,-124.661189310068,2.19999775155964));
#9218=CARTESIAN_POINT('',(-45.0969494450627,-124.68307884693,2.73309289285988E-16));
#9219=CARTESIAN_POINT('',(-45.1240092811674,-124.61775068583,6.6));
#9220=CARTESIAN_POINT('',(-45.447367086449,-124.483811497358,6.6));
#9221=CARTESIAN_POINT('',(-45.7707249228279,-124.34987229603,6.6));
#9222=CARTESIAN_POINT('',(-45.8033608802787,-124.363390552228,3.30284058303684));
#9223=CARTESIAN_POINT('',(-44.0061380472844,-122.041708185105,-0.0396328475693618));
#9224=CARTESIAN_POINT('',(-44.0062686116629,-122.04164000486,-0.0264218983830034));
#9225=CARTESIAN_POINT('',(-44.0281419920494,-122.030313288203,2.18678901842154));
#9226=CARTESIAN_POINT('',(-44.050166569655,-122.035097063689,4.41320932813239));
#9227=CARTESIAN_POINT('',(-44.0541881917742,-122.026588005449,6.6264185915008));
#9228=CARTESIAN_POINT('',(-44.0542115614491,-122.026536750321,6.63962788724121));
#9229=CARTESIAN_POINT('',(-44.3607276809016,-122.911765701366,-0.0395908122356103));
#9230=CARTESIAN_POINT('',(-44.3608578196965,-122.911685308694,-0.0263805494921439));
#9231=CARTESIAN_POINT('',(-44.3826713192661,-122.898302170041,2.18671689262839));
#9232=CARTESIAN_POINT('',(-44.4065713026013,-122.899238336102,4.4132814538184));
#9233=CARTESIAN_POINT('',(-44.4092969881859,-122.893208232534,6.62637726380563));
#9234=CARTESIAN_POINT('',(-44.4093125112895,-122.893171996017,6.63958587331591));
#9235=CARTESIAN_POINT('',(-44.734342887352,-123.807572790741,-0.0395908122355827));
#9236=CARTESIAN_POINT('',(-44.7344287222427,-123.807471497103,-0.0263805494921179));
#9237=CARTESIAN_POINT('',(-44.7487996880497,-123.790482682079,2.18671689262815));
#9238=CARTESIAN_POINT('',(-44.7617597741555,-123.770130294089,4.41328145381866));
#9239=CARTESIAN_POINT('',(-44.7690021747581,-123.758658132352,6.6263772637827));
#9240=CARTESIAN_POINT('',(-44.769045200464,-123.758589972228,6.63958587329284));
#9241=CARTESIAN_POINT('',(-45.1012895035291,-124.694366091681,-0.0396333696156821));
#9242=CARTESIAN_POINT('',(-45.1013476694056,-124.69424086283,-0.0264224119042341));
#9243=CARTESIAN_POINT('',(-45.1110839331454,-124.673242189236,2.18678991416811));
#9244=CARTESIAN_POINT('',(-45.119491395392,-124.648851337266,4.41320843238714));
#9245=CARTESIAN_POINT('',(-45.1285409698339,-124.62820454293,6.62641910476433));
#9246=CARTESIAN_POINT('',(-45.128595005729,-124.62808144228,6.63962840902722));
#9247=CARTESIAN_POINT('',(-45.1035468426943,-124.699821629885,-0.0396336330451696));
#9248=CARTESIAN_POINT('',(-45.1036048389666,-124.699696253662,-0.0264226710318811));
#9249=CARTESIAN_POINT('',(-45.1133126939443,-124.678672894745,2.18679036617025));
#9250=CARTESIAN_POINT('',(-45.121692387053,-124.654257845567,4.41320798038567));
#9251=CARTESIAN_POINT('',(-45.1307529779543,-124.633554465119,6.62641936375803));
#9252=CARTESIAN_POINT('',(-45.1308070809677,-124.633431025588,6.63962867232142));
#9253=CARTESIAN_POINT('',(-44.3875075649986,-122.866274505299,4.39999999897073));
#9254=CARTESIAN_POINT('',(-44.3531486865997,-122.808345539067,2.93330488427064));
#9255=CARTESIAN_POINT('',(-44.3149387612097,-122.752013277792,1.46664126604744));
#9256=CARTESIAN_POINT('',(-44.2748523884135,-122.696459366752,2.81545543096523E-15));
#9257=CARTESIAN_POINT('',(-44.3875075649986,-122.866274505299,4.4));
#9258=CARTESIAN_POINT('',(-44.3875075649986,-122.866274505299,4.4));
#9259=CARTESIAN_POINT('',(-44.2735331750412,-122.588766551336,4.4));
#9260=CARTESIAN_POINT('',(-44.1595555055263,-122.311259944186,4.4));
#9261=CARTESIAN_POINT('',(-44.0456113021856,-122.033739593516,4.4));
#9262=CARTESIAN_POINT('',(-44.0456113021856,-122.033739593516,4.4));
#9263=CARTESIAN_POINT('',(-44.0478573699067,-122.032809241804,4.79999999999994));
#9264=CARTESIAN_POINT('',(-44.0471419394621,-122.033105582797,4.66666644787098));
#9265=CARTESIAN_POINT('',(-44.0463928893042,-122.033415849532,4.53333311691199));
#9266=CARTESIAN_POINT('',(-44.0456113021856,-122.033739593516,4.4));
#9267=CARTESIAN_POINT('',(-44.0478573699067,-122.032809241804,4.79999999999994));
#9268=CARTESIAN_POINT('',(-44.741624394458,-123.693747491634,6.59999999999999));
#9269=CARTESIAN_POINT('',(-44.5094597182822,-123.140479721323,6.00000165585877));
#9270=CARTESIAN_POINT('',(-44.2790065047956,-122.586499717041,5.40000024174539));
#9271=CARTESIAN_POINT('',(-44.0478573699067,-122.032809241804,4.79999999999995));
#9272=CARTESIAN_POINT('',(-44.741624394458,-123.693747491634,6.59999999999999));
#9273=CARTESIAN_POINT('',(-45.1240092811674,-124.61775068583,6.6));
#9274=CARTESIAN_POINT('',(-44.9966581942965,-124.309703874933,6.6));
#9275=CARTESIAN_POINT('',(-44.8691089520978,-124.001739067652,6.6));
#9276=CARTESIAN_POINT('',(-44.741624394458,-123.693747491634,6.6));
#9277=CARTESIAN_POINT('',(-49.9019195804077,-120.473891039473,2.2));
#9278=CARTESIAN_POINT('',(-55.4928682826391,-118.266283481007,4.3999999989707));
#9279=CARTESIAN_POINT('',(-55.4762017137078,-118.201026120244,2.93330488427066));
#9280=CARTESIAN_POINT('',(-55.4633872871097,-118.134174698946,1.46664126604745));
#9281=CARTESIAN_POINT('',(-55.4524500859289,-118.066546805691,-3.16867746378443E-15));
#9282=CARTESIAN_POINT('',(-55.4928682826391,-118.266283481007,4.4));
#9283=CARTESIAN_POINT('',(-49.9401879236442,-120.566278992724,4.4));
#9284=CARTESIAN_POINT('',(-56.2830656357251,-120.06911330665,-0.0396312403496956));
#9285=CARTESIAN_POINT('',(-56.2829359796126,-120.069065664692,-0.0264210759015849));
#9286=CARTESIAN_POINT('',(-56.2612057372284,-120.061064396829,2.18679116373371));
#9287=CARTESIAN_POINT('',(-56.2380163609264,-120.049725691899,4.41320797562892));
#9288=CARTESIAN_POINT('',(-56.2169700550405,-120.041492996448,6.62641935424002));
#9289=CARTESIAN_POINT('',(-56.2168445135492,-120.041443968144,6.63962865804662));
#9290=CARTESIAN_POINT('',(-56.2808041674943,-120.0636594788,-0.0396309769209873));
#9291=CARTESIAN_POINT('',(-56.2806744956625,-120.063612060965,-0.0264208167744505));
#9292=CARTESIAN_POINT('',(-56.2589416204104,-120.055648336276,2.18679071173189));
#9293=CARTESIAN_POINT('',(-56.2357497183736,-120.044346377089,4.41320842763038));
#9294=CARTESIAN_POINT('',(-56.2147512147405,-120.036145904245,6.62641909524516));
#9295=CARTESIAN_POINT('',(-56.2146259603334,-120.036097068105,6.63962839475125));
#9296=CARTESIAN_POINT('',(-55.9132170510432,-119.177131488172,-0.0395884196667527));
#9297=CARTESIAN_POINT('',(-55.9130847391746,-119.177120557832,-0.0263789544451309));
#9298=CARTESIAN_POINT('',(-55.8909100330365,-119.175269458361,2.18671769024425));
#9299=CARTESIAN_POINT('',(-55.867354565194,-119.170042313454,4.41328144906154));
#9300=CARTESIAN_POINT('',(-55.8541213713745,-119.167051420627,6.6263772542756));
#9301=CARTESIAN_POINT('',(-55.8540427511491,-119.167033647916,6.63958585902926));
#9302=CARTESIAN_POINT('',(-55.5439716265497,-118.279514382954,-0.0395884196667832));
#9303=CARTESIAN_POINT('',(-55.5438227673467,-118.2795495567,-0.02637895444516));
#9304=CARTESIAN_POINT('',(-55.5189349979033,-118.285510724066,2.18671769024446));
#9305=CARTESIAN_POINT('',(-55.5026971328406,-118.303072527395,4.41328144906138));
#9306=CARTESIAN_POINT('',(-55.4965058548184,-118.30073595101,6.62637725428704));
#9307=CARTESIAN_POINT('',(-55.4964692552512,-118.300721304419,6.63958585904077));
#9308=CARTESIAN_POINT('',(-55.1794807927583,-117.413558080334,-0.039630454876211));
#9309=CARTESIAN_POINT('',(-55.1793402676195,-117.413602189963,-0.0264203032542357));
#9310=CARTESIAN_POINT('',(-55.1558642664178,-117.421059808821,2.18678981598595));
#9311=CARTESIAN_POINT('',(-55.143673182718,-117.440016170253,4.41320932337563));
#9312=CARTESIAN_POINT('',(-55.1348126536125,-117.436843073843,6.62641858198722));
#9313=CARTESIAN_POINT('',(-55.1347598859268,-117.436823355858,6.63962787297087));
#9314=CARTESIAN_POINT('',(-56.2105636091581,-120.02554952319,6.59999999975406));
#9315=CARTESIAN_POINT('',(-56.2318228420053,-120.034783565009,4.39999580646614));
#9316=CARTESIAN_POINT('',(-56.2538417246277,-120.043702899231,2.19999775155955));
#9317=CARTESIAN_POINT('',(-56.2758917884494,-120.052609315312,-7.9117597466532E-16));
#9318=CARTESIAN_POINT('',(-56.2105636091581,-120.02554952319,6.6));
#9319=CARTESIAN_POINT('',(-55.8275816311292,-119.101793652317,6.6));
#9320=CARTESIAN_POINT('',(-55.9552193679,-119.40972177946,6.6));
#9321=CARTESIAN_POINT('',(-56.0827924063268,-119.717676730027,6.6));
#9322=CARTESIAN_POINT('',(-56.2105635781016,-120.025549536063,6.6));
#9323=CARTESIAN_POINT('',(-55.8275816311292,-119.101793652317,6.6));
#9324=CARTESIAN_POINT('',(-55.1436882990977,-117.436765585135,4.79999999999996));
#9325=CARTESIAN_POINT('',(-55.3717594680573,-117.991730995604,5.40000024174534));
#9326=CARTESIAN_POINT('',(-55.6005274557507,-118.546409043265,6.00000165585857));
#9327=CARTESIAN_POINT('',(-55.8275816311292,-119.101793652317,6.60000000000002));
#9328=CARTESIAN_POINT('',(-55.1436882990977,-117.436765585135,4.79999999999996));
#9329=CARTESIAN_POINT('',(-55.1436882990977,-117.436765585135,4.79999999999996));
#9330=CARTESIAN_POINT('',(-55.1444037295447,-117.436469244141,4.66666644787099));
#9331=CARTESIAN_POINT('',(-55.1451527797046,-117.436158977405,4.53333311691199));
#9332=CARTESIAN_POINT('',(-55.145934366825,-117.43583523342,4.4));
#9333=CARTESIAN_POINT('',(-55.145934366825,-117.43583523342,4.4));
#9334=CARTESIAN_POINT('',(-55.145934366825,-117.43583523342,4.4));
#9335=CARTESIAN_POINT('',(-55.2616001698419,-117.712642474159,4.4));
#9336=CARTESIAN_POINT('',(-55.3772324480551,-117.989463720463,4.4));
#9337=CARTESIAN_POINT('',(-55.4928681401209,-118.266283540559,4.4));
#9338=CARTESIAN_POINT('',(-55.8967728896358,-120.182585699946,3.3));
#9339=CARTESIAN_POINT('',(-55.5503273819893,-120.326069493746,3.30227246642947));
#9340=CARTESIAN_POINT('',(-55.5638479674477,-120.293427912961,6.6));
#9341=CARTESIAN_POINT('',(-55.8872058038267,-120.159488711633,6.6));
#9342=CARTESIAN_POINT('',(-55.4355130352345,-120.048928127329,3.3));
#9343=CARTESIAN_POINT('',(-55.3206986884798,-119.771786760913,3.29772753357053));
#9344=CARTESIAN_POINT('',(-55.3342379080287,-119.739100193454,6.6));
#9345=CARTESIAN_POINT('',(-55.4586100235473,-120.03936104152,6.6));
#9346=CARTESIAN_POINT('',(-53.0572031508724,-120.70933867687,3.3));
#9347=CARTESIAN_POINT('',(-50.7938819918047,-121.646989175367,3.2814415241593));
#9348=CARTESIAN_POINT('',(-50.7610342220978,-121.633383183661,6.6));
#9349=CARTESIAN_POINT('',(-53.0476360650632,-120.686241688557,6.6));
#9350=CARTESIAN_POINT('',(-50.9085033259292,-121.924076945918,3.3));
#9351=CARTESIAN_POINT('',(-51.0232802389675,-122.201229159365,3.30284058303684));
#9352=CARTESIAN_POINT('',(-50.9906442815168,-122.187710903168,6.6));
#9353=CARTESIAN_POINT('',(-50.8854063376164,-121.933644031727,6.6));
#9354=CARTESIAN_POINT('',(-50.6768535309469,-122.344747092808,3.3));
#9355=CARTESIAN_POINT('',(-50.3304080233004,-122.488230886608,3.30227246642947));
#9356=CARTESIAN_POINT('',(-50.3439286087589,-122.455589305823,6.6));
#9357=CARTESIAN_POINT('',(-50.6672864451378,-122.321650104496,6.6));
#9358=CARTESIAN_POINT('',(-50.2155936765457,-122.211089520192,3.3));
#9359=CARTESIAN_POINT('',(-50.1007793297909,-121.933948153775,3.29772753357053));
#9360=CARTESIAN_POINT('',(-50.1143185493398,-121.901261586317,6.6));
#9361=CARTESIAN_POINT('',(-50.2386906648585,-122.201522434383,6.6));
#9362=CARTESIAN_POINT('',(-47.8372837921835,-122.871500069733,3.3));
#9363=CARTESIAN_POINT('',(-45.5739626331158,-123.80915056823,3.28144152415931));
#9364=CARTESIAN_POINT('',(-45.5411148634089,-123.795544576524,6.6));
#9365=CARTESIAN_POINT('',(-47.8277167063744,-122.84840308142,6.6));
#9366=CARTESIAN_POINT('',(-45.6885839672403,-124.086238338781,3.3));
#9367=CARTESIAN_POINT('',(-45.6654869789275,-124.09580542459,6.6));
#9368=CARTESIAN_POINT('',(3.6928951223207,8.91543748873497,4.4));
#9369=CARTESIAN_POINT('',(-44.0524956394478,-122.030888007654,4.4));
#9370=CARTESIAN_POINT('',(-44.0524956394478,-122.030888007654,6.6));
#9371=CARTESIAN_POINT('',(-49.5957728345156,-119.734787413464,4.8));
#9372=CARTESIAN_POINT('',(3.6928951223207,8.91543748873497,6.6));
#9373=CARTESIAN_POINT('',(-50.2846030127727,-121.397770571984,6.6));
#9374=CARTESIAN_POINT('',(-50.2846030127727,-121.397770571984,6.59999999999998));
#9375=CARTESIAN_POINT('',(113.345877159362,-53.0649154901344,3.3));
#9376=CARTESIAN_POINT('',(113.489355329828,-52.7184723117492,3.30284058303684));
#9377=CARTESIAN_POINT('',(113.452760090665,-52.7336305561286,7.));
#9378=CARTESIAN_POINT('',(113.319980536102,-53.0541887575606,7.));
#9379=CARTESIAN_POINT('',(113.187158576133,-53.3748493346995,7.));
#9380=CARTESIAN_POINT('',(113.187158576133,-53.3748493346995,7.));
#9381=CARTESIAN_POINT('',(113.19699290722,-53.3972988770316,4.66666172381888));
#9382=CARTESIAN_POINT('',(113.206454576972,-53.4206479603907,2.33333067238265));
#9383=CARTESIAN_POINT('',(113.215900774728,-53.444034388948,2.73309289285988E-16));
#9384=CARTESIAN_POINT('',(110.57684152212,-52.3476489545414,-0.0420329422731648));
#9385=CARTESIAN_POINT('',(110.576888253932,-52.3474998587427,-0.0280219615192989));
#9386=CARTESIAN_POINT('',(110.584344449753,-52.3240112519723,2.18598898681847));
#9387=CARTESIAN_POINT('',(110.604449723724,-52.3110812876093,4.54734796024681));
#9388=CARTESIAN_POINT('',(110.599669025706,-52.3018931813258,6.89469584366827));
#9389=CARTESIAN_POINT('',(110.599277679882,-52.3013299287333,7.04204376488325));
#9390=CARTESIAN_POINT('',(111.442799449924,-52.7121413030026,-0.041990782130057));
#9391=CARTESIAN_POINT('',(111.442836703638,-52.7119833797979,-0.0279805305572083));
#9392=CARTESIAN_POINT('',(111.448795866613,-52.6870834390618,2.18591680919066));
#9393=CARTESIAN_POINT('',(111.467422060707,-52.6698614248579,4.54742877687765));
#9394=CARTESIAN_POINT('',(111.463671468096,-52.6639345217812,6.8946398200661));
#9395=CARTESIAN_POINT('',(111.463353996754,-52.6636037174222,7.04197808700002));
#9396=CARTESIAN_POINT('',(112.340425278555,-53.0813838558614,-0.0419907821300291));
#9397=CARTESIAN_POINT('',(112.340413700805,-53.0812435286065,-0.0279805305571821));
#9398=CARTESIAN_POINT('',(112.33856313934,-53.0590612490125,2.18591680919042));
#9399=CARTESIAN_POINT('',(112.333019176875,-53.0340781217048,4.54742877687795));
#9400=CARTESIAN_POINT('',(112.329988767843,-53.0206974324654,6.89463982004028));
#9401=CARTESIAN_POINT('',(112.329807682597,-53.0198997010654,7.04197808697244));
#9402=CARTESIAN_POINT('',(113.226960240971,-53.4489706325488,-0.0420334659022753));
#9403=CARTESIAN_POINT('',(113.226909963424,-53.4488331057373,-0.0280224760919787));
#9404=CARTESIAN_POINT('',(113.218944536518,-53.427092845309,2.18598988326486));
#9405=CARTESIAN_POINT('',(113.206957580034,-53.4024953221809,4.54734695650395));
#9406=CARTESIAN_POINT('',(113.198455144847,-53.380356279765,6.89469653948782));
#9407=CARTESIAN_POINT('',(113.197934005731,-53.3789750863031,7.04204458060941));
#9408=CARTESIAN_POINT('',(113.232414449655,-53.4512322389474,-0.0420337301306029));
#9409=CARTESIAN_POINT('',(113.23236393438,-53.4510947288096,-0.0280227357503436));
#9410=CARTESIAN_POINT('',(113.224360948013,-53.4293571023996,2.1859903356204));
#9411=CARTESIAN_POINT('',(113.212335016343,-53.4047622582921,4.54734645000559));
#9412=CARTESIAN_POINT('',(113.203798680187,-53.382569278866,6.8946968906007));
#9413=CARTESIAN_POINT('',(113.203275430881,-53.3811844911255,7.04204499222805));
#9414=CARTESIAN_POINT('',(113.187158576133,-53.3748493346995,7.));
#9415=CARTESIAN_POINT('',(112.880081649693,-53.247795932037,7.));
#9416=CARTESIAN_POINT('',(112.572913449939,-53.1209633485838,7.));
#9417=CARTESIAN_POINT('',(112.265793969928,-52.9940128965592,7.));
#9418=CARTESIAN_POINT('',(112.265793969928,-52.9940128965592,7.));
#9419=CARTESIAN_POINT('',(112.265793969928,-52.9940128965592,7.));
#9420=CARTESIAN_POINT('',(111.710288671861,-52.7672520579375,6.40000240886443));
#9421=CARTESIAN_POINT('',(111.155742202317,-52.538165321525,5.80000057722624));
#9422=CARTESIAN_POINT('',(110.600903835005,-52.3097865665968,5.19999999999997));
#9423=CARTESIAN_POINT('',(110.600903835005,-52.3097865665968,5.19999999999994));
#9424=CARTESIAN_POINT('',(110.600903835005,-52.3097865665968,5.19999999999994));
#9425=CARTESIAN_POINT('',(110.600635799193,-52.3104336622891,5.06666646099678));
#9426=CARTESIAN_POINT('',(110.600353384594,-52.3111154714442,4.93333312984786));
#9427=CARTESIAN_POINT('',(110.60005704454,-52.311830899623,4.8));
#9428=CARTESIAN_POINT('',(110.60005704454,-52.3118308996231,4.8));
#9429=CARTESIAN_POINT('',(111.447331941737,-52.6656530690692,4.8));
#9430=CARTESIAN_POINT('',(111.1648968913,-52.5477364951054,4.8));
#9431=CARTESIAN_POINT('',(110.882464993119,-52.4298123726392,4.8));
#9432=CARTESIAN_POINT('',(110.60005704454,-52.3118308996231,4.8));
#9433=CARTESIAN_POINT('',(111.447331941737,-52.6656530690692,4.8));
#9434=CARTESIAN_POINT('',(111.447331941737,-52.6656530690692,4.8));
#9435=CARTESIAN_POINT('',(111.376465830362,-52.6466896659026,3.19996793864226));
#9436=CARTESIAN_POINT('',(111.303614022234,-52.6325241581782,1.59996954848939));
#9437=CARTESIAN_POINT('',(111.229838265108,-52.6205926864274,2.81545543096523E-15));
#9438=CARTESIAN_POINT('',(113.637182498889,-47.0700621809064,2.2));
#9439=CARTESIAN_POINT('',(113.746368261822,-47.1152884047314,4.8));
#9440=CARTESIAN_POINT('',(116.045404581903,-41.564923740406,4.8));
#9441=CARTESIAN_POINT('',(116.045404581903,-41.5649237404061,4.8));
#9442=CARTESIAN_POINT('',(115.981885523023,-41.5282229834591,3.19996793864231));
#9443=CARTESIAN_POINT('',(115.920354988905,-41.4867255024792,1.59996954848941));
#9444=CARTESIAN_POINT('',(115.859750826169,-41.4429949889123,-3.16867746378443E-15));
#9445=CARTESIAN_POINT('',(117.863136863708,-42.271679339045,-0.042031337435126));
#9446=CARTESIAN_POINT('',(117.863003917217,-42.2717408501939,-0.0280211406200467));
#9447=CARTESIAN_POINT('',(117.841974134652,-42.2814527033108,2.18599113318385));
#9448=CARTESIAN_POINT('',(117.816079344564,-42.2903402635071,4.54734644524885));
#9449=CARTESIAN_POINT('',(117.794350437193,-42.299996968494,6.89469688108215));
#9450=CARTESIAN_POINT('',(117.793001251302,-42.3006061681394,7.04204497795241));
#9451=CARTESIAN_POINT('',(117.857680958568,-42.2694218283498,-0.0420310732075788));
#9452=CARTESIAN_POINT('',(117.857548168377,-42.2694835193784,-0.0280208809621948));
#9453=CARTESIAN_POINT('',(117.83654308182,-42.2792237935661,2.18599068082864));
#9454=CARTESIAN_POINT('',(117.810673956988,-42.2881408077245,4.54734695174721));
#9455=CARTESIAN_POINT('',(117.789007160458,-42.2977833450752,6.89469652996795));
#9456=CARTESIAN_POINT('',(117.787662008237,-42.2983914953112,7.04204456633237));
#9457=CARTESIAN_POINT('',(116.970882976749,-41.9024700521484,-0.0419883895613996));
#9458=CARTESIAN_POINT('',(116.97077556979,-41.9025610866072,-0.0279789355102627));
#9459=CARTESIAN_POINT('',(116.95378178986,-41.9169377766544,2.18591760680652));
#9460=CARTESIAN_POINT('',(116.932195885006,-41.9306833372648,4.54742877212083));
#9461=CARTESIAN_POINT('',(116.920591486186,-41.9380020904585,6.89463981053401));
#9462=CARTESIAN_POINT('',(116.919899358321,-41.9384381251144,7.04197807271025));
#9463=CARTESIAN_POINT('',(116.075071757099,-41.5288466628046,-0.0419883895614304));
#9464=CARTESIAN_POINT('',(116.074986435806,-41.5289846658806,-0.027978935510292));
#9465=CARTESIAN_POINT('',(116.061593293393,-41.5508053402164,2.18591760680673));
#9466=CARTESIAN_POINT('',(116.06258619818,-41.5761538427839,4.54742877212065));
#9467=CARTESIAN_POINT('',(116.055743175225,-41.5776927267654,6.8946398105469));
#9468=CARTESIAN_POINT('',(116.055284775087,-41.5777021546409,7.04197807272403));
#9469=CARTESIAN_POINT('',(115.20501202505,-41.1742569511991,-0.042030549580015));
#9470=CARTESIAN_POINT('',(115.204939646974,-41.1743954143484,-0.0280203663905317));
#9471=CARTESIAN_POINT('',(115.193603030354,-41.1962766862276,2.18598978438288));
#9472=CARTESIAN_POINT('',(115.19867673871,-41.2196361193356,4.54734795549005));
#9473=CARTESIAN_POINT('',(115.188799302502,-41.2227526277288,6.8946958341547));
#9474=CARTESIAN_POINT('',(115.188124299512,-41.2228741841771,7.04204375061293));
#9475=CARTESIAN_POINT('',(115.19610070121,-41.2159999704323,4.8));
#9476=CARTESIAN_POINT('',(115.479218776335,-41.3322670463116,4.8));
#9477=CARTESIAN_POINT('',(115.762313233426,-41.4485916100706,4.8));
#9478=CARTESIAN_POINT('',(116.045404581903,-41.5649237404061,4.8));
#9479=CARTESIAN_POINT('',(115.19610070121,-41.2159999704323,4.8));
#9480=CARTESIAN_POINT('',(115.195253910741,-41.2180443034658,5.19999999999995));
#9481=CARTESIAN_POINT('',(115.195521946554,-41.2173972077709,5.06666646099679));
#9482=CARTESIAN_POINT('',(115.195804361154,-41.2167153986133,4.93333312984786));
#9483=CARTESIAN_POINT('',(115.19610070121,-41.2159999704322,4.8));
#9484=CARTESIAN_POINT('',(115.195253910741,-41.2180443034658,5.19999999999995));
#9485=CARTESIAN_POINT('',(115.195253910741,-41.2180443034658,5.19999999999995));
#9486=CARTESIAN_POINT('',(115.749072049012,-41.4488861091818,5.80000057722622));
#9487=CARTESIAN_POINT('',(116.30318440292,-41.679020893448,6.40000240886376));
#9488=CARTESIAN_POINT('',(116.856330092893,-41.911478329934,6.99999999999999));
#9489=CARTESIAN_POINT('',(116.856330092893,-41.911478329934,7.00000000000001));
#9490=CARTESIAN_POINT('',(116.856330092893,-41.911478329934,7.00000000000001));
#9491=CARTESIAN_POINT('',(117.163263885357,-42.0388770713537,7.00000000000001));
#9492=CARTESIAN_POINT('',(117.47014878221,-42.1663936085122,7.));
#9493=CARTESIAN_POINT('',(117.777125281829,-42.293689462967,7.));
#9494=CARTESIAN_POINT('',(117.777125281829,-42.293689462967,7.));
#9495=CARTESIAN_POINT('',(117.777125281829,-42.293689462967,7.));
#9496=CARTESIAN_POINT('',(117.799953427615,-42.2847691616272,4.66666172381847));
#9497=CARTESIAN_POINT('',(117.823154133636,-42.2749492772924,2.33333067238244));
#9498=CARTESIAN_POINT('',(117.846370306346,-42.2650920455616,-7.9117597466532E-16));
#9499=CARTESIAN_POINT('',(117.670199945088,-42.625076772757,3.3));
#9500=CARTESIAN_POINT('',(117.644303321828,-42.6143500401831,7.));
#9501=CARTESIAN_POINT('',(117.511523767265,-42.934908241615,7.));
#9502=CARTESIAN_POINT('',(117.526684340905,-42.9715091041117,3.30227246642947));
#9503=CARTESIAN_POINT('',(117.249529798197,-42.8567265677392,3.3));
#9504=CARTESIAN_POINT('',(117.260256530771,-42.8308299444794,7.));
#9505=CARTESIAN_POINT('',(116.957196047758,-42.705298182196,7.));
#9506=CARTESIAN_POINT('',(116.972375255489,-42.7419440313666,3.29772753357053));
#9507=CARTESIAN_POINT('',(116.034791529149,-45.0054263926823,3.3));
#9508=CARTESIAN_POINT('',(116.00889490589,-44.9946996601084,7.));
#9509=CARTESIAN_POINT('',(115.060593764021,-47.2841011380209,7.));
#9510=CARTESIAN_POINT('',(115.09740081544,-47.2688551581323,3.2814415241593));
#9511=CARTESIAN_POINT('',(115.374380979608,-47.3837362770444,3.3));
#9512=CARTESIAN_POINT('',(115.363654247034,-47.4096329003042,7.));
#9513=CARTESIAN_POINT('',(115.614921483528,-47.5137111974399,7.));
#9514=CARTESIAN_POINT('',(115.65151672269,-47.4985529530605,3.30284058303684));
#9515=CARTESIAN_POINT('',(115.508038552225,-47.8449961314457,3.3));
#9516=CARTESIAN_POINT('',(115.482141928965,-47.8342693988719,7.));
#9517=CARTESIAN_POINT('',(115.349362374402,-48.1548276003038,7.));
#9518=CARTESIAN_POINT('',(115.364522948043,-48.1914284628005,3.30227246642947));
#9519=CARTESIAN_POINT('',(115.087368405334,-48.0766459264279,3.3));
#9520=CARTESIAN_POINT('',(115.098095137908,-48.0507493031681,7.));
#9521=CARTESIAN_POINT('',(114.795034654895,-47.9252175408847,7.));
#9522=CARTESIAN_POINT('',(114.810213862626,-47.9618633900553,3.29772753357053));
#9523=CARTESIAN_POINT('',(113.872630136286,-50.225345751371,3.3));
#9524=CARTESIAN_POINT('',(113.846733513027,-50.2146190187972,7.));
#9525=CARTESIAN_POINT('',(112.898432371158,-52.5040204967096,7.));
#9526=CARTESIAN_POINT('',(112.935239422577,-52.4887745168211,3.28144152415931));
#9527=CARTESIAN_POINT('',(113.212219586745,-52.6036556357332,3.3));
#9528=CARTESIAN_POINT('',(113.201492854171,-52.629552258993,7.));
#9529=CARTESIAN_POINT('',(-15.7521460293165,6.52475252182693,4.8));
#9530=CARTESIAN_POINT('',(110.60197827869,-52.307192630082,4.8));
#9531=CARTESIAN_POINT('',(110.60197827869,-52.307192630082,7.));
#9532=CARTESIAN_POINT('',(112.89807887288,-46.7639154350143,5.2));
#9533=CARTESIAN_POINT('',(-15.7521460293165,6.52475252182693,7.));
#9534=CARTESIAN_POINT('',(114.561062031401,-47.4527456132715,7.));
#9535=CARTESIAN_POINT('',(114.561062031401,-47.4527456132715,6.99999999999998));
#9536=CARTESIAN_POINT('',(45.4569341722581,-124.506908485671,3.3));
#9537=CARTESIAN_POINT('',(45.8033608802787,-124.363390552228,3.30284058303684));
#9538=CARTESIAN_POINT('',(45.7707249228279,-124.34987229603,6.6));
#9539=CARTESIAN_POINT('',(45.447367086449,-124.483811497358,6.6));
#9540=CARTESIAN_POINT('',(45.1240092811674,-124.61775068583,6.6));
#9541=CARTESIAN_POINT('',(45.1240092811674,-124.61775068583,6.5999999997538));
#9542=CARTESIAN_POINT('',(45.1155061869811,-124.639312687153,4.39999580646632));
#9543=CARTESIAN_POINT('',(45.1062434075093,-124.661189310068,2.19999775155964));
#9544=CARTESIAN_POINT('',(45.0969494450627,-124.68307884693,2.73309289285988E-16));
#9545=CARTESIAN_POINT('',(44.0061380472844,-122.041708185105,-0.0396328475693618));
#9546=CARTESIAN_POINT('',(44.0062686116629,-122.04164000486,-0.0264218983830034));
#9547=CARTESIAN_POINT('',(44.0281419920494,-122.030313288203,2.18678901842154));
#9548=CARTESIAN_POINT('',(44.050166569655,-122.035097063689,4.41320932813239));
#9549=CARTESIAN_POINT('',(44.0541881917742,-122.026588005449,6.6264185915008));
#9550=CARTESIAN_POINT('',(44.0542115614491,-122.026536750321,6.63962788724121));
#9551=CARTESIAN_POINT('',(44.3607276809016,-122.911765701366,-0.0395908122356103));
#9552=CARTESIAN_POINT('',(44.3608578196965,-122.911685308694,-0.0263805494921439));
#9553=CARTESIAN_POINT('',(44.3826713192661,-122.898302170041,2.18671689262839));
#9554=CARTESIAN_POINT('',(44.4065713026013,-122.899238336102,4.4132814538184));
#9555=CARTESIAN_POINT('',(44.4092969881859,-122.893208232534,6.62637726380563));
#9556=CARTESIAN_POINT('',(44.4093125112895,-122.893171996017,6.63958587331591));
#9557=CARTESIAN_POINT('',(44.7343428873518,-123.807572790741,-0.0395908122355827));
#9558=CARTESIAN_POINT('',(44.7344287222425,-123.807471497103,-0.0263805494921179));
#9559=CARTESIAN_POINT('',(44.7487996880495,-123.790482682078,2.18671689262815));
#9560=CARTESIAN_POINT('',(44.7617597741552,-123.770130294088,4.41328145381866));
#9561=CARTESIAN_POINT('',(44.7690021747578,-123.758658132351,6.6263772637827));
#9562=CARTESIAN_POINT('',(44.7690452004638,-123.758589972227,6.63958587329284));
#9563=CARTESIAN_POINT('',(45.1012895035286,-124.694366091679,-0.0396333696156821));
#9564=CARTESIAN_POINT('',(45.101347669405,-124.694240862829,-0.026422411904234));
#9565=CARTESIAN_POINT('',(45.1110839331449,-124.673242189235,2.18678991416811));
#9566=CARTESIAN_POINT('',(45.1194913953915,-124.648851337265,4.41320843238713));
#9567=CARTESIAN_POINT('',(45.1285409698334,-124.628204542929,6.62641910476433));
#9568=CARTESIAN_POINT('',(45.1285950057285,-124.628081442278,6.63962840902722));
#9569=CARTESIAN_POINT('',(45.1035468426935,-124.699821629883,-0.0396336330451695));
#9570=CARTESIAN_POINT('',(45.1036048389658,-124.69969625366,-0.026422671031881));
#9571=CARTESIAN_POINT('',(45.1133126939435,-124.678672894743,2.18679036617025));
#9572=CARTESIAN_POINT('',(45.1216923870522,-124.654257845565,4.41320798038567));
#9573=CARTESIAN_POINT('',(45.1307529779536,-124.633554465117,6.62641936375803));
#9574=CARTESIAN_POINT('',(45.1308070809669,-124.633431025587,6.63962867232142));
#9575=CARTESIAN_POINT('',(45.1240092811674,-124.61775068583,6.6));
#9576=CARTESIAN_POINT('',(44.9966581942965,-124.309703874933,6.6));
#9577=CARTESIAN_POINT('',(44.8691089520978,-124.001739067652,6.6));
#9578=CARTESIAN_POINT('',(44.741624394458,-123.693747491634,6.6));
#9579=CARTESIAN_POINT('',(44.741624394458,-123.693747491634,6.59999999999999));
#9580=CARTESIAN_POINT('',(44.741624394458,-123.693747491634,6.59999999999999));
#9581=CARTESIAN_POINT('',(44.5094597182822,-123.140479721323,6.00000165585877));
#9582=CARTESIAN_POINT('',(44.2790065047956,-122.586499717041,5.40000024174539));
#9583=CARTESIAN_POINT('',(44.0478573699067,-122.032809241804,4.79999999999995));
#9584=CARTESIAN_POINT('',(44.0478573699067,-122.032809241804,4.79999999999994));
#9585=CARTESIAN_POINT('',(44.0478573699067,-122.032809241804,4.79999999999994));
#9586=CARTESIAN_POINT('',(44.0471419394621,-122.033105582797,4.66666644787098));
#9587=CARTESIAN_POINT('',(44.0463928893042,-122.033415849532,4.53333311691199));
#9588=CARTESIAN_POINT('',(44.0456113021856,-122.033739593516,4.4));
#9589=CARTESIAN_POINT('',(44.0456113021856,-122.033739593516,4.4));
#9590=CARTESIAN_POINT('',(44.3875075649986,-122.866274505299,4.4));
#9591=CARTESIAN_POINT('',(44.2735331750412,-122.588766551336,4.4));
#9592=CARTESIAN_POINT('',(44.1595555055263,-122.311259944186,4.4));
#9593=CARTESIAN_POINT('',(44.0456113021856,-122.033739593516,4.4));
#9594=CARTESIAN_POINT('',(44.3875075649986,-122.866274505299,4.4));
#9595=CARTESIAN_POINT('',(44.3875075649986,-122.866274505299,4.39999999897073));
#9596=CARTESIAN_POINT('',(44.3531486865997,-122.808345539067,2.93330488427064));
#9597=CARTESIAN_POINT('',(44.3149387612097,-122.752013277792,1.46664126604744));
#9598=CARTESIAN_POINT('',(44.2748523884135,-122.696459366752,2.81545543096523E-15));
#9599=CARTESIAN_POINT('',(49.9019195804077,-120.473891039473,2.2));
#9600=CARTESIAN_POINT('',(49.9401879236442,-120.566278992724,4.4));
#9601=CARTESIAN_POINT('',(55.4928682826391,-118.266283481007,4.4));
#9602=CARTESIAN_POINT('',(55.4928682826391,-118.266283481007,4.3999999989707));
#9603=CARTESIAN_POINT('',(55.4762017137078,-118.201026120244,2.93330488427066));
#9604=CARTESIAN_POINT('',(55.4633872871097,-118.134174698946,1.46664126604745));
#9605=CARTESIAN_POINT('',(55.4524500859289,-118.066546805691,-3.16867746378443E-15));
#9606=CARTESIAN_POINT('',(56.2830656357242,-120.069113306647,-0.0396312403496955));
#9607=CARTESIAN_POINT('',(56.2829359796117,-120.06906566469,-0.0264210759015848));
#9608=CARTESIAN_POINT('',(56.2612057372275,-120.061064396827,2.18679116373371));
#9609=CARTESIAN_POINT('',(56.2380163609255,-120.049725691897,4.41320797562892));
#9610=CARTESIAN_POINT('',(56.2169700550396,-120.041492996446,6.62641935424002));
#9611=CARTESIAN_POINT('',(56.2168445135484,-120.041443968142,6.63962865804662));
#9612=CARTESIAN_POINT('',(56.2808041674937,-120.063659478799,-0.0396309769209873));
#9613=CARTESIAN_POINT('',(56.2806744956619,-120.063612060964,-0.0264208167744504));
#9614=CARTESIAN_POINT('',(56.2589416204098,-120.055648336275,2.18679071173189));
#9615=CARTESIAN_POINT('',(56.235749718373,-120.044346377087,4.41320842763038));
#9616=CARTESIAN_POINT('',(56.2147512147399,-120.036145904243,6.62641909524516));
#9617=CARTESIAN_POINT('',(56.2146259603328,-120.036097068104,6.63962839475125));
#9618=CARTESIAN_POINT('',(55.9132170510429,-119.177131488171,-0.0395884196667527));
#9619=CARTESIAN_POINT('',(55.9130847391743,-119.177120557832,-0.0263789544451309));
#9620=CARTESIAN_POINT('',(55.8909100330362,-119.17526945836,2.18671769024425));
#9621=CARTESIAN_POINT('',(55.8673545651937,-119.170042313453,4.41328144906154));
#9622=CARTESIAN_POINT('',(55.8541213713742,-119.167051420627,6.6263772542756));
#9623=CARTESIAN_POINT('',(55.8540427511488,-119.167033647915,6.63958585902926));
#9624=CARTESIAN_POINT('',(55.5439716265497,-118.279514382954,-0.0395884196667832));
#9625=CARTESIAN_POINT('',(55.5438227673467,-118.2795495567,-0.02637895444516));
#9626=CARTESIAN_POINT('',(55.5189349979033,-118.285510724066,2.18671769024446));
#9627=CARTESIAN_POINT('',(55.5026971328406,-118.303072527395,4.41328144906138));
#9628=CARTESIAN_POINT('',(55.4965058548184,-118.30073595101,6.62637725428704));
#9629=CARTESIAN_POINT('',(55.4964692552512,-118.300721304419,6.63958585904077));
#9630=CARTESIAN_POINT('',(55.1794807927583,-117.413558080334,-0.039630454876211));
#9631=CARTESIAN_POINT('',(55.1793402676195,-117.413602189963,-0.0264203032542357));
#9632=CARTESIAN_POINT('',(55.1558642664178,-117.421059808821,2.18678981598595));
#9633=CARTESIAN_POINT('',(55.143673182718,-117.440016170253,4.41320932337563));
#9634=CARTESIAN_POINT('',(55.1348126536125,-117.436843073843,6.62641858198722));
#9635=CARTESIAN_POINT('',(55.1347598859268,-117.436823355858,6.63962787297087));
#9636=CARTESIAN_POINT('',(55.145934366825,-117.43583523342,4.4));
#9637=CARTESIAN_POINT('',(55.2616001698419,-117.712642474159,4.4));
#9638=CARTESIAN_POINT('',(55.3772324480551,-117.989463720463,4.4));
#9639=CARTESIAN_POINT('',(55.4928681401209,-118.266283540559,4.4));
#9640=CARTESIAN_POINT('',(55.145934366825,-117.43583523342,4.4));
#9641=CARTESIAN_POINT('',(55.1436882990977,-117.436765585135,4.79999999999996));
#9642=CARTESIAN_POINT('',(55.1444037295447,-117.436469244141,4.66666644787099));
#9643=CARTESIAN_POINT('',(55.1451527797046,-117.436158977405,4.53333311691199));
#9644=CARTESIAN_POINT('',(55.145934366825,-117.43583523342,4.4));
#9645=CARTESIAN_POINT('',(55.1436882990977,-117.436765585135,4.79999999999996));
#9646=CARTESIAN_POINT('',(55.1436882990977,-117.436765585135,4.79999999999996));
#9647=CARTESIAN_POINT('',(55.3717594680573,-117.991730995604,5.40000024174534));
#9648=CARTESIAN_POINT('',(55.6005274557507,-118.546409043265,6.00000165585857));
#9649=CARTESIAN_POINT('',(55.8275816311292,-119.101793652317,6.60000000000002));
#9650=CARTESIAN_POINT('',(55.8275816311292,-119.101793652317,6.6));
#9651=CARTESIAN_POINT('',(55.8275816311292,-119.101793652317,6.6));
#9652=CARTESIAN_POINT('',(55.9552193679,-119.40972177946,6.6));
#9653=CARTESIAN_POINT('',(56.0827924063268,-119.717676730027,6.6));
#9654=CARTESIAN_POINT('',(56.2105635781016,-120.025549536063,6.6));
#9655=CARTESIAN_POINT('',(56.2105636091581,-120.02554952319,6.6));
#9656=CARTESIAN_POINT('',(56.2105636091581,-120.02554952319,6.59999999975406));
#9657=CARTESIAN_POINT('',(56.2318228420053,-120.034783565009,4.39999580646614));
#9658=CARTESIAN_POINT('',(56.2538417246277,-120.043702899231,2.19999775155955));
#9659=CARTESIAN_POINT('',(56.2758917884494,-120.052609315312,-7.9117597466532E-16));
#9660=CARTESIAN_POINT('',(55.8967728896358,-120.182585699946,3.3));
#9661=CARTESIAN_POINT('',(55.8872058038267,-120.159488711633,6.6));
#9662=CARTESIAN_POINT('',(55.5638479674477,-120.293427912961,6.6));
#9663=CARTESIAN_POINT('',(55.5503273819893,-120.326069493746,3.30227246642947));
#9664=CARTESIAN_POINT('',(55.4355130352345,-120.048928127329,3.3));
#9665=CARTESIAN_POINT('',(55.4586100235473,-120.03936104152,6.6));
#9666=CARTESIAN_POINT('',(55.3342379080287,-119.739100193454,6.6));
#9667=CARTESIAN_POINT('',(55.3206986884798,-119.771786760913,3.29772753357053));
#9668=CARTESIAN_POINT('',(53.0572031508724,-120.70933867687,3.3));
#9669=CARTESIAN_POINT('',(53.0476360650632,-120.686241688557,6.6));
#9670=CARTESIAN_POINT('',(50.7610342220978,-121.633383183661,6.6));
#9671=CARTESIAN_POINT('',(50.7938819918047,-121.646989175367,3.2814415241593));
#9672=CARTESIAN_POINT('',(50.9085033259292,-121.924076945918,3.3));
#9673=CARTESIAN_POINT('',(50.8854063376164,-121.933644031727,6.6));
#9674=CARTESIAN_POINT('',(50.9906442815168,-122.187710903168,6.6));
#9675=CARTESIAN_POINT('',(51.0232802389675,-122.201229159365,3.30284058303684));
#9676=CARTESIAN_POINT('',(50.6768535309469,-122.344747092808,3.3));
#9677=CARTESIAN_POINT('',(50.6672864451378,-122.321650104496,6.6));
#9678=CARTESIAN_POINT('',(50.3439286087589,-122.455589305823,6.6));
#9679=CARTESIAN_POINT('',(50.3304080233004,-122.488230886608,3.30227246642947));
#9680=CARTESIAN_POINT('',(50.2155936765457,-122.211089520192,3.3));
#9681=CARTESIAN_POINT('',(50.2386906648585,-122.201522434383,6.6));
#9682=CARTESIAN_POINT('',(50.1143185493398,-121.901261586317,6.6));
#9683=CARTESIAN_POINT('',(50.1007793297909,-121.933948153775,3.29772753357053));
#9684=CARTESIAN_POINT('',(47.8372837921835,-122.871500069733,3.3));
#9685=CARTESIAN_POINT('',(47.8277167063744,-122.84840308142,6.6));
#9686=CARTESIAN_POINT('',(45.5411148634089,-123.795544576524,6.6));
#9687=CARTESIAN_POINT('',(45.5739626331158,-123.80915056823,3.28144152415931));
#9688=CARTESIAN_POINT('',(45.6885839672403,-124.086238338781,3.3));
#9689=CARTESIAN_POINT('',(45.6654869789275,-124.09580542459,6.6));
#9690=CARTESIAN_POINT('',(-3.6928951223207,8.91543748873497,4.4));
#9691=CARTESIAN_POINT('',(44.0524956394478,-122.030888007654,4.4));
#9692=CARTESIAN_POINT('',(44.0524956394478,-122.030888007654,6.6));
#9693=CARTESIAN_POINT('',(49.5957728345156,-119.734787413464,4.8));
#9694=CARTESIAN_POINT('',(-3.6928951223207,8.91543748873497,6.6));
#9695=CARTESIAN_POINT('',(50.2846030127727,-121.397770571984,6.6));
#9696=CARTESIAN_POINT('',(50.2846030127727,-121.397770571984,6.59999999999998));
#9697=CARTESIAN_POINT('',(-144.254116059126,19.,-0.8));
#9698=CARTESIAN_POINT('',(-144.823168036058,18.5,-1.3));
#9699=CARTESIAN_POINT('',(-144.633710397492,18.6667954737127,-1.1332045262873));
#9700=CARTESIAN_POINT('',(-144.444026946699,18.8334624485312,-0.966537551468843));
#9701=CARTESIAN_POINT('',(-144.254116059127,19.0000000000007,-0.799999999999286));
#9702=CARTESIAN_POINT('',(0.,0.,-0.8));
#9703=CARTESIAN_POINT('',(144.823168036058,18.5,-1.3));
#9704=CARTESIAN_POINT('',(144.633710397492,18.6667954737125,-1.13320452628755));
#9705=CARTESIAN_POINT('',(144.4440269467,18.8334624485307,-0.96653755146933));
#9706=CARTESIAN_POINT('',(144.254116059128,19.,-0.800000000000014));
#9707=CARTESIAN_POINT('',(150.303858899232,19.,-0.8));
#9708=CARTESIAN_POINT('',(146.630965351798,21.85,0.6));
#9709=CARTESIAN_POINT('',(146.630965351798,21.3,0.6));
#9710=CARTESIAN_POINT('',(146.630965351798,21.85,0.6));
#9711=CARTESIAN_POINT('',(-146.630965351798,21.85,0.6));
#9712=CARTESIAN_POINT('',(-146.630965351798,21.3,0.6));
#9713=CARTESIAN_POINT('',(-146.630965351798,21.85,0.6));
#9714=MECHANICAL_DESIGN_GEOMETRIC_PRESENTATION_REPRESENTATION('',(#5364),
#9715);
#9715=(
GEOMETRIC_REPRESENTATION_CONTEXT(3)
GLOBAL_UNCERTAINTY_ASSIGNED_CONTEXT((#9716))
GLOBAL_UNIT_ASSIGNED_CONTEXT((#9719,#9718,#9717))
REPRESENTATION_CONTEXT('C02','TOP_LEVEL_ASSEMBLY_PART')
);
#9716=UNCERTAINTY_MEASURE_WITH_UNIT(LENGTH_MEASURE(0.005),#9719,
'DISTANCE_ACCURACY_VALUE','Maximum Tolerance applied to model');
#9717=(
NAMED_UNIT(*)
SI_UNIT($,.STERADIAN.)
SOLID_ANGLE_UNIT()
);
#9718=(
NAMED_UNIT(*)
PLANE_ANGLE_UNIT()
SI_UNIT($,.RADIAN.)
);
#9719=(
LENGTH_UNIT()
NAMED_UNIT(*)
SI_UNIT(.MILLI.,.METRE.)
);
#9720=PRODUCT_DEFINITION_SHAPE('','',#9721);
#9721=PRODUCT_DEFINITION('','',#9723,#9722);
#9722=PRODUCT_DEFINITION_CONTEXT('',#9729,'design');
#9723=PRODUCT_DEFINITION_FORMATION_WITH_SPECIFIED_SOURCE('','',#9725,
 .NOT_KNOWN.);
#9724=PRODUCT_RELATED_PRODUCT_CATEGORY('','',(#9725));
#9725=PRODUCT('C02','C02','C02',(#9727));
#9726=PRODUCT_CATEGORY('','');
#9727=PRODUCT_CONTEXT('',#9729,'mechanical');
#9728=APPLICATION_PROTOCOL_DEFINITION('international standard',
'ap242_managed_model_based_3d_engineering',2020,#9729);
#9729=APPLICATION_CONTEXT('managed model based 3d engineering');
ENDSEC;
END-ISO-10303-21;
