ISO-10303-21;
HEADER;
/* Generated by software containing ST-Developer
 * from STEP Tools, Inc. (www.steptools.com) 
 */
/* OPTION: using custom renumber hook */

FILE_DESCRIPTION(
/* description */ (
'CAx-IF Rec.Pracs.---Representation and Presentation of Product Manufa
cturing Information (PMI)---4.0---2014-10-13',
'CAx-IF Rec.Pracs.---3D Tessellated Geometry---0.4---2014-09-14','2;1'),

/* implementation_level */ '2;1');

FILE_NAME(
/* name */ 'C04-2',
/* time_stamp */ '2026-04-13T01:14:57+03:00',
/* author */ (''),
/* organization */ (''),
/* preprocessor_version */ 'ST-DEVELOPER v18.102',
/* originating_system */ 'SIEMENS PLM Software NX2206.9140',
/* authorisation */ $);

FILE_SCHEMA (('AP242_MANAGED_MODEL_BASED_3D_ENGINEERING_MIM_LF { 1 0 10303 442 3 1 4 }'));
ENDSEC;

DATA;
#10=SHAPE_REPRESENTATION_RELATIONSHIP('','',#1580,#11);
#11=ADVANCED_BREP_SHAPE_REPRESENTATION('',(#1578),#4498);
#12=(
BOUNDED_SURFACE()
B_SPLINE_SURFACE(3,2,((#2461,#2462,#2463),(#2464,#2465,#2466),(#2467,#2468,
#2469),(#2470,#2471,#2472),(#2473,#2474,#2475),(#2476,#2477,#2478)),
 .UNSPECIFIED.,.F.,.F.,.F.)
B_SPLINE_SURFACE_WITH_KNOTS((4,1,1,4),(3,3),(0.,0.00122279769007337,0.00183419653511005,
0.00244559538014674),(0.,1.),.UNSPECIFIED.)
GEOMETRIC_REPRESENTATION_ITEM()
RATIONAL_B_SPLINE_SURFACE(((1.,0.855740976875977,1.),(1.,0.866560461359129,
1.),(1.,0.887160383586421,1.),(1.,0.93098416637664,1.),(1.,0.967708095636933,
1.),(1.,0.982581929545286,1.)))
REPRESENTATION_ITEM('')
SURFACE()
);
#13=(
BOUNDED_SURFACE()
B_SPLINE_SURFACE(3,2,((#2724,#2725,#2726),(#2727,#2728,#2729),(#2730,#2731,
#2732),(#2733,#2734,#2735),(#2736,#2737,#2738),(#2739,#2740,#2741)),
 .UNSPECIFIED.,.F.,.F.,.F.)
B_SPLINE_SURFACE_WITH_KNOTS((4,1,1,4),(3,3),(0.,0.00122279769007324,0.00183419653510986,
0.00244559538014648),(0.,1.),.UNSPECIFIED.)
GEOMETRIC_REPRESENTATION_ITEM()
RATIONAL_B_SPLINE_SURFACE(((1.,0.855740976875948,1.),(1.,0.866560461360277,
1.),(1.,0.887160383585971,1.),(1.,0.930984166376899,1.),(1.,0.967708095636283,
1.),(1.,0.982581929545237,1.)))
REPRESENTATION_ITEM('')
SURFACE()
);
#14=(
BOUNDED_SURFACE()
B_SPLINE_SURFACE(3,2,((#3038,#3039,#3040),(#3041,#3042,#3043),(#3044,#3045,
#3046),(#3047,#3048,#3049),(#3050,#3051,#3052),(#3053,#3054,#3055)),
 .UNSPECIFIED.,.F.,.F.,.F.)
B_SPLINE_SURFACE_WITH_KNOTS((4,1,1,4),(3,3),(-9.54097911787244E-18,0.00122279769007337,
0.00183419653511005,0.00244559538014674),(0.,1.),.UNSPECIFIED.)
GEOMETRIC_REPRESENTATION_ITEM()
RATIONAL_B_SPLINE_SURFACE(((1.,0.855740976875964,1.),(1.,0.8665604613754,
1.),(1.,0.887160383582399,1.),(1.,0.930984166377886,1.),(1.,0.967708095635772,
1.),(1.,0.982581929545286,1.)))
REPRESENTATION_ITEM('')
SURFACE()
);
#15=(
BOUNDED_SURFACE()
B_SPLINE_SURFACE(3,2,((#3301,#3302,#3303),(#3304,#3305,#3306),(#3307,#3308,
#3309),(#3310,#3311,#3312),(#3313,#3314,#3315),(#3316,#3317,#3318)),
 .UNSPECIFIED.,.F.,.F.,.F.)
B_SPLINE_SURFACE_WITH_KNOTS((4,1,1,4),(3,3),(-9.97465998686664E-18,0.00122279769007323,
0.00183419653510985,0.00244559538014647),(0.,1.),.UNSPECIFIED.)
GEOMETRIC_REPRESENTATION_ITEM()
RATIONAL_B_SPLINE_SURFACE(((1.,0.855740976875942,1.),(1.,0.866560461346002,
1.),(1.,0.887160383589956,1.),(1.,0.930984166375006,1.),(1.,0.967708095639032,
1.),(1.,0.982581929545229,1.)))
REPRESENTATION_ITEM('')
SURFACE()
);
#16=(
BOUNDED_SURFACE()
B_SPLINE_SURFACE(3,2,((#3607,#3608,#3609),(#3610,#3611,#3612),(#3613,#3614,
#3615),(#3616,#3617,#3618),(#3619,#3620,#3621),(#3622,#3623,#3624)),
 .UNSPECIFIED.,.F.,.F.,.F.)
B_SPLINE_SURFACE_WITH_KNOTS((4,1,1,4),(3,3),(0.,0.00122279769007337,0.00183419653511005,
0.00244559538014674),(0.,1.),.UNSPECIFIED.)
GEOMETRIC_REPRESENTATION_ITEM()
RATIONAL_B_SPLINE_SURFACE(((1.,0.855740976875977,1.),(1.,0.866560461359129,
1.),(1.,0.887160383587172,1.),(1.,0.930984166375388,1.),(1.,0.967708095639688,
1.),(1.,0.982581929545277,1.)))
REPRESENTATION_ITEM('')
SURFACE()
);
#17=(
BOUNDED_SURFACE()
B_SPLINE_SURFACE(3,2,((#3870,#3871,#3872),(#3873,#3874,#3875),(#3876,#3877,
#3878),(#3879,#3880,#3881),(#3882,#3883,#3884),(#3885,#3886,#3887)),
 .UNSPECIFIED.,.F.,.F.,.F.)
B_SPLINE_SURFACE_WITH_KNOTS((4,1,1,4),(3,3),(0.,0.00122279769007324,0.00183419653510986,
0.00244559538014648),(0.,1.),.UNSPECIFIED.)
GEOMETRIC_REPRESENTATION_ITEM()
RATIONAL_B_SPLINE_SURFACE(((1.,0.855740976875948,1.),(1.,0.866560461360277,
1.),(1.,0.887160383585971,1.),(1.,0.930984166376899,1.),(1.,0.967708095636283,
1.),(1.,0.982581929545237,1.)))
REPRESENTATION_ITEM('')
SURFACE()
);
#18=(
BOUNDED_SURFACE()
B_SPLINE_SURFACE(3,2,((#4184,#4185,#4186),(#4187,#4188,#4189),(#4190,#4191,
#4192),(#4193,#4194,#4195),(#4196,#4197,#4198),(#4199,#4200,#4201)),
 .UNSPECIFIED.,.F.,.F.,.F.)
B_SPLINE_SURFACE_WITH_KNOTS((4,1,1,4),(3,3),(-9.54097911787244E-18,0.00122279769007337,
0.00183419653511005,0.00244559538014674),(0.,1.),.UNSPECIFIED.)
GEOMETRIC_REPRESENTATION_ITEM()
RATIONAL_B_SPLINE_SURFACE(((1.,0.855740976875964,1.),(1.,0.8665604613754,
1.),(1.,0.887160383583619,1.),(1.,0.930984166375853,1.),(1.,0.967708095640245,
1.),(1.,0.982581929545271,1.)))
REPRESENTATION_ITEM('')
SURFACE()
);
#19=(
BOUNDED_SURFACE()
B_SPLINE_SURFACE(3,2,((#4447,#4448,#4449),(#4450,#4451,#4452),(#4453,#4454,
#4455),(#4456,#4457,#4458),(#4459,#4460,#4461),(#4462,#4463,#4464)),
 .UNSPECIFIED.,.F.,.F.,.F.)
B_SPLINE_SURFACE_WITH_KNOTS((4,1,1,4),(3,3),(-9.97465998686664E-18,0.00122279769007323,
0.00183419653510985,0.00244559538014647),(0.,1.),.UNSPECIFIED.)
GEOMETRIC_REPRESENTATION_ITEM()
RATIONAL_B_SPLINE_SURFACE(((1.,0.855740976875942,1.),(1.,0.866560461346002,
1.),(1.,0.887160383589066,1.),(1.,0.93098416637649,1.),(1.,0.967708095635768,
1.),(1.,0.982581929545239,1.)))
REPRESENTATION_ITEM('')
SURFACE()
);
#20=SPHERICAL_SURFACE('',#1610,0.2);
#21=SPHERICAL_SURFACE('',#1616,0.2);
#22=SPHERICAL_SURFACE('',#1641,0.2);
#23=SPHERICAL_SURFACE('',#1647,0.2);
#24=SPHERICAL_SURFACE('',#1669,0.2);
#25=SPHERICAL_SURFACE('',#1675,0.2);
#26=SPHERICAL_SURFACE('',#1700,0.2);
#27=SPHERICAL_SURFACE('',#1706,0.2);
#28=TOROIDAL_SURFACE('',#1602,1.32461530959046,0.2);
#29=TOROIDAL_SURFACE('',#1607,0.504395067823522,0.2);
#30=TOROIDAL_SURFACE('',#1612,1.04671604328759,0.2);
#31=TOROIDAL_SURFACE('',#1615,0.985963209920872,0.2);
#32=TOROIDAL_SURFACE('',#1633,1.32461530959046,0.2);
#33=TOROIDAL_SURFACE('',#1638,0.504395067823522,0.2);
#34=TOROIDAL_SURFACE('',#1643,1.04671604328759,0.2);
#35=TOROIDAL_SURFACE('',#1646,0.985963209920872,0.2);
#36=TOROIDAL_SURFACE('',#1661,1.32461530959046,0.2);
#37=TOROIDAL_SURFACE('',#1666,0.504395067823522,0.2);
#38=TOROIDAL_SURFACE('',#1671,1.04671604328759,0.2);
#39=TOROIDAL_SURFACE('',#1674,0.985963209920872,0.2);
#40=TOROIDAL_SURFACE('',#1692,1.32461530959046,0.2);
#41=TOROIDAL_SURFACE('',#1697,0.504395067823522,0.2);
#42=TOROIDAL_SURFACE('',#1702,1.04671604328759,0.2);
#43=TOROIDAL_SURFACE('',#1705,0.985963209920872,0.2);
#44=CONICAL_SURFACE('',#1590,0.7,0.0222185653267191);
#45=CONICAL_SURFACE('',#1599,0.78666666666667,0.314533358137063);
#46=CONICAL_SURFACE('',#1618,0.7,0.0222185653267191);
#47=CONICAL_SURFACE('',#1630,0.78666666666667,0.314533358137063);
#48=CONICAL_SURFACE('',#1649,0.7,0.0222185653267191);
#49=CONICAL_SURFACE('',#1658,0.78666666666667,0.314533358137063);
#50=CONICAL_SURFACE('',#1677,0.7,0.0222185653267191);
#51=CONICAL_SURFACE('',#1689,0.78666666666667,0.314533358137063);
#52=LINE('',#2138,#80);
#53=LINE('',#2145,#81);
#54=LINE('',#2172,#82);
#55=LINE('',#2179,#83);
#56=LINE('',#2236,#84);
#57=LINE('',#2270,#85);
#58=LINE('',#2278,#86);
#59=LINE('',#2282,#87);
#60=LINE('',#2318,#88);
#61=LINE('',#2342,#89);
#62=LINE('',#2812,#90);
#63=LINE('',#2846,#91);
#64=LINE('',#2855,#92);
#65=LINE('',#2859,#93);
#66=LINE('',#2895,#94);
#67=LINE('',#2919,#95);
#68=LINE('',#3360,#96);
#69=LINE('',#3394,#97);
#70=LINE('',#3424,#98);
#71=LINE('',#3428,#99);
#72=LINE('',#3457,#100);
#73=LINE('',#3479,#101);
#74=LINE('',#3931,#102);
#75=LINE('',#3965,#103);
#76=LINE('',#4001,#104);
#77=LINE('',#4005,#105);
#78=LINE('',#4034,#106);
#79=LINE('',#4056,#107);
#80=VECTOR('',#1726,1000.);
#81=VECTOR('',#1727,1000.);
#82=VECTOR('',#1728,1000.);
#83=VECTOR('',#1729,1000.);
#84=VECTOR('',#1736,1000.);
#85=VECTOR('',#1739,1000.);
#86=VECTOR('',#1748,1000.);
#87=VECTOR('',#1751,1000.);
#88=VECTOR('',#1766,1000.);
#89=VECTOR('',#1769,1000.);
#90=VECTOR('',#1802,1000.);
#91=VECTOR('',#1805,1000.);
#92=VECTOR('',#1816,1000.);
#93=VECTOR('',#1819,1000.);
#94=VECTOR('',#1834,1000.);
#95=VECTOR('',#1837,1000.);
#96=VECTOR('',#1864,1000.);
#97=VECTOR('',#1867,1000.);
#98=VECTOR('',#1878,1000.);
#99=VECTOR('',#1881,1000.);
#100=VECTOR('',#1896,1000.);
#101=VECTOR('',#1899,1000.);
#102=VECTOR('',#1930,1000.);
#103=VECTOR('',#1933,1000.);
#104=VECTOR('',#1946,1000.);
#105=VECTOR('',#1949,1000.);
#106=VECTOR('',#1964,1000.);
#107=VECTOR('',#1967,1000.);
#108=CYLINDRICAL_SURFACE('',#1588,168.900000000001);
#109=CYLINDRICAL_SURFACE('',#1589,164.000000000001);
#110=CYLINDRICAL_SURFACE('',#1608,0.2);
#111=CYLINDRICAL_SURFACE('',#1613,0.2);
#112=CYLINDRICAL_SURFACE('',#1639,0.2);
#113=CYLINDRICAL_SURFACE('',#1644,0.2);
#114=CYLINDRICAL_SURFACE('',#1667,0.2);
#115=CYLINDRICAL_SURFACE('',#1672,0.2);
#116=CYLINDRICAL_SURFACE('',#1698,0.2);
#117=CYLINDRICAL_SURFACE('',#1703,0.2);
#118=CIRCLE('',#1583,168.900000000001);
#119=CIRCLE('',#1584,164.000000000001);
#120=CIRCLE('',#1586,168.900000000001);
#121=CIRCLE('',#1587,164.000000000001);
#122=CIRCLE('',#1591,0.704345703389844);
#123=CIRCLE('',#1592,0.786012574354554);
#124=CIRCLE('',#1593,0.846765407721268);
#125=CIRCLE('',#1595,0.504395067823522);
#126=CIRCLE('',#1597,1.32461530959046);
#127=CIRCLE('',#1598,1.04671604328759);
#128=CIRCLE('',#1600,0.795775040176081);
#129=CIRCLE('',#1601,1.51480347933526);
#130=CIRCLE('',#1603,0.2);
#131=CIRCLE('',#1604,0.2);
#132=CIRCLE('',#1609,0.2);
#133=CIRCLE('',#1611,0.2);
#134=CIRCLE('',#1614,0.2);
#135=CIRCLE('',#1617,0.2);
#136=CIRCLE('',#1619,0.704345703389844);
#137=CIRCLE('',#1620,0.9);
#138=CIRCLE('',#1621,0.9);
#139=CIRCLE('',#1622,0.786012574354554);
#140=CIRCLE('',#1623,0.846765407721268);
#141=CIRCLE('',#1625,0.504395067823522);
#142=CIRCLE('',#1628,1.32461530959046);
#143=CIRCLE('',#1629,1.04671604328759);
#144=CIRCLE('',#1631,0.795775040176081);
#145=CIRCLE('',#1632,1.51480347933526);
#146=CIRCLE('',#1634,0.2);
#147=CIRCLE('',#1635,0.2);
#148=CIRCLE('',#1640,0.2);
#149=CIRCLE('',#1642,0.2);
#150=CIRCLE('',#1645,0.2);
#151=CIRCLE('',#1648,0.2);
#152=CIRCLE('',#1650,0.704345703389844);
#153=CIRCLE('',#1651,0.846765407721268);
#154=CIRCLE('',#1652,0.786012574354554);
#155=CIRCLE('',#1654,0.504395067823522);
#156=CIRCLE('',#1656,1.32461530959046);
#157=CIRCLE('',#1657,1.04671604328759);
#158=CIRCLE('',#1659,0.795775040176081);
#159=CIRCLE('',#1660,1.51480347933526);
#160=CIRCLE('',#1662,0.2);
#161=CIRCLE('',#1663,0.2);
#162=CIRCLE('',#1668,0.2);
#163=CIRCLE('',#1670,0.2);
#164=CIRCLE('',#1673,0.2);
#165=CIRCLE('',#1676,0.2);
#166=CIRCLE('',#1678,0.704345703389844);
#167=CIRCLE('',#1679,0.9);
#168=CIRCLE('',#1680,0.9);
#169=CIRCLE('',#1681,0.846765407721268);
#170=CIRCLE('',#1682,0.786012574354554);
#171=CIRCLE('',#1684,0.504395067823522);
#172=CIRCLE('',#1687,1.32461530959046);
#173=CIRCLE('',#1688,1.04671604328759);
#174=CIRCLE('',#1690,0.795775040176081);
#175=CIRCLE('',#1691,1.51480347933526);
#176=CIRCLE('',#1693,0.2);
#177=CIRCLE('',#1694,0.2);
#178=CIRCLE('',#1699,0.2);
#179=CIRCLE('',#1701,0.2);
#180=CIRCLE('',#1704,0.2);
#181=CIRCLE('',#1707,0.2);
#182=PLANE('',#1582);
#183=PLANE('',#1585);
#184=PLANE('',#1594);
#185=PLANE('',#1596);
#186=PLANE('',#1605);
#187=PLANE('',#1606);
#188=PLANE('',#1624);
#189=PLANE('',#1626);
#190=PLANE('',#1627);
#191=PLANE('',#1636);
#192=PLANE('',#1637);
#193=PLANE('',#1653);
#194=PLANE('',#1655);
#195=PLANE('',#1664);
#196=PLANE('',#1665);
#197=PLANE('',#1683);
#198=PLANE('',#1685);
#199=PLANE('',#1686);
#200=PLANE('',#1695);
#201=PLANE('',#1696);
#202=ORIENTED_EDGE('',*,*,#668,.F.);
#203=ORIENTED_EDGE('',*,*,#669,.F.);
#204=ORIENTED_EDGE('',*,*,#670,.F.);
#205=ORIENTED_EDGE('',*,*,#671,.F.);
#206=ORIENTED_EDGE('',*,*,#672,.F.);
#207=ORIENTED_EDGE('',*,*,#673,.F.);
#208=ORIENTED_EDGE('',*,*,#674,.F.);
#209=ORIENTED_EDGE('',*,*,#675,.F.);
#210=ORIENTED_EDGE('',*,*,#674,.T.);
#211=ORIENTED_EDGE('',*,*,#676,.F.);
#212=ORIENTED_EDGE('',*,*,#668,.T.);
#213=ORIENTED_EDGE('',*,*,#677,.F.);
#214=ORIENTED_EDGE('',*,*,#670,.T.);
#215=ORIENTED_EDGE('',*,*,#678,.F.);
#216=ORIENTED_EDGE('',*,*,#672,.T.);
#217=ORIENTED_EDGE('',*,*,#679,.F.);
#218=ORIENTED_EDGE('',*,*,#669,.T.);
#219=ORIENTED_EDGE('',*,*,#676,.T.);
#220=ORIENTED_EDGE('',*,*,#673,.T.);
#221=ORIENTED_EDGE('',*,*,#678,.T.);
#222=ORIENTED_EDGE('',*,*,#680,.F.);
#223=ORIENTED_EDGE('',*,*,#681,.F.);
#224=ORIENTED_EDGE('',*,*,#682,.F.);
#225=ORIENTED_EDGE('',*,*,#683,.F.);
#226=ORIENTED_EDGE('',*,*,#684,.F.);
#227=ORIENTED_EDGE('',*,*,#685,.F.);
#228=ORIENTED_EDGE('',*,*,#686,.F.);
#229=ORIENTED_EDGE('',*,*,#687,.F.);
#230=ORIENTED_EDGE('',*,*,#688,.F.);
#231=ORIENTED_EDGE('',*,*,#689,.F.);
#232=ORIENTED_EDGE('',*,*,#679,.T.);
#233=ORIENTED_EDGE('',*,*,#675,.T.);
#234=ORIENTED_EDGE('',*,*,#677,.T.);
#235=ORIENTED_EDGE('',*,*,#671,.T.);
#236=ORIENTED_EDGE('',*,*,#690,.T.);
#237=ORIENTED_EDGE('',*,*,#689,.T.);
#238=ORIENTED_EDGE('',*,*,#691,.T.);
#239=ORIENTED_EDGE('',*,*,#692,.T.);
#240=ORIENTED_EDGE('',*,*,#693,.T.);
#241=ORIENTED_EDGE('',*,*,#694,.T.);
#242=ORIENTED_EDGE('',*,*,#695,.T.);
#243=ORIENTED_EDGE('',*,*,#696,.T.);
#244=ORIENTED_EDGE('',*,*,#697,.F.);
#245=ORIENTED_EDGE('',*,*,#698,.F.);
#246=ORIENTED_EDGE('',*,*,#699,.F.);
#247=ORIENTED_EDGE('',*,*,#700,.T.);
#248=ORIENTED_EDGE('',*,*,#701,.T.);
#249=ORIENTED_EDGE('',*,*,#702,.T.);
#250=ORIENTED_EDGE('',*,*,#703,.T.);
#251=ORIENTED_EDGE('',*,*,#704,.T.);
#252=ORIENTED_EDGE('',*,*,#705,.T.);
#253=ORIENTED_EDGE('',*,*,#706,.T.);
#254=ORIENTED_EDGE('',*,*,#707,.T.);
#255=ORIENTED_EDGE('',*,*,#708,.T.);
#256=ORIENTED_EDGE('',*,*,#709,.T.);
#257=ORIENTED_EDGE('',*,*,#710,.T.);
#258=ORIENTED_EDGE('',*,*,#711,.T.);
#259=ORIENTED_EDGE('',*,*,#712,.T.);
#260=ORIENTED_EDGE('',*,*,#713,.T.);
#261=ORIENTED_EDGE('',*,*,#714,.T.);
#262=ORIENTED_EDGE('',*,*,#715,.T.);
#263=ORIENTED_EDGE('',*,*,#714,.F.);
#264=ORIENTED_EDGE('',*,*,#716,.T.);
#265=ORIENTED_EDGE('',*,*,#708,.F.);
#266=ORIENTED_EDGE('',*,*,#717,.T.);
#267=ORIENTED_EDGE('',*,*,#698,.T.);
#268=ORIENTED_EDGE('',*,*,#718,.T.);
#269=ORIENTED_EDGE('',*,*,#719,.T.);
#270=ORIENTED_EDGE('',*,*,#720,.T.);
#271=ORIENTED_EDGE('',*,*,#721,.T.);
#272=ORIENTED_EDGE('',*,*,#722,.T.);
#273=ORIENTED_EDGE('',*,*,#723,.T.);
#274=ORIENTED_EDGE('',*,*,#706,.F.);
#275=ORIENTED_EDGE('',*,*,#724,.T.);
#276=ORIENTED_EDGE('',*,*,#725,.T.);
#277=ORIENTED_EDGE('',*,*,#707,.F.);
#278=ORIENTED_EDGE('',*,*,#690,.F.);
#279=ORIENTED_EDGE('',*,*,#699,.T.);
#280=ORIENTED_EDGE('',*,*,#721,.F.);
#281=ORIENTED_EDGE('',*,*,#726,.F.);
#282=ORIENTED_EDGE('',*,*,#727,.F.);
#283=ORIENTED_EDGE('',*,*,#726,.T.);
#284=ORIENTED_EDGE('',*,*,#720,.F.);
#285=ORIENTED_EDGE('',*,*,#728,.F.);
#286=ORIENTED_EDGE('',*,*,#711,.F.);
#287=ORIENTED_EDGE('',*,*,#700,.F.);
#288=ORIENTED_EDGE('',*,*,#727,.T.);
#289=ORIENTED_EDGE('',*,*,#729,.F.);
#290=ORIENTED_EDGE('',*,*,#701,.F.);
#291=ORIENTED_EDGE('',*,*,#717,.F.);
#292=ORIENTED_EDGE('',*,*,#728,.T.);
#293=ORIENTED_EDGE('',*,*,#730,.F.);
#294=ORIENTED_EDGE('',*,*,#729,.T.);
#295=ORIENTED_EDGE('',*,*,#710,.F.);
#296=ORIENTED_EDGE('',*,*,#731,.F.);
#297=ORIENTED_EDGE('',*,*,#702,.F.);
#298=ORIENTED_EDGE('',*,*,#730,.T.);
#299=ORIENTED_EDGE('',*,*,#719,.F.);
#300=ORIENTED_EDGE('',*,*,#732,.F.);
#301=ORIENTED_EDGE('',*,*,#715,.F.);
#302=ORIENTED_EDGE('',*,*,#703,.F.);
#303=ORIENTED_EDGE('',*,*,#731,.T.);
#304=ORIENTED_EDGE('',*,*,#733,.F.);
#305=ORIENTED_EDGE('',*,*,#704,.F.);
#306=ORIENTED_EDGE('',*,*,#718,.F.);
#307=ORIENTED_EDGE('',*,*,#697,.T.);
#308=ORIENTED_EDGE('',*,*,#734,.F.);
#309=ORIENTED_EDGE('',*,*,#732,.T.);
#310=ORIENTED_EDGE('',*,*,#705,.F.);
#311=ORIENTED_EDGE('',*,*,#733,.T.);
#312=ORIENTED_EDGE('',*,*,#735,.F.);
#313=ORIENTED_EDGE('',*,*,#724,.F.);
#314=ORIENTED_EDGE('',*,*,#696,.F.);
#315=ORIENTED_EDGE('',*,*,#695,.F.);
#316=ORIENTED_EDGE('',*,*,#736,.F.);
#317=ORIENTED_EDGE('',*,*,#734,.T.);
#318=ORIENTED_EDGE('',*,*,#735,.T.);
#319=ORIENTED_EDGE('',*,*,#709,.F.);
#320=ORIENTED_EDGE('',*,*,#737,.F.);
#321=ORIENTED_EDGE('',*,*,#725,.F.);
#322=ORIENTED_EDGE('',*,*,#736,.T.);
#323=ORIENTED_EDGE('',*,*,#694,.F.);
#324=ORIENTED_EDGE('',*,*,#738,.F.);
#325=ORIENTED_EDGE('',*,*,#712,.F.);
#326=ORIENTED_EDGE('',*,*,#737,.T.);
#327=ORIENTED_EDGE('',*,*,#716,.F.);
#328=ORIENTED_EDGE('',*,*,#739,.F.);
#329=ORIENTED_EDGE('',*,*,#693,.F.);
#330=ORIENTED_EDGE('',*,*,#692,.F.);
#331=ORIENTED_EDGE('',*,*,#740,.F.);
#332=ORIENTED_EDGE('',*,*,#738,.T.);
#333=ORIENTED_EDGE('',*,*,#739,.T.);
#334=ORIENTED_EDGE('',*,*,#713,.F.);
#335=ORIENTED_EDGE('',*,*,#741,.F.);
#336=ORIENTED_EDGE('',*,*,#722,.F.);
#337=ORIENTED_EDGE('',*,*,#691,.F.);
#338=ORIENTED_EDGE('',*,*,#723,.F.);
#339=ORIENTED_EDGE('',*,*,#741,.T.);
#340=ORIENTED_EDGE('',*,*,#740,.T.);
#341=ORIENTED_EDGE('',*,*,#742,.T.);
#342=ORIENTED_EDGE('',*,*,#743,.T.);
#343=ORIENTED_EDGE('',*,*,#685,.T.);
#344=ORIENTED_EDGE('',*,*,#744,.T.);
#345=ORIENTED_EDGE('',*,*,#687,.T.);
#346=ORIENTED_EDGE('',*,*,#745,.T.);
#347=ORIENTED_EDGE('',*,*,#746,.T.);
#348=ORIENTED_EDGE('',*,*,#747,.T.);
#349=ORIENTED_EDGE('',*,*,#748,.T.);
#350=ORIENTED_EDGE('',*,*,#749,.T.);
#351=ORIENTED_EDGE('',*,*,#750,.T.);
#352=ORIENTED_EDGE('',*,*,#751,.F.);
#353=ORIENTED_EDGE('',*,*,#752,.F.);
#354=ORIENTED_EDGE('',*,*,#753,.F.);
#355=ORIENTED_EDGE('',*,*,#754,.T.);
#356=ORIENTED_EDGE('',*,*,#755,.T.);
#357=ORIENTED_EDGE('',*,*,#756,.T.);
#358=ORIENTED_EDGE('',*,*,#757,.T.);
#359=ORIENTED_EDGE('',*,*,#758,.T.);
#360=ORIENTED_EDGE('',*,*,#759,.T.);
#361=ORIENTED_EDGE('',*,*,#760,.T.);
#362=ORIENTED_EDGE('',*,*,#761,.T.);
#363=ORIENTED_EDGE('',*,*,#744,.F.);
#364=ORIENTED_EDGE('',*,*,#686,.T.);
#365=ORIENTED_EDGE('',*,*,#743,.F.);
#366=ORIENTED_EDGE('',*,*,#688,.T.);
#367=ORIENTED_EDGE('',*,*,#762,.T.);
#368=ORIENTED_EDGE('',*,*,#763,.T.);
#369=ORIENTED_EDGE('',*,*,#764,.T.);
#370=ORIENTED_EDGE('',*,*,#765,.T.);
#371=ORIENTED_EDGE('',*,*,#766,.T.);
#372=ORIENTED_EDGE('',*,*,#767,.T.);
#373=ORIENTED_EDGE('',*,*,#768,.T.);
#374=ORIENTED_EDGE('',*,*,#769,.T.);
#375=ORIENTED_EDGE('',*,*,#768,.F.);
#376=ORIENTED_EDGE('',*,*,#770,.T.);
#377=ORIENTED_EDGE('',*,*,#762,.F.);
#378=ORIENTED_EDGE('',*,*,#771,.T.);
#379=ORIENTED_EDGE('',*,*,#752,.T.);
#380=ORIENTED_EDGE('',*,*,#772,.T.);
#381=ORIENTED_EDGE('',*,*,#773,.T.);
#382=ORIENTED_EDGE('',*,*,#774,.T.);
#383=ORIENTED_EDGE('',*,*,#775,.T.);
#384=ORIENTED_EDGE('',*,*,#776,.T.);
#385=ORIENTED_EDGE('',*,*,#777,.T.);
#386=ORIENTED_EDGE('',*,*,#760,.F.);
#387=ORIENTED_EDGE('',*,*,#778,.T.);
#388=ORIENTED_EDGE('',*,*,#779,.T.);
#389=ORIENTED_EDGE('',*,*,#761,.F.);
#390=ORIENTED_EDGE('',*,*,#742,.F.);
#391=ORIENTED_EDGE('',*,*,#753,.T.);
#392=ORIENTED_EDGE('',*,*,#775,.F.);
#393=ORIENTED_EDGE('',*,*,#780,.F.);
#394=ORIENTED_EDGE('',*,*,#781,.F.);
#395=ORIENTED_EDGE('',*,*,#780,.T.);
#396=ORIENTED_EDGE('',*,*,#774,.F.);
#397=ORIENTED_EDGE('',*,*,#782,.F.);
#398=ORIENTED_EDGE('',*,*,#765,.F.);
#399=ORIENTED_EDGE('',*,*,#754,.F.);
#400=ORIENTED_EDGE('',*,*,#781,.T.);
#401=ORIENTED_EDGE('',*,*,#783,.F.);
#402=ORIENTED_EDGE('',*,*,#755,.F.);
#403=ORIENTED_EDGE('',*,*,#771,.F.);
#404=ORIENTED_EDGE('',*,*,#782,.T.);
#405=ORIENTED_EDGE('',*,*,#784,.F.);
#406=ORIENTED_EDGE('',*,*,#783,.T.);
#407=ORIENTED_EDGE('',*,*,#764,.F.);
#408=ORIENTED_EDGE('',*,*,#785,.F.);
#409=ORIENTED_EDGE('',*,*,#756,.F.);
#410=ORIENTED_EDGE('',*,*,#784,.T.);
#411=ORIENTED_EDGE('',*,*,#773,.F.);
#412=ORIENTED_EDGE('',*,*,#786,.F.);
#413=ORIENTED_EDGE('',*,*,#769,.F.);
#414=ORIENTED_EDGE('',*,*,#757,.F.);
#415=ORIENTED_EDGE('',*,*,#785,.T.);
#416=ORIENTED_EDGE('',*,*,#787,.F.);
#417=ORIENTED_EDGE('',*,*,#758,.F.);
#418=ORIENTED_EDGE('',*,*,#772,.F.);
#419=ORIENTED_EDGE('',*,*,#751,.T.);
#420=ORIENTED_EDGE('',*,*,#788,.F.);
#421=ORIENTED_EDGE('',*,*,#786,.T.);
#422=ORIENTED_EDGE('',*,*,#759,.F.);
#423=ORIENTED_EDGE('',*,*,#787,.T.);
#424=ORIENTED_EDGE('',*,*,#789,.F.);
#425=ORIENTED_EDGE('',*,*,#778,.F.);
#426=ORIENTED_EDGE('',*,*,#750,.F.);
#427=ORIENTED_EDGE('',*,*,#749,.F.);
#428=ORIENTED_EDGE('',*,*,#790,.F.);
#429=ORIENTED_EDGE('',*,*,#788,.T.);
#430=ORIENTED_EDGE('',*,*,#789,.T.);
#431=ORIENTED_EDGE('',*,*,#763,.F.);
#432=ORIENTED_EDGE('',*,*,#791,.F.);
#433=ORIENTED_EDGE('',*,*,#779,.F.);
#434=ORIENTED_EDGE('',*,*,#790,.T.);
#435=ORIENTED_EDGE('',*,*,#748,.F.);
#436=ORIENTED_EDGE('',*,*,#792,.F.);
#437=ORIENTED_EDGE('',*,*,#766,.F.);
#438=ORIENTED_EDGE('',*,*,#791,.T.);
#439=ORIENTED_EDGE('',*,*,#770,.F.);
#440=ORIENTED_EDGE('',*,*,#793,.F.);
#441=ORIENTED_EDGE('',*,*,#747,.F.);
#442=ORIENTED_EDGE('',*,*,#746,.F.);
#443=ORIENTED_EDGE('',*,*,#794,.F.);
#444=ORIENTED_EDGE('',*,*,#792,.T.);
#445=ORIENTED_EDGE('',*,*,#793,.T.);
#446=ORIENTED_EDGE('',*,*,#767,.F.);
#447=ORIENTED_EDGE('',*,*,#795,.F.);
#448=ORIENTED_EDGE('',*,*,#776,.F.);
#449=ORIENTED_EDGE('',*,*,#745,.F.);
#450=ORIENTED_EDGE('',*,*,#777,.F.);
#451=ORIENTED_EDGE('',*,*,#795,.T.);
#452=ORIENTED_EDGE('',*,*,#794,.T.);
#453=ORIENTED_EDGE('',*,*,#796,.T.);
#454=ORIENTED_EDGE('',*,*,#684,.T.);
#455=ORIENTED_EDGE('',*,*,#797,.T.);
#456=ORIENTED_EDGE('',*,*,#798,.T.);
#457=ORIENTED_EDGE('',*,*,#799,.T.);
#458=ORIENTED_EDGE('',*,*,#800,.T.);
#459=ORIENTED_EDGE('',*,*,#801,.T.);
#460=ORIENTED_EDGE('',*,*,#802,.T.);
#461=ORIENTED_EDGE('',*,*,#803,.T.);
#462=ORIENTED_EDGE('',*,*,#804,.T.);
#463=ORIENTED_EDGE('',*,*,#805,.F.);
#464=ORIENTED_EDGE('',*,*,#806,.F.);
#465=ORIENTED_EDGE('',*,*,#807,.F.);
#466=ORIENTED_EDGE('',*,*,#808,.T.);
#467=ORIENTED_EDGE('',*,*,#809,.T.);
#468=ORIENTED_EDGE('',*,*,#810,.T.);
#469=ORIENTED_EDGE('',*,*,#811,.T.);
#470=ORIENTED_EDGE('',*,*,#812,.T.);
#471=ORIENTED_EDGE('',*,*,#813,.T.);
#472=ORIENTED_EDGE('',*,*,#814,.T.);
#473=ORIENTED_EDGE('',*,*,#815,.T.);
#474=ORIENTED_EDGE('',*,*,#816,.T.);
#475=ORIENTED_EDGE('',*,*,#817,.T.);
#476=ORIENTED_EDGE('',*,*,#818,.T.);
#477=ORIENTED_EDGE('',*,*,#819,.T.);
#478=ORIENTED_EDGE('',*,*,#820,.T.);
#479=ORIENTED_EDGE('',*,*,#819,.F.);
#480=ORIENTED_EDGE('',*,*,#821,.T.);
#481=ORIENTED_EDGE('',*,*,#813,.F.);
#482=ORIENTED_EDGE('',*,*,#822,.T.);
#483=ORIENTED_EDGE('',*,*,#806,.T.);
#484=ORIENTED_EDGE('',*,*,#823,.T.);
#485=ORIENTED_EDGE('',*,*,#824,.T.);
#486=ORIENTED_EDGE('',*,*,#825,.T.);
#487=ORIENTED_EDGE('',*,*,#826,.T.);
#488=ORIENTED_EDGE('',*,*,#827,.T.);
#489=ORIENTED_EDGE('',*,*,#828,.T.);
#490=ORIENTED_EDGE('',*,*,#829,.T.);
#491=ORIENTED_EDGE('',*,*,#798,.F.);
#492=ORIENTED_EDGE('',*,*,#830,.T.);
#493=ORIENTED_EDGE('',*,*,#812,.F.);
#494=ORIENTED_EDGE('',*,*,#796,.F.);
#495=ORIENTED_EDGE('',*,*,#805,.T.);
#496=ORIENTED_EDGE('',*,*,#831,.F.);
#497=ORIENTED_EDGE('',*,*,#832,.F.);
#498=ORIENTED_EDGE('',*,*,#823,.F.);
#499=ORIENTED_EDGE('',*,*,#832,.T.);
#500=ORIENTED_EDGE('',*,*,#814,.F.);
#501=ORIENTED_EDGE('',*,*,#833,.F.);
#502=ORIENTED_EDGE('',*,*,#824,.F.);
#503=ORIENTED_EDGE('',*,*,#804,.F.);
#504=ORIENTED_EDGE('',*,*,#803,.F.);
#505=ORIENTED_EDGE('',*,*,#834,.F.);
#506=ORIENTED_EDGE('',*,*,#831,.T.);
#507=ORIENTED_EDGE('',*,*,#821,.F.);
#508=ORIENTED_EDGE('',*,*,#835,.F.);
#509=ORIENTED_EDGE('',*,*,#833,.T.);
#510=ORIENTED_EDGE('',*,*,#834,.T.);
#511=ORIENTED_EDGE('',*,*,#802,.F.);
#512=ORIENTED_EDGE('',*,*,#836,.F.);
#513=ORIENTED_EDGE('',*,*,#815,.F.);
#514=ORIENTED_EDGE('',*,*,#835,.T.);
#515=ORIENTED_EDGE('',*,*,#818,.F.);
#516=ORIENTED_EDGE('',*,*,#837,.F.);
#517=ORIENTED_EDGE('',*,*,#825,.F.);
#518=ORIENTED_EDGE('',*,*,#801,.F.);
#519=ORIENTED_EDGE('',*,*,#800,.F.);
#520=ORIENTED_EDGE('',*,*,#838,.F.);
#521=ORIENTED_EDGE('',*,*,#836,.T.);
#522=ORIENTED_EDGE('',*,*,#826,.F.);
#523=ORIENTED_EDGE('',*,*,#837,.T.);
#524=ORIENTED_EDGE('',*,*,#839,.F.);
#525=ORIENTED_EDGE('',*,*,#807,.T.);
#526=ORIENTED_EDGE('',*,*,#799,.F.);
#527=ORIENTED_EDGE('',*,*,#829,.F.);
#528=ORIENTED_EDGE('',*,*,#840,.F.);
#529=ORIENTED_EDGE('',*,*,#838,.T.);
#530=ORIENTED_EDGE('',*,*,#808,.F.);
#531=ORIENTED_EDGE('',*,*,#839,.T.);
#532=ORIENTED_EDGE('',*,*,#841,.F.);
#533=ORIENTED_EDGE('',*,*,#809,.F.);
#534=ORIENTED_EDGE('',*,*,#840,.T.);
#535=ORIENTED_EDGE('',*,*,#828,.F.);
#536=ORIENTED_EDGE('',*,*,#842,.F.);
#537=ORIENTED_EDGE('',*,*,#816,.F.);
#538=ORIENTED_EDGE('',*,*,#841,.T.);
#539=ORIENTED_EDGE('',*,*,#817,.F.);
#540=ORIENTED_EDGE('',*,*,#843,.F.);
#541=ORIENTED_EDGE('',*,*,#810,.F.);
#542=ORIENTED_EDGE('',*,*,#842,.T.);
#543=ORIENTED_EDGE('',*,*,#844,.F.);
#544=ORIENTED_EDGE('',*,*,#822,.F.);
#545=ORIENTED_EDGE('',*,*,#811,.F.);
#546=ORIENTED_EDGE('',*,*,#843,.T.);
#547=ORIENTED_EDGE('',*,*,#845,.F.);
#548=ORIENTED_EDGE('',*,*,#844,.T.);
#549=ORIENTED_EDGE('',*,*,#827,.F.);
#550=ORIENTED_EDGE('',*,*,#846,.F.);
#551=ORIENTED_EDGE('',*,*,#820,.F.);
#552=ORIENTED_EDGE('',*,*,#797,.F.);
#553=ORIENTED_EDGE('',*,*,#845,.T.);
#554=ORIENTED_EDGE('',*,*,#846,.T.);
#555=ORIENTED_EDGE('',*,*,#830,.F.);
#556=ORIENTED_EDGE('',*,*,#847,.F.);
#557=ORIENTED_EDGE('',*,*,#848,.F.);
#558=ORIENTED_EDGE('',*,*,#680,.T.);
#559=ORIENTED_EDGE('',*,*,#849,.F.);
#560=ORIENTED_EDGE('',*,*,#682,.T.);
#561=ORIENTED_EDGE('',*,*,#850,.F.);
#562=ORIENTED_EDGE('',*,*,#851,.F.);
#563=ORIENTED_EDGE('',*,*,#852,.F.);
#564=ORIENTED_EDGE('',*,*,#853,.F.);
#565=ORIENTED_EDGE('',*,*,#854,.F.);
#566=ORIENTED_EDGE('',*,*,#855,.F.);
#567=ORIENTED_EDGE('',*,*,#856,.F.);
#568=ORIENTED_EDGE('',*,*,#857,.F.);
#569=ORIENTED_EDGE('',*,*,#858,.T.);
#570=ORIENTED_EDGE('',*,*,#859,.T.);
#571=ORIENTED_EDGE('',*,*,#860,.T.);
#572=ORIENTED_EDGE('',*,*,#861,.F.);
#573=ORIENTED_EDGE('',*,*,#862,.F.);
#574=ORIENTED_EDGE('',*,*,#863,.F.);
#575=ORIENTED_EDGE('',*,*,#864,.F.);
#576=ORIENTED_EDGE('',*,*,#865,.F.);
#577=ORIENTED_EDGE('',*,*,#866,.F.);
#578=ORIENTED_EDGE('',*,*,#849,.T.);
#579=ORIENTED_EDGE('',*,*,#681,.T.);
#580=ORIENTED_EDGE('',*,*,#848,.T.);
#581=ORIENTED_EDGE('',*,*,#683,.T.);
#582=ORIENTED_EDGE('',*,*,#867,.F.);
#583=ORIENTED_EDGE('',*,*,#868,.F.);
#584=ORIENTED_EDGE('',*,*,#869,.F.);
#585=ORIENTED_EDGE('',*,*,#870,.F.);
#586=ORIENTED_EDGE('',*,*,#871,.F.);
#587=ORIENTED_EDGE('',*,*,#872,.F.);
#588=ORIENTED_EDGE('',*,*,#873,.F.);
#589=ORIENTED_EDGE('',*,*,#874,.F.);
#590=ORIENTED_EDGE('',*,*,#873,.T.);
#591=ORIENTED_EDGE('',*,*,#875,.F.);
#592=ORIENTED_EDGE('',*,*,#867,.T.);
#593=ORIENTED_EDGE('',*,*,#876,.F.);
#594=ORIENTED_EDGE('',*,*,#859,.F.);
#595=ORIENTED_EDGE('',*,*,#877,.F.);
#596=ORIENTED_EDGE('',*,*,#878,.F.);
#597=ORIENTED_EDGE('',*,*,#879,.F.);
#598=ORIENTED_EDGE('',*,*,#880,.F.);
#599=ORIENTED_EDGE('',*,*,#881,.F.);
#600=ORIENTED_EDGE('',*,*,#882,.F.);
#601=ORIENTED_EDGE('',*,*,#883,.F.);
#602=ORIENTED_EDGE('',*,*,#851,.T.);
#603=ORIENTED_EDGE('',*,*,#884,.F.);
#604=ORIENTED_EDGE('',*,*,#866,.T.);
#605=ORIENTED_EDGE('',*,*,#847,.T.);
#606=ORIENTED_EDGE('',*,*,#858,.F.);
#607=ORIENTED_EDGE('',*,*,#885,.T.);
#608=ORIENTED_EDGE('',*,*,#886,.T.);
#609=ORIENTED_EDGE('',*,*,#877,.T.);
#610=ORIENTED_EDGE('',*,*,#886,.F.);
#611=ORIENTED_EDGE('',*,*,#868,.T.);
#612=ORIENTED_EDGE('',*,*,#887,.T.);
#613=ORIENTED_EDGE('',*,*,#878,.T.);
#614=ORIENTED_EDGE('',*,*,#857,.T.);
#615=ORIENTED_EDGE('',*,*,#856,.T.);
#616=ORIENTED_EDGE('',*,*,#888,.T.);
#617=ORIENTED_EDGE('',*,*,#885,.F.);
#618=ORIENTED_EDGE('',*,*,#875,.T.);
#619=ORIENTED_EDGE('',*,*,#889,.T.);
#620=ORIENTED_EDGE('',*,*,#887,.F.);
#621=ORIENTED_EDGE('',*,*,#888,.F.);
#622=ORIENTED_EDGE('',*,*,#855,.T.);
#623=ORIENTED_EDGE('',*,*,#890,.T.);
#624=ORIENTED_EDGE('',*,*,#869,.T.);
#625=ORIENTED_EDGE('',*,*,#889,.F.);
#626=ORIENTED_EDGE('',*,*,#872,.T.);
#627=ORIENTED_EDGE('',*,*,#891,.T.);
#628=ORIENTED_EDGE('',*,*,#879,.T.);
#629=ORIENTED_EDGE('',*,*,#854,.T.);
#630=ORIENTED_EDGE('',*,*,#853,.T.);
#631=ORIENTED_EDGE('',*,*,#892,.T.);
#632=ORIENTED_EDGE('',*,*,#890,.F.);
#633=ORIENTED_EDGE('',*,*,#880,.T.);
#634=ORIENTED_EDGE('',*,*,#891,.F.);
#635=ORIENTED_EDGE('',*,*,#893,.T.);
#636=ORIENTED_EDGE('',*,*,#860,.F.);
#637=ORIENTED_EDGE('',*,*,#852,.T.);
#638=ORIENTED_EDGE('',*,*,#883,.T.);
#639=ORIENTED_EDGE('',*,*,#894,.T.);
#640=ORIENTED_EDGE('',*,*,#892,.F.);
#641=ORIENTED_EDGE('',*,*,#861,.T.);
#642=ORIENTED_EDGE('',*,*,#893,.F.);
#643=ORIENTED_EDGE('',*,*,#895,.T.);
#644=ORIENTED_EDGE('',*,*,#862,.T.);
#645=ORIENTED_EDGE('',*,*,#894,.F.);
#646=ORIENTED_EDGE('',*,*,#882,.T.);
#647=ORIENTED_EDGE('',*,*,#896,.T.);
#648=ORIENTED_EDGE('',*,*,#870,.T.);
#649=ORIENTED_EDGE('',*,*,#895,.F.);
#650=ORIENTED_EDGE('',*,*,#871,.T.);
#651=ORIENTED_EDGE('',*,*,#897,.T.);
#652=ORIENTED_EDGE('',*,*,#863,.T.);
#653=ORIENTED_EDGE('',*,*,#896,.F.);
#654=ORIENTED_EDGE('',*,*,#898,.T.);
#655=ORIENTED_EDGE('',*,*,#876,.T.);
#656=ORIENTED_EDGE('',*,*,#864,.T.);
#657=ORIENTED_EDGE('',*,*,#897,.F.);
#658=ORIENTED_EDGE('',*,*,#899,.T.);
#659=ORIENTED_EDGE('',*,*,#865,.T.);
#660=ORIENTED_EDGE('',*,*,#898,.F.);
#661=ORIENTED_EDGE('',*,*,#881,.T.);
#662=ORIENTED_EDGE('',*,*,#900,.T.);
#663=ORIENTED_EDGE('',*,*,#874,.T.);
#664=ORIENTED_EDGE('',*,*,#850,.T.);
#665=ORIENTED_EDGE('',*,*,#899,.F.);
#666=ORIENTED_EDGE('',*,*,#900,.F.);
#667=ORIENTED_EDGE('',*,*,#884,.T.);
#668=EDGE_CURVE('',#901,#902,#1046,.T.);
#669=EDGE_CURVE('',#903,#901,#1047,.F.);
#670=EDGE_CURVE('',#904,#903,#1048,.F.);
#671=EDGE_CURVE('',#902,#904,#1049,.T.);
#672=EDGE_CURVE('',#905,#906,#1050,.T.);
#673=EDGE_CURVE('',#907,#905,#1051,.F.);
#674=EDGE_CURVE('',#908,#907,#1052,.F.);
#675=EDGE_CURVE('',#906,#908,#1053,.T.);
#676=EDGE_CURVE('',#901,#907,#118,.T.);
#677=EDGE_CURVE('',#908,#902,#119,.F.);
#678=EDGE_CURVE('',#905,#903,#120,.T.);
#679=EDGE_CURVE('',#904,#906,#121,.F.);
#680=EDGE_CURVE('',#909,#910,#1054,.T.);
#681=EDGE_CURVE('',#910,#909,#52,.T.);
#682=EDGE_CURVE('',#911,#912,#1055,.T.);
#683=EDGE_CURVE('',#912,#911,#53,.F.);
#684=EDGE_CURVE('',#913,#913,#1056,.T.);
#685=EDGE_CURVE('',#914,#915,#1057,.T.);
#686=EDGE_CURVE('',#915,#914,#54,.T.);
#687=EDGE_CURVE('',#916,#917,#1058,.T.);
#688=EDGE_CURVE('',#917,#916,#55,.F.);
#689=EDGE_CURVE('',#918,#918,#1059,.T.);
#690=EDGE_CURVE('',#919,#919,#122,.F.);
#691=EDGE_CURVE('',#920,#921,#1060,.T.);
#692=EDGE_CURVE('',#921,#922,#1061,.T.);
#693=EDGE_CURVE('',#922,#923,#1062,.T.);
#694=EDGE_CURVE('',#923,#924,#123,.F.);
#695=EDGE_CURVE('',#924,#925,#1063,.T.);
#696=EDGE_CURVE('',#925,#926,#1064,.T.);
#697=EDGE_CURVE('',#927,#926,#1065,.F.);
#698=EDGE_CURVE('',#928,#927,#56,.T.);
#699=EDGE_CURVE('',#929,#928,#1066,.F.);
#700=EDGE_CURVE('',#929,#930,#1067,.T.);
#701=EDGE_CURVE('',#930,#931,#1068,.T.);
#702=EDGE_CURVE('',#931,#932,#124,.T.);
#703=EDGE_CURVE('',#932,#933,#1069,.T.);
#704=EDGE_CURVE('',#933,#934,#1070,.T.);
#705=EDGE_CURVE('',#934,#935,#1071,.T.);
#706=EDGE_CURVE('',#935,#920,#57,.T.);
#707=EDGE_CURVE('',#936,#936,#125,.T.);
#708=EDGE_CURVE('',#937,#938,#126,.T.);
#709=EDGE_CURVE('',#938,#939,#58,.T.);
#710=EDGE_CURVE('',#939,#940,#127,.F.);
#711=EDGE_CURVE('',#940,#937,#59,.F.);
#712=EDGE_CURVE('',#941,#942,#128,.T.);
#713=EDGE_CURVE('',#942,#943,#1072,.T.);
#714=EDGE_CURVE('',#943,#944,#129,.T.);
#715=EDGE_CURVE('',#944,#941,#1073,.T.);
#716=EDGE_CURVE('',#943,#938,#130,.F.);
#717=EDGE_CURVE('',#937,#944,#131,.T.);
#718=EDGE_CURVE('',#927,#945,#1074,.T.);
#719=EDGE_CURVE('',#945,#946,#1075,.T.);
#720=EDGE_CURVE('',#946,#947,#60,.T.);
#721=EDGE_CURVE('',#947,#928,#1076,.T.);
#722=EDGE_CURVE('',#948,#949,#1077,.T.);
#723=EDGE_CURVE('',#949,#920,#1078,.T.);
#724=EDGE_CURVE('',#935,#950,#1079,.T.);
#725=EDGE_CURVE('',#950,#948,#61,.F.);
#726=EDGE_CURVE('',#940,#947,#1080,.T.);
#727=EDGE_CURVE('',#929,#940,#1081,.F.);
#728=EDGE_CURVE('',#937,#946,#132,.T.);
#729=EDGE_CURVE('',#931,#940,#1082,.T.);
#730=EDGE_CURVE('',#944,#946,#133,.T.);
#731=EDGE_CURVE('',#932,#939,#1083,.F.);
#732=EDGE_CURVE('',#941,#945,#1084,.T.);
#733=EDGE_CURVE('',#934,#939,#1085,.F.);
#734=EDGE_CURVE('',#941,#926,#1086,.F.);
#735=EDGE_CURVE('',#950,#939,#1087,.T.);
#736=EDGE_CURVE('',#941,#924,#1088,.T.);
#737=EDGE_CURVE('',#948,#938,#134,.T.);
#738=EDGE_CURVE('',#942,#923,#1089,.F.);
#739=EDGE_CURVE('',#948,#943,#135,.T.);
#740=EDGE_CURVE('',#942,#921,#1090,.T.);
#741=EDGE_CURVE('',#949,#942,#1091,.T.);
#742=EDGE_CURVE('',#951,#951,#136,.F.);
#743=EDGE_CURVE('',#917,#914,#137,.T.);
#744=EDGE_CURVE('',#915,#916,#138,.T.);
#745=EDGE_CURVE('',#952,#953,#1092,.T.);
#746=EDGE_CURVE('',#953,#954,#1093,.T.);
#747=EDGE_CURVE('',#954,#955,#1094,.T.);
#748=EDGE_CURVE('',#955,#956,#139,.F.);
#749=EDGE_CURVE('',#956,#957,#1095,.T.);
#750=EDGE_CURVE('',#957,#958,#1096,.T.);
#751=EDGE_CURVE('',#959,#958,#1097,.F.);
#752=EDGE_CURVE('',#960,#959,#62,.T.);
#753=EDGE_CURVE('',#961,#960,#1098,.F.);
#754=EDGE_CURVE('',#961,#962,#1099,.T.);
#755=EDGE_CURVE('',#962,#963,#1100,.T.);
#756=EDGE_CURVE('',#963,#964,#140,.T.);
#757=EDGE_CURVE('',#964,#965,#1101,.T.);
#758=EDGE_CURVE('',#965,#966,#1102,.T.);
#759=EDGE_CURVE('',#966,#967,#1103,.T.);
#760=EDGE_CURVE('',#967,#952,#63,.T.);
#761=EDGE_CURVE('',#968,#968,#141,.T.);
#762=EDGE_CURVE('',#969,#970,#142,.T.);
#763=EDGE_CURVE('',#970,#971,#64,.T.);
#764=EDGE_CURVE('',#971,#972,#143,.F.);
#765=EDGE_CURVE('',#972,#969,#65,.F.);
#766=EDGE_CURVE('',#973,#974,#144,.T.);
#767=EDGE_CURVE('',#974,#975,#1104,.T.);
#768=EDGE_CURVE('',#975,#976,#145,.T.);
#769=EDGE_CURVE('',#976,#973,#1105,.T.);
#770=EDGE_CURVE('',#975,#970,#146,.F.);
#771=EDGE_CURVE('',#969,#976,#147,.T.);
#772=EDGE_CURVE('',#959,#977,#1106,.T.);
#773=EDGE_CURVE('',#977,#978,#1107,.T.);
#774=EDGE_CURVE('',#978,#979,#66,.T.);
#775=EDGE_CURVE('',#979,#960,#1108,.T.);
#776=EDGE_CURVE('',#980,#981,#1109,.T.);
#777=EDGE_CURVE('',#981,#952,#1110,.T.);
#778=EDGE_CURVE('',#967,#982,#1111,.T.);
#779=EDGE_CURVE('',#982,#980,#67,.F.);
#780=EDGE_CURVE('',#972,#979,#1112,.T.);
#781=EDGE_CURVE('',#961,#972,#1113,.F.);
#782=EDGE_CURVE('',#969,#978,#148,.T.);
#783=EDGE_CURVE('',#963,#972,#1114,.T.);
#784=EDGE_CURVE('',#976,#978,#149,.T.);
#785=EDGE_CURVE('',#964,#971,#1115,.F.);
#786=EDGE_CURVE('',#973,#977,#1116,.T.);
#787=EDGE_CURVE('',#966,#971,#1117,.F.);
#788=EDGE_CURVE('',#973,#958,#1118,.F.);
#789=EDGE_CURVE('',#982,#971,#1119,.T.);
#790=EDGE_CURVE('',#973,#956,#1120,.T.);
#791=EDGE_CURVE('',#980,#970,#150,.T.);
#792=EDGE_CURVE('',#974,#955,#1121,.F.);
#793=EDGE_CURVE('',#980,#975,#151,.T.);
#794=EDGE_CURVE('',#974,#953,#1122,.T.);
#795=EDGE_CURVE('',#981,#974,#1123,.T.);
#796=EDGE_CURVE('',#983,#983,#152,.T.);
#797=EDGE_CURVE('',#984,#985,#1124,.F.);
#798=EDGE_CURVE('',#985,#986,#68,.F.);
#799=EDGE_CURVE('',#986,#987,#1125,.F.);
#800=EDGE_CURVE('',#987,#988,#1126,.F.);
#801=EDGE_CURVE('',#988,#989,#1127,.F.);
#802=EDGE_CURVE('',#989,#990,#153,.F.);
#803=EDGE_CURVE('',#990,#991,#1128,.F.);
#804=EDGE_CURVE('',#991,#992,#1129,.F.);
#805=EDGE_CURVE('',#993,#992,#1130,.T.);
#806=EDGE_CURVE('',#994,#993,#69,.F.);
#807=EDGE_CURVE('',#995,#994,#1131,.T.);
#808=EDGE_CURVE('',#995,#996,#1132,.F.);
#809=EDGE_CURVE('',#996,#997,#1133,.F.);
#810=EDGE_CURVE('',#997,#998,#154,.T.);
#811=EDGE_CURVE('',#998,#984,#1134,.F.);
#812=EDGE_CURVE('',#999,#999,#155,.F.);
#813=EDGE_CURVE('',#1000,#1001,#156,.F.);
#814=EDGE_CURVE('',#1001,#1002,#70,.T.);
#815=EDGE_CURVE('',#1002,#1003,#157,.T.);
#816=EDGE_CURVE('',#1003,#1000,#71,.F.);
#817=EDGE_CURVE('',#1004,#1005,#158,.F.);
#818=EDGE_CURVE('',#1005,#1006,#1135,.F.);
#819=EDGE_CURVE('',#1006,#1007,#159,.F.);
#820=EDGE_CURVE('',#1007,#1004,#1136,.F.);
#821=EDGE_CURVE('',#1006,#1001,#160,.F.);
#822=EDGE_CURVE('',#1000,#1007,#161,.T.);
#823=EDGE_CURVE('',#993,#1008,#1137,.F.);
#824=EDGE_CURVE('',#1008,#1009,#72,.F.);
#825=EDGE_CURVE('',#1009,#1010,#1138,.F.);
#826=EDGE_CURVE('',#1010,#994,#1139,.F.);
#827=EDGE_CURVE('',#1011,#1012,#1140,.F.);
#828=EDGE_CURVE('',#1012,#1013,#73,.T.);
#829=EDGE_CURVE('',#1013,#986,#1141,.F.);
#830=EDGE_CURVE('',#985,#1011,#1142,.F.);
#831=EDGE_CURVE('',#1002,#992,#1143,.T.);
#832=EDGE_CURVE('',#1008,#1002,#1144,.F.);
#833=EDGE_CURVE('',#1009,#1001,#162,.F.);
#834=EDGE_CURVE('',#1002,#990,#1145,.F.);
#835=EDGE_CURVE('',#1009,#1006,#163,.F.);
#836=EDGE_CURVE('',#1003,#989,#1146,.T.);
#837=EDGE_CURVE('',#1010,#1005,#1147,.F.);
#838=EDGE_CURVE('',#1003,#987,#1148,.T.);
#839=EDGE_CURVE('',#995,#1005,#1149,.T.);
#840=EDGE_CURVE('',#1003,#1013,#1150,.F.);
#841=EDGE_CURVE('',#997,#1005,#1151,.F.);
#842=EDGE_CURVE('',#1000,#1012,#164,.F.);
#843=EDGE_CURVE('',#998,#1004,#1152,.T.);
#844=EDGE_CURVE('',#1007,#1012,#165,.F.);
#845=EDGE_CURVE('',#984,#1004,#1153,.F.);
#846=EDGE_CURVE('',#1004,#1011,#1154,.F.);
#847=EDGE_CURVE('',#1014,#1014,#166,.F.);
#848=EDGE_CURVE('',#909,#912,#167,.T.);
#849=EDGE_CURVE('',#911,#910,#168,.T.);
#850=EDGE_CURVE('',#1015,#1016,#1155,.T.);
#851=EDGE_CURVE('',#1017,#1015,#74,.T.);
#852=EDGE_CURVE('',#1018,#1017,#1156,.T.);
#853=EDGE_CURVE('',#1019,#1018,#1157,.T.);
#854=EDGE_CURVE('',#1020,#1019,#1158,.T.);
#855=EDGE_CURVE('',#1021,#1020,#169,.T.);
#856=EDGE_CURVE('',#1022,#1021,#1159,.T.);
#857=EDGE_CURVE('',#1023,#1022,#1160,.T.);
#858=EDGE_CURVE('',#1023,#1024,#1161,.F.);
#859=EDGE_CURVE('',#1024,#1025,#75,.T.);
#860=EDGE_CURVE('',#1025,#1026,#1162,.F.);
#861=EDGE_CURVE('',#1027,#1026,#1163,.T.);
#862=EDGE_CURVE('',#1028,#1027,#1164,.T.);
#863=EDGE_CURVE('',#1029,#1028,#170,.F.);
#864=EDGE_CURVE('',#1030,#1029,#1165,.T.);
#865=EDGE_CURVE('',#1016,#1030,#1166,.T.);
#866=EDGE_CURVE('',#1031,#1031,#171,.T.);
#867=EDGE_CURVE('',#1032,#1033,#172,.T.);
#868=EDGE_CURVE('',#1034,#1032,#76,.F.);
#869=EDGE_CURVE('',#1035,#1034,#173,.F.);
#870=EDGE_CURVE('',#1033,#1035,#77,.T.);
#871=EDGE_CURVE('',#1036,#1037,#174,.T.);
#872=EDGE_CURVE('',#1038,#1036,#1167,.T.);
#873=EDGE_CURVE('',#1039,#1038,#175,.T.);
#874=EDGE_CURVE('',#1037,#1039,#1168,.T.);
#875=EDGE_CURVE('',#1032,#1038,#176,.T.);
#876=EDGE_CURVE('',#1039,#1033,#177,.F.);
#877=EDGE_CURVE('',#1040,#1024,#1169,.T.);
#878=EDGE_CURVE('',#1041,#1040,#78,.T.);
#879=EDGE_CURVE('',#1042,#1041,#1170,.T.);
#880=EDGE_CURVE('',#1025,#1042,#1171,.T.);
#881=EDGE_CURVE('',#1043,#1044,#1172,.T.);
#882=EDGE_CURVE('',#1045,#1043,#79,.F.);
#883=EDGE_CURVE('',#1017,#1045,#1173,.T.);
#884=EDGE_CURVE('',#1044,#1015,#1174,.T.);
#885=EDGE_CURVE('',#1023,#1034,#1175,.F.);
#886=EDGE_CURVE('',#1034,#1040,#1176,.T.);
#887=EDGE_CURVE('',#1032,#1041,#178,.T.);
#888=EDGE_CURVE('',#1021,#1034,#1177,.T.);
#889=EDGE_CURVE('',#1038,#1041,#179,.T.);
#890=EDGE_CURVE('',#1020,#1035,#1178,.F.);
#891=EDGE_CURVE('',#1036,#1042,#1179,.T.);
#892=EDGE_CURVE('',#1018,#1035,#1180,.F.);
#893=EDGE_CURVE('',#1036,#1026,#1181,.F.);
#894=EDGE_CURVE('',#1045,#1035,#1182,.T.);
#895=EDGE_CURVE('',#1036,#1028,#1183,.T.);
#896=EDGE_CURVE('',#1043,#1033,#180,.T.);
#897=EDGE_CURVE('',#1037,#1029,#1184,.F.);
#898=EDGE_CURVE('',#1043,#1039,#181,.T.);
#899=EDGE_CURVE('',#1037,#1016,#1185,.T.);
#900=EDGE_CURVE('',#1044,#1037,#1186,.T.);
#901=VERTEX_POINT('',#2035);
#902=VERTEX_POINT('',#2036);
#903=VERTEX_POINT('',#2044);
#904=VERTEX_POINT('',#2049);
#905=VERTEX_POINT('',#2101);
#906=VERTEX_POINT('',#2102);
#907=VERTEX_POINT('',#2111);
#908=VERTEX_POINT('',#2116);
#909=VERTEX_POINT('',#2136);
#910=VERTEX_POINT('',#2137);
#911=VERTEX_POINT('',#2143);
#912=VERTEX_POINT('',#2144);
#913=VERTEX_POINT('',#2165);
#914=VERTEX_POINT('',#2170);
#915=VERTEX_POINT('',#2171);
#916=VERTEX_POINT('',#2177);
#917=VERTEX_POINT('',#2178);
#918=VERTEX_POINT('',#2199);
#919=VERTEX_POINT('',#2202);
#920=VERTEX_POINT('',#2207);
#921=VERTEX_POINT('',#2208);
#922=VERTEX_POINT('',#2213);
#923=VERTEX_POINT('',#2218);
#924=VERTEX_POINT('',#2220);
#925=VERTEX_POINT('',#2225);
#926=VERTEX_POINT('',#2230);
#927=VERTEX_POINT('',#2235);
#928=VERTEX_POINT('',#2237);
#929=VERTEX_POINT('',#2242);
#930=VERTEX_POINT('',#2247);
#931=VERTEX_POINT('',#2252);
#932=VERTEX_POINT('',#2254);
#933=VERTEX_POINT('',#2259);
#934=VERTEX_POINT('',#2264);
#935=VERTEX_POINT('',#2269);
#936=VERTEX_POINT('',#2273);
#937=VERTEX_POINT('',#2276);
#938=VERTEX_POINT('',#2277);
#939=VERTEX_POINT('',#2279);
#940=VERTEX_POINT('',#2281);
#941=VERTEX_POINT('',#2285);
#942=VERTEX_POINT('',#2286);
#943=VERTEX_POINT('',#2293);
#944=VERTEX_POINT('',#2295);
#945=VERTEX_POINT('',#2310);
#946=VERTEX_POINT('',#2317);
#947=VERTEX_POINT('',#2319);
#948=VERTEX_POINT('',#2331);
#949=VERTEX_POINT('',#2332);
#950=VERTEX_POINT('',#2341);
#951=VERTEX_POINT('',#2776);
#952=VERTEX_POINT('',#2783);
#953=VERTEX_POINT('',#2784);
#954=VERTEX_POINT('',#2789);
#955=VERTEX_POINT('',#2794);
#956=VERTEX_POINT('',#2796);
#957=VERTEX_POINT('',#2801);
#958=VERTEX_POINT('',#2806);
#959=VERTEX_POINT('',#2811);
#960=VERTEX_POINT('',#2813);
#961=VERTEX_POINT('',#2818);
#962=VERTEX_POINT('',#2823);
#963=VERTEX_POINT('',#2828);
#964=VERTEX_POINT('',#2830);
#965=VERTEX_POINT('',#2835);
#966=VERTEX_POINT('',#2840);
#967=VERTEX_POINT('',#2845);
#968=VERTEX_POINT('',#2849);
#969=VERTEX_POINT('',#2853);
#970=VERTEX_POINT('',#2854);
#971=VERTEX_POINT('',#2856);
#972=VERTEX_POINT('',#2858);
#973=VERTEX_POINT('',#2862);
#974=VERTEX_POINT('',#2863);
#975=VERTEX_POINT('',#2870);
#976=VERTEX_POINT('',#2872);
#977=VERTEX_POINT('',#2887);
#978=VERTEX_POINT('',#2894);
#979=VERTEX_POINT('',#2896);
#980=VERTEX_POINT('',#2908);
#981=VERTEX_POINT('',#2909);
#982=VERTEX_POINT('',#2918);
#983=VERTEX_POINT('',#3353);
#984=VERTEX_POINT('',#3358);
#985=VERTEX_POINT('',#3359);
#986=VERTEX_POINT('',#3361);
#987=VERTEX_POINT('',#3366);
#988=VERTEX_POINT('',#3371);
#989=VERTEX_POINT('',#3376);
#990=VERTEX_POINT('',#3378);
#991=VERTEX_POINT('',#3383);
#992=VERTEX_POINT('',#3388);
#993=VERTEX_POINT('',#3393);
#994=VERTEX_POINT('',#3395);
#995=VERTEX_POINT('',#3400);
#996=VERTEX_POINT('',#3405);
#997=VERTEX_POINT('',#3410);
#998=VERTEX_POINT('',#3412);
#999=VERTEX_POINT('',#3419);
#1000=VERTEX_POINT('',#3422);
#1001=VERTEX_POINT('',#3423);
#1002=VERTEX_POINT('',#3425);
#1003=VERTEX_POINT('',#3427);
#1004=VERTEX_POINT('',#3431);
#1005=VERTEX_POINT('',#3432);
#1006=VERTEX_POINT('',#3439);
#1007=VERTEX_POINT('',#3441);
#1008=VERTEX_POINT('',#3456);
#1009=VERTEX_POINT('',#3458);
#1010=VERTEX_POINT('',#3465);
#1011=VERTEX_POINT('',#3477);
#1012=VERTEX_POINT('',#3478);
#1013=VERTEX_POINT('',#3480);
#1014=VERTEX_POINT('',#3922);
#1015=VERTEX_POINT('',#3929);
#1016=VERTEX_POINT('',#3930);
#1017=VERTEX_POINT('',#3932);
#1018=VERTEX_POINT('',#3937);
#1019=VERTEX_POINT('',#3942);
#1020=VERTEX_POINT('',#3947);
#1021=VERTEX_POINT('',#3949);
#1022=VERTEX_POINT('',#3954);
#1023=VERTEX_POINT('',#3959);
#1024=VERTEX_POINT('',#3964);
#1025=VERTEX_POINT('',#3966);
#1026=VERTEX_POINT('',#3971);
#1027=VERTEX_POINT('',#3976);
#1028=VERTEX_POINT('',#3981);
#1029=VERTEX_POINT('',#3983);
#1030=VERTEX_POINT('',#3988);
#1031=VERTEX_POINT('',#3995);
#1032=VERTEX_POINT('',#3999);
#1033=VERTEX_POINT('',#4000);
#1034=VERTEX_POINT('',#4002);
#1035=VERTEX_POINT('',#4004);
#1036=VERTEX_POINT('',#4008);
#1037=VERTEX_POINT('',#4009);
#1038=VERTEX_POINT('',#4016);
#1039=VERTEX_POINT('',#4018);
#1040=VERTEX_POINT('',#4033);
#1041=VERTEX_POINT('',#4035);
#1042=VERTEX_POINT('',#4042);
#1043=VERTEX_POINT('',#4054);
#1044=VERTEX_POINT('',#4055);
#1045=VERTEX_POINT('',#4057);
#1046=B_SPLINE_CURVE_WITH_KNOTS('',3,(#2031,#2032,#2033,#2034),
 .UNSPECIFIED.,.F.,.F.,(4,4),(-0.959999999991473,0.999999999995599),
 .UNSPECIFIED.);
#1047=B_SPLINE_CURVE_WITH_KNOTS('',3,(#2037,#2038,#2039,#2040,#2041,#2042,
#2043),.UNSPECIFIED.,.F.,.F.,(4,1,1,1,4),(0.,0.00231133160917983,0.00462266321835966,
0.00693399482753949,0.00924532643671932),.UNSPECIFIED.);
#1048=B_SPLINE_CURVE_WITH_KNOTS('',3,(#2045,#2046,#2047,#2048),
 .UNSPECIFIED.,.F.,.F.,(4,4),(-0.959999999994268,0.999999999992054),
 .UNSPECIFIED.);
#1049=B_SPLINE_CURVE_WITH_KNOTS('',3,(#2050,#2051,#2052,#2053,#2054,#2055,
#2056),.UNSPECIFIED.,.F.,.F.,(4,1,1,1,4),(0.,0.00230950880123396,0.00461901760246791,
0.00692852640370187,0.00923803520493582),.UNSPECIFIED.);
#1050=B_SPLINE_CURVE_WITH_KNOTS('',3,(#2097,#2098,#2099,#2100),
 .UNSPECIFIED.,.F.,.F.,(4,4),(-0.959999999994278,0.999999999992054),
 .UNSPECIFIED.);
#1051=B_SPLINE_CURVE_WITH_KNOTS('',3,(#2103,#2104,#2105,#2106,#2107,#2108,
#2109,#2110),.UNSPECIFIED.,.F.,.F.,(4,1,1,1,1,4),(0.,0.00115633562514854,
0.00231267125029707,0.00462534250059415,0.00693801375089122,0.00925068500118829),
 .UNSPECIFIED.);
#1052=B_SPLINE_CURVE_WITH_KNOTS('',3,(#2112,#2113,#2114,#2115),
 .UNSPECIFIED.,.F.,.F.,(4,4),(-0.959999999991473,0.999999999996245),
 .UNSPECIFIED.);
#1053=B_SPLINE_CURVE_WITH_KNOTS('',3,(#2117,#2118,#2119,#2120,#2121,#2122,
#2123),.UNSPECIFIED.,.F.,.F.,(4,1,1,1,4),(0.,0.00232505667519007,0.00465011335038015,
0.00697517002557022,0.00930022670076029),.UNSPECIFIED.);
#1054=B_SPLINE_CURVE_WITH_KNOTS('',3,(#2132,#2133,#2134,#2135),
 .UNSPECIFIED.,.F.,.F.,(4,4),(0.,1.),.UNSPECIFIED.);
#1055=B_SPLINE_CURVE_WITH_KNOTS('',3,(#2139,#2140,#2141,#2142),
 .UNSPECIFIED.,.F.,.F.,(4,4),(0.,1.),.UNSPECIFIED.);
#1056=B_SPLINE_CURVE_WITH_KNOTS('',3,(#2146,#2147,#2148,#2149,#2150,#2151,
#2152,#2153,#2154,#2155,#2156,#2157,#2158,#2159,#2160,#2161,#2162,#2163,
#2164),.UNSPECIFIED.,.T.,.F.,(1,1,1,1,1,1,1,1,1,1,1,1,1,1,1,1,1,1,1,1,1,
1,1),(-0.190789473684211,-0.128289473684211,-0.0657894736842105,-2.22044604925031E-16,
0.059375,0.12171875,0.1842109375,0.246710546875,0.30921052734375,0.371710526367187,
0.434210526318359,0.496710526315918,0.559210526315796,0.62171052631579,
0.684210526315789,0.746710526315789,0.809210526315789,0.871710526315789,
0.934210526315789,1.,1.059375,1.12171875,1.1842109375),.UNSPECIFIED.);
#1057=B_SPLINE_CURVE_WITH_KNOTS('',3,(#2166,#2167,#2168,#2169),
 .UNSPECIFIED.,.F.,.F.,(4,4),(0.,1.),.UNSPECIFIED.);
#1058=B_SPLINE_CURVE_WITH_KNOTS('',3,(#2173,#2174,#2175,#2176),
 .UNSPECIFIED.,.F.,.F.,(4,4),(0.,1.),.UNSPECIFIED.);
#1059=B_SPLINE_CURVE_WITH_KNOTS('',3,(#2180,#2181,#2182,#2183,#2184,#2185,
#2186,#2187,#2188,#2189,#2190,#2191,#2192,#2193,#2194,#2195,#2196,#2197,
#2198),.UNSPECIFIED.,.T.,.F.,(1,1,1,1,1,1,1,1,1,1,1,1,1,1,1,1,1,1,1,1,1,
1,1),(-0.190789473684211,-0.128289473684211,-0.0657894736842105,2.44249065417534E-15,
0.0593750000000001,0.12171875,0.1842109375,0.246710546875,0.30921052734375,
0.371710526367187,0.434210526318359,0.496710526315918,0.559210526315796,
0.62171052631579,0.684210526315789,0.746710526315789,0.809210526315789,
0.871710526315789,0.934210526315789,1.,1.059375,1.12171875,1.1842109375),
 .UNSPECIFIED.);
#1060=B_SPLINE_CURVE_WITH_KNOTS('',3,(#2203,#2204,#2205,#2206),
 .UNSPECIFIED.,.F.,.F.,(4,4),(0.,1.),.UNSPECIFIED.);
#1061=B_SPLINE_CURVE_WITH_KNOTS('',3,(#2209,#2210,#2211,#2212),
 .UNSPECIFIED.,.F.,.F.,(4,4),(0.,1.),.UNSPECIFIED.);
#1062=B_SPLINE_CURVE_WITH_KNOTS('',3,(#2214,#2215,#2216,#2217),
 .UNSPECIFIED.,.F.,.F.,(4,4),(0.,1.),.UNSPECIFIED.);
#1063=B_SPLINE_CURVE_WITH_KNOTS('',3,(#2221,#2222,#2223,#2224),
 .UNSPECIFIED.,.F.,.F.,(4,4),(0.,1.),.UNSPECIFIED.);
#1064=B_SPLINE_CURVE_WITH_KNOTS('',3,(#2226,#2227,#2228,#2229),
 .UNSPECIFIED.,.F.,.F.,(4,4),(0.,1.),.UNSPECIFIED.);
#1065=B_SPLINE_CURVE_WITH_KNOTS('',3,(#2231,#2232,#2233,#2234),
 .UNSPECIFIED.,.F.,.F.,(4,4),(0.,1.),.UNSPECIFIED.);
#1066=B_SPLINE_CURVE_WITH_KNOTS('',3,(#2238,#2239,#2240,#2241),
 .UNSPECIFIED.,.F.,.F.,(4,4),(0.,1.),.UNSPECIFIED.);
#1067=B_SPLINE_CURVE_WITH_KNOTS('',3,(#2243,#2244,#2245,#2246),
 .UNSPECIFIED.,.F.,.F.,(4,4),(0.,1.),.UNSPECIFIED.);
#1068=B_SPLINE_CURVE_WITH_KNOTS('',3,(#2248,#2249,#2250,#2251),
 .UNSPECIFIED.,.F.,.F.,(4,4),(0.,1.),.UNSPECIFIED.);
#1069=B_SPLINE_CURVE_WITH_KNOTS('',3,(#2255,#2256,#2257,#2258),
 .UNSPECIFIED.,.F.,.F.,(4,4),(0.,1.),.UNSPECIFIED.);
#1070=B_SPLINE_CURVE_WITH_KNOTS('',3,(#2260,#2261,#2262,#2263),
 .UNSPECIFIED.,.F.,.F.,(4,4),(0.,1.),.UNSPECIFIED.);
#1071=B_SPLINE_CURVE_WITH_KNOTS('',3,(#2265,#2266,#2267,#2268),
 .UNSPECIFIED.,.F.,.F.,(4,4),(0.,1.),.UNSPECIFIED.);
#1072=B_SPLINE_CURVE_WITH_KNOTS('',3,(#2287,#2288,#2289,#2290,#2291,#2292),
 .UNSPECIFIED.,.F.,.F.,(4,1,1,4),(0.,0.000627653534691969,0.00125530706938394,
0.00251061413876788),.UNSPECIFIED.);
#1073=B_SPLINE_CURVE_WITH_KNOTS('',3,(#2296,#2297,#2298,#2299,#2300,#2301),
 .UNSPECIFIED.,.F.,.F.,(4,1,1,4),(0.,0.00125333662618627,0.00188000493927941,
0.00250667325237254),.UNSPECIFIED.);
#1074=B_SPLINE_CURVE_WITH_KNOTS('',3,(#2306,#2307,#2308,#2309),
 .UNSPECIFIED.,.F.,.F.,(4,4),(0.,1.),.UNSPECIFIED.);
#1075=B_SPLINE_CURVE_WITH_KNOTS('',3,(#2311,#2312,#2313,#2314,#2315,#2316),
 .UNSPECIFIED.,.F.,.F.,(4,1,1,4),(0.000157754666642811,0.000782662875330444,
0.00140757108401808,0.00265738750139334),.UNSPECIFIED.);
#1076=B_SPLINE_CURVE_WITH_KNOTS('',3,(#2320,#2321,#2322,#2323),
 .UNSPECIFIED.,.F.,.F.,(4,4),(0.,1.),.UNSPECIFIED.);
#1077=B_SPLINE_CURVE_WITH_KNOTS('',3,(#2325,#2326,#2327,#2328,#2329,#2330),
 .UNSPECIFIED.,.F.,.F.,(4,1,1,4),(0.,0.0012227976900732,0.0018341965351098,
0.0024455953801464),.UNSPECIFIED.);
#1078=B_SPLINE_CURVE_WITH_KNOTS('',3,(#2333,#2334,#2335,#2336),
 .UNSPECIFIED.,.F.,.F.,(4,4),(0.,1.),.UNSPECIFIED.);
#1079=B_SPLINE_CURVE_WITH_KNOTS('',3,(#2337,#2338,#2339,#2340),
 .UNSPECIFIED.,.F.,.F.,(4,4),(0.,1.),.UNSPECIFIED.);
#1080=B_SPLINE_CURVE_WITH_KNOTS('',3,(#2392,#2393,#2394,#2395),
 .UNSPECIFIED.,.F.,.F.,(4,4),(0.,1.),.UNSPECIFIED.);
#1081=B_SPLINE_CURVE_WITH_KNOTS('',3,(#2396,#2397,#2398,#2399),
 .UNSPECIFIED.,.F.,.F.,(4,4),(0.,1.),.UNSPECIFIED.);
#1082=B_SPLINE_CURVE_WITH_KNOTS('',3,(#2450,#2451,#2452,#2453),
 .UNSPECIFIED.,.F.,.F.,(4,4),(0.,1.),.UNSPECIFIED.);
#1083=B_SPLINE_CURVE_WITH_KNOTS('',3,(#2457,#2458,#2459,#2460),
 .UNSPECIFIED.,.F.,.F.,(4,4),(0.,1.),.UNSPECIFIED.);
#1084=B_SPLINE_CURVE_WITH_KNOTS('',3,(#2479,#2480,#2481,#2482),
 .UNSPECIFIED.,.F.,.F.,(4,4),(0.,1.),.UNSPECIFIED.);
#1085=B_SPLINE_CURVE_WITH_KNOTS('',3,(#2531,#2532,#2533,#2534),
 .UNSPECIFIED.,.F.,.F.,(4,4),(0.,1.),.UNSPECIFIED.);
#1086=B_SPLINE_CURVE_WITH_KNOTS('',3,(#2563,#2564,#2565,#2566),
 .UNSPECIFIED.,.F.,.F.,(4,4),(0.,1.),.UNSPECIFIED.);
#1087=B_SPLINE_CURVE_WITH_KNOTS('',3,(#2615,#2616,#2617,#2618),
 .UNSPECIFIED.,.F.,.F.,(4,4),(0.,1.),.UNSPECIFIED.);
#1088=B_SPLINE_CURVE_WITH_KNOTS('',3,(#2663,#2664,#2665,#2666),
 .UNSPECIFIED.,.F.,.F.,(4,4),(0.,1.),.UNSPECIFIED.);
#1089=B_SPLINE_CURVE_WITH_KNOTS('',3,(#2670,#2671,#2672,#2673),
 .UNSPECIFIED.,.F.,.F.,(4,4),(0.,1.),.UNSPECIFIED.);
#1090=B_SPLINE_CURVE_WITH_KNOTS('',3,(#2720,#2721,#2722,#2723),
 .UNSPECIFIED.,.F.,.F.,(4,4),(0.,1.),.UNSPECIFIED.);
#1091=B_SPLINE_CURVE_WITH_KNOTS('',3,(#2742,#2743,#2744,#2745),
 .UNSPECIFIED.,.F.,.F.,(4,4),(0.,1.),.UNSPECIFIED.);
#1092=B_SPLINE_CURVE_WITH_KNOTS('',3,(#2779,#2780,#2781,#2782),
 .UNSPECIFIED.,.F.,.F.,(4,4),(0.,1.),.UNSPECIFIED.);
#1093=B_SPLINE_CURVE_WITH_KNOTS('',3,(#2785,#2786,#2787,#2788),
 .UNSPECIFIED.,.F.,.F.,(4,4),(0.,1.),.UNSPECIFIED.);
#1094=B_SPLINE_CURVE_WITH_KNOTS('',3,(#2790,#2791,#2792,#2793),
 .UNSPECIFIED.,.F.,.F.,(4,4),(0.,1.),.UNSPECIFIED.);
#1095=B_SPLINE_CURVE_WITH_KNOTS('',3,(#2797,#2798,#2799,#2800),
 .UNSPECIFIED.,.F.,.F.,(4,4),(0.,1.),.UNSPECIFIED.);
#1096=B_SPLINE_CURVE_WITH_KNOTS('',3,(#2802,#2803,#2804,#2805),
 .UNSPECIFIED.,.F.,.F.,(4,4),(0.,1.),.UNSPECIFIED.);
#1097=B_SPLINE_CURVE_WITH_KNOTS('',3,(#2807,#2808,#2809,#2810),
 .UNSPECIFIED.,.F.,.F.,(4,4),(0.,1.),.UNSPECIFIED.);
#1098=B_SPLINE_CURVE_WITH_KNOTS('',3,(#2814,#2815,#2816,#2817),
 .UNSPECIFIED.,.F.,.F.,(4,4),(0.,1.),.UNSPECIFIED.);
#1099=B_SPLINE_CURVE_WITH_KNOTS('',3,(#2819,#2820,#2821,#2822),
 .UNSPECIFIED.,.F.,.F.,(4,4),(0.,1.),.UNSPECIFIED.);
#1100=B_SPLINE_CURVE_WITH_KNOTS('',3,(#2824,#2825,#2826,#2827),
 .UNSPECIFIED.,.F.,.F.,(4,4),(0.,1.),.UNSPECIFIED.);
#1101=B_SPLINE_CURVE_WITH_KNOTS('',3,(#2831,#2832,#2833,#2834),
 .UNSPECIFIED.,.F.,.F.,(4,4),(0.,1.),.UNSPECIFIED.);
#1102=B_SPLINE_CURVE_WITH_KNOTS('',3,(#2836,#2837,#2838,#2839),
 .UNSPECIFIED.,.F.,.F.,(4,4),(0.,1.),.UNSPECIFIED.);
#1103=B_SPLINE_CURVE_WITH_KNOTS('',3,(#2841,#2842,#2843,#2844),
 .UNSPECIFIED.,.F.,.F.,(4,4),(0.,1.),.UNSPECIFIED.);
#1104=B_SPLINE_CURVE_WITH_KNOTS('',3,(#2864,#2865,#2866,#2867,#2868,#2869),
 .UNSPECIFIED.,.F.,.F.,(4,1,1,4),(0.,0.000627653534691969,0.00125530706938394,
0.00251061413876788),.UNSPECIFIED.);
#1105=B_SPLINE_CURVE_WITH_KNOTS('',3,(#2873,#2874,#2875,#2876,#2877,#2878),
 .UNSPECIFIED.,.F.,.F.,(4,1,1,4),(0.,0.00125333662618627,0.00188000493927941,
0.00250667325237254),.UNSPECIFIED.);
#1106=B_SPLINE_CURVE_WITH_KNOTS('',3,(#2883,#2884,#2885,#2886),
 .UNSPECIFIED.,.F.,.F.,(4,4),(0.,1.),.UNSPECIFIED.);
#1107=B_SPLINE_CURVE_WITH_KNOTS('',3,(#2888,#2889,#2890,#2891,#2892,#2893),
 .UNSPECIFIED.,.F.,.F.,(4,1,1,4),(0.000157754666642811,0.000782662875330444,
0.00140757108401808,0.00265738750139334),.UNSPECIFIED.);
#1108=B_SPLINE_CURVE_WITH_KNOTS('',3,(#2897,#2898,#2899,#2900),
 .UNSPECIFIED.,.F.,.F.,(4,4),(0.,1.),.UNSPECIFIED.);
#1109=B_SPLINE_CURVE_WITH_KNOTS('',3,(#2902,#2903,#2904,#2905,#2906,#2907),
 .UNSPECIFIED.,.F.,.F.,(4,1,1,4),(0.,0.0012227976900732,0.0018341965351098,
0.0024455953801464),.UNSPECIFIED.);
#1110=B_SPLINE_CURVE_WITH_KNOTS('',3,(#2910,#2911,#2912,#2913),
 .UNSPECIFIED.,.F.,.F.,(4,4),(0.,1.),.UNSPECIFIED.);
#1111=B_SPLINE_CURVE_WITH_KNOTS('',3,(#2914,#2915,#2916,#2917),
 .UNSPECIFIED.,.F.,.F.,(4,4),(0.,1.),.UNSPECIFIED.);
#1112=B_SPLINE_CURVE_WITH_KNOTS('',3,(#2969,#2970,#2971,#2972),
 .UNSPECIFIED.,.F.,.F.,(4,4),(0.,1.),.UNSPECIFIED.);
#1113=B_SPLINE_CURVE_WITH_KNOTS('',3,(#2973,#2974,#2975,#2976),
 .UNSPECIFIED.,.F.,.F.,(4,4),(0.,1.),.UNSPECIFIED.);
#1114=B_SPLINE_CURVE_WITH_KNOTS('',3,(#3027,#3028,#3029,#3030),
 .UNSPECIFIED.,.F.,.F.,(4,4),(0.,1.),.UNSPECIFIED.);
#1115=B_SPLINE_CURVE_WITH_KNOTS('',3,(#3034,#3035,#3036,#3037),
 .UNSPECIFIED.,.F.,.F.,(4,4),(0.,1.),.UNSPECIFIED.);
#1116=B_SPLINE_CURVE_WITH_KNOTS('',3,(#3056,#3057,#3058,#3059),
 .UNSPECIFIED.,.F.,.F.,(4,4),(0.,1.),.UNSPECIFIED.);
#1117=B_SPLINE_CURVE_WITH_KNOTS('',3,(#3108,#3109,#3110,#3111),
 .UNSPECIFIED.,.F.,.F.,(4,4),(0.,1.),.UNSPECIFIED.);
#1118=B_SPLINE_CURVE_WITH_KNOTS('',3,(#3140,#3141,#3142,#3143),
 .UNSPECIFIED.,.F.,.F.,(4,4),(0.,1.),.UNSPECIFIED.);
#1119=B_SPLINE_CURVE_WITH_KNOTS('',3,(#3192,#3193,#3194,#3195),
 .UNSPECIFIED.,.F.,.F.,(4,4),(0.,1.),.UNSPECIFIED.);
#1120=B_SPLINE_CURVE_WITH_KNOTS('',3,(#3240,#3241,#3242,#3243),
 .UNSPECIFIED.,.F.,.F.,(4,4),(0.,1.),.UNSPECIFIED.);
#1121=B_SPLINE_CURVE_WITH_KNOTS('',3,(#3247,#3248,#3249,#3250),
 .UNSPECIFIED.,.F.,.F.,(4,4),(0.,1.),.UNSPECIFIED.);
#1122=B_SPLINE_CURVE_WITH_KNOTS('',3,(#3297,#3298,#3299,#3300),
 .UNSPECIFIED.,.F.,.F.,(4,4),(0.,1.),.UNSPECIFIED.);
#1123=B_SPLINE_CURVE_WITH_KNOTS('',3,(#3319,#3320,#3321,#3322),
 .UNSPECIFIED.,.F.,.F.,(4,4),(0.,1.),.UNSPECIFIED.);
#1124=B_SPLINE_CURVE_WITH_KNOTS('',3,(#3354,#3355,#3356,#3357),
 .UNSPECIFIED.,.F.,.F.,(4,4),(0.,1.),.UNSPECIFIED.);
#1125=B_SPLINE_CURVE_WITH_KNOTS('',3,(#3362,#3363,#3364,#3365),
 .UNSPECIFIED.,.F.,.F.,(4,4),(0.,1.),.UNSPECIFIED.);
#1126=B_SPLINE_CURVE_WITH_KNOTS('',3,(#3367,#3368,#3369,#3370),
 .UNSPECIFIED.,.F.,.F.,(4,4),(0.,1.),.UNSPECIFIED.);
#1127=B_SPLINE_CURVE_WITH_KNOTS('',3,(#3372,#3373,#3374,#3375),
 .UNSPECIFIED.,.F.,.F.,(4,4),(0.,1.),.UNSPECIFIED.);
#1128=B_SPLINE_CURVE_WITH_KNOTS('',3,(#3379,#3380,#3381,#3382),
 .UNSPECIFIED.,.F.,.F.,(4,4),(0.,1.),.UNSPECIFIED.);
#1129=B_SPLINE_CURVE_WITH_KNOTS('',3,(#3384,#3385,#3386,#3387),
 .UNSPECIFIED.,.F.,.F.,(4,4),(0.,1.),.UNSPECIFIED.);
#1130=B_SPLINE_CURVE_WITH_KNOTS('',3,(#3389,#3390,#3391,#3392),
 .UNSPECIFIED.,.F.,.F.,(4,4),(0.,1.),.UNSPECIFIED.);
#1131=B_SPLINE_CURVE_WITH_KNOTS('',3,(#3396,#3397,#3398,#3399),
 .UNSPECIFIED.,.F.,.F.,(4,4),(0.,1.),.UNSPECIFIED.);
#1132=B_SPLINE_CURVE_WITH_KNOTS('',3,(#3401,#3402,#3403,#3404),
 .UNSPECIFIED.,.F.,.F.,(4,4),(0.,1.),.UNSPECIFIED.);
#1133=B_SPLINE_CURVE_WITH_KNOTS('',3,(#3406,#3407,#3408,#3409),
 .UNSPECIFIED.,.F.,.F.,(4,4),(0.,1.),.UNSPECIFIED.);
#1134=B_SPLINE_CURVE_WITH_KNOTS('',3,(#3413,#3414,#3415,#3416),
 .UNSPECIFIED.,.F.,.F.,(4,4),(0.,1.),.UNSPECIFIED.);
#1135=B_SPLINE_CURVE_WITH_KNOTS('',3,(#3433,#3434,#3435,#3436,#3437,#3438),
 .UNSPECIFIED.,.F.,.F.,(4,1,1,4),(0.,0.00125333662618627,0.00188000493927941,
0.00250667325237254),.UNSPECIFIED.);
#1136=B_SPLINE_CURVE_WITH_KNOTS('',3,(#3442,#3443,#3444,#3445,#3446,#3447),
 .UNSPECIFIED.,.F.,.F.,(4,1,1,4),(0.,0.000627653534691969,0.00125530706938394,
0.00251061413876788),.UNSPECIFIED.);
#1137=B_SPLINE_CURVE_WITH_KNOTS('',3,(#3452,#3453,#3454,#3455),
 .UNSPECIFIED.,.F.,.F.,(4,4),(0.,1.),.UNSPECIFIED.);
#1138=B_SPLINE_CURVE_WITH_KNOTS('',3,(#3459,#3460,#3461,#3462,#3463,#3464),
 .UNSPECIFIED.,.F.,.F.,(4,1,1,4),(0.000157754666642811,0.000782662875330444,
0.00140757108401808,0.00265738750139334),.UNSPECIFIED.);
#1139=B_SPLINE_CURVE_WITH_KNOTS('',3,(#3466,#3467,#3468,#3469),
 .UNSPECIFIED.,.F.,.F.,(4,4),(0.,1.),.UNSPECIFIED.);
#1140=B_SPLINE_CURVE_WITH_KNOTS('',3,(#3471,#3472,#3473,#3474,#3475,#3476),
 .UNSPECIFIED.,.F.,.F.,(4,1,1,4),(0.,0.0012227976900732,0.0018341965351098,
0.0024455953801464),.UNSPECIFIED.);
#1141=B_SPLINE_CURVE_WITH_KNOTS('',3,(#3481,#3482,#3483,#3484),
 .UNSPECIFIED.,.F.,.F.,(4,4),(0.,1.),.UNSPECIFIED.);
#1142=B_SPLINE_CURVE_WITH_KNOTS('',3,(#3485,#3486,#3487,#3488),
 .UNSPECIFIED.,.F.,.F.,(4,4),(0.,1.),.UNSPECIFIED.);
#1143=B_SPLINE_CURVE_WITH_KNOTS('',3,(#3538,#3539,#3540,#3541),
 .UNSPECIFIED.,.F.,.F.,(4,4),(0.,1.),.UNSPECIFIED.);
#1144=B_SPLINE_CURVE_WITH_KNOTS('',3,(#3542,#3543,#3544,#3545),
 .UNSPECIFIED.,.F.,.F.,(4,4),(0.,1.),.UNSPECIFIED.);
#1145=B_SPLINE_CURVE_WITH_KNOTS('',3,(#3596,#3597,#3598,#3599),
 .UNSPECIFIED.,.F.,.F.,(4,4),(0.,1.),.UNSPECIFIED.);
#1146=B_SPLINE_CURVE_WITH_KNOTS('',3,(#3603,#3604,#3605,#3606),
 .UNSPECIFIED.,.F.,.F.,(4,4),(0.,1.),.UNSPECIFIED.);
#1147=B_SPLINE_CURVE_WITH_KNOTS('',3,(#3625,#3626,#3627,#3628),
 .UNSPECIFIED.,.F.,.F.,(4,4),(0.,1.),.UNSPECIFIED.);
#1148=B_SPLINE_CURVE_WITH_KNOTS('',3,(#3677,#3678,#3679,#3680),
 .UNSPECIFIED.,.F.,.F.,(4,4),(0.,1.),.UNSPECIFIED.);
#1149=B_SPLINE_CURVE_WITH_KNOTS('',3,(#3709,#3710,#3711,#3712),
 .UNSPECIFIED.,.F.,.F.,(4,4),(0.,1.),.UNSPECIFIED.);
#1150=B_SPLINE_CURVE_WITH_KNOTS('',3,(#3761,#3762,#3763,#3764),
 .UNSPECIFIED.,.F.,.F.,(4,4),(0.,1.),.UNSPECIFIED.);
#1151=B_SPLINE_CURVE_WITH_KNOTS('',3,(#3809,#3810,#3811,#3812),
 .UNSPECIFIED.,.F.,.F.,(4,4),(0.,1.),.UNSPECIFIED.);
#1152=B_SPLINE_CURVE_WITH_KNOTS('',3,(#3816,#3817,#3818,#3819),
 .UNSPECIFIED.,.F.,.F.,(4,4),(0.,1.),.UNSPECIFIED.);
#1153=B_SPLINE_CURVE_WITH_KNOTS('',3,(#3866,#3867,#3868,#3869),
 .UNSPECIFIED.,.F.,.F.,(4,4),(0.,1.),.UNSPECIFIED.);
#1154=B_SPLINE_CURVE_WITH_KNOTS('',3,(#3888,#3889,#3890,#3891),
 .UNSPECIFIED.,.F.,.F.,(4,4),(0.,1.),.UNSPECIFIED.);
#1155=B_SPLINE_CURVE_WITH_KNOTS('',3,(#3925,#3926,#3927,#3928),
 .UNSPECIFIED.,.F.,.F.,(4,4),(0.,1.),.UNSPECIFIED.);
#1156=B_SPLINE_CURVE_WITH_KNOTS('',3,(#3933,#3934,#3935,#3936),
 .UNSPECIFIED.,.F.,.F.,(4,4),(0.,1.),.UNSPECIFIED.);
#1157=B_SPLINE_CURVE_WITH_KNOTS('',3,(#3938,#3939,#3940,#3941),
 .UNSPECIFIED.,.F.,.F.,(4,4),(0.,1.),.UNSPECIFIED.);
#1158=B_SPLINE_CURVE_WITH_KNOTS('',3,(#3943,#3944,#3945,#3946),
 .UNSPECIFIED.,.F.,.F.,(4,4),(0.,1.),.UNSPECIFIED.);
#1159=B_SPLINE_CURVE_WITH_KNOTS('',3,(#3950,#3951,#3952,#3953),
 .UNSPECIFIED.,.F.,.F.,(4,4),(0.,1.),.UNSPECIFIED.);
#1160=B_SPLINE_CURVE_WITH_KNOTS('',3,(#3955,#3956,#3957,#3958),
 .UNSPECIFIED.,.F.,.F.,(4,4),(0.,1.),.UNSPECIFIED.);
#1161=B_SPLINE_CURVE_WITH_KNOTS('',3,(#3960,#3961,#3962,#3963),
 .UNSPECIFIED.,.F.,.F.,(4,4),(0.,1.),.UNSPECIFIED.);
#1162=B_SPLINE_CURVE_WITH_KNOTS('',3,(#3967,#3968,#3969,#3970),
 .UNSPECIFIED.,.F.,.F.,(4,4),(0.,1.),.UNSPECIFIED.);
#1163=B_SPLINE_CURVE_WITH_KNOTS('',3,(#3972,#3973,#3974,#3975),
 .UNSPECIFIED.,.F.,.F.,(4,4),(0.,1.),.UNSPECIFIED.);
#1164=B_SPLINE_CURVE_WITH_KNOTS('',3,(#3977,#3978,#3979,#3980),
 .UNSPECIFIED.,.F.,.F.,(4,4),(0.,1.),.UNSPECIFIED.);
#1165=B_SPLINE_CURVE_WITH_KNOTS('',3,(#3984,#3985,#3986,#3987),
 .UNSPECIFIED.,.F.,.F.,(4,4),(0.,1.),.UNSPECIFIED.);
#1166=B_SPLINE_CURVE_WITH_KNOTS('',3,(#3989,#3990,#3991,#3992),
 .UNSPECIFIED.,.F.,.F.,(4,4),(0.,1.),.UNSPECIFIED.);
#1167=B_SPLINE_CURVE_WITH_KNOTS('',3,(#4010,#4011,#4012,#4013,#4014,#4015),
 .UNSPECIFIED.,.F.,.F.,(4,1,1,4),(0.,0.00125333662618627,0.00188000493927941,
0.00250667325237254),.UNSPECIFIED.);
#1168=B_SPLINE_CURVE_WITH_KNOTS('',3,(#4019,#4020,#4021,#4022,#4023,#4024),
 .UNSPECIFIED.,.F.,.F.,(4,1,1,4),(0.,0.000627653534691969,0.00125530706938394,
0.00251061413876788),.UNSPECIFIED.);
#1169=B_SPLINE_CURVE_WITH_KNOTS('',3,(#4029,#4030,#4031,#4032),
 .UNSPECIFIED.,.F.,.F.,(4,4),(0.,1.),.UNSPECIFIED.);
#1170=B_SPLINE_CURVE_WITH_KNOTS('',3,(#4036,#4037,#4038,#4039,#4040,#4041),
 .UNSPECIFIED.,.F.,.F.,(4,1,1,4),(0.000157754666642811,0.000782662875330444,
0.00140757108401808,0.00265738750139334),.UNSPECIFIED.);
#1171=B_SPLINE_CURVE_WITH_KNOTS('',3,(#4043,#4044,#4045,#4046),
 .UNSPECIFIED.,.F.,.F.,(4,4),(0.,1.),.UNSPECIFIED.);
#1172=B_SPLINE_CURVE_WITH_KNOTS('',3,(#4048,#4049,#4050,#4051,#4052,#4053),
 .UNSPECIFIED.,.F.,.F.,(4,1,1,4),(0.,0.0012227976900732,0.0018341965351098,
0.0024455953801464),.UNSPECIFIED.);
#1173=B_SPLINE_CURVE_WITH_KNOTS('',3,(#4058,#4059,#4060,#4061),
 .UNSPECIFIED.,.F.,.F.,(4,4),(0.,1.),.UNSPECIFIED.);
#1174=B_SPLINE_CURVE_WITH_KNOTS('',3,(#4062,#4063,#4064,#4065),
 .UNSPECIFIED.,.F.,.F.,(4,4),(0.,1.),.UNSPECIFIED.);
#1175=B_SPLINE_CURVE_WITH_KNOTS('',3,(#4115,#4116,#4117,#4118),
 .UNSPECIFIED.,.F.,.F.,(4,4),(0.,1.),.UNSPECIFIED.);
#1176=B_SPLINE_CURVE_WITH_KNOTS('',3,(#4119,#4120,#4121,#4122),
 .UNSPECIFIED.,.F.,.F.,(4,4),(0.,1.),.UNSPECIFIED.);
#1177=B_SPLINE_CURVE_WITH_KNOTS('',3,(#4173,#4174,#4175,#4176),
 .UNSPECIFIED.,.F.,.F.,(4,4),(0.,1.),.UNSPECIFIED.);
#1178=B_SPLINE_CURVE_WITH_KNOTS('',3,(#4180,#4181,#4182,#4183),
 .UNSPECIFIED.,.F.,.F.,(4,4),(0.,1.),.UNSPECIFIED.);
#1179=B_SPLINE_CURVE_WITH_KNOTS('',3,(#4202,#4203,#4204,#4205),
 .UNSPECIFIED.,.F.,.F.,(4,4),(0.,1.),.UNSPECIFIED.);
#1180=B_SPLINE_CURVE_WITH_KNOTS('',3,(#4254,#4255,#4256,#4257),
 .UNSPECIFIED.,.F.,.F.,(4,4),(0.,1.),.UNSPECIFIED.);
#1181=B_SPLINE_CURVE_WITH_KNOTS('',3,(#4286,#4287,#4288,#4289),
 .UNSPECIFIED.,.F.,.F.,(4,4),(0.,1.),.UNSPECIFIED.);
#1182=B_SPLINE_CURVE_WITH_KNOTS('',3,(#4338,#4339,#4340,#4341),
 .UNSPECIFIED.,.F.,.F.,(4,4),(0.,1.),.UNSPECIFIED.);
#1183=B_SPLINE_CURVE_WITH_KNOTS('',3,(#4386,#4387,#4388,#4389),
 .UNSPECIFIED.,.F.,.F.,(4,4),(0.,1.),.UNSPECIFIED.);
#1184=B_SPLINE_CURVE_WITH_KNOTS('',3,(#4393,#4394,#4395,#4396),
 .UNSPECIFIED.,.F.,.F.,(4,4),(0.,1.),.UNSPECIFIED.);
#1185=B_SPLINE_CURVE_WITH_KNOTS('',3,(#4443,#4444,#4445,#4446),
 .UNSPECIFIED.,.F.,.F.,(4,4),(0.,1.),.UNSPECIFIED.);
#1186=B_SPLINE_CURVE_WITH_KNOTS('',3,(#4465,#4466,#4467,#4468),
 .UNSPECIFIED.,.F.,.F.,(4,4),(0.,1.),.UNSPECIFIED.);
#1187=EDGE_LOOP('',(#202,#203,#204,#205));
#1188=EDGE_LOOP('',(#206,#207,#208,#209));
#1189=EDGE_LOOP('',(#210,#211,#212,#213));
#1190=EDGE_LOOP('',(#214,#215,#216,#217));
#1191=EDGE_LOOP('',(#218,#219,#220,#221));
#1192=EDGE_LOOP('',(#222,#223));
#1193=EDGE_LOOP('',(#224,#225));
#1194=EDGE_LOOP('',(#226));
#1195=EDGE_LOOP('',(#227,#228));
#1196=EDGE_LOOP('',(#229,#230));
#1197=EDGE_LOOP('',(#231));
#1198=EDGE_LOOP('',(#232,#233,#234,#235));
#1199=EDGE_LOOP('',(#236));
#1200=EDGE_LOOP('',(#237));
#1201=EDGE_LOOP('',(#238,#239,#240,#241,#242,#243,#244,#245,#246,#247,#248,
#249,#250,#251,#252,#253));
#1202=EDGE_LOOP('',(#254));
#1203=EDGE_LOOP('',(#255,#256,#257,#258));
#1204=EDGE_LOOP('',(#259,#260,#261,#262));
#1205=EDGE_LOOP('',(#263,#264,#265,#266));
#1206=EDGE_LOOP('',(#267,#268,#269,#270,#271));
#1207=EDGE_LOOP('',(#272,#273,#274,#275,#276));
#1208=EDGE_LOOP('',(#277));
#1209=EDGE_LOOP('',(#278));
#1210=EDGE_LOOP('',(#279,#280,#281,#282));
#1211=EDGE_LOOP('',(#283,#284,#285,#286));
#1212=EDGE_LOOP('',(#287,#288,#289,#290));
#1213=EDGE_LOOP('',(#291,#292,#293));
#1214=EDGE_LOOP('',(#294,#295,#296,#297));
#1215=EDGE_LOOP('',(#298,#299,#300,#301));
#1216=EDGE_LOOP('',(#302,#303,#304,#305));
#1217=EDGE_LOOP('',(#306,#307,#308,#309));
#1218=EDGE_LOOP('',(#310,#311,#312,#313));
#1219=EDGE_LOOP('',(#314,#315,#316,#317));
#1220=EDGE_LOOP('',(#318,#319,#320,#321));
#1221=EDGE_LOOP('',(#322,#323,#324,#325));
#1222=EDGE_LOOP('',(#326,#327,#328));
#1223=EDGE_LOOP('',(#329,#330,#331,#332));
#1224=EDGE_LOOP('',(#333,#334,#335,#336));
#1225=EDGE_LOOP('',(#337,#338,#339,#340));
#1226=EDGE_LOOP('',(#341));
#1227=EDGE_LOOP('',(#342,#343,#344,#345));
#1228=EDGE_LOOP('',(#346,#347,#348,#349,#350,#351,#352,#353,#354,#355,#356,
#357,#358,#359,#360,#361));
#1229=EDGE_LOOP('',(#362));
#1230=EDGE_LOOP('',(#363,#364,#365,#366));
#1231=EDGE_LOOP('',(#367,#368,#369,#370));
#1232=EDGE_LOOP('',(#371,#372,#373,#374));
#1233=EDGE_LOOP('',(#375,#376,#377,#378));
#1234=EDGE_LOOP('',(#379,#380,#381,#382,#383));
#1235=EDGE_LOOP('',(#384,#385,#386,#387,#388));
#1236=EDGE_LOOP('',(#389));
#1237=EDGE_LOOP('',(#390));
#1238=EDGE_LOOP('',(#391,#392,#393,#394));
#1239=EDGE_LOOP('',(#395,#396,#397,#398));
#1240=EDGE_LOOP('',(#399,#400,#401,#402));
#1241=EDGE_LOOP('',(#403,#404,#405));
#1242=EDGE_LOOP('',(#406,#407,#408,#409));
#1243=EDGE_LOOP('',(#410,#411,#412,#413));
#1244=EDGE_LOOP('',(#414,#415,#416,#417));
#1245=EDGE_LOOP('',(#418,#419,#420,#421));
#1246=EDGE_LOOP('',(#422,#423,#424,#425));
#1247=EDGE_LOOP('',(#426,#427,#428,#429));
#1248=EDGE_LOOP('',(#430,#431,#432,#433));
#1249=EDGE_LOOP('',(#434,#435,#436,#437));
#1250=EDGE_LOOP('',(#438,#439,#440));
#1251=EDGE_LOOP('',(#441,#442,#443,#444));
#1252=EDGE_LOOP('',(#445,#446,#447,#448));
#1253=EDGE_LOOP('',(#449,#450,#451,#452));
#1254=EDGE_LOOP('',(#453));
#1255=EDGE_LOOP('',(#454));
#1256=EDGE_LOOP('',(#455,#456,#457,#458,#459,#460,#461,#462,#463,#464,#465,
#466,#467,#468,#469));
#1257=EDGE_LOOP('',(#470));
#1258=EDGE_LOOP('',(#471,#472,#473,#474));
#1259=EDGE_LOOP('',(#475,#476,#477,#478));
#1260=EDGE_LOOP('',(#479,#480,#481,#482));
#1261=EDGE_LOOP('',(#483,#484,#485,#486,#487));
#1262=EDGE_LOOP('',(#488,#489,#490,#491,#492));
#1263=EDGE_LOOP('',(#493));
#1264=EDGE_LOOP('',(#494));
#1265=EDGE_LOOP('',(#495,#496,#497,#498));
#1266=EDGE_LOOP('',(#499,#500,#501,#502));
#1267=EDGE_LOOP('',(#503,#504,#505,#506));
#1268=EDGE_LOOP('',(#507,#508,#509));
#1269=EDGE_LOOP('',(#510,#511,#512,#513));
#1270=EDGE_LOOP('',(#514,#515,#516,#517));
#1271=EDGE_LOOP('',(#518,#519,#520,#521));
#1272=EDGE_LOOP('',(#522,#523,#524,#525));
#1273=EDGE_LOOP('',(#526,#527,#528,#529));
#1274=EDGE_LOOP('',(#530,#531,#532,#533));
#1275=EDGE_LOOP('',(#534,#535,#536,#537));
#1276=EDGE_LOOP('',(#538,#539,#540,#541));
#1277=EDGE_LOOP('',(#542,#543,#544));
#1278=EDGE_LOOP('',(#545,#546,#547));
#1279=EDGE_LOOP('',(#548,#549,#550,#551));
#1280=EDGE_LOOP('',(#552,#553,#554,#555));
#1281=EDGE_LOOP('',(#556));
#1282=EDGE_LOOP('',(#557,#558,#559,#560));
#1283=EDGE_LOOP('',(#561,#562,#563,#564,#565,#566,#567,#568,#569,#570,#571,
#572,#573,#574,#575,#576));
#1284=EDGE_LOOP('',(#577));
#1285=EDGE_LOOP('',(#578,#579,#580,#581));
#1286=EDGE_LOOP('',(#582,#583,#584,#585));
#1287=EDGE_LOOP('',(#586,#587,#588,#589));
#1288=EDGE_LOOP('',(#590,#591,#592,#593));
#1289=EDGE_LOOP('',(#594,#595,#596,#597,#598));
#1290=EDGE_LOOP('',(#599,#600,#601,#602,#603));
#1291=EDGE_LOOP('',(#604));
#1292=EDGE_LOOP('',(#605));
#1293=EDGE_LOOP('',(#606,#607,#608,#609));
#1294=EDGE_LOOP('',(#610,#611,#612,#613));
#1295=EDGE_LOOP('',(#614,#615,#616,#617));
#1296=EDGE_LOOP('',(#618,#619,#620));
#1297=EDGE_LOOP('',(#621,#622,#623,#624));
#1298=EDGE_LOOP('',(#625,#626,#627,#628));
#1299=EDGE_LOOP('',(#629,#630,#631,#632));
#1300=EDGE_LOOP('',(#633,#634,#635,#636));
#1301=EDGE_LOOP('',(#637,#638,#639,#640));
#1302=EDGE_LOOP('',(#641,#642,#643,#644));
#1303=EDGE_LOOP('',(#645,#646,#647,#648));
#1304=EDGE_LOOP('',(#649,#650,#651,#652));
#1305=EDGE_LOOP('',(#653,#654,#655));
#1306=EDGE_LOOP('',(#656,#657,#658,#659));
#1307=EDGE_LOOP('',(#660,#661,#662,#663));
#1308=EDGE_LOOP('',(#664,#665,#666,#667));
#1309=FACE_BOUND('',#1187,.T.);
#1310=FACE_BOUND('',#1188,.T.);
#1311=FACE_BOUND('',#1189,.T.);
#1312=FACE_BOUND('',#1190,.T.);
#1313=FACE_BOUND('',#1191,.T.);
#1314=FACE_BOUND('',#1192,.T.);
#1315=FACE_BOUND('',#1193,.T.);
#1316=FACE_BOUND('',#1194,.T.);
#1317=FACE_BOUND('',#1195,.T.);
#1318=FACE_BOUND('',#1196,.T.);
#1319=FACE_BOUND('',#1197,.T.);
#1320=FACE_BOUND('',#1198,.T.);
#1321=FACE_BOUND('',#1199,.T.);
#1322=FACE_BOUND('',#1200,.T.);
#1323=FACE_BOUND('',#1201,.T.);
#1324=FACE_BOUND('',#1202,.T.);
#1325=FACE_BOUND('',#1203,.T.);
#1326=FACE_BOUND('',#1204,.T.);
#1327=FACE_BOUND('',#1205,.T.);
#1328=FACE_BOUND('',#1206,.T.);
#1329=FACE_BOUND('',#1207,.T.);
#1330=FACE_BOUND('',#1208,.T.);
#1331=FACE_BOUND('',#1209,.T.);
#1332=FACE_BOUND('',#1210,.T.);
#1333=FACE_BOUND('',#1211,.T.);
#1334=FACE_BOUND('',#1212,.T.);
#1335=FACE_BOUND('',#1213,.T.);
#1336=FACE_BOUND('',#1214,.T.);
#1337=FACE_BOUND('',#1215,.T.);
#1338=FACE_BOUND('',#1216,.T.);
#1339=FACE_BOUND('',#1217,.T.);
#1340=FACE_BOUND('',#1218,.T.);
#1341=FACE_BOUND('',#1219,.T.);
#1342=FACE_BOUND('',#1220,.T.);
#1343=FACE_BOUND('',#1221,.T.);
#1344=FACE_BOUND('',#1222,.T.);
#1345=FACE_BOUND('',#1223,.T.);
#1346=FACE_BOUND('',#1224,.T.);
#1347=FACE_BOUND('',#1225,.T.);
#1348=FACE_BOUND('',#1226,.T.);
#1349=FACE_BOUND('',#1227,.T.);
#1350=FACE_BOUND('',#1228,.T.);
#1351=FACE_BOUND('',#1229,.T.);
#1352=FACE_BOUND('',#1230,.T.);
#1353=FACE_BOUND('',#1231,.T.);
#1354=FACE_BOUND('',#1232,.T.);
#1355=FACE_BOUND('',#1233,.T.);
#1356=FACE_BOUND('',#1234,.T.);
#1357=FACE_BOUND('',#1235,.T.);
#1358=FACE_BOUND('',#1236,.T.);
#1359=FACE_BOUND('',#1237,.T.);
#1360=FACE_BOUND('',#1238,.T.);
#1361=FACE_BOUND('',#1239,.T.);
#1362=FACE_BOUND('',#1240,.T.);
#1363=FACE_BOUND('',#1241,.T.);
#1364=FACE_BOUND('',#1242,.T.);
#1365=FACE_BOUND('',#1243,.T.);
#1366=FACE_BOUND('',#1244,.T.);
#1367=FACE_BOUND('',#1245,.T.);
#1368=FACE_BOUND('',#1246,.T.);
#1369=FACE_BOUND('',#1247,.T.);
#1370=FACE_BOUND('',#1248,.T.);
#1371=FACE_BOUND('',#1249,.T.);
#1372=FACE_BOUND('',#1250,.T.);
#1373=FACE_BOUND('',#1251,.T.);
#1374=FACE_BOUND('',#1252,.T.);
#1375=FACE_BOUND('',#1253,.T.);
#1376=FACE_BOUND('',#1254,.T.);
#1377=FACE_BOUND('',#1255,.T.);
#1378=FACE_BOUND('',#1256,.T.);
#1379=FACE_BOUND('',#1257,.T.);
#1380=FACE_BOUND('',#1258,.T.);
#1381=FACE_BOUND('',#1259,.T.);
#1382=FACE_BOUND('',#1260,.T.);
#1383=FACE_BOUND('',#1261,.T.);
#1384=FACE_BOUND('',#1262,.T.);
#1385=FACE_BOUND('',#1263,.T.);
#1386=FACE_BOUND('',#1264,.T.);
#1387=FACE_BOUND('',#1265,.T.);
#1388=FACE_BOUND('',#1266,.T.);
#1389=FACE_BOUND('',#1267,.T.);
#1390=FACE_BOUND('',#1268,.T.);
#1391=FACE_BOUND('',#1269,.T.);
#1392=FACE_BOUND('',#1270,.T.);
#1393=FACE_BOUND('',#1271,.T.);
#1394=FACE_BOUND('',#1272,.T.);
#1395=FACE_BOUND('',#1273,.T.);
#1396=FACE_BOUND('',#1274,.T.);
#1397=FACE_BOUND('',#1275,.T.);
#1398=FACE_BOUND('',#1276,.T.);
#1399=FACE_BOUND('',#1277,.T.);
#1400=FACE_BOUND('',#1278,.T.);
#1401=FACE_BOUND('',#1279,.T.);
#1402=FACE_BOUND('',#1280,.T.);
#1403=FACE_BOUND('',#1281,.T.);
#1404=FACE_BOUND('',#1282,.T.);
#1405=FACE_BOUND('',#1283,.T.);
#1406=FACE_BOUND('',#1284,.T.);
#1407=FACE_BOUND('',#1285,.T.);
#1408=FACE_BOUND('',#1286,.T.);
#1409=FACE_BOUND('',#1287,.T.);
#1410=FACE_BOUND('',#1288,.T.);
#1411=FACE_BOUND('',#1289,.T.);
#1412=FACE_BOUND('',#1290,.T.);
#1413=FACE_BOUND('',#1291,.T.);
#1414=FACE_BOUND('',#1292,.T.);
#1415=FACE_BOUND('',#1293,.T.);
#1416=FACE_BOUND('',#1294,.T.);
#1417=FACE_BOUND('',#1295,.T.);
#1418=FACE_BOUND('',#1296,.T.);
#1419=FACE_BOUND('',#1297,.T.);
#1420=FACE_BOUND('',#1298,.T.);
#1421=FACE_BOUND('',#1299,.T.);
#1422=FACE_BOUND('',#1300,.T.);
#1423=FACE_BOUND('',#1301,.T.);
#1424=FACE_BOUND('',#1302,.T.);
#1425=FACE_BOUND('',#1303,.T.);
#1426=FACE_BOUND('',#1304,.T.);
#1427=FACE_BOUND('',#1305,.T.);
#1428=FACE_BOUND('',#1306,.T.);
#1429=FACE_BOUND('',#1307,.T.);
#1430=FACE_BOUND('',#1308,.T.);
#1431=B_SPLINE_SURFACE_WITH_KNOTS('',3,3,((#1991,#1992,#1993,#1994,#1995,
#1996,#1997,#1998,#1999,#2000),(#2001,#2002,#2003,#2004,#2005,#2006,#2007,
#2008,#2009,#2010),(#2011,#2012,#2013,#2014,#2015,#2016,#2017,#2018,#2019,
#2020),(#2021,#2022,#2023,#2024,#2025,#2026,#2027,#2028,#2029,#2030)),
 .UNSPECIFIED.,.F.,.F.,.F.,(4,4),(4,1,1,1,1,1,1,4),(-0.971774046562286,
1.01247134836378),(0.,0.25,0.375,0.5,0.625,0.75,0.854166666666667,1.),
 .UNSPECIFIED.);
#1432=B_SPLINE_SURFACE_WITH_KNOTS('',3,3,((#2057,#2058,#2059,#2060,#2061,
#2062,#2063,#2064,#2065,#2066),(#2067,#2068,#2069,#2070,#2071,#2072,#2073,
#2074,#2075,#2076),(#2077,#2078,#2079,#2080,#2081,#2082,#2083,#2084,#2085,
#2086),(#2087,#2088,#2089,#2090,#2091,#2092,#2093,#2094,#2095,#2096)),
 .UNSPECIFIED.,.F.,.F.,.F.,(4,4),(4,1,1,1,1,1,1,4),(-0.971791015805409,
1.01246816201499),(-1.71616070118097E-16,0.25,0.375,0.5,0.625,0.75,0.854166666666667,
1.),.UNSPECIFIED.);
#1433=B_SPLINE_SURFACE_WITH_KNOTS('',3,3,((#2344,#2345,#2346,#2347,#2348,
#2349,#2350,#2351),(#2352,#2353,#2354,#2355,#2356,#2357,#2358,#2359),(#2360,
#2361,#2362,#2363,#2364,#2365,#2366,#2367),(#2368,#2369,#2370,#2371,#2372,
#2373,#2374,#2375),(#2376,#2377,#2378,#2379,#2380,#2381,#2382,#2383),(#2384,
#2385,#2386,#2387,#2388,#2389,#2390,#2391)),.UNSPECIFIED.,.F.,.F.,.F.,(4,
2,4),(4,1,2,1,4),(0.,0.5,1.),(0.,0.25,0.5,0.75,1.),.UNSPECIFIED.);
#1434=B_SPLINE_SURFACE_WITH_KNOTS('',3,3,((#2402,#2403,#2404,#2405,#2406,
#2407,#2408,#2409),(#2410,#2411,#2412,#2413,#2414,#2415,#2416,#2417),(#2418,
#2419,#2420,#2421,#2422,#2423,#2424,#2425),(#2426,#2427,#2428,#2429,#2430,
#2431,#2432,#2433),(#2434,#2435,#2436,#2437,#2438,#2439,#2440,#2441),(#2442,
#2443,#2444,#2445,#2446,#2447,#2448,#2449)),.UNSPECIFIED.,.F.,.F.,.F.,(4,
2,4),(4,1,2,1,4),(0.,0.5,1.),(0.,0.25,0.5,0.75,1.),.UNSPECIFIED.);
#1435=B_SPLINE_SURFACE_WITH_KNOTS('',3,3,((#2483,#2484,#2485,#2486,#2487,
#2488,#2489,#2490),(#2491,#2492,#2493,#2494,#2495,#2496,#2497,#2498),(#2499,
#2500,#2501,#2502,#2503,#2504,#2505,#2506),(#2507,#2508,#2509,#2510,#2511,
#2512,#2513,#2514),(#2515,#2516,#2517,#2518,#2519,#2520,#2521,#2522),(#2523,
#2524,#2525,#2526,#2527,#2528,#2529,#2530)),.UNSPECIFIED.,.F.,.F.,.F.,(4,
2,4),(4,1,2,1,4),(0.,0.5,1.),(0.,0.25,0.5,0.75,1.),.UNSPECIFIED.);
#1436=B_SPLINE_SURFACE_WITH_KNOTS('',3,3,((#2535,#2536,#2537,#2538,#2539,
#2540,#2541),(#2542,#2543,#2544,#2545,#2546,#2547,#2548),(#2549,#2550,#2551,
#2552,#2553,#2554,#2555),(#2556,#2557,#2558,#2559,#2560,#2561,#2562)),
 .UNSPECIFIED.,.F.,.F.,.F.,(4,4),(4,1,1,1,4),(0.,1.),(0.,0.25,0.5,0.75,
1.),.UNSPECIFIED.);
#1437=B_SPLINE_SURFACE_WITH_KNOTS('',3,3,((#2567,#2568,#2569,#2570,#2571,
#2572,#2573,#2574),(#2575,#2576,#2577,#2578,#2579,#2580,#2581,#2582),(#2583,
#2584,#2585,#2586,#2587,#2588,#2589,#2590),(#2591,#2592,#2593,#2594,#2595,
#2596,#2597,#2598),(#2599,#2600,#2601,#2602,#2603,#2604,#2605,#2606),(#2607,
#2608,#2609,#2610,#2611,#2612,#2613,#2614)),.UNSPECIFIED.,.F.,.F.,.F.,(4,
2,4),(4,1,2,1,4),(0.,0.5,1.),(0.,0.25,0.5,0.75,1.),.UNSPECIFIED.);
#1438=B_SPLINE_SURFACE_WITH_KNOTS('',3,3,((#2619,#2620,#2621,#2622,#2623,
#2624,#2625,#2626,#2627,#2628,#2629),(#2630,#2631,#2632,#2633,#2634,#2635,
#2636,#2637,#2638,#2639,#2640),(#2641,#2642,#2643,#2644,#2645,#2646,#2647,
#2648,#2649,#2650,#2651),(#2652,#2653,#2654,#2655,#2656,#2657,#2658,#2659,
#2660,#2661,#2662)),.UNSPECIFIED.,.F.,.F.,.F.,(4,4),(4,1,1,1,1,1,1,1,4),
(0.,1.),(0.,0.125,0.25,0.375,0.5,0.625,0.75,0.875,1.),.UNSPECIFIED.);
#1439=B_SPLINE_SURFACE_WITH_KNOTS('',3,3,((#2676,#2677,#2678,#2679,#2680,
#2681,#2682,#2683,#2684,#2685,#2686),(#2687,#2688,#2689,#2690,#2691,#2692,
#2693,#2694,#2695,#2696,#2697),(#2698,#2699,#2700,#2701,#2702,#2703,#2704,
#2705,#2706,#2707,#2708),(#2709,#2710,#2711,#2712,#2713,#2714,#2715,#2716,
#2717,#2718,#2719)),.UNSPECIFIED.,.F.,.F.,.F.,(4,4),(4,1,1,1,1,1,1,1,4),
(0.,1.),(0.,0.125,0.25,0.375,0.5,0.625,0.75,0.875,1.),.UNSPECIFIED.);
#1440=B_SPLINE_SURFACE_WITH_KNOTS('',3,3,((#2746,#2747,#2748,#2749,#2750,
#2751,#2752),(#2753,#2754,#2755,#2756,#2757,#2758,#2759),(#2760,#2761,#2762,
#2763,#2764,#2765,#2766),(#2767,#2768,#2769,#2770,#2771,#2772,#2773)),
 .UNSPECIFIED.,.F.,.F.,.F.,(4,4),(4,1,1,1,4),(0.,1.),(0.,0.25,0.5,0.75,
1.),.UNSPECIFIED.);
#1441=B_SPLINE_SURFACE_WITH_KNOTS('',3,3,((#2921,#2922,#2923,#2924,#2925,
#2926,#2927,#2928),(#2929,#2930,#2931,#2932,#2933,#2934,#2935,#2936),(#2937,
#2938,#2939,#2940,#2941,#2942,#2943,#2944),(#2945,#2946,#2947,#2948,#2949,
#2950,#2951,#2952),(#2953,#2954,#2955,#2956,#2957,#2958,#2959,#2960),(#2961,
#2962,#2963,#2964,#2965,#2966,#2967,#2968)),.UNSPECIFIED.,.F.,.F.,.F.,(4,
2,4),(4,1,2,1,4),(0.,0.5,1.),(0.,0.25,0.5,0.75,1.),.UNSPECIFIED.);
#1442=B_SPLINE_SURFACE_WITH_KNOTS('',3,3,((#2979,#2980,#2981,#2982,#2983,
#2984,#2985,#2986),(#2987,#2988,#2989,#2990,#2991,#2992,#2993,#2994),(#2995,
#2996,#2997,#2998,#2999,#3000,#3001,#3002),(#3003,#3004,#3005,#3006,#3007,
#3008,#3009,#3010),(#3011,#3012,#3013,#3014,#3015,#3016,#3017,#3018),(#3019,
#3020,#3021,#3022,#3023,#3024,#3025,#3026)),.UNSPECIFIED.,.F.,.F.,.F.,(4,
2,4),(4,1,2,1,4),(0.,0.5,1.),(0.,0.25,0.5,0.75,1.),.UNSPECIFIED.);
#1443=B_SPLINE_SURFACE_WITH_KNOTS('',3,3,((#3060,#3061,#3062,#3063,#3064,
#3065,#3066,#3067),(#3068,#3069,#3070,#3071,#3072,#3073,#3074,#3075),(#3076,
#3077,#3078,#3079,#3080,#3081,#3082,#3083),(#3084,#3085,#3086,#3087,#3088,
#3089,#3090,#3091),(#3092,#3093,#3094,#3095,#3096,#3097,#3098,#3099),(#3100,
#3101,#3102,#3103,#3104,#3105,#3106,#3107)),.UNSPECIFIED.,.F.,.F.,.F.,(4,
2,4),(4,1,2,1,4),(0.,0.5,1.),(0.,0.25,0.5,0.75,1.),.UNSPECIFIED.);
#1444=B_SPLINE_SURFACE_WITH_KNOTS('',3,3,((#3112,#3113,#3114,#3115,#3116,
#3117,#3118),(#3119,#3120,#3121,#3122,#3123,#3124,#3125),(#3126,#3127,#3128,
#3129,#3130,#3131,#3132),(#3133,#3134,#3135,#3136,#3137,#3138,#3139)),
 .UNSPECIFIED.,.F.,.F.,.F.,(4,4),(4,1,1,1,4),(0.,1.),(0.,0.25,0.5,0.75,
1.),.UNSPECIFIED.);
#1445=B_SPLINE_SURFACE_WITH_KNOTS('',3,3,((#3144,#3145,#3146,#3147,#3148,
#3149,#3150,#3151),(#3152,#3153,#3154,#3155,#3156,#3157,#3158,#3159),(#3160,
#3161,#3162,#3163,#3164,#3165,#3166,#3167),(#3168,#3169,#3170,#3171,#3172,
#3173,#3174,#3175),(#3176,#3177,#3178,#3179,#3180,#3181,#3182,#3183),(#3184,
#3185,#3186,#3187,#3188,#3189,#3190,#3191)),.UNSPECIFIED.,.F.,.F.,.F.,(4,
2,4),(4,1,2,1,4),(0.,0.5,1.),(0.,0.25,0.5,0.75,1.),.UNSPECIFIED.);
#1446=B_SPLINE_SURFACE_WITH_KNOTS('',3,3,((#3196,#3197,#3198,#3199,#3200,
#3201,#3202,#3203,#3204,#3205,#3206),(#3207,#3208,#3209,#3210,#3211,#3212,
#3213,#3214,#3215,#3216,#3217),(#3218,#3219,#3220,#3221,#3222,#3223,#3224,
#3225,#3226,#3227,#3228),(#3229,#3230,#3231,#3232,#3233,#3234,#3235,#3236,
#3237,#3238,#3239)),.UNSPECIFIED.,.F.,.F.,.F.,(4,4),(4,1,1,1,1,1,1,1,4),
(0.,1.),(0.,0.125,0.25,0.375,0.5,0.625,0.75,0.875,1.),.UNSPECIFIED.);
#1447=B_SPLINE_SURFACE_WITH_KNOTS('',3,3,((#3253,#3254,#3255,#3256,#3257,
#3258,#3259,#3260,#3261,#3262,#3263),(#3264,#3265,#3266,#3267,#3268,#3269,
#3270,#3271,#3272,#3273,#3274),(#3275,#3276,#3277,#3278,#3279,#3280,#3281,
#3282,#3283,#3284,#3285),(#3286,#3287,#3288,#3289,#3290,#3291,#3292,#3293,
#3294,#3295,#3296)),.UNSPECIFIED.,.F.,.F.,.F.,(4,4),(4,1,1,1,1,1,1,1,4),
(0.,1.),(0.,0.125,0.25,0.375,0.5,0.625,0.75,0.875,1.),.UNSPECIFIED.);
#1448=B_SPLINE_SURFACE_WITH_KNOTS('',3,3,((#3323,#3324,#3325,#3326,#3327,
#3328,#3329),(#3330,#3331,#3332,#3333,#3334,#3335,#3336),(#3337,#3338,#3339,
#3340,#3341,#3342,#3343),(#3344,#3345,#3346,#3347,#3348,#3349,#3350)),
 .UNSPECIFIED.,.F.,.F.,.F.,(4,4),(4,1,1,1,4),(0.,1.),(0.,0.25,0.5,0.75,
1.),.UNSPECIFIED.);
#1449=B_SPLINE_SURFACE_WITH_KNOTS('',3,3,((#3490,#3491,#3492,#3493,#3494,
#3495,#3496,#3497),(#3498,#3499,#3500,#3501,#3502,#3503,#3504,#3505),(#3506,
#3507,#3508,#3509,#3510,#3511,#3512,#3513),(#3514,#3515,#3516,#3517,#3518,
#3519,#3520,#3521),(#3522,#3523,#3524,#3525,#3526,#3527,#3528,#3529),(#3530,
#3531,#3532,#3533,#3534,#3535,#3536,#3537)),.UNSPECIFIED.,.F.,.F.,.F.,(4,
2,4),(4,1,2,1,4),(0.,0.5,1.),(0.,0.25,0.5,0.75,1.),.UNSPECIFIED.);
#1450=B_SPLINE_SURFACE_WITH_KNOTS('',3,3,((#3548,#3549,#3550,#3551,#3552,
#3553,#3554,#3555),(#3556,#3557,#3558,#3559,#3560,#3561,#3562,#3563),(#3564,
#3565,#3566,#3567,#3568,#3569,#3570,#3571),(#3572,#3573,#3574,#3575,#3576,
#3577,#3578,#3579),(#3580,#3581,#3582,#3583,#3584,#3585,#3586,#3587),(#3588,
#3589,#3590,#3591,#3592,#3593,#3594,#3595)),.UNSPECIFIED.,.F.,.F.,.F.,(4,
2,4),(4,1,2,1,4),(0.,0.5,1.),(0.,0.25,0.5,0.75,1.),.UNSPECIFIED.);
#1451=B_SPLINE_SURFACE_WITH_KNOTS('',3,3,((#3629,#3630,#3631,#3632,#3633,
#3634,#3635,#3636),(#3637,#3638,#3639,#3640,#3641,#3642,#3643,#3644),(#3645,
#3646,#3647,#3648,#3649,#3650,#3651,#3652),(#3653,#3654,#3655,#3656,#3657,
#3658,#3659,#3660),(#3661,#3662,#3663,#3664,#3665,#3666,#3667,#3668),(#3669,
#3670,#3671,#3672,#3673,#3674,#3675,#3676)),.UNSPECIFIED.,.F.,.F.,.F.,(4,
2,4),(4,1,2,1,4),(0.,0.5,1.),(0.,0.25,0.5,0.75,1.),.UNSPECIFIED.);
#1452=B_SPLINE_SURFACE_WITH_KNOTS('',3,3,((#3681,#3682,#3683,#3684,#3685,
#3686,#3687),(#3688,#3689,#3690,#3691,#3692,#3693,#3694),(#3695,#3696,#3697,
#3698,#3699,#3700,#3701),(#3702,#3703,#3704,#3705,#3706,#3707,#3708)),
 .UNSPECIFIED.,.F.,.F.,.F.,(4,4),(4,1,1,1,4),(0.,1.),(0.,0.25,0.5,0.75,
1.),.UNSPECIFIED.);
#1453=B_SPLINE_SURFACE_WITH_KNOTS('',3,3,((#3713,#3714,#3715,#3716,#3717,
#3718,#3719,#3720),(#3721,#3722,#3723,#3724,#3725,#3726,#3727,#3728),(#3729,
#3730,#3731,#3732,#3733,#3734,#3735,#3736),(#3737,#3738,#3739,#3740,#3741,
#3742,#3743,#3744),(#3745,#3746,#3747,#3748,#3749,#3750,#3751,#3752),(#3753,
#3754,#3755,#3756,#3757,#3758,#3759,#3760)),.UNSPECIFIED.,.F.,.F.,.F.,(4,
2,4),(4,1,2,1,4),(0.,0.5,1.),(0.,0.25,0.5,0.75,1.),.UNSPECIFIED.);
#1454=B_SPLINE_SURFACE_WITH_KNOTS('',3,3,((#3765,#3766,#3767,#3768,#3769,
#3770,#3771,#3772,#3773,#3774,#3775),(#3776,#3777,#3778,#3779,#3780,#3781,
#3782,#3783,#3784,#3785,#3786),(#3787,#3788,#3789,#3790,#3791,#3792,#3793,
#3794,#3795,#3796,#3797),(#3798,#3799,#3800,#3801,#3802,#3803,#3804,#3805,
#3806,#3807,#3808)),.UNSPECIFIED.,.F.,.F.,.F.,(4,4),(4,1,1,1,1,1,1,1,4),
(0.,1.),(0.,0.125,0.25,0.375,0.5,0.625,0.75,0.875,1.),.UNSPECIFIED.);
#1455=B_SPLINE_SURFACE_WITH_KNOTS('',3,3,((#3822,#3823,#3824,#3825,#3826,
#3827,#3828,#3829,#3830,#3831,#3832),(#3833,#3834,#3835,#3836,#3837,#3838,
#3839,#3840,#3841,#3842,#3843),(#3844,#3845,#3846,#3847,#3848,#3849,#3850,
#3851,#3852,#3853,#3854),(#3855,#3856,#3857,#3858,#3859,#3860,#3861,#3862,
#3863,#3864,#3865)),.UNSPECIFIED.,.F.,.F.,.F.,(4,4),(4,1,1,1,1,1,1,1,4),
(0.,1.),(0.,0.125,0.25,0.375,0.5,0.625,0.75,0.875,1.),.UNSPECIFIED.);
#1456=B_SPLINE_SURFACE_WITH_KNOTS('',3,3,((#3892,#3893,#3894,#3895,#3896,
#3897,#3898),(#3899,#3900,#3901,#3902,#3903,#3904,#3905),(#3906,#3907,#3908,
#3909,#3910,#3911,#3912),(#3913,#3914,#3915,#3916,#3917,#3918,#3919)),
 .UNSPECIFIED.,.F.,.F.,.F.,(4,4),(4,1,1,1,4),(0.,1.),(0.,0.25,0.5,0.75,
1.),.UNSPECIFIED.);
#1457=B_SPLINE_SURFACE_WITH_KNOTS('',3,3,((#4067,#4068,#4069,#4070,#4071,
#4072,#4073,#4074),(#4075,#4076,#4077,#4078,#4079,#4080,#4081,#4082),(#4083,
#4084,#4085,#4086,#4087,#4088,#4089,#4090),(#4091,#4092,#4093,#4094,#4095,
#4096,#4097,#4098),(#4099,#4100,#4101,#4102,#4103,#4104,#4105,#4106),(#4107,
#4108,#4109,#4110,#4111,#4112,#4113,#4114)),.UNSPECIFIED.,.F.,.F.,.F.,(4,
2,4),(4,1,2,1,4),(0.,0.5,1.),(0.,0.25,0.5,0.75,1.),.UNSPECIFIED.);
#1458=B_SPLINE_SURFACE_WITH_KNOTS('',3,3,((#4125,#4126,#4127,#4128,#4129,
#4130,#4131,#4132),(#4133,#4134,#4135,#4136,#4137,#4138,#4139,#4140),(#4141,
#4142,#4143,#4144,#4145,#4146,#4147,#4148),(#4149,#4150,#4151,#4152,#4153,
#4154,#4155,#4156),(#4157,#4158,#4159,#4160,#4161,#4162,#4163,#4164),(#4165,
#4166,#4167,#4168,#4169,#4170,#4171,#4172)),.UNSPECIFIED.,.F.,.F.,.F.,(4,
2,4),(4,1,2,1,4),(0.,0.5,1.),(0.,0.25,0.5,0.75,1.),.UNSPECIFIED.);
#1459=B_SPLINE_SURFACE_WITH_KNOTS('',3,3,((#4206,#4207,#4208,#4209,#4210,
#4211,#4212,#4213),(#4214,#4215,#4216,#4217,#4218,#4219,#4220,#4221),(#4222,
#4223,#4224,#4225,#4226,#4227,#4228,#4229),(#4230,#4231,#4232,#4233,#4234,
#4235,#4236,#4237),(#4238,#4239,#4240,#4241,#4242,#4243,#4244,#4245),(#4246,
#4247,#4248,#4249,#4250,#4251,#4252,#4253)),.UNSPECIFIED.,.F.,.F.,.F.,(4,
2,4),(4,1,2,1,4),(0.,0.5,1.),(0.,0.25,0.5,0.75,1.),.UNSPECIFIED.);
#1460=B_SPLINE_SURFACE_WITH_KNOTS('',3,3,((#4258,#4259,#4260,#4261,#4262,
#4263,#4264),(#4265,#4266,#4267,#4268,#4269,#4270,#4271),(#4272,#4273,#4274,
#4275,#4276,#4277,#4278),(#4279,#4280,#4281,#4282,#4283,#4284,#4285)),
 .UNSPECIFIED.,.F.,.F.,.F.,(4,4),(4,1,1,1,4),(0.,1.),(0.,0.25,0.5,0.75,
1.),.UNSPECIFIED.);
#1461=B_SPLINE_SURFACE_WITH_KNOTS('',3,3,((#4290,#4291,#4292,#4293,#4294,
#4295,#4296,#4297),(#4298,#4299,#4300,#4301,#4302,#4303,#4304,#4305),(#4306,
#4307,#4308,#4309,#4310,#4311,#4312,#4313),(#4314,#4315,#4316,#4317,#4318,
#4319,#4320,#4321),(#4322,#4323,#4324,#4325,#4326,#4327,#4328,#4329),(#4330,
#4331,#4332,#4333,#4334,#4335,#4336,#4337)),.UNSPECIFIED.,.F.,.F.,.F.,(4,
2,4),(4,1,2,1,4),(0.,0.5,1.),(0.,0.25,0.5,0.75,1.),.UNSPECIFIED.);
#1462=B_SPLINE_SURFACE_WITH_KNOTS('',3,3,((#4342,#4343,#4344,#4345,#4346,
#4347,#4348,#4349,#4350,#4351,#4352),(#4353,#4354,#4355,#4356,#4357,#4358,
#4359,#4360,#4361,#4362,#4363),(#4364,#4365,#4366,#4367,#4368,#4369,#4370,
#4371,#4372,#4373,#4374),(#4375,#4376,#4377,#4378,#4379,#4380,#4381,#4382,
#4383,#4384,#4385)),.UNSPECIFIED.,.F.,.F.,.F.,(4,4),(4,1,1,1,1,1,1,1,4),
(0.,1.),(0.,0.125,0.25,0.375,0.5,0.625,0.75,0.875,1.),.UNSPECIFIED.);
#1463=B_SPLINE_SURFACE_WITH_KNOTS('',3,3,((#4399,#4400,#4401,#4402,#4403,
#4404,#4405,#4406,#4407,#4408,#4409),(#4410,#4411,#4412,#4413,#4414,#4415,
#4416,#4417,#4418,#4419,#4420),(#4421,#4422,#4423,#4424,#4425,#4426,#4427,
#4428,#4429,#4430,#4431),(#4432,#4433,#4434,#4435,#4436,#4437,#4438,#4439,
#4440,#4441,#4442)),.UNSPECIFIED.,.F.,.F.,.F.,(4,4),(4,1,1,1,1,1,1,1,4),
(0.,1.),(0.,0.125,0.25,0.375,0.5,0.625,0.75,0.875,1.),.UNSPECIFIED.);
#1464=B_SPLINE_SURFACE_WITH_KNOTS('',3,3,((#4469,#4470,#4471,#4472,#4473,
#4474,#4475),(#4476,#4477,#4478,#4479,#4480,#4481,#4482),(#4483,#4484,#4485,
#4486,#4487,#4488,#4489),(#4490,#4491,#4492,#4493,#4494,#4495,#4496)),
 .UNSPECIFIED.,.F.,.F.,.F.,(4,4),(4,1,1,1,4),(0.,1.),(0.,0.25,0.5,0.75,
1.),.UNSPECIFIED.);
#1465=ADVANCED_FACE('',(#1309),#1431,.F.);
#1466=ADVANCED_FACE('',(#1310),#1432,.T.);
#1467=ADVANCED_FACE('',(#1311),#182,.F.);
#1468=ADVANCED_FACE('',(#1312),#183,.F.);
#1469=ADVANCED_FACE('',(#1313),#108,.T.);
#1470=ADVANCED_FACE('',(#1314,#1315,#1316,#1317,#1318,#1319,#1320),#109,
 .F.);
#1471=ADVANCED_FACE('',(#1321,#1322,#1323),#44,.T.);
#1472=ADVANCED_FACE('',(#1324),#184,.T.);
#1473=ADVANCED_FACE('',(#1325),#185,.T.);
#1474=ADVANCED_FACE('',(#1326),#45,.T.);
#1475=ADVANCED_FACE('',(#1327),#28,.T.);
#1476=ADVANCED_FACE('',(#1328),#186,.F.);
#1477=ADVANCED_FACE('',(#1329),#187,.T.);
#1478=ADVANCED_FACE('',(#1330,#1331),#29,.T.);
#1479=ADVANCED_FACE('',(#1332),#1433,.T.);
#1480=ADVANCED_FACE('',(#1333),#110,.T.);
#1481=ADVANCED_FACE('',(#1334),#1434,.T.);
#1482=ADVANCED_FACE('',(#1335),#20,.T.);
#1483=ADVANCED_FACE('',(#1336),#30,.F.);
#1484=ADVANCED_FACE('',(#1337),#12,.T.);
#1485=ADVANCED_FACE('',(#1338),#1435,.T.);
#1486=ADVANCED_FACE('',(#1339),#1436,.T.);
#1487=ADVANCED_FACE('',(#1340),#1437,.T.);
#1488=ADVANCED_FACE('',(#1341),#1438,.T.);
#1489=ADVANCED_FACE('',(#1342),#111,.T.);
#1490=ADVANCED_FACE('',(#1343),#31,.F.);
#1491=ADVANCED_FACE('',(#1344),#21,.T.);
#1492=ADVANCED_FACE('',(#1345),#1439,.T.);
#1493=ADVANCED_FACE('',(#1346),#13,.T.);
#1494=ADVANCED_FACE('',(#1347),#1440,.T.);
#1495=ADVANCED_FACE('',(#1348,#1349,#1350),#46,.T.);
#1496=ADVANCED_FACE('',(#1351),#188,.T.);
#1497=ADVANCED_FACE('',(#1352),#189,.T.);
#1498=ADVANCED_FACE('',(#1353),#190,.T.);
#1499=ADVANCED_FACE('',(#1354),#47,.T.);
#1500=ADVANCED_FACE('',(#1355),#32,.T.);
#1501=ADVANCED_FACE('',(#1356),#191,.F.);
#1502=ADVANCED_FACE('',(#1357),#192,.T.);
#1503=ADVANCED_FACE('',(#1358,#1359),#33,.T.);
#1504=ADVANCED_FACE('',(#1360),#1441,.T.);
#1505=ADVANCED_FACE('',(#1361),#112,.T.);
#1506=ADVANCED_FACE('',(#1362),#1442,.T.);
#1507=ADVANCED_FACE('',(#1363),#22,.T.);
#1508=ADVANCED_FACE('',(#1364),#34,.F.);
#1509=ADVANCED_FACE('',(#1365),#14,.T.);
#1510=ADVANCED_FACE('',(#1366),#1443,.T.);
#1511=ADVANCED_FACE('',(#1367),#1444,.T.);
#1512=ADVANCED_FACE('',(#1368),#1445,.T.);
#1513=ADVANCED_FACE('',(#1369),#1446,.T.);
#1514=ADVANCED_FACE('',(#1370),#113,.T.);
#1515=ADVANCED_FACE('',(#1371),#35,.F.);
#1516=ADVANCED_FACE('',(#1372),#23,.T.);
#1517=ADVANCED_FACE('',(#1373),#1447,.T.);
#1518=ADVANCED_FACE('',(#1374),#15,.T.);
#1519=ADVANCED_FACE('',(#1375),#1448,.T.);
#1520=ADVANCED_FACE('',(#1376,#1377,#1378),#48,.T.);
#1521=ADVANCED_FACE('',(#1379),#193,.T.);
#1522=ADVANCED_FACE('',(#1380),#194,.T.);
#1523=ADVANCED_FACE('',(#1381),#49,.T.);
#1524=ADVANCED_FACE('',(#1382),#36,.T.);
#1525=ADVANCED_FACE('',(#1383),#195,.F.);
#1526=ADVANCED_FACE('',(#1384),#196,.T.);
#1527=ADVANCED_FACE('',(#1385,#1386),#37,.T.);
#1528=ADVANCED_FACE('',(#1387),#1449,.F.);
#1529=ADVANCED_FACE('',(#1388),#114,.T.);
#1530=ADVANCED_FACE('',(#1389),#1450,.F.);
#1531=ADVANCED_FACE('',(#1390),#24,.T.);
#1532=ADVANCED_FACE('',(#1391),#38,.F.);
#1533=ADVANCED_FACE('',(#1392),#16,.T.);
#1534=ADVANCED_FACE('',(#1393),#1451,.F.);
#1535=ADVANCED_FACE('',(#1394),#1452,.F.);
#1536=ADVANCED_FACE('',(#1395),#1453,.F.);
#1537=ADVANCED_FACE('',(#1396),#1454,.F.);
#1538=ADVANCED_FACE('',(#1397),#115,.T.);
#1539=ADVANCED_FACE('',(#1398),#39,.F.);
#1540=ADVANCED_FACE('',(#1399),#25,.T.);
#1541=ADVANCED_FACE('',(#1400),#1455,.F.);
#1542=ADVANCED_FACE('',(#1401),#17,.T.);
#1543=ADVANCED_FACE('',(#1402),#1456,.F.);
#1544=ADVANCED_FACE('',(#1403,#1404,#1405),#50,.T.);
#1545=ADVANCED_FACE('',(#1406),#197,.T.);
#1546=ADVANCED_FACE('',(#1407),#198,.T.);
#1547=ADVANCED_FACE('',(#1408),#199,.T.);
#1548=ADVANCED_FACE('',(#1409),#51,.T.);
#1549=ADVANCED_FACE('',(#1410),#40,.T.);
#1550=ADVANCED_FACE('',(#1411),#200,.F.);
#1551=ADVANCED_FACE('',(#1412),#201,.T.);
#1552=ADVANCED_FACE('',(#1413,#1414),#41,.T.);
#1553=ADVANCED_FACE('',(#1415),#1457,.F.);
#1554=ADVANCED_FACE('',(#1416),#116,.T.);
#1555=ADVANCED_FACE('',(#1417),#1458,.F.);
#1556=ADVANCED_FACE('',(#1418),#26,.T.);
#1557=ADVANCED_FACE('',(#1419),#42,.F.);
#1558=ADVANCED_FACE('',(#1420),#18,.T.);
#1559=ADVANCED_FACE('',(#1421),#1459,.F.);
#1560=ADVANCED_FACE('',(#1422),#1460,.F.);
#1561=ADVANCED_FACE('',(#1423),#1461,.F.);
#1562=ADVANCED_FACE('',(#1424),#1462,.F.);
#1563=ADVANCED_FACE('',(#1425),#117,.T.);
#1564=ADVANCED_FACE('',(#1426),#43,.F.);
#1565=ADVANCED_FACE('',(#1427),#27,.T.);
#1566=ADVANCED_FACE('',(#1428),#1463,.F.);
#1567=ADVANCED_FACE('',(#1429),#19,.T.);
#1568=ADVANCED_FACE('',(#1430),#1464,.F.);
#1569=CLOSED_SHELL('',(#1465,#1466,#1467,#1468,#1469,#1470,#1471,#1472,
#1473,#1474,#1475,#1476,#1477,#1478,#1479,#1480,#1481,#1482,#1483,#1484,
#1485,#1486,#1487,#1488,#1489,#1490,#1491,#1492,#1493,#1494,#1495,#1496,
#1497,#1498,#1499,#1500,#1501,#1502,#1503,#1504,#1505,#1506,#1507,#1508,
#1509,#1510,#1511,#1512,#1513,#1514,#1515,#1516,#1517,#1518,#1519,#1520,
#1521,#1522,#1523,#1524,#1525,#1526,#1527,#1528,#1529,#1530,#1531,#1532,
#1533,#1534,#1535,#1536,#1537,#1538,#1539,#1540,#1541,#1542,#1543,#1544,
#1545,#1546,#1547,#1548,#1549,#1550,#1551,#1552,#1553,#1554,#1555,#1556,
#1557,#1558,#1559,#1560,#1561,#1562,#1563,#1564,#1565,#1566,#1567,#1568));
#1570=STYLED_ITEM('',(#1571),#1578);
#1571=PRESENTATION_STYLE_ASSIGNMENT((#1572));
#1572=SURFACE_STYLE_USAGE(.BOTH.,#1573);
#1573=SURFACE_SIDE_STYLE('',(#1574));
#1574=SURFACE_STYLE_FILL_AREA(#1575);
#1575=FILL_AREA_STYLE('',(#1576));
#1576=FILL_AREA_STYLE_COLOUR('',#1577);
#1577=COLOUR_RGB('',0.8,0.8,0.8);
#1578=MANIFOLD_SOLID_BREP('Body (0)',#1569);
#1579=SHAPE_DEFINITION_REPRESENTATION(#4503,#1580);
#1580=SHAPE_REPRESENTATION('C04-2',(#1581),#4498);
#1581=AXIS2_PLACEMENT_3D('',#1990,#1708,#1709);
#1582=AXIS2_PLACEMENT_3D('',#2124,#1710,#1711);
#1583=AXIS2_PLACEMENT_3D('',#2125,#1712,#1713);
#1584=AXIS2_PLACEMENT_3D('',#2126,#1714,#1715);
#1585=AXIS2_PLACEMENT_3D('',#2127,#1716,#1717);
#1586=AXIS2_PLACEMENT_3D('',#2128,#1718,#1719);
#1587=AXIS2_PLACEMENT_3D('',#2129,#1720,#1721);
#1588=AXIS2_PLACEMENT_3D('',#2130,#1722,#1723);
#1589=AXIS2_PLACEMENT_3D('',#2131,#1724,#1725);
#1590=AXIS2_PLACEMENT_3D('',#2200,#1730,#1731);
#1591=AXIS2_PLACEMENT_3D('',#2201,#1732,#1733);
#1592=AXIS2_PLACEMENT_3D('',#2219,#1734,#1735);
#1593=AXIS2_PLACEMENT_3D('',#2253,#1737,#1738);
#1594=AXIS2_PLACEMENT_3D('',#2271,#1740,#1741);
#1595=AXIS2_PLACEMENT_3D('',#2272,#1742,#1743);
#1596=AXIS2_PLACEMENT_3D('',#2274,#1744,#1745);
#1597=AXIS2_PLACEMENT_3D('',#2275,#1746,#1747);
#1598=AXIS2_PLACEMENT_3D('',#2280,#1749,#1750);
#1599=AXIS2_PLACEMENT_3D('',#2283,#1752,#1753);
#1600=AXIS2_PLACEMENT_3D('',#2284,#1754,#1755);
#1601=AXIS2_PLACEMENT_3D('',#2294,#1756,#1757);
#1602=AXIS2_PLACEMENT_3D('',#2302,#1758,#1759);
#1603=AXIS2_PLACEMENT_3D('',#2303,#1760,#1761);
#1604=AXIS2_PLACEMENT_3D('',#2304,#1762,#1763);
#1605=AXIS2_PLACEMENT_3D('',#2305,#1764,#1765);
#1606=AXIS2_PLACEMENT_3D('',#2324,#1767,#1768);
#1607=AXIS2_PLACEMENT_3D('',#2343,#1770,#1771);
#1608=AXIS2_PLACEMENT_3D('',#2400,#1772,#1773);
#1609=AXIS2_PLACEMENT_3D('',#2401,#1774,#1775);
#1610=AXIS2_PLACEMENT_3D('',#2454,#1776,#1777);
#1611=AXIS2_PLACEMENT_3D('',#2455,#1778,#1779);
#1612=AXIS2_PLACEMENT_3D('',#2456,#1780,#1781);
#1613=AXIS2_PLACEMENT_3D('',#2667,#1782,#1783);
#1614=AXIS2_PLACEMENT_3D('',#2668,#1784,#1785);
#1615=AXIS2_PLACEMENT_3D('',#2669,#1786,#1787);
#1616=AXIS2_PLACEMENT_3D('',#2674,#1788,#1789);
#1617=AXIS2_PLACEMENT_3D('',#2675,#1790,#1791);
#1618=AXIS2_PLACEMENT_3D('',#2774,#1792,#1793);
#1619=AXIS2_PLACEMENT_3D('',#2775,#1794,#1795);
#1620=AXIS2_PLACEMENT_3D('',#2777,#1796,#1797);
#1621=AXIS2_PLACEMENT_3D('',#2778,#1798,#1799);
#1622=AXIS2_PLACEMENT_3D('',#2795,#1800,#1801);
#1623=AXIS2_PLACEMENT_3D('',#2829,#1803,#1804);
#1624=AXIS2_PLACEMENT_3D('',#2847,#1806,#1807);
#1625=AXIS2_PLACEMENT_3D('',#2848,#1808,#1809);
#1626=AXIS2_PLACEMENT_3D('',#2850,#1810,#1811);
#1627=AXIS2_PLACEMENT_3D('',#2851,#1812,#1813);
#1628=AXIS2_PLACEMENT_3D('',#2852,#1814,#1815);
#1629=AXIS2_PLACEMENT_3D('',#2857,#1817,#1818);
#1630=AXIS2_PLACEMENT_3D('',#2860,#1820,#1821);
#1631=AXIS2_PLACEMENT_3D('',#2861,#1822,#1823);
#1632=AXIS2_PLACEMENT_3D('',#2871,#1824,#1825);
#1633=AXIS2_PLACEMENT_3D('',#2879,#1826,#1827);
#1634=AXIS2_PLACEMENT_3D('',#2880,#1828,#1829);
#1635=AXIS2_PLACEMENT_3D('',#2881,#1830,#1831);
#1636=AXIS2_PLACEMENT_3D('',#2882,#1832,#1833);
#1637=AXIS2_PLACEMENT_3D('',#2901,#1835,#1836);
#1638=AXIS2_PLACEMENT_3D('',#2920,#1838,#1839);
#1639=AXIS2_PLACEMENT_3D('',#2977,#1840,#1841);
#1640=AXIS2_PLACEMENT_3D('',#2978,#1842,#1843);
#1641=AXIS2_PLACEMENT_3D('',#3031,#1844,#1845);
#1642=AXIS2_PLACEMENT_3D('',#3032,#1846,#1847);
#1643=AXIS2_PLACEMENT_3D('',#3033,#1848,#1849);
#1644=AXIS2_PLACEMENT_3D('',#3244,#1850,#1851);
#1645=AXIS2_PLACEMENT_3D('',#3245,#1852,#1853);
#1646=AXIS2_PLACEMENT_3D('',#3246,#1854,#1855);
#1647=AXIS2_PLACEMENT_3D('',#3251,#1856,#1857);
#1648=AXIS2_PLACEMENT_3D('',#3252,#1858,#1859);
#1649=AXIS2_PLACEMENT_3D('',#3351,#1860,#1861);
#1650=AXIS2_PLACEMENT_3D('',#3352,#1862,#1863);
#1651=AXIS2_PLACEMENT_3D('',#3377,#1865,#1866);
#1652=AXIS2_PLACEMENT_3D('',#3411,#1868,#1869);
#1653=AXIS2_PLACEMENT_3D('',#3417,#1870,#1871);
#1654=AXIS2_PLACEMENT_3D('',#3418,#1872,#1873);
#1655=AXIS2_PLACEMENT_3D('',#3420,#1874,#1875);
#1656=AXIS2_PLACEMENT_3D('',#3421,#1876,#1877);
#1657=AXIS2_PLACEMENT_3D('',#3426,#1879,#1880);
#1658=AXIS2_PLACEMENT_3D('',#3429,#1882,#1883);
#1659=AXIS2_PLACEMENT_3D('',#3430,#1884,#1885);
#1660=AXIS2_PLACEMENT_3D('',#3440,#1886,#1887);
#1661=AXIS2_PLACEMENT_3D('',#3448,#1888,#1889);
#1662=AXIS2_PLACEMENT_3D('',#3449,#1890,#1891);
#1663=AXIS2_PLACEMENT_3D('',#3450,#1892,#1893);
#1664=AXIS2_PLACEMENT_3D('',#3451,#1894,#1895);
#1665=AXIS2_PLACEMENT_3D('',#3470,#1897,#1898);
#1666=AXIS2_PLACEMENT_3D('',#3489,#1900,#1901);
#1667=AXIS2_PLACEMENT_3D('',#3546,#1902,#1903);
#1668=AXIS2_PLACEMENT_3D('',#3547,#1904,#1905);
#1669=AXIS2_PLACEMENT_3D('',#3600,#1906,#1907);
#1670=AXIS2_PLACEMENT_3D('',#3601,#1908,#1909);
#1671=AXIS2_PLACEMENT_3D('',#3602,#1910,#1911);
#1672=AXIS2_PLACEMENT_3D('',#3813,#1912,#1913);
#1673=AXIS2_PLACEMENT_3D('',#3814,#1914,#1915);
#1674=AXIS2_PLACEMENT_3D('',#3815,#1916,#1917);
#1675=AXIS2_PLACEMENT_3D('',#3820,#1918,#1919);
#1676=AXIS2_PLACEMENT_3D('',#3821,#1920,#1921);
#1677=AXIS2_PLACEMENT_3D('',#3920,#1922,#1923);
#1678=AXIS2_PLACEMENT_3D('',#3921,#1924,#1925);
#1679=AXIS2_PLACEMENT_3D('',#3923,#1926,#1927);
#1680=AXIS2_PLACEMENT_3D('',#3924,#1928,#1929);
#1681=AXIS2_PLACEMENT_3D('',#3948,#1931,#1932);
#1682=AXIS2_PLACEMENT_3D('',#3982,#1934,#1935);
#1683=AXIS2_PLACEMENT_3D('',#3993,#1936,#1937);
#1684=AXIS2_PLACEMENT_3D('',#3994,#1938,#1939);
#1685=AXIS2_PLACEMENT_3D('',#3996,#1940,#1941);
#1686=AXIS2_PLACEMENT_3D('',#3997,#1942,#1943);
#1687=AXIS2_PLACEMENT_3D('',#3998,#1944,#1945);
#1688=AXIS2_PLACEMENT_3D('',#4003,#1947,#1948);
#1689=AXIS2_PLACEMENT_3D('',#4006,#1950,#1951);
#1690=AXIS2_PLACEMENT_3D('',#4007,#1952,#1953);
#1691=AXIS2_PLACEMENT_3D('',#4017,#1954,#1955);
#1692=AXIS2_PLACEMENT_3D('',#4025,#1956,#1957);
#1693=AXIS2_PLACEMENT_3D('',#4026,#1958,#1959);
#1694=AXIS2_PLACEMENT_3D('',#4027,#1960,#1961);
#1695=AXIS2_PLACEMENT_3D('',#4028,#1962,#1963);
#1696=AXIS2_PLACEMENT_3D('',#4047,#1965,#1966);
#1697=AXIS2_PLACEMENT_3D('',#4066,#1968,#1969);
#1698=AXIS2_PLACEMENT_3D('',#4123,#1970,#1971);
#1699=AXIS2_PLACEMENT_3D('',#4124,#1972,#1973);
#1700=AXIS2_PLACEMENT_3D('',#4177,#1974,#1975);
#1701=AXIS2_PLACEMENT_3D('',#4178,#1976,#1977);
#1702=AXIS2_PLACEMENT_3D('',#4179,#1978,#1979);
#1703=AXIS2_PLACEMENT_3D('',#4390,#1980,#1981);
#1704=AXIS2_PLACEMENT_3D('',#4391,#1982,#1983);
#1705=AXIS2_PLACEMENT_3D('',#4392,#1984,#1985);
#1706=AXIS2_PLACEMENT_3D('',#4397,#1986,#1987);
#1707=AXIS2_PLACEMENT_3D('',#4398,#1988,#1989);
#1708=DIRECTION('',(0.,0.,1.));
#1709=DIRECTION('',(1.,0.,0.));
#1710=DIRECTION('',(0.,0.,1.));
#1711=DIRECTION('',(1.,0.,0.));
#1712=DIRECTION('',(0.,0.,1.));
#1713=DIRECTION('',(1.,0.,0.));
#1714=DIRECTION('',(0.,0.,1.));
#1715=DIRECTION('',(1.,0.,0.));
#1716=DIRECTION('',(0.,0.,-1.));
#1717=DIRECTION('',(-1.,0.,0.));
#1718=DIRECTION('',(0.,0.,-1.));
#1719=DIRECTION('',(-1.,0.,0.));
#1720=DIRECTION('',(0.,0.,-1.));
#1721=DIRECTION('',(-1.,0.,0.));
#1722=DIRECTION('',(0.,0.,-1.));
#1723=DIRECTION('',(-1.,0.,0.));
#1724=DIRECTION('',(0.,0.,-1.));
#1725=DIRECTION('',(-1.,0.,0.));
#1726=DIRECTION('',(0.,0.,-1.));
#1727=DIRECTION('',(0.,0.,-1.));
#1728=DIRECTION('',(0.,0.,-1.));
#1729=DIRECTION('',(0.,0.,-1.));
#1730=DIRECTION('',(0.984674091569221,0.17440451081417,0.));
#1731=DIRECTION('',(0.0304169333923305,-0.171731603251517,0.984674091569221));
#1732=DIRECTION('',(-0.984674091569221,-0.17440451081417,0.));
#1733=DIRECTION('',(0.17440451081417,-0.984674091569221,0.));
#1734=DIRECTION('',(0.984674091569221,0.17440451081417,0.));
#1735=DIRECTION('',(-0.17440451081417,0.984674091569221,0.));
#1736=DIRECTION('',(-0.980556352976679,-0.196237709518518,0.));
#1737=DIRECTION('',(0.984674091569221,0.17440451081417,0.));
#1738=DIRECTION('',(-0.17440451081417,0.984674091569221,0.));
#1739=DIRECTION('',(-0.988305751372885,-0.15248521831075,0.));
#1740=DIRECTION('',(-0.984674091569221,-0.17440451081417,0.));
#1741=DIRECTION('',(0.17440451081417,-0.984674091569221,0.));
#1742=DIRECTION('',(-0.984674091569221,-0.17440451081417,0.));
#1743=DIRECTION('',(0.17440451081417,-0.984674091569221,0.));
#1744=DIRECTION('',(0.984674091569221,0.17440451081417,0.));
#1745=DIRECTION('',(-0.17440451081417,0.984674091569221,0.));
#1746=DIRECTION('',(0.984674091569221,0.17440451081417,0.));
#1747=DIRECTION('',(-0.17440451081417,0.984674091569221,0.));
#1748=DIRECTION('',(0.,0.,-1.));
#1749=DIRECTION('',(0.984674091569221,0.17440451081417,0.));
#1750=DIRECTION('',(-0.17440451081417,0.984674091569221,0.));
#1751=DIRECTION('',(0.,0.,-1.));
#1752=DIRECTION('',(0.984674091569221,0.17440451081417,0.));
#1753=DIRECTION('',(0.0304169333923304,-0.171731603251517,0.984674091569221));
#1754=DIRECTION('',(0.984674091569221,0.17440451081417,0.));
#1755=DIRECTION('',(-0.17440451081417,0.984674091569221,0.));
#1756=DIRECTION('',(-0.984674091569221,-0.17440451081417,0.));
#1757=DIRECTION('',(0.17440451081417,-0.984674091569221,0.));
#1758=DIRECTION('',(0.984674091569221,0.17440451081417,0.));
#1759=DIRECTION('',(-0.17440451081417,0.984674091569221,0.));
#1760=DIRECTION('',(0.152861494610133,-0.863043923798078,-0.481444232555311));
#1761=DIRECTION('',(0.,0.487169633978512,-0.873307361545317));
#1762=DIRECTION('',(0.152861494610124,-0.863043923798031,0.481444232555399));
#1763=DIRECTION('',(0.,-0.487169633978601,-0.873307361545267));
#1764=DIRECTION('',(0.196237709518518,-0.980556352976679,0.));
#1765=DIRECTION('',(0.980556352976679,0.196237709518518,0.));
#1766=DIRECTION('',(0.,0.,-1.));
#1767=DIRECTION('',(0.15248521831075,-0.988305751372885,0.));
#1768=DIRECTION('',(0.988305751372885,0.15248521831075,0.));
#1769=DIRECTION('',(0.,0.,-1.));
#1770=DIRECTION('',(-0.984674091569221,-0.17440451081417,0.));
#1771=DIRECTION('',(0.17440451081417,-0.984674091569221,0.));
#1772=DIRECTION('',(0.,0.,1.));
#1773=DIRECTION('',(1.,0.,0.));
#1774=DIRECTION('',(0.,0.,1.));
#1775=DIRECTION('',(1.,0.,0.));
#1776=DIRECTION('',(0.196237709518518,-0.980556352976679,0.));
#1777=DIRECTION('',(0.980556352976679,0.196237709518518,0.));
#1778=DIRECTION('',(-0.922919778070081,-0.184702962525338,-0.337792686246218));
#1779=DIRECTION('',(-0.343706363432003,0.,0.939077172407224));
#1780=DIRECTION('',(0.984674091569221,0.17440451081417,0.));
#1781=DIRECTION('',(-0.17440451081417,0.984674091569221,0.));
#1782=DIRECTION('',(0.,0.,-1.));
#1783=DIRECTION('',(-1.,0.,0.));
#1784=DIRECTION('',(0.,0.,1.));
#1785=DIRECTION('',(1.,0.,0.));
#1786=DIRECTION('',(0.984674091569221,0.17440451081417,0.));
#1787=DIRECTION('',(-0.17440451081417,0.984674091569221,0.));
#1788=DIRECTION('',(0.15248521831075,-0.988305751372885,0.));
#1789=DIRECTION('',(0.988305751372885,0.15248521831075,0.));
#1790=DIRECTION('',(-0.93021367099761,-0.143522219212693,-0.337792686246186));
#1791=DIRECTION('',(-0.341326406111214,0.,0.9399448305572));
#1792=DIRECTION('',(0.653494369978027,0.756931376286531,0.));
#1793=DIRECTION('',(0.132012246401149,-0.113972365915832,0.984674091569221));
#1794=DIRECTION('',(-0.653494369978027,-0.756931376286531,0.));
#1795=DIRECTION('',(0.756931376286531,-0.653494369978027,0.));
#1796=DIRECTION('',(-0.653494369978027,-0.756931376286531,0.));
#1797=DIRECTION('',(0.132012246401149,-0.113972365915832,0.984674091569221));
#1798=DIRECTION('',(-0.653494369978027,-0.756931376286531,0.));
#1799=DIRECTION('',(0.132012246401149,-0.113972365915832,0.984674091569221));
#1800=DIRECTION('',(0.653494369978027,0.756931376286531,0.));
#1801=DIRECTION('',(-0.756931376286531,0.653494369978027,0.));
#1802=DIRECTION('',(-0.636516527550756,-0.771263061578038,0.));
#1803=DIRECTION('',(0.653494369978027,0.756931376286531,0.));
#1804=DIRECTION('',(-0.756931376286531,0.653494369978027,0.));
#1805=DIRECTION('',(-0.670149618610441,-0.742226036107789,0.));
#1806=DIRECTION('',(-0.653494369978027,-0.756931376286531,0.));
#1807=DIRECTION('',(0.756931376286531,-0.653494369978027,0.));
#1808=DIRECTION('',(-0.653494369978027,-0.756931376286531,0.));
#1809=DIRECTION('',(0.756931376286531,-0.653494369978027,0.));
#1810=DIRECTION('',(0.653494369978027,0.756931376286531,0.));
#1811=DIRECTION('',(-0.756931376286531,0.653494369978027,0.));
#1812=DIRECTION('',(0.653494369978027,0.756931376286531,0.));
#1813=DIRECTION('',(-0.756931376286531,0.653494369978027,0.));
#1814=DIRECTION('',(0.653494369978027,0.756931376286531,0.));
#1815=DIRECTION('',(-0.756931376286531,0.653494369978027,0.));
#1816=DIRECTION('',(0.,0.,-1.));
#1817=DIRECTION('',(0.653494369978027,0.756931376286531,0.));
#1818=DIRECTION('',(-0.756931376286531,0.653494369978027,0.));
#1819=DIRECTION('',(0.,0.,-1.));
#1820=DIRECTION('',(0.653494369978027,0.756931376286531,0.));
#1821=DIRECTION('',(0.132012246401149,-0.113972365915832,0.984674091569221));
#1822=DIRECTION('',(0.653494369978027,0.756931376286531,0.));
#1823=DIRECTION('',(-0.756931376286531,0.653494369978027,0.));
#1824=DIRECTION('',(-0.653494369978027,-0.756931376286531,0.));
#1825=DIRECTION('',(0.756931376286531,-0.653494369978027,0.));
#1826=DIRECTION('',(0.653494369978027,0.756931376286531,0.));
#1827=DIRECTION('',(-0.756931376286531,0.653494369978027,0.));
#1828=DIRECTION('',(0.663432734373193,-0.572772605753222,-0.481444232555311));
#1829=DIRECTION('',(-0.30757861599103,0.377795774534073,-0.873307361545317));
#1830=DIRECTION('',(0.663432734373156,-0.57277260575319,0.481444232555399));
#1831=DIRECTION('',(0.307578615991086,-0.377795774534142,-0.873307361545267));
#1832=DIRECTION('',(0.771263061578038,-0.636516527550756,0.));
#1833=DIRECTION('',(0.636516527550756,0.771263061578038,0.));
#1834=DIRECTION('',(0.,0.,-1.));
#1835=DIRECTION('',(0.742226036107789,-0.670149618610441,0.));
#1836=DIRECTION('',(0.670149618610441,0.742226036107789,0.));
#1837=DIRECTION('',(0.,0.,-1.));
#1838=DIRECTION('',(-0.653494369978027,-0.756931376286531,0.));
#1839=DIRECTION('',(0.756931376286531,-0.653494369978027,0.));
#1840=DIRECTION('',(0.,0.,1.));
#1841=DIRECTION('',(0.775491221504862,0.631358349409348,0.));
#1842=DIRECTION('',(0.,0.,1.));
#1843=DIRECTION('',(0.775491221504862,0.631358349409348,0.));
#1844=DIRECTION('',(0.771263061578038,-0.636516527550756,0.));
#1845=DIRECTION('',(0.636516527550756,0.771263061578038,0.));
#1846=DIRECTION('',(-0.59910242849555,-0.725928633743909,-0.337792686246218));
#1847=DIRECTION('',(-0.266541267616878,-0.217001882297919,0.939077172407224));
#1848=DIRECTION('',(0.653494369978027,0.756931376286531,0.));
#1849=DIRECTION('',(-0.756931376286531,0.653494369978027,0.));
#1850=DIRECTION('',(0.,0.,-1.));
#1851=DIRECTION('',(-0.775491221504862,-0.631358349409348,0.));
#1852=DIRECTION('',(0.,0.,1.));
#1853=DIRECTION('',(0.775491221504862,0.631358349409348,0.));
#1854=DIRECTION('',(0.653494369978027,0.756931376286531,0.));
#1855=DIRECTION('',(-0.756931376286531,0.653494369978027,0.));
#1856=DIRECTION('',(0.742226036107789,-0.670149618610441,0.));
#1857=DIRECTION('',(0.670149618610441,0.742226036107789,0.));
#1858=DIRECTION('',(-0.630758584556766,-0.698598389009401,-0.337792686246186));
#1859=DIRECTION('',(-0.26469563160705,-0.215499276372201,0.9399448305572));
#1860=DIRECTION('',(-0.984674091569221,0.17440451081417,0.));
#1861=DIRECTION('',(-0.0304169333923305,-0.171731603251517,0.984674091569221));
#1862=DIRECTION('',(-0.984674091569221,0.17440451081417,0.));
#1863=DIRECTION('',(-0.17440451081417,-0.984674091569221,0.));
#1864=DIRECTION('',(0.988305751372885,-0.15248521831075,0.));
#1865=DIRECTION('',(0.984674091569221,-0.17440451081417,0.));
#1866=DIRECTION('',(0.17440451081417,0.984674091569221,0.));
#1867=DIRECTION('',(0.980556352976679,-0.196237709518518,0.));
#1868=DIRECTION('',(0.984674091569221,-0.17440451081417,0.));
#1869=DIRECTION('',(0.17440451081417,0.984674091569221,0.));
#1870=DIRECTION('',(0.984674091569221,-0.17440451081417,0.));
#1871=DIRECTION('',(-0.17440451081417,-0.984674091569221,0.));
#1872=DIRECTION('',(-0.984674091569221,0.17440451081417,0.));
#1873=DIRECTION('',(-0.17440451081417,-0.984674091569221,0.));
#1874=DIRECTION('',(-0.984674091569221,0.17440451081417,0.));
#1875=DIRECTION('',(0.17440451081417,0.984674091569221,0.));
#1876=DIRECTION('',(0.984674091569221,-0.17440451081417,0.));
#1877=DIRECTION('',(0.17440451081417,0.984674091569221,0.));
#1878=DIRECTION('',(0.,0.,-1.));
#1879=DIRECTION('',(0.984674091569221,-0.17440451081417,0.));
#1880=DIRECTION('',(0.17440451081417,0.984674091569221,0.));
#1881=DIRECTION('',(0.,0.,-1.));
#1882=DIRECTION('',(-0.984674091569221,0.17440451081417,0.));
#1883=DIRECTION('',(-0.0304169333923304,-0.171731603251517,0.984674091569221));
#1884=DIRECTION('',(0.984674091569221,-0.17440451081417,0.));
#1885=DIRECTION('',(0.17440451081417,0.984674091569221,0.));
#1886=DIRECTION('',(-0.984674091569221,0.17440451081417,0.));
#1887=DIRECTION('',(-0.17440451081417,-0.984674091569221,0.));
#1888=DIRECTION('',(-0.984674091569221,0.17440451081417,0.));
#1889=DIRECTION('',(0.17440451081417,0.984674091569221,0.));
#1890=DIRECTION('',(0.152861494610124,0.863043923798031,-0.481444232555399));
#1891=DIRECTION('',(0.,-0.487169633978601,-0.873307361545267));
#1892=DIRECTION('',(0.152861494610133,0.863043923798078,0.481444232555311));
#1893=DIRECTION('',(0.,0.487169633978512,-0.873307361545317));
#1894=DIRECTION('',(-0.196237709518518,-0.980556352976679,0.));
#1895=DIRECTION('',(-0.980556352976679,0.196237709518518,0.));
#1896=DIRECTION('',(0.,0.,-1.));
#1897=DIRECTION('',(-0.15248521831075,-0.988305751372885,0.));
#1898=DIRECTION('',(-0.988305751372885,0.15248521831075,0.));
#1899=DIRECTION('',(0.,0.,-1.));
#1900=DIRECTION('',(0.984674091569221,-0.17440451081417,0.));
#1901=DIRECTION('',(-0.17440451081417,-0.984674091569221,0.));
#1902=DIRECTION('',(0.,0.,1.));
#1903=DIRECTION('',(-1.,0.,0.));
#1904=DIRECTION('',(0.,0.,-1.));
#1905=DIRECTION('',(-1.,0.,0.));
#1906=DIRECTION('',(-0.196237709518518,-0.980556352976679,0.));
#1907=DIRECTION('',(-0.980556352976679,0.196237709518518,0.));
#1908=DIRECTION('',(-0.922919778070081,0.184702962525338,0.337792686246218));
#1909=DIRECTION('',(0.343706363432003,0.,0.939077172407224));
#1910=DIRECTION('',(-0.984674091569221,0.17440451081417,0.));
#1911=DIRECTION('',(0.17440451081417,0.984674091569221,0.));
#1912=DIRECTION('',(0.,0.,-1.));
#1913=DIRECTION('',(1.,0.,0.));
#1914=DIRECTION('',(0.,0.,-1.));
#1915=DIRECTION('',(-1.,0.,0.));
#1916=DIRECTION('',(-0.984674091569221,0.17440451081417,0.));
#1917=DIRECTION('',(0.17440451081417,0.984674091569221,0.));
#1918=DIRECTION('',(-0.15248521831075,-0.988305751372885,0.));
#1919=DIRECTION('',(-0.988305751372885,0.15248521831075,0.));
#1920=DIRECTION('',(-0.93021367099761,0.143522219212693,0.337792686246186));
#1921=DIRECTION('',(0.341326406111214,0.,0.9399448305572));
#1922=DIRECTION('',(-0.653494369978027,0.756931376286531,0.));
#1923=DIRECTION('',(-0.132012246401149,-0.113972365915832,0.984674091569221));
#1924=DIRECTION('',(-0.653494369978027,0.756931376286531,0.));
#1925=DIRECTION('',(-0.756931376286531,-0.653494369978027,0.));
#1926=DIRECTION('',(-0.653494369978027,0.756931376286531,0.));
#1927=DIRECTION('',(-0.132012246401149,-0.113972365915832,0.984674091569221));
#1928=DIRECTION('',(-0.653494369978027,0.756931376286531,0.));
#1929=DIRECTION('',(-0.132012246401149,-0.113972365915832,0.984674091569221));
#1930=DIRECTION('',(0.670149618610441,-0.742226036107789,0.));
#1931=DIRECTION('',(0.653494369978027,-0.756931376286531,0.));
#1932=DIRECTION('',(0.756931376286531,0.653494369978027,0.));
#1933=DIRECTION('',(0.636516527550756,-0.771263061578038,0.));
#1934=DIRECTION('',(0.653494369978027,-0.756931376286531,0.));
#1935=DIRECTION('',(0.756931376286531,0.653494369978027,0.));
#1936=DIRECTION('',(0.653494369978027,-0.756931376286531,0.));
#1937=DIRECTION('',(-0.756931376286531,-0.653494369978027,0.));
#1938=DIRECTION('',(-0.653494369978027,0.756931376286531,0.));
#1939=DIRECTION('',(-0.756931376286531,-0.653494369978027,0.));
#1940=DIRECTION('',(-0.653494369978027,0.756931376286531,0.));
#1941=DIRECTION('',(0.756931376286531,0.653494369978027,0.));
#1942=DIRECTION('',(-0.653494369978027,0.756931376286531,0.));
#1943=DIRECTION('',(0.756931376286531,0.653494369978027,0.));
#1944=DIRECTION('',(0.653494369978027,-0.756931376286531,0.));
#1945=DIRECTION('',(0.756931376286531,0.653494369978027,0.));
#1946=DIRECTION('',(0.,0.,-1.));
#1947=DIRECTION('',(0.653494369978027,-0.756931376286531,0.));
#1948=DIRECTION('',(0.756931376286531,0.653494369978027,0.));
#1949=DIRECTION('',(0.,0.,-1.));
#1950=DIRECTION('',(-0.653494369978027,0.756931376286531,0.));
#1951=DIRECTION('',(-0.132012246401149,-0.113972365915832,0.984674091569221));
#1952=DIRECTION('',(0.653494369978027,-0.756931376286531,0.));
#1953=DIRECTION('',(0.756931376286531,0.653494369978027,0.));
#1954=DIRECTION('',(-0.653494369978027,0.756931376286531,0.));
#1955=DIRECTION('',(-0.756931376286531,-0.653494369978027,0.));
#1956=DIRECTION('',(-0.653494369978027,0.756931376286531,0.));
#1957=DIRECTION('',(0.756931376286531,0.653494369978027,0.));
#1958=DIRECTION('',(0.663432734373156,0.57277260575319,-0.481444232555399));
#1959=DIRECTION('',(-0.307578615991086,-0.377795774534142,-0.873307361545267));
#1960=DIRECTION('',(0.663432734373193,0.572772605753222,0.481444232555311));
#1961=DIRECTION('',(0.30757861599103,0.377795774534073,-0.873307361545317));
#1962=DIRECTION('',(-0.771263061578038,-0.636516527550756,0.));
#1963=DIRECTION('',(-0.636516527550756,0.771263061578038,0.));
#1964=DIRECTION('',(0.,0.,-1.));
#1965=DIRECTION('',(-0.742226036107789,-0.670149618610441,0.));
#1966=DIRECTION('',(-0.670149618610441,0.742226036107789,0.));
#1967=DIRECTION('',(0.,0.,-1.));
#1968=DIRECTION('',(0.653494369978027,-0.756931376286531,0.));
#1969=DIRECTION('',(-0.756931376286531,-0.653494369978027,0.));
#1970=DIRECTION('',(0.,0.,1.));
#1971=DIRECTION('',(-0.775491221504862,0.631358349409348,0.));
#1972=DIRECTION('',(0.,0.,-1.));
#1973=DIRECTION('',(-0.775491221504862,0.631358349409348,0.));
#1974=DIRECTION('',(-0.771263061578038,-0.636516527550756,0.));
#1975=DIRECTION('',(-0.636516527550756,0.771263061578038,0.));
#1976=DIRECTION('',(-0.59910242849555,0.725928633743909,0.337792686246218));
#1977=DIRECTION('',(0.266541267616878,-0.217001882297919,0.939077172407224));
#1978=DIRECTION('',(-0.653494369978027,0.756931376286531,0.));
#1979=DIRECTION('',(0.756931376286531,0.653494369978027,0.));
#1980=DIRECTION('',(0.,0.,-1.));
#1981=DIRECTION('',(0.775491221504862,-0.631358349409348,0.));
#1982=DIRECTION('',(0.,0.,-1.));
#1983=DIRECTION('',(-0.775491221504862,0.631358349409348,0.));
#1984=DIRECTION('',(-0.653494369978027,0.756931376286531,0.));
#1985=DIRECTION('',(0.756931376286531,0.653494369978027,0.));
#1986=DIRECTION('',(-0.742226036107789,-0.670149618610441,0.));
#1987=DIRECTION('',(-0.670149618610441,0.742226036107789,0.));
#1988=DIRECTION('',(-0.630758584556766,0.698598389009401,0.337792686246186));
#1989=DIRECTION('',(0.26469563160705,-0.215499276372201,0.9399448305572));
#1990=CARTESIAN_POINT('',(0.,0.,0.));
#1991=CARTESIAN_POINT('',(168.225564876622,15.4049787632655,42.2));
#1992=CARTESIAN_POINT('',(168.296412064598,14.6427129922166,42.1748097000629));
#1993=CARTESIAN_POINT('',(168.396225949809,13.4313153494116,42.6205700132543));
#1994=CARTESIAN_POINT('',(168.460621025621,12.6069081811323,43.9883637573881));
#1995=CARTESIAN_POINT('',(168.476157566449,12.3891924464821,45.1493811696614));
#1996=CARTESIAN_POINT('',(168.460629663533,12.5974977325906,46.3214069931574));
#1997=CARTESIAN_POINT('',(168.414332739008,13.2044069592215,47.265939538661));
#1998=CARTESIAN_POINT('',(168.335771685036,14.1642345383761,47.981058317186));
#1999=CARTESIAN_POINT('',(168.266133737768,14.9621384322296,48.0990420790547));
#2000=CARTESIAN_POINT('',(168.225564876616,15.4049787632755,48.0999999999998));
#2001=CARTESIAN_POINT('',(166.578916764905,15.2541896771341,42.2));
#2002=CARTESIAN_POINT('',(166.649764714989,14.4903914309635,42.1720194619169));
#2003=CARTESIAN_POINT('',(166.749405925626,13.283165672415,42.6222459969235));
#2004=CARTESIAN_POINT('',(166.81377418211,12.4540361174667,43.9868165216258));
#2005=CARTESIAN_POINT('',(166.829171161936,12.2396522393039,45.1494282023115));
#2006=CARTESIAN_POINT('',(166.813681589748,12.4480713222071,46.3193425477543));
#2007=CARTESIAN_POINT('',(166.767946295638,13.0494514795221,47.269710715788));
#2008=CARTESIAN_POINT('',(166.688648262927,14.0165687495593,47.9740341205602));
#2009=CARTESIAN_POINT('',(166.619646128475,14.8097000842342,48.0995639363043));
#2010=CARTESIAN_POINT('',(166.5789167649,15.2541896771439,48.0999999999999));
#2011=CARTESIAN_POINT('',(164.932268653188,15.1034005910026,42.2));
#2012=CARTESIAN_POINT('',(165.003117379268,14.3380697150327,42.1692295355049));
#2013=CARTESIAN_POINT('',(165.102585863283,13.1350164152196,42.6239217922065));
#2014=CARTESIAN_POINT('',(165.166927336091,12.3011640799579,43.9852692052371));
#2015=CARTESIAN_POINT('',(165.182184742932,12.0901121928977,45.1494751319157));
#2016=CARTESIAN_POINT('',(165.166733363237,12.298646584134,46.3172782173008));
#2017=CARTESIAN_POINT('',(165.121559857811,12.8944959423123,47.2734809252329));
#2018=CARTESIAN_POINT('',(165.041524853423,13.8689027973012,47.9670136492428));
#2019=CARTESIAN_POINT('',(164.973158528182,14.6572616919476,48.1000787742159));
#2020=CARTESIAN_POINT('',(164.932268653182,15.1034005910122,48.0999999999998));
#2021=CARTESIAN_POINT('',(163.28562054147,14.9526115048711,42.2));
#2022=CARTESIAN_POINT('',(163.356470056983,14.1857478493698,42.1664399219781));
#2023=CARTESIAN_POINT('',(163.455765763327,12.9868675718719,42.6255973951778));
#2024=CARTESIAN_POINT('',(163.520080487364,12.1482920707332,43.9837218138148));
#2025=CARTESIAN_POINT('',(163.535198309412,11.9405723076074,45.1495219365492));
#2026=CARTESIAN_POINT('',(163.519784984831,12.1492235091554,46.3152140502621));
#2027=CARTESIAN_POINT('',(163.475173421385,12.7395403928953,47.2772501549806));
#2028=CARTESIAN_POINT('',(163.394401471168,13.7212365214842,47.9599969094428));
#2029=CARTESIAN_POINT('',(163.326670910751,14.5048235411386,48.1005865900821));
#2030=CARTESIAN_POINT('',(163.285620541464,14.9526115048804,48.0999999999998));
#2031=CARTESIAN_POINT('',(168.196252406094,15.4022945221021,42.2));
#2032=CARTESIAN_POINT('',(166.569724605048,15.2533479202496,42.2));
#2033=CARTESIAN_POINT('',(164.943196804002,15.1044013183971,42.2));
#2034=CARTESIAN_POINT('',(163.316669002956,14.9554547165445,42.2));
#2035=CARTESIAN_POINT('',(168.196252406095,15.4022945221021,42.2));
#2036=CARTESIAN_POINT('',(163.316669002955,14.9554547165444,42.2));
#2037=CARTESIAN_POINT('',(168.196252406095,15.4022945221021,42.2));
#2038=CARTESIAN_POINT('',(168.267779720297,14.6212014079459,42.1999999999924));
#2039=CARTESIAN_POINT('',(168.398454199365,13.0446926165759,42.7681002140099));
#2040=CARTESIAN_POINT('',(168.460731505604,12.1637177340547,45.151316774072));
#2041=CARTESIAN_POINT('',(168.398440060329,13.0447583730597,47.5132018102107));
#2042=CARTESIAN_POINT('',(168.267931075967,14.619548572617,48.1000000000081));
#2043=CARTESIAN_POINT('',(168.196252406094,15.4022945221126,48.0999999999998));
#2044=CARTESIAN_POINT('',(168.196252406094,15.4022945221126,48.1));
#2045=CARTESIAN_POINT('',(168.196252406095,15.4022945221127,48.0999999999998));
#2046=CARTESIAN_POINT('',(166.56972460505,15.2533479202601,48.0999999999998));
#2047=CARTESIAN_POINT('',(164.943196804005,15.1044013184074,48.0999999999998));
#2048=CARTESIAN_POINT('',(163.316669002959,14.9554547165547,48.0999999999998));
#2049=CARTESIAN_POINT('',(163.316669002957,14.9554547165545,48.0999999999999));
#2050=CARTESIAN_POINT('',(163.316669002955,14.9554547165444,42.2));
#2051=CARTESIAN_POINT('',(163.388101085557,14.1754015512146,42.2000000000088));
#2052=CARTESIAN_POINT('',(163.518249859153,12.600559645023,42.7681759801554));
#2053=CARTESIAN_POINT('',(163.57974036025,11.7228468411635,45.1463494223193));
#2054=CARTESIAN_POINT('',(163.519538844708,12.5839084838724,47.5178979623682));
#2055=CARTESIAN_POINT('',(163.388412323937,14.1720027635562,48.0999999999865));
#2056=CARTESIAN_POINT('',(163.316669002957,14.9554547165545,48.0999999999998));
#2057=CARTESIAN_POINT('',(-168.225607122968,15.404982631905,42.2));
#2058=CARTESIAN_POINT('',(-168.296454310924,14.6427169001732,42.1748097716492));
#2059=CARTESIAN_POINT('',(-168.396268200565,13.4313191503345,42.6205699702553));
#2060=CARTESIAN_POINT('',(-168.460663277065,12.6069121032125,43.988363797084));
#2061=CARTESIAN_POINT('',(-168.476199821473,12.3891962830804,45.1493811684547));
#2062=CARTESIAN_POINT('',(-168.460671917575,12.5975015662693,46.3214070461227));
#2063=CARTESIAN_POINT('',(-168.41437497864,13.2044109347538,47.2659394419078));
#2064=CARTESIAN_POINT('',(-168.335813943576,14.1642383268843,47.9810584973986));
#2065=CARTESIAN_POINT('',(-168.266175979996,14.9621423431824,48.099042065666));
#2066=CARTESIAN_POINT('',(-168.225607122962,15.404982631915,48.0999999999998));
#2067=CARTESIAN_POINT('',(-166.578947573363,15.2541924983678,42.2000000000001));
#2068=CARTESIAN_POINT('',(-166.649795523432,14.4903942808721,42.1720195141164));
#2069=CARTESIAN_POINT('',(-166.7494367373,13.2831684442587,42.6222459655694));
#2070=CARTESIAN_POINT('',(-166.813804994286,12.454038977672,43.9868165505757));
#2071=CARTESIAN_POINT('',(-166.829201976722,12.2396550371686,45.1494282014333));
#2072=CARTESIAN_POINT('',(-166.813712403821,12.4480741179168,46.3193425863777));
#2073=CARTESIAN_POINT('',(-166.7679770992,13.0494543787092,47.2697106452466));
#2074=CARTESIAN_POINT('',(-166.688679080276,14.0165715123595,47.9740342519179));
#2075=CARTESIAN_POINT('',(-166.61967693393,14.809702936326,48.0995639266604));
#2076=CARTESIAN_POINT('',(-166.578947573357,15.2541924983776,48.0999999999998));
#2077=CARTESIAN_POINT('',(-164.932288023757,15.1034023648305,42.2));
#2078=CARTESIAN_POINT('',(-165.003136749828,14.3380715068912,42.1692295683219));
#2079=CARTESIAN_POINT('',(-165.102605235876,13.1350181579901,42.6239217724947));
#2080=CARTESIAN_POINT('',(-165.166946708998,12.3011658782886,43.9852692234398));
#2081=CARTESIAN_POINT('',(-165.182204117481,12.090113952031,45.1494751313647));
#2082=CARTESIAN_POINT('',(-165.166752737338,12.298648341898,46.3172782415834));
#2083=CARTESIAN_POINT('',(-165.121579225302,12.894497765153,47.2734808808899));
#2084=CARTESIAN_POINT('',(-165.041544229584,13.8689045343924,47.967013731797));
#2085=CARTESIAN_POINT('',(-164.973177896863,14.6572634851753,48.1000787682196));
#2086=CARTESIAN_POINT('',(-164.932288023751,15.1034023648402,48.0999999999998));
#2087=CARTESIAN_POINT('',(-163.285628474151,14.9526122312933,42.2));
#2088=CARTESIAN_POINT('',(-163.356477989661,14.1857485831761,42.166439935417));
#2089=CARTESIAN_POINT('',(-163.455773696837,12.9868682855748,42.6255973871056));
#2090=CARTESIAN_POINT('',(-163.520088421002,12.1482928071898,43.9837218212694));
#2091=CARTESIAN_POINT('',(-163.535206243722,11.9405730280116,45.1495219363237));
#2092=CARTESIAN_POINT('',(-163.519792918959,12.1492242289969,46.3152140602062));
#2093=CARTESIAN_POINT('',(-163.475181352805,12.7395411393893,47.2772501368225));
#2094=CARTESIAN_POINT('',(-163.394409406139,13.7212372328623,47.9599969432457));
#2095=CARTESIAN_POINT('',(-163.326678842659,14.5048242755051,48.1005865876357));
#2096=CARTESIAN_POINT('',(-163.285628474145,14.9526122313026,48.0999999999998));
#2097=CARTESIAN_POINT('',(-168.196252406095,15.4022945221127,48.0999999999998));
#2098=CARTESIAN_POINT('',(-166.56972460505,15.2533479202601,48.0999999999998));
#2099=CARTESIAN_POINT('',(-164.943196804005,15.1044013184075,48.0999999999998));
#2100=CARTESIAN_POINT('',(-163.316669002959,14.9554547165547,48.0999999999998));
#2101=CARTESIAN_POINT('',(-168.196252406094,15.4022945221126,48.0999999999998));
#2102=CARTESIAN_POINT('',(-163.316669002957,14.9554547165545,48.0999999999998));
#2103=CARTESIAN_POINT('',(-168.196252406094,15.4022945221126,48.0999999999998));
#2104=CARTESIAN_POINT('',(-168.231924267,15.0127503985257,48.1000000000039));
#2105=CARTESIAN_POINT('',(-168.300005458585,14.2386721807922,48.0035434656789));
#2106=CARTESIAN_POINT('',(-168.408178731003,12.9026993883857,47.102429283842));
#2107=CARTESIAN_POINT('',(-168.460627355125,12.166224684839,45.1668614926088));
#2108=CARTESIAN_POINT('',(-168.399636937198,13.0292249321323,42.7796362834361));
#2109=CARTESIAN_POINT('',(-168.267967543007,14.6191503449667,42.1999999999924));
#2110=CARTESIAN_POINT('',(-168.196252406095,15.4022945221021,42.2));
#2111=CARTESIAN_POINT('',(-168.196252406095,15.4022945221021,42.2));
#2112=CARTESIAN_POINT('',(-168.196252406094,15.4022945221021,42.2));
#2113=CARTESIAN_POINT('',(-166.569724605048,15.2533479202495,42.2));
#2114=CARTESIAN_POINT('',(-164.943196804001,15.104401318397,42.2));
#2115=CARTESIAN_POINT('',(-163.316669002954,14.9554547165444,42.2));
#2116=CARTESIAN_POINT('',(-163.316669002953,14.9554547165442,42.2));
#2117=CARTESIAN_POINT('',(-163.316669002957,14.9554547165545,48.0999999999998));
#2118=CARTESIAN_POINT('',(-163.388220404818,14.1740985601626,48.0999999999865));
#2119=CARTESIAN_POINT('',(-163.518855589975,12.5927540574649,47.5271115411772));
#2120=CARTESIAN_POINT('',(-163.579713494003,11.7232011088872,45.1494087591662));
#2121=CARTESIAN_POINT('',(-163.519040612451,12.5902965433844,42.7789127520431));
#2122=CARTESIAN_POINT('',(-163.388351793834,14.1726637648393,42.2000000000088));
#2123=CARTESIAN_POINT('',(-163.316669002958,14.9554547165447,42.2));
#2124=CARTESIAN_POINT('',(0.,164.000000000001,42.2));
#2125=CARTESIAN_POINT('',(0.,0.,42.2));
#2126=CARTESIAN_POINT('',(0.,0.,42.2));
#2127=CARTESIAN_POINT('',(0.,166.500000000001,48.1));
#2128=CARTESIAN_POINT('',(0.,0.,48.1));
#2129=CARTESIAN_POINT('',(0.,0.,48.1));
#2130=CARTESIAN_POINT('',(0.,0.,55.2));
#2131=CARTESIAN_POINT('',(0.,0.,55.2));
#2132=CARTESIAN_POINT('',(-106.513459413781,124.70317944507,44.9250809715119));
#2133=CARTESIAN_POINT('',(-106.484471251061,124.727939274828,45.0728032895164));
#2134=CARTESIAN_POINT('',(-106.484547098623,124.727874490704,45.2275832261029));
#2135=CARTESIAN_POINT('',(-106.513459413781,124.70317944507,45.3749190284881));
#2136=CARTESIAN_POINT('',(-106.513459413781,124.70317944507,44.9250809715119));
#2137=CARTESIAN_POINT('',(-106.513459413781,124.70317944507,45.3749190284881));
#2138=CARTESIAN_POINT('',(-106.513459413781,124.70317944507,55.2));
#2139=CARTESIAN_POINT('',(-107.829681720039,123.566822975083,45.3898538518086));
#2140=CARTESIAN_POINT('',(-107.862381524461,123.538287730603,45.232878293418));
#2141=CARTESIAN_POINT('',(-107.862374296256,123.538294038243,45.0670870075522));
#2142=CARTESIAN_POINT('',(-107.829681720039,123.566822975083,44.9101461481914));
#2143=CARTESIAN_POINT('',(-107.829681720039,123.566822975083,45.3898538518086));
#2144=CARTESIAN_POINT('',(-107.829681720039,123.566822975083,44.9101461481914));
#2145=CARTESIAN_POINT('',(-107.829681720039,123.566822975083,55.2));
#2146=CARTESIAN_POINT('',(-161.450040203456,28.8084748836561,46.0500438207881));
#2147=CARTESIAN_POINT('',(-161.513168313759,28.4523989770533,46.0613610777928));
#2148=CARTESIAN_POINT('',(-161.571077239566,28.121466501192,45.9341751213593));
#2149=CARTESIAN_POINT('',(-161.615500579919,27.8647545207586,45.6944929695425));
#2150=CARTESIAN_POINT('',(-161.641140421107,27.7153948385791,45.3679870716944));
#2151=CARTESIAN_POINT('',(-161.64369262605,27.7004802639497,45.0080257679817));
#2152=CARTESIAN_POINT('',(-161.622771870065,27.8224849750769,44.6696446897049));
#2153=CARTESIAN_POINT('',(-161.581273167474,28.0627929850184,44.404389090567));
#2154=CARTESIAN_POINT('',(-161.525069889592,28.3847338186206,44.2526622428958));
#2155=CARTESIAN_POINT('',(-161.462379160312,28.7392218618941,44.2375484256997));
#2156=CARTESIAN_POINT('',(-161.402705966106,29.0722921581577,44.3613470486077));
#2157=CARTESIAN_POINT('',(-161.355426614313,29.3332718497123,44.6052096678311));
#2158=CARTESIAN_POINT('',(-161.328181987193,29.4825220625483,44.9319955407134));
#2159=CARTESIAN_POINT('',(-161.325458351613,29.4973972993574,45.291972873923));
#2160=CARTESIAN_POINT('',(-161.34770825525,29.3756382861125,45.6303583133896));
#2161=CARTESIAN_POINT('',(-161.391267600236,29.1356628195098,45.8955993425411));
#2162=CARTESIAN_POINT('',(-161.450040203456,28.8084748836561,46.0500438207881));
#2163=CARTESIAN_POINT('',(-161.513168313759,28.4523989770533,46.0613610777928));
#2164=CARTESIAN_POINT('',(-161.571077239566,28.121466501192,45.9341751213593));
#2165=CARTESIAN_POINT('',(-161.513930905011,28.4447325222058,46.0362066824123));
#2166=CARTESIAN_POINT('',(107.829681720039,123.566822975083,44.9101461481914));
#2167=CARTESIAN_POINT('',(107.86240829132,123.5382643727,45.0672502010115));
#2168=CARTESIAN_POINT('',(107.862347530403,123.538317395269,45.2330414820464));
#2169=CARTESIAN_POINT('',(107.829681720039,123.566822975083,45.3898538518086));
#2170=CARTESIAN_POINT('',(107.829681720039,123.566822975083,44.9101461481914));
#2171=CARTESIAN_POINT('',(107.829681720039,123.566822975083,45.3898538518086));
#2172=CARTESIAN_POINT('',(107.829681720039,123.566822975083,55.2));
#2173=CARTESIAN_POINT('',(106.513459413781,124.70317944507,45.3749190284881));
#2174=CARTESIAN_POINT('',(106.484505599699,124.727909936423,45.2273717495344));
#2175=CARTESIAN_POINT('',(106.484512751546,124.727903827774,45.0725918049877));
#2176=CARTESIAN_POINT('',(106.513459413781,124.70317944507,44.9250809715119));
#2177=CARTESIAN_POINT('',(106.513459413781,124.70317944507,45.3749190284881));
#2178=CARTESIAN_POINT('',(106.513459413781,124.70317944507,44.9250809715119));
#2179=CARTESIAN_POINT('',(106.513459413781,124.70317944507,55.2));
#2180=CARTESIAN_POINT('',(161.575080455938,28.0984881905305,45.9223565373996));
#2181=CARTESIAN_POINT('',(161.517250161937,28.4292200016667,46.0571924614825));
#2182=CARTESIAN_POINT('',(161.454586478871,28.7829157528709,46.053133215976));
#2183=CARTESIAN_POINT('',(161.39684362042,29.1047902252919,45.9175156480101));
#2184=CARTESIAN_POINT('',(161.351436927755,29.3551790883758,45.6629106752328));
#2185=CARTESIAN_POINT('',(161.32667284539,29.4907654643763,45.3300478335812));
#2186=CARTESIAN_POINT('',(161.326679956315,29.4907264938755,44.9697515915386));
#2187=CARTESIAN_POINT('',(161.351459263622,29.3550569244102,44.6368797314859));
#2188=CARTESIAN_POINT('',(161.396926116811,29.104333069131,44.3821221061716));
#2189=CARTESIAN_POINT('',(161.455709294497,28.7766580557206,44.244283420552));
#2190=CARTESIAN_POINT('',(161.518541510114,28.4218728463871,44.2443329354013));
#2191=CARTESIAN_POINT('',(161.575858790254,28.0939816626464,44.3822621805727));
#2192=CARTESIAN_POINT('',(161.619248734228,27.8429739967885,44.6370710321839));
#2193=CARTESIAN_POINT('',(161.642554511575,27.7071322552527,44.9699519641981));
#2194=CARTESIAN_POINT('',(161.642549785274,27.7071604096982,45.3302488022018));
#2195=CARTESIAN_POINT('',(161.619222937038,27.8431225565194,45.6631179065366));
#2196=CARTESIAN_POINT('',(161.575080455938,28.0984881905305,45.9223565373996));
#2197=CARTESIAN_POINT('',(161.517250161937,28.4292200016667,46.0571924614825));
#2198=CARTESIAN_POINT('',(161.454586478871,28.7829157528709,46.053133215976));
#2199=CARTESIAN_POINT('',(161.513930905011,28.4447325222058,46.0362066824123));
#2200=CARTESIAN_POINT('',(152.624488840835,27.0296503678047,45.15));
#2201=CARTESIAN_POINT('',(152.817048410028,27.0637563301279,45.15));
#2202=CARTESIAN_POINT('',(152.939889477872,26.3702053644918,45.15));
#2203=CARTESIAN_POINT('',(156.631013138674,26.9397070560963,45.15));
#2204=CARTESIAN_POINT('',(156.621314096825,26.9382105956016,45.15));
#2205=CARTESIAN_POINT('',(156.611615054977,26.9367141351069,45.15));
#2206=CARTESIAN_POINT('',(156.601916013129,26.9352176746121,45.15));
#2207=CARTESIAN_POINT('',(156.631013138674,26.9397070560963,45.15));
#2208=CARTESIAN_POINT('',(156.601916013129,26.9352176746121,45.15));
#2209=CARTESIAN_POINT('',(156.601916013129,26.9352176746121,45.15));
#2210=CARTESIAN_POINT('',(156.59221697128,26.9337212141174,45.15));
#2211=CARTESIAN_POINT('',(156.582517929432,26.9322247536227,45.15));
#2212=CARTESIAN_POINT('',(156.572818887584,26.9307282931279,45.15));
#2213=CARTESIAN_POINT('',(156.572818887584,26.9307282931279,45.15));
#2214=CARTESIAN_POINT('',(156.572818887584,26.9307282931279,45.15));
#2215=CARTESIAN_POINT('',(156.572818887584,26.9307282931279,45.2121765519619));
#2216=CARTESIAN_POINT('',(156.571526196536,26.9380267246736,45.2743498261114));
#2217=CARTESIAN_POINT('',(156.568976909552,26.9524197976078,45.3347837917372));
#2218=CARTESIAN_POINT('',(156.568976909552,26.9524197976078,45.3347837917372));
#2219=CARTESIAN_POINT('',(156.435734749059,27.7046945107424,45.15));
#2220=CARTESIAN_POINT('',(156.302492588566,28.4569692238773,45.3347837917366));
#2221=CARTESIAN_POINT('',(156.302492588566,28.4569692238773,45.3347837917366));
#2222=CARTESIAN_POINT('',(156.299943301583,28.4713622968114,45.274349826111));
#2223=CARTESIAN_POINT('',(156.298650610535,28.478660728357,45.2121765519617));
#2224=CARTESIAN_POINT('',(156.298650610535,28.478660728357,45.15));
#2225=CARTESIAN_POINT('',(156.298650610535,28.478660728357,45.15));
#2226=CARTESIAN_POINT('',(156.298650610535,28.478660728357,45.15));
#2227=CARTESIAN_POINT('',(156.308273601284,28.4805865673539,45.15));
#2228=CARTESIAN_POINT('',(156.317896592033,28.4825124063508,45.15));
#2229=CARTESIAN_POINT('',(156.327519582781,28.4844382453477,45.15));
#2230=CARTESIAN_POINT('',(156.327519582781,28.4844382453477,45.15));
#2231=CARTESIAN_POINT('',(156.327519582781,28.4844382453477,45.15));
#2232=CARTESIAN_POINT('',(156.33714257353,28.4863640843446,45.15));
#2233=CARTESIAN_POINT('',(156.346765564278,28.4882899233415,45.15));
#2234=CARTESIAN_POINT('',(156.356388555027,28.4902157623384,45.15));
#2235=CARTESIAN_POINT('',(156.356388555027,28.4902157623384,45.15));
#2236=CARTESIAN_POINT('',(152.502405683265,27.7189222319031,45.15));
#2237=CARTESIAN_POINT('',(158.578997956824,28.9350242395249,45.15));
#2238=CARTESIAN_POINT('',(158.578997956824,28.9350242395249,45.15));
#2239=CARTESIAN_POINT('',(158.645837195288,28.9484007058771,45.15));
#2240=CARTESIAN_POINT('',(158.712676433751,28.9617771722293,45.15));
#2241=CARTESIAN_POINT('',(158.779515672215,28.9751536385814,45.15));
#2242=CARTESIAN_POINT('',(158.779515672215,28.9751536385814,45.15));
#2243=CARTESIAN_POINT('',(158.779515672215,28.9751536385814,45.15));
#2244=CARTESIAN_POINT('',(158.846354910678,28.9885301049336,45.15));
#2245=CARTESIAN_POINT('',(158.913194149141,29.0019065712858,45.15));
#2246=CARTESIAN_POINT('',(158.980033387605,29.015283037638,45.15));
#2247=CARTESIAN_POINT('',(158.980033387605,29.015283037638,45.15));
#2248=CARTESIAN_POINT('',(158.980033387605,29.015283037638,45.15));
#2249=CARTESIAN_POINT('',(158.980033387605,29.015283037638,45.4084502512912));
#2250=CARTESIAN_POINT('',(159.001994029378,28.8912949888918,45.6639912380194));
#2251=CARTESIAN_POINT('',(159.037736883624,28.6894936572039,45.8214561651995));
#2252=CARTESIAN_POINT('',(159.037736883624,28.6894936572039,45.8214561651995));
#2253=CARTESIAN_POINT('',(159.127713094313,28.1814950790178,45.15));
#2254=CARTESIAN_POINT('',(159.217689305001,27.6734965008317,45.8214561651995));
#2255=CARTESIAN_POINT('',(159.217689305001,27.6734965008317,45.8214561651995));
#2256=CARTESIAN_POINT('',(159.253432159247,27.4716951691439,45.6639912380194));
#2257=CARTESIAN_POINT('',(159.275392801021,27.3477071203976,45.4084502512912));
#2258=CARTESIAN_POINT('',(159.275392801021,27.3477071203976,45.15));
#2259=CARTESIAN_POINT('',(159.275392801021,27.3477071203976,45.15));
#2260=CARTESIAN_POINT('',(159.275392801021,27.3477071203976,45.15));
#2261=CARTESIAN_POINT('',(159.208025327861,27.3373130254149,45.15));
#2262=CARTESIAN_POINT('',(159.140657854701,27.3269189304321,45.15));
#2263=CARTESIAN_POINT('',(159.073290381542,27.3165248354493,45.15));
#2264=CARTESIAN_POINT('',(159.073290381542,27.3165248354493,45.15));
#2265=CARTESIAN_POINT('',(159.073290381542,27.3165248354493,45.15));
#2266=CARTESIAN_POINT('',(159.005922908382,27.3061307404665,45.15));
#2267=CARTESIAN_POINT('',(158.938555435222,27.2957366454837,45.15));
#2268=CARTESIAN_POINT('',(158.871187962062,27.2853425505009,45.15));
#2269=CARTESIAN_POINT('',(158.871187962062,27.2853425505009,45.15));
#2270=CARTESIAN_POINT('',(152.746571998405,26.3403785037062,45.15));
#2271=CARTESIAN_POINT('',(152.624488840835,27.0296503678047,45.15));
#2272=CARTESIAN_POINT('',(152.624488840835,27.0296503678047,45.15));
#2273=CARTESIAN_POINT('',(152.712457615896,26.5329856126036,45.15));
#2274=CARTESIAN_POINT('',(158.926403026878,28.1458392370153,45.15));
#2275=CARTESIAN_POINT('',(158.926403026878,28.1458392370153,45.15));
#2276=CARTESIAN_POINT('',(158.815180317042,28.7737938710924,46.3109944895473));
#2277=CARTESIAN_POINT('',(159.037625736714,27.5178846029383,46.3109944895474));
#2278=CARTESIAN_POINT('',(159.037625736714,27.5178846029383,45.15));
#2279=CARTESIAN_POINT('',(159.037625736714,27.5178846029384,45.9800102177887));
#2280=CARTESIAN_POINT('',(158.926403026878,28.1458392370154,45.15));
#2281=CARTESIAN_POINT('',(158.815180317042,28.7737938710924,45.9800102177887));
#2282=CARTESIAN_POINT('',(158.815180317042,28.7737938710924,46.1723832191485));
#2283=CARTESIAN_POINT('',(156.464717797955,27.7098279599799,45.15));
#2284=CARTESIAN_POINT('',(156.492285767456,27.7147107717408,45.15));
#2285=CARTESIAN_POINT('',(156.357388707181,28.4763289183206,45.3370788510144));
#2286=CARTESIAN_POINT('',(156.627182827731,26.9530926251612,45.337078851015));
#2287=CARTESIAN_POINT('',(156.627182827731,26.9530926251612,45.337078851015));
#2288=CARTESIAN_POINT('',(156.73293768152,26.9795668350319,45.5190987506092));
#2289=CARTESIAN_POINT('',(157.092547986536,27.063362840366,45.7494396341159));
#2290=CARTESIAN_POINT('',(157.825460473676,27.2098239267922,46.1097092137931));
#2291=CARTESIAN_POINT('',(158.408367435886,27.3146084144013,46.3323752632418));
#2292=CARTESIAN_POINT('',(158.795733999466,27.3820508192796,46.4776899938588));
#2293=CARTESIAN_POINT('',(158.795733999466,27.3820508192796,46.4776899938588));
#2294=CARTESIAN_POINT('',(158.668541941047,28.1001671340145,45.15));
#2295=CARTESIAN_POINT('',(158.541349882627,28.8182834487495,46.4776899938588));
#2296=CARTESIAN_POINT('',(158.541349882627,28.8182834487495,46.4776899938587));
#2297=CARTESIAN_POINT('',(158.154897034766,28.7486692642094,46.3325677921478));
#2298=CARTESIAN_POINT('',(157.573322846771,28.6472141404703,46.1105777975912));
#2299=CARTESIAN_POINT('',(156.836058869042,28.5331148238051,45.7514367502506));
#2300=CARTESIAN_POINT('',(156.466409686423,28.487852263853,45.5201173318485));
#2301=CARTESIAN_POINT('',(156.357388707181,28.4763289183206,45.3370788510144));
#2302=CARTESIAN_POINT('',(158.729468208564,28.1109583348525,45.15));
#2303=CARTESIAN_POINT('',(158.8406909184,27.4830037007755,46.3109944895474));
#2304=CARTESIAN_POINT('',(158.618245498728,28.7389129689295,46.3109944895473));
#2305=CARTESIAN_POINT('',(152.502405683265,27.7189222319031,39.25));
#2306=CARTESIAN_POINT('',(156.356388555027,28.4902157623384,45.15));
#2307=CARTESIAN_POINT('',(156.356388555027,28.4902157623384,45.1966824759978));
#2308=CARTESIAN_POINT('',(156.374694863409,28.493879384542,45.2441383063477));
#2309=CARTESIAN_POINT('',(156.411307480173,28.5012066289492,45.2923674910495));
#2310=CARTESIAN_POINT('',(156.411307480173,28.5012066289492,45.2923674910495));
#2311=CARTESIAN_POINT('',(156.411307480173,28.5012066289492,45.2923674910494));
#2312=CARTESIAN_POINT('',(156.535535738842,28.5260682994331,45.4560112882435));
#2313=CARTESIAN_POINT('',(156.911140770372,28.6012377385452,45.6374817722205));
#2314=CARTESIAN_POINT('',(157.634812190999,28.7460653372823,45.9657992882383));
#2315=CARTESIAN_POINT('',(158.202460464306,28.8596681879779,46.1731801159774));
#2316=CARTESIAN_POINT('',(158.578997956824,28.9350242395249,46.3109944895474));
#2317=CARTESIAN_POINT('',(158.578997956824,28.9350242395249,46.3109944895473));
#2318=CARTESIAN_POINT('',(158.578997956824,28.9350242395249,45.15));
#2319=CARTESIAN_POINT('',(158.578997956824,28.9350242395249,45.9800102177887));
#2320=CARTESIAN_POINT('',(158.578997956824,28.9350242395249,45.9800102177887));
#2321=CARTESIAN_POINT('',(158.578997956824,28.9350242395249,45.7033401451924));
#2322=CARTESIAN_POINT('',(158.578997956824,28.9350242395249,45.4266700725962));
#2323=CARTESIAN_POINT('',(158.578997956824,28.9350242395249,45.15));
#2324=CARTESIAN_POINT('',(152.746571998405,26.3403785037062,39.25));
#2325=CARTESIAN_POINT('',(158.871187962062,27.2853425505009,46.3109944895474));
#2326=CARTESIAN_POINT('',(158.49167467011,27.2267876274978,46.1731801159774));
#2327=CARTESIAN_POINT('',(157.919540236874,27.138513281392,45.9657992882385));
#2328=CARTESIAN_POINT('',(157.190149595592,27.0259759506973,45.6374817722206));
#2329=CARTESIAN_POINT('',(156.811576133926,26.9675660336563,45.4560112882438));
#2330=CARTESIAN_POINT('',(156.686366091532,26.9482474365293,45.2923674910499));
#2331=CARTESIAN_POINT('',(158.871187962062,27.2853425505009,46.3109944895474));
#2332=CARTESIAN_POINT('',(156.686366091532,26.9482474365293,45.29236749105));
#2333=CARTESIAN_POINT('',(156.686366091532,26.9482474365293,45.29236749105));
#2334=CARTESIAN_POINT('',(156.64946412296,26.942553849574,45.2441383063481));
#2335=CARTESIAN_POINT('',(156.631013138674,26.9397070560963,45.1966824759981));
#2336=CARTESIAN_POINT('',(156.631013138674,26.9397070560963,45.15));
#2337=CARTESIAN_POINT('',(158.871187962062,27.2853425505009,45.15));
#2338=CARTESIAN_POINT('',(158.871187962062,27.2853425505009,45.4266700725962));
#2339=CARTESIAN_POINT('',(158.871187962062,27.2853425505009,45.7033401451924));
#2340=CARTESIAN_POINT('',(158.871187962062,27.2853425505009,45.9800102177887));
#2341=CARTESIAN_POINT('',(158.871187962062,27.2853425505009,45.9800102177887));
#2342=CARTESIAN_POINT('',(158.871187962062,27.2853425505009,39.25));
#2343=CARTESIAN_POINT('',(152.821423659149,27.0645312699675,45.15));
#2344=CARTESIAN_POINT('',(158.578997956824,28.9350242395249,45.9800102177887));
#2345=CARTESIAN_POINT('',(158.578997956824,28.9350242395249,45.9108426996396));
#2346=CARTESIAN_POINT('',(158.578997956824,28.9350242395249,45.7725076633415));
#2347=CARTESIAN_POINT('',(158.578997956824,28.9350242395249,45.6341726270434));
#2348=CARTESIAN_POINT('',(158.578997956824,28.9350242395249,45.4958375907453));
#2349=CARTESIAN_POINT('',(158.578997956824,28.9350242395249,45.3575025544472));
#2350=CARTESIAN_POINT('',(158.578997956824,28.9350242395249,45.2191675181491));
#2351=CARTESIAN_POINT('',(158.578997956824,28.9350242395249,45.15));
#2352=CARTESIAN_POINT('',(158.63106598592,28.9454445593135,45.9800102177887));
#2353=CARTESIAN_POINT('',(158.629565061455,28.9451441808823,45.9125512747061));
#2354=CARTESIAN_POINT('',(158.626541039263,28.9445389865079,45.7763708873338));
#2355=CARTESIAN_POINT('',(158.623466098171,28.9439236017878,45.6382778180582));
#2356=CARTESIAN_POINT('',(158.620362411442,28.9433024642337,45.4995345680862));
#2357=CARTESIAN_POINT('',(158.617229979077,28.9426755738457,45.3601411374179));
#2358=CARTESIAN_POINT('',(158.614033483066,28.9420358624679,45.2200596658678));
#2359=CARTESIAN_POINT('',(158.612417576056,28.941712472701,45.15));
#2360=CARTESIAN_POINT('',(158.68715081769,28.9340327263533,45.9800102177887));
#2361=CARTESIAN_POINT('',(158.679824873228,28.934934926786,45.9142598497725));
#2362=CARTESIAN_POINT('',(158.667852242022,28.9381171293738,45.7801616925283));
#2363=CARTESIAN_POINT('',(158.661500190442,28.9428045076117,45.6422474211882));
#2364=CARTESIAN_POINT('',(158.657059298721,28.9461498186014,45.503114456964));
#2365=CARTESIAN_POINT('',(158.653199618259,28.9481010971512,45.3627258010125));
#2366=CARTESIAN_POINT('',(158.648862849163,28.9490062267984,45.2209518135866));
#2367=CARTESIAN_POINT('',(158.645837195288,28.9484007058771,45.15));
#2368=CARTESIAN_POINT('',(158.774862925507,28.874155877607,45.9800102177887));
#2369=CARTESIAN_POINT('',(158.761127455032,28.8876312949051,45.9176769999055));
#2370=CARTESIAN_POINT('',(158.73928591767,28.911493832744,45.7878157217152));
#2371=CARTESIAN_POINT('',(158.729128517699,28.9305215354363,45.650322215333));
#2372=CARTESIAN_POINT('',(158.723989472301,28.9462449159448,45.5103913231827));
#2373=CARTESIAN_POINT('',(158.720226844843,28.9583861060224,45.3679490475779));
#2374=CARTESIAN_POINT('',(158.716303880906,28.9625031294053,45.2227361090241));
#2375=CARTESIAN_POINT('',(158.712676433751,28.9617771722293,45.15));
#2376=CARTESIAN_POINT('',(158.805919350943,28.8260805541509,45.9800102177887));
#2377=CARTESIAN_POINT('',(158.793324858663,28.8489775880498,45.9193855749719));
#2378=CARTESIAN_POINT('',(158.771369872562,28.8889666729949,45.7916789457075));
#2379=CARTESIAN_POINT('',(158.759540956977,28.9183865890701,45.6544274063477));
#2380=CARTESIAN_POINT('',(158.754604113447,28.9430423191278,45.5140883005236));
#2381=CARTESIAN_POINT('',(158.751935365901,28.9624820570574,45.3705876305486));
#2382=CARTESIAN_POINT('',(158.748915546552,28.9690296676818,45.2236282567428));
#2383=CARTESIAN_POINT('',(158.746096052983,28.9684654054053,45.15));
#2384=CARTESIAN_POINT('',(158.815180317042,28.7737938710924,45.9800102177887));
#2385=CARTESIAN_POINT('',(158.809657149103,28.804977240992,45.9210941500384));
#2386=CARTESIAN_POINT('',(158.796729782089,28.8608087682055,45.7956870072953));
#2387=CARTESIAN_POINT('',(158.787230333752,28.9030049918277,45.6588037731319));
#2388=CARTESIAN_POINT('',(158.783039835226,28.9381011244445,45.5180194547907));
#2389=CARTESIAN_POINT('',(158.780230128766,28.9654014146026,45.3733340522716));
#2390=CARTESIAN_POINT('',(158.779515671892,28.9751536385168,45.2245204044616));
#2391=CARTESIAN_POINT('',(158.779515672215,28.9751536385814,45.15));
#2392=CARTESIAN_POINT('',(158.815180317042,28.7737938710924,45.9800102177887));
#2393=CARTESIAN_POINT('',(158.796658384843,28.8783672372095,45.9800102177887));
#2394=CARTESIAN_POINT('',(158.683134015015,28.9558648791021,45.9800102177887));
#2395=CARTESIAN_POINT('',(158.578997956824,28.9350242395249,45.9800102177887));
#2396=CARTESIAN_POINT('',(158.815180317042,28.7737938710924,45.9800102177887));
#2397=CARTESIAN_POINT('',(158.793087645286,28.8985273506908,45.7443459467875));
#2398=CARTESIAN_POINT('',(158.779515670923,28.975153638323,45.4480816178465));
#2399=CARTESIAN_POINT('',(158.779515672215,28.9751536385814,45.15));
#2400=CARTESIAN_POINT('',(158.618245498728,28.7389129689295,39.25));
#2401=CARTESIAN_POINT('',(158.618245498728,28.7389129689295,46.3109944895473));
#2402=CARTESIAN_POINT('',(158.980033387605,29.015283037638,45.15));
#2403=CARTESIAN_POINT('',(158.980033387605,29.015283037638,45.2146125628228));
#2404=CARTESIAN_POINT('',(158.982778467826,28.9997845315447,45.343474030398));
#2405=CARTESIAN_POINT('',(158.99050255666,28.9561749361277,45.4656602571459));
#2406=CARTESIAN_POINT('',(159.000460573884,28.8999527574801,45.5815349011369));
#2407=CARTESIAN_POINT('',(159.012652519499,28.8311179956021,45.6910979623709));
#2408=CARTESIAN_POINT('',(159.028801170062,28.7399439901259,45.7820899334044));
#2409=CARTESIAN_POINT('',(159.037736883624,28.6894936572039,45.8214561651995));
#2410=CARTESIAN_POINT('',(158.946613768373,29.0085948044619,45.15));
#2411=CARTESIAN_POINT('',(158.945022336821,29.0082763129426,45.213983773672));
#2412=CARTESIAN_POINT('',(158.944635768546,28.9919601075843,45.3422961620637));
#2413=CARTESIAN_POINT('',(158.949276839676,28.947476436275,45.4647006836967));
#2414=CARTESIAN_POINT('',(158.956149255382,28.8905045213342,45.5808524975233));
#2415=CARTESIAN_POINT('',(158.965253015664,28.821044362762,45.6907516035436));
#2416=CARTESIAN_POINT('',(158.978254514843,28.7297986956152,45.7815477450973));
#2417=CARTESIAN_POINT('',(158.985588461595,28.6795272295703,45.820520687544));
#2418=CARTESIAN_POINT('',(158.913194149141,29.0019065712858,45.15));
#2419=CARTESIAN_POINT('',(158.910199984329,29.0013073522375,45.2149816967794));
#2420=CARTESIAN_POINT('',(158.907858718841,28.985618495433,45.3457166456557));
#2421=CARTESIAN_POINT('',(158.91059425965,28.9426992332611,45.4704729580042));
#2422=CARTESIAN_POINT('',(158.915227460393,28.8881355627033,45.5897769195025));
#2423=CARTESIAN_POINT('',(158.92207619489,28.8215519978958,45.7034141289709));
#2424=CARTESIAN_POINT('',(158.928491590969,28.732263536849,45.7969883501386));
#2425=CARTESIAN_POINT('',(158.930935944159,28.682852328936,45.8371875510283));
#2426=CARTESIAN_POINT('',(158.846354910678,28.9885301049336,45.15));
#2427=CARTESIAN_POINT('',(158.842753728301,28.9878094040998,45.2187709748718));
#2428=CARTESIAN_POINT('',(158.839597517997,28.9740918430237,45.3565298806043));
#2429=CARTESIAN_POINT('',(158.840718224517,28.9374723677545,45.4894419161215));
#2430=CARTESIAN_POINT('',(158.843329607509,28.8906854003871,45.6175914312257));
#2431=CARTESIAN_POINT('',(158.849049454046,28.8331539070574,45.740549623558));
#2432=CARTESIAN_POINT('',(158.850541654678,28.7563243036324,45.847489761929));
#2433=CARTESIAN_POINT('',(158.848284108749,28.7141592793905,45.8960704842951));
#2434=CARTESIAN_POINT('',(158.812935291446,28.9818418717575,45.15));
#2435=CARTESIAN_POINT('',(158.810129824765,28.9812804166672,45.2215623298569));
#2436=CARTESIAN_POINT('',(158.807662716145,28.9692679875398,45.3644878061408));
#2437=CARTESIAN_POINT('',(158.809264024826,28.9372333481731,45.5029677384673));
#2438=CARTESIAN_POINT('',(158.811789926065,28.8960660175141,45.6372013102666));
#2439=CARTESIAN_POINT('',(158.817840246372,28.8453628995618,45.7667597191795));
#2440=CARTESIAN_POINT('',(158.821725162014,28.7785904122851,45.8835523362857));
#2441=CARTESIAN_POINT('',(158.820822707967,28.7419373776312,45.9379033303786));
#2442=CARTESIAN_POINT('',(158.779515672215,28.9751536385814,45.15));
#2443=CARTESIAN_POINT('',(158.779515671892,28.9751536385168,45.2245204044616));
#2444=CARTESIAN_POINT('',(158.780230128766,28.9654014146026,45.3733340522716));
#2445=CARTESIAN_POINT('',(158.783039835226,28.9381011244445,45.5180194547907));
#2446=CARTESIAN_POINT('',(158.787230333752,28.9030049918277,45.6588037731319));
#2447=CARTESIAN_POINT('',(158.796729782089,28.8608087682055,45.7956870072953));
#2448=CARTESIAN_POINT('',(158.809657149103,28.804977240992,45.9210941500384));
#2449=CARTESIAN_POINT('',(158.815180317042,28.7737938710924,45.9800102177887));
#2450=CARTESIAN_POINT('',(159.037736883624,28.6894936572039,45.8214561651995));
#2451=CARTESIAN_POINT('',(158.933440039565,28.6695608019366,45.8195852098885));
#2452=CARTESIAN_POINT('',(158.826465098892,28.71008088417,45.8957964429685));
#2453=CARTESIAN_POINT('',(158.815180317042,28.7737938710924,45.9800102177887));
#2454=CARTESIAN_POINT('',(158.618245498728,28.7389129689295,46.3109944895473));
#2455=CARTESIAN_POINT('',(158.618245498728,28.7389129689295,46.3109944895473));
#2456=CARTESIAN_POINT('',(159.123337845192,28.1807201391782,45.15));
#2457=CARTESIAN_POINT('',(159.037625736714,27.5178846029384,45.9800102177887));
#2458=CARTESIAN_POINT('',(159.026340954864,27.5815975898607,45.8957964429685));
#2459=CARTESIAN_POINT('',(159.112891038876,27.6563946349486,45.8195852098885));
#2460=CARTESIAN_POINT('',(159.217689305001,27.6734965008317,45.8214561651995));
#2461=CARTESIAN_POINT('',(158.578997956824,28.9350242395249,46.3109944895473));
#2462=CARTESIAN_POINT('',(158.538944441397,28.9270083716946,46.4248120399851));
#2463=CARTESIAN_POINT('',(158.541349882627,28.8182834487495,46.4776899938587));
#2464=CARTESIAN_POINT('',(158.202460463575,28.8596681878315,46.1731801177934));
#2465=CARTESIAN_POINT('',(158.168217236036,28.8528151267964,46.2831322320398));
#2466=CARTESIAN_POINT('',(158.16352026739,28.7502226195938,46.3358060211896));
#2467=CARTESIAN_POINT('',(157.634812449842,28.7460653890842,45.9657990029451));
#2468=CARTESIAN_POINT('',(157.610610592451,28.7412218968701,46.0704778192811));
#2469=CARTESIAN_POINT('',(157.59337902205,28.6506960693366,46.122028809903));
#2470=CARTESIAN_POINT('',(156.911140339211,28.6012376522575,45.6374822471039));
#2471=CARTESIAN_POINT('',(156.887502661481,28.5965070687247,45.7115974837799));
#2472=CARTESIAN_POINT('',(156.864160955926,28.5371812548117,45.7598922572389));
#2473=CARTESIAN_POINT('',(156.535536687321,28.5260684892514,45.4560102436815));
#2474=CARTESIAN_POINT('',(156.507083183757,28.5203741195709,45.5078174218043));
#2475=CARTESIAN_POINT('',(156.483657199164,28.4896759074351,45.5490723495782));
#2476=CARTESIAN_POINT('',(156.411307480173,28.5012066289492,45.2923674910494));
#2477=CARTESIAN_POINT('',(156.381980009803,28.4953373532122,45.3155227871223));
#2478=CARTESIAN_POINT('',(156.357388707181,28.4763289183206,45.3370788510142));
#2479=CARTESIAN_POINT('',(156.357388707181,28.4763289183206,45.3370788510143));
#2480=CARTESIAN_POINT('',(156.373591537275,28.4888532829558,45.3228758929159));
#2481=CARTESIAN_POINT('',(156.391984062184,28.4973394536718,45.3076241585715));
#2482=CARTESIAN_POINT('',(156.411307480173,28.5012066289492,45.2923674910495));
#2483=CARTESIAN_POINT('',(159.217689305001,27.6734965008317,45.8214561651995));
#2484=CARTESIAN_POINT('',(159.226625018563,27.6230461679098,45.7820899334044));
#2485=CARTESIAN_POINT('',(159.242773669127,27.5318721624335,45.6910979623709));
#2486=CARTESIAN_POINT('',(159.254965614741,27.4630374005555,45.5815349011369));
#2487=CARTESIAN_POINT('',(159.264923631965,27.406815221908,45.4656602571459));
#2488=CARTESIAN_POINT('',(159.272647720799,27.3632056264909,45.343474030398));
#2489=CARTESIAN_POINT('',(159.275392801021,27.3477071203976,45.2146125628228));
#2490=CARTESIAN_POINT('',(159.275392801021,27.3477071203976,45.15));
#2491=CARTESIAN_POINT('',(159.165290171938,27.6649455678902,45.820520687544));
#2492=CARTESIAN_POINT('',(159.17566877645,27.6152133686461,45.7815477450973));
#2493=CARTESIAN_POINT('',(159.194797738157,27.5250529916615,45.6907516035436));
#2494=CARTESIAN_POINT('',(159.210104803603,27.4566915564252,45.5808524975233));
#2495=CARTESIAN_POINT('',(159.223218220105,27.4008250414337,45.4647006836966));
#2496=CARTESIAN_POINT('',(159.234137987663,27.3574534466869,45.3422961620637));
#2497=CARTESIAN_POINT('',(159.240105055705,27.3422625911711,45.213983773672));
#2498=CARTESIAN_POINT('',(159.241709064441,27.3425100729062,45.15));
#2499=CARTESIAN_POINT('',(159.115104427758,27.6430516182943,45.8371875510283));
#2500=CARTESIAN_POINT('',(159.129779705932,27.5958067398369,45.7969883501386));
#2501=CARTESIAN_POINT('',(159.154421884337,27.5097465886261,45.7034141289709));
#2502=CARTESIAN_POINT('',(159.170858789512,27.4448612712196,45.5897769195025));
#2503=CARTESIAN_POINT('',(159.185248057534,27.3920255857442,45.4704729580043));
#2504=CARTESIAN_POINT('',(159.197420117657,27.3507777106322,45.3457166456557));
#2505=CARTESIAN_POINT('',(159.205007499976,27.3368474062042,45.2149816967794));
#2506=CARTESIAN_POINT('',(159.208025327861,27.3373130254149,45.15));
#2507=CARTESIAN_POINT('',(159.048233408682,27.5852613262801,45.8960704842951));
#2508=CARTESIAN_POINT('',(159.064835753791,27.5464367474692,45.847489761929));
#2509=CARTESIAN_POINT('',(159.08982247144,27.4737684698903,45.740549623558));
#2510=CARTESIAN_POINT('',(159.104210536459,27.4177722829292,45.6175914312257));
#2511=CARTESIAN_POINT('',(159.117827615826,27.3729346337261,45.4894419161215));
#2512=CARTESIAN_POINT('',(159.129352528614,27.3381579412824,45.3565298806043));
#2513=CARTESIAN_POINT('',(159.137028211954,27.326358914601,45.2187709748718));
#2514=CARTESIAN_POINT('',(159.140657854701,27.3269189304321,45.15));
#2515=CARTESIAN_POINT('',(159.031983345789,27.5497410963995,45.9379033303786));
#2516=CARTESIAN_POINT('',(159.045419868877,27.5156277673334,45.8835523362858));
#2517=CARTESIAN_POINT('',(159.064705180262,27.4515829830693,45.7667597191796));
#2518=CARTESIAN_POINT('',(159.076437579806,27.401886269427,45.6372013102666));
#2519=CARTESIAN_POINT('',(159.088204802298,27.3623557525384,45.5029677384673));
#2520=CARTESIAN_POINT('',(159.097703627372,27.3317199135413,45.3644878061408));
#2521=CARTESIAN_POINT('',(159.10414647966,27.3212856079646,45.2215623298569));
#2522=CARTESIAN_POINT('',(159.106974118121,27.3217218829407,45.15));
#2523=CARTESIAN_POINT('',(159.037625736714,27.5178846029384,45.9800102177887));
#2524=CARTESIAN_POINT('',(159.043148904653,27.4867012330386,45.9210941500384));
#2525=CARTESIAN_POINT('',(159.050184034723,27.4298260785875,45.7956870072954));
#2526=CARTESIAN_POINT('',(159.055755324827,27.3869341034259,45.658803773132));
#2527=CARTESIAN_POINT('',(159.063873980775,27.3525337222051,45.5180194547907));
#2528=CARTESIAN_POINT('',(159.07061184482,27.3259291834718,45.3733340522717));
#2529=CARTESIAN_POINT('',(159.073290381216,27.3165248353991,45.2245204044616));
#2530=CARTESIAN_POINT('',(159.073290381542,27.3165248354493,45.15));
#2531=CARTESIAN_POINT('',(159.037625736714,27.5178846029384,45.9800102177887));
#2532=CARTESIAN_POINT('',(159.05971840847,27.3931511233392,45.7443459467876));
#2533=CARTESIAN_POINT('',(159.07329038024,27.3165248352484,45.4480816178465));
#2534=CARTESIAN_POINT('',(159.073290381542,27.3165248354493,45.15));
#2535=CARTESIAN_POINT('',(156.356388555027,28.4902157623384,45.15));
#2536=CARTESIAN_POINT('',(156.356388555027,28.4902157623384,45.1631468284785));
#2537=CARTESIAN_POINT('',(156.359333327435,28.4908050965369,45.1889257204054));
#2538=CARTESIAN_POINT('',(156.371107714584,28.4931614922283,45.2257647547707));
#2539=CARTESIAN_POINT('',(156.388762241588,28.4966946741114,45.2604894771764));
#2540=CARTESIAN_POINT('',(156.403467293702,28.4996375806935,45.2820397451839));
#2541=CARTESIAN_POINT('',(156.411307480173,28.5012066289492,45.2923674910495));
#2542=CARTESIAN_POINT('',(156.346765564278,28.4882899233415,45.15));
#2543=CARTESIAN_POINT('',(156.346729502957,28.4882827064272,45.1643261299162));
#2544=CARTESIAN_POINT('',(156.349105125903,28.4887581373438,45.1925083154083));
#2545=CARTESIAN_POINT('',(156.358784172681,28.4906951947748,45.2330894066017));
#2546=CARTESIAN_POINT('',(156.373351207405,28.4936104800819,45.2716963467261));
#2547=CARTESIAN_POINT('',(156.385502806244,28.4960423667511,45.2959302300805));
#2548=CARTESIAN_POINT('',(156.391984062184,28.4973394536718,45.3076241585715));
#2549=CARTESIAN_POINT('',(156.33714257353,28.4863640843446,45.15));
#2550=CARTESIAN_POINT('',(156.337070971565,28.4863497547188,45.1655050202558));
#2551=CARTESIAN_POINT('',(156.338972652162,28.4865153358473,45.1960479932333));
#2552=CARTESIAN_POINT('',(156.346856479015,28.4871588710237,45.2402761192224));
#2553=CARTESIAN_POINT('',(156.358668264201,28.4880100120278,45.2827327808586));
#2554=CARTESIAN_POINT('',(156.368425861463,28.4885908048115,45.3097328251306));
#2555=CARTESIAN_POINT('',(156.373591537275,28.4888532829558,45.3228758929159));
#2556=CARTESIAN_POINT('',(156.327519582781,28.4844382453477,45.15));
#2557=CARTESIAN_POINT('',(156.327523134627,28.4844389561749,45.1665965125748));
#2558=CARTESIAN_POINT('',(156.329105199076,28.4841253503307,45.1994088447639));
#2559=CARTESIAN_POINT('',(156.335455750904,28.4826576218509,45.247209388963));
#2560=CARTESIAN_POINT('',(156.345036330767,28.4801403364404,45.2933161038747));
#2561=CARTESIAN_POINT('',(156.353078451288,28.4777276167345,45.3227407774892));
#2562=CARTESIAN_POINT('',(156.357388707181,28.4763289183206,45.3370788510143));
#2563=CARTESIAN_POINT('',(156.327519582781,28.4844382453477,45.15));
#2564=CARTESIAN_POINT('',(156.327533790165,28.4844410886565,45.2163860502994));
#2565=CARTESIAN_POINT('',(156.340147683608,28.4819237119762,45.2797265569138));
#2566=CARTESIAN_POINT('',(156.357388707181,28.4763289183206,45.3370788510143));
#2567=CARTESIAN_POINT('',(159.037625736714,27.5178846029383,45.9800102177887));
#2568=CARTESIAN_POINT('',(159.043148904653,27.4867012330386,45.9210941500384));
#2569=CARTESIAN_POINT('',(159.050184034723,27.4298260785875,45.7956870072954));
#2570=CARTESIAN_POINT('',(159.055755324827,27.3869341034259,45.658803773132));
#2571=CARTESIAN_POINT('',(159.063873980775,27.3525337222051,45.5180194547907));
#2572=CARTESIAN_POINT('',(159.07061184482,27.3259291834718,45.3733340522717));
#2573=CARTESIAN_POINT('',(159.073290381216,27.3165248353991,45.2245204044616));
#2574=CARTESIAN_POINT('',(159.073290381542,27.3165248354493,45.15));
#2575=CARTESIAN_POINT('',(159.046886702813,27.4655979198798,45.9800102177887));
#2576=CARTESIAN_POINT('',(159.042922670881,27.439768056388,45.9193855749719));
#2577=CARTESIAN_POINT('',(159.036038070821,27.3946709321842,45.7916789457075));
#2578=CARTESIAN_POINT('',(159.03503341262,27.3629779460879,45.6544274063478));
#2579=CARTESIAN_POINT('',(159.038865232477,27.3381264953194,45.5140883005237));
#2580=CARTESIAN_POINT('',(159.043035669887,27.3189527352281,45.3705876305486));
#2581=CARTESIAN_POINT('',(159.042448421165,27.3117662442394,45.2236282567428));
#2582=CARTESIAN_POINT('',(159.039606644962,27.3113277879579,45.15));
#2583=CARTESIAN_POINT('',(159.034231664573,27.4097804647838,45.9800102177887));
#2584=CARTESIAN_POINT('',(159.025960085914,27.3924071804944,45.9176769999055));
#2585=CARTESIAN_POINT('',(159.013643157487,27.3624945286459,45.7878157217152));
#2586=CARTESIAN_POINT('',(159.010638987212,27.3411356615205,45.650322215333));
#2587=CARTESIAN_POINT('',(159.011212972504,27.3246037220367,45.5103913231827));
#2588=CARTESIAN_POINT('',(159.011849292298,27.3119088034073,45.3679490475779));
#2589=CARTESIAN_POINT('',(159.009579023479,27.3066948407037,45.2227361090241));
#2590=CARTESIAN_POINT('',(159.005922908382,27.3061307404665,45.15));
#2591=CARTESIAN_POINT('',(158.972420917905,27.3234202744778,45.9800102177887));
#2592=CARTESIAN_POINT('',(158.965850511625,27.3200567660103,45.9142598497725));
#2593=CARTESIAN_POINT('',(158.955699191375,27.3129559908063,45.7801616925284));
#2594=CARTESIAN_POINT('',(158.951343501615,27.3063720679083,45.6422474211882));
#2595=CARTESIAN_POINT('',(158.948321757748,27.3017049822114,45.503114456964));
#2596=CARTESIAN_POINT('',(158.945367068961,27.2985467492535,45.3627258010126));
#2597=CARTESIAN_POINT('',(158.94160500103,27.2962071615232,45.2209518135866));
#2598=CARTESIAN_POINT('',(158.938555435222,27.2957366454837,45.15));
#2599=CARTESIAN_POINT('',(158.923667488059,27.2934395912875,45.9800102177887));
#2600=CARTESIAN_POINT('',(158.922154701695,27.293206184208,45.9125512747061));
#2601=CARTESIAN_POINT('',(158.919106780465,27.2927359219097,45.7763708873338));
#2602=CARTESIAN_POINT('',(158.91600753792,27.2922577412704,45.6382778180582));
#2603=CARTESIAN_POINT('',(158.912879322561,27.2917750904294,45.4995345680862));
#2604=CARTESIAN_POINT('',(158.909722134386,27.2912879693867,45.3601411374179));
#2605=CARTESIAN_POINT('',(158.906500376267,27.2907908858785,45.2200596658678));
#2606=CARTESIAN_POINT('',(158.904871698642,27.2905395979923,45.15));
#2607=CARTESIAN_POINT('',(158.871187962062,27.2853425505009,45.9800102177887));
#2608=CARTESIAN_POINT('',(158.871187962062,27.2853425505009,45.9108426996396));
#2609=CARTESIAN_POINT('',(158.871187962062,27.2853425505009,45.7725076633415));
#2610=CARTESIAN_POINT('',(158.871187962062,27.2853425505009,45.6341726270434));
#2611=CARTESIAN_POINT('',(158.871187962062,27.2853425505009,45.4958375907453));
#2612=CARTESIAN_POINT('',(158.871187962062,27.2853425505009,45.3575025544472));
#2613=CARTESIAN_POINT('',(158.871187962062,27.2853425505009,45.2191675181491));
#2614=CARTESIAN_POINT('',(158.871187962062,27.2853425505009,45.15));
#2615=CARTESIAN_POINT('',(158.871187962062,27.2853425505009,45.9800102177887));
#2616=CARTESIAN_POINT('',(158.976147014056,27.3015366320741,45.9800102177887));
#2617=CARTESIAN_POINT('',(159.056147668913,27.4133112368213,45.9800102177887));
#2618=CARTESIAN_POINT('',(159.037625736714,27.5178846029383,45.9800102177887));
#2619=CARTESIAN_POINT('',(156.327519582781,28.4844382453477,45.15));
#2620=CARTESIAN_POINT('',(156.327521358704,28.4844386007613,45.1582982562874));
#2621=CARTESIAN_POINT('',(156.327918650739,28.4843605547138,45.1747995956221));
#2622=CARTESIAN_POINT('',(156.329602380971,28.4840006853665,45.1992316005033));
#2623=CARTESIAN_POINT('',(156.33228047499,28.4833914860908,45.2233091168634));
#2624=CARTESIAN_POINT('',(156.335859504408,28.4825264272346,45.246997660302));
#2625=CARTESIAN_POINT('',(156.340246040836,28.4813989791457,45.2702627464188));
#2626=CARTESIAN_POINT('',(156.345346655882,28.4800026121718,45.2930698908134));
#2627=CARTESIAN_POINT('',(156.351067921158,28.478330796661,45.3153846090856));
#2628=CARTESIAN_POINT('',(156.355233579235,28.4770282675275,45.3299098142518));
#2629=CARTESIAN_POINT('',(156.357388707181,28.4763289183206,45.3370788510143));
#2630=CARTESIAN_POINT('',(156.317896592033,28.4825124063508,45.15));
#2631=CARTESIAN_POINT('',(156.317920331198,28.4825171572449,45.1580956802498));
#2632=CARTESIAN_POINT('',(156.318244703146,28.4823614142188,45.1742284261986));
#2633=CARTESIAN_POINT('',(156.319504695867,28.4816386725924,45.1982164535267));
#2634=CARTESIAN_POINT('',(156.321480877329,28.4804334112338,45.2219581413173));
#2635=CARTESIAN_POINT('',(156.324116001476,28.4787522374981,45.245418241628));
#2636=CARTESIAN_POINT('',(156.327352822249,28.4766017587407,45.2685615065163));
#2637=CARTESIAN_POINT('',(156.331134093592,28.4739885823166,45.2913526880397));
#2638=CARTESIAN_POINT('',(156.335402569447,28.470919315581,45.3137565382558));
#2639=CARTESIAN_POINT('',(156.338534858988,28.4685734824532,45.3284107189));
#2640=CARTESIAN_POINT('',(156.340163122492,28.4673267532891,45.3356615046901));
#2641=CARTESIAN_POINT('',(156.308273601284,28.4805865673539,45.15));
#2642=CARTESIAN_POINT('',(156.308285555589,28.4805889597565,45.157919829884));
#2643=CARTESIAN_POINT('',(156.308474852615,28.4803793449594,45.1737326445057));
#2644=CARTESIAN_POINT('',(156.309221748407,28.4794301598739,45.1973407074597));
#2645=CARTESIAN_POINT('',(156.310398379464,28.4778546478156,45.2208069878961));
#2646=CARTESIAN_POINT('',(156.311971530795,28.475661244701,45.2441008622761));
#2647=CARTESIAN_POINT('',(156.31390798741,28.4728583864472,45.2671917070603));
#2648=CARTESIAN_POINT('',(156.31617453432,28.4694545089708,45.2900488987099));
#2649=CARTESIAN_POINT('',(156.318737956535,28.4654580481887,45.3126418136857));
#2650=CARTESIAN_POINT('',(156.320622678221,28.462404309408,45.3275071568609));
#2651=CARTESIAN_POINT('',(156.321603446618,28.4607814881057,45.3348855744899));
#2652=CARTESIAN_POINT('',(156.298650610535,28.478660728357,45.15));
#2653=CARTESIAN_POINT('',(156.298650610535,28.478660728357,45.1577720689952));
#2654=CARTESIAN_POINT('',(156.298691007131,28.4784326523712,45.173316104554));
#2655=CARTESIAN_POINT('',(156.29887236882,28.477408698601,45.1966115064874));
#2656=CARTESIAN_POINT('',(156.299174074315,28.4757052932052,45.219865912906));
#2657=CARTESIAN_POINT('',(156.299595700628,28.4733248243497,45.2430589797001));
#2658=CARTESIAN_POINT('',(156.300136824768,28.4702696802005,45.2661703627596));
#2659=CARTESIAN_POINT('',(156.300797023745,28.4665422489233,45.2891797179747));
#2660=CARTESIAN_POINT('',(156.301575874571,28.4621449186842,45.3120667012356));
#2661=CARTESIAN_POINT('',(156.302173927694,28.458768357994,45.3272295460334));
#2662=CARTESIAN_POINT('',(156.302492588566,28.4569692238773,45.3347837917366));
#2663=CARTESIAN_POINT('',(156.357388707181,28.4763289183206,45.3370788510143));
#2664=CARTESIAN_POINT('',(156.340163122492,28.4673267532891,45.3356615046901));
#2665=CARTESIAN_POINT('',(156.321603446618,28.4607814881057,45.3348855744899));
#2666=CARTESIAN_POINT('',(156.302492588567,28.4569692238773,45.3347837917366));
#2667=CARTESIAN_POINT('',(158.8406909184,27.4830037007755,45.15));
#2668=CARTESIAN_POINT('',(158.8406909184,27.4830037007755,46.3109944895474));
#2669=CARTESIAN_POINT('',(156.431359499939,27.7039195709028,45.15));
#2670=CARTESIAN_POINT('',(156.568976909552,26.9524197976078,45.3347837917372));
#2671=CARTESIAN_POINT('',(156.588234552708,26.9554033247391,45.3348855744906));
#2672=CARTESIAN_POINT('',(156.607913229498,26.955630799133,45.3356615046907));
#2673=CARTESIAN_POINT('',(156.627182827731,26.9530926251612,45.337078851015));
#2674=CARTESIAN_POINT('',(158.8406909184,27.4830037007755,46.3109944895474));
#2675=CARTESIAN_POINT('',(158.8406909184,27.4830037007755,46.3109944895474));
#2676=CARTESIAN_POINT('',(156.627182827731,26.9530926251612,45.337078851015));
#2677=CARTESIAN_POINT('',(156.625403079485,26.9516966294405,45.3299168119367));
#2678=CARTESIAN_POINT('',(156.621944025509,26.9490440677781,45.3153967304258));
#2679=CARTESIAN_POINT('',(156.617148232975,26.9455098078395,45.293071095075));
#2680=CARTESIAN_POINT('',(156.61283668975,26.9424464236743,45.2702424436192));
#2681=CARTESIAN_POINT('',(156.609100856713,26.9398802085011,45.2469532730377));
#2682=CARTESIAN_POINT('',(156.606032194744,26.9378374555384,45.2232460803095));
#2683=CARTESIAN_POINT('',(156.603722164721,26.9363444580047,45.1991633624141));
#2684=CARTESIAN_POINT('',(156.602262227524,26.9354275091184,45.1747476163306));
#2685=CARTESIAN_POINT('',(156.601916638529,26.9352177711048,45.1582767648024));
#2686=CARTESIAN_POINT('',(156.601916013129,26.9352176746121,45.15));
#2687=CARTESIAN_POINT('',(156.607913229498,26.955630799133,45.3356615046907));
#2688=CARTESIAN_POINT('',(156.606815002863,26.9539017562183,45.3284152880657));
#2689=CARTESIAN_POINT('',(156.604682942443,26.9506244102808,45.3137643792549));
#2690=CARTESIAN_POINT('',(156.60173052412,26.946276819042,45.2913531520299));
#2691=CARTESIAN_POINT('',(156.599076271865,26.9425238634627,45.2685476234696));
#2692=CARTESIAN_POINT('',(156.596772679436,26.9393917515351,45.2453883562478));
#2693=CARTESIAN_POINT('',(156.594872240593,26.9369066912512,45.2219159130378));
#2694=CARTESIAN_POINT('',(156.593427449096,26.935094890603,45.1981708565134));
#2695=CARTESIAN_POINT('',(156.592490798704,26.9339825575826,45.1741937493481));
#2696=CARTESIAN_POINT('',(156.592240121685,26.9337247859822,45.1580813525931));
#2697=CARTESIAN_POINT('',(156.59221697128,26.9337212141174,45.15));
#2698=CARTESIAN_POINT('',(156.588234552708,26.9554033247391,45.3348855744906));
#2699=CARTESIAN_POINT('',(156.587872123268,26.9535431134373,45.3275093899702));
#2700=CARTESIAN_POINT('',(156.587152749779,26.950028915914,45.3126456055008));
#2701=CARTESIAN_POINT('',(156.586118916256,26.9453958522033,45.2900489489381));
#2702=CARTESIAN_POINT('',(156.585159079978,26.9414205783997,45.2671845789444));
#2703=CARTESIAN_POINT('',(156.584302011482,26.938122651836,45.2440857619473));
#2704=CARTESIAN_POINT('',(156.583576481303,26.9355216298452,45.2207857643745));
#2705=CARTESIAN_POINT('',(156.583011259976,26.93363706976,45.1973178526535));
#2706=CARTESIAN_POINT('',(156.582635118037,26.9324885289136,45.173715293212));
#2707=CARTESIAN_POINT('',(156.582529590027,26.9322265527302,45.1579126660557));
#2708=CARTESIAN_POINT('',(156.582517929432,26.9322247536226,45.15));
#2709=CARTESIAN_POINT('',(156.568976909552,26.9524197976078,45.3347837917373));
#2710=CARTESIAN_POINT('',(156.569295570425,26.950620663491,45.327229546034));
#2711=CARTESIAN_POINT('',(156.569893623548,26.9472441028008,45.3120667012362));
#2712=CARTESIAN_POINT('',(156.570672474374,26.9428467725616,45.2891797179753));
#2713=CARTESIAN_POINT('',(156.571332673351,26.9391193412845,45.26617036276));
#2714=CARTESIAN_POINT('',(156.571873797491,26.9360641971352,45.2430589797004));
#2715=CARTESIAN_POINT('',(156.572295423804,26.9336837282797,45.2198659129063));
#2716=CARTESIAN_POINT('',(156.572597129299,26.9319803228839,45.1966115064875));
#2717=CARTESIAN_POINT('',(156.572778490988,26.9309563691137,45.1733161045541));
#2718=CARTESIAN_POINT('',(156.572818887584,26.9307282931279,45.1577720689953));
#2719=CARTESIAN_POINT('',(156.572818887584,26.9307282931279,45.15));
#2720=CARTESIAN_POINT('',(156.627182827731,26.9530926251612,45.337078851015));
#2721=CARTESIAN_POINT('',(156.61294484176,26.9419246593961,45.279782538389));
#2722=CARTESIAN_POINT('',(156.60192101633,26.9352184465537,45.2162141184191));
#2723=CARTESIAN_POINT('',(156.601916013129,26.9352176746121,45.15));
#2724=CARTESIAN_POINT('',(158.795733999466,27.3820508192796,46.4776899938588));
#2725=CARTESIAN_POINT('',(158.830817901189,27.2791138732551,46.4248120399852));
#2726=CARTESIAN_POINT('',(158.871187962062,27.2853425505009,46.3109944895474));
#2727=CARTESIAN_POINT('',(158.417512830095,27.3162006738632,46.3358060211931));
#2728=CARTESIAN_POINT('',(158.45716081549,27.2214625014954,46.2831322320472));
#2729=CARTESIAN_POINT('',(158.49167466937,27.2267876273836,46.1731801177935));
#2730=CARTESIAN_POINT('',(157.847871773229,27.2138500989331,46.1220288099031));
#2731=CARTESIAN_POINT('',(157.895147371562,27.1347497179528,46.0704778192798));
#2732=CARTESIAN_POINT('',(157.919540497759,27.1385133216437,45.9657990029458));
#2733=CARTESIAN_POINT('',(157.124026699627,27.0699997931211,45.7598922572381));
#2734=CARTESIAN_POINT('',(157.166324673251,27.0223000149058,45.7115974837801));
#2735=CARTESIAN_POINT('',(157.190149161031,27.0259758836491,45.6374822471031));
#2736=CARTESIAN_POINT('',(156.750354118756,26.983926166144,45.5490723495811));
#2737=CARTESIAN_POINT('',(156.7828987165,26.9631414087358,45.5078174218052));
#2738=CARTESIAN_POINT('',(156.811577089886,26.9675661811509,45.456010243684));
#2739=CARTESIAN_POINT('',(156.627182827731,26.9530926251611,45.3370788510148));
#2740=CARTESIAN_POINT('',(156.656806844324,26.9436867545162,45.3155227871229));
#2741=CARTESIAN_POINT('',(156.686366091532,26.9482474365293,45.2923674910498));
#2742=CARTESIAN_POINT('',(156.686366091532,26.9482474365293,45.29236749105));
#2743=CARTESIAN_POINT('',(156.666889959358,26.9452424734777,45.307624158572));
#2744=CARTESIAN_POINT('',(156.646701635454,26.9468952420341,45.3228758929165));
#2745=CARTESIAN_POINT('',(156.627182827731,26.9530926251612,45.337078851015));
#2746=CARTESIAN_POINT('',(156.601916013129,26.9352176746121,45.15));
#2747=CARTESIAN_POINT('',(156.601917263929,26.9352178675975,45.1665535296047));
#2748=CARTESIAN_POINT('',(156.603297118308,26.9360564336809,45.1993298765081));
#2749=CARTESIAN_POINT('',(156.60876727118,26.9396184773958,45.2471622841109));
#2750=CARTESIAN_POINT('',(156.61690610832,26.9452743699527,45.2933226031275));
#2751=CARTESIAN_POINT('',(156.623623331238,26.9503006337199,45.3227547728585));
#2752=CARTESIAN_POINT('',(156.627182827731,26.9530926251612,45.337078851015));
#2753=CARTESIAN_POINT('',(156.611615054977,26.9367141351069,45.15));
#2754=CARTESIAN_POINT('',(156.611541334393,26.9367027607935,45.1654622979002));
#2755=CARTESIAN_POINT('',(156.613388100578,26.937201147213,45.1959708455261));
#2756=CARTESIAN_POINT('',(156.621026207947,26.9393068530039,45.2402336606571));
#2757=CARTESIAN_POINT('',(156.63241760944,26.9425654059794,45.2827446076963));
#2758=CARTESIAN_POINT('',(156.641770963873,26.945369486768,45.3097494191386));
#2759=CARTESIAN_POINT('',(156.646701635454,26.9468952420341,45.3228758929165));
#2760=CARTESIAN_POINT('',(156.621314096825,26.9382105956016,45.15));
#2761=CARTESIAN_POINT('',(156.621276974137,26.9382048679599,45.1642836681752));
#2762=CARTESIAN_POINT('',(156.62367748599,26.9385752417774,45.1924329297585));
#2763=CARTESIAN_POINT('',(156.633448821831,26.9400828564774,45.2330514042271));
#2764=CARTESIAN_POINT('',(156.6481370221,26.9423490918215,45.2717132671845));
#2765=CARTESIAN_POINT('',(156.660371262809,26.9442367069273,45.2959493057452));
#2766=CARTESIAN_POINT('',(156.666889959358,26.9452424734777,45.307624158572));
#2767=CARTESIAN_POINT('',(156.631013138674,26.9397070560963,45.15));
#2768=CARTESIAN_POINT('',(156.631013138674,26.9397070560963,45.1631046273521));
#2769=CARTESIAN_POINT('',(156.633989453339,26.9401662702524,45.1888521260586));
#2770=CARTESIAN_POINT('',(156.645875500667,26.942000162769,45.2257313036349));
#2771=CARTESIAN_POINT('',(156.663675754657,26.9447465553828,45.2605116082375));
#2772=CARTESIAN_POINT('',(156.678480482649,26.9470307697331,45.2820613609963));
#2773=CARTESIAN_POINT('',(156.686366091532,26.9482474365293,45.29236749105));
#2774=CARTESIAN_POINT('',(101.2916319942,117.321314516019,45.15));
#2775=CARTESIAN_POINT('',(101.419427165649,117.469337482171,45.15));
#2776=CARTESIAN_POINT('',(101.952568528297,117.009051530487,45.15));
#2777=CARTESIAN_POINT('',(107.173081324002,124.133696902598,45.15));
#2778=CARTESIAN_POINT('',(107.173081324002,124.133696902598,45.15));
#2779=CARTESIAN_POINT('',(104.455442876741,119.781116834908,45.15));
#2780=CARTESIAN_POINT('',(104.448866157758,119.773832771879,45.15));
#2781=CARTESIAN_POINT('',(104.442289438775,119.76654870885,45.15));
#2782=CARTESIAN_POINT('',(104.435712719793,119.759264645821,45.15));
#2783=CARTESIAN_POINT('',(104.45544287674,119.781116834908,45.15));
#2784=CARTESIAN_POINT('',(104.435712719793,119.759264645821,45.15));
#2785=CARTESIAN_POINT('',(104.435712719793,119.759264645821,45.15));
#2786=CARTESIAN_POINT('',(104.429136000811,119.751980582791,45.15));
#2787=CARTESIAN_POINT('',(104.422559281828,119.744696519762,45.15));
#2788=CARTESIAN_POINT('',(104.415982562846,119.737412456733,45.15));
#2789=CARTESIAN_POINT('',(104.415982562846,119.737412456733,45.15));
#2790=CARTESIAN_POINT('',(104.415982562846,119.737412456733,45.15));
#2791=CARTESIAN_POINT('',(104.415982562846,119.737412456733,45.2121765519619));
#2792=CARTESIAN_POINT('',(104.410372166592,119.742256175041,45.2743498261114));
#2793=CARTESIAN_POINT('',(104.399308030145,119.75180836313,45.3347837917372));
#2794=CARTESIAN_POINT('',(104.399308030145,119.75180836313,45.3347837917372));
#2795=CARTESIAN_POINT('',(103.821024983161,120.251067248806,45.15));
#2796=CARTESIAN_POINT('',(103.242741936177,120.750326134481,45.3347837917366));
#2797=CARTESIAN_POINT('',(103.242741936177,120.750326134481,45.3347837917366));
#2798=CARTESIAN_POINT('',(103.23167779973,120.75987832257,45.274349826111));
#2799=CARTESIAN_POINT('',(103.226067403476,120.764722040878,45.2121765519617));
#2800=CARTESIAN_POINT('',(103.226067403476,120.764722040878,45.15));
#2801=CARTESIAN_POINT('',(103.226067403476,120.764722040878,45.15));
#2802=CARTESIAN_POINT('',(103.226067403476,120.764722040878,45.15));
#2803=CARTESIAN_POINT('',(103.232314053796,120.77229106767,45.15));
#2804=CARTESIAN_POINT('',(103.238560704116,120.779860094461,45.15));
#2805=CARTESIAN_POINT('',(103.244807354436,120.787429121253,45.15));
#2806=CARTESIAN_POINT('',(103.244807354436,120.787429121253,45.15));
#2807=CARTESIAN_POINT('',(103.244807354436,120.787429121253,45.15));
#2808=CARTESIAN_POINT('',(103.251054004756,120.794998148044,45.15));
#2809=CARTESIAN_POINT('',(103.257300655075,120.802567174836,45.15));
#2810=CARTESIAN_POINT('',(103.263547305395,120.810136201628,45.15));
#2811=CARTESIAN_POINT('',(103.263547305395,120.810136201628,45.15));
#2812=CARTESIAN_POINT('',(100.7617800308,117.778760575004,45.15));
#2813=CARTESIAN_POINT('',(104.706327839364,122.558344274237,45.15));
#2814=CARTESIAN_POINT('',(104.706327839364,122.558344274237,45.15));
#2815=CARTESIAN_POINT('',(104.749715738327,122.61091711774,45.15));
#2816=CARTESIAN_POINT('',(104.79310363729,122.663489961243,45.15));
#2817=CARTESIAN_POINT('',(104.836491536254,122.716062804746,45.15));
#2818=CARTESIAN_POINT('',(104.836491536254,122.716062804746,45.15));
#2819=CARTESIAN_POINT('',(104.836491536254,122.716062804746,45.15));
#2820=CARTESIAN_POINT('',(104.879879435217,122.768635648249,45.15));
#2821=CARTESIAN_POINT('',(104.92326733418,122.821208491752,45.15));
#2822=CARTESIAN_POINT('',(104.966655233144,122.873781335254,45.15));
#2823=CARTESIAN_POINT('',(104.966655233144,122.873781335254,45.15));
#2824=CARTESIAN_POINT('',(104.966655233144,122.873781335254,45.15));
#2825=CARTESIAN_POINT('',(104.966655233144,122.873781335254,45.4084502512912));
#2826=CARTESIAN_POINT('',(105.061966407861,122.791494726422,45.6639912380194));
#2827=CARTESIAN_POINT('',(105.217093633243,122.65756611467,45.8214561651995));
#2828=CARTESIAN_POINT('',(105.217093633243,122.65756611467,45.8214561651995));
#2829=CARTESIAN_POINT('',(105.607598538602,122.320424908617,45.15));
#2830=CARTESIAN_POINT('',(105.998103443961,121.983283702563,45.8214561651995));
#2831=CARTESIAN_POINT('',(105.998103443961,121.983283702563,45.8214561651995));
#2832=CARTESIAN_POINT('',(106.153230669344,121.849355090811,45.6639912380194));
#2833=CARTESIAN_POINT('',(106.24854184406,121.767068481978,45.4084502512912));
#2834=CARTESIAN_POINT('',(106.24854184406,121.767068481978,45.15));
#2835=CARTESIAN_POINT('',(106.24854184406,121.767068481978,45.15));
#2836=CARTESIAN_POINT('',(106.24854184406,121.767068481978,45.15));
#2837=CARTESIAN_POINT('',(106.202861358662,121.716474935906,45.15));
#2838=CARTESIAN_POINT('',(106.157180873264,121.665881389833,45.15));
#2839=CARTESIAN_POINT('',(106.111500387865,121.615287843761,45.15));
#2840=CARTESIAN_POINT('',(106.111500387865,121.615287843761,45.15));
#2841=CARTESIAN_POINT('',(106.111500387865,121.615287843761,45.15));
#2842=CARTESIAN_POINT('',(106.065819902467,121.564694297688,45.15));
#2843=CARTESIAN_POINT('',(106.020139417069,121.514100751615,45.15));
#2844=CARTESIAN_POINT('',(105.97445893167,121.463507205543,45.15));
#2845=CARTESIAN_POINT('',(105.97445893167,121.463507205543,45.15));
#2846=CARTESIAN_POINT('',(101.821483957601,116.863868457035,45.15));
#2847=CARTESIAN_POINT('',(101.2916319942,117.321314516019,45.15));
#2848=CARTESIAN_POINT('',(101.2916319942,117.321314516019,45.15));
#2849=CARTESIAN_POINT('',(101.67342444708,116.991695178952,45.15));
#2850=CARTESIAN_POINT('',(107.173081324002,124.133696902598,45.15));
#2851=CARTESIAN_POINT('',(105.47399596206,122.165675324253,45.15));
#2852=CARTESIAN_POINT('',(105.47399596206,122.165675324253,45.15));
#2853=CARTESIAN_POINT('',(104.991279325675,122.582427243984,46.3109944895473));
#2854=CARTESIAN_POINT('',(105.956712598444,121.748923404522,46.3109944895474));
#2855=CARTESIAN_POINT('',(105.956712598444,121.748923404522,45.15));
#2856=CARTESIAN_POINT('',(105.956712598444,121.748923404522,45.9800102177887));
#2857=CARTESIAN_POINT('',(105.47399596206,122.165675324253,45.15));
#2858=CARTESIAN_POINT('',(104.991279325675,122.582427243984,45.9800102177887));
#2859=CARTESIAN_POINT('',(104.991279325675,122.582427243984,46.1723832191485));
#2860=CARTESIAN_POINT('',(103.840260037114,120.273346883537,45.15));
#2861=CARTESIAN_POINT('',(103.858555951483,120.294538728915,45.15));
#2862=CARTESIAN_POINT('',(103.273090489529,120.799998530411,45.3370788510144));
#2863=CARTESIAN_POINT('',(104.444021413438,119.789078927419,45.337078851015));
#2864=CARTESIAN_POINT('',(104.444021413438,119.789078927418,45.337078851015));
#2865=CARTESIAN_POINT('',(104.509318660737,119.8763786547,45.5190987506092));
#2866=CARTESIAN_POINT('',(104.735287987825,120.168404689839,45.749439634116));
#2867=CARTESIAN_POINT('',(105.211185757954,120.744714394797,46.1097092137931));
#2868=CARTESIAN_POINT('',(105.597068428962,121.193997022608,46.3323752632418));
#2869=CARTESIAN_POINT('',(105.854887473099,121.490865129746,46.4776899938588));
#2870=CARTESIAN_POINT('',(105.854887473099,121.490865129746,46.4776899938588));
#2871=CARTESIAN_POINT('',(105.302862417194,121.967454259781,45.15));
#2872=CARTESIAN_POINT('',(104.75083736129,122.444043389816,46.4776899938588));
#2873=CARTESIAN_POINT('',(104.75083736129,122.444043389816,46.4776899938588));
#2874=CARTESIAN_POINT('',(104.495098066895,122.146067968662,46.3325677921478));
#2875=CARTESIAN_POINT('',(104.108146928913,121.700208691434,46.1105777975912));
#2876=CARTESIAN_POINT('',(103.608442742492,121.146247904923,45.7514367502506));
#2877=CARTESIAN_POINT('',(103.350359941475,120.877766089218,45.5201173318485));
#2878=CARTESIAN_POINT('',(103.273090489529,120.799998530411,45.3370788510144));
#2879=CARTESIAN_POINT('',(105.343297088064,122.014289048996,45.15));
#2880=CARTESIAN_POINT('',(105.826013724449,121.597537129265,46.3109944895474));
#2881=CARTESIAN_POINT('',(104.860580451679,122.431040968727,46.3109944895473));
#2882=CARTESIAN_POINT('',(100.7617800308,117.778760575004,39.25));
#2883=CARTESIAN_POINT('',(103.263547305395,120.810136201628,45.15));
#2884=CARTESIAN_POINT('',(103.263547305395,120.810136201628,45.1966824759978));
#2885=CARTESIAN_POINT('',(103.275430628376,120.824535149129,45.2441383063477));
#2886=CARTESIAN_POINT('',(103.299197274339,120.853333044133,45.2923674910495));
#2887=CARTESIAN_POINT('',(103.299197274339,120.853333044133,45.2923674910495));
#2888=CARTESIAN_POINT('',(103.299197274339,120.853333044133,45.2923674910494));
#2889=CARTESIAN_POINT('',(103.379838575159,120.951045599688,45.4560112882435));
#2890=CARTESIAN_POINT('',(103.623658126859,121.246480212581,45.6374817722205));
#2891=CARTESIAN_POINT('',(104.093420847123,121.815688737676,45.9657992882383));
#2892=CARTESIAN_POINT('',(104.461902991671,122.262176228008,46.1731801159774));
#2893=CARTESIAN_POINT('',(104.706327839364,122.558344274237,46.3109944895474));
#2894=CARTESIAN_POINT('',(104.706327839364,122.558344274237,46.3109944895473));
#2895=CARTESIAN_POINT('',(104.706327839364,122.558344274237,45.15));
#2896=CARTESIAN_POINT('',(104.706327839364,122.558344274237,45.9800102177887));
#2897=CARTESIAN_POINT('',(104.706327839364,122.558344274237,45.9800102177887));
#2898=CARTESIAN_POINT('',(104.706327839364,122.558344274237,45.7033401451924));
#2899=CARTESIAN_POINT('',(104.706327839364,122.558344274237,45.4266700725962));
#2900=CARTESIAN_POINT('',(104.706327839364,122.558344274237,45.15));
#2901=CARTESIAN_POINT('',(101.821483957601,116.863868457035,39.25));
#2902=CARTESIAN_POINT('',(105.97445893167,121.463507205543,46.3109944895474));
#2903=CARTESIAN_POINT('',(105.717118844854,121.178489491192,46.1731801159774));
#2904=CARTESIAN_POINT('',(105.329166359811,120.748811659295,45.9657992882385));
#2905=CARTESIAN_POINT('',(104.834581703804,120.201033075895,45.6374817722207));
#2906=CARTESIAN_POINT('',(104.577878896399,119.916721182093,45.4560112882438));
#2907=CARTESIAN_POINT('',(104.492976565273,119.822687373914,45.2923674910499));
#2908=CARTESIAN_POINT('',(105.97445893167,121.463507205543,46.3109944895474));
#2909=CARTESIAN_POINT('',(104.492976565273,119.822687373914,45.29236749105));
#2910=CARTESIAN_POINT('',(104.492976565273,119.822687373914,45.29236749105));
#2911=CARTESIAN_POINT('',(104.467954106251,119.794973681244,45.2441383063481));
#2912=CARTESIAN_POINT('',(104.455442876741,119.781116834908,45.1966824759981));
#2913=CARTESIAN_POINT('',(104.45544287674,119.781116834908,45.15));
#2914=CARTESIAN_POINT('',(105.97445893167,121.463507205543,45.15));
#2915=CARTESIAN_POINT('',(105.97445893167,121.463507205543,45.4266700725962));
#2916=CARTESIAN_POINT('',(105.97445893167,121.463507205543,45.7033401451925));
#2917=CARTESIAN_POINT('',(105.97445893167,121.463507205543,45.9800102177887));
#2918=CARTESIAN_POINT('',(105.97445893167,121.463507205543,45.9800102177887));
#2919=CARTESIAN_POINT('',(105.97445893167,121.463507205543,39.25));
#2920=CARTESIAN_POINT('',(101.422330868196,117.472700791277,45.15));
#2921=CARTESIAN_POINT('',(104.706327839364,122.558344274237,45.9800102177887));
#2922=CARTESIAN_POINT('',(104.706327839364,122.558344274237,45.9108426996396));
#2923=CARTESIAN_POINT('',(104.706327839364,122.558344274237,45.7725076633415));
#2924=CARTESIAN_POINT('',(104.706327839364,122.558344274237,45.6341726270434));
#2925=CARTESIAN_POINT('',(104.706327839364,122.558344274237,45.4958375907453));
#2926=CARTESIAN_POINT('',(104.706327839364,122.558344274237,45.3575025544472));
#2927=CARTESIAN_POINT('',(104.706327839364,122.558344274237,45.2191675181491));
#2928=CARTESIAN_POINT('',(104.706327839364,122.558344274237,45.15));
#2929=CARTESIAN_POINT('',(104.740127182946,122.599298725665,45.9800102177887));
#2930=CARTESIAN_POINT('',(104.73915287563,122.598118163636,45.9125512747061));
#2931=CARTESIAN_POINT('',(104.737189867488,122.595739599052,45.7763708873338));
#2932=CARTESIAN_POINT('',(104.735193805945,122.593320983871,45.6382778180582));
#2933=CARTESIAN_POINT('',(104.733179084514,122.59087975862,45.4995345680862));
#2934=CARTESIAN_POINT('',(104.731145703193,122.588415923299,45.3601411374179));
#2935=CARTESIAN_POINT('',(104.729070735717,122.585901698296,45.2200596658678));
#2936=CARTESIAN_POINT('',(104.728021788845,122.584630695989,45.15));
#2937=CARTESIAN_POINT('',(104.790825433665,122.625858576197,45.9800102177887));
#2938=CARTESIAN_POINT('',(104.784574616269,122.621932928509,45.9142598497725));
#2939=CARTESIAN_POINT('',(104.773280835697,122.616841678004,45.7801616925284));
#2940=CARTESIAN_POINT('',(104.765395460071,122.616466277879,45.6422474211882));
#2941=CARTESIAN_POINT('',(104.759839497501,122.616256743117,45.503114456964));
#2942=CARTESIAN_POINT('',(104.755614393181,122.615333101018,45.3627258010125));
#2943=CARTESIAN_POINT('',(104.751679805657,122.613296965735,45.2209518135866));
#2944=CARTESIAN_POINT('',(104.749715738327,122.61091711774,45.15));
#2945=CARTESIAN_POINT('',(104.896649151689,122.634802377237,45.9800102177887));
#2946=CARTESIAN_POINT('',(104.87748959769,122.636580441091,45.9176769999055));
#2947=CARTESIAN_POINT('',(104.845485864699,122.64129579273,45.7878157217152));
#2948=CARTESIAN_POINT('',(104.825595591223,122.649638649853,45.650322215333));
#2949=CARTESIAN_POINT('',(104.811683219065,122.65858741419,45.5103913231827));
#2950=CARTESIAN_POINT('',(104.801099892774,122.665627234252,45.3679490475779));
#2951=CARTESIAN_POINT('',(104.795458351591,122.666343153708,45.2227361090241));
#2952=CARTESIAN_POINT('',(104.79310363729,122.663489961243,45.15));
#2953=CARTESIAN_POINT('',(104.95108589385,122.617128119427,45.9800102177887));
#2954=CARTESIAN_POINT('',(104.926862742119,122.626932930357,45.9193855749719));
#2955=CARTESIAN_POINT('',(104.884589400464,122.644082650902,45.7916789457075));
#2956=CARTESIAN_POINT('',(104.856841670615,122.659429252937,45.6544274063477));
#2957=CARTESIAN_POINT('',(104.837446590763,122.675432637774,45.5140883005236));
#2958=CARTESIAN_POINT('',(104.823103559617,122.688823047841,45.3705876305486));
#2959=CARTESIAN_POINT('',(104.816627827584,122.691994074242,45.2236282567429));
#2960=CARTESIAN_POINT('',(104.814797586772,122.689776382994,45.15));
#2961=CARTESIAN_POINT('',(104.991279325675,122.582427243984,45.9800102177887));
#2962=CARTESIAN_POINT('',(104.967308276474,122.603122575405,45.9210941500384));
#2963=CARTESIAN_POINT('',(104.922033515972,122.638257633542,45.7956870072953));
#2964=CARTESIAN_POINT('',(104.888025839079,122.664982878519,45.6588037731319));
#2965=CARTESIAN_POINT('',(104.862617907899,122.68955391504,45.5180194547907));
#2966=CARTESIAN_POINT('',(104.843202739072,122.708951118769,45.3733340522716));
#2967=CARTESIAN_POINT('',(104.836491536044,122.716062804492,45.2245204044616));
#2968=CARTESIAN_POINT('',(104.836491536254,122.716062804746,45.15));
#2969=CARTESIAN_POINT('',(104.991279325675,122.582427243984,45.9800102177887));
#2970=CARTESIAN_POINT('',(104.910892462026,122.65182899487,45.9800102177887));
#2971=CARTESIAN_POINT('',(104.773926526528,122.640253177093,45.9800102177887));
#2972=CARTESIAN_POINT('',(104.706327839364,122.558344274237,45.9800102177887));
#2973=CARTESIAN_POINT('',(104.991279325675,122.582427243984,45.9800102177887));
#2974=CARTESIAN_POINT('',(104.895395128873,122.665208569667,45.7443459467875));
#2975=CARTESIAN_POINT('',(104.836491535416,122.71606280373,45.4480816178465));
#2976=CARTESIAN_POINT('',(104.836491536254,122.716062804746,45.15));
#2977=CARTESIAN_POINT('',(104.860580451679,122.431040968727,39.25));
#2978=CARTESIAN_POINT('',(104.860580451679,122.431040968727,46.3109944895473));
#2979=CARTESIAN_POINT('',(104.966655233144,122.873781335254,45.15));
#2980=CARTESIAN_POINT('',(104.966655233144,122.873781335254,45.2146125628228));
#2981=CARTESIAN_POINT('',(104.978569129983,122.86349550915,45.343474030398));
#2982=CARTESIAN_POINT('',(105.012092375249,122.834553318708,45.4656602571459));
#2983=CARTESIAN_POINT('',(105.055311072101,122.797240590031,45.5815349011369));
#2984=CARTESIAN_POINT('',(105.108225220539,122.751557323119,45.6910979623709));
#2985=CARTESIAN_POINT('',(105.178311826897,122.691048267608,45.7820899334044));
#2986=CARTESIAN_POINT('',(105.217093633243,122.65756611467,45.8214561651995));
#2987=CARTESIAN_POINT('',(104.944961283662,122.847494913503,45.15));
#2988=CARTESIAN_POINT('',(104.943928224744,122.846243162528,45.213983773672));
#2989=CARTESIAN_POINT('',(104.953929816924,122.833346025396,45.3422961620637));
#2990=CARTESIAN_POINT('',(104.985614064137,122.801779507804,45.4647006836967));
#2991=CARTESIAN_POINT('',(105.026913256367,122.761937244931,45.5808524975233));
#2992=CARTESIAN_POINT('',(105.077827393614,122.713819236779,45.6907516035436));
#2993=CARTESIAN_POINT('',(105.145518655895,122.651267627968,45.7815477450973));
#2994=CARTESIAN_POINT('',(105.182945377044,122.616912895874,45.820520687544));
#2995=CARTESIAN_POINT('',(104.92326733418,122.821208491752,45.15));
#2996=CARTESIAN_POINT('',(104.921323707602,122.818853411686,45.2149816967794));
#2997=CARTESIAN_POINT('',(104.929413367505,122.805208663445,45.3457166456557));
#2998=CARTESIAN_POINT('',(104.958632189911,122.773652258927,45.4704729580043));
#2999=CARTESIAN_POINT('',(104.996674425396,122.73426382137,45.5897769195025));
#3000=CARTESIAN_POINT('',(105.044023648451,122.686952857072,45.7034141289709));
#3001=CARTESIAN_POINT('',(105.105371747181,122.621760853229,45.7969883501386));
#3002=CARTESIAN_POINT('',(105.138463500292,122.584986158043,45.8371875510283));
#3003=CARTESIAN_POINT('',(104.879879435217,122.768635648249,45.15));
#3004=CARTESIAN_POINT('',(104.877541770386,122.765803114517,45.2187709748719));
#3005=CARTESIAN_POINT('',(104.88375485372,122.753172566594,45.3565298806043));
#3006=CARTESIAN_POINT('',(104.907743963251,122.725482052406,45.4894419161215));
#3007=CARTESIAN_POINT('',(104.939308410328,122.690847888387,45.6175914312257));
#3008=CARTESIAN_POINT('',(104.980067089774,122.649843993218,45.740549623558));
#3009=CARTESIAN_POINT('',(105.029731289868,122.591205423538,45.847489761929));
#3010=CARTESIAN_POINT('',(105.054601822927,122.557081496913,45.8960704842951));
#3011=CARTESIAN_POINT('',(104.858185485735,122.742349226497,45.15));
#3012=CARTESIAN_POINT('',(104.856364350311,122.74014256819,45.2215623298569));
#3013=CARTESIAN_POINT('',(104.86203527666,122.729269405227,45.3644878061408));
#3014=CARTESIAN_POINT('',(104.88350241452,122.70543782322,45.5029677384673));
#3015=CARTESIAN_POINT('',(104.911452566691,122.675107668518,45.6372013102666));
#3016=CARTESIAN_POINT('',(104.948156373837,122.639607765886,45.7667597191795));
#3017=CARTESIAN_POINT('',(104.993326459166,122.590279062091,45.8835523362857));
#3018=CARTESIAN_POINT('',(105.015767813435,122.561285183578,45.9379033303786));
#3019=CARTESIAN_POINT('',(104.836491536254,122.716062804746,45.15));
#3020=CARTESIAN_POINT('',(104.836491536044,122.716062804492,45.2245204044616));
#3021=CARTESIAN_POINT('',(104.843202739072,122.708951118769,45.3733340522717));
#3022=CARTESIAN_POINT('',(104.862617907899,122.68955391504,45.5180194547907));
#3023=CARTESIAN_POINT('',(104.888025839079,122.664982878519,45.6588037731319));
#3024=CARTESIAN_POINT('',(104.922033515972,122.638257633542,45.7956870072953));
#3025=CARTESIAN_POINT('',(104.967308276474,122.603122575405,45.9210941500384));
#3026=CARTESIAN_POINT('',(104.991279325675,122.582427243984,45.9800102177887));
#3027=CARTESIAN_POINT('',(105.217093633243,122.65756611467,45.8214561651995));
#3028=CARTESIAN_POINT('',(105.148797120845,122.576259677078,45.8195852098885));
#3029=CARTESIAN_POINT('',(105.040256301195,122.540143123172,45.8957964429685));
#3030=CARTESIAN_POINT('',(104.991279325675,122.582427243984,45.9800102177887));
#3031=CARTESIAN_POINT('',(104.860580451679,122.431040968727,46.3109944895473));
#3032=CARTESIAN_POINT('',(104.860580451679,122.431040968727,46.3109944895473));
#3033=CARTESIAN_POINT('',(105.604694836055,122.317061599511,45.15));
#3034=CARTESIAN_POINT('',(105.956712598444,121.748923404522,45.9800102177887));
#3035=CARTESIAN_POINT('',(105.907735622924,121.791207525334,45.8957964429686));
#3036=CARTESIAN_POINT('',(105.927630714368,121.903856095377,45.8195852098885));
#3037=CARTESIAN_POINT('',(105.998103443961,121.983283702563,45.8214561651995));
#3038=CARTESIAN_POINT('',(104.706327839364,122.558344274237,46.3109944895473));
#3039=CARTESIAN_POINT('',(104.680327574842,122.526839917714,46.4248120399851));
#3040=CARTESIAN_POINT('',(104.75083736129,122.444043389816,46.4776899938588));
#3041=CARTESIAN_POINT('',(104.461902991199,122.262176227437,46.1731801177977));
#3042=CARTESIAN_POINT('',(104.439674406173,122.23524199115,46.2831322320586));
#3043=CARTESIAN_POINT('',(104.500804584216,122.152716932043,46.3358060211974));
#3044=CARTESIAN_POINT('',(104.093421015146,121.815688941269,45.9657990029445));
#3045=CARTESIAN_POINT('',(104.077710666439,121.796652810837,46.0704778192791));
#3046=CARTESIAN_POINT('',(104.121501971914,121.715571530422,46.1220288099017));
#3047=CARTESIAN_POINT('',(103.623657846978,121.246479873451,45.6374822471034));
#3048=CARTESIAN_POINT('',(103.608313728813,121.227887502255,45.7115974837763));
#3049=CARTESIAN_POINT('',(103.627668289009,121.167143873664,45.7598922572384));
#3050=CARTESIAN_POINT('',(103.379839190851,120.951046345718,45.4560102436829));
#3051=CARTESIAN_POINT('',(103.361368936461,120.928666054971,45.5078174218143));
#3052=CARTESIAN_POINT('',(103.362583863595,120.890069669978,45.54907234958));
#3053=CARTESIAN_POINT('',(103.299197274339,120.853333044133,45.2923674910494));
#3054=CARTESIAN_POINT('',(103.28015969476,120.830265329037,45.3155227871223));
#3055=CARTESIAN_POINT('',(103.273090489529,120.799998530411,45.3370788510142));
#3056=CARTESIAN_POINT('',(103.273090489529,120.799998530411,45.3370788510143));
#3057=CARTESIAN_POINT('',(103.277748279846,120.819940857304,45.3228758929159));
#3058=CARTESIAN_POINT('',(103.286653706718,120.838134082366,45.3076241585715));
#3059=CARTESIAN_POINT('',(103.299197274339,120.853333044133,45.2923674910495));
#3060=CARTESIAN_POINT('',(105.998103443961,121.983283702563,45.8214561651995));
#3061=CARTESIAN_POINT('',(106.036885250307,121.949801549625,45.7820899334044));
#3062=CARTESIAN_POINT('',(106.106971856665,121.889292494114,45.6910979623709));
#3063=CARTESIAN_POINT('',(106.159886005103,121.843609227202,45.5815349011369));
#3064=CARTESIAN_POINT('',(106.203104701955,121.806296498525,45.4656602571459));
#3065=CARTESIAN_POINT('',(106.236627947221,121.777354308083,45.343474030398));
#3066=CARTESIAN_POINT('',(106.24854184406,121.767068481978,45.2146125628228));
#3067=CARTESIAN_POINT('',(106.24854184406,121.767068481978,45.15));
#3068=CARTESIAN_POINT('',(105.962867079165,121.94356989897,45.820520687544));
#3069=CARTESIAN_POINT('',(106.002314435082,121.911555633644,45.7815477450973));
#3070=CARTESIAN_POINT('',(106.074072283758,121.853714282454,45.6907516035436));
#3071=CARTESIAN_POINT('',(106.129103341552,121.810364833113,45.5808524975233));
#3072=CARTESIAN_POINT('',(106.174544471625,121.775320106159,45.4647006836966));
#3073=CARTESIAN_POINT('',(106.210395673978,121.748580101591,45.3422961620637));
#3074=CARTESIAN_POINT('',(106.224613956327,121.740567084721,45.213983773672));
#3075=CARTESIAN_POINT('',(106.225701601361,121.741771708942,45.15));
#3076=CARTESIAN_POINT('',(105.937771402987,121.894906144645,45.8371875510283));
#3077=CARTESIAN_POINT('',(105.978980400865,121.867533515545,45.7969883501386));
#3078=CARTESIAN_POINT('',(106.052424988915,121.816352668843,45.7034141289709));
#3079=CARTESIAN_POINT('',(106.106137551486,121.77641225211,45.5897769195025));
#3080=CARTESIAN_POINT('',(106.150654553692,121.74452342635,45.4704729580043));
#3081=CARTESIAN_POINT('',(106.186136069812,121.720220993083,45.3457166456557));
#3082=CARTESIAN_POINT('',(106.200815032206,121.714208521463,45.2149816967794));
#3083=CARTESIAN_POINT('',(106.202861358662,121.716474935906,45.15));
#3084=CARTESIAN_POINT('',(105.922399898098,121.807870704272,45.8960704842951));
#3085=CARTESIAN_POINT('',(105.959787092981,121.78824461343,45.847489761929));
#3086=CARTESIAN_POINT('',(106.025043796959,121.747666574898,45.740549623558));
#3087=CARTESIAN_POINT('',(106.071555275248,121.713326048453,45.6175914312257));
#3088=CARTESIAN_POINT('',(106.110423824953,121.687152101857,45.4894419161215));
#3089=CARTESIAN_POINT('',(106.141317848787,121.667459432068,45.3565298806043));
#3090=CARTESIAN_POINT('',(106.154719687847,121.663155497218,45.2187709748719));
#3091=CARTESIAN_POINT('',(106.157180873264,121.665881389833,45.15));
#3092=CARTESIAN_POINT('',(105.932224110684,121.770065464928,45.9379033303786));
#3093=CARTESIAN_POINT('',(105.964181751518,121.752094138739,45.8835523362858));
#3094=CARTESIAN_POINT('',(106.019572550483,121.714603913124,45.7667597191796));
#3095=CARTESIAN_POINT('',(106.060047358432,121.683471896367,45.6372013102666));
#3096=CARTESIAN_POINT('',(106.09413065807,121.660245661708,45.5029677384674));
#3097=CARTESIAN_POINT('',(106.120839106272,121.642485000022,45.3644878061408));
#3098=CARTESIAN_POINT('',(106.132423267609,121.638461036231,45.2215623298569));
#3099=CARTESIAN_POINT('',(106.134340630564,121.640584616797,45.15));
#3100=CARTESIAN_POINT('',(105.956712598444,121.748923404522,45.9800102177887));
#3101=CARTESIAN_POINT('',(105.980683647645,121.728228073101,45.9210941500384));
#3102=CARTESIAN_POINT('',(106.022047932892,121.688563578211,45.7956870072954));
#3103=CARTESIAN_POINT('',(106.053448626102,121.658818708525,45.658803773132));
#3104=CARTESIAN_POINT('',(106.081463540427,121.637267296091,45.5180194547908));
#3105=CARTESIAN_POINT('',(106.103485692506,121.620889716573,45.3733340522717));
#3106=CARTESIAN_POINT('',(106.111500387645,121.615287843516,45.2245204044616));
#3107=CARTESIAN_POINT('',(106.111500387865,121.615287843761,45.15));
#3108=CARTESIAN_POINT('',(105.956712598444,121.748923404522,45.9800102177887));
#3109=CARTESIAN_POINT('',(106.052596795246,121.666142078839,45.7443459467876));
#3110=CARTESIAN_POINT('',(106.111500386983,121.615287842783,45.4480816178465));
#3111=CARTESIAN_POINT('',(106.111500387865,121.615287843761,45.15));
#3112=CARTESIAN_POINT('',(103.263547305395,120.810136201628,45.15));
#3113=CARTESIAN_POINT('',(103.263547305395,120.810136201628,45.1631468284785));
#3114=CARTESIAN_POINT('',(103.26545886948,120.812452431772,45.1889257204054));
#3115=CARTESIAN_POINT('',(103.273102073259,120.821713653581,45.2257647547707));
#3116=CARTESIAN_POINT('',(103.284562300088,120.835599938144,45.2604894771764));
#3117=CARTESIAN_POINT('',(103.294107910272,120.847166293795,45.2820397451839));
#3118=CARTESIAN_POINT('',(103.299197274339,120.853333044133,45.2923674910495));
#3119=CARTESIAN_POINT('',(103.257300655075,120.802567174836,45.15));
#3120=CARTESIAN_POINT('',(103.257277246296,120.802538810566,45.1643261299162));
#3121=CARTESIAN_POINT('',(103.258819353758,120.80440737245,45.1925083154083));
#3122=CARTESIAN_POINT('',(103.265102392184,120.812020490481,45.2330894066017));
#3123=CARTESIAN_POINT('',(103.274558410016,120.823478287644,45.2716963467261));
#3124=CARTESIAN_POINT('',(103.28244647629,120.833036207793,45.2959302300805));
#3125=CARTESIAN_POINT('',(103.286653706718,120.838134082366,45.3076241585715));
#3126=CARTESIAN_POINT('',(103.251054004756,120.794998148044,45.15));
#3127=CARTESIAN_POINT('',(103.251007525189,120.794941829047,45.1655050202558));
#3128=CARTESIAN_POINT('',(103.252377720771,120.796270877682,45.1960479932333));
#3129=CARTESIAN_POINT('',(103.25808525798,120.801747453471,45.2402761192224));
#3130=CARTESIAN_POINT('',(103.266707818723,120.809864975046,45.2827327808586));
#3131=CARTESIAN_POINT('',(103.273908061369,120.816475915253,45.3097328251306));
#3132=CARTESIAN_POINT('',(103.277748279846,120.819940857304,45.3228758929159));
#3133=CARTESIAN_POINT('',(103.244807354436,120.787429121253,45.15));
#3134=CARTESIAN_POINT('',(103.244809660074,120.787431914981,45.1665965125749));
#3135=CARTESIAN_POINT('',(103.246234534835,120.788187566001,45.1994088447639));
#3136=CARTESIAN_POINT('',(103.252085994659,120.791058829369,45.247209388963));
#3137=CARTESIAN_POINT('',(103.261104959402,120.79515547572,45.2933161038747));
#3138=CARTESIAN_POINT('',(103.268864843999,120.798361892706,45.3227407774892));
#3139=CARTESIAN_POINT('',(103.273090489529,120.799998530411,45.3370788510143));
#3140=CARTESIAN_POINT('',(103.244807354436,120.787429121253,45.15));
#3141=CARTESIAN_POINT('',(103.244816576991,120.787440296165,45.2163860502994));
#3142=CARTESIAN_POINT('',(103.25618790741,120.793451979591,45.2797265569138));
#3143=CARTESIAN_POINT('',(103.273090489529,120.799998530411,45.3370788510143));
#3144=CARTESIAN_POINT('',(105.956712598444,121.748923404522,45.9800102177887));
#3145=CARTESIAN_POINT('',(105.980683647645,121.728228073101,45.9210941500384));
#3146=CARTESIAN_POINT('',(106.022047932892,121.688563578211,45.7956870072954));
#3147=CARTESIAN_POINT('',(106.053448626102,121.658818708525,45.658803773132));
#3148=CARTESIAN_POINT('',(106.081463540427,121.637267296091,45.5180194547908));
#3149=CARTESIAN_POINT('',(106.103485692506,121.620889716573,45.3733340522717));
#3150=CARTESIAN_POINT('',(106.111500387645,121.615287843516,45.2245204044616));
#3151=CARTESIAN_POINT('',(106.111500387865,121.615287843761,45.15));
#3152=CARTESIAN_POINT('',(105.996906030269,121.714222529079,45.9800102177887));
#3153=CARTESIAN_POINT('',(106.010139858283,121.691688972031,45.9193855749719));
#3154=CARTESIAN_POINT('',(106.033273357273,121.652369898365,45.7916789457076));
#3155=CARTESIAN_POINT('',(106.052503885048,121.627157966521,45.6544274063478));
#3156=CARTESIAN_POINT('',(106.071165598646,121.610305136068,45.5140883005237));
#3157=CARTESIAN_POINT('',(106.086505249771,121.598069093914,45.3705876305486));
#3158=CARTESIAN_POINT('',(106.090587094631,121.592125268855,45.2236282567429));
#3159=CARTESIAN_POINT('',(106.088660145166,121.589991070724,45.15));
#3160=CARTESIAN_POINT('',(106.022332975524,121.66294671859,45.9800102177887));
#3161=CARTESIAN_POINT('',(106.026887206978,121.644251558886,45.9176769999055));
#3162=CARTESIAN_POINT('',(106.036221139605,121.613278164364,45.7878157217152));
#3163=CARTESIAN_POINT('',(106.047376531022,121.594817842421,45.6503222153331));
#3164=CARTESIAN_POINT('',(106.058259229602,121.582359858883,45.5103913231828));
#3165=CARTESIAN_POINT('',(106.066767732888,121.572916806743,45.3679490475779));
#3166=CARTESIAN_POINT('',(106.068299038235,121.567440071263,45.2227361090241));
#3167=CARTESIAN_POINT('',(106.065819902467,121.564694297688,45.15));
#3168=CARTESIAN_POINT('',(106.028923511294,121.556950418128,45.9800102177887));
#3169=CARTESIAN_POINT('',(106.025951798057,121.550193765975,45.9142598497725));
#3170=CARTESIAN_POINT('',(106.022562672028,121.538278056341,45.7801616925284));
#3171=CARTESIAN_POINT('',(106.023341687549,121.530422280833,45.6422474211882));
#3172=CARTESIAN_POINT('',(106.023944955229,121.524895193625,45.503114456964));
#3173=CARTESIAN_POINT('',(106.023647596759,121.520580544255,45.3627258010126));
#3174=CARTESIAN_POINT('',(106.022207264352,121.516391001508,45.2209518135866));
#3175=CARTESIAN_POINT('',(106.020139417068,121.514100751615,45.15));
#3176=CARTESIAN_POINT('',(106.010044209083,121.502919776504,45.9800102177887));
#3177=CARTESIAN_POINT('',(106.009018420046,121.501783661061,45.9125512747061));
#3178=CARTESIAN_POINT('',(106.006951687917,121.49949464626,45.7763708873338));
#3179=CARTESIAN_POINT('',(106.004850155869,121.497167088714,45.6382778180582));
#3180=CARTESIAN_POINT('',(106.002728977957,121.494817772338,45.4995345680862));
#3181=CARTESIAN_POINT('',(106.000588154181,121.492446697131,45.3601411374179));
#3182=CARTESIAN_POINT('',(105.998403546865,121.490027129345,45.2200596658678));
#3183=CARTESIAN_POINT('',(105.997299174369,121.488803978579,45.15));
#3184=CARTESIAN_POINT('',(105.97445893167,121.463507205543,45.9800102177887));
#3185=CARTESIAN_POINT('',(105.97445893167,121.463507205543,45.9108426996396));
#3186=CARTESIAN_POINT('',(105.97445893167,121.463507205543,45.7725076633415));
#3187=CARTESIAN_POINT('',(105.97445893167,121.463507205543,45.6341726270434));
#3188=CARTESIAN_POINT('',(105.97445893167,121.463507205543,45.4958375907453));
#3189=CARTESIAN_POINT('',(105.97445893167,121.463507205543,45.3575025544472));
#3190=CARTESIAN_POINT('',(105.97445893167,121.463507205543,45.2191675181491));
#3191=CARTESIAN_POINT('',(105.97445893167,121.463507205543,45.15));
#3192=CARTESIAN_POINT('',(105.97445893167,121.463507205543,45.9800102177887));
#3193=CARTESIAN_POINT('',(106.045629486497,121.542332347465,45.9800102177887));
#3194=CARTESIAN_POINT('',(106.037099462093,121.679521653636,45.9800102177887));
#3195=CARTESIAN_POINT('',(105.956712598444,121.748923404522,45.9800102177887));
#3196=CARTESIAN_POINT('',(103.244807354436,120.787429121253,45.15));
#3197=CARTESIAN_POINT('',(103.244808507255,120.787430518117,45.1582982562874));
#3198=CARTESIAN_POINT('',(103.245165878765,120.787620827736,45.1747995956221));
#3199=CARTESIAN_POINT('',(103.246698803295,120.788404789356,45.1992316005033));
#3200=CARTESIAN_POINT('',(103.249160264747,120.789623197685,45.2233091168634));
#3201=CARTESIAN_POINT('',(103.252481932774,120.791212002242,45.246997660302));
#3202=CARTESIAN_POINT('',(103.256595477031,120.793107152545,45.2702627464188));
#3203=CARTESIAN_POINT('',(103.261432567171,120.795244598111,45.2930698908134));
#3204=CARTESIAN_POINT('',(103.26692487285,120.797560288459,45.3153846090856));
#3205=CARTESIAN_POINT('',(103.270977666764,120.799180211558,45.3299098142518));
#3206=CARTESIAN_POINT('',(103.273090489529,120.799998530411,45.3370788510143));
#3207=CARTESIAN_POINT('',(103.238560704116,120.779860094461,45.15));
#3208=CARTESIAN_POINT('',(103.238576114113,120.779878766658,45.1580956802498));
#3209=CARTESIAN_POINT('',(103.238925991372,120.779962784247,45.1742284261986));
#3210=CARTESIAN_POINT('',(103.240359413626,120.780197811384,45.1982164535267));
#3211=CARTESIAN_POINT('',(103.242652876824,120.780510820447,45.2219581413173));
#3212=CARTESIAN_POINT('',(103.245757815542,120.780870792605,45.245418241628));
#3213=CARTESIAN_POINT('',(103.249625664356,120.781246709027,45.2685615065163));
#3214=CARTESIAN_POINT('',(103.254207857843,120.781607550884,45.2913526880397));
#3215=CARTESIAN_POINT('',(103.259455830578,120.781922299345,45.3137565382558));
#3216=CARTESIAN_POINT('',(103.263365954952,120.782080723501,45.3284107189));
#3217=CARTESIAN_POINT('',(103.265415791872,120.782141913737,45.3356615046901));
#3218=CARTESIAN_POINT('',(103.232314053796,120.77229106767,45.15));
#3219=CARTESIAN_POINT('',(103.232321813792,120.772300470408,45.1579198298841));
#3220=CARTESIAN_POINT('',(103.232600954026,120.77225743023,45.1737326445057));
#3221=CARTESIAN_POINT('',(103.233779441085,120.771992904423,45.1973407074597));
#3222=CARTESIAN_POINT('',(103.235686620833,120.771513984494,45.2208069878961));
#3223=CARTESIAN_POINT('',(103.23829140925,120.770806241861,45.2441008622761));
#3224=CARTESIAN_POINT('',(103.241562722316,120.769855247943,45.2671917070603));
#3225=CARTESIAN_POINT('',(103.245469476013,120.768646574157,45.2900488987099));
#3226=CARTESIAN_POINT('',(103.249980586321,120.767165791922,45.3126418136857));
#3227=CARTESIAN_POINT('',(103.25337017492,120.765987579077,45.3275071568609));
#3228=CARTESIAN_POINT('',(103.255155333981,120.76534831172,45.3348855744899));
#3229=CARTESIAN_POINT('',(103.226067403476,120.764722040878,45.15));
#3230=CARTESIAN_POINT('',(103.226067403476,120.764722040878,45.1577720689952));
#3231=CARTESIAN_POINT('',(103.226242728359,120.764570674681,45.173316104554));
#3232=CARTESIAN_POINT('',(103.227029854519,120.763891111738,45.1966115064874));
#3233=CARTESIAN_POINT('',(103.228339283701,120.76276062009,45.219865912906));
#3234=CARTESIAN_POINT('',(103.230169180093,120.761180784683,45.2430589797001));
#3235=CARTESIAN_POINT('',(103.23251770788,120.759153190458,45.2661703627596));
#3236=CARTESIAN_POINT('',(103.235383031251,120.756679422361,45.2891797179748));
#3237=CARTESIAN_POINT('',(103.23876331439,120.753761065334,45.3120667012356));
#3238=CARTESIAN_POINT('',(103.241358919121,120.751520157992,45.3272295460334));
#3239=CARTESIAN_POINT('',(103.242741936177,120.750326134481,45.3347837917366));
#3240=CARTESIAN_POINT('',(103.273090489529,120.799998530411,45.3370788510144));
#3241=CARTESIAN_POINT('',(103.265415791872,120.782141913737,45.3356615046901));
#3242=CARTESIAN_POINT('',(103.255155333981,120.76534831172,45.3348855744899));
#3243=CARTESIAN_POINT('',(103.242741936177,120.750326134481,45.3347837917366));
#3244=CARTESIAN_POINT('',(105.826013724449,121.597537129265,45.15));
#3245=CARTESIAN_POINT('',(105.826013724449,121.597537129265,46.3109944895474));
#3246=CARTESIAN_POINT('',(103.818121280614,120.2477039397,45.15));
#3247=CARTESIAN_POINT('',(104.399308030145,119.75180836313,45.3347837917373));
#3248=CARTESIAN_POINT('',(104.412358488593,119.766280536026,45.3348855744906));
#3249=CARTESIAN_POINT('',(104.427475511837,119.778881237318,45.3356615046907));
#3250=CARTESIAN_POINT('',(104.444021413438,119.789078927418,45.337078851015));
#3251=CARTESIAN_POINT('',(105.826013724449,121.597537129265,46.3109944895474));
#3252=CARTESIAN_POINT('',(105.826013724449,121.597537129265,46.3109944895474));
#3253=CARTESIAN_POINT('',(104.444021413438,119.789078927418,45.337078851015));
#3254=CARTESIAN_POINT('',(104.443522607851,119.786872686077,45.3299168119368));
#3255=CARTESIAN_POINT('',(104.44251485881,119.782631745184,45.3153967304258));
#3256=CARTESIAN_POINT('',(104.441027148322,119.776863093969,45.293071095075));
#3257=CARTESIAN_POINT('',(104.43961767757,119.771765337627,45.2702424436192));
#3258=CARTESIAN_POINT('',(104.438340773221,119.767416610908,45.2469532730377));
#3259=CARTESIAN_POINT('',(104.437250761941,119.763895048562,45.2232460803095));
#3260=CARTESIAN_POINT('',(104.436401970395,119.761278785338,45.1991633624141));
#3261=CARTESIAN_POINT('',(104.43584872525,119.759645955987,45.1747476163306));
#3262=CARTESIAN_POINT('',(104.435713143864,119.759265115502,45.1582767648024));
#3263=CARTESIAN_POINT('',(104.435712719793,119.759264645821,45.15));
#3264=CARTESIAN_POINT('',(104.427475511837,119.778881237318,45.3356615046908));
#3265=CARTESIAN_POINT('',(104.427715492404,119.776847005161,45.3284152880658));
#3266=CARTESIAN_POINT('',(104.428131277985,119.772959358009,45.3137643792549));
#3267=CARTESIAN_POINT('',(104.428586591522,119.767723805209,45.2913531520299));
#3268=CARTESIAN_POINT('',(104.428897702038,119.76313763678,45.2685476234696));
#3269=CARTESIAN_POINT('',(104.429088771349,119.759254319162,45.2453883562478));
#3270=CARTESIAN_POINT('',(104.429183961268,119.756127318796,45.2219159130378));
#3271=CARTESIAN_POINT('',(104.429207433612,119.753810102123,45.1981708565134));
#3272=CARTESIAN_POINT('',(104.429183350195,119.752356135585,45.1741937493481));
#3273=CARTESIAN_POINT('',(104.42915169862,119.751997968943,45.1580813525931));
#3274=CARTESIAN_POINT('',(104.429136000811,119.751980582791,45.15));
#3275=CARTESIAN_POINT('',(104.412358488593,119.766280536026,45.3348855744906));
#3276=CARTESIAN_POINT('',(104.413251887681,119.764609135638,45.3275093899702));
#3277=CARTESIAN_POINT('',(104.414912737804,119.76142972385,45.3126456055008));
#3278=CARTESIAN_POINT('',(104.417036132439,119.757184104187,45.2900489489381));
#3279=CARTESIAN_POINT('',(104.418801610139,119.753495313601,45.2671845789444));
#3280=CARTESIAN_POINT('',(104.420219134516,119.750396683151,45.2440857619473));
#3281=CARTESIAN_POINT('',(104.421298669181,119.747921543893,45.2207857643745));
#3282=CARTESIAN_POINT('',(104.422050177749,119.746103226887,45.1973178526535));
#3283=CARTESIAN_POINT('',(104.42248362383,119.744975063189,45.173715293212));
#3284=CARTESIAN_POINT('',(104.422567188636,119.744705276969,45.1579126660557));
#3285=CARTESIAN_POINT('',(104.422559281828,119.744696519762,45.15));
#3286=CARTESIAN_POINT('',(104.399308030145,119.75180836313,45.3347837917373));
#3287=CARTESIAN_POINT('',(104.400691047201,119.750614339619,45.327229546034));
#3288=CARTESIAN_POINT('',(104.403286651931,119.748373432277,45.3120667012362));
#3289=CARTESIAN_POINT('',(104.406666935071,119.745455075251,45.2891797179753));
#3290=CARTESIAN_POINT('',(104.409532258441,119.742981307153,45.26617036276));
#3291=CARTESIAN_POINT('',(104.411880786229,119.740953712929,45.2430589797004));
#3292=CARTESIAN_POINT('',(104.41371068262,119.739373877521,45.2198659129063));
#3293=CARTESIAN_POINT('',(104.415020111803,119.738243385874,45.1966115064875));
#3294=CARTESIAN_POINT('',(104.415807237963,119.73756382293,45.1733161045541));
#3295=CARTESIAN_POINT('',(104.415982562846,119.737412456733,45.1577720689953));
#3296=CARTESIAN_POINT('',(104.415982562846,119.737412456733,45.15));
#3297=CARTESIAN_POINT('',(104.444021413438,119.789078927418,45.337078851015));
#3298=CARTESIAN_POINT('',(104.440030968738,119.771428996684,45.279782538389));
#3299=CARTESIAN_POINT('',(104.43571611236,119.759268403268,45.2162141184191));
#3300=CARTESIAN_POINT('',(104.435712719793,119.759264645821,45.15));
#3301=CARTESIAN_POINT('',(105.854887473099,121.490865129746,46.4776899938588));
#3302=CARTESIAN_POINT('',(105.947084831236,121.433188946019,46.4248120399852));
#3303=CARTESIAN_POINT('',(105.97445893167,121.463507205543,46.3109944895474));
#3304=CARTESIAN_POINT('',(105.603155315574,121.20100582684,46.3358060211976));
#3305=CARTESIAN_POINT('',(105.693715716328,121.152569292438,46.2831322320513));
#3306=CARTESIAN_POINT('',(105.717118844358,121.178489490642,46.1731801177935));
#3307=CARTESIAN_POINT('',(105.226023566624,120.761986217038,46.1220288098917));
#3308=CARTESIAN_POINT('',(105.312626064097,120.730492409703,46.070477819268));
#3309=CARTESIAN_POINT('',(105.329166536707,120.748811855217,45.9657990029376));
#3310=CARTESIAN_POINT('',(104.755509157957,120.193425936783,45.7598922572555));
#3311=CARTESIAN_POINT('',(104.81842651843,120.183140356318,45.7115974837979));
#3312=CARTESIAN_POINT('',(104.834581409142,120.201032749542,45.6374822471167));
#3313=CARTESIAN_POINT('',(104.520072654823,119.890755290762,45.5490723495432));
#3314=CARTESIAN_POINT('',(104.558433334812,119.895184197367,45.5078174217677));
#3315=CARTESIAN_POINT('',(104.577879544605,119.916721900015,45.456010243654));
#3316=CARTESIAN_POINT('',(104.444021413438,119.789078927418,45.337078851015));
#3317=CARTESIAN_POINT('',(104.472933053217,119.800488127522,45.315522787123));
#3318=CARTESIAN_POINT('',(104.492976565273,119.822687373914,45.29236749105));
#3319=CARTESIAN_POINT('',(104.492976565273,119.822687373914,45.29236749105));
#3320=CARTESIAN_POINT('',(104.479770204255,119.808060632784,45.3076241585721));
#3321=CARTESIAN_POINT('',(104.463070847064,119.796596273434,45.3228758929165));
#3322=CARTESIAN_POINT('',(104.444021413438,119.789078927418,45.337078851015));
#3323=CARTESIAN_POINT('',(104.435712719793,119.759264645821,45.15));
#3324=CARTESIAN_POINT('',(104.435713567935,119.759265585182,45.1665535296048));
#3325=CARTESIAN_POINT('',(104.436254197195,119.760787068402,45.1993298765081));
#3326=CARTESIAN_POINT('',(104.438247326686,119.767003028722,45.2471622841109));
#3327=CARTESIAN_POINT('',(104.440988028453,119.776527646532,45.2933226031275));
#3328=CARTESIAN_POINT('',(104.443023802263,119.784666444735,45.3227547728585));
#3329=CARTESIAN_POINT('',(104.444021413438,119.789078927418,45.337078851015));
#3330=CARTESIAN_POINT('',(104.442289438776,119.76654870885,45.15));
#3331=CARTESIAN_POINT('',(104.442239450378,119.766493344064,45.1654622979002));
#3332=CARTESIAN_POINT('',(104.443356940915,119.768045809607,45.1959708455261));
#3333=CARTESIAN_POINT('',(104.447950771196,119.774501148824,45.2402336606571));
#3334=CARTESIAN_POINT('',(104.454727388426,119.784220184495,45.2827446076963));
#3335=CARTESIAN_POINT('',(104.460210452862,119.792300042948,45.3097494191386));
#3336=CARTESIAN_POINT('',(104.463070847064,119.796596273434,45.3228758929165));
#3337=CARTESIAN_POINT('',(104.448866157758,119.773832771879,45.15));
#3338=CARTESIAN_POINT('',(104.448840985633,119.773804892424,45.1642836681752));
#3339=CARTESIAN_POINT('',(104.450468722901,119.77560769727,45.1924329297585));
#3340=CARTESIAN_POINT('',(104.457094462939,119.782946053703,45.2330514042271));
#3341=CARTESIAN_POINT('',(104.467054226701,119.793977017195,45.2717132671845));
#3342=CARTESIAN_POINT('',(104.475350011415,119.80316503616,45.2959493057452));
#3343=CARTESIAN_POINT('',(104.479770204255,119.808060632784,45.3076241585721));
#3344=CARTESIAN_POINT('',(104.45544287674,119.781116834908,45.15));
#3345=CARTESIAN_POINT('',(104.45544287674,119.781116834908,45.1631046273521));
#3346=CARTESIAN_POINT('',(104.457461053944,119.78335207257,45.1888521260586));
#3347=CARTESIAN_POINT('',(104.465520735953,119.792278595339,45.2257313036349));
#3348=CARTESIAN_POINT('',(104.477590718756,119.805646737681,45.2605116082375));
#3349=CARTESIAN_POINT('',(104.487629497548,119.816765214485,45.2820613609963));
#3350=CARTESIAN_POINT('',(104.492976565273,119.822687373914,45.29236749105));
#3351=CARTESIAN_POINT('',(-152.624488840835,27.0296503678047,45.15));
#3352=CARTESIAN_POINT('',(-152.817048410028,27.0637563301279,45.15));
#3353=CARTESIAN_POINT('',(-152.939889477872,26.3702053644918,45.15));
#3354=CARTESIAN_POINT('',(-156.631013138674,26.9397070560963,45.15));
#3355=CARTESIAN_POINT('',(-156.621314096825,26.9382105956016,45.15));
#3356=CARTESIAN_POINT('',(-156.611615054977,26.9367141351069,45.15));
#3357=CARTESIAN_POINT('',(-156.601916013129,26.9352176746121,45.15));
#3358=CARTESIAN_POINT('',(-156.587367450356,26.93297298387,45.15));
#3359=CARTESIAN_POINT('',(-156.631013138674,26.9397070560963,45.15));
#3360=CARTESIAN_POINT('',(-152.746571998405,26.3403785037062,45.15));
#3361=CARTESIAN_POINT('',(-158.871187962062,27.2853425505009,45.15));
#3362=CARTESIAN_POINT('',(-159.073290381542,27.3165248354493,45.15));
#3363=CARTESIAN_POINT('',(-159.005922908382,27.3061307404665,45.15));
#3364=CARTESIAN_POINT('',(-158.938555435222,27.2957366454837,45.15));
#3365=CARTESIAN_POINT('',(-158.871187962062,27.2853425505009,45.15));
#3366=CARTESIAN_POINT('',(-159.073290381542,27.3165248354493,45.15));
#3367=CARTESIAN_POINT('',(-159.275392801021,27.3477071203976,45.15));
#3368=CARTESIAN_POINT('',(-159.208025327861,27.3373130254149,45.15));
#3369=CARTESIAN_POINT('',(-159.140657854701,27.3269189304321,45.15));
#3370=CARTESIAN_POINT('',(-159.073290381542,27.3165248354493,45.15));
#3371=CARTESIAN_POINT('',(-159.275392801021,27.3477071203976,45.15));
#3372=CARTESIAN_POINT('',(-159.217689305001,27.6734965008317,45.8214561651995));
#3373=CARTESIAN_POINT('',(-159.253432159247,27.4716951691439,45.6639912380194));
#3374=CARTESIAN_POINT('',(-159.275392801021,27.3477071203976,45.4084502512912));
#3375=CARTESIAN_POINT('',(-159.275392801021,27.3477071203976,45.15));
#3376=CARTESIAN_POINT('',(-159.217689305001,27.6734965008317,45.8214561651995));
#3377=CARTESIAN_POINT('',(-159.127713094313,28.1814950790178,45.15));
#3378=CARTESIAN_POINT('',(-159.037736883624,28.6894936572039,45.8214561651995));
#3379=CARTESIAN_POINT('',(-158.980033387605,29.015283037638,45.15));
#3380=CARTESIAN_POINT('',(-158.980033387605,29.015283037638,45.4084502512912));
#3381=CARTESIAN_POINT('',(-159.001994029378,28.8912949888918,45.6639912380194));
#3382=CARTESIAN_POINT('',(-159.037736883624,28.6894936572039,45.8214561651995));
#3383=CARTESIAN_POINT('',(-158.980033387605,29.015283037638,45.15));
#3384=CARTESIAN_POINT('',(-158.779515672215,28.9751536385814,45.15));
#3385=CARTESIAN_POINT('',(-158.846354910678,28.9885301049336,45.15));
#3386=CARTESIAN_POINT('',(-158.913194149141,29.0019065712858,45.15));
#3387=CARTESIAN_POINT('',(-158.980033387605,29.015283037638,45.15));
#3388=CARTESIAN_POINT('',(-158.779515672215,28.9751536385814,45.15));
#3389=CARTESIAN_POINT('',(-158.578997956824,28.9350242395249,45.15));
#3390=CARTESIAN_POINT('',(-158.645837195288,28.9484007058771,45.15));
#3391=CARTESIAN_POINT('',(-158.712676433751,28.9617771722293,45.15));
#3392=CARTESIAN_POINT('',(-158.779515672215,28.9751536385814,45.15));
#3393=CARTESIAN_POINT('',(-158.578997956824,28.9350242395249,45.15));
#3394=CARTESIAN_POINT('',(-152.502405683265,27.7189222319031,45.15));
#3395=CARTESIAN_POINT('',(-156.356388555027,28.4902157623384,45.15));
#3396=CARTESIAN_POINT('',(-156.327519582781,28.4844382453477,45.15));
#3397=CARTESIAN_POINT('',(-156.33714257353,28.4863640843446,45.15));
#3398=CARTESIAN_POINT('',(-156.346765564278,28.4882899233415,45.15));
#3399=CARTESIAN_POINT('',(-156.356388555027,28.4902157623384,45.15));
#3400=CARTESIAN_POINT('',(-156.327519582781,28.4844382453477,45.15));
#3401=CARTESIAN_POINT('',(-156.298650610535,28.478660728357,45.15));
#3402=CARTESIAN_POINT('',(-156.308273601284,28.4805865673539,45.15));
#3403=CARTESIAN_POINT('',(-156.317896592033,28.4825124063508,45.15));
#3404=CARTESIAN_POINT('',(-156.327519582781,28.4844382453477,45.15));
#3405=CARTESIAN_POINT('',(-156.298650610535,28.478660728357,45.15));
#3406=CARTESIAN_POINT('',(-156.302492588566,28.4569692238773,45.3347837917366));
#3407=CARTESIAN_POINT('',(-156.299943301583,28.4713622968114,45.274349826111));
#3408=CARTESIAN_POINT('',(-156.298650610535,28.478660728357,45.2121765519617));
#3409=CARTESIAN_POINT('',(-156.298650610535,28.478660728357,45.15));
#3410=CARTESIAN_POINT('',(-156.302492588566,28.4569692238773,45.3347837917366));
#3411=CARTESIAN_POINT('',(-156.435734749059,27.7046945107424,45.15));
#3412=CARTESIAN_POINT('',(-156.568976909552,26.9524197976078,45.3347837917372));
#3413=CARTESIAN_POINT('',(-156.572818887584,26.9307282931279,45.15));
#3414=CARTESIAN_POINT('',(-156.572818887584,26.9307282931279,45.2121765519619));
#3415=CARTESIAN_POINT('',(-156.571526196536,26.9380267246736,45.2743498261114));
#3416=CARTESIAN_POINT('',(-156.568976909552,26.9524197976078,45.3347837917372));
#3417=CARTESIAN_POINT('',(-152.624488840835,27.0296503678047,45.15));
#3418=CARTESIAN_POINT('',(-152.624488840835,27.0296503678047,45.15));
#3419=CARTESIAN_POINT('',(-152.712457615896,26.5329856126036,45.15));
#3420=CARTESIAN_POINT('',(-158.926403026878,28.1458392370153,45.15));
#3421=CARTESIAN_POINT('',(-158.926403026878,28.1458392370153,45.15));
#3422=CARTESIAN_POINT('',(-159.037625736714,27.5178846029383,46.3109944895474));
#3423=CARTESIAN_POINT('',(-158.815180317042,28.7737938710924,46.3109944895473));
#3424=CARTESIAN_POINT('',(-158.815180317042,28.7737938710924,46.1723832191485));
#3425=CARTESIAN_POINT('',(-158.815180317042,28.7737938710924,45.9800102177887));
#3426=CARTESIAN_POINT('',(-158.926403026878,28.1458392370154,45.15));
#3427=CARTESIAN_POINT('',(-159.037625736714,27.5178846029384,45.9800102177887));
#3428=CARTESIAN_POINT('',(-159.037625736714,27.5178846029383,45.15));
#3429=CARTESIAN_POINT('',(-156.464717797955,27.7098279599799,45.15));
#3430=CARTESIAN_POINT('',(-156.492285767456,27.7147107717408,45.15));
#3431=CARTESIAN_POINT('',(-156.627182827731,26.9530926251612,45.337078851015));
#3432=CARTESIAN_POINT('',(-156.357388707181,28.4763289183206,45.3370788510144));
#3433=CARTESIAN_POINT('',(-158.541349882627,28.8182834487495,46.4776899938587));
#3434=CARTESIAN_POINT('',(-158.154897034766,28.7486692642094,46.3325677921478));
#3435=CARTESIAN_POINT('',(-157.573322846771,28.6472141404703,46.1105777975912));
#3436=CARTESIAN_POINT('',(-156.836058869042,28.5331148238051,45.7514367502506));
#3437=CARTESIAN_POINT('',(-156.466409686423,28.487852263853,45.5201173318485));
#3438=CARTESIAN_POINT('',(-156.357388707181,28.4763289183206,45.3370788510144));
#3439=CARTESIAN_POINT('',(-158.541349882627,28.8182834487495,46.4776899938588));
#3440=CARTESIAN_POINT('',(-158.668541941047,28.1001671340145,45.15));
#3441=CARTESIAN_POINT('',(-158.795733999466,27.3820508192796,46.4776899938588));
#3442=CARTESIAN_POINT('',(-156.627182827731,26.9530926251612,45.337078851015));
#3443=CARTESIAN_POINT('',(-156.73293768152,26.9795668350319,45.5190987506092));
#3444=CARTESIAN_POINT('',(-157.092547986536,27.063362840366,45.7494396341159));
#3445=CARTESIAN_POINT('',(-157.825460473676,27.2098239267922,46.1097092137931));
#3446=CARTESIAN_POINT('',(-158.408367435886,27.3146084144013,46.3323752632418));
#3447=CARTESIAN_POINT('',(-158.795733999466,27.3820508192796,46.4776899938588));
#3448=CARTESIAN_POINT('',(-158.729468208564,28.1109583348525,45.15));
#3449=CARTESIAN_POINT('',(-158.618245498728,28.7389129689295,46.3109944895473));
#3450=CARTESIAN_POINT('',(-158.8406909184,27.4830037007755,46.3109944895474));
#3451=CARTESIAN_POINT('',(-152.502405683265,27.7189222319031,39.25));
#3452=CARTESIAN_POINT('',(-158.578997956824,28.9350242395249,45.9800102177887));
#3453=CARTESIAN_POINT('',(-158.578997956824,28.9350242395249,45.7033401451924));
#3454=CARTESIAN_POINT('',(-158.578997956824,28.9350242395249,45.4266700725962));
#3455=CARTESIAN_POINT('',(-158.578997956824,28.9350242395249,45.15));
#3456=CARTESIAN_POINT('',(-158.578997956824,28.9350242395249,45.9800102177887));
#3457=CARTESIAN_POINT('',(-158.578997956824,28.9350242395249,45.15));
#3458=CARTESIAN_POINT('',(-158.578997956824,28.9350242395249,46.3109944895473));
#3459=CARTESIAN_POINT('',(-156.411307480173,28.5012066289492,45.2923674910494));
#3460=CARTESIAN_POINT('',(-156.535535738842,28.5260682994331,45.4560112882435));
#3461=CARTESIAN_POINT('',(-156.911140770372,28.6012377385452,45.6374817722205));
#3462=CARTESIAN_POINT('',(-157.634812190999,28.7460653372823,45.9657992882383));
#3463=CARTESIAN_POINT('',(-158.202460464306,28.8596681879779,46.1731801159774));
#3464=CARTESIAN_POINT('',(-158.578997956824,28.9350242395249,46.3109944895474));
#3465=CARTESIAN_POINT('',(-156.411307480173,28.5012066289492,45.2923674910495));
#3466=CARTESIAN_POINT('',(-156.356388555027,28.4902157623384,45.15));
#3467=CARTESIAN_POINT('',(-156.356388555027,28.4902157623384,45.1966824759978));
#3468=CARTESIAN_POINT('',(-156.374694863409,28.493879384542,45.2441383063477));
#3469=CARTESIAN_POINT('',(-156.411307480173,28.5012066289492,45.2923674910495));
#3470=CARTESIAN_POINT('',(-152.746571998405,26.3403785037062,39.25));
#3471=CARTESIAN_POINT('',(-158.871187962062,27.2853425505009,46.3109944895474));
#3472=CARTESIAN_POINT('',(-158.49167467011,27.2267876274978,46.1731801159774));
#3473=CARTESIAN_POINT('',(-157.919540236874,27.138513281392,45.9657992882385));
#3474=CARTESIAN_POINT('',(-157.190149595592,27.0259759506973,45.6374817722206));
#3475=CARTESIAN_POINT('',(-156.811576133926,26.9675660336563,45.4560112882438));
#3476=CARTESIAN_POINT('',(-156.686366091532,26.9482474365293,45.2923674910499));
#3477=CARTESIAN_POINT('',(-156.686366091532,26.9482474365293,45.29236749105));
#3478=CARTESIAN_POINT('',(-158.871187962062,27.2853425505009,46.3109944895474));
#3479=CARTESIAN_POINT('',(-158.871187962062,27.2853425505009,39.25));
#3480=CARTESIAN_POINT('',(-158.871187962062,27.2853425505009,45.9800102177887));
#3481=CARTESIAN_POINT('',(-158.871187962062,27.2853425505009,45.15));
#3482=CARTESIAN_POINT('',(-158.871187962062,27.2853425505009,45.4266700725962));
#3483=CARTESIAN_POINT('',(-158.871187962062,27.2853425505009,45.7033401451924));
#3484=CARTESIAN_POINT('',(-158.871187962062,27.2853425505009,45.9800102177887));
#3485=CARTESIAN_POINT('',(-156.686366091532,26.9482474365293,45.29236749105));
#3486=CARTESIAN_POINT('',(-156.64946412296,26.942553849574,45.2441383063481));
#3487=CARTESIAN_POINT('',(-156.631013138674,26.9397070560963,45.1966824759981));
#3488=CARTESIAN_POINT('',(-156.631013138674,26.9397070560963,45.15));
#3489=CARTESIAN_POINT('',(-152.821423659149,27.0645312699675,45.15));
#3490=CARTESIAN_POINT('',(-158.578997956824,28.9350242395249,45.9800102177887));
#3491=CARTESIAN_POINT('',(-158.578997956824,28.9350242395249,45.9108426996396));
#3492=CARTESIAN_POINT('',(-158.578997956824,28.9350242395249,45.7725076633415));
#3493=CARTESIAN_POINT('',(-158.578997956824,28.9350242395249,45.6341726270434));
#3494=CARTESIAN_POINT('',(-158.578997956824,28.9350242395249,45.4958375907453));
#3495=CARTESIAN_POINT('',(-158.578997956824,28.9350242395249,45.3575025544472));
#3496=CARTESIAN_POINT('',(-158.578997956824,28.9350242395249,45.2191675181491));
#3497=CARTESIAN_POINT('',(-158.578997956824,28.9350242395249,45.15));
#3498=CARTESIAN_POINT('',(-158.63106598592,28.9454445593135,45.9800102177887));
#3499=CARTESIAN_POINT('',(-158.629565061455,28.9451441808823,45.9125512747061));
#3500=CARTESIAN_POINT('',(-158.626541039263,28.9445389865079,45.7763708873338));
#3501=CARTESIAN_POINT('',(-158.623466098171,28.9439236017878,45.6382778180582));
#3502=CARTESIAN_POINT('',(-158.620362411442,28.9433024642337,45.4995345680862));
#3503=CARTESIAN_POINT('',(-158.617229979077,28.9426755738457,45.3601411374179));
#3504=CARTESIAN_POINT('',(-158.614033483066,28.9420358624679,45.2200596658678));
#3505=CARTESIAN_POINT('',(-158.612417576056,28.941712472701,45.15));
#3506=CARTESIAN_POINT('',(-158.68715081769,28.9340327263533,45.9800102177887));
#3507=CARTESIAN_POINT('',(-158.679824873228,28.934934926786,45.9142598497725));
#3508=CARTESIAN_POINT('',(-158.667852242022,28.9381171293738,45.7801616925283));
#3509=CARTESIAN_POINT('',(-158.661500190442,28.9428045076117,45.6422474211882));
#3510=CARTESIAN_POINT('',(-158.657059298721,28.9461498186014,45.503114456964));
#3511=CARTESIAN_POINT('',(-158.653199618259,28.9481010971512,45.3627258010125));
#3512=CARTESIAN_POINT('',(-158.648862849163,28.9490062267984,45.2209518135866));
#3513=CARTESIAN_POINT('',(-158.645837195288,28.9484007058771,45.15));
#3514=CARTESIAN_POINT('',(-158.774862925507,28.874155877607,45.9800102177887));
#3515=CARTESIAN_POINT('',(-158.761127455032,28.8876312949051,45.9176769999055));
#3516=CARTESIAN_POINT('',(-158.73928591767,28.911493832744,45.7878157217152));
#3517=CARTESIAN_POINT('',(-158.729128517699,28.9305215354363,45.650322215333));
#3518=CARTESIAN_POINT('',(-158.723989472301,28.9462449159448,45.5103913231827));
#3519=CARTESIAN_POINT('',(-158.720226844843,28.9583861060224,45.3679490475779));
#3520=CARTESIAN_POINT('',(-158.716303880906,28.9625031294053,45.2227361090241));
#3521=CARTESIAN_POINT('',(-158.712676433751,28.9617771722293,45.15));
#3522=CARTESIAN_POINT('',(-158.805919350943,28.8260805541509,45.9800102177887));
#3523=CARTESIAN_POINT('',(-158.793324858663,28.8489775880498,45.9193855749719));
#3524=CARTESIAN_POINT('',(-158.771369872562,28.8889666729949,45.7916789457075));
#3525=CARTESIAN_POINT('',(-158.759540956977,28.9183865890701,45.6544274063477));
#3526=CARTESIAN_POINT('',(-158.754604113447,28.9430423191278,45.5140883005236));
#3527=CARTESIAN_POINT('',(-158.751935365901,28.9624820570574,45.3705876305486));
#3528=CARTESIAN_POINT('',(-158.748915546552,28.9690296676818,45.2236282567428));
#3529=CARTESIAN_POINT('',(-158.746096052983,28.9684654054053,45.15));
#3530=CARTESIAN_POINT('',(-158.815180317042,28.7737938710924,45.9800102177887));
#3531=CARTESIAN_POINT('',(-158.809657149103,28.804977240992,45.9210941500384));
#3532=CARTESIAN_POINT('',(-158.796729782089,28.8608087682055,45.7956870072953));
#3533=CARTESIAN_POINT('',(-158.787230333752,28.9030049918277,45.6588037731319));
#3534=CARTESIAN_POINT('',(-158.783039835226,28.9381011244445,45.5180194547907));
#3535=CARTESIAN_POINT('',(-158.780230128766,28.9654014146026,45.3733340522716));
#3536=CARTESIAN_POINT('',(-158.779515671892,28.9751536385168,45.2245204044616));
#3537=CARTESIAN_POINT('',(-158.779515672215,28.9751536385814,45.15));
#3538=CARTESIAN_POINT('',(-158.815180317042,28.7737938710924,45.9800102177887));
#3539=CARTESIAN_POINT('',(-158.793087645286,28.8985273506908,45.7443459467875));
#3540=CARTESIAN_POINT('',(-158.779515670923,28.975153638323,45.4480816178465));
#3541=CARTESIAN_POINT('',(-158.779515672215,28.9751536385814,45.15));
#3542=CARTESIAN_POINT('',(-158.815180317042,28.7737938710924,45.9800102177887));
#3543=CARTESIAN_POINT('',(-158.796658384843,28.8783672372095,45.9800102177887));
#3544=CARTESIAN_POINT('',(-158.683134015015,28.9558648791021,45.9800102177887));
#3545=CARTESIAN_POINT('',(-158.578997956824,28.9350242395249,45.9800102177887));
#3546=CARTESIAN_POINT('',(-158.618245498728,28.7389129689295,39.25));
#3547=CARTESIAN_POINT('',(-158.618245498728,28.7389129689295,46.3109944895473));
#3548=CARTESIAN_POINT('',(-158.980033387605,29.015283037638,45.15));
#3549=CARTESIAN_POINT('',(-158.980033387605,29.015283037638,45.2146125628228));
#3550=CARTESIAN_POINT('',(-158.982778467826,28.9997845315447,45.343474030398));
#3551=CARTESIAN_POINT('',(-158.99050255666,28.9561749361277,45.4656602571459));
#3552=CARTESIAN_POINT('',(-159.000460573884,28.8999527574801,45.5815349011369));
#3553=CARTESIAN_POINT('',(-159.012652519499,28.8311179956021,45.6910979623709));
#3554=CARTESIAN_POINT('',(-159.028801170062,28.7399439901259,45.7820899334044));
#3555=CARTESIAN_POINT('',(-159.037736883624,28.6894936572039,45.8214561651995));
#3556=CARTESIAN_POINT('',(-158.946613768373,29.0085948044619,45.15));
#3557=CARTESIAN_POINT('',(-158.945022336821,29.0082763129426,45.213983773672));
#3558=CARTESIAN_POINT('',(-158.944635768546,28.9919601075843,45.3422961620637));
#3559=CARTESIAN_POINT('',(-158.949276839676,28.947476436275,45.4647006836967));
#3560=CARTESIAN_POINT('',(-158.956149255382,28.8905045213342,45.5808524975233));
#3561=CARTESIAN_POINT('',(-158.965253015664,28.821044362762,45.6907516035436));
#3562=CARTESIAN_POINT('',(-158.978254514843,28.7297986956152,45.7815477450973));
#3563=CARTESIAN_POINT('',(-158.985588461595,28.6795272295703,45.820520687544));
#3564=CARTESIAN_POINT('',(-158.913194149141,29.0019065712858,45.15));
#3565=CARTESIAN_POINT('',(-158.910199984329,29.0013073522375,45.2149816967794));
#3566=CARTESIAN_POINT('',(-158.907858718841,28.985618495433,45.3457166456557));
#3567=CARTESIAN_POINT('',(-158.91059425965,28.9426992332611,45.4704729580042));
#3568=CARTESIAN_POINT('',(-158.915227460393,28.8881355627033,45.5897769195025));
#3569=CARTESIAN_POINT('',(-158.92207619489,28.8215519978958,45.7034141289709));
#3570=CARTESIAN_POINT('',(-158.928491590969,28.732263536849,45.7969883501386));
#3571=CARTESIAN_POINT('',(-158.930935944159,28.682852328936,45.8371875510283));
#3572=CARTESIAN_POINT('',(-158.846354910678,28.9885301049336,45.15));
#3573=CARTESIAN_POINT('',(-158.842753728301,28.9878094040998,45.2187709748718));
#3574=CARTESIAN_POINT('',(-158.839597517997,28.9740918430237,45.3565298806043));
#3575=CARTESIAN_POINT('',(-158.840718224517,28.9374723677545,45.4894419161215));
#3576=CARTESIAN_POINT('',(-158.843329607509,28.8906854003871,45.6175914312257));
#3577=CARTESIAN_POINT('',(-158.849049454046,28.8331539070574,45.740549623558));
#3578=CARTESIAN_POINT('',(-158.850541654678,28.7563243036324,45.847489761929));
#3579=CARTESIAN_POINT('',(-158.848284108749,28.7141592793905,45.8960704842951));
#3580=CARTESIAN_POINT('',(-158.812935291446,28.9818418717575,45.15));
#3581=CARTESIAN_POINT('',(-158.810129824765,28.9812804166672,45.2215623298569));
#3582=CARTESIAN_POINT('',(-158.807662716145,28.9692679875398,45.3644878061408));
#3583=CARTESIAN_POINT('',(-158.809264024826,28.9372333481731,45.5029677384673));
#3584=CARTESIAN_POINT('',(-158.811789926065,28.8960660175141,45.6372013102666));
#3585=CARTESIAN_POINT('',(-158.817840246372,28.8453628995618,45.7667597191795));
#3586=CARTESIAN_POINT('',(-158.821725162014,28.7785904122851,45.8835523362857));
#3587=CARTESIAN_POINT('',(-158.820822707967,28.7419373776312,45.9379033303786));
#3588=CARTESIAN_POINT('',(-158.779515672215,28.9751536385814,45.15));
#3589=CARTESIAN_POINT('',(-158.779515671892,28.9751536385168,45.2245204044616));
#3590=CARTESIAN_POINT('',(-158.780230128766,28.9654014146026,45.3733340522716));
#3591=CARTESIAN_POINT('',(-158.783039835226,28.9381011244445,45.5180194547907));
#3592=CARTESIAN_POINT('',(-158.787230333752,28.9030049918277,45.6588037731319));
#3593=CARTESIAN_POINT('',(-158.796729782089,28.8608087682055,45.7956870072953));
#3594=CARTESIAN_POINT('',(-158.809657149103,28.804977240992,45.9210941500384));
#3595=CARTESIAN_POINT('',(-158.815180317042,28.7737938710924,45.9800102177887));
#3596=CARTESIAN_POINT('',(-159.037736883624,28.6894936572039,45.8214561651995));
#3597=CARTESIAN_POINT('',(-158.933440039565,28.6695608019366,45.8195852098885));
#3598=CARTESIAN_POINT('',(-158.826465098892,28.71008088417,45.8957964429685));
#3599=CARTESIAN_POINT('',(-158.815180317042,28.7737938710924,45.9800102177887));
#3600=CARTESIAN_POINT('',(-158.618245498728,28.7389129689295,46.3109944895473));
#3601=CARTESIAN_POINT('',(-158.618245498728,28.7389129689295,46.3109944895473));
#3602=CARTESIAN_POINT('',(-159.123337845192,28.1807201391782,45.15));
#3603=CARTESIAN_POINT('',(-159.037625736714,27.5178846029384,45.9800102177887));
#3604=CARTESIAN_POINT('',(-159.026340954864,27.5815975898607,45.8957964429685));
#3605=CARTESIAN_POINT('',(-159.112891038876,27.6563946349486,45.8195852098885));
#3606=CARTESIAN_POINT('',(-159.217689305001,27.6734965008317,45.8214561651995));
#3607=CARTESIAN_POINT('',(-158.541349882627,28.8182834487495,46.4776899938587));
#3608=CARTESIAN_POINT('',(-158.538944441397,28.9270083716946,46.4248120399851));
#3609=CARTESIAN_POINT('',(-158.578997956824,28.9350242395249,46.3109944895473));
#3610=CARTESIAN_POINT('',(-158.16352026739,28.7502226195938,46.3358060211896));
#3611=CARTESIAN_POINT('',(-158.168217236036,28.8528151267964,46.2831322320398));
#3612=CARTESIAN_POINT('',(-158.202460463575,28.8596681878315,46.1731801177934));
#3613=CARTESIAN_POINT('',(-157.593379022041,28.6506960693344,46.1220288098922));
#3614=CARTESIAN_POINT('',(-157.610610592442,28.741221896868,46.0704778192692));
#3615=CARTESIAN_POINT('',(-157.634812449833,28.7460653890823,45.9657990029369));
#3616=CARTESIAN_POINT('',(-156.864160955941,28.5371812548152,45.7598922572568));
#3617=CARTESIAN_POINT('',(-156.887502661495,28.596507068728,45.7115974837983));
#3618=CARTESIAN_POINT('',(-156.911140339227,28.6012376522606,45.6374822471175));
#3619=CARTESIAN_POINT('',(-156.48365719913,28.4896759074273,45.5490723495388));
#3620=CARTESIAN_POINT('',(-156.50708318373,28.5203741195642,45.5078174217659));
#3621=CARTESIAN_POINT('',(-156.535536687287,28.5260684892445,45.4560102436513));
#3622=CARTESIAN_POINT('',(-156.357388707181,28.4763289183206,45.3370788510143));
#3623=CARTESIAN_POINT('',(-156.381980009803,28.4953373532122,45.3155227871225));
#3624=CARTESIAN_POINT('',(-156.411307480173,28.5012066289492,45.2923674910495));
#3625=CARTESIAN_POINT('',(-156.357388707181,28.4763289183206,45.3370788510143));
#3626=CARTESIAN_POINT('',(-156.373591537275,28.4888532829558,45.3228758929159));
#3627=CARTESIAN_POINT('',(-156.391984062184,28.4973394536718,45.3076241585715));
#3628=CARTESIAN_POINT('',(-156.411307480173,28.5012066289492,45.2923674910495));
#3629=CARTESIAN_POINT('',(-159.217689305001,27.6734965008317,45.8214561651995));
#3630=CARTESIAN_POINT('',(-159.226625018563,27.6230461679098,45.7820899334044));
#3631=CARTESIAN_POINT('',(-159.242773669127,27.5318721624335,45.6910979623709));
#3632=CARTESIAN_POINT('',(-159.254965614741,27.4630374005555,45.5815349011369));
#3633=CARTESIAN_POINT('',(-159.264923631965,27.406815221908,45.4656602571459));
#3634=CARTESIAN_POINT('',(-159.272647720799,27.3632056264909,45.343474030398));
#3635=CARTESIAN_POINT('',(-159.275392801021,27.3477071203976,45.2146125628228));
#3636=CARTESIAN_POINT('',(-159.275392801021,27.3477071203976,45.15));
#3637=CARTESIAN_POINT('',(-159.165290171938,27.6649455678902,45.820520687544));
#3638=CARTESIAN_POINT('',(-159.17566877645,27.6152133686461,45.7815477450973));
#3639=CARTESIAN_POINT('',(-159.194797738157,27.5250529916615,45.6907516035436));
#3640=CARTESIAN_POINT('',(-159.210104803603,27.4566915564252,45.5808524975233));
#3641=CARTESIAN_POINT('',(-159.223218220105,27.4008250414337,45.4647006836966));
#3642=CARTESIAN_POINT('',(-159.234137987663,27.3574534466869,45.3422961620637));
#3643=CARTESIAN_POINT('',(-159.240105055705,27.3422625911711,45.213983773672));
#3644=CARTESIAN_POINT('',(-159.241709064441,27.3425100729062,45.15));
#3645=CARTESIAN_POINT('',(-159.115104427758,27.6430516182943,45.8371875510283));
#3646=CARTESIAN_POINT('',(-159.129779705932,27.5958067398369,45.7969883501386));
#3647=CARTESIAN_POINT('',(-159.154421884337,27.5097465886261,45.7034141289709));
#3648=CARTESIAN_POINT('',(-159.170858789512,27.4448612712196,45.5897769195025));
#3649=CARTESIAN_POINT('',(-159.185248057534,27.3920255857442,45.4704729580043));
#3650=CARTESIAN_POINT('',(-159.197420117657,27.3507777106322,45.3457166456557));
#3651=CARTESIAN_POINT('',(-159.205007499976,27.3368474062042,45.2149816967794));
#3652=CARTESIAN_POINT('',(-159.208025327861,27.3373130254149,45.15));
#3653=CARTESIAN_POINT('',(-159.048233408682,27.5852613262801,45.8960704842951));
#3654=CARTESIAN_POINT('',(-159.064835753791,27.5464367474692,45.847489761929));
#3655=CARTESIAN_POINT('',(-159.08982247144,27.4737684698903,45.740549623558));
#3656=CARTESIAN_POINT('',(-159.104210536459,27.4177722829292,45.6175914312257));
#3657=CARTESIAN_POINT('',(-159.117827615826,27.3729346337261,45.4894419161215));
#3658=CARTESIAN_POINT('',(-159.129352528614,27.3381579412824,45.3565298806043));
#3659=CARTESIAN_POINT('',(-159.137028211954,27.326358914601,45.2187709748718));
#3660=CARTESIAN_POINT('',(-159.140657854701,27.3269189304321,45.15));
#3661=CARTESIAN_POINT('',(-159.031983345789,27.5497410963995,45.9379033303786));
#3662=CARTESIAN_POINT('',(-159.045419868877,27.5156277673334,45.8835523362858));
#3663=CARTESIAN_POINT('',(-159.064705180262,27.4515829830693,45.7667597191796));
#3664=CARTESIAN_POINT('',(-159.076437579806,27.401886269427,45.6372013102666));
#3665=CARTESIAN_POINT('',(-159.088204802298,27.3623557525384,45.5029677384673));
#3666=CARTESIAN_POINT('',(-159.097703627372,27.3317199135413,45.3644878061408));
#3667=CARTESIAN_POINT('',(-159.10414647966,27.3212856079646,45.2215623298569));
#3668=CARTESIAN_POINT('',(-159.106974118121,27.3217218829407,45.15));
#3669=CARTESIAN_POINT('',(-159.037625736714,27.5178846029384,45.9800102177887));
#3670=CARTESIAN_POINT('',(-159.043148904653,27.4867012330386,45.9210941500384));
#3671=CARTESIAN_POINT('',(-159.050184034723,27.4298260785875,45.7956870072954));
#3672=CARTESIAN_POINT('',(-159.055755324827,27.3869341034259,45.658803773132));
#3673=CARTESIAN_POINT('',(-159.063873980775,27.3525337222051,45.5180194547907));
#3674=CARTESIAN_POINT('',(-159.07061184482,27.3259291834718,45.3733340522717));
#3675=CARTESIAN_POINT('',(-159.073290381216,27.3165248353991,45.2245204044616));
#3676=CARTESIAN_POINT('',(-159.073290381542,27.3165248354493,45.15));
#3677=CARTESIAN_POINT('',(-159.037625736714,27.5178846029384,45.9800102177887));
#3678=CARTESIAN_POINT('',(-159.05971840847,27.3931511233392,45.7443459467876));
#3679=CARTESIAN_POINT('',(-159.07329038024,27.3165248352484,45.4480816178465));
#3680=CARTESIAN_POINT('',(-159.073290381542,27.3165248354493,45.15));
#3681=CARTESIAN_POINT('',(-156.356388555027,28.4902157623384,45.15));
#3682=CARTESIAN_POINT('',(-156.356388555027,28.4902157623384,45.1631468284785));
#3683=CARTESIAN_POINT('',(-156.359333327435,28.4908050965369,45.1889257204054));
#3684=CARTESIAN_POINT('',(-156.371107714584,28.4931614922283,45.2257647547707));
#3685=CARTESIAN_POINT('',(-156.388762241588,28.4966946741114,45.2604894771764));
#3686=CARTESIAN_POINT('',(-156.403467293702,28.4996375806935,45.2820397451839));
#3687=CARTESIAN_POINT('',(-156.411307480173,28.5012066289492,45.2923674910495));
#3688=CARTESIAN_POINT('',(-156.346765564278,28.4882899233415,45.15));
#3689=CARTESIAN_POINT('',(-156.346729502957,28.4882827064272,45.1643261299162));
#3690=CARTESIAN_POINT('',(-156.349105125903,28.4887581373438,45.1925083154083));
#3691=CARTESIAN_POINT('',(-156.358784172681,28.4906951947748,45.2330894066017));
#3692=CARTESIAN_POINT('',(-156.373351207405,28.4936104800819,45.2716963467261));
#3693=CARTESIAN_POINT('',(-156.385502806244,28.4960423667511,45.2959302300805));
#3694=CARTESIAN_POINT('',(-156.391984062184,28.4973394536718,45.3076241585715));
#3695=CARTESIAN_POINT('',(-156.33714257353,28.4863640843446,45.15));
#3696=CARTESIAN_POINT('',(-156.337070971565,28.4863497547188,45.1655050202558));
#3697=CARTESIAN_POINT('',(-156.338972652162,28.4865153358473,45.1960479932333));
#3698=CARTESIAN_POINT('',(-156.346856479015,28.4871588710237,45.2402761192224));
#3699=CARTESIAN_POINT('',(-156.358668264201,28.4880100120278,45.2827327808586));
#3700=CARTESIAN_POINT('',(-156.368425861463,28.4885908048115,45.3097328251306));
#3701=CARTESIAN_POINT('',(-156.373591537275,28.4888532829558,45.3228758929159));
#3702=CARTESIAN_POINT('',(-156.327519582781,28.4844382453477,45.15));
#3703=CARTESIAN_POINT('',(-156.327523134627,28.4844389561749,45.1665965125748));
#3704=CARTESIAN_POINT('',(-156.329105199076,28.4841253503307,45.1994088447639));
#3705=CARTESIAN_POINT('',(-156.335455750904,28.4826576218509,45.247209388963));
#3706=CARTESIAN_POINT('',(-156.345036330767,28.4801403364404,45.2933161038747));
#3707=CARTESIAN_POINT('',(-156.353078451288,28.4777276167345,45.3227407774892));
#3708=CARTESIAN_POINT('',(-156.357388707181,28.4763289183206,45.3370788510143));
#3709=CARTESIAN_POINT('',(-156.327519582781,28.4844382453477,45.15));
#3710=CARTESIAN_POINT('',(-156.327533790165,28.4844410886565,45.2163860502994));
#3711=CARTESIAN_POINT('',(-156.340147683608,28.4819237119762,45.2797265569138));
#3712=CARTESIAN_POINT('',(-156.357388707181,28.4763289183206,45.3370788510143));
#3713=CARTESIAN_POINT('',(-159.037625736714,27.5178846029383,45.9800102177887));
#3714=CARTESIAN_POINT('',(-159.043148904653,27.4867012330386,45.9210941500384));
#3715=CARTESIAN_POINT('',(-159.050184034723,27.4298260785875,45.7956870072954));
#3716=CARTESIAN_POINT('',(-159.055755324827,27.3869341034259,45.658803773132));
#3717=CARTESIAN_POINT('',(-159.063873980775,27.3525337222051,45.5180194547907));
#3718=CARTESIAN_POINT('',(-159.07061184482,27.3259291834718,45.3733340522717));
#3719=CARTESIAN_POINT('',(-159.073290381216,27.3165248353991,45.2245204044616));
#3720=CARTESIAN_POINT('',(-159.073290381542,27.3165248354493,45.15));
#3721=CARTESIAN_POINT('',(-159.046886702813,27.4655979198798,45.9800102177887));
#3722=CARTESIAN_POINT('',(-159.042922670881,27.439768056388,45.9193855749719));
#3723=CARTESIAN_POINT('',(-159.036038070821,27.3946709321842,45.7916789457075));
#3724=CARTESIAN_POINT('',(-159.03503341262,27.3629779460879,45.6544274063478));
#3725=CARTESIAN_POINT('',(-159.038865232477,27.3381264953194,45.5140883005237));
#3726=CARTESIAN_POINT('',(-159.043035669887,27.3189527352281,45.3705876305486));
#3727=CARTESIAN_POINT('',(-159.042448421165,27.3117662442394,45.2236282567428));
#3728=CARTESIAN_POINT('',(-159.039606644962,27.3113277879579,45.15));
#3729=CARTESIAN_POINT('',(-159.034231664573,27.4097804647838,45.9800102177887));
#3730=CARTESIAN_POINT('',(-159.025960085914,27.3924071804944,45.9176769999055));
#3731=CARTESIAN_POINT('',(-159.013643157487,27.3624945286459,45.7878157217152));
#3732=CARTESIAN_POINT('',(-159.010638987212,27.3411356615205,45.650322215333));
#3733=CARTESIAN_POINT('',(-159.011212972504,27.3246037220367,45.5103913231827));
#3734=CARTESIAN_POINT('',(-159.011849292298,27.3119088034073,45.3679490475779));
#3735=CARTESIAN_POINT('',(-159.009579023479,27.3066948407037,45.2227361090241));
#3736=CARTESIAN_POINT('',(-159.005922908382,27.3061307404665,45.15));
#3737=CARTESIAN_POINT('',(-158.972420917905,27.3234202744778,45.9800102177887));
#3738=CARTESIAN_POINT('',(-158.965850511625,27.3200567660103,45.9142598497725));
#3739=CARTESIAN_POINT('',(-158.955699191375,27.3129559908063,45.7801616925284));
#3740=CARTESIAN_POINT('',(-158.951343501615,27.3063720679083,45.6422474211882));
#3741=CARTESIAN_POINT('',(-158.948321757748,27.3017049822114,45.503114456964));
#3742=CARTESIAN_POINT('',(-158.945367068961,27.2985467492535,45.3627258010126));
#3743=CARTESIAN_POINT('',(-158.94160500103,27.2962071615232,45.2209518135866));
#3744=CARTESIAN_POINT('',(-158.938555435222,27.2957366454837,45.15));
#3745=CARTESIAN_POINT('',(-158.923667488059,27.2934395912875,45.9800102177887));
#3746=CARTESIAN_POINT('',(-158.922154701695,27.293206184208,45.9125512747061));
#3747=CARTESIAN_POINT('',(-158.919106780465,27.2927359219097,45.7763708873338));
#3748=CARTESIAN_POINT('',(-158.91600753792,27.2922577412704,45.6382778180582));
#3749=CARTESIAN_POINT('',(-158.912879322561,27.2917750904294,45.4995345680862));
#3750=CARTESIAN_POINT('',(-158.909722134386,27.2912879693867,45.3601411374179));
#3751=CARTESIAN_POINT('',(-158.906500376267,27.2907908858785,45.2200596658678));
#3752=CARTESIAN_POINT('',(-158.904871698642,27.2905395979923,45.15));
#3753=CARTESIAN_POINT('',(-158.871187962062,27.2853425505009,45.9800102177887));
#3754=CARTESIAN_POINT('',(-158.871187962062,27.2853425505009,45.9108426996396));
#3755=CARTESIAN_POINT('',(-158.871187962062,27.2853425505009,45.7725076633415));
#3756=CARTESIAN_POINT('',(-158.871187962062,27.2853425505009,45.6341726270434));
#3757=CARTESIAN_POINT('',(-158.871187962062,27.2853425505009,45.4958375907453));
#3758=CARTESIAN_POINT('',(-158.871187962062,27.2853425505009,45.3575025544472));
#3759=CARTESIAN_POINT('',(-158.871187962062,27.2853425505009,45.2191675181491));
#3760=CARTESIAN_POINT('',(-158.871187962062,27.2853425505009,45.15));
#3761=CARTESIAN_POINT('',(-158.871187962062,27.2853425505009,45.9800102177887));
#3762=CARTESIAN_POINT('',(-158.976147014056,27.3015366320741,45.9800102177887));
#3763=CARTESIAN_POINT('',(-159.056147668913,27.4133112368213,45.9800102177887));
#3764=CARTESIAN_POINT('',(-159.037625736714,27.5178846029383,45.9800102177887));
#3765=CARTESIAN_POINT('',(-156.327519582781,28.4844382453477,45.15));
#3766=CARTESIAN_POINT('',(-156.327521358704,28.4844386007613,45.1582982562874));
#3767=CARTESIAN_POINT('',(-156.327918650739,28.4843605547138,45.1747995956221));
#3768=CARTESIAN_POINT('',(-156.329602380971,28.4840006853665,45.1992316005033));
#3769=CARTESIAN_POINT('',(-156.33228047499,28.4833914860908,45.2233091168634));
#3770=CARTESIAN_POINT('',(-156.335859504408,28.4825264272346,45.246997660302));
#3771=CARTESIAN_POINT('',(-156.340246040836,28.4813989791457,45.2702627464188));
#3772=CARTESIAN_POINT('',(-156.345346655882,28.4800026121718,45.2930698908134));
#3773=CARTESIAN_POINT('',(-156.351067921158,28.478330796661,45.3153846090856));
#3774=CARTESIAN_POINT('',(-156.355233579235,28.4770282675275,45.3299098142518));
#3775=CARTESIAN_POINT('',(-156.357388707181,28.4763289183206,45.3370788510143));
#3776=CARTESIAN_POINT('',(-156.317896592033,28.4825124063508,45.15));
#3777=CARTESIAN_POINT('',(-156.317920331198,28.4825171572449,45.1580956802498));
#3778=CARTESIAN_POINT('',(-156.318244703146,28.4823614142188,45.1742284261986));
#3779=CARTESIAN_POINT('',(-156.319504695867,28.4816386725924,45.1982164535267));
#3780=CARTESIAN_POINT('',(-156.321480877329,28.4804334112338,45.2219581413173));
#3781=CARTESIAN_POINT('',(-156.324116001476,28.4787522374981,45.245418241628));
#3782=CARTESIAN_POINT('',(-156.327352822249,28.4766017587407,45.2685615065163));
#3783=CARTESIAN_POINT('',(-156.331134093592,28.4739885823166,45.2913526880397));
#3784=CARTESIAN_POINT('',(-156.335402569447,28.470919315581,45.3137565382558));
#3785=CARTESIAN_POINT('',(-156.338534858988,28.4685734824532,45.3284107189));
#3786=CARTESIAN_POINT('',(-156.340163122492,28.4673267532891,45.3356615046901));
#3787=CARTESIAN_POINT('',(-156.308273601284,28.4805865673539,45.15));
#3788=CARTESIAN_POINT('',(-156.308285555589,28.4805889597565,45.157919829884));
#3789=CARTESIAN_POINT('',(-156.308474852615,28.4803793449594,45.1737326445057));
#3790=CARTESIAN_POINT('',(-156.309221748407,28.4794301598739,45.1973407074597));
#3791=CARTESIAN_POINT('',(-156.310398379464,28.4778546478156,45.2208069878961));
#3792=CARTESIAN_POINT('',(-156.311971530795,28.475661244701,45.2441008622761));
#3793=CARTESIAN_POINT('',(-156.31390798741,28.4728583864472,45.2671917070603));
#3794=CARTESIAN_POINT('',(-156.31617453432,28.4694545089708,45.2900488987099));
#3795=CARTESIAN_POINT('',(-156.318737956535,28.4654580481887,45.3126418136857));
#3796=CARTESIAN_POINT('',(-156.320622678221,28.462404309408,45.3275071568609));
#3797=CARTESIAN_POINT('',(-156.321603446618,28.4607814881057,45.3348855744899));
#3798=CARTESIAN_POINT('',(-156.298650610535,28.478660728357,45.15));
#3799=CARTESIAN_POINT('',(-156.298650610535,28.478660728357,45.1577720689952));
#3800=CARTESIAN_POINT('',(-156.298691007131,28.4784326523712,45.173316104554));
#3801=CARTESIAN_POINT('',(-156.29887236882,28.477408698601,45.1966115064874));
#3802=CARTESIAN_POINT('',(-156.299174074315,28.4757052932052,45.219865912906));
#3803=CARTESIAN_POINT('',(-156.299595700628,28.4733248243497,45.2430589797001));
#3804=CARTESIAN_POINT('',(-156.300136824768,28.4702696802005,45.2661703627596));
#3805=CARTESIAN_POINT('',(-156.300797023745,28.4665422489233,45.2891797179747));
#3806=CARTESIAN_POINT('',(-156.301575874571,28.4621449186842,45.3120667012356));
#3807=CARTESIAN_POINT('',(-156.302173927694,28.458768357994,45.3272295460334));
#3808=CARTESIAN_POINT('',(-156.302492588566,28.4569692238773,45.3347837917366));
#3809=CARTESIAN_POINT('',(-156.357388707181,28.4763289183206,45.3370788510143));
#3810=CARTESIAN_POINT('',(-156.340163122492,28.4673267532891,45.3356615046901));
#3811=CARTESIAN_POINT('',(-156.321603446618,28.4607814881057,45.3348855744899));
#3812=CARTESIAN_POINT('',(-156.302492588567,28.4569692238773,45.3347837917366));
#3813=CARTESIAN_POINT('',(-158.8406909184,27.4830037007755,45.15));
#3814=CARTESIAN_POINT('',(-158.8406909184,27.4830037007755,46.3109944895474));
#3815=CARTESIAN_POINT('',(-156.431359499939,27.7039195709028,45.15));
#3816=CARTESIAN_POINT('',(-156.568976909552,26.9524197976078,45.3347837917372));
#3817=CARTESIAN_POINT('',(-156.588234552708,26.9554033247391,45.3348855744906));
#3818=CARTESIAN_POINT('',(-156.607913229498,26.955630799133,45.3356615046907));
#3819=CARTESIAN_POINT('',(-156.627182827731,26.9530926251612,45.337078851015));
#3820=CARTESIAN_POINT('',(-158.8406909184,27.4830037007755,46.3109944895474));
#3821=CARTESIAN_POINT('',(-158.8406909184,27.4830037007755,46.3109944895474));
#3822=CARTESIAN_POINT('',(-156.627182827731,26.9530926251612,45.337078851015));
#3823=CARTESIAN_POINT('',(-156.625403079485,26.9516966294405,45.3299168119367));
#3824=CARTESIAN_POINT('',(-156.621944025509,26.9490440677781,45.3153967304258));
#3825=CARTESIAN_POINT('',(-156.617148232975,26.9455098078395,45.293071095075));
#3826=CARTESIAN_POINT('',(-156.61283668975,26.9424464236743,45.2702424436192));
#3827=CARTESIAN_POINT('',(-156.609100856713,26.9398802085011,45.2469532730377));
#3828=CARTESIAN_POINT('',(-156.606032194744,26.9378374555384,45.2232460803095));
#3829=CARTESIAN_POINT('',(-156.603722164721,26.9363444580047,45.1991633624141));
#3830=CARTESIAN_POINT('',(-156.602262227524,26.9354275091184,45.1747476163306));
#3831=CARTESIAN_POINT('',(-156.601916638529,26.9352177711048,45.1582767648024));
#3832=CARTESIAN_POINT('',(-156.601916013129,26.9352176746121,45.15));
#3833=CARTESIAN_POINT('',(-156.607913229498,26.955630799133,45.3356615046907));
#3834=CARTESIAN_POINT('',(-156.606815002863,26.9539017562183,45.3284152880657));
#3835=CARTESIAN_POINT('',(-156.604682942443,26.9506244102808,45.3137643792549));
#3836=CARTESIAN_POINT('',(-156.60173052412,26.946276819042,45.2913531520299));
#3837=CARTESIAN_POINT('',(-156.599076271865,26.9425238634627,45.2685476234696));
#3838=CARTESIAN_POINT('',(-156.596772679436,26.9393917515351,45.2453883562478));
#3839=CARTESIAN_POINT('',(-156.594872240593,26.9369066912512,45.2219159130378));
#3840=CARTESIAN_POINT('',(-156.593427449096,26.935094890603,45.1981708565134));
#3841=CARTESIAN_POINT('',(-156.592490798704,26.9339825575826,45.1741937493481));
#3842=CARTESIAN_POINT('',(-156.592240121685,26.9337247859822,45.1580813525931));
#3843=CARTESIAN_POINT('',(-156.59221697128,26.9337212141174,45.15));
#3844=CARTESIAN_POINT('',(-156.588234552708,26.9554033247391,45.3348855744906));
#3845=CARTESIAN_POINT('',(-156.587872123268,26.9535431134373,45.3275093899702));
#3846=CARTESIAN_POINT('',(-156.587152749779,26.950028915914,45.3126456055008));
#3847=CARTESIAN_POINT('',(-156.586118916256,26.9453958522033,45.2900489489381));
#3848=CARTESIAN_POINT('',(-156.585159079978,26.9414205783997,45.2671845789444));
#3849=CARTESIAN_POINT('',(-156.584302011482,26.938122651836,45.2440857619473));
#3850=CARTESIAN_POINT('',(-156.583576481303,26.9355216298452,45.2207857643745));
#3851=CARTESIAN_POINT('',(-156.583011259976,26.93363706976,45.1973178526535));
#3852=CARTESIAN_POINT('',(-156.582635118037,26.9324885289136,45.173715293212));
#3853=CARTESIAN_POINT('',(-156.582529590027,26.9322265527302,45.1579126660557));
#3854=CARTESIAN_POINT('',(-156.582517929432,26.9322247536226,45.15));
#3855=CARTESIAN_POINT('',(-156.568976909552,26.9524197976078,45.3347837917373));
#3856=CARTESIAN_POINT('',(-156.569295570425,26.950620663491,45.327229546034));
#3857=CARTESIAN_POINT('',(-156.569893623548,26.9472441028008,45.3120667012362));
#3858=CARTESIAN_POINT('',(-156.570672474374,26.9428467725616,45.2891797179753));
#3859=CARTESIAN_POINT('',(-156.571332673351,26.9391193412845,45.26617036276));
#3860=CARTESIAN_POINT('',(-156.571873797491,26.9360641971352,45.2430589797004));
#3861=CARTESIAN_POINT('',(-156.572295423804,26.9336837282797,45.2198659129063));
#3862=CARTESIAN_POINT('',(-156.572597129299,26.9319803228839,45.1966115064875));
#3863=CARTESIAN_POINT('',(-156.572778490988,26.9309563691137,45.1733161045541));
#3864=CARTESIAN_POINT('',(-156.572818887584,26.9307282931279,45.1577720689953));
#3865=CARTESIAN_POINT('',(-156.572818887584,26.9307282931279,45.15));
#3866=CARTESIAN_POINT('',(-156.627182827731,26.9530926251612,45.337078851015));
#3867=CARTESIAN_POINT('',(-156.61294484176,26.9419246593961,45.279782538389));
#3868=CARTESIAN_POINT('',(-156.60192101633,26.9352184465537,45.2162141184191));
#3869=CARTESIAN_POINT('',(-156.601916013129,26.9352176746121,45.15));
#3870=CARTESIAN_POINT('',(-158.871187962062,27.2853425505009,46.3109944895474));
#3871=CARTESIAN_POINT('',(-158.830817901189,27.2791138732551,46.4248120399852));
#3872=CARTESIAN_POINT('',(-158.795733999466,27.3820508192796,46.4776899938588));
#3873=CARTESIAN_POINT('',(-158.49167466937,27.2267876273836,46.1731801177935));
#3874=CARTESIAN_POINT('',(-158.45716081549,27.2214625014954,46.2831322320472));
#3875=CARTESIAN_POINT('',(-158.417512830095,27.3162006738632,46.3358060211931));
#3876=CARTESIAN_POINT('',(-157.919540497759,27.1385133216437,45.9657990029458));
#3877=CARTESIAN_POINT('',(-157.895147371562,27.1347497179528,46.0704778192798));
#3878=CARTESIAN_POINT('',(-157.847871773229,27.2138500989331,46.1220288099031));
#3879=CARTESIAN_POINT('',(-157.190149161031,27.0259758836491,45.6374822471031));
#3880=CARTESIAN_POINT('',(-157.166324673251,27.0223000149058,45.7115974837801));
#3881=CARTESIAN_POINT('',(-157.124026699627,27.0699997931211,45.7598922572381));
#3882=CARTESIAN_POINT('',(-156.811577089886,26.9675661811509,45.456010243684));
#3883=CARTESIAN_POINT('',(-156.7828987165,26.9631414087358,45.5078174218052));
#3884=CARTESIAN_POINT('',(-156.750354118756,26.983926166144,45.5490723495811));
#3885=CARTESIAN_POINT('',(-156.686366091532,26.9482474365293,45.2923674910498));
#3886=CARTESIAN_POINT('',(-156.656806844324,26.9436867545162,45.3155227871229));
#3887=CARTESIAN_POINT('',(-156.627182827731,26.9530926251611,45.3370788510148));
#3888=CARTESIAN_POINT('',(-156.686366091532,26.9482474365293,45.29236749105));
#3889=CARTESIAN_POINT('',(-156.666889959358,26.9452424734777,45.307624158572));
#3890=CARTESIAN_POINT('',(-156.646701635454,26.9468952420341,45.3228758929165));
#3891=CARTESIAN_POINT('',(-156.627182827731,26.9530926251612,45.337078851015));
#3892=CARTESIAN_POINT('',(-156.601916013129,26.9352176746121,45.15));
#3893=CARTESIAN_POINT('',(-156.601917263929,26.9352178675975,45.1665535296047));
#3894=CARTESIAN_POINT('',(-156.603297118308,26.9360564336809,45.1993298765081));
#3895=CARTESIAN_POINT('',(-156.60876727118,26.9396184773958,45.2471622841109));
#3896=CARTESIAN_POINT('',(-156.61690610832,26.9452743699527,45.2933226031275));
#3897=CARTESIAN_POINT('',(-156.623623331238,26.9503006337199,45.3227547728585));
#3898=CARTESIAN_POINT('',(-156.627182827731,26.9530926251612,45.337078851015));
#3899=CARTESIAN_POINT('',(-156.611615054977,26.9367141351069,45.15));
#3900=CARTESIAN_POINT('',(-156.611541334393,26.9367027607935,45.1654622979002));
#3901=CARTESIAN_POINT('',(-156.613388100578,26.937201147213,45.1959708455261));
#3902=CARTESIAN_POINT('',(-156.621026207947,26.9393068530039,45.2402336606571));
#3903=CARTESIAN_POINT('',(-156.63241760944,26.9425654059794,45.2827446076963));
#3904=CARTESIAN_POINT('',(-156.641770963873,26.945369486768,45.3097494191386));
#3905=CARTESIAN_POINT('',(-156.646701635454,26.9468952420341,45.3228758929165));
#3906=CARTESIAN_POINT('',(-156.621314096825,26.9382105956016,45.15));
#3907=CARTESIAN_POINT('',(-156.621276974137,26.9382048679599,45.1642836681752));
#3908=CARTESIAN_POINT('',(-156.62367748599,26.9385752417774,45.1924329297585));
#3909=CARTESIAN_POINT('',(-156.633448821831,26.9400828564774,45.2330514042271));
#3910=CARTESIAN_POINT('',(-156.6481370221,26.9423490918215,45.2717132671845));
#3911=CARTESIAN_POINT('',(-156.660371262809,26.9442367069273,45.2959493057452));
#3912=CARTESIAN_POINT('',(-156.666889959358,26.9452424734777,45.307624158572));
#3913=CARTESIAN_POINT('',(-156.631013138674,26.9397070560963,45.15));
#3914=CARTESIAN_POINT('',(-156.631013138674,26.9397070560963,45.1631046273521));
#3915=CARTESIAN_POINT('',(-156.633989453339,26.9401662702524,45.1888521260586));
#3916=CARTESIAN_POINT('',(-156.645875500667,26.942000162769,45.2257313036349));
#3917=CARTESIAN_POINT('',(-156.663675754657,26.9447465553828,45.2605116082375));
#3918=CARTESIAN_POINT('',(-156.678480482649,26.9470307697331,45.2820613609963));
#3919=CARTESIAN_POINT('',(-156.686366091532,26.9482474365293,45.29236749105));
#3920=CARTESIAN_POINT('',(-101.2916319942,117.321314516019,45.15));
#3921=CARTESIAN_POINT('',(-101.419427165649,117.469337482171,45.15));
#3922=CARTESIAN_POINT('',(-101.952568528297,117.009051530487,45.15));
#3923=CARTESIAN_POINT('',(-107.173081324002,124.133696902598,45.15));
#3924=CARTESIAN_POINT('',(-107.173081324002,124.133696902598,45.15));
#3925=CARTESIAN_POINT('',(-104.455442876741,119.781116834908,45.15));
#3926=CARTESIAN_POINT('',(-104.448866157758,119.773832771879,45.15));
#3927=CARTESIAN_POINT('',(-104.442289438775,119.76654870885,45.15));
#3928=CARTESIAN_POINT('',(-104.435712719793,119.759264645821,45.15));
#3929=CARTESIAN_POINT('',(-104.45544287674,119.781116834908,45.15));
#3930=CARTESIAN_POINT('',(-104.435712719793,119.759264645821,45.15));
#3931=CARTESIAN_POINT('',(-101.821483957601,116.863868457035,45.15));
#3932=CARTESIAN_POINT('',(-105.97445893167,121.463507205543,45.15));
#3933=CARTESIAN_POINT('',(-106.111500387865,121.615287843761,45.15));
#3934=CARTESIAN_POINT('',(-106.065819902467,121.564694297688,45.15));
#3935=CARTESIAN_POINT('',(-106.020139417069,121.514100751615,45.15));
#3936=CARTESIAN_POINT('',(-105.97445893167,121.463507205543,45.15));
#3937=CARTESIAN_POINT('',(-106.111500387865,121.615287843761,45.15));
#3938=CARTESIAN_POINT('',(-106.24854184406,121.767068481978,45.15));
#3939=CARTESIAN_POINT('',(-106.202861358662,121.716474935906,45.15));
#3940=CARTESIAN_POINT('',(-106.157180873264,121.665881389833,45.15));
#3941=CARTESIAN_POINT('',(-106.111500387865,121.615287843761,45.15));
#3942=CARTESIAN_POINT('',(-106.24854184406,121.767068481978,45.15));
#3943=CARTESIAN_POINT('',(-105.998103443961,121.983283702563,45.8214561651995));
#3944=CARTESIAN_POINT('',(-106.153230669344,121.849355090811,45.6639912380194));
#3945=CARTESIAN_POINT('',(-106.24854184406,121.767068481978,45.4084502512912));
#3946=CARTESIAN_POINT('',(-106.24854184406,121.767068481978,45.15));
#3947=CARTESIAN_POINT('',(-105.998103443961,121.983283702563,45.8214561651995));
#3948=CARTESIAN_POINT('',(-105.607598538602,122.320424908617,45.15));
#3949=CARTESIAN_POINT('',(-105.217093633243,122.65756611467,45.8214561651995));
#3950=CARTESIAN_POINT('',(-104.966655233144,122.873781335254,45.15));
#3951=CARTESIAN_POINT('',(-104.966655233144,122.873781335254,45.4084502512912));
#3952=CARTESIAN_POINT('',(-105.061966407861,122.791494726422,45.6639912380194));
#3953=CARTESIAN_POINT('',(-105.217093633243,122.65756611467,45.8214561651995));
#3954=CARTESIAN_POINT('',(-104.966655233144,122.873781335254,45.15));
#3955=CARTESIAN_POINT('',(-104.836491536254,122.716062804746,45.15));
#3956=CARTESIAN_POINT('',(-104.879879435217,122.768635648249,45.15));
#3957=CARTESIAN_POINT('',(-104.92326733418,122.821208491752,45.15));
#3958=CARTESIAN_POINT('',(-104.966655233144,122.873781335254,45.15));
#3959=CARTESIAN_POINT('',(-104.836491536254,122.716062804746,45.15));
#3960=CARTESIAN_POINT('',(-104.706327839364,122.558344274237,45.15));
#3961=CARTESIAN_POINT('',(-104.749715738327,122.61091711774,45.15));
#3962=CARTESIAN_POINT('',(-104.79310363729,122.663489961243,45.15));
#3963=CARTESIAN_POINT('',(-104.836491536254,122.716062804746,45.15));
#3964=CARTESIAN_POINT('',(-104.706327839364,122.558344274237,45.15));
#3965=CARTESIAN_POINT('',(-100.7617800308,117.778760575004,45.15));
#3966=CARTESIAN_POINT('',(-103.263547305395,120.810136201628,45.15));
#3967=CARTESIAN_POINT('',(-103.244807354436,120.787429121253,45.15));
#3968=CARTESIAN_POINT('',(-103.251054004756,120.794998148044,45.15));
#3969=CARTESIAN_POINT('',(-103.257300655075,120.802567174836,45.15));
#3970=CARTESIAN_POINT('',(-103.263547305395,120.810136201628,45.15));
#3971=CARTESIAN_POINT('',(-103.244807354436,120.787429121253,45.15));
#3972=CARTESIAN_POINT('',(-103.226067403476,120.764722040878,45.15));
#3973=CARTESIAN_POINT('',(-103.232314053796,120.77229106767,45.15));
#3974=CARTESIAN_POINT('',(-103.238560704116,120.779860094461,45.15));
#3975=CARTESIAN_POINT('',(-103.244807354436,120.787429121253,45.15));
#3976=CARTESIAN_POINT('',(-103.226067403476,120.764722040878,45.15));
#3977=CARTESIAN_POINT('',(-103.242741936177,120.750326134481,45.3347837917366));
#3978=CARTESIAN_POINT('',(-103.23167779973,120.75987832257,45.274349826111));
#3979=CARTESIAN_POINT('',(-103.226067403476,120.764722040878,45.2121765519617));
#3980=CARTESIAN_POINT('',(-103.226067403476,120.764722040878,45.15));
#3981=CARTESIAN_POINT('',(-103.242741936177,120.750326134481,45.3347837917366));
#3982=CARTESIAN_POINT('',(-103.821024983161,120.251067248806,45.15));
#3983=CARTESIAN_POINT('',(-104.399308030145,119.75180836313,45.3347837917372));
#3984=CARTESIAN_POINT('',(-104.415982562846,119.737412456733,45.15));
#3985=CARTESIAN_POINT('',(-104.415982562846,119.737412456733,45.2121765519619));
#3986=CARTESIAN_POINT('',(-104.410372166592,119.742256175041,45.2743498261114));
#3987=CARTESIAN_POINT('',(-104.399308030145,119.75180836313,45.3347837917372));
#3988=CARTESIAN_POINT('',(-104.415982562846,119.737412456733,45.15));
#3989=CARTESIAN_POINT('',(-104.435712719793,119.759264645821,45.15));
#3990=CARTESIAN_POINT('',(-104.429136000811,119.751980582791,45.15));
#3991=CARTESIAN_POINT('',(-104.422559281828,119.744696519762,45.15));
#3992=CARTESIAN_POINT('',(-104.415982562846,119.737412456733,45.15));
#3993=CARTESIAN_POINT('',(-101.2916319942,117.321314516019,45.15));
#3994=CARTESIAN_POINT('',(-101.2916319942,117.321314516019,45.15));
#3995=CARTESIAN_POINT('',(-101.67342444708,116.991695178952,45.15));
#3996=CARTESIAN_POINT('',(-107.173081324002,124.133696902598,45.15));
#3997=CARTESIAN_POINT('',(-105.47399596206,122.165675324253,45.15));
#3998=CARTESIAN_POINT('',(-105.47399596206,122.165675324253,45.15));
#3999=CARTESIAN_POINT('',(-104.991279325675,122.582427243984,46.3109944895473));
#4000=CARTESIAN_POINT('',(-105.956712598444,121.748923404522,46.3109944895474));
#4001=CARTESIAN_POINT('',(-104.991279325675,122.582427243984,46.1723832191485));
#4002=CARTESIAN_POINT('',(-104.991279325675,122.582427243984,45.9800102177887));
#4003=CARTESIAN_POINT('',(-105.47399596206,122.165675324253,45.15));
#4004=CARTESIAN_POINT('',(-105.956712598444,121.748923404522,45.9800102177887));
#4005=CARTESIAN_POINT('',(-105.956712598444,121.748923404522,45.15));
#4006=CARTESIAN_POINT('',(-103.840260037114,120.273346883537,45.15));
#4007=CARTESIAN_POINT('',(-103.858555951483,120.294538728915,45.15));
#4008=CARTESIAN_POINT('',(-103.273090489529,120.799998530411,45.3370788510144));
#4009=CARTESIAN_POINT('',(-104.444021413438,119.789078927419,45.337078851015));
#4010=CARTESIAN_POINT('',(-104.75083736129,122.444043389816,46.4776899938588));
#4011=CARTESIAN_POINT('',(-104.495098066895,122.146067968662,46.3325677921478));
#4012=CARTESIAN_POINT('',(-104.108146928913,121.700208691434,46.1105777975912));
#4013=CARTESIAN_POINT('',(-103.608442742492,121.146247904923,45.7514367502506));
#4014=CARTESIAN_POINT('',(-103.350359941475,120.877766089218,45.5201173318485));
#4015=CARTESIAN_POINT('',(-103.273090489529,120.799998530411,45.3370788510144));
#4016=CARTESIAN_POINT('',(-104.75083736129,122.444043389816,46.4776899938588));
#4017=CARTESIAN_POINT('',(-105.302862417194,121.967454259781,45.15));
#4018=CARTESIAN_POINT('',(-105.854887473099,121.490865129746,46.4776899938588));
#4019=CARTESIAN_POINT('',(-104.444021413438,119.789078927418,45.337078851015));
#4020=CARTESIAN_POINT('',(-104.509318660737,119.8763786547,45.5190987506092));
#4021=CARTESIAN_POINT('',(-104.735287987825,120.168404689839,45.749439634116));
#4022=CARTESIAN_POINT('',(-105.211185757954,120.744714394797,46.1097092137931));
#4023=CARTESIAN_POINT('',(-105.597068428962,121.193997022608,46.3323752632418));
#4024=CARTESIAN_POINT('',(-105.854887473099,121.490865129746,46.4776899938588));
#4025=CARTESIAN_POINT('',(-105.343297088064,122.014289048996,45.15));
#4026=CARTESIAN_POINT('',(-104.860580451679,122.431040968727,46.3109944895473));
#4027=CARTESIAN_POINT('',(-105.826013724449,121.597537129265,46.3109944895474));
#4028=CARTESIAN_POINT('',(-100.7617800308,117.778760575004,39.25));
#4029=CARTESIAN_POINT('',(-104.706327839364,122.558344274237,45.9800102177887));
#4030=CARTESIAN_POINT('',(-104.706327839364,122.558344274237,45.7033401451924));
#4031=CARTESIAN_POINT('',(-104.706327839364,122.558344274237,45.4266700725962));
#4032=CARTESIAN_POINT('',(-104.706327839364,122.558344274237,45.15));
#4033=CARTESIAN_POINT('',(-104.706327839364,122.558344274237,45.9800102177887));
#4034=CARTESIAN_POINT('',(-104.706327839364,122.558344274237,45.15));
#4035=CARTESIAN_POINT('',(-104.706327839364,122.558344274237,46.3109944895473));
#4036=CARTESIAN_POINT('',(-103.299197274339,120.853333044133,45.2923674910494));
#4037=CARTESIAN_POINT('',(-103.379838575159,120.951045599688,45.4560112882435));
#4038=CARTESIAN_POINT('',(-103.623658126859,121.246480212581,45.6374817722205));
#4039=CARTESIAN_POINT('',(-104.093420847123,121.815688737676,45.9657992882383));
#4040=CARTESIAN_POINT('',(-104.461902991671,122.262176228008,46.1731801159774));
#4041=CARTESIAN_POINT('',(-104.706327839364,122.558344274237,46.3109944895474));
#4042=CARTESIAN_POINT('',(-103.299197274339,120.853333044133,45.2923674910495));
#4043=CARTESIAN_POINT('',(-103.263547305395,120.810136201628,45.15));
#4044=CARTESIAN_POINT('',(-103.263547305395,120.810136201628,45.1966824759978));
#4045=CARTESIAN_POINT('',(-103.275430628376,120.824535149129,45.2441383063477));
#4046=CARTESIAN_POINT('',(-103.299197274339,120.853333044133,45.2923674910495));
#4047=CARTESIAN_POINT('',(-101.821483957601,116.863868457035,39.25));
#4048=CARTESIAN_POINT('',(-105.97445893167,121.463507205543,46.3109944895474));
#4049=CARTESIAN_POINT('',(-105.717118844854,121.178489491192,46.1731801159774));
#4050=CARTESIAN_POINT('',(-105.329166359811,120.748811659295,45.9657992882385));
#4051=CARTESIAN_POINT('',(-104.834581703804,120.201033075895,45.6374817722207));
#4052=CARTESIAN_POINT('',(-104.577878896399,119.916721182093,45.4560112882438));
#4053=CARTESIAN_POINT('',(-104.492976565273,119.822687373914,45.2923674910499));
#4054=CARTESIAN_POINT('',(-105.97445893167,121.463507205543,46.3109944895474));
#4055=CARTESIAN_POINT('',(-104.492976565273,119.822687373914,45.29236749105));
#4056=CARTESIAN_POINT('',(-105.97445893167,121.463507205543,39.25));
#4057=CARTESIAN_POINT('',(-105.97445893167,121.463507205543,45.9800102177887));
#4058=CARTESIAN_POINT('',(-105.97445893167,121.463507205543,45.15));
#4059=CARTESIAN_POINT('',(-105.97445893167,121.463507205543,45.4266700725962));
#4060=CARTESIAN_POINT('',(-105.97445893167,121.463507205543,45.7033401451925));
#4061=CARTESIAN_POINT('',(-105.97445893167,121.463507205543,45.9800102177887));
#4062=CARTESIAN_POINT('',(-104.492976565273,119.822687373914,45.29236749105));
#4063=CARTESIAN_POINT('',(-104.467954106251,119.794973681244,45.2441383063481));
#4064=CARTESIAN_POINT('',(-104.455442876741,119.781116834908,45.1966824759981));
#4065=CARTESIAN_POINT('',(-104.45544287674,119.781116834908,45.15));
#4066=CARTESIAN_POINT('',(-101.422330868196,117.472700791277,45.15));
#4067=CARTESIAN_POINT('',(-104.706327839364,122.558344274237,45.9800102177887));
#4068=CARTESIAN_POINT('',(-104.706327839364,122.558344274237,45.9108426996396));
#4069=CARTESIAN_POINT('',(-104.706327839364,122.558344274237,45.7725076633415));
#4070=CARTESIAN_POINT('',(-104.706327839364,122.558344274237,45.6341726270434));
#4071=CARTESIAN_POINT('',(-104.706327839364,122.558344274237,45.4958375907453));
#4072=CARTESIAN_POINT('',(-104.706327839364,122.558344274237,45.3575025544472));
#4073=CARTESIAN_POINT('',(-104.706327839364,122.558344274237,45.2191675181491));
#4074=CARTESIAN_POINT('',(-104.706327839364,122.558344274237,45.15));
#4075=CARTESIAN_POINT('',(-104.740127182946,122.599298725665,45.9800102177887));
#4076=CARTESIAN_POINT('',(-104.73915287563,122.598118163636,45.9125512747061));
#4077=CARTESIAN_POINT('',(-104.737189867488,122.595739599052,45.7763708873338));
#4078=CARTESIAN_POINT('',(-104.735193805945,122.593320983871,45.6382778180582));
#4079=CARTESIAN_POINT('',(-104.733179084514,122.59087975862,45.4995345680862));
#4080=CARTESIAN_POINT('',(-104.731145703193,122.588415923299,45.3601411374179));
#4081=CARTESIAN_POINT('',(-104.729070735717,122.585901698296,45.2200596658678));
#4082=CARTESIAN_POINT('',(-104.728021788845,122.584630695989,45.15));
#4083=CARTESIAN_POINT('',(-104.790825433665,122.625858576197,45.9800102177887));
#4084=CARTESIAN_POINT('',(-104.784574616269,122.621932928509,45.9142598497725));
#4085=CARTESIAN_POINT('',(-104.773280835697,122.616841678004,45.7801616925284));
#4086=CARTESIAN_POINT('',(-104.765395460071,122.616466277879,45.6422474211882));
#4087=CARTESIAN_POINT('',(-104.759839497501,122.616256743117,45.503114456964));
#4088=CARTESIAN_POINT('',(-104.755614393181,122.615333101018,45.3627258010125));
#4089=CARTESIAN_POINT('',(-104.751679805657,122.613296965735,45.2209518135866));
#4090=CARTESIAN_POINT('',(-104.749715738327,122.61091711774,45.15));
#4091=CARTESIAN_POINT('',(-104.896649151689,122.634802377237,45.9800102177887));
#4092=CARTESIAN_POINT('',(-104.87748959769,122.636580441091,45.9176769999055));
#4093=CARTESIAN_POINT('',(-104.845485864699,122.64129579273,45.7878157217152));
#4094=CARTESIAN_POINT('',(-104.825595591223,122.649638649853,45.650322215333));
#4095=CARTESIAN_POINT('',(-104.811683219065,122.65858741419,45.5103913231827));
#4096=CARTESIAN_POINT('',(-104.801099892774,122.665627234252,45.3679490475779));
#4097=CARTESIAN_POINT('',(-104.795458351591,122.666343153708,45.2227361090241));
#4098=CARTESIAN_POINT('',(-104.79310363729,122.663489961243,45.15));
#4099=CARTESIAN_POINT('',(-104.95108589385,122.617128119427,45.9800102177887));
#4100=CARTESIAN_POINT('',(-104.926862742119,122.626932930357,45.9193855749719));
#4101=CARTESIAN_POINT('',(-104.884589400464,122.644082650902,45.7916789457075));
#4102=CARTESIAN_POINT('',(-104.856841670615,122.659429252937,45.6544274063477));
#4103=CARTESIAN_POINT('',(-104.837446590763,122.675432637774,45.5140883005236));
#4104=CARTESIAN_POINT('',(-104.823103559617,122.688823047841,45.3705876305486));
#4105=CARTESIAN_POINT('',(-104.816627827584,122.691994074242,45.2236282567429));
#4106=CARTESIAN_POINT('',(-104.814797586772,122.689776382994,45.15));
#4107=CARTESIAN_POINT('',(-104.991279325675,122.582427243984,45.9800102177887));
#4108=CARTESIAN_POINT('',(-104.967308276474,122.603122575405,45.9210941500384));
#4109=CARTESIAN_POINT('',(-104.922033515972,122.638257633542,45.7956870072953));
#4110=CARTESIAN_POINT('',(-104.888025839079,122.664982878519,45.6588037731319));
#4111=CARTESIAN_POINT('',(-104.862617907899,122.68955391504,45.5180194547907));
#4112=CARTESIAN_POINT('',(-104.843202739072,122.708951118769,45.3733340522716));
#4113=CARTESIAN_POINT('',(-104.836491536044,122.716062804492,45.2245204044616));
#4114=CARTESIAN_POINT('',(-104.836491536254,122.716062804746,45.15));
#4115=CARTESIAN_POINT('',(-104.991279325675,122.582427243984,45.9800102177887));
#4116=CARTESIAN_POINT('',(-104.895395128873,122.665208569667,45.7443459467875));
#4117=CARTESIAN_POINT('',(-104.836491535416,122.71606280373,45.4480816178465));
#4118=CARTESIAN_POINT('',(-104.836491536254,122.716062804746,45.15));
#4119=CARTESIAN_POINT('',(-104.991279325675,122.582427243984,45.9800102177887));
#4120=CARTESIAN_POINT('',(-104.910892462026,122.65182899487,45.9800102177887));
#4121=CARTESIAN_POINT('',(-104.773926526528,122.640253177093,45.9800102177887));
#4122=CARTESIAN_POINT('',(-104.706327839364,122.558344274237,45.9800102177887));
#4123=CARTESIAN_POINT('',(-104.860580451679,122.431040968727,39.25));
#4124=CARTESIAN_POINT('',(-104.860580451679,122.431040968727,46.3109944895473));
#4125=CARTESIAN_POINT('',(-104.966655233144,122.873781335254,45.15));
#4126=CARTESIAN_POINT('',(-104.966655233144,122.873781335254,45.2146125628228));
#4127=CARTESIAN_POINT('',(-104.978569129983,122.86349550915,45.343474030398));
#4128=CARTESIAN_POINT('',(-105.012092375249,122.834553318708,45.4656602571459));
#4129=CARTESIAN_POINT('',(-105.055311072101,122.797240590031,45.5815349011369));
#4130=CARTESIAN_POINT('',(-105.108225220539,122.751557323119,45.6910979623709));
#4131=CARTESIAN_POINT('',(-105.178311826897,122.691048267608,45.7820899334044));
#4132=CARTESIAN_POINT('',(-105.217093633243,122.65756611467,45.8214561651995));
#4133=CARTESIAN_POINT('',(-104.944961283662,122.847494913503,45.15));
#4134=CARTESIAN_POINT('',(-104.943928224744,122.846243162528,45.213983773672));
#4135=CARTESIAN_POINT('',(-104.953929816924,122.833346025396,45.3422961620637));
#4136=CARTESIAN_POINT('',(-104.985614064137,122.801779507804,45.4647006836967));
#4137=CARTESIAN_POINT('',(-105.026913256367,122.761937244931,45.5808524975233));
#4138=CARTESIAN_POINT('',(-105.077827393614,122.713819236779,45.6907516035436));
#4139=CARTESIAN_POINT('',(-105.145518655895,122.651267627968,45.7815477450973));
#4140=CARTESIAN_POINT('',(-105.182945377044,122.616912895874,45.820520687544));
#4141=CARTESIAN_POINT('',(-104.92326733418,122.821208491752,45.15));
#4142=CARTESIAN_POINT('',(-104.921323707602,122.818853411686,45.2149816967794));
#4143=CARTESIAN_POINT('',(-104.929413367505,122.805208663445,45.3457166456557));
#4144=CARTESIAN_POINT('',(-104.958632189911,122.773652258927,45.4704729580043));
#4145=CARTESIAN_POINT('',(-104.996674425396,122.73426382137,45.5897769195025));
#4146=CARTESIAN_POINT('',(-105.044023648451,122.686952857072,45.7034141289709));
#4147=CARTESIAN_POINT('',(-105.105371747181,122.621760853229,45.7969883501386));
#4148=CARTESIAN_POINT('',(-105.138463500292,122.584986158043,45.8371875510283));
#4149=CARTESIAN_POINT('',(-104.879879435217,122.768635648249,45.15));
#4150=CARTESIAN_POINT('',(-104.877541770386,122.765803114517,45.2187709748719));
#4151=CARTESIAN_POINT('',(-104.88375485372,122.753172566594,45.3565298806043));
#4152=CARTESIAN_POINT('',(-104.907743963251,122.725482052406,45.4894419161215));
#4153=CARTESIAN_POINT('',(-104.939308410328,122.690847888387,45.6175914312257));
#4154=CARTESIAN_POINT('',(-104.980067089774,122.649843993218,45.740549623558));
#4155=CARTESIAN_POINT('',(-105.029731289868,122.591205423538,45.847489761929));
#4156=CARTESIAN_POINT('',(-105.054601822927,122.557081496913,45.8960704842951));
#4157=CARTESIAN_POINT('',(-104.858185485735,122.742349226497,45.15));
#4158=CARTESIAN_POINT('',(-104.856364350311,122.74014256819,45.2215623298569));
#4159=CARTESIAN_POINT('',(-104.86203527666,122.729269405227,45.3644878061408));
#4160=CARTESIAN_POINT('',(-104.88350241452,122.70543782322,45.5029677384673));
#4161=CARTESIAN_POINT('',(-104.911452566691,122.675107668518,45.6372013102666));
#4162=CARTESIAN_POINT('',(-104.948156373837,122.639607765886,45.7667597191795));
#4163=CARTESIAN_POINT('',(-104.993326459166,122.590279062091,45.8835523362857));
#4164=CARTESIAN_POINT('',(-105.015767813435,122.561285183578,45.9379033303786));
#4165=CARTESIAN_POINT('',(-104.836491536254,122.716062804746,45.15));
#4166=CARTESIAN_POINT('',(-104.836491536044,122.716062804492,45.2245204044616));
#4167=CARTESIAN_POINT('',(-104.843202739072,122.708951118769,45.3733340522717));
#4168=CARTESIAN_POINT('',(-104.862617907899,122.68955391504,45.5180194547907));
#4169=CARTESIAN_POINT('',(-104.888025839079,122.664982878519,45.6588037731319));
#4170=CARTESIAN_POINT('',(-104.922033515972,122.638257633542,45.7956870072953));
#4171=CARTESIAN_POINT('',(-104.967308276474,122.603122575405,45.9210941500384));
#4172=CARTESIAN_POINT('',(-104.991279325675,122.582427243984,45.9800102177887));
#4173=CARTESIAN_POINT('',(-105.217093633243,122.65756611467,45.8214561651995));
#4174=CARTESIAN_POINT('',(-105.148797120845,122.576259677078,45.8195852098885));
#4175=CARTESIAN_POINT('',(-105.040256301195,122.540143123172,45.8957964429685));
#4176=CARTESIAN_POINT('',(-104.991279325675,122.582427243984,45.9800102177887));
#4177=CARTESIAN_POINT('',(-104.860580451679,122.431040968727,46.3109944895473));
#4178=CARTESIAN_POINT('',(-104.860580451679,122.431040968727,46.3109944895473));
#4179=CARTESIAN_POINT('',(-105.604694836055,122.317061599511,45.15));
#4180=CARTESIAN_POINT('',(-105.956712598444,121.748923404522,45.9800102177887));
#4181=CARTESIAN_POINT('',(-105.907735622924,121.791207525334,45.8957964429686));
#4182=CARTESIAN_POINT('',(-105.927630714368,121.903856095377,45.8195852098885));
#4183=CARTESIAN_POINT('',(-105.998103443961,121.983283702563,45.8214561651995));
#4184=CARTESIAN_POINT('',(-104.75083736129,122.444043389816,46.4776899938588));
#4185=CARTESIAN_POINT('',(-104.680327574842,122.526839917714,46.4248120399851));
#4186=CARTESIAN_POINT('',(-104.706327839364,122.558344274237,46.3109944895473));
#4187=CARTESIAN_POINT('',(-104.500804584216,122.152716932043,46.3358060211974));
#4188=CARTESIAN_POINT('',(-104.439674406173,122.23524199115,46.2831322320586));
#4189=CARTESIAN_POINT('',(-104.461902991199,122.262176227437,46.1731801177977));
#4190=CARTESIAN_POINT('',(-104.121501971909,121.715571530416,46.1220288098893));
#4191=CARTESIAN_POINT('',(-104.077710666432,121.796652810829,46.0704778192654));
#4192=CARTESIAN_POINT('',(-104.09342101514,121.815688941261,45.9657990029351));
#4193=CARTESIAN_POINT('',(-103.627668289018,121.167143873674,45.7598922572591));
#4194=CARTESIAN_POINT('',(-103.608313728823,121.227887502265,45.7115974837974));
#4195=CARTESIAN_POINT('',(-103.623657846988,121.246479873462,45.6374822471191));
#4196=CARTESIAN_POINT('',(-103.362583863575,120.890069669956,45.5490723495345));
#4197=CARTESIAN_POINT('',(-103.361368936441,120.92866605495,45.5078174217707));
#4198=CARTESIAN_POINT('',(-103.379839190829,120.951046345692,45.4560102436485));
#4199=CARTESIAN_POINT('',(-103.273090489529,120.799998530411,45.3370788510144));
#4200=CARTESIAN_POINT('',(-103.28015969476,120.830265329037,45.3155227871225));
#4201=CARTESIAN_POINT('',(-103.299197274339,120.853333044133,45.2923674910495));
#4202=CARTESIAN_POINT('',(-103.273090489529,120.799998530411,45.3370788510143));
#4203=CARTESIAN_POINT('',(-103.277748279846,120.819940857304,45.3228758929159));
#4204=CARTESIAN_POINT('',(-103.286653706718,120.838134082366,45.3076241585715));
#4205=CARTESIAN_POINT('',(-103.299197274339,120.853333044133,45.2923674910495));
#4206=CARTESIAN_POINT('',(-105.998103443961,121.983283702563,45.8214561651995));
#4207=CARTESIAN_POINT('',(-106.036885250307,121.949801549625,45.7820899334044));
#4208=CARTESIAN_POINT('',(-106.106971856665,121.889292494114,45.6910979623709));
#4209=CARTESIAN_POINT('',(-106.159886005103,121.843609227202,45.5815349011369));
#4210=CARTESIAN_POINT('',(-106.203104701955,121.806296498525,45.4656602571459));
#4211=CARTESIAN_POINT('',(-106.236627947221,121.777354308083,45.343474030398));
#4212=CARTESIAN_POINT('',(-106.24854184406,121.767068481978,45.2146125628228));
#4213=CARTESIAN_POINT('',(-106.24854184406,121.767068481978,45.15));
#4214=CARTESIAN_POINT('',(-105.962867079165,121.94356989897,45.820520687544));
#4215=CARTESIAN_POINT('',(-106.002314435082,121.911555633644,45.7815477450973));
#4216=CARTESIAN_POINT('',(-106.074072283758,121.853714282454,45.6907516035436));
#4217=CARTESIAN_POINT('',(-106.129103341552,121.810364833113,45.5808524975233));
#4218=CARTESIAN_POINT('',(-106.174544471625,121.775320106159,45.4647006836966));
#4219=CARTESIAN_POINT('',(-106.210395673978,121.748580101591,45.3422961620637));
#4220=CARTESIAN_POINT('',(-106.224613956327,121.740567084721,45.213983773672));
#4221=CARTESIAN_POINT('',(-106.225701601361,121.741771708942,45.15));
#4222=CARTESIAN_POINT('',(-105.937771402987,121.894906144645,45.8371875510283));
#4223=CARTESIAN_POINT('',(-105.978980400865,121.867533515545,45.7969883501386));
#4224=CARTESIAN_POINT('',(-106.052424988915,121.816352668843,45.7034141289709));
#4225=CARTESIAN_POINT('',(-106.106137551486,121.77641225211,45.5897769195025));
#4226=CARTESIAN_POINT('',(-106.150654553692,121.74452342635,45.4704729580043));
#4227=CARTESIAN_POINT('',(-106.186136069812,121.720220993083,45.3457166456557));
#4228=CARTESIAN_POINT('',(-106.200815032206,121.714208521463,45.2149816967794));
#4229=CARTESIAN_POINT('',(-106.202861358662,121.716474935906,45.15));
#4230=CARTESIAN_POINT('',(-105.922399898098,121.807870704272,45.8960704842951));
#4231=CARTESIAN_POINT('',(-105.959787092981,121.78824461343,45.847489761929));
#4232=CARTESIAN_POINT('',(-106.025043796959,121.747666574898,45.740549623558));
#4233=CARTESIAN_POINT('',(-106.071555275248,121.713326048453,45.6175914312257));
#4234=CARTESIAN_POINT('',(-106.110423824953,121.687152101857,45.4894419161215));
#4235=CARTESIAN_POINT('',(-106.141317848787,121.667459432068,45.3565298806043));
#4236=CARTESIAN_POINT('',(-106.154719687847,121.663155497218,45.2187709748719));
#4237=CARTESIAN_POINT('',(-106.157180873264,121.665881389833,45.15));
#4238=CARTESIAN_POINT('',(-105.932224110684,121.770065464928,45.9379033303786));
#4239=CARTESIAN_POINT('',(-105.964181751518,121.752094138739,45.8835523362858));
#4240=CARTESIAN_POINT('',(-106.019572550483,121.714603913124,45.7667597191796));
#4241=CARTESIAN_POINT('',(-106.060047358432,121.683471896367,45.6372013102666));
#4242=CARTESIAN_POINT('',(-106.09413065807,121.660245661708,45.5029677384674));
#4243=CARTESIAN_POINT('',(-106.120839106272,121.642485000022,45.3644878061408));
#4244=CARTESIAN_POINT('',(-106.132423267609,121.638461036231,45.2215623298569));
#4245=CARTESIAN_POINT('',(-106.134340630564,121.640584616797,45.15));
#4246=CARTESIAN_POINT('',(-105.956712598444,121.748923404522,45.9800102177887));
#4247=CARTESIAN_POINT('',(-105.980683647645,121.728228073101,45.9210941500384));
#4248=CARTESIAN_POINT('',(-106.022047932892,121.688563578211,45.7956870072954));
#4249=CARTESIAN_POINT('',(-106.053448626102,121.658818708525,45.658803773132));
#4250=CARTESIAN_POINT('',(-106.081463540427,121.637267296091,45.5180194547908));
#4251=CARTESIAN_POINT('',(-106.103485692506,121.620889716573,45.3733340522717));
#4252=CARTESIAN_POINT('',(-106.111500387645,121.615287843516,45.2245204044616));
#4253=CARTESIAN_POINT('',(-106.111500387865,121.615287843761,45.15));
#4254=CARTESIAN_POINT('',(-105.956712598444,121.748923404522,45.9800102177887));
#4255=CARTESIAN_POINT('',(-106.052596795246,121.666142078839,45.7443459467876));
#4256=CARTESIAN_POINT('',(-106.111500386983,121.615287842783,45.4480816178465));
#4257=CARTESIAN_POINT('',(-106.111500387865,121.615287843761,45.15));
#4258=CARTESIAN_POINT('',(-103.263547305395,120.810136201628,45.15));
#4259=CARTESIAN_POINT('',(-103.263547305395,120.810136201628,45.1631468284785));
#4260=CARTESIAN_POINT('',(-103.26545886948,120.812452431772,45.1889257204054));
#4261=CARTESIAN_POINT('',(-103.273102073259,120.821713653581,45.2257647547707));
#4262=CARTESIAN_POINT('',(-103.284562300088,120.835599938144,45.2604894771764));
#4263=CARTESIAN_POINT('',(-103.294107910272,120.847166293795,45.2820397451839));
#4264=CARTESIAN_POINT('',(-103.299197274339,120.853333044133,45.2923674910495));
#4265=CARTESIAN_POINT('',(-103.257300655075,120.802567174836,45.15));
#4266=CARTESIAN_POINT('',(-103.257277246296,120.802538810566,45.1643261299162));
#4267=CARTESIAN_POINT('',(-103.258819353758,120.80440737245,45.1925083154083));
#4268=CARTESIAN_POINT('',(-103.265102392184,120.812020490481,45.2330894066017));
#4269=CARTESIAN_POINT('',(-103.274558410016,120.823478287644,45.2716963467261));
#4270=CARTESIAN_POINT('',(-103.28244647629,120.833036207793,45.2959302300805));
#4271=CARTESIAN_POINT('',(-103.286653706718,120.838134082366,45.3076241585715));
#4272=CARTESIAN_POINT('',(-103.251054004756,120.794998148044,45.15));
#4273=CARTESIAN_POINT('',(-103.251007525189,120.794941829047,45.1655050202558));
#4274=CARTESIAN_POINT('',(-103.252377720771,120.796270877682,45.1960479932333));
#4275=CARTESIAN_POINT('',(-103.25808525798,120.801747453471,45.2402761192224));
#4276=CARTESIAN_POINT('',(-103.266707818723,120.809864975046,45.2827327808586));
#4277=CARTESIAN_POINT('',(-103.273908061369,120.816475915253,45.3097328251306));
#4278=CARTESIAN_POINT('',(-103.277748279846,120.819940857304,45.3228758929159));
#4279=CARTESIAN_POINT('',(-103.244807354436,120.787429121253,45.15));
#4280=CARTESIAN_POINT('',(-103.244809660074,120.787431914981,45.1665965125749));
#4281=CARTESIAN_POINT('',(-103.246234534835,120.788187566001,45.1994088447639));
#4282=CARTESIAN_POINT('',(-103.252085994659,120.791058829369,45.247209388963));
#4283=CARTESIAN_POINT('',(-103.261104959402,120.79515547572,45.2933161038747));
#4284=CARTESIAN_POINT('',(-103.268864843999,120.798361892706,45.3227407774892));
#4285=CARTESIAN_POINT('',(-103.273090489529,120.799998530411,45.3370788510143));
#4286=CARTESIAN_POINT('',(-103.244807354436,120.787429121253,45.15));
#4287=CARTESIAN_POINT('',(-103.244816576991,120.787440296165,45.2163860502994));
#4288=CARTESIAN_POINT('',(-103.25618790741,120.793451979591,45.2797265569138));
#4289=CARTESIAN_POINT('',(-103.273090489529,120.799998530411,45.3370788510143));
#4290=CARTESIAN_POINT('',(-105.956712598444,121.748923404522,45.9800102177887));
#4291=CARTESIAN_POINT('',(-105.980683647645,121.728228073101,45.9210941500384));
#4292=CARTESIAN_POINT('',(-106.022047932892,121.688563578211,45.7956870072954));
#4293=CARTESIAN_POINT('',(-106.053448626102,121.658818708525,45.658803773132));
#4294=CARTESIAN_POINT('',(-106.081463540427,121.637267296091,45.5180194547908));
#4295=CARTESIAN_POINT('',(-106.103485692506,121.620889716573,45.3733340522717));
#4296=CARTESIAN_POINT('',(-106.111500387645,121.615287843516,45.2245204044616));
#4297=CARTESIAN_POINT('',(-106.111500387865,121.615287843761,45.15));
#4298=CARTESIAN_POINT('',(-105.996906030269,121.714222529079,45.9800102177887));
#4299=CARTESIAN_POINT('',(-106.010139858283,121.691688972031,45.9193855749719));
#4300=CARTESIAN_POINT('',(-106.033273357273,121.652369898365,45.7916789457076));
#4301=CARTESIAN_POINT('',(-106.052503885048,121.627157966521,45.6544274063478));
#4302=CARTESIAN_POINT('',(-106.071165598646,121.610305136068,45.5140883005237));
#4303=CARTESIAN_POINT('',(-106.086505249771,121.598069093914,45.3705876305486));
#4304=CARTESIAN_POINT('',(-106.090587094631,121.592125268855,45.2236282567429));
#4305=CARTESIAN_POINT('',(-106.088660145166,121.589991070724,45.15));
#4306=CARTESIAN_POINT('',(-106.022332975524,121.66294671859,45.9800102177887));
#4307=CARTESIAN_POINT('',(-106.026887206978,121.644251558886,45.9176769999055));
#4308=CARTESIAN_POINT('',(-106.036221139605,121.613278164364,45.7878157217152));
#4309=CARTESIAN_POINT('',(-106.047376531022,121.594817842421,45.6503222153331));
#4310=CARTESIAN_POINT('',(-106.058259229602,121.582359858883,45.5103913231828));
#4311=CARTESIAN_POINT('',(-106.066767732888,121.572916806743,45.3679490475779));
#4312=CARTESIAN_POINT('',(-106.068299038235,121.567440071263,45.2227361090241));
#4313=CARTESIAN_POINT('',(-106.065819902467,121.564694297688,45.15));
#4314=CARTESIAN_POINT('',(-106.028923511294,121.556950418128,45.9800102177887));
#4315=CARTESIAN_POINT('',(-106.025951798057,121.550193765975,45.9142598497725));
#4316=CARTESIAN_POINT('',(-106.022562672028,121.538278056341,45.7801616925284));
#4317=CARTESIAN_POINT('',(-106.023341687549,121.530422280833,45.6422474211882));
#4318=CARTESIAN_POINT('',(-106.023944955229,121.524895193625,45.503114456964));
#4319=CARTESIAN_POINT('',(-106.023647596759,121.520580544255,45.3627258010126));
#4320=CARTESIAN_POINT('',(-106.022207264352,121.516391001508,45.2209518135866));
#4321=CARTESIAN_POINT('',(-106.020139417068,121.514100751615,45.15));
#4322=CARTESIAN_POINT('',(-106.010044209083,121.502919776504,45.9800102177887));
#4323=CARTESIAN_POINT('',(-106.009018420046,121.501783661061,45.9125512747061));
#4324=CARTESIAN_POINT('',(-106.006951687917,121.49949464626,45.7763708873338));
#4325=CARTESIAN_POINT('',(-106.004850155869,121.497167088714,45.6382778180582));
#4326=CARTESIAN_POINT('',(-106.002728977957,121.494817772338,45.4995345680862));
#4327=CARTESIAN_POINT('',(-106.000588154181,121.492446697131,45.3601411374179));
#4328=CARTESIAN_POINT('',(-105.998403546865,121.490027129345,45.2200596658678));
#4329=CARTESIAN_POINT('',(-105.997299174369,121.488803978579,45.15));
#4330=CARTESIAN_POINT('',(-105.97445893167,121.463507205543,45.9800102177887));
#4331=CARTESIAN_POINT('',(-105.97445893167,121.463507205543,45.9108426996396));
#4332=CARTESIAN_POINT('',(-105.97445893167,121.463507205543,45.7725076633415));
#4333=CARTESIAN_POINT('',(-105.97445893167,121.463507205543,45.6341726270434));
#4334=CARTESIAN_POINT('',(-105.97445893167,121.463507205543,45.4958375907453));
#4335=CARTESIAN_POINT('',(-105.97445893167,121.463507205543,45.3575025544472));
#4336=CARTESIAN_POINT('',(-105.97445893167,121.463507205543,45.2191675181491));
#4337=CARTESIAN_POINT('',(-105.97445893167,121.463507205543,45.15));
#4338=CARTESIAN_POINT('',(-105.97445893167,121.463507205543,45.9800102177887));
#4339=CARTESIAN_POINT('',(-106.045629486497,121.542332347465,45.9800102177887));
#4340=CARTESIAN_POINT('',(-106.037099462093,121.679521653636,45.9800102177887));
#4341=CARTESIAN_POINT('',(-105.956712598444,121.748923404522,45.9800102177887));
#4342=CARTESIAN_POINT('',(-103.244807354436,120.787429121253,45.15));
#4343=CARTESIAN_POINT('',(-103.244808507255,120.787430518117,45.1582982562874));
#4344=CARTESIAN_POINT('',(-103.245165878765,120.787620827736,45.1747995956221));
#4345=CARTESIAN_POINT('',(-103.246698803295,120.788404789356,45.1992316005033));
#4346=CARTESIAN_POINT('',(-103.249160264747,120.789623197685,45.2233091168634));
#4347=CARTESIAN_POINT('',(-103.252481932774,120.791212002242,45.246997660302));
#4348=CARTESIAN_POINT('',(-103.256595477031,120.793107152545,45.2702627464188));
#4349=CARTESIAN_POINT('',(-103.261432567171,120.795244598111,45.2930698908134));
#4350=CARTESIAN_POINT('',(-103.26692487285,120.797560288459,45.3153846090856));
#4351=CARTESIAN_POINT('',(-103.270977666764,120.799180211558,45.3299098142518));
#4352=CARTESIAN_POINT('',(-103.273090489529,120.799998530411,45.3370788510143));
#4353=CARTESIAN_POINT('',(-103.238560704116,120.779860094461,45.15));
#4354=CARTESIAN_POINT('',(-103.238576114113,120.779878766658,45.1580956802498));
#4355=CARTESIAN_POINT('',(-103.238925991372,120.779962784247,45.1742284261986));
#4356=CARTESIAN_POINT('',(-103.240359413626,120.780197811384,45.1982164535267));
#4357=CARTESIAN_POINT('',(-103.242652876824,120.780510820447,45.2219581413173));
#4358=CARTESIAN_POINT('',(-103.245757815542,120.780870792605,45.245418241628));
#4359=CARTESIAN_POINT('',(-103.249625664356,120.781246709027,45.2685615065163));
#4360=CARTESIAN_POINT('',(-103.254207857843,120.781607550884,45.2913526880397));
#4361=CARTESIAN_POINT('',(-103.259455830578,120.781922299345,45.3137565382558));
#4362=CARTESIAN_POINT('',(-103.263365954952,120.782080723501,45.3284107189));
#4363=CARTESIAN_POINT('',(-103.265415791872,120.782141913737,45.3356615046901));
#4364=CARTESIAN_POINT('',(-103.232314053796,120.77229106767,45.15));
#4365=CARTESIAN_POINT('',(-103.232321813792,120.772300470408,45.1579198298841));
#4366=CARTESIAN_POINT('',(-103.232600954026,120.77225743023,45.1737326445057));
#4367=CARTESIAN_POINT('',(-103.233779441085,120.771992904423,45.1973407074597));
#4368=CARTESIAN_POINT('',(-103.235686620833,120.771513984494,45.2208069878961));
#4369=CARTESIAN_POINT('',(-103.23829140925,120.770806241861,45.2441008622761));
#4370=CARTESIAN_POINT('',(-103.241562722316,120.769855247943,45.2671917070603));
#4371=CARTESIAN_POINT('',(-103.245469476013,120.768646574157,45.2900488987099));
#4372=CARTESIAN_POINT('',(-103.249980586321,120.767165791922,45.3126418136857));
#4373=CARTESIAN_POINT('',(-103.25337017492,120.765987579077,45.3275071568609));
#4374=CARTESIAN_POINT('',(-103.255155333981,120.76534831172,45.3348855744899));
#4375=CARTESIAN_POINT('',(-103.226067403476,120.764722040878,45.15));
#4376=CARTESIAN_POINT('',(-103.226067403476,120.764722040878,45.1577720689952));
#4377=CARTESIAN_POINT('',(-103.226242728359,120.764570674681,45.173316104554));
#4378=CARTESIAN_POINT('',(-103.227029854519,120.763891111738,45.1966115064874));
#4379=CARTESIAN_POINT('',(-103.228339283701,120.76276062009,45.219865912906));
#4380=CARTESIAN_POINT('',(-103.230169180093,120.761180784683,45.2430589797001));
#4381=CARTESIAN_POINT('',(-103.23251770788,120.759153190458,45.2661703627596));
#4382=CARTESIAN_POINT('',(-103.235383031251,120.756679422361,45.2891797179748));
#4383=CARTESIAN_POINT('',(-103.23876331439,120.753761065334,45.3120667012356));
#4384=CARTESIAN_POINT('',(-103.241358919121,120.751520157992,45.3272295460334));
#4385=CARTESIAN_POINT('',(-103.242741936177,120.750326134481,45.3347837917366));
#4386=CARTESIAN_POINT('',(-103.273090489529,120.799998530411,45.3370788510144));
#4387=CARTESIAN_POINT('',(-103.265415791872,120.782141913737,45.3356615046901));
#4388=CARTESIAN_POINT('',(-103.255155333981,120.76534831172,45.3348855744899));
#4389=CARTESIAN_POINT('',(-103.242741936177,120.750326134481,45.3347837917366));
#4390=CARTESIAN_POINT('',(-105.826013724449,121.597537129265,45.15));
#4391=CARTESIAN_POINT('',(-105.826013724449,121.597537129265,46.3109944895474));
#4392=CARTESIAN_POINT('',(-103.818121280614,120.2477039397,45.15));
#4393=CARTESIAN_POINT('',(-104.399308030145,119.75180836313,45.3347837917373));
#4394=CARTESIAN_POINT('',(-104.412358488593,119.766280536026,45.3348855744906));
#4395=CARTESIAN_POINT('',(-104.427475511837,119.778881237318,45.3356615046907));
#4396=CARTESIAN_POINT('',(-104.444021413438,119.789078927418,45.337078851015));
#4397=CARTESIAN_POINT('',(-105.826013724449,121.597537129265,46.3109944895474));
#4398=CARTESIAN_POINT('',(-105.826013724449,121.597537129265,46.3109944895474));
#4399=CARTESIAN_POINT('',(-104.444021413438,119.789078927418,45.337078851015));
#4400=CARTESIAN_POINT('',(-104.443522607851,119.786872686077,45.3299168119368));
#4401=CARTESIAN_POINT('',(-104.44251485881,119.782631745184,45.3153967304258));
#4402=CARTESIAN_POINT('',(-104.441027148322,119.776863093969,45.293071095075));
#4403=CARTESIAN_POINT('',(-104.43961767757,119.771765337627,45.2702424436192));
#4404=CARTESIAN_POINT('',(-104.438340773221,119.767416610908,45.2469532730377));
#4405=CARTESIAN_POINT('',(-104.437250761941,119.763895048562,45.2232460803095));
#4406=CARTESIAN_POINT('',(-104.436401970395,119.761278785338,45.1991633624141));
#4407=CARTESIAN_POINT('',(-104.43584872525,119.759645955987,45.1747476163306));
#4408=CARTESIAN_POINT('',(-104.435713143864,119.759265115502,45.1582767648024));
#4409=CARTESIAN_POINT('',(-104.435712719793,119.759264645821,45.15));
#4410=CARTESIAN_POINT('',(-104.427475511837,119.778881237318,45.3356615046908));
#4411=CARTESIAN_POINT('',(-104.427715492404,119.776847005161,45.3284152880658));
#4412=CARTESIAN_POINT('',(-104.428131277985,119.772959358009,45.3137643792549));
#4413=CARTESIAN_POINT('',(-104.428586591522,119.767723805209,45.2913531520299));
#4414=CARTESIAN_POINT('',(-104.428897702038,119.76313763678,45.2685476234696));
#4415=CARTESIAN_POINT('',(-104.429088771349,119.759254319162,45.2453883562478));
#4416=CARTESIAN_POINT('',(-104.429183961268,119.756127318796,45.2219159130378));
#4417=CARTESIAN_POINT('',(-104.429207433612,119.753810102123,45.1981708565134));
#4418=CARTESIAN_POINT('',(-104.429183350195,119.752356135585,45.1741937493481));
#4419=CARTESIAN_POINT('',(-104.42915169862,119.751997968943,45.1580813525931));
#4420=CARTESIAN_POINT('',(-104.429136000811,119.751980582791,45.15));
#4421=CARTESIAN_POINT('',(-104.412358488593,119.766280536026,45.3348855744906));
#4422=CARTESIAN_POINT('',(-104.413251887681,119.764609135638,45.3275093899702));
#4423=CARTESIAN_POINT('',(-104.414912737804,119.76142972385,45.3126456055008));
#4424=CARTESIAN_POINT('',(-104.417036132439,119.757184104187,45.2900489489381));
#4425=CARTESIAN_POINT('',(-104.418801610139,119.753495313601,45.2671845789444));
#4426=CARTESIAN_POINT('',(-104.420219134516,119.750396683151,45.2440857619473));
#4427=CARTESIAN_POINT('',(-104.421298669181,119.747921543893,45.2207857643745));
#4428=CARTESIAN_POINT('',(-104.422050177749,119.746103226887,45.1973178526535));
#4429=CARTESIAN_POINT('',(-104.42248362383,119.744975063189,45.173715293212));
#4430=CARTESIAN_POINT('',(-104.422567188636,119.744705276969,45.1579126660557));
#4431=CARTESIAN_POINT('',(-104.422559281828,119.744696519762,45.15));
#4432=CARTESIAN_POINT('',(-104.399308030145,119.75180836313,45.3347837917373));
#4433=CARTESIAN_POINT('',(-104.400691047201,119.750614339619,45.327229546034));
#4434=CARTESIAN_POINT('',(-104.403286651931,119.748373432277,45.3120667012362));
#4435=CARTESIAN_POINT('',(-104.406666935071,119.745455075251,45.2891797179753));
#4436=CARTESIAN_POINT('',(-104.409532258441,119.742981307153,45.26617036276));
#4437=CARTESIAN_POINT('',(-104.411880786229,119.740953712929,45.2430589797004));
#4438=CARTESIAN_POINT('',(-104.41371068262,119.739373877521,45.2198659129063));
#4439=CARTESIAN_POINT('',(-104.415020111803,119.738243385874,45.1966115064875));
#4440=CARTESIAN_POINT('',(-104.415807237963,119.73756382293,45.1733161045541));
#4441=CARTESIAN_POINT('',(-104.415982562846,119.737412456733,45.1577720689953));
#4442=CARTESIAN_POINT('',(-104.415982562846,119.737412456733,45.15));
#4443=CARTESIAN_POINT('',(-104.444021413438,119.789078927418,45.337078851015));
#4444=CARTESIAN_POINT('',(-104.440030968738,119.771428996684,45.279782538389));
#4445=CARTESIAN_POINT('',(-104.43571611236,119.759268403268,45.2162141184191));
#4446=CARTESIAN_POINT('',(-104.435712719793,119.759264645821,45.15));
#4447=CARTESIAN_POINT('',(-105.97445893167,121.463507205543,46.3109944895474));
#4448=CARTESIAN_POINT('',(-105.947084831236,121.433188946019,46.4248120399852));
#4449=CARTESIAN_POINT('',(-105.854887473099,121.490865129746,46.4776899938588));
#4450=CARTESIAN_POINT('',(-105.717118844358,121.178489490642,46.1731801177935));
#4451=CARTESIAN_POINT('',(-105.693715716328,121.152569292438,46.2831322320513));
#4452=CARTESIAN_POINT('',(-105.603155315574,121.20100582684,46.3358060211976));
#4453=CARTESIAN_POINT('',(-105.329166536714,120.748811855223,45.9657990029452));
#4454=CARTESIAN_POINT('',(-105.312626064107,120.730492409712,46.0704778192786));
#4455=CARTESIAN_POINT('',(-105.226023566629,120.761986217044,46.122028809902));
#4456=CARTESIAN_POINT('',(-104.834581409132,120.201032749531,45.637482247104));
#4457=CARTESIAN_POINT('',(-104.818426518416,120.183140356305,45.7115974837817));
#4458=CARTESIAN_POINT('',(-104.755509157948,120.193425936773,45.7598922572385));
#4459=CARTESIAN_POINT('',(-104.577879544627,119.91672190004,45.4560102436819));
#4460=CARTESIAN_POINT('',(-104.558433334841,119.895184197395,45.5078174218014));
#4461=CARTESIAN_POINT('',(-104.520072654842,119.890755290783,45.5490723495808));
#4462=CARTESIAN_POINT('',(-104.492976565273,119.822687373914,45.2923674910499));
#4463=CARTESIAN_POINT('',(-104.472933053217,119.800488127522,45.3155227871229));
#4464=CARTESIAN_POINT('',(-104.444021413438,119.789078927418,45.3370788510149));
#4465=CARTESIAN_POINT('',(-104.492976565273,119.822687373914,45.29236749105));
#4466=CARTESIAN_POINT('',(-104.479770204255,119.808060632784,45.3076241585721));
#4467=CARTESIAN_POINT('',(-104.463070847064,119.796596273434,45.3228758929165));
#4468=CARTESIAN_POINT('',(-104.444021413438,119.789078927418,45.337078851015));
#4469=CARTESIAN_POINT('',(-104.435712719793,119.759264645821,45.15));
#4470=CARTESIAN_POINT('',(-104.435713567935,119.759265585182,45.1665535296048));
#4471=CARTESIAN_POINT('',(-104.436254197195,119.760787068402,45.1993298765081));
#4472=CARTESIAN_POINT('',(-104.438247326686,119.767003028722,45.2471622841109));
#4473=CARTESIAN_POINT('',(-104.440988028453,119.776527646532,45.2933226031275));
#4474=CARTESIAN_POINT('',(-104.443023802263,119.784666444735,45.3227547728585));
#4475=CARTESIAN_POINT('',(-104.444021413438,119.789078927418,45.337078851015));
#4476=CARTESIAN_POINT('',(-104.442289438776,119.76654870885,45.15));
#4477=CARTESIAN_POINT('',(-104.442239450378,119.766493344064,45.1654622979002));
#4478=CARTESIAN_POINT('',(-104.443356940915,119.768045809607,45.1959708455261));
#4479=CARTESIAN_POINT('',(-104.447950771196,119.774501148824,45.2402336606571));
#4480=CARTESIAN_POINT('',(-104.454727388426,119.784220184495,45.2827446076963));
#4481=CARTESIAN_POINT('',(-104.460210452862,119.792300042948,45.3097494191386));
#4482=CARTESIAN_POINT('',(-104.463070847064,119.796596273434,45.3228758929165));
#4483=CARTESIAN_POINT('',(-104.448866157758,119.773832771879,45.15));
#4484=CARTESIAN_POINT('',(-104.448840985633,119.773804892424,45.1642836681752));
#4485=CARTESIAN_POINT('',(-104.450468722901,119.77560769727,45.1924329297585));
#4486=CARTESIAN_POINT('',(-104.457094462939,119.782946053703,45.2330514042271));
#4487=CARTESIAN_POINT('',(-104.467054226701,119.793977017195,45.2717132671845));
#4488=CARTESIAN_POINT('',(-104.475350011415,119.80316503616,45.2959493057452));
#4489=CARTESIAN_POINT('',(-104.479770204255,119.808060632784,45.3076241585721));
#4490=CARTESIAN_POINT('',(-104.45544287674,119.781116834908,45.15));
#4491=CARTESIAN_POINT('',(-104.45544287674,119.781116834908,45.1631046273521));
#4492=CARTESIAN_POINT('',(-104.457461053944,119.78335207257,45.1888521260586));
#4493=CARTESIAN_POINT('',(-104.465520735953,119.792278595339,45.2257313036349));
#4494=CARTESIAN_POINT('',(-104.477590718756,119.805646737681,45.2605116082375));
#4495=CARTESIAN_POINT('',(-104.487629497548,119.816765214485,45.2820613609963));
#4496=CARTESIAN_POINT('',(-104.492976565273,119.822687373914,45.29236749105));
#4497=MECHANICAL_DESIGN_GEOMETRIC_PRESENTATION_REPRESENTATION('',(#1570),
#4498);
#4498=(
GEOMETRIC_REPRESENTATION_CONTEXT(3)
GLOBAL_UNCERTAINTY_ASSIGNED_CONTEXT((#4499))
GLOBAL_UNIT_ASSIGNED_CONTEXT((#4502,#4501,#4500))
REPRESENTATION_CONTEXT('C04-2','TOP_LEVEL_ASSEMBLY_PART')
);
#4499=UNCERTAINTY_MEASURE_WITH_UNIT(LENGTH_MEASURE(0.005),#4502,
'DISTANCE_ACCURACY_VALUE','Maximum Tolerance applied to model');
#4500=(
NAMED_UNIT(*)
SI_UNIT($,.STERADIAN.)
SOLID_ANGLE_UNIT()
);
#4501=(
NAMED_UNIT(*)
PLANE_ANGLE_UNIT()
SI_UNIT($,.RADIAN.)
);
#4502=(
LENGTH_UNIT()
NAMED_UNIT(*)
SI_UNIT(.MILLI.,.METRE.)
);
#4503=PRODUCT_DEFINITION_SHAPE('','',#4504);
#4504=PRODUCT_DEFINITION('','',#4506,#4505);
#4505=PRODUCT_DEFINITION_CONTEXT('',#4512,'design');
#4506=PRODUCT_DEFINITION_FORMATION_WITH_SPECIFIED_SOURCE('','',#4508,
 .NOT_KNOWN.);
#4507=PRODUCT_RELATED_PRODUCT_CATEGORY('','',(#4508));
#4508=PRODUCT('C04-2','C04-2','C04-2',(#4510));
#4509=PRODUCT_CATEGORY('','');
#4510=PRODUCT_CONTEXT('',#4512,'mechanical');
#4511=APPLICATION_PROTOCOL_DEFINITION('international standard',
'ap242_managed_model_based_3d_engineering',2020,#4512);
#4512=APPLICATION_CONTEXT('managed model based 3d engineering');
ENDSEC;
END-ISO-10303-21;
