ISO-10303-21;
HEADER;
/* Generated by software containing ST-Developer
 * from STEP Tools, Inc. (www.steptools.com) 
 */
/* OPTION: using custom renumber hook */

FILE_DESCRIPTION(
/* description */ (
'CAx-IF Rec.Pracs.---Representation and Presentation of Product Manufa
cturing Information (PMI)---4.0---2014-10-13',
'CAx-IF Rec.Pracs.---3D Tessellated Geometry---0.4---2014-09-14','2;1'),

/* implementation_level */ '2;1');

FILE_NAME(
/* name */ 'C07-01',
/* time_stamp */ '2026-04-13T01:14:58+03:00',
/* author */ (''),
/* organization */ (''),
/* preprocessor_version */ 'ST-DEVELOPER v18.102',
/* originating_system */ 'SIEMENS PLM Software NX2206.9140',
/* authorisation */ $);

FILE_SCHEMA (('AP242_MANAGED_MODEL_BASED_3D_ENGINEERING_MIM_LF { 1 0 10303 442 3 1 4 }'));
ENDSEC;

DATA;
#10=SHAPE_REPRESENTATION_RELATIONSHIP('','',#2359,#11);
#11=ADVANCED_BREP_SHAPE_REPRESENTATION('',(#2357),#4785);
#12=VERTEX_LOOP('',#1686);
#13=VERTEX_LOOP('',#1689);
#14=TOROIDAL_SURFACE('',#2619,2.19709128094547,0.5);
#15=TOROIDAL_SURFACE('',#2621,2.19709128094547,0.5);
#16=TOROIDAL_SURFACE('',#2634,2.53144031225381,0.3);
#17=TOROIDAL_SURFACE('',#2638,3.16289303087612,0.3);
#18=TOROIDAL_SURFACE('',#2640,3.16289303087612,0.3);
#19=TOROIDAL_SURFACE('',#2643,2.53144031225381,0.3);
#20=TOROIDAL_SURFACE('',#2644,1.97992820408125,0.2);
#21=TOROIDAL_SURFACE('',#2645,1.97992820408126,0.2);
#22=TOROIDAL_SURFACE('',#2646,2.04366812792933,0.2);
#23=TOROIDAL_SURFACE('',#2653,2.04366812792933,0.2);
#24=TOROIDAL_SURFACE('',#2657,2.55633187207067,0.2);
#25=TOROIDAL_SURFACE('',#2659,2.55633187207067,0.2);
#26=CONICAL_SURFACE('',#2560,2.8,0.0174532925199433);
#27=CONICAL_SURFACE('',#2564,2.8,0.0174532925199433);
#28=CONICAL_SURFACE('',#2585,1.8,0.0174532925199433);
#29=CONICAL_SURFACE('',#2589,1.8,0.0174532925199433);
#30=CONICAL_SURFACE('',#2595,2.19999238461283,0.00872664625997164);
#31=CONICAL_SURFACE('',#2601,2.19999238461283,0.00872664625997164);
#32=CONICAL_SURFACE('',#2624,0.9,1.02974425867665);
#33=CONICAL_SURFACE('',#2628,0.9,1.02974425867665);
#34=CONICAL_SURFACE('',#2632,1.5,0.785398163397448);
#35=CONICAL_SURFACE('',#2633,1.5,0.785398163397448);
#36=B_SPLINE_SURFACE_WITH_KNOTS('',3,3,((#4290,#4291,#4292,#4293),(#4294,
#4295,#4296,#4297),(#4298,#4299,#4300,#4301),(#4302,#4303,#4304,#4305)),
 .UNSPECIFIED.,.F.,.F.,.F.,(4,4),(4,4),(0.531443603082973,0.531459466162294),
(0.,1.),.PIECEWISE_BEZIER_KNOTS.);
#37=B_SPLINE_SURFACE_WITH_KNOTS('',3,3,((#4360,#4361,#4362,#4363),(#4364,
#4365,#4366,#4367),(#4368,#4369,#4370,#4371),(#4372,#4373,#4374,#4375)),
 .UNSPECIFIED.,.F.,.F.,.F.,(4,4),(4,4),(0.468540538267111,0.468556381596644),
(0.,1.),.PIECEWISE_BEZIER_KNOTS.);
#38=SPHERICAL_SURFACE('',#2472,0.2);
#39=SPHERICAL_SURFACE('',#2477,0.2);
#40=B_SPLINE_CURVE_WITH_KNOTS('',3,(#3446,#3447,#3448,#3449),
 .UNSPECIFIED.,.F.,.F.,(4,4),(3.46944695195361E-18,0.000474016821526143),
 .UNSPECIFIED.);
#41=B_SPLINE_CURVE_WITH_KNOTS('',3,(#3450,#3451,#3452,#3453),
 .UNSPECIFIED.,.F.,.F.,(4,4),(0.,0.00015934059905529),.UNSPECIFIED.);
#42=B_SPLINE_CURVE_WITH_KNOTS('',3,(#3537,#3538,#3539,#3540),
 .UNSPECIFIED.,.F.,.F.,(4,4),(0.,0.000159177900758778),.UNSPECIFIED.);
#43=B_SPLINE_CURVE_WITH_KNOTS('',3,(#3541,#3542,#3543,#3544),
 .UNSPECIFIED.,.F.,.F.,(4,4),(0.,0.000473909723605433),.UNSPECIFIED.);
#44=B_SPLINE_CURVE_WITH_KNOTS('',3,(#3645,#3646,#3647,#3648),
 .UNSPECIFIED.,.F.,.F.,(4,4),(6.9928938926747E-18,0.000309511579537308),
 .UNSPECIFIED.);
#45=B_SPLINE_CURVE_WITH_KNOTS('',3,(#3652,#3653,#3654,#3655),
 .UNSPECIFIED.,.F.,.F.,(4,4),(6.93889390390723E-18,0.000309211638580052),
 .UNSPECIFIED.);
#46=B_SPLINE_CURVE_WITH_KNOTS('',3,(#3720,#3721,#3722,#3723),
 .UNSPECIFIED.,.F.,.F.,(4,4),(0.,0.000474074674555215),.UNSPECIFIED.);
#47=B_SPLINE_CURVE_WITH_KNOTS('',3,(#3727,#3728,#3729,#3730),
 .UNSPECIFIED.,.F.,.F.,(4,4),(0.,0.00309871851263211),.UNSPECIFIED.);
#48=B_SPLINE_CURVE_WITH_KNOTS('',3,(#3750,#3751,#3752,#3753),
 .UNSPECIFIED.,.F.,.F.,(4,4),(1.39857877853494E-17,0.000607556374016409),
 .UNSPECIFIED.);
#49=B_SPLINE_CURVE_WITH_KNOTS('',3,(#3787,#3788,#3789,#3790),
 .UNSPECIFIED.,.F.,.F.,(4,4),(0.,0.000159421880673982),.UNSPECIFIED.);
#50=B_SPLINE_CURVE_WITH_KNOTS('',3,(#3821,#3822,#3823,#3824),
 .UNSPECIFIED.,.F.,.F.,(4,4),(0.,0.000473844867719593),.UNSPECIFIED.);
#51=B_SPLINE_CURVE_WITH_KNOTS('',3,(#3825,#3826,#3827,#3828),
 .UNSPECIFIED.,.F.,.F.,(4,4),(0.,0.00015947583936969),.UNSPECIFIED.);
#52=B_SPLINE_CURVE_WITH_KNOTS('',3,(#3839,#3840,#3841,#3842),
 .UNSPECIFIED.,.F.,.F.,(4,4),(0.,0.00309900496832847),.UNSPECIFIED.);
#53=B_SPLINE_CURVE_WITH_KNOTS('',3,(#3889,#3890,#3891,#3892),
 .UNSPECIFIED.,.F.,.F.,(4,4),(8.67361737988404E-19,0.000607620519122559),
 .UNSPECIFIED.);
#54=B_SPLINE_CURVE_WITH_KNOTS('',3,(#3958,#3959,#3960,#3961),
 .UNSPECIFIED.,.F.,.F.,(4,4),(0.,0.00281693482112572),.UNSPECIFIED.);
#55=B_SPLINE_CURVE_WITH_KNOTS('',3,(#3989,#3990,#3991,#3992),
 .UNSPECIFIED.,.F.,.F.,(4,4),(0.,0.00281843408565231),.UNSPECIFIED.);
#56=B_SPLINE_CURVE_WITH_KNOTS('',3,(#4013,#4014,#4015,#4016),
 .UNSPECIFIED.,.F.,.F.,(4,4),(0.,0.000621052772814408),.UNSPECIFIED.);
#57=B_SPLINE_CURVE_WITH_KNOTS('',3,(#4031,#4032,#4033,#4034),
 .UNSPECIFIED.,.F.,.F.,(4,4),(5.20417042793042E-18,0.000315441046867542),
 .UNSPECIFIED.);
#58=B_SPLINE_CURVE_WITH_KNOTS('',3,(#4050,#4051,#4052,#4053),
 .UNSPECIFIED.,.F.,.F.,(4,4),(0.,0.000621030708226402),.UNSPECIFIED.);
#59=B_SPLINE_CURVE_WITH_KNOTS('',3,(#4068,#4069,#4070,#4071),
 .UNSPECIFIED.,.F.,.F.,(4,4),(0.,0.000315659038762075),.UNSPECIFIED.);
#60=B_SPLINE_CURVE_WITH_KNOTS('',3,(#4157,#4158,#4159,#4160),
 .UNSPECIFIED.,.F.,.F.,(4,4),(4.9065389333868E-18,0.00185902592005378),
 .UNSPECIFIED.);
#61=B_SPLINE_CURVE_WITH_KNOTS('',3,(#4164,#4165,#4166,#4167),
 .UNSPECIFIED.,.F.,.F.,(4,4),(0.,0.00314219934887847),.UNSPECIFIED.);
#62=B_SPLINE_CURVE_WITH_KNOTS('',3,(#4171,#4172,#4173,#4174),
 .UNSPECIFIED.,.F.,.F.,(4,4),(0.,0.00313944773224862),.UNSPECIFIED.);
#63=B_SPLINE_CURVE_WITH_KNOTS('',3,(#4178,#4179,#4180,#4181),
 .UNSPECIFIED.,.F.,.F.,(4,4),(0.,0.00185804968856818),.UNSPECIFIED.);
#64=B_SPLINE_CURVE_WITH_KNOTS('',3,(#4196,#4197,#4198,#4199),
 .UNSPECIFIED.,.F.,.F.,(4,4),(9.27063232839489E-17,0.0012869451825986),
 .UNSPECIFIED.);
#65=B_SPLINE_CURVE_WITH_KNOTS('',3,(#4233,#4234,#4235,#4236),
 .UNSPECIFIED.,.F.,.F.,(4,4),(3.87895961444886E-18,0.00128691050244155),
 .UNSPECIFIED.);
#66=B_SPLINE_CURVE_WITH_KNOTS('',3,(#4268,#4269,#4270,#4271),
 .UNSPECIFIED.,.F.,.F.,(4,4),(0.,0.00127849233540067),.UNSPECIFIED.);
#67=B_SPLINE_CURVE_WITH_KNOTS('',3,(#4286,#4287,#4288,#4289),
 .UNSPECIFIED.,.F.,.F.,(4,4),(0.,0.00168357889498792),.UNSPECIFIED.);
#68=B_SPLINE_CURVE_WITH_KNOTS('',3,(#4323,#4324,#4325,#4326),
 .UNSPECIFIED.,.F.,.F.,(4,4),(0.,0.00285208474361315),.UNSPECIFIED.);
#69=B_SPLINE_CURVE_WITH_KNOTS('',3,(#4356,#4357,#4358,#4359),
 .UNSPECIFIED.,.F.,.F.,(4,4),(1.73472347597681E-18,0.00285208390263608),
 .UNSPECIFIED.);
#70=B_SPLINE_CURVE_WITH_KNOTS('',3,(#4393,#4394,#4395,#4396),
 .UNSPECIFIED.,.F.,.F.,(4,4),(0.,0.00168233311763454),.UNSPECIFIED.);
#71=B_SPLINE_CURVE_WITH_KNOTS('',3,(#4409,#4410,#4411,#4412),
 .UNSPECIFIED.,.F.,.F.,(4,4),(4.98261384108449E-18,0.0012785284302132),
 .UNSPECIFIED.);
#72=B_SPLINE_CURVE_WITH_KNOTS('',3,(#4416,#4417,#4418,#4419),
 .UNSPECIFIED.,.F.,.F.,(4,4),(0.0927873881979217,0.907198150451423),
 .UNSPECIFIED.);
#73=CYLINDRICAL_SURFACE('',#2372,0.2);
#74=CYLINDRICAL_SURFACE('',#2390,158.35);
#75=CYLINDRICAL_SURFACE('',#2397,0.2);
#76=CYLINDRICAL_SURFACE('',#2401,0.2);
#77=CYLINDRICAL_SURFACE('',#2405,0.2);
#78=CYLINDRICAL_SURFACE('',#2415,0.2);
#79=CYLINDRICAL_SURFACE('',#2419,0.2);
#80=CYLINDRICAL_SURFACE('',#2424,0.3);
#81=CYLINDRICAL_SURFACE('',#2425,2.);
#82=CYLINDRICAL_SURFACE('',#2426,0.2);
#83=CYLINDRICAL_SURFACE('',#2427,0.2);
#84=CYLINDRICAL_SURFACE('',#2437,0.2);
#85=CYLINDRICAL_SURFACE('',#2439,0.2);
#86=CYLINDRICAL_SURFACE('',#2440,2.);
#87=CYLINDRICAL_SURFACE('',#2444,0.3);
#88=CYLINDRICAL_SURFACE('',#2447,2.5);
#89=CYLINDRICAL_SURFACE('',#2450,2.5);
#90=CYLINDRICAL_SURFACE('',#2453,0.3);
#91=CYLINDRICAL_SURFACE('',#2456,0.3);
#92=CYLINDRICAL_SURFACE('',#2475,161.);
#93=CYLINDRICAL_SURFACE('',#2485,0.2);
#94=CYLINDRICAL_SURFACE('',#2489,0.2);
#95=CYLINDRICAL_SURFACE('',#2493,0.2);
#96=CYLINDRICAL_SURFACE('',#2497,0.2);
#97=CYLINDRICAL_SURFACE('',#2498,160.6);
#98=CYLINDRICAL_SURFACE('',#2505,0.2);
#99=CYLINDRICAL_SURFACE('',#2507,0.2);
#100=CYLINDRICAL_SURFACE('',#2529,0.2);
#101=CYLINDRICAL_SURFACE('',#2533,0.2);
#102=CYLINDRICAL_SURFACE('',#2537,0.2);
#103=CYLINDRICAL_SURFACE('',#2541,0.2);
#104=CYLINDRICAL_SURFACE('',#2547,1.6);
#105=CYLINDRICAL_SURFACE('',#2550,1.6);
#106=CYLINDRICAL_SURFACE('',#2553,1.6);
#107=CYLINDRICAL_SURFACE('',#2556,1.6);
#108=CYLINDRICAL_SURFACE('',#2576,1.8);
#109=CYLINDRICAL_SURFACE('',#2578,1.8);
#110=CYLINDRICAL_SURFACE('',#2580,1.8);
#111=CYLINDRICAL_SURFACE('',#2582,1.8);
#112=CYLINDRICAL_SURFACE('',#2606,0.2);
#113=CYLINDRICAL_SURFACE('',#2608,0.2);
#114=CYLINDRICAL_SURFACE('',#2612,0.2);
#115=CYLINDRICAL_SURFACE('',#2614,0.2);
#116=CYLINDRICAL_SURFACE('',#2616,0.5);
#117=CYLINDRICAL_SURFACE('',#2623,0.5);
#118=CYLINDRICAL_SURFACE('',#2626,0.9);
#119=CYLINDRICAL_SURFACE('',#2630,0.9);
#120=CYLINDRICAL_SURFACE('',#2635,0.3);
#121=CYLINDRICAL_SURFACE('',#2642,0.3);
#122=CYLINDRICAL_SURFACE('',#2649,0.2);
#123=CYLINDRICAL_SURFACE('',#2651,0.2);
#124=CYLINDRICAL_SURFACE('',#2654,0.2);
#125=CYLINDRICAL_SURFACE('',#2661,0.2);
#126=(
BOUNDED_SURFACE()
B_SPLINE_SURFACE(3,2,((#3402,#3403,#3404),(#3405,#3406,#3407),(#3408,#3409,
#3410),(#3411,#3412,#3413)),.UNSPECIFIED.,.F.,.F.,.F.)
B_SPLINE_SURFACE_WITH_KNOTS((4,4),(3,3),(3.00525127395779,3.2915401633094),
(0.,1.),.PIECEWISE_BEZIER_KNOTS.)
GEOMETRIC_REPRESENTATION_ITEM()
RATIONAL_B_SPLINE_SURFACE(((1.,0.692417017517519,1.),(1.,0.692222655695419,
1.),(1.,0.692232491443038,1.),(1.,0.692446101841411,1.)))
REPRESENTATION_ITEM('')
SURFACE()
);
#127=(
BOUNDED_SURFACE()
B_SPLINE_SURFACE(3,2,((#3431,#3432,#3433),(#3434,#3435,#3436),(#3437,#3438,
#3439),(#3440,#3441,#3442)),.UNSPECIFIED.,.F.,.F.,.F.)
B_SPLINE_SURFACE_WITH_KNOTS((4,4),(3,3),(0.,0.000158295801949697),(0.,1.),
 .PIECEWISE_BEZIER_KNOTS.)
GEOMETRIC_REPRESENTATION_ITEM()
RATIONAL_B_SPLINE_SURFACE(((1.,0.692446101841405,1.),(1.,0.67140675935157,
1.),(1.,0.658682867496892,1.),(1.,0.667293483786385,1.)))
REPRESENTATION_ITEM('')
SURFACE()
);
#128=(
BOUNDED_SURFACE()
B_SPLINE_SURFACE(3,2,((#3454,#3455,#3456),(#3457,#3458,#3459),(#3460,#3461,
#3462),(#3463,#3464,#3465),(#3466,#3467,#3468)),.UNSPECIFIED.,.F.,.F.,.F.)
B_SPLINE_SURFACE_WITH_KNOTS((4,1,4),(3,3),(1.83371875586398,2.61096561278895,
3.38821246971392),(0.,1.),.UNSPECIFIED.)
GEOMETRIC_REPRESENTATION_ITEM()
RATIONAL_B_SPLINE_SURFACE(((1.,0.703868433211159,1.),(1.,0.70074408397409,
1.),(1.,0.695159208803589,1.),(1.,0.694147066141877,1.),(1.,0.694947090382813,
1.)))
REPRESENTATION_ITEM('')
SURFACE()
);
#129=(
BOUNDED_SURFACE()
B_SPLINE_SURFACE(3,2,((#3498,#3499,#3500),(#3501,#3502,#3503),(#3504,#3505,
#3506),(#3507,#3508,#3509),(#3510,#3511,#3512)),.UNSPECIFIED.,.F.,.F.,.F.)
B_SPLINE_SURFACE_WITH_KNOTS((4,1,4),(3,3),(2.89485286582636,3.67216377404394,
4.44947468226151),(0.,1.),.UNSPECIFIED.)
GEOMETRIC_REPRESENTATION_ITEM()
RATIONAL_B_SPLINE_SURFACE(((1.,0.694947090382806,1.),(1.,0.694146594758007,
1.),(1.,0.695158251463502,1.),(1.,0.700743725269078,1.),(1.,0.703868433211159,
1.)))
REPRESENTATION_ITEM('')
SURFACE()
);
#130=(
BOUNDED_SURFACE()
B_SPLINE_SURFACE(3,2,((#3522,#3523,#3524),(#3525,#3526,#3527),(#3528,#3529,
#3530),(#3531,#3532,#3533)),.UNSPECIFIED.,.F.,.F.,.F.)
B_SPLINE_SURFACE_WITH_KNOTS((4,4),(3,3),(-3.41523684332934E-18,0.000158241274184267),
(0.,1.),.PIECEWISE_BEZIER_KNOTS.)
GEOMETRIC_REPRESENTATION_ITEM()
RATIONAL_B_SPLINE_SURFACE(((1.,0.667293964882829,1.),(1.,0.658683615330458,
1.),(1.,0.671389977272326,1.),(1.,0.692417017517332,1.)))
REPRESENTATION_ITEM('')
SURFACE()
);
#131=(
BOUNDED_SURFACE()
B_SPLINE_SURFACE(3,2,((#3551,#3552,#3553),(#3554,#3555,#3556),(#3557,#3558,
#3559),(#3560,#3561,#3562),(#3563,#3564,#3565)),.UNSPECIFIED.,.F.,.F.,.F.)
B_SPLINE_SURFACE_WITH_KNOTS((4,1,4),(3,3),(5.49915667165251,6.28318530717956,
7.06721394270662),(0.,1.),.UNSPECIFIED.)
GEOMETRIC_REPRESENTATION_ITEM()
RATIONAL_B_SPLINE_SURFACE(((1.,0.688354575693755,1.),(1.,0.683400654311487,
1.),(1.,0.677545294309779,1.),(1.,0.683400654309482,1.),(1.,0.688354575693754,
1.)))
REPRESENTATION_ITEM('')
SURFACE()
);
#132=(
BOUNDED_SURFACE()
B_SPLINE_SURFACE(3,2,((#3575,#3576,#3577),(#3578,#3579,#3580),(#3581,#3582,
#3583),(#3584,#3585,#3586),(#3587,#3588,#3589)),.UNSPECIFIED.,.F.,.F.,.F.)
B_SPLINE_SURFACE_WITH_KNOTS((4,1,4),(3,3),(2.35756401806276,3.14159265358982,
3.92562128911687),(0.,1.),.UNSPECIFIED.)
GEOMETRIC_REPRESENTATION_ITEM()
RATIONAL_B_SPLINE_SURFACE(((1.,0.688354575693761,1.),(1.,0.68340065430745,
1.),(1.,0.677545294310796,1.),(1.,0.683400654311487,1.),(1.,0.688354575693755,
1.)))
REPRESENTATION_ITEM('')
SURFACE()
);
#133=(
BOUNDED_SURFACE()
B_SPLINE_SURFACE(3,2,((#3597,#3598,#3599),(#3600,#3601,#3602),(#3603,#3604,
#3605),(#3606,#3607,#3608)),.UNSPECIFIED.,.F.,.F.,.F.)
B_SPLINE_SURFACE_WITH_KNOTS((4,4),(3,3),(2.31234972158321,3.88038113551998),
(0.,1.),.PIECEWISE_BEZIER_KNOTS.)
GEOMETRIC_REPRESENTATION_ITEM()
RATIONAL_B_SPLINE_SURFACE(((1.,0.689994277268201,1.),(1.,0.680107681392871,
1.),(1.,0.679304888844731,1.),(1.,0.688354575693752,1.)))
REPRESENTATION_ITEM('')
SURFACE()
);
#134=(
BOUNDED_SURFACE()
B_SPLINE_SURFACE(3,2,((#3616,#3617,#3618),(#3619,#3620,#3621),(#3622,#3623,
#3624),(#3625,#3626,#3627)),.UNSPECIFIED.,.F.,.F.,.F.)
B_SPLINE_SURFACE_WITH_KNOTS((4,4),(3,3),(4.99469230182832,6.59959232216025),
(0.,1.),.PIECEWISE_BEZIER_KNOTS.)
GEOMETRIC_REPRESENTATION_ITEM()
RATIONAL_B_SPLINE_SURFACE(((1.,0.702133989001325,1.),(1.,0.6929296913686,
1.),(1.,0.686959820323982,1.),(1.,0.689994277268209,1.)))
REPRESENTATION_ITEM('')
SURFACE()
);
#135=(
BOUNDED_SURFACE()
B_SPLINE_SURFACE(3,2,((#3633,#3634,#3635),(#3636,#3637,#3638),(#3639,#3640,
#3641),(#3642,#3643,#3644)),.UNSPECIFIED.,.F.,.F.,.F.)
B_SPLINE_SURFACE_WITH_KNOTS((4,4),(3,3),(6.13247171379706,6.4229073604058),
(0.,1.),.PIECEWISE_BEZIER_KNOTS.)
GEOMETRIC_REPRESENTATION_ITEM()
RATIONAL_B_SPLINE_SURFACE(((1.,0.723627831737389,1.),(1.,0.723867957271265,
1.),(1.,0.723876830552747,1.),(1.,0.723654106790069,1.)))
REPRESENTATION_ITEM('')
SURFACE()
);
#136=(
BOUNDED_SURFACE()
B_SPLINE_SURFACE(3,2,((#3656,#3657,#3658),(#3659,#3660,#3661),(#3662,#3663,
#3664),(#3665,#3666,#3667)),.UNSPECIFIED.,.F.,.F.,.F.)
B_SPLINE_SURFACE_WITH_KNOTS((4,4),(3,3),(2.81529201959804,4.42019203992998),
(0.,1.),.PIECEWISE_BEZIER_KNOTS.)
GEOMETRIC_REPRESENTATION_ITEM()
RATIONAL_B_SPLINE_SURFACE(((1.,0.689994277268209,1.),(1.,0.686857962076754,
1.),(1.,0.692736800242284,1.),(1.,0.701946964186427,1.)))
REPRESENTATION_ITEM('')
SURFACE()
);
#137=(
BOUNDED_SURFACE()
B_SPLINE_SURFACE(3,2,((#3679,#3680,#3681),(#3682,#3683,#3684),(#3685,#3686,
#3687),(#3688,#3689,#3690)),.UNSPECIFIED.,.F.,.F.,.F.)
B_SPLINE_SURFACE_WITH_KNOTS((4,4),(3,3),(2.40251804782106,3.97107431140227),
(0.,1.),.PIECEWISE_BEZIER_KNOTS.)
GEOMETRIC_REPRESENTATION_ITEM()
RATIONAL_B_SPLINE_SURFACE(((1.,0.688354575693756,1.),(1.,0.679296655402318,
1.),(1.,0.680099630763457,1.),(1.,0.689994277268202,1.)))
REPRESENTATION_ITEM('')
SURFACE()
);
#138=(
BOUNDED_SURFACE()
B_SPLINE_SURFACE(3,2,((#3702,#3703,#3704),(#3705,#3706,#3707),(#3708,#3709,
#3710),(#3711,#3712,#3713)),.UNSPECIFIED.,.F.,.F.,.F.)
B_SPLINE_SURFACE_WITH_KNOTS((4,4),(3,3),(1.46112390547491,1.46164867888307),
(0.,1.),.PIECEWISE_BEZIER_KNOTS.)
GEOMETRIC_REPRESENTATION_ITEM()
RATIONAL_B_SPLINE_SURFACE(((1.,0.667293483786433,1.),(1.,0.667358616822773,
1.),(1.,0.667423742235901,1.),(1.,0.66748886000522,1.)))
REPRESENTATION_ITEM('')
SURFACE()
);
#139=(
BOUNDED_SURFACE()
B_SPLINE_SURFACE(3,2,((#3738,#3739,#3740),(#3741,#3742,#3743),(#3744,#3745,
#3746),(#3747,#3748,#3749)),.UNSPECIFIED.,.F.,.F.,.F.)
B_SPLINE_SURFACE_WITH_KNOTS((4,4),(3,3),(-3.41523684332934E-18,0.000607556374016493),
(0.,1.),.PIECEWISE_BEZIER_KNOTS.)
GEOMETRIC_REPRESENTATION_ITEM()
RATIONAL_B_SPLINE_SURFACE(((1.,0.667488860005268,1.),(1.,0.665686709049189,
1.),(1.,0.682204556539434,1.),(1.,0.701946964186487,1.)))
REPRESENTATION_ITEM('')
SURFACE()
);
#140=(
BOUNDED_SURFACE()
B_SPLINE_SURFACE(3,2,((#3754,#3755,#3756),(#3757,#3758,#3759),(#3760,#3761,
#3762),(#3763,#3764,#3765)),.UNSPECIFIED.,.F.,.F.,.F.)
B_SPLINE_SURFACE_WITH_KNOTS((4,4),(3,3),(1.46267391460119,1.46336304574256),
(0.,1.),.PIECEWISE_BEZIER_KNOTS.)
GEOMETRIC_REPRESENTATION_ITEM()
RATIONAL_B_SPLINE_SURFACE(((1.,0.744277562770835,1.),(1.,0.744200864286089,
1.),(1.,0.744124150938129,1.),(1.,0.744047422980025,1.)))
REPRESENTATION_ITEM('')
SURFACE()
);
#141=(
BOUNDED_SURFACE()
B_SPLINE_SURFACE(3,2,((#3773,#3774,#3775),(#3776,#3777,#3778),(#3779,#3780,
#3781),(#3782,#3783,#3784)),.UNSPECIFIED.,.F.,.F.,.F.)
B_SPLINE_SURFACE_WITH_KNOTS((4,4),(3,3),(0.,0.000158287883203009),(0.,1.),
 .PIECEWISE_BEZIER_KNOTS.)
GEOMETRIC_REPRESENTATION_ITEM()
RATIONAL_B_SPLINE_SURFACE(((1.,0.74427756277084,1.),(1.,0.751992975259167,
1.),(1.,0.741384344286198,1.),(1.,0.721472902288082,1.)))
REPRESENTATION_ITEM('')
SURFACE()
);
#142=(
BOUNDED_SURFACE()
B_SPLINE_SURFACE(3,2,((#3791,#3792,#3793),(#3794,#3795,#3796),(#3797,#3798,
#3799),(#3800,#3801,#3802)),.UNSPECIFIED.,.F.,.F.,.F.)
B_SPLINE_SURFACE_WITH_KNOTS((4,4),(3,3),(3.00679227521586,3.2899991530909),
(0.,1.),.PIECEWISE_BEZIER_KNOTS.)
GEOMETRIC_REPRESENTATION_ITEM()
RATIONAL_B_SPLINE_SURFACE(((1.,0.72150051685961,1.),(1.,0.721682963366579,
1.),(1.,0.721673642678636,1.),(1.,0.721472902287912,1.)))
REPRESENTATION_ITEM('')
SURFACE()
);
#143=(
BOUNDED_SURFACE()
B_SPLINE_SURFACE(3,2,((#3806,#3807,#3808),(#3809,#3810,#3811),(#3812,#3813,
#3814),(#3815,#3816,#3817)),.UNSPECIFIED.,.F.,.F.,.F.)
B_SPLINE_SURFACE_WITH_KNOTS((4,4),(3,3),(0.,0.000158228814273841),(0.,1.),
 .PIECEWISE_BEZIER_KNOTS.)
GEOMETRIC_REPRESENTATION_ITEM()
RATIONAL_B_SPLINE_SURFACE(((1.,0.721500516859613,1.),(1.,0.741400851894889,
1.),(1.,0.751993933803423,1.),(1.,0.744277136048805,1.)))
REPRESENTATION_ITEM('')
SURFACE()
);
#144=(
BOUNDED_SURFACE()
B_SPLINE_SURFACE(3,2,((#3843,#3844,#3845),(#3846,#3847,#3848),(#3849,#3850,
#3851),(#3852,#3853,#3854)),.UNSPECIFIED.,.F.,.F.,.F.)
B_SPLINE_SURFACE_WITH_KNOTS((4,4),(3,3),(4.81982319551736,4.82051011455595),
(0.,1.),.PIECEWISE_BEZIER_KNOTS.)
GEOMETRIC_REPRESENTATION_ITEM()
RATIONAL_B_SPLINE_SURFACE(((1.,0.744047734981954,1.),(1.,0.744124216654245,
1.),(1.,0.744200683693992,1.),(1.,0.744277136048763,1.)))
REPRESENTATION_ITEM('')
SURFACE()
);
#145=(
BOUNDED_SURFACE()
B_SPLINE_SURFACE(3,2,((#3862,#3863,#3864),(#3865,#3866,#3867),(#3868,#3869,
#3870),(#3871,#3872,#3873)),.UNSPECIFIED.,.F.,.F.,.F.)
B_SPLINE_SURFACE_WITH_KNOTS((4,4),(3,3),(4.82153542773577,4.82206010964877),
(0.,1.),.PIECEWISE_BEZIER_KNOTS.)
GEOMETRIC_REPRESENTATION_ITEM()
RATIONAL_B_SPLINE_SURFACE(((1.,0.667489306928366,1.),(1.,0.667424200571544,
1.),(1.,0.667359086567029,1.),(1.,0.667293964882829,1.)))
REPRESENTATION_ITEM('')
SURFACE()
);
#146=(
BOUNDED_SURFACE()
B_SPLINE_SURFACE(3,2,((#3877,#3878,#3879),(#3880,#3881,#3882),(#3883,#3884,
#3885),(#3886,#3887,#3888)),.UNSPECIFIED.,.F.,.F.,.F.)
B_SPLINE_SURFACE_WITH_KNOTS((4,4),(3,3),(0.,0.000607620519122559),(0.,1.),
 .PIECEWISE_BEZIER_KNOTS.)
GEOMETRIC_REPRESENTATION_ITEM()
RATIONAL_B_SPLINE_SURFACE(((1.,0.702133989001418,1.),(1.,0.68238843699028,
1.),(1.,0.665786096628804,1.),(1.,0.667489306928496,1.)))
REPRESENTATION_ITEM('')
SURFACE()
);
#147=(
BOUNDED_SURFACE()
B_SPLINE_SURFACE(3,2,((#3925,#3926,#3927),(#3928,#3929,#3930),(#3931,#3932,
#3933),(#3934,#3935,#3936)),.UNSPECIFIED.,.F.,.F.,.F.)
B_SPLINE_SURFACE_WITH_KNOTS((4,4),(3,3),(4.8169715818782,4.82005218633397),
(0.,1.),.PIECEWISE_BEZIER_KNOTS.)
GEOMETRIC_REPRESENTATION_ITEM()
RATIONAL_B_SPLINE_SURFACE(((1.,0.743094482136984,1.),(1.,0.743438021131602,
1.),(1.,0.743781266535884,1.),(1.,0.744124217701959,1.)))
REPRESENTATION_ITEM('')
SURFACE()
);
#148=(
BOUNDED_SURFACE()
B_SPLINE_SURFACE(3,2,((#3944,#3945,#3946),(#3947,#3948,#3949),(#3950,#3951,
#3952),(#3953,#3954,#3955)),.UNSPECIFIED.,.F.,.F.,.F.)
B_SPLINE_SURFACE_WITH_KNOTS((4,4),(3,3),(0.,0.00279053034541648),(0.,1.),
 .PIECEWISE_BEZIER_KNOTS.)
GEOMETRIC_REPRESENTATION_ITEM()
RATIONAL_B_SPLINE_SURFACE(((1.,0.743094482136979,1.),(1.,0.741167272635661,
1.),(1.,0.721191394678931,1.),(1.,0.703891852766427,1.)))
REPRESENTATION_ITEM('')
SURFACE()
);
#149=(
BOUNDED_SURFACE()
B_SPLINE_SURFACE(3,2,((#3962,#3963,#3964),(#3965,#3966,#3967),(#3968,#3969,
#3970),(#3971,#3972,#3973)),.UNSPECIFIED.,.F.,.F.,.F.)
B_SPLINE_SURFACE_WITH_KNOTS((4,4),(3,3),(3.02118806087662,3.27602477448275),
(0.,1.),.PIECEWISE_BEZIER_KNOTS.)
GEOMETRIC_REPRESENTATION_ITEM()
RATIONAL_B_SPLINE_SURFACE(((1.,0.703891852766427,1.),(1.,0.703858735720555,
1.),(1.,0.703860685445528,1.),(1.,0.703897638383043,1.)))
REPRESENTATION_ITEM('')
SURFACE()
);
#150=(
BOUNDED_SURFACE()
B_SPLINE_SURFACE(3,2,((#3977,#3978,#3979),(#3980,#3981,#3982),(#3983,#3984,
#3985),(#3986,#3987,#3988)),.UNSPECIFIED.,.F.,.F.,.F.)
B_SPLINE_SURFACE_WITH_KNOTS((4,4),(3,3),(0.,0.00279033915477382),(0.,1.),
 .PIECEWISE_BEZIER_KNOTS.)
GEOMETRIC_REPRESENTATION_ITEM()
RATIONAL_B_SPLINE_SURFACE(((1.,0.703897638383043,1.),(1.,0.721198124953729,
1.),(1.,0.74116810905838,1.),(1.,0.743094569389516,1.)))
REPRESENTATION_ITEM('')
SURFACE()
);
#151=(
BOUNDED_SURFACE()
B_SPLINE_SURFACE(3,2,((#3995,#3996,#3997),(#3998,#3999,#4000),(#4001,#4002,
#4003),(#4004,#4005,#4006)),.UNSPECIFIED.,.F.,.F.,.F.)
B_SPLINE_SURFACE_WITH_KNOTS((4,4),(3,3),(1.46313405878318,1.46621346449596),
(0.,1.),.PIECEWISE_BEZIER_KNOTS.)
GEOMETRIC_REPRESENTATION_ITEM()
RATIONAL_B_SPLINE_SURFACE(((1.,0.744123904451573,1.),(1.,0.743781086568495,
1.),(1.,0.743437974840003,1.),(1.,0.74309456938951,1.)))
REPRESENTATION_ITEM('')
SURFACE()
);
#152=(
BOUNDED_SURFACE()
B_SPLINE_SURFACE(3,2,((#4019,#4020,#4021),(#4022,#4023,#4024),(#4025,#4026,
#4027),(#4028,#4029,#4030)),.UNSPECIFIED.,.F.,.F.,.F.)
B_SPLINE_SURFACE_WITH_KNOTS((4,4),(3,3),(0.,0.000621052772814402),(0.,1.),
 .PIECEWISE_BEZIER_KNOTS.)
GEOMETRIC_REPRESENTATION_ITEM()
RATIONAL_B_SPLINE_SURFACE(((1.,0.744123904451568,1.),(1.,0.746568074069606,
1.),(1.,0.73207899777475,1.),(1.,0.712480854539904,1.)))
REPRESENTATION_ITEM('')
SURFACE()
);
#153=(
BOUNDED_SURFACE()
B_SPLINE_SURFACE(3,2,((#4054,#4055,#4056),(#4057,#4058,#4059),(#4060,#4061,
#4062),(#4063,#4064,#4065)),.UNSPECIFIED.,.F.,.F.,.F.)
B_SPLINE_SURFACE_WITH_KNOTS((4,4),(3,3),(-7.6219412725731E-17,0.000621030708226362),
(0.,1.),.PIECEWISE_BEZIER_KNOTS.)
GEOMETRIC_REPRESENTATION_ITEM()
RATIONAL_B_SPLINE_SURFACE(((1.,0.712625745453125,1.),(1.,0.732220096561061,
1.),(1.,0.746640455215326,1.),(1.,0.744124217702025,1.)))
REPRESENTATION_ITEM('')
SURFACE()
);
#154=(
BOUNDED_SURFACE()
B_SPLINE_SURFACE(3,2,((#4072,#4073,#4074),(#4075,#4076,#4077),(#4078,#4079,
#4080),(#4081,#4082,#4083),(#4084,#4085,#4086)),.UNSPECIFIED.,.F.,.F.,.F.)
B_SPLINE_SURFACE_WITH_KNOTS((4,1,4),(3,3),(5.49915667165253,6.28318530717959,
7.06721394270664),(0.,1.),.UNSPECIFIED.)
GEOMETRIC_REPRESENTATION_ITEM()
RATIONAL_B_SPLINE_SURFACE(((1.,0.725374371012287,1.),(1.,0.730075466824,
1.),(1.,0.735470890316104,1.),(1.,0.730075466829107,1.),(1.,0.725374371012282,
1.)))
REPRESENTATION_ITEM('')
SURFACE()
);
#155=(
BOUNDED_SURFACE()
B_SPLINE_SURFACE(3,2,((#4096,#4097,#4098),(#4099,#4100,#4101),(#4102,#4103,
#4104),(#4105,#4106,#4107),(#4108,#4109,#4110)),.UNSPECIFIED.,.F.,.F.,.F.)
B_SPLINE_SURFACE_WITH_KNOTS((4,1,4),(3,3),(2.35756401806273,3.14159265358979,
3.92562128911684),(0.,1.),.UNSPECIFIED.)
GEOMETRIC_REPRESENTATION_ITEM()
RATIONAL_B_SPLINE_SURFACE(((1.,0.725374371012288,1.),(1.,0.730075466822397,
1.),(1.,0.735470890319443,1.),(1.,0.730075466824,1.),(1.,0.725374371012287,
1.)))
REPRESENTATION_ITEM('')
SURFACE()
);
#156=(
BOUNDED_SURFACE()
B_SPLINE_SURFACE(3,2,((#4118,#4119,#4120),(#4121,#4122,#4123),(#4124,#4125,
#4126),(#4127,#4128,#4129)),.UNSPECIFIED.,.F.,.F.,.F.)
B_SPLINE_SURFACE_WITH_KNOTS((4,4),(3,3),(2.31234972158315,3.88038113551995),
(0.,1.),.PIECEWISE_BEZIER_KNOTS.)
GEOMETRIC_REPRESENTATION_ITEM()
RATIONAL_B_SPLINE_SURFACE(((1.,0.723814822545886,1.),(1.,0.733239418064721,
1.),(1.,0.733962158274234,1.),(1.,0.725374371012288,1.)))
REPRESENTATION_ITEM('')
SURFACE()
);
#157=(
BOUNDED_SURFACE()
B_SPLINE_SURFACE(3,2,((#4137,#4138,#4139),(#4140,#4141,#4142),(#4143,#4144,
#4145),(#4146,#4147,#4148)),.UNSPECIFIED.,.F.,.F.,.F.)
B_SPLINE_SURFACE_WITH_KNOTS((4,4),(3,3),(2.40251804782113,3.9710743114023),
(0.,1.),.PIECEWISE_BEZIER_KNOTS.)
GEOMETRIC_REPRESENTATION_ITEM()
RATIONAL_B_SPLINE_SURFACE(((1.,0.725374371012289,1.),(1.,0.733969971478469,
1.),(1.,0.733247092488216,1.),(1.,0.723814822545887,1.)))
REPRESENTATION_ITEM('')
SURFACE()
);
#158=(
BOUNDED_SURFACE()
B_SPLINE_SURFACE(3,2,((#4184,#4185,#4186),(#4187,#4188,#4189),(#4190,#4191,
#4192),(#4193,#4194,#4195)),.UNSPECIFIED.,.F.,.F.,.F.)
B_SPLINE_SURFACE_WITH_KNOTS((4,4),(3,3),(0.131351966795136,0.157208043668116),
(0.,1.),.PIECEWISE_BEZIER_KNOTS.)
GEOMETRIC_REPRESENTATION_ITEM()
RATIONAL_B_SPLINE_SURFACE(((1.,0.71183091471726,1.),(1.,0.711825553487844,
1.),(1.,0.711819667541476,1.),(1.,0.711813258801624,1.)))
REPRESENTATION_ITEM('')
SURFACE()
);
#159=(
BOUNDED_SURFACE()
B_SPLINE_SURFACE(3,2,((#4204,#4205,#4206),(#4207,#4208,#4209),(#4210,#4211,
#4212),(#4213,#4214,#4215)),.UNSPECIFIED.,.F.,.F.,.F.)
B_SPLINE_SURFACE_WITH_KNOTS((4,4),(3,3),(6.15692366801095,6.44000720724523),
(0.,1.),.PIECEWISE_BEZIER_KNOTS.)
GEOMETRIC_REPRESENTATION_ITEM()
RATIONAL_B_SPLINE_SURFACE(((1.,0.711834020117149,1.),(1.,0.711890454572206,
1.),(1.,0.711883540256525,1.),(1.,0.711813545582785,1.)))
REPRESENTATION_ITEM('')
SURFACE()
);
#160=(
BOUNDED_SURFACE()
B_SPLINE_SURFACE(3,2,((#4219,#4220,#4221),(#4222,#4223,#4224),(#4225,#4226,
#4227),(#4228,#4229,#4230)),.UNSPECIFIED.,.F.,.F.,.F.)
B_SPLINE_SURFACE_WITH_KNOTS((4,4),(3,3),(6.15653837904717,6.18239868117203),
(0.,1.),.PIECEWISE_BEZIER_KNOTS.)
GEOMETRIC_REPRESENTATION_ITEM()
RATIONAL_B_SPLINE_SURFACE(((1.,0.711833789338188,1.),(1.,0.71183896039873,
1.),(1.,0.711843606255191,1.),(1.,0.711847725385151,1.)))
REPRESENTATION_ITEM('')
SURFACE()
);
#161=(
BOUNDED_SURFACE()
B_SPLINE_SURFACE(3,2,((#4254,#4255,#4256),(#4257,#4258,#4259),(#4260,#4261,
#4262),(#4263,#4264,#4265)),.UNSPECIFIED.,.F.,.F.,.F.)
B_SPLINE_SURFACE_WITH_KNOTS((4,4),(3,3),(-2.71050543121376E-20,0.00139503301065789),
(0.,1.),.PIECEWISE_BEZIER_KNOTS.)
GEOMETRIC_REPRESENTATION_ITEM()
RATIONAL_B_SPLINE_SURFACE(((1.,0.68522772635637,1.),(1.,0.899554927626274,
1.),(1.,0.999999998983394,1.),(1.,1.,1.)))
REPRESENTATION_ITEM('')
SURFACE()
);
#162=(
BOUNDED_SURFACE()
B_SPLINE_SURFACE(3,2,((#4272,#4273,#4274),(#4275,#4276,#4277),(#4278,#4279,
#4280),(#4281,#4282,#4283)),.UNSPECIFIED.,.F.,.F.,.F.)
B_SPLINE_SURFACE_WITH_KNOTS((4,4),(3,3),(-4.77048955893622E-18,0.00185845683286752),
(0.,1.),.PIECEWISE_BEZIER_KNOTS.)
GEOMETRIC_REPRESENTATION_ITEM()
RATIONAL_B_SPLINE_SURFACE(((1.,0.685227726356368,1.),(1.,0.672628972302722,
1.),(1.,0.662915440653784,1.),(1.,0.661327992108189,1.)))
REPRESENTATION_ITEM('')
SURFACE()
);
#163=(
BOUNDED_SURFACE()
B_SPLINE_SURFACE(3,2,((#4309,#4310,#4311),(#4312,#4313,#4314),(#4315,#4316,
#4317),(#4318,#4319,#4320)),.UNSPECIFIED.,.F.,.F.,.F.)
B_SPLINE_SURFACE_WITH_KNOTS((4,4),(3,3),(0.,0.00314028475519186),(0.,1.),
 .PIECEWISE_BEZIER_KNOTS.)
GEOMETRIC_REPRESENTATION_ITEM()
RATIONAL_B_SPLINE_SURFACE(((1.,0.661351686016657,1.),(1.,0.66753338763203,
1.),(1.,0.697226022964874,1.),(1.,0.717941002803532,1.)))
REPRESENTATION_ITEM('')
SURFACE()
);
#164=(
BOUNDED_SURFACE()
B_SPLINE_SURFACE(3,2,((#4327,#4328,#4329),(#4330,#4331,#4332),(#4333,#4334,
#4335),(#4336,#4337,#4338)),.UNSPECIFIED.,.F.,.F.,.F.)
B_SPLINE_SURFACE_WITH_KNOTS((4,4),(3,3),(3.048208992501,3.28109468244827),
(0.,1.),.PIECEWISE_BEZIER_KNOTS.)
GEOMETRIC_REPRESENTATION_ITEM()
RATIONAL_B_SPLINE_SURFACE(((1.,0.717941002803533,1.),(1.,0.718019177358971,
1.),(1.,0.717999723663082,1.),(1.,0.717883141440733,1.)))
REPRESENTATION_ITEM('')
SURFACE()
);
#165=(
BOUNDED_SURFACE()
B_SPLINE_SURFACE(3,2,((#4342,#4343,#4344),(#4345,#4346,#4347),(#4348,#4349,
#4350),(#4351,#4352,#4353)),.UNSPECIFIED.,.F.,.F.,.F.)
B_SPLINE_SURFACE_WITH_KNOTS((4,4),(3,3),(0.,0.00313743812874192),(0.,1.),
 .PIECEWISE_BEZIER_KNOTS.)
GEOMETRIC_REPRESENTATION_ITEM()
RATIONAL_B_SPLINE_SURFACE(((1.,0.717883141440731,1.),(1.,0.697168193333045,
1.),(1.,0.667527376180365,1.),(1.,0.661351663133621,1.)))
REPRESENTATION_ITEM('')
SURFACE()
);
#166=(
BOUNDED_SURFACE()
B_SPLINE_SURFACE(3,2,((#4379,#4380,#4381),(#4382,#4383,#4384),(#4385,#4386,
#4387),(#4388,#4389,#4390)),.UNSPECIFIED.,.F.,.F.,.F.)
B_SPLINE_SURFACE_WITH_KNOTS((4,4),(3,3),(0.,0.00185750921678969),(0.,1.),
 .PIECEWISE_BEZIER_KNOTS.)
GEOMETRIC_REPRESENTATION_ITEM()
RATIONAL_B_SPLINE_SURFACE(((1.,0.661327998724251,1.),(1.,0.66291447819286,
1.),(1.,0.672619590449171,1.),(1.,0.685209962348773,1.)))
REPRESENTATION_ITEM('')
SURFACE()
);
#167=(
BOUNDED_SURFACE()
B_SPLINE_SURFACE(3,2,((#4397,#4398,#4399),(#4400,#4401,#4402),(#4403,#4404,
#4405),(#4406,#4407,#4408)),.UNSPECIFIED.,.F.,.F.,.F.)
B_SPLINE_SURFACE_WITH_KNOTS((4,4),(3,3),(4.06575814682064E-20,0.00139507214415761),
(0.,1.),.PIECEWISE_BEZIER_KNOTS.)
GEOMETRIC_REPRESENTATION_ITEM()
RATIONAL_B_SPLINE_SURFACE(((1.,0.685209962348774,1.),(1.,0.89954849838949,
1.),(1.,0.999999998983391,1.),(1.,1.,1.)))
REPRESENTATION_ITEM('')
SURFACE()
);
#168=(
BOUNDED_SURFACE()
B_SPLINE_SURFACE(3,2,((#4422,#4423,#4424),(#4425,#4426,#4427),(#4428,#4429,
#4430),(#4431,#4432,#4433),(#4434,#4435,#4436)),.UNSPECIFIED.,.F.,.F.,.F.)
B_SPLINE_SURFACE_WITH_KNOTS((4,1,4),(3,3),(1.68817139650748,2.47425105028889,
3.2603307040703),(0.,1.),.UNSPECIFIED.)
GEOMETRIC_REPRESENTATION_ITEM()
RATIONAL_B_SPLINE_SURFACE(((1.,0.70721495152214,1.),(1.,0.707455301229075,
1.),(1.,0.707910308764545,1.),(1.,0.708052087445285,1.),(1.,0.708023451281744,
1.)))
REPRESENTATION_ITEM('')
SURFACE()
);
#169=(
BOUNDED_SURFACE()
B_SPLINE_SURFACE(3,2,((#4446,#4447,#4448),(#4449,#4450,#4451),(#4452,#4453,
#4454),(#4455,#4456,#4457),(#4458,#4459,#4460)),.UNSPECIFIED.,.F.,.F.,.F.)
B_SPLINE_SURFACE_WITH_KNOTS((4,1,4),(3,3),(6.16556603337121,6.95107846655995,
7.73659089974869),(0.,1.),.UNSPECIFIED.)
GEOMETRIC_REPRESENTATION_ITEM()
RATIONAL_B_SPLINE_SURFACE(((1.,0.708023451281743,1.),(1.,0.708051794645425,
1.),(1.,0.707909735333234,1.),(1.,0.707455095452075,1.),(1.,0.70721495152214,
1.)))
REPRESENTATION_ITEM('')
SURFACE()
);
#170=(
BOUNDED_SURFACE()
B_SPLINE_SURFACE(3,2,((#4468,#4469,#4470),(#4471,#4472,#4473),(#4474,#4475,
#4476),(#4477,#4478,#4479),(#4480,#4481,#4482)),.UNSPECIFIED.,.F.,.F.,.F.)
B_SPLINE_SURFACE_WITH_KNOTS((4,1,4),(3,3),(6.16412842714948,6.94891749428099,
7.7337065614125),(0.,1.),.UNSPECIFIED.)
GEOMETRIC_REPRESENTATION_ITEM()
RATIONAL_B_SPLINE_SURFACE(((1.,0.71465715901328,1.),(1.,0.714892183682625,
1.),(1.,0.713738375973351,1.),(1.,0.710006286671686,1.),(1.,0.708023451281743,
1.)))
REPRESENTATION_ITEM('')
SURFACE()
);
#171=(
BOUNDED_SURFACE()
B_SPLINE_SURFACE(3,2,((#4490,#4491,#4492),(#4493,#4494,#4495),(#4496,#4497,
#4498),(#4499,#4500,#4501),(#4502,#4503,#4504)),.UNSPECIFIED.,.F.,.F.,.F.)
B_SPLINE_SURFACE_WITH_KNOTS((4,1,4),(3,3),(4.83265358648317,5.6178087743503,
6.40296396221744),(0.,1.),.UNSPECIFIED.)
GEOMETRIC_REPRESENTATION_ITEM()
RATIONAL_B_SPLINE_SURFACE(((1.,0.708023451281743,1.),(1.,0.710007386026636,
1.),(1.,0.713741414502653,1.),(1.,0.71489373250351,1.),(1.,0.714657159013277,
1.)))
REPRESENTATION_ITEM('')
SURFACE()
);
#172=(
BOUNDED_SURFACE()
B_SPLINE_SURFACE(3,2,((#4672,#4673,#4674),(#4675,#4676,#4677),(#4678,#4679,
#4680),(#4681,#4682,#4683)),.UNSPECIFIED.,.F.,.F.,.F.)
B_SPLINE_SURFACE_WITH_KNOTS((4,4),(3,3),(3.02285460311036,4.59501391067318),
(0.,1.),.PIECEWISE_BEZIER_KNOTS.)
GEOMETRIC_REPRESENTATION_ITEM()
RATIONAL_B_SPLINE_SURFACE(((1.,0.708023451281743,1.),(1.,0.708080723612178,
1.),(1.,0.707695650967941,1.),(1.,0.70721495152214,1.)))
REPRESENTATION_ITEM('')
SURFACE()
);
#173=(
BOUNDED_SURFACE()
B_SPLINE_SURFACE(3,2,((#4690,#4691,#4692),(#4693,#4694,#4695),(#4696,#4697,
#4698),(#4699,#4700,#4701)),.UNSPECIFIED.,.F.,.F.,.F.)
B_SPLINE_SURFACE_WITH_KNOTS((4,4),(3,3),(6.16340665214175,7.73371702787602),
(0.,1.),.PIECEWISE_BEZIER_KNOTS.)
GEOMETRIC_REPRESENTATION_ITEM()
RATIONAL_B_SPLINE_SURFACE(((1.,0.71465715901328,1.),(1.,0.715130306012395,
1.),(1.,0.711991321036568,1.),(1.,0.708023451281743,1.)))
REPRESENTATION_ITEM('')
SURFACE()
);
#174=(
BOUNDED_SURFACE()
B_SPLINE_SURFACE(3,2,((#4703,#4704,#4705),(#4706,#4707,#4708),(#4709,#4710,
#4711),(#4712,#4713,#4714)),.UNSPECIFIED.,.F.,.F.,.F.)
B_SPLINE_SURFACE_WITH_KNOTS((4,4),(3,3),(4.82977971460941,6.40080458098688),
(0.,1.),.PIECEWISE_BEZIER_KNOTS.)
GEOMETRIC_REPRESENTATION_ITEM()
RATIONAL_B_SPLINE_SURFACE(((1.,0.70721495152214,1.),(1.,0.707695239413261,
1.),(1.,0.708080138013147,1.),(1.,0.708023451281743,1.)))
REPRESENTATION_ITEM('')
SURFACE()
);
#175=(
BOUNDED_SURFACE()
B_SPLINE_SURFACE(3,2,((#4720,#4721,#4722),(#4723,#4724,#4725),(#4726,#4727,
#4728),(#4729,#4730,#4731)),.UNSPECIFIED.,.F.,.F.,.F.)
B_SPLINE_SURFACE_WITH_KNOTS((4,4),(3,3),(4.83266405294667,6.40224218720969),
(0.,1.),.PIECEWISE_BEZIER_KNOTS.)
GEOMETRIC_REPRESENTATION_ITEM()
RATIONAL_B_SPLINE_SURFACE(((1.,0.708023451281743,1.),(1.,0.711989122327381,
1.),(1.,0.71512720839417,1.),(1.,0.714657159013274,1.)))
REPRESENTATION_ITEM('')
SURFACE()
);
#176=ELLIPSE('',#2364,1.80017524385208,1.8);
#177=ELLIPSE('',#2365,1.80087628068125,1.8);
#178=ELLIPSE('',#2366,1.80087655453298,1.8);
#179=ELLIPSE('',#2367,1.80017527852928,1.8);
#180=ELLIPSE('',#2369,158.48689697427,158.35);
#181=ELLIPSE('',#2371,158.686724436964,158.55);
#182=ELLIPSE('',#2377,2.20136118329403,2.2);
#183=ELLIPSE('',#2378,2.00149720442315,2.);
#184=ELLIPSE('',#2380,0.10025152593476,0.1);
#185=ELLIPSE('',#2381,2.20136126561514,2.2);
#186=ELLIPSE('',#2382,0.100251657608481,0.1);
#187=ELLIPSE('',#2383,2.3063084717758,2.3);
#188=ELLIPSE('',#2384,2.3063084717758,2.3);
#189=ELLIPSE('',#2386,2.00149729496462,2.);
#190=ELLIPSE('',#2388,160.938664708066,160.8);
#191=ELLIPSE('',#2391,9954.84162118369,158.35);
#192=ELLIPSE('',#2392,158.530880747889,158.35);
#193=ELLIPSE('',#2393,9954.84162118369,158.35);
#194=ELLIPSE('',#2396,2.50580501376002,2.5);
#195=ELLIPSE('',#2400,2.50580501376002,2.5);
#196=ELLIPSE('',#2403,0.300083935678414,0.3);
#197=ELLIPSE('',#2407,0.400507250391308,0.4);
#198=ELLIPSE('',#2409,0.201012580740624,0.2);
#199=ELLIPSE('',#2410,158.331109232208,158.15);
#200=ELLIPSE('',#2412,0.201019272797821,0.2);
#201=ELLIPSE('',#2414,0.400510609143084,0.4);
#202=ELLIPSE('',#2418,0.300083979667772,0.3);
#203=ELLIPSE('',#2421,160.406698363629,160.4);
#204=ELLIPSE('',#2423,9954.84480455879,158.55);
#205=ELLIPSE('',#2430,10096.1182587804,161.);
#206=ELLIPSE('',#2432,10096.1150714163,160.8);
#207=ELLIPSE('',#2435,161.138492601908,161.);
#208=ELLIPSE('',#2442,10096.1150714163,160.8);
#209=ELLIPSE('',#2443,10096.1182587804,161.);
#210=ELLIPSE('',#2446,9954.84480455879,158.55);
#211=ELLIPSE('',#2448,2.50580501376002,2.5);
#212=ELLIPSE('',#2451,2.50580501376002,2.5);
#213=ELLIPSE('',#2454,0.300083935678414,0.3);
#214=ELLIPSE('',#2457,0.300083979667772,0.3);
#215=ELLIPSE('',#2460,10071.0003573083,160.4);
#216=ELLIPSE('',#2462,10071.0035446773,160.6);
#217=ELLIPSE('',#2464,160.606690022304,160.6);
#218=ELLIPSE('',#2467,10071.0035446773,160.6);
#219=ELLIPSE('',#2469,10071.0003573083,160.4);
#220=ELLIPSE('',#2476,161.01468660743,161.);
#221=ELLIPSE('',#2484,2.3063084717758,2.3);
#222=ELLIPSE('',#2488,2.3063084717758,2.3);
#223=ELLIPSE('',#2491,0.10025152593476,0.1);
#224=ELLIPSE('',#2496,0.100251657608481,0.1);
#225=ELLIPSE('',#2499,160.614723183427,160.6);
#226=ELLIPSE('',#2500,440285.252026423,160.6);
#227=ELLIPSE('',#2501,160.677099923173,160.6);
#228=ELLIPSE('',#2502,440285.252026423,160.6);
#229=ELLIPSE('',#2503,160.614723183427,160.6);
#230=ELLIPSE('',#2504,160.814704872685,160.8);
#231=ELLIPSE('',#2506,160.814704872685,160.8);
#232=ELLIPSE('',#2508,160.814704872685,160.8);
#233=ELLIPSE('',#2510,1.8000061441401,1.8);
#234=ELLIPSE('',#2511,1.800006142508,1.8);
#235=ELLIPSE('',#2512,1.80042093758469,1.8);
#236=ELLIPSE('',#2513,1.80042101052705,1.8);
#237=ELLIPSE('',#2517,440285.251953515,160.4);
#238=ELLIPSE('',#2520,160.477196011525,160.4);
#239=ELLIPSE('',#2523,440285.251953515,160.4);
#240=ELLIPSE('',#2527,1.60000691215448,1.6);
#241=ELLIPSE('',#2532,1.60000691031837,1.6);
#242=ELLIPSE('',#2535,1.60047354007911,1.6);
#243=ELLIPSE('',#2539,1.60047362213416,1.6);
#244=ELLIPSE('',#2548,1.60000418143035,1.6);
#245=ELLIPSE('',#2551,1.60000418031962,1.6);
#246=ELLIPSE('',#2554,1.60028647926109,1.6);
#247=ELLIPSE('',#2557,1.60028652890514,1.6);
#248=ELLIPSE('',#2572,1.40032739589921,1.4);
#249=ELLIPSE('',#2573,1.40000477750622,1.4);
#250=ELLIPSE('',#2574,1.40000477877563,1.4);
#251=ELLIPSE('',#2575,1.40032745263215,1.4);
#252=LINE('',#3381,#362);
#253=LINE('',#3385,#363);
#254=LINE('',#3386,#364);
#255=LINE('',#3391,#365);
#256=LINE('',#3395,#366);
#257=LINE('',#3399,#367);
#258=LINE('',#3426,#368);
#259=LINE('',#3430,#369);
#260=LINE('',#3478,#370);
#261=LINE('',#3480,#371);
#262=LINE('',#3483,#372);
#263=LINE('',#3485,#373);
#264=LINE('',#3489,#374);
#265=LINE('',#3493,#375);
#266=LINE('',#3497,#376);
#267=LINE('',#3517,#377);
#268=LINE('',#3519,#378);
#269=LINE('',#3574,#379);
#270=LINE('',#3594,#380);
#271=LINE('',#3613,#381);
#272=LINE('',#3678,#382);
#273=LINE('',#3695,#383);
#274=LINE('',#3697,#384);
#275=LINE('',#3699,#385);
#276=LINE('',#3718,#386);
#277=LINE('',#3725,#387);
#278=LINE('',#3732,#388);
#279=LINE('',#3734,#389);
#280=LINE('',#3737,#390);
#281=LINE('',#3830,#391);
#282=LINE('',#3833,#392);
#283=LINE('',#3835,#393);
#284=LINE('',#3837,#394);
#285=LINE('',#3861,#395);
#286=LINE('',#3894,#396);
#287=LINE('',#3898,#397);
#288=LINE('',#3900,#398);
#289=LINE('',#3902,#399);
#290=LINE('',#3906,#400);
#291=LINE('',#3908,#401);
#292=LINE('',#3910,#402);
#293=LINE('',#3914,#403);
#294=LINE('',#3916,#404);
#295=LINE('',#3918,#405);
#296=LINE('',#3922,#406);
#297=LINE('',#3924,#407);
#298=LINE('',#4018,#408);
#299=LINE('',#4048,#409);
#300=LINE('',#4095,#410);
#301=LINE('',#4115,#411);
#302=LINE('',#4134,#412);
#303=LINE('',#4153,#413);
#304=LINE('',#4203,#414);
#305=LINE('',#4218,#415);
#306=LINE('',#4238,#416);
#307=LINE('',#4243,#417);
#308=LINE('',#4247,#418);
#309=LINE('',#4251,#419);
#310=LINE('',#4414,#420);
#311=LINE('',#4421,#421);
#312=LINE('',#4445,#422);
#313=LINE('',#4467,#423);
#314=LINE('',#4487,#424);
#315=LINE('',#4509,#425);
#316=LINE('',#4511,#426);
#317=LINE('',#4516,#427);
#318=LINE('',#4522,#428);
#319=LINE('',#4526,#429);
#320=LINE('',#4528,#430);
#321=LINE('',#4532,#431);
#322=LINE('',#4534,#432);
#323=LINE('',#4536,#433);
#324=LINE('',#4540,#434);
#325=LINE('',#4542,#435);
#326=LINE('',#4544,#436);
#327=LINE('',#4548,#437);
#328=LINE('',#4550,#438);
#329=LINE('',#4552,#439);
#330=LINE('',#4556,#440);
#331=LINE('',#4558,#441);
#332=LINE('',#4560,#442);
#333=LINE('',#4563,#443);
#334=LINE('',#4565,#444);
#335=LINE('',#4567,#445);
#336=LINE('',#4569,#446);
#337=LINE('',#4575,#447);
#338=LINE('',#4578,#448);
#339=LINE('',#4579,#449);
#340=LINE('',#4589,#450);
#341=LINE('',#4593,#451);
#342=LINE('',#4596,#452);
#343=LINE('',#4601,#453);
#344=LINE('',#4605,#454);
#345=LINE('',#4609,#455);
#346=LINE('',#4613,#456);
#347=LINE('',#4614,#457);
#348=LINE('',#4616,#458);
#349=LINE('',#4618,#459);
#350=LINE('',#4620,#460);
#351=LINE('',#4622,#461);
#352=LINE('',#4624,#462);
#353=LINE('',#4626,#463);
#354=LINE('',#4629,#464);
#355=LINE('',#4632,#465);
#356=LINE('',#4634,#466);
#357=LINE('',#4636,#467);
#358=LINE('',#4638,#468);
#359=LINE('',#4644,#469);
#360=LINE('',#4647,#470);
#361=LINE('',#4648,#471);
#362=VECTOR('',#2668,1000.);
#363=VECTOR('',#2671,1000.);
#364=VECTOR('',#2672,1000.);
#365=VECTOR('',#2675,1000.);
#366=VECTOR('',#2678,1000.);
#367=VECTOR('',#2681,1000.);
#368=VECTOR('',#2696,1000.);
#369=VECTOR('',#2699,1000.);
#370=VECTOR('',#2712,1000.);
#371=VECTOR('',#2713,1000.);
#372=VECTOR('',#2716,1000.);
#373=VECTOR('',#2717,1000.);
#374=VECTOR('',#2720,1000.);
#375=VECTOR('',#2723,1000.);
#376=VECTOR('',#2726,1000.);
#377=VECTOR('',#2733,1000.);
#378=VECTOR('',#2734,1000.);
#379=VECTOR('',#2757,1000.);
#380=VECTOR('',#2764,1000.);
#381=VECTOR('',#2773,1000.);
#382=VECTOR('',#2796,1000.);
#383=VECTOR('',#2803,1000.);
#384=VECTOR('',#2806,1000.);
#385=VECTOR('',#2807,1000.);
#386=VECTOR('',#2816,1000.);
#387=VECTOR('',#2819,1000.);
#388=VECTOR('',#2822,1000.);
#389=VECTOR('',#2825,1000.);
#390=VECTOR('',#2828,1000.);
#391=VECTOR('',#2847,1000.);
#392=VECTOR('',#2850,1000.);
#393=VECTOR('',#2853,1000.);
#394=VECTOR('',#2856,1000.);
#395=VECTOR('',#2865,1000.);
#396=VECTOR('',#2872,1000.);
#397=VECTOR('',#2875,1000.);
#398=VECTOR('',#2878,1000.);
#399=VECTOR('',#2879,1000.);
#400=VECTOR('',#2884,1000.);
#401=VECTOR('',#2887,1000.);
#402=VECTOR('',#2888,1000.);
#403=VECTOR('',#2893,1000.);
#404=VECTOR('',#2896,1000.);
#405=VECTOR('',#2897,1000.);
#406=VECTOR('',#2902,1000.);
#407=VECTOR('',#2905,1000.);
#408=VECTOR('',#2930,1000.);
#409=VECTOR('',#2951,1000.);
#410=VECTOR('',#2964,1000.);
#411=VECTOR('',#2971,1000.);
#412=VECTOR('',#2980,1000.);
#413=VECTOR('',#2989,1000.);
#414=VECTOR('',#3006,1000.);
#415=VECTOR('',#3011,1000.);
#416=VECTOR('',#3016,1000.);
#417=VECTOR('',#3019,1000.);
#418=VECTOR('',#3022,1000.);
#419=VECTOR('',#3025,1000.);
#420=VECTOR('',#3052,1000.);
#421=VECTOR('',#3053,1000.);
#422=VECTOR('',#3064,1000.);
#423=VECTOR('',#3073,1000.);
#424=VECTOR('',#3080,1000.);
#425=VECTOR('',#3089,1000.);
#426=VECTOR('',#3092,1000.);
#427=VECTOR('',#3095,1000.);
#428=VECTOR('',#3100,1000.);
#429=VECTOR('',#3103,1000.);
#430=VECTOR('',#3106,1000.);
#431=VECTOR('',#3109,1000.);
#432=VECTOR('',#3112,1000.);
#433=VECTOR('',#3113,1000.);
#434=VECTOR('',#3118,1000.);
#435=VECTOR('',#3121,1000.);
#436=VECTOR('',#3122,1000.);
#437=VECTOR('',#3127,1000.);
#438=VECTOR('',#3130,1000.);
#439=VECTOR('',#3131,1000.);
#440=VECTOR('',#3136,1000.);
#441=VECTOR('',#3139,1000.);
#442=VECTOR('',#3142,1000.);
#443=VECTOR('',#3143,1000.);
#444=VECTOR('',#3144,1000.);
#445=VECTOR('',#3145,1000.);
#446=VECTOR('',#3148,1000.);
#447=VECTOR('',#3155,1000.);
#448=VECTOR('',#3156,1000.);
#449=VECTOR('',#3157,1000.);
#450=VECTOR('',#3170,1000.);
#451=VECTOR('',#3173,1000.);
#452=VECTOR('',#3176,1000.);
#453=VECTOR('',#3179,1000.);
#454=VECTOR('',#3182,1000.);
#455=VECTOR('',#3185,1000.);
#456=VECTOR('',#3190,1000.);
#457=VECTOR('',#3191,1000.);
#458=VECTOR('',#3194,1000.);
#459=VECTOR('',#3197,1000.);
#460=VECTOR('',#3200,1000.);
#461=VECTOR('',#3203,1000.);
#462=VECTOR('',#3206,1000.);
#463=VECTOR('',#3209,1000.);
#464=VECTOR('',#3214,1000.);
#465=VECTOR('',#3215,1000.);
#466=VECTOR('',#3216,1000.);
#467=VECTOR('',#3217,1000.);
#468=VECTOR('',#3220,1000.);
#469=VECTOR('',#3227,1000.);
#470=VECTOR('',#3228,1000.);
#471=VECTOR('',#3229,1000.);
#472=ORIENTED_EDGE('',*,*,#1150,.T.);
#473=ORIENTED_EDGE('',*,*,#1151,.T.);
#474=ORIENTED_EDGE('',*,*,#1152,.T.);
#475=ORIENTED_EDGE('',*,*,#1153,.T.);
#476=ORIENTED_EDGE('',*,*,#1154,.F.);
#477=ORIENTED_EDGE('',*,*,#1155,.T.);
#478=ORIENTED_EDGE('',*,*,#1156,.F.);
#479=ORIENTED_EDGE('',*,*,#1157,.T.);
#480=ORIENTED_EDGE('',*,*,#1158,.F.);
#481=ORIENTED_EDGE('',*,*,#1159,.T.);
#482=ORIENTED_EDGE('',*,*,#1160,.F.);
#483=ORIENTED_EDGE('',*,*,#1161,.T.);
#484=ORIENTED_EDGE('',*,*,#1162,.T.);
#485=ORIENTED_EDGE('',*,*,#1163,.F.);
#486=ORIENTED_EDGE('',*,*,#1164,.F.);
#487=ORIENTED_EDGE('',*,*,#1165,.F.);
#488=ORIENTED_EDGE('',*,*,#1166,.T.);
#489=ORIENTED_EDGE('',*,*,#1167,.F.);
#490=ORIENTED_EDGE('',*,*,#1168,.F.);
#491=ORIENTED_EDGE('',*,*,#1169,.F.);
#492=ORIENTED_EDGE('',*,*,#1170,.T.);
#493=ORIENTED_EDGE('',*,*,#1171,.F.);
#494=ORIENTED_EDGE('',*,*,#1164,.T.);
#495=ORIENTED_EDGE('',*,*,#1172,.F.);
#496=ORIENTED_EDGE('',*,*,#1173,.T.);
#497=ORIENTED_EDGE('',*,*,#1174,.F.);
#498=ORIENTED_EDGE('',*,*,#1166,.F.);
#499=ORIENTED_EDGE('',*,*,#1175,.F.);
#500=ORIENTED_EDGE('',*,*,#1176,.T.);
#501=ORIENTED_EDGE('',*,*,#1177,.T.);
#502=ORIENTED_EDGE('',*,*,#1178,.T.);
#503=ORIENTED_EDGE('',*,*,#1179,.T.);
#504=ORIENTED_EDGE('',*,*,#1167,.T.);
#505=ORIENTED_EDGE('',*,*,#1174,.T.);
#506=ORIENTED_EDGE('',*,*,#1180,.T.);
#507=ORIENTED_EDGE('',*,*,#1181,.T.);
#508=ORIENTED_EDGE('',*,*,#1182,.T.);
#509=ORIENTED_EDGE('',*,*,#1183,.T.);
#510=ORIENTED_EDGE('',*,*,#1184,.T.);
#511=ORIENTED_EDGE('',*,*,#1185,.T.);
#512=ORIENTED_EDGE('',*,*,#1186,.T.);
#513=ORIENTED_EDGE('',*,*,#1187,.T.);
#514=ORIENTED_EDGE('',*,*,#1168,.T.);
#515=ORIENTED_EDGE('',*,*,#1179,.F.);
#516=ORIENTED_EDGE('',*,*,#1188,.F.);
#517=ORIENTED_EDGE('',*,*,#1189,.F.);
#518=ORIENTED_EDGE('',*,*,#1190,.T.);
#519=ORIENTED_EDGE('',*,*,#1165,.T.);
#520=ORIENTED_EDGE('',*,*,#1191,.T.);
#521=ORIENTED_EDGE('',*,*,#1192,.T.);
#522=ORIENTED_EDGE('',*,*,#1193,.T.);
#523=ORIENTED_EDGE('',*,*,#1194,.F.);
#524=ORIENTED_EDGE('',*,*,#1162,.F.);
#525=ORIENTED_EDGE('',*,*,#1195,.F.);
#526=ORIENTED_EDGE('',*,*,#1194,.T.);
#527=ORIENTED_EDGE('',*,*,#1196,.T.);
#528=ORIENTED_EDGE('',*,*,#1197,.T.);
#529=ORIENTED_EDGE('',*,*,#1198,.T.);
#530=ORIENTED_EDGE('',*,*,#1172,.T.);
#531=ORIENTED_EDGE('',*,*,#1163,.T.);
#532=ORIENTED_EDGE('',*,*,#1199,.T.);
#533=ORIENTED_EDGE('',*,*,#1184,.F.);
#534=ORIENTED_EDGE('',*,*,#1200,.F.);
#535=ORIENTED_EDGE('',*,*,#1201,.F.);
#536=ORIENTED_EDGE('',*,*,#1202,.T.);
#537=ORIENTED_EDGE('',*,*,#1185,.F.);
#538=ORIENTED_EDGE('',*,*,#1199,.F.);
#539=ORIENTED_EDGE('',*,*,#1203,.F.);
#540=ORIENTED_EDGE('',*,*,#1204,.F.);
#541=ORIENTED_EDGE('',*,*,#1186,.F.);
#542=ORIENTED_EDGE('',*,*,#1202,.F.);
#543=ORIENTED_EDGE('',*,*,#1205,.F.);
#544=ORIENTED_EDGE('',*,*,#1204,.T.);
#545=ORIENTED_EDGE('',*,*,#1206,.F.);
#546=ORIENTED_EDGE('',*,*,#1207,.F.);
#547=ORIENTED_EDGE('',*,*,#1187,.F.);
#548=ORIENTED_EDGE('',*,*,#1207,.T.);
#549=ORIENTED_EDGE('',*,*,#1208,.F.);
#550=ORIENTED_EDGE('',*,*,#1209,.F.);
#551=ORIENTED_EDGE('',*,*,#1176,.F.);
#552=ORIENTED_EDGE('',*,*,#1209,.T.);
#553=ORIENTED_EDGE('',*,*,#1210,.F.);
#554=ORIENTED_EDGE('',*,*,#1211,.F.);
#555=ORIENTED_EDGE('',*,*,#1177,.F.);
#556=ORIENTED_EDGE('',*,*,#1211,.T.);
#557=ORIENTED_EDGE('',*,*,#1212,.F.);
#558=ORIENTED_EDGE('',*,*,#1213,.F.);
#559=ORIENTED_EDGE('',*,*,#1214,.F.);
#560=ORIENTED_EDGE('',*,*,#1197,.F.);
#561=ORIENTED_EDGE('',*,*,#1215,.T.);
#562=ORIENTED_EDGE('',*,*,#1216,.F.);
#563=ORIENTED_EDGE('',*,*,#1217,.T.);
#564=ORIENTED_EDGE('',*,*,#1218,.T.);
#565=ORIENTED_EDGE('',*,*,#1219,.F.);
#566=ORIENTED_EDGE('',*,*,#1220,.F.);
#567=ORIENTED_EDGE('',*,*,#1221,.F.);
#568=ORIENTED_EDGE('',*,*,#1222,.T.);
#569=ORIENTED_EDGE('',*,*,#1181,.F.);
#570=ORIENTED_EDGE('',*,*,#1218,.F.);
#571=ORIENTED_EDGE('',*,*,#1223,.F.);
#572=ORIENTED_EDGE('',*,*,#1224,.T.);
#573=ORIENTED_EDGE('',*,*,#1182,.F.);
#574=ORIENTED_EDGE('',*,*,#1222,.F.);
#575=ORIENTED_EDGE('',*,*,#1225,.F.);
#576=ORIENTED_EDGE('',*,*,#1200,.T.);
#577=ORIENTED_EDGE('',*,*,#1183,.F.);
#578=ORIENTED_EDGE('',*,*,#1224,.F.);
#579=ORIENTED_EDGE('',*,*,#1226,.F.);
#580=ORIENTED_EDGE('',*,*,#1227,.T.);
#581=ORIENTED_EDGE('',*,*,#1169,.T.);
#582=ORIENTED_EDGE('',*,*,#1228,.T.);
#583=ORIENTED_EDGE('',*,*,#1229,.T.);
#584=ORIENTED_EDGE('',*,*,#1230,.T.);
#585=ORIENTED_EDGE('',*,*,#1231,.F.);
#586=ORIENTED_EDGE('',*,*,#1170,.F.);
#587=ORIENTED_EDGE('',*,*,#1198,.F.);
#588=ORIENTED_EDGE('',*,*,#1191,.F.);
#589=ORIENTED_EDGE('',*,*,#1171,.T.);
#590=ORIENTED_EDGE('',*,*,#1232,.F.);
#591=ORIENTED_EDGE('',*,*,#1233,.T.);
#592=ORIENTED_EDGE('',*,*,#1234,.F.);
#593=ORIENTED_EDGE('',*,*,#1175,.T.);
#594=ORIENTED_EDGE('',*,*,#1227,.F.);
#595=ORIENTED_EDGE('',*,*,#1235,.T.);
#596=ORIENTED_EDGE('',*,*,#1236,.F.);
#597=ORIENTED_EDGE('',*,*,#1219,.T.);
#598=ORIENTED_EDGE('',*,*,#1180,.F.);
#599=ORIENTED_EDGE('',*,*,#1173,.F.);
#600=ORIENTED_EDGE('',*,*,#1220,.T.);
#601=ORIENTED_EDGE('',*,*,#1237,.F.);
#602=ORIENTED_EDGE('',*,*,#1238,.F.);
#603=ORIENTED_EDGE('',*,*,#1239,.F.);
#604=ORIENTED_EDGE('',*,*,#1238,.T.);
#605=ORIENTED_EDGE('',*,*,#1240,.F.);
#606=ORIENTED_EDGE('',*,*,#1230,.F.);
#607=ORIENTED_EDGE('',*,*,#1217,.F.);
#608=ORIENTED_EDGE('',*,*,#1241,.T.);
#609=ORIENTED_EDGE('',*,*,#1242,.F.);
#610=ORIENTED_EDGE('',*,*,#1243,.F.);
#611=ORIENTED_EDGE('',*,*,#1244,.F.);
#612=ORIENTED_EDGE('',*,*,#1245,.T.);
#613=ORIENTED_EDGE('',*,*,#1233,.F.);
#614=ORIENTED_EDGE('',*,*,#1243,.T.);
#615=ORIENTED_EDGE('',*,*,#1246,.F.);
#616=ORIENTED_EDGE('',*,*,#1247,.T.);
#617=ORIENTED_EDGE('',*,*,#1192,.F.);
#618=ORIENTED_EDGE('',*,*,#1245,.F.);
#619=ORIENTED_EDGE('',*,*,#1248,.F.);
#620=ORIENTED_EDGE('',*,*,#1249,.T.);
#621=ORIENTED_EDGE('',*,*,#1250,.F.);
#622=ORIENTED_EDGE('',*,*,#1247,.F.);
#623=ORIENTED_EDGE('',*,*,#1251,.F.);
#624=ORIENTED_EDGE('',*,*,#1213,.T.);
#625=ORIENTED_EDGE('',*,*,#1252,.F.);
#626=ORIENTED_EDGE('',*,*,#1253,.F.);
#627=ORIENTED_EDGE('',*,*,#1254,.F.);
#628=ORIENTED_EDGE('',*,*,#1178,.F.);
#629=ORIENTED_EDGE('',*,*,#1214,.T.);
#630=ORIENTED_EDGE('',*,*,#1255,.F.);
#631=ORIENTED_EDGE('',*,*,#1188,.T.);
#632=ORIENTED_EDGE('',*,*,#1228,.F.);
#633=ORIENTED_EDGE('',*,*,#1189,.T.);
#634=ORIENTED_EDGE('',*,*,#1256,.F.);
#635=ORIENTED_EDGE('',*,*,#1257,.T.);
#636=ORIENTED_EDGE('',*,*,#1258,.T.);
#637=ORIENTED_EDGE('',*,*,#1259,.F.);
#638=ORIENTED_EDGE('',*,*,#1249,.F.);
#639=ORIENTED_EDGE('',*,*,#1260,.F.);
#640=ORIENTED_EDGE('',*,*,#1261,.F.);
#641=ORIENTED_EDGE('',*,*,#1195,.T.);
#642=ORIENTED_EDGE('',*,*,#1190,.F.);
#643=ORIENTED_EDGE('',*,*,#1250,.T.);
#644=ORIENTED_EDGE('',*,*,#1262,.T.);
#645=ORIENTED_EDGE('',*,*,#1196,.F.);
#646=ORIENTED_EDGE('',*,*,#1193,.F.);
#647=ORIENTED_EDGE('',*,*,#1263,.F.);
#648=ORIENTED_EDGE('',*,*,#1253,.T.);
#649=ORIENTED_EDGE('',*,*,#1215,.F.);
#650=ORIENTED_EDGE('',*,*,#1262,.F.);
#651=ORIENTED_EDGE('',*,*,#1264,.F.);
#652=ORIENTED_EDGE('',*,*,#1265,.F.);
#653=ORIENTED_EDGE('',*,*,#1266,.T.);
#654=ORIENTED_EDGE('',*,*,#1267,.F.);
#655=ORIENTED_EDGE('',*,*,#1201,.T.);
#656=ORIENTED_EDGE('',*,*,#1267,.T.);
#657=ORIENTED_EDGE('',*,*,#1268,.T.);
#658=ORIENTED_EDGE('',*,*,#1269,.T.);
#659=ORIENTED_EDGE('',*,*,#1203,.T.);
#660=ORIENTED_EDGE('',*,*,#1269,.F.);
#661=ORIENTED_EDGE('',*,*,#1270,.T.);
#662=ORIENTED_EDGE('',*,*,#1271,.F.);
#663=ORIENTED_EDGE('',*,*,#1205,.T.);
#664=ORIENTED_EDGE('',*,*,#1271,.T.);
#665=ORIENTED_EDGE('',*,*,#1272,.T.);
#666=ORIENTED_EDGE('',*,*,#1273,.T.);
#667=ORIENTED_EDGE('',*,*,#1206,.T.);
#668=ORIENTED_EDGE('',*,*,#1273,.F.);
#669=ORIENTED_EDGE('',*,*,#1274,.T.);
#670=ORIENTED_EDGE('',*,*,#1275,.F.);
#671=ORIENTED_EDGE('',*,*,#1208,.T.);
#672=ORIENTED_EDGE('',*,*,#1275,.T.);
#673=ORIENTED_EDGE('',*,*,#1276,.T.);
#674=ORIENTED_EDGE('',*,*,#1277,.T.);
#675=ORIENTED_EDGE('',*,*,#1223,.T.);
#676=ORIENTED_EDGE('',*,*,#1221,.T.);
#677=ORIENTED_EDGE('',*,*,#1239,.T.);
#678=ORIENTED_EDGE('',*,*,#1216,.T.);
#679=ORIENTED_EDGE('',*,*,#1252,.T.);
#680=ORIENTED_EDGE('',*,*,#1212,.T.);
#681=ORIENTED_EDGE('',*,*,#1210,.T.);
#682=ORIENTED_EDGE('',*,*,#1277,.F.);
#683=ORIENTED_EDGE('',*,*,#1278,.T.);
#684=ORIENTED_EDGE('',*,*,#1279,.F.);
#685=ORIENTED_EDGE('',*,*,#1225,.T.);
#686=ORIENTED_EDGE('',*,*,#1279,.T.);
#687=ORIENTED_EDGE('',*,*,#1280,.T.);
#688=ORIENTED_EDGE('',*,*,#1265,.T.);
#689=ORIENTED_EDGE('',*,*,#1226,.T.);
#690=ORIENTED_EDGE('',*,*,#1281,.T.);
#691=ORIENTED_EDGE('',*,*,#1282,.F.);
#692=ORIENTED_EDGE('',*,*,#1283,.F.);
#693=ORIENTED_EDGE('',*,*,#1284,.F.);
#694=ORIENTED_EDGE('',*,*,#1285,.F.);
#695=ORIENTED_EDGE('',*,*,#1257,.F.);
#696=ORIENTED_EDGE('',*,*,#1281,.F.);
#697=ORIENTED_EDGE('',*,*,#1286,.F.);
#698=ORIENTED_EDGE('',*,*,#1285,.T.);
#699=ORIENTED_EDGE('',*,*,#1287,.F.);
#700=ORIENTED_EDGE('',*,*,#1288,.F.);
#701=ORIENTED_EDGE('',*,*,#1229,.F.);
#702=ORIENTED_EDGE('',*,*,#1288,.T.);
#703=ORIENTED_EDGE('',*,*,#1289,.F.);
#704=ORIENTED_EDGE('',*,*,#1290,.F.);
#705=ORIENTED_EDGE('',*,*,#1235,.F.);
#706=ORIENTED_EDGE('',*,*,#1290,.T.);
#707=ORIENTED_EDGE('',*,*,#1291,.F.);
#708=ORIENTED_EDGE('',*,*,#1292,.F.);
#709=ORIENTED_EDGE('',*,*,#1293,.F.);
#710=ORIENTED_EDGE('',*,*,#1240,.T.);
#711=ORIENTED_EDGE('',*,*,#1237,.T.);
#712=ORIENTED_EDGE('',*,*,#1236,.T.);
#713=ORIENTED_EDGE('',*,*,#1234,.T.);
#714=ORIENTED_EDGE('',*,*,#1293,.T.);
#715=ORIENTED_EDGE('',*,*,#1294,.T.);
#716=ORIENTED_EDGE('',*,*,#1295,.T.);
#717=ORIENTED_EDGE('',*,*,#1244,.T.);
#718=ORIENTED_EDGE('',*,*,#1232,.T.);
#719=ORIENTED_EDGE('',*,*,#1231,.T.);
#720=ORIENTED_EDGE('',*,*,#1292,.T.);
#721=ORIENTED_EDGE('',*,*,#1296,.F.);
#722=ORIENTED_EDGE('',*,*,#1297,.F.);
#723=ORIENTED_EDGE('',*,*,#1294,.F.);
#724=ORIENTED_EDGE('',*,*,#1298,.T.);
#725=ORIENTED_EDGE('',*,*,#1299,.F.);
#726=ORIENTED_EDGE('',*,*,#1241,.F.);
#727=ORIENTED_EDGE('',*,*,#1300,.T.);
#728=ORIENTED_EDGE('',*,*,#1260,.T.);
#729=ORIENTED_EDGE('',*,*,#1251,.T.);
#730=ORIENTED_EDGE('',*,*,#1248,.T.);
#731=ORIENTED_EDGE('',*,*,#1246,.T.);
#732=ORIENTED_EDGE('',*,*,#1242,.T.);
#733=ORIENTED_EDGE('',*,*,#1301,.F.);
#734=ORIENTED_EDGE('',*,*,#1302,.T.);
#735=ORIENTED_EDGE('',*,*,#1258,.F.);
#736=ORIENTED_EDGE('',*,*,#1264,.T.);
#737=ORIENTED_EDGE('',*,*,#1263,.T.);
#738=ORIENTED_EDGE('',*,*,#1261,.T.);
#739=ORIENTED_EDGE('',*,*,#1259,.T.);
#740=ORIENTED_EDGE('',*,*,#1303,.T.);
#741=ORIENTED_EDGE('',*,*,#1304,.T.);
#742=ORIENTED_EDGE('',*,*,#1282,.T.);
#743=ORIENTED_EDGE('',*,*,#1256,.T.);
#744=ORIENTED_EDGE('',*,*,#1255,.T.);
#745=ORIENTED_EDGE('',*,*,#1254,.T.);
#746=ORIENTED_EDGE('',*,*,#1283,.T.);
#747=ORIENTED_EDGE('',*,*,#1304,.F.);
#748=ORIENTED_EDGE('',*,*,#1305,.F.);
#749=ORIENTED_EDGE('',*,*,#1306,.F.);
#750=ORIENTED_EDGE('',*,*,#1307,.T.);
#751=ORIENTED_EDGE('',*,*,#1266,.F.);
#752=ORIENTED_EDGE('',*,*,#1308,.F.);
#753=ORIENTED_EDGE('',*,*,#1309,.F.);
#754=ORIENTED_EDGE('',*,*,#1310,.T.);
#755=ORIENTED_EDGE('',*,*,#1268,.F.);
#756=ORIENTED_EDGE('',*,*,#1307,.F.);
#757=ORIENTED_EDGE('',*,*,#1311,.F.);
#758=ORIENTED_EDGE('',*,*,#1312,.F.);
#759=ORIENTED_EDGE('',*,*,#1270,.F.);
#760=ORIENTED_EDGE('',*,*,#1310,.F.);
#761=ORIENTED_EDGE('',*,*,#1313,.F.);
#762=ORIENTED_EDGE('',*,*,#1312,.T.);
#763=ORIENTED_EDGE('',*,*,#1314,.F.);
#764=ORIENTED_EDGE('',*,*,#1315,.F.);
#765=ORIENTED_EDGE('',*,*,#1272,.F.);
#766=ORIENTED_EDGE('',*,*,#1315,.T.);
#767=ORIENTED_EDGE('',*,*,#1316,.F.);
#768=ORIENTED_EDGE('',*,*,#1317,.F.);
#769=ORIENTED_EDGE('',*,*,#1274,.F.);
#770=ORIENTED_EDGE('',*,*,#1317,.T.);
#771=ORIENTED_EDGE('',*,*,#1318,.F.);
#772=ORIENTED_EDGE('',*,*,#1319,.F.);
#773=ORIENTED_EDGE('',*,*,#1276,.F.);
#774=ORIENTED_EDGE('',*,*,#1320,.T.);
#775=ORIENTED_EDGE('',*,*,#1278,.F.);
#776=ORIENTED_EDGE('',*,*,#1319,.T.);
#777=ORIENTED_EDGE('',*,*,#1321,.F.);
#778=ORIENTED_EDGE('',*,*,#1308,.T.);
#779=ORIENTED_EDGE('',*,*,#1280,.F.);
#780=ORIENTED_EDGE('',*,*,#1320,.F.);
#781=ORIENTED_EDGE('',*,*,#1322,.F.);
#782=ORIENTED_EDGE('',*,*,#1323,.T.);
#783=ORIENTED_EDGE('',*,*,#1324,.T.);
#784=ORIENTED_EDGE('',*,*,#1325,.T.);
#785=ORIENTED_EDGE('',*,*,#1326,.T.);
#786=ORIENTED_EDGE('',*,*,#1327,.T.);
#787=ORIENTED_EDGE('',*,*,#1328,.T.);
#788=ORIENTED_EDGE('',*,*,#1329,.T.);
#789=ORIENTED_EDGE('',*,*,#1330,.T.);
#790=ORIENTED_EDGE('',*,*,#1331,.T.);
#791=ORIENTED_EDGE('',*,*,#1291,.T.);
#792=ORIENTED_EDGE('',*,*,#1289,.T.);
#793=ORIENTED_EDGE('',*,*,#1287,.T.);
#794=ORIENTED_EDGE('',*,*,#1286,.T.);
#795=ORIENTED_EDGE('',*,*,#1284,.T.);
#796=ORIENTED_EDGE('',*,*,#1331,.F.);
#797=ORIENTED_EDGE('',*,*,#1332,.T.);
#798=ORIENTED_EDGE('',*,*,#1333,.F.);
#799=ORIENTED_EDGE('',*,*,#1296,.T.);
#800=ORIENTED_EDGE('',*,*,#1297,.T.);
#801=ORIENTED_EDGE('',*,*,#1334,.F.);
#802=ORIENTED_EDGE('',*,*,#1298,.F.);
#803=ORIENTED_EDGE('',*,*,#1295,.F.);
#804=ORIENTED_EDGE('',*,*,#1335,.F.);
#805=ORIENTED_EDGE('',*,*,#1301,.T.);
#806=ORIENTED_EDGE('',*,*,#1300,.F.);
#807=ORIENTED_EDGE('',*,*,#1299,.T.);
#808=ORIENTED_EDGE('',*,*,#1305,.T.);
#809=ORIENTED_EDGE('',*,*,#1303,.F.);
#810=ORIENTED_EDGE('',*,*,#1302,.F.);
#811=ORIENTED_EDGE('',*,*,#1336,.F.);
#812=ORIENTED_EDGE('',*,*,#1337,.F.);
#813=ORIENTED_EDGE('',*,*,#1338,.T.);
#814=ORIENTED_EDGE('',*,*,#1323,.F.);
#815=ORIENTED_EDGE('',*,*,#1306,.T.);
#816=ORIENTED_EDGE('',*,*,#1322,.T.);
#817=ORIENTED_EDGE('',*,*,#1321,.T.);
#818=ORIENTED_EDGE('',*,*,#1318,.T.);
#819=ORIENTED_EDGE('',*,*,#1316,.T.);
#820=ORIENTED_EDGE('',*,*,#1314,.T.);
#821=ORIENTED_EDGE('',*,*,#1313,.T.);
#822=ORIENTED_EDGE('',*,*,#1311,.T.);
#823=ORIENTED_EDGE('',*,*,#1309,.T.);
#824=ORIENTED_EDGE('',*,*,#1339,.T.);
#825=ORIENTED_EDGE('',*,*,#1340,.T.);
#826=ORIENTED_EDGE('',*,*,#1341,.T.);
#827=ORIENTED_EDGE('',*,*,#1342,.T.);
#828=ORIENTED_EDGE('',*,*,#1343,.T.);
#829=ORIENTED_EDGE('',*,*,#1344,.T.);
#830=ORIENTED_EDGE('',*,*,#1345,.T.);
#831=ORIENTED_EDGE('',*,*,#1346,.T.);
#832=ORIENTED_EDGE('',*,*,#1347,.T.);
#833=ORIENTED_EDGE('',*,*,#1338,.F.);
#834=ORIENTED_EDGE('',*,*,#1348,.F.);
#835=ORIENTED_EDGE('',*,*,#1349,.T.);
#836=ORIENTED_EDGE('',*,*,#1324,.F.);
#837=ORIENTED_EDGE('',*,*,#1347,.F.);
#838=ORIENTED_EDGE('',*,*,#1350,.F.);
#839=ORIENTED_EDGE('',*,*,#1351,.T.);
#840=ORIENTED_EDGE('',*,*,#1325,.F.);
#841=ORIENTED_EDGE('',*,*,#1349,.F.);
#842=ORIENTED_EDGE('',*,*,#1352,.F.);
#843=ORIENTED_EDGE('',*,*,#1353,.T.);
#844=ORIENTED_EDGE('',*,*,#1326,.F.);
#845=ORIENTED_EDGE('',*,*,#1351,.F.);
#846=ORIENTED_EDGE('',*,*,#1354,.F.);
#847=ORIENTED_EDGE('',*,*,#1355,.T.);
#848=ORIENTED_EDGE('',*,*,#1327,.F.);
#849=ORIENTED_EDGE('',*,*,#1353,.F.);
#850=ORIENTED_EDGE('',*,*,#1356,.F.);
#851=ORIENTED_EDGE('',*,*,#1357,.T.);
#852=ORIENTED_EDGE('',*,*,#1328,.F.);
#853=ORIENTED_EDGE('',*,*,#1355,.F.);
#854=ORIENTED_EDGE('',*,*,#1358,.F.);
#855=ORIENTED_EDGE('',*,*,#1359,.T.);
#856=ORIENTED_EDGE('',*,*,#1329,.F.);
#857=ORIENTED_EDGE('',*,*,#1357,.F.);
#858=ORIENTED_EDGE('',*,*,#1360,.F.);
#859=ORIENTED_EDGE('',*,*,#1361,.T.);
#860=ORIENTED_EDGE('',*,*,#1330,.F.);
#861=ORIENTED_EDGE('',*,*,#1359,.F.);
#862=ORIENTED_EDGE('',*,*,#1362,.F.);
#863=ORIENTED_EDGE('',*,*,#1363,.F.);
#864=ORIENTED_EDGE('',*,*,#1332,.F.);
#865=ORIENTED_EDGE('',*,*,#1361,.F.);
#866=ORIENTED_EDGE('',*,*,#1337,.T.);
#867=ORIENTED_EDGE('',*,*,#1336,.T.);
#868=ORIENTED_EDGE('',*,*,#1335,.T.);
#869=ORIENTED_EDGE('',*,*,#1334,.T.);
#870=ORIENTED_EDGE('',*,*,#1333,.T.);
#871=ORIENTED_EDGE('',*,*,#1364,.T.);
#872=ORIENTED_EDGE('',*,*,#1365,.T.);
#873=ORIENTED_EDGE('',*,*,#1366,.T.);
#874=ORIENTED_EDGE('',*,*,#1367,.T.);
#875=ORIENTED_EDGE('',*,*,#1368,.F.);
#876=ORIENTED_EDGE('',*,*,#1369,.T.);
#877=ORIENTED_EDGE('',*,*,#1340,.F.);
#878=ORIENTED_EDGE('',*,*,#1370,.T.);
#879=ORIENTED_EDGE('',*,*,#1341,.F.);
#880=ORIENTED_EDGE('',*,*,#1369,.F.);
#881=ORIENTED_EDGE('',*,*,#1371,.F.);
#882=ORIENTED_EDGE('',*,*,#1372,.T.);
#883=ORIENTED_EDGE('',*,*,#1342,.F.);
#884=ORIENTED_EDGE('',*,*,#1370,.F.);
#885=ORIENTED_EDGE('',*,*,#1373,.F.);
#886=ORIENTED_EDGE('',*,*,#1374,.T.);
#887=ORIENTED_EDGE('',*,*,#1343,.F.);
#888=ORIENTED_EDGE('',*,*,#1372,.F.);
#889=ORIENTED_EDGE('',*,*,#1375,.F.);
#890=ORIENTED_EDGE('',*,*,#1374,.F.);
#891=ORIENTED_EDGE('',*,*,#1376,.F.);
#892=ORIENTED_EDGE('',*,*,#1377,.F.);
#893=ORIENTED_EDGE('',*,*,#1344,.F.);
#894=ORIENTED_EDGE('',*,*,#1377,.T.);
#895=ORIENTED_EDGE('',*,*,#1378,.F.);
#896=ORIENTED_EDGE('',*,*,#1379,.F.);
#897=ORIENTED_EDGE('',*,*,#1345,.F.);
#898=ORIENTED_EDGE('',*,*,#1379,.T.);
#899=ORIENTED_EDGE('',*,*,#1380,.F.);
#900=ORIENTED_EDGE('',*,*,#1381,.F.);
#901=ORIENTED_EDGE('',*,*,#1346,.F.);
#902=ORIENTED_EDGE('',*,*,#1381,.T.);
#903=ORIENTED_EDGE('',*,*,#1382,.F.);
#904=ORIENTED_EDGE('',*,*,#1367,.F.);
#905=ORIENTED_EDGE('',*,*,#1339,.F.);
#906=ORIENTED_EDGE('',*,*,#1383,.T.);
#907=ORIENTED_EDGE('',*,*,#1384,.T.);
#908=ORIENTED_EDGE('',*,*,#1385,.T.);
#909=ORIENTED_EDGE('',*,*,#1386,.T.);
#910=ORIENTED_EDGE('',*,*,#1387,.T.);
#911=ORIENTED_EDGE('',*,*,#1388,.T.);
#912=ORIENTED_EDGE('',*,*,#1389,.T.);
#913=ORIENTED_EDGE('',*,*,#1390,.T.);
#914=ORIENTED_EDGE('',*,*,#1391,.F.);
#915=ORIENTED_EDGE('',*,*,#1392,.T.);
#916=ORIENTED_EDGE('',*,*,#1393,.F.);
#917=ORIENTED_EDGE('',*,*,#1368,.T.);
#918=ORIENTED_EDGE('',*,*,#1393,.T.);
#919=ORIENTED_EDGE('',*,*,#1394,.T.);
#920=ORIENTED_EDGE('',*,*,#1395,.T.);
#921=ORIENTED_EDGE('',*,*,#1371,.T.);
#922=ORIENTED_EDGE('',*,*,#1395,.F.);
#923=ORIENTED_EDGE('',*,*,#1396,.T.);
#924=ORIENTED_EDGE('',*,*,#1397,.F.);
#925=ORIENTED_EDGE('',*,*,#1373,.T.);
#926=ORIENTED_EDGE('',*,*,#1397,.T.);
#927=ORIENTED_EDGE('',*,*,#1398,.T.);
#928=ORIENTED_EDGE('',*,*,#1399,.T.);
#929=ORIENTED_EDGE('',*,*,#1375,.T.);
#930=ORIENTED_EDGE('',*,*,#1399,.F.);
#931=ORIENTED_EDGE('',*,*,#1400,.T.);
#932=ORIENTED_EDGE('',*,*,#1401,.F.);
#933=ORIENTED_EDGE('',*,*,#1376,.T.);
#934=ORIENTED_EDGE('',*,*,#1401,.T.);
#935=ORIENTED_EDGE('',*,*,#1402,.T.);
#936=ORIENTED_EDGE('',*,*,#1403,.T.);
#937=ORIENTED_EDGE('',*,*,#1378,.T.);
#938=ORIENTED_EDGE('',*,*,#1403,.F.);
#939=ORIENTED_EDGE('',*,*,#1404,.T.);
#940=ORIENTED_EDGE('',*,*,#1405,.F.);
#941=ORIENTED_EDGE('',*,*,#1380,.T.);
#942=ORIENTED_EDGE('',*,*,#1405,.T.);
#943=ORIENTED_EDGE('',*,*,#1406,.T.);
#944=ORIENTED_EDGE('',*,*,#1391,.T.);
#945=ORIENTED_EDGE('',*,*,#1382,.T.);
#946=ORIENTED_EDGE('',*,*,#1407,.F.);
#947=ORIENTED_EDGE('',*,*,#1408,.T.);
#948=ORIENTED_EDGE('',*,*,#1409,.T.);
#949=ORIENTED_EDGE('',*,*,#1410,.T.);
#950=ORIENTED_EDGE('',*,*,#1411,.F.);
#951=ORIENTED_EDGE('',*,*,#1412,.T.);
#952=ORIENTED_EDGE('',*,*,#1407,.T.);
#953=ORIENTED_EDGE('',*,*,#1413,.T.);
#954=ORIENTED_EDGE('',*,*,#1414,.F.);
#955=ORIENTED_EDGE('',*,*,#1415,.T.);
#956=ORIENTED_EDGE('',*,*,#1411,.T.);
#957=ORIENTED_EDGE('',*,*,#1416,.T.);
#958=ORIENTED_EDGE('',*,*,#1409,.F.);
#959=ORIENTED_EDGE('',*,*,#1417,.T.);
#960=ORIENTED_EDGE('',*,*,#1414,.T.);
#961=ORIENTED_EDGE('',*,*,#1418,.T.);
#962=ORIENTED_EDGE('',*,*,#1419,.T.);
#963=ORIENTED_EDGE('',*,*,#1420,.T.);
#964=ORIENTED_EDGE('',*,*,#1421,.T.);
#965=ORIENTED_EDGE('',*,*,#1422,.T.);
#966=ORIENTED_EDGE('',*,*,#1423,.T.);
#967=ORIENTED_EDGE('',*,*,#1424,.T.);
#968=ORIENTED_EDGE('',*,*,#1425,.T.);
#969=ORIENTED_EDGE('',*,*,#1426,.T.);
#970=ORIENTED_EDGE('',*,*,#1427,.T.);
#971=ORIENTED_EDGE('',*,*,#1428,.T.);
#972=ORIENTED_EDGE('',*,*,#1429,.T.);
#973=ORIENTED_EDGE('',*,*,#1430,.T.);
#974=ORIENTED_EDGE('',*,*,#1431,.T.);
#975=ORIENTED_EDGE('',*,*,#1432,.T.);
#976=ORIENTED_EDGE('',*,*,#1350,.T.);
#977=ORIENTED_EDGE('',*,*,#1348,.T.);
#978=ORIENTED_EDGE('',*,*,#1366,.F.);
#979=ORIENTED_EDGE('',*,*,#1433,.F.);
#980=ORIENTED_EDGE('',*,*,#1161,.F.);
#981=ORIENTED_EDGE('',*,*,#1434,.F.);
#982=ORIENTED_EDGE('',*,*,#1435,.T.);
#983=ORIENTED_EDGE('',*,*,#1352,.T.);
#984=ORIENTED_EDGE('',*,*,#1434,.T.);
#985=ORIENTED_EDGE('',*,*,#1160,.T.);
#986=ORIENTED_EDGE('',*,*,#1436,.F.);
#987=ORIENTED_EDGE('',*,*,#1354,.T.);
#988=ORIENTED_EDGE('',*,*,#1435,.F.);
#989=ORIENTED_EDGE('',*,*,#1159,.F.);
#990=ORIENTED_EDGE('',*,*,#1437,.T.);
#991=ORIENTED_EDGE('',*,*,#1356,.T.);
#992=ORIENTED_EDGE('',*,*,#1436,.T.);
#993=ORIENTED_EDGE('',*,*,#1158,.T.);
#994=ORIENTED_EDGE('',*,*,#1438,.F.);
#995=ORIENTED_EDGE('',*,*,#1358,.T.);
#996=ORIENTED_EDGE('',*,*,#1437,.F.);
#997=ORIENTED_EDGE('',*,*,#1157,.F.);
#998=ORIENTED_EDGE('',*,*,#1439,.T.);
#999=ORIENTED_EDGE('',*,*,#1360,.T.);
#1000=ORIENTED_EDGE('',*,*,#1438,.T.);
#1001=ORIENTED_EDGE('',*,*,#1156,.T.);
#1002=ORIENTED_EDGE('',*,*,#1364,.F.);
#1003=ORIENTED_EDGE('',*,*,#1363,.T.);
#1004=ORIENTED_EDGE('',*,*,#1362,.T.);
#1005=ORIENTED_EDGE('',*,*,#1439,.F.);
#1006=ORIENTED_EDGE('',*,*,#1155,.F.);
#1007=ORIENTED_EDGE('',*,*,#1440,.F.);
#1008=ORIENTED_EDGE('',*,*,#1365,.F.);
#1009=ORIENTED_EDGE('',*,*,#1440,.T.);
#1010=ORIENTED_EDGE('',*,*,#1154,.T.);
#1011=ORIENTED_EDGE('',*,*,#1433,.T.);
#1012=ORIENTED_EDGE('',*,*,#1441,.F.);
#1013=ORIENTED_EDGE('',*,*,#1442,.T.);
#1014=ORIENTED_EDGE('',*,*,#1443,.T.);
#1015=ORIENTED_EDGE('',*,*,#1444,.T.);
#1016=ORIENTED_EDGE('',*,*,#1445,.F.);
#1017=ORIENTED_EDGE('',*,*,#1446,.T.);
#1018=ORIENTED_EDGE('',*,*,#1441,.T.);
#1019=ORIENTED_EDGE('',*,*,#1447,.T.);
#1020=ORIENTED_EDGE('',*,*,#1448,.F.);
#1021=ORIENTED_EDGE('',*,*,#1449,.T.);
#1022=ORIENTED_EDGE('',*,*,#1445,.T.);
#1023=ORIENTED_EDGE('',*,*,#1450,.T.);
#1024=ORIENTED_EDGE('',*,*,#1443,.F.);
#1025=ORIENTED_EDGE('',*,*,#1451,.T.);
#1026=ORIENTED_EDGE('',*,*,#1448,.T.);
#1027=ORIENTED_EDGE('',*,*,#1452,.T.);
#1028=ORIENTED_EDGE('',*,*,#1453,.T.);
#1029=ORIENTED_EDGE('',*,*,#1454,.T.);
#1030=ORIENTED_EDGE('',*,*,#1455,.T.);
#1031=ORIENTED_EDGE('',*,*,#1456,.T.);
#1032=ORIENTED_EDGE('',*,*,#1457,.T.);
#1033=ORIENTED_EDGE('',*,*,#1458,.T.);
#1034=ORIENTED_EDGE('',*,*,#1459,.T.);
#1035=ORIENTED_EDGE('',*,*,#1460,.T.);
#1036=ORIENTED_EDGE('',*,*,#1461,.F.);
#1037=ORIENTED_EDGE('',*,*,#1392,.F.);
#1038=ORIENTED_EDGE('',*,*,#1462,.F.);
#1039=ORIENTED_EDGE('',*,*,#1430,.F.);
#1040=ORIENTED_EDGE('',*,*,#1462,.T.);
#1041=ORIENTED_EDGE('',*,*,#1406,.F.);
#1042=ORIENTED_EDGE('',*,*,#1463,.F.);
#1043=ORIENTED_EDGE('',*,*,#1431,.F.);
#1044=ORIENTED_EDGE('',*,*,#1461,.T.);
#1045=ORIENTED_EDGE('',*,*,#1429,.F.);
#1046=ORIENTED_EDGE('',*,*,#1464,.F.);
#1047=ORIENTED_EDGE('',*,*,#1394,.F.);
#1048=ORIENTED_EDGE('',*,*,#1463,.T.);
#1049=ORIENTED_EDGE('',*,*,#1404,.F.);
#1050=ORIENTED_EDGE('',*,*,#1465,.F.);
#1051=ORIENTED_EDGE('',*,*,#1432,.F.);
#1052=ORIENTED_EDGE('',*,*,#1464,.T.);
#1053=ORIENTED_EDGE('',*,*,#1428,.F.);
#1054=ORIENTED_EDGE('',*,*,#1466,.F.);
#1055=ORIENTED_EDGE('',*,*,#1396,.F.);
#1056=ORIENTED_EDGE('',*,*,#1465,.T.);
#1057=ORIENTED_EDGE('',*,*,#1402,.F.);
#1058=ORIENTED_EDGE('',*,*,#1467,.F.);
#1059=ORIENTED_EDGE('',*,*,#1425,.F.);
#1060=ORIENTED_EDGE('',*,*,#1466,.T.);
#1061=ORIENTED_EDGE('',*,*,#1427,.F.);
#1062=ORIENTED_EDGE('',*,*,#1468,.F.);
#1063=ORIENTED_EDGE('',*,*,#1398,.F.);
#1064=ORIENTED_EDGE('',*,*,#1467,.T.);
#1065=ORIENTED_EDGE('',*,*,#1400,.F.);
#1066=ORIENTED_EDGE('',*,*,#1468,.T.);
#1067=ORIENTED_EDGE('',*,*,#1426,.F.);
#1068=ORIENTED_EDGE('',*,*,#1469,.F.);
#1069=ORIENTED_EDGE('',*,*,#1153,.F.);
#1070=ORIENTED_EDGE('',*,*,#1470,.F.);
#1071=ORIENTED_EDGE('',*,*,#1444,.F.);
#1072=ORIENTED_EDGE('',*,*,#1470,.T.);
#1073=ORIENTED_EDGE('',*,*,#1152,.F.);
#1074=ORIENTED_EDGE('',*,*,#1471,.F.);
#1075=ORIENTED_EDGE('',*,*,#1447,.F.);
#1076=ORIENTED_EDGE('',*,*,#1469,.T.);
#1077=ORIENTED_EDGE('',*,*,#1452,.F.);
#1078=ORIENTED_EDGE('',*,*,#1472,.F.);
#1079=ORIENTED_EDGE('',*,*,#1150,.F.);
#1080=ORIENTED_EDGE('',*,*,#1471,.T.);
#1081=ORIENTED_EDGE('',*,*,#1151,.F.);
#1082=ORIENTED_EDGE('',*,*,#1472,.T.);
#1083=ORIENTED_EDGE('',*,*,#1450,.F.);
#1084=ORIENTED_EDGE('',*,*,#1473,.T.);
#1085=ORIENTED_EDGE('',*,*,#1474,.T.);
#1086=ORIENTED_EDGE('',*,*,#1473,.F.);
#1087=ORIENTED_EDGE('',*,*,#1475,.T.);
#1088=ORIENTED_EDGE('',*,*,#1476,.T.);
#1089=ORIENTED_EDGE('',*,*,#1475,.F.);
#1090=ORIENTED_EDGE('',*,*,#1476,.F.);
#1091=ORIENTED_EDGE('',*,*,#1454,.F.);
#1092=ORIENTED_EDGE('',*,*,#1474,.F.);
#1093=ORIENTED_EDGE('',*,*,#1458,.F.);
#1094=ORIENTED_EDGE('',*,*,#1419,.F.);
#1095=ORIENTED_EDGE('',*,*,#1460,.F.);
#1096=ORIENTED_EDGE('',*,*,#1477,.F.);
#1097=ORIENTED_EDGE('',*,*,#1423,.F.);
#1098=ORIENTED_EDGE('',*,*,#1478,.F.);
#1099=ORIENTED_EDGE('',*,*,#1410,.F.);
#1100=ORIENTED_EDGE('',*,*,#1478,.T.);
#1101=ORIENTED_EDGE('',*,*,#1422,.F.);
#1102=ORIENTED_EDGE('',*,*,#1479,.F.);
#1103=ORIENTED_EDGE('',*,*,#1413,.F.);
#1104=ORIENTED_EDGE('',*,*,#1477,.T.);
#1105=ORIENTED_EDGE('',*,*,#1418,.F.);
#1106=ORIENTED_EDGE('',*,*,#1480,.F.);
#1107=ORIENTED_EDGE('',*,*,#1420,.F.);
#1108=ORIENTED_EDGE('',*,*,#1479,.T.);
#1109=ORIENTED_EDGE('',*,*,#1421,.F.);
#1110=ORIENTED_EDGE('',*,*,#1480,.T.);
#1111=ORIENTED_EDGE('',*,*,#1416,.F.);
#1112=ORIENTED_EDGE('',*,*,#1456,.F.);
#1113=ORIENTED_EDGE('',*,*,#1424,.F.);
#1114=ORIENTED_EDGE('',*,*,#1457,.F.);
#1115=ORIENTED_EDGE('',*,*,#1459,.F.);
#1116=ORIENTED_EDGE('',*,*,#1455,.F.);
#1117=ORIENTED_EDGE('',*,*,#1453,.F.);
#1118=ORIENTED_EDGE('',*,*,#1481,.F.);
#1119=ORIENTED_EDGE('',*,*,#1386,.F.);
#1120=ORIENTED_EDGE('',*,*,#1482,.F.);
#1121=ORIENTED_EDGE('',*,*,#1451,.F.);
#1122=ORIENTED_EDGE('',*,*,#1482,.T.);
#1123=ORIENTED_EDGE('',*,*,#1385,.F.);
#1124=ORIENTED_EDGE('',*,*,#1483,.F.);
#1125=ORIENTED_EDGE('',*,*,#1449,.F.);
#1126=ORIENTED_EDGE('',*,*,#1481,.T.);
#1127=ORIENTED_EDGE('',*,*,#1442,.F.);
#1128=ORIENTED_EDGE('',*,*,#1484,.F.);
#1129=ORIENTED_EDGE('',*,*,#1383,.F.);
#1130=ORIENTED_EDGE('',*,*,#1483,.T.);
#1131=ORIENTED_EDGE('',*,*,#1384,.F.);
#1132=ORIENTED_EDGE('',*,*,#1484,.T.);
#1133=ORIENTED_EDGE('',*,*,#1446,.F.);
#1134=ORIENTED_EDGE('',*,*,#1485,.F.);
#1135=ORIENTED_EDGE('',*,*,#1390,.F.);
#1136=ORIENTED_EDGE('',*,*,#1486,.F.);
#1137=ORIENTED_EDGE('',*,*,#1408,.F.);
#1138=ORIENTED_EDGE('',*,*,#1486,.T.);
#1139=ORIENTED_EDGE('',*,*,#1389,.F.);
#1140=ORIENTED_EDGE('',*,*,#1487,.F.);
#1141=ORIENTED_EDGE('',*,*,#1417,.F.);
#1142=ORIENTED_EDGE('',*,*,#1485,.T.);
#1143=ORIENTED_EDGE('',*,*,#1412,.F.);
#1144=ORIENTED_EDGE('',*,*,#1488,.F.);
#1145=ORIENTED_EDGE('',*,*,#1387,.F.);
#1146=ORIENTED_EDGE('',*,*,#1487,.T.);
#1147=ORIENTED_EDGE('',*,*,#1388,.F.);
#1148=ORIENTED_EDGE('',*,*,#1488,.T.);
#1149=ORIENTED_EDGE('',*,*,#1415,.F.);
#1150=EDGE_CURVE('',#1489,#1490,#1691,.F.);
#1151=EDGE_CURVE('',#1490,#1491,#252,.F.);
#1152=EDGE_CURVE('',#1491,#1492,#1692,.F.);
#1153=EDGE_CURVE('',#1492,#1489,#253,.F.);
#1154=EDGE_CURVE('',#1493,#1494,#254,.T.);
#1155=EDGE_CURVE('',#1493,#1495,#176,.T.);
#1156=EDGE_CURVE('',#1496,#1495,#255,.T.);
#1157=EDGE_CURVE('',#1496,#1497,#177,.T.);
#1158=EDGE_CURVE('',#1498,#1497,#256,.F.);
#1159=EDGE_CURVE('',#1498,#1499,#178,.T.);
#1160=EDGE_CURVE('',#1500,#1499,#257,.T.);
#1161=EDGE_CURVE('',#1500,#1494,#179,.T.);
#1162=EDGE_CURVE('',#1501,#1502,#1693,.T.);
#1163=EDGE_CURVE('',#1503,#1502,#180,.T.);
#1164=EDGE_CURVE('',#1504,#1503,#1694,.T.);
#1165=EDGE_CURVE('',#1501,#1504,#181,.T.);
#1166=EDGE_CURVE('',#1505,#1506,#1695,.T.);
#1167=EDGE_CURVE('',#1507,#1506,#258,.T.);
#1168=EDGE_CURVE('',#1508,#1507,#1696,.T.);
#1169=EDGE_CURVE('',#1505,#1508,#259,.F.);
#1170=EDGE_CURVE('',#1509,#1510,#1697,.T.);
#1171=EDGE_CURVE('',#1504,#1510,#40,.T.);
#1172=EDGE_CURVE('',#1509,#1503,#41,.T.);
#1173=EDGE_CURVE('',#1511,#1512,#1698,.T.);
#1174=EDGE_CURVE('',#1506,#1512,#182,.T.);
#1175=EDGE_CURVE('',#1511,#1505,#183,.T.);
#1176=EDGE_CURVE('',#1513,#1514,#184,.F.);
#1177=EDGE_CURVE('',#1514,#1515,#260,.T.);
#1178=EDGE_CURVE('',#1515,#1516,#261,.F.);
#1179=EDGE_CURVE('',#1516,#1507,#185,.T.);
#1180=EDGE_CURVE('',#1512,#1517,#262,.F.);
#1181=EDGE_CURVE('',#1517,#1518,#263,.T.);
#1182=EDGE_CURVE('',#1518,#1519,#186,.F.);
#1183=EDGE_CURVE('',#1519,#1520,#264,.F.);
#1184=EDGE_CURVE('',#1520,#1521,#187,.F.);
#1185=EDGE_CURVE('',#1521,#1522,#265,.F.);
#1186=EDGE_CURVE('',#1522,#1523,#188,.F.);
#1187=EDGE_CURVE('',#1523,#1513,#266,.T.);
#1188=EDGE_CURVE('',#1524,#1516,#1699,.T.);
#1189=EDGE_CURVE('',#1508,#1524,#189,.T.);
#1190=EDGE_CURVE('',#1525,#1501,#267,.F.);
#1191=EDGE_CURVE('',#1504,#1526,#268,.T.);
#1192=EDGE_CURVE('',#1526,#1525,#190,.F.);
#1193=EDGE_CURVE('',#1527,#1528,#1700,.T.);
#1194=EDGE_CURVE('',#1502,#1528,#42,.T.);
#1195=EDGE_CURVE('',#1527,#1501,#43,.T.);
#1196=EDGE_CURVE('',#1528,#1529,#191,.T.);
#1197=EDGE_CURVE('',#1529,#1530,#192,.F.);
#1198=EDGE_CURVE('',#1530,#1509,#193,.T.);
#1199=EDGE_CURVE('',#1531,#1521,#1701,.T.);
#1200=EDGE_CURVE('',#1532,#1520,#1702,.T.);
#1201=EDGE_CURVE('',#1531,#1532,#194,.F.);
#1202=EDGE_CURVE('',#1533,#1522,#1703,.T.);
#1203=EDGE_CURVE('',#1533,#1531,#269,.T.);
#1204=EDGE_CURVE('',#1523,#1534,#1704,.T.);
#1205=EDGE_CURVE('',#1534,#1533,#195,.F.);
#1206=EDGE_CURVE('',#1535,#1534,#270,.F.);
#1207=EDGE_CURVE('',#1513,#1535,#1705,.T.);
#1208=EDGE_CURVE('',#1536,#1535,#196,.F.);
#1209=EDGE_CURVE('',#1514,#1536,#1706,.T.);
#1210=EDGE_CURVE('',#1537,#1536,#271,.T.);
#1211=EDGE_CURVE('',#1515,#1537,#1707,.T.);
#1212=EDGE_CURVE('',#1538,#1537,#197,.T.);
#1213=EDGE_CURVE('',#1539,#1538,#1708,.T.);
#1214=EDGE_CURVE('',#1515,#1539,#198,.T.);
#1215=EDGE_CURVE('',#1529,#1540,#44,.T.);
#1216=EDGE_CURVE('',#1541,#1540,#199,.F.);
#1217=EDGE_CURVE('',#1541,#1530,#45,.T.);
#1218=EDGE_CURVE('',#1542,#1517,#1709,.T.);
#1219=EDGE_CURVE('',#1543,#1517,#200,.T.);
#1220=EDGE_CURVE('',#1544,#1543,#1710,.T.);
#1221=EDGE_CURVE('',#1542,#1544,#201,.T.);
#1222=EDGE_CURVE('',#1545,#1518,#1711,.T.);
#1223=EDGE_CURVE('',#1545,#1542,#272,.T.);
#1224=EDGE_CURVE('',#1546,#1519,#1712,.T.);
#1225=EDGE_CURVE('',#1546,#1545,#202,.F.);
#1226=EDGE_CURVE('',#1532,#1546,#273,.T.);
#1227=EDGE_CURVE('',#1547,#1505,#274,.F.);
#1228=EDGE_CURVE('',#1508,#1548,#275,.T.);
#1229=EDGE_CURVE('',#1548,#1547,#203,.T.);
#1230=EDGE_CURVE('',#1530,#1549,#1713,.T.);
#1231=EDGE_CURVE('',#1510,#1549,#204,.T.);
#1232=EDGE_CURVE('',#1550,#1510,#276,.F.);
#1233=EDGE_CURVE('',#1550,#1526,#46,.T.);
#1234=EDGE_CURVE('',#1511,#1551,#277,.F.);
#1235=EDGE_CURVE('',#1547,#1551,#47,.T.);
#1236=EDGE_CURVE('',#1543,#1511,#278,.F.);
#1237=EDGE_CURVE('',#1552,#1543,#279,.F.);
#1238=EDGE_CURVE('',#1541,#1552,#1714,.T.);
#1239=EDGE_CURVE('',#1544,#1541,#280,.T.);
#1240=EDGE_CURVE('',#1549,#1552,#48,.T.);
#1241=EDGE_CURVE('',#1553,#1554,#1715,.T.);
#1242=EDGE_CURVE('',#1555,#1554,#205,.F.);
#1243=EDGE_CURVE('',#1550,#1555,#1716,.T.);
#1244=EDGE_CURVE('',#1553,#1550,#206,.F.);
#1245=EDGE_CURVE('',#1556,#1526,#1717,.T.);
#1246=EDGE_CURVE('',#1556,#1555,#49,.T.);
#1247=EDGE_CURVE('',#1557,#1525,#1718,.T.);
#1248=EDGE_CURVE('',#1557,#1556,#207,.F.);
#1249=EDGE_CURVE('',#1558,#1559,#1719,.T.);
#1250=EDGE_CURVE('',#1525,#1559,#50,.T.);
#1251=EDGE_CURVE('',#1558,#1557,#51,.T.);
#1252=EDGE_CURVE('',#1540,#1538,#281,.F.);
#1253=EDGE_CURVE('',#1560,#1540,#1720,.T.);
#1254=EDGE_CURVE('',#1539,#1560,#282,.T.);
#1255=EDGE_CURVE('',#1524,#1539,#283,.F.);
#1256=EDGE_CURVE('',#1561,#1524,#284,.T.);
#1257=EDGE_CURVE('',#1561,#1548,#52,.T.);
#1258=EDGE_CURVE('',#1562,#1563,#1721,.T.);
#1259=EDGE_CURVE('',#1559,#1563,#208,.F.);
#1260=EDGE_CURVE('',#1562,#1558,#209,.F.);
#1261=EDGE_CURVE('',#1527,#1559,#285,.T.);
#1262=EDGE_CURVE('',#1564,#1529,#1722,.T.);
#1263=EDGE_CURVE('',#1564,#1527,#210,.T.);
#1264=EDGE_CURVE('',#1560,#1564,#53,.T.);
#1265=EDGE_CURVE('',#1565,#1532,#286,.F.);
#1266=EDGE_CURVE('',#1565,#1566,#211,.T.);
#1267=EDGE_CURVE('',#1531,#1566,#287,.T.);
#1268=EDGE_CURVE('',#1566,#1567,#288,.F.);
#1269=EDGE_CURVE('',#1567,#1533,#289,.T.);
#1270=EDGE_CURVE('',#1567,#1568,#212,.T.);
#1271=EDGE_CURVE('',#1534,#1568,#290,.F.);
#1272=EDGE_CURVE('',#1568,#1569,#291,.F.);
#1273=EDGE_CURVE('',#1569,#1535,#292,.T.);
#1274=EDGE_CURVE('',#1569,#1570,#213,.T.);
#1275=EDGE_CURVE('',#1536,#1570,#293,.T.);
#1276=EDGE_CURVE('',#1570,#1571,#294,.F.);
#1277=EDGE_CURVE('',#1571,#1545,#295,.F.);
#1278=EDGE_CURVE('',#1571,#1572,#214,.T.);
#1279=EDGE_CURVE('',#1546,#1572,#296,.F.);
#1280=EDGE_CURVE('',#1572,#1565,#297,.F.);
#1281=EDGE_CURVE('',#1573,#1561,#1723,.T.);
#1282=EDGE_CURVE('',#1574,#1561,#215,.F.);
#1283=EDGE_CURVE('',#1575,#1574,#1724,.T.);
#1284=EDGE_CURVE('',#1573,#1575,#216,.F.);
#1285=EDGE_CURVE('',#1548,#1576,#1725,.T.);
#1286=EDGE_CURVE('',#1576,#1573,#54,.T.);
#1287=EDGE_CURVE('',#1577,#1576,#217,.T.);
#1288=EDGE_CURVE('',#1547,#1577,#1726,.T.);
#1289=EDGE_CURVE('',#1578,#1577,#55,.T.);
#1290=EDGE_CURVE('',#1551,#1578,#1727,.T.);
#1291=EDGE_CURVE('',#1579,#1578,#218,.F.);
#1292=EDGE_CURVE('',#1580,#1579,#1728,.T.);
#1293=EDGE_CURVE('',#1551,#1580,#219,.F.);
#1294=EDGE_CURVE('',#1580,#1581,#56,.T.);
#1295=EDGE_CURVE('',#1581,#1553,#298,.T.);
#1296=EDGE_CURVE('',#1582,#1579,#57,.T.);
#1297=EDGE_CURVE('',#1581,#1582,#1729,.T.);
#1298=EDGE_CURVE('',#1553,#1583,#1730,.T.);
#1299=EDGE_CURVE('',#1554,#1583,#1731,.T.);
#1300=EDGE_CURVE('',#1554,#1562,#220,.T.);
#1301=EDGE_CURVE('',#1584,#1562,#1732,.F.);
#1302=EDGE_CURVE('',#1584,#1563,#1733,.T.);
#1303=EDGE_CURVE('',#1563,#1585,#299,.F.);
#1304=EDGE_CURVE('',#1585,#1574,#58,.T.);
#1305=EDGE_CURVE('',#1586,#1585,#1734,.T.);
#1306=EDGE_CURVE('',#1575,#1586,#59,.T.);
#1307=EDGE_CURVE('',#1587,#1566,#1735,.T.);
#1308=EDGE_CURVE('',#1588,#1565,#1736,.T.);
#1309=EDGE_CURVE('',#1587,#1588,#221,.T.);
#1310=EDGE_CURVE('',#1589,#1567,#1737,.T.);
#1311=EDGE_CURVE('',#1589,#1587,#300,.F.);
#1312=EDGE_CURVE('',#1568,#1590,#1738,.T.);
#1313=EDGE_CURVE('',#1590,#1589,#222,.T.);
#1314=EDGE_CURVE('',#1591,#1590,#301,.F.);
#1315=EDGE_CURVE('',#1569,#1591,#1739,.T.);
#1316=EDGE_CURVE('',#1592,#1591,#223,.T.);
#1317=EDGE_CURVE('',#1570,#1592,#1740,.T.);
#1318=EDGE_CURVE('',#1593,#1592,#302,.T.);
#1319=EDGE_CURVE('',#1571,#1593,#1741,.T.);
#1320=EDGE_CURVE('',#1594,#1572,#1742,.T.);
#1321=EDGE_CURVE('',#1594,#1593,#224,.T.);
#1322=EDGE_CURVE('',#1588,#1594,#303,.F.);
#1323=EDGE_CURVE('',#1575,#1595,#225,.F.);
#1324=EDGE_CURVE('',#1595,#1596,#60,.T.);
#1325=EDGE_CURVE('',#1596,#1597,#226,.T.);
#1326=EDGE_CURVE('',#1597,#1598,#61,.T.);
#1327=EDGE_CURVE('',#1598,#1599,#227,.F.);
#1328=EDGE_CURVE('',#1599,#1600,#62,.T.);
#1329=EDGE_CURVE('',#1600,#1601,#228,.T.);
#1330=EDGE_CURVE('',#1601,#1602,#63,.T.);
#1331=EDGE_CURVE('',#1602,#1579,#229,.F.);
#1332=EDGE_CURVE('',#1602,#1603,#64,.T.);
#1333=EDGE_CURVE('',#1582,#1603,#230,.F.);
#1334=EDGE_CURVE('',#1583,#1582,#304,.F.);
#1335=EDGE_CURVE('',#1584,#1583,#231,.T.);
#1336=EDGE_CURVE('',#1586,#1584,#305,.T.);
#1337=EDGE_CURVE('',#1604,#1586,#232,.F.);
#1338=EDGE_CURVE('',#1604,#1595,#65,.F.);
#1339=EDGE_CURVE('',#1605,#1606,#306,.F.);
#1340=EDGE_CURVE('',#1606,#1607,#233,.F.);
#1341=EDGE_CURVE('',#1607,#1608,#307,.T.);
#1342=EDGE_CURVE('',#1608,#1609,#234,.F.);
#1343=EDGE_CURVE('',#1609,#1610,#308,.F.);
#1344=EDGE_CURVE('',#1610,#1611,#235,.F.);
#1345=EDGE_CURVE('',#1611,#1612,#309,.F.);
#1346=EDGE_CURVE('',#1612,#1605,#236,.F.);
#1347=EDGE_CURVE('',#1613,#1595,#1743,.T.);
#1348=EDGE_CURVE('',#1613,#1604,#66,.T.);
#1349=EDGE_CURVE('',#1614,#1596,#1744,.T.);
#1350=EDGE_CURVE('',#1614,#1613,#67,.T.);
#1351=EDGE_CURVE('',#1615,#1597,#1745,.T.);
#1352=EDGE_CURVE('',#1615,#1614,#237,.T.);
#1353=EDGE_CURVE('',#1616,#1598,#1746,.T.);
#1354=EDGE_CURVE('',#1616,#1615,#68,.T.);
#1355=EDGE_CURVE('',#1617,#1599,#1747,.T.);
#1356=EDGE_CURVE('',#1617,#1616,#238,.F.);
#1357=EDGE_CURVE('',#1618,#1600,#1748,.T.);
#1358=EDGE_CURVE('',#1618,#1617,#69,.T.);
#1359=EDGE_CURVE('',#1619,#1601,#1749,.T.);
#1360=EDGE_CURVE('',#1619,#1618,#239,.T.);
#1361=EDGE_CURVE('',#1620,#1602,#1750,.T.);
#1362=EDGE_CURVE('',#1620,#1619,#70,.T.);
#1363=EDGE_CURVE('',#1603,#1620,#71,.F.);
#1364=EDGE_CURVE('',#1603,#1621,#310,.F.);
#1365=EDGE_CURVE('',#1621,#1622,#72,.T.);
#1366=EDGE_CURVE('',#1622,#1604,#311,.F.);
#1367=EDGE_CURVE('',#1606,#1623,#1751,.T.);
#1368=EDGE_CURVE('',#1624,#1623,#240,.F.);
#1369=EDGE_CURVE('',#1624,#1607,#1752,.T.);
#1370=EDGE_CURVE('',#1625,#1608,#1753,.T.);
#1371=EDGE_CURVE('',#1625,#1624,#312,.F.);
#1372=EDGE_CURVE('',#1626,#1609,#1754,.T.);
#1373=EDGE_CURVE('',#1626,#1625,#241,.F.);
#1374=EDGE_CURVE('',#1627,#1610,#1755,.T.);
#1375=EDGE_CURVE('',#1627,#1626,#313,.T.);
#1376=EDGE_CURVE('',#1628,#1627,#242,.F.);
#1377=EDGE_CURVE('',#1611,#1628,#1756,.T.);
#1378=EDGE_CURVE('',#1629,#1628,#314,.T.);
#1379=EDGE_CURVE('',#1612,#1629,#1757,.T.);
#1380=EDGE_CURVE('',#1630,#1629,#243,.F.);
#1381=EDGE_CURVE('',#1605,#1630,#1758,.T.);
#1382=EDGE_CURVE('',#1623,#1630,#315,.T.);
#1383=EDGE_CURVE('',#1631,#1632,#316,.F.);
#1384=EDGE_CURVE('',#1632,#1633,#1759,.T.);
#1385=EDGE_CURVE('',#1633,#1634,#317,.F.);
#1386=EDGE_CURVE('',#1634,#1631,#1760,.T.);
#1387=EDGE_CURVE('',#1635,#1636,#1761,.F.);
#1388=EDGE_CURVE('',#1636,#1637,#318,.F.);
#1389=EDGE_CURVE('',#1637,#1638,#1762,.F.);
#1390=EDGE_CURVE('',#1638,#1635,#319,.F.);
#1391=EDGE_CURVE('',#1639,#1623,#320,.F.);
#1392=EDGE_CURVE('',#1639,#1640,#244,.F.);
#1393=EDGE_CURVE('',#1624,#1640,#321,.T.);
#1394=EDGE_CURVE('',#1640,#1641,#322,.F.);
#1395=EDGE_CURVE('',#1641,#1625,#323,.T.);
#1396=EDGE_CURVE('',#1641,#1642,#245,.F.);
#1397=EDGE_CURVE('',#1626,#1642,#324,.F.);
#1398=EDGE_CURVE('',#1642,#1643,#325,.F.);
#1399=EDGE_CURVE('',#1643,#1627,#326,.F.);
#1400=EDGE_CURVE('',#1643,#1644,#246,.F.);
#1401=EDGE_CURVE('',#1628,#1644,#327,.T.);
#1402=EDGE_CURVE('',#1644,#1645,#328,.F.);
#1403=EDGE_CURVE('',#1645,#1629,#329,.F.);
#1404=EDGE_CURVE('',#1645,#1646,#247,.F.);
#1405=EDGE_CURVE('',#1630,#1646,#330,.T.);
#1406=EDGE_CURVE('',#1646,#1639,#331,.F.);
#1407=EDGE_CURVE('',#1647,#1648,#332,.T.);
#1408=EDGE_CURVE('',#1647,#1649,#333,.T.);
#1409=EDGE_CURVE('',#1649,#1650,#334,.T.);
#1410=EDGE_CURVE('',#1650,#1648,#335,.F.);
#1411=EDGE_CURVE('',#1651,#1652,#336,.T.);
#1412=EDGE_CURVE('',#1651,#1647,#1763,.T.);
#1413=EDGE_CURVE('',#1648,#1652,#1764,.F.);
#1414=EDGE_CURVE('',#1653,#1654,#337,.T.);
#1415=EDGE_CURVE('',#1653,#1651,#338,.T.);
#1416=EDGE_CURVE('',#1652,#1654,#339,.F.);
#1417=EDGE_CURVE('',#1649,#1653,#1765,.T.);
#1418=EDGE_CURVE('',#1654,#1650,#1766,.F.);
#1419=EDGE_CURVE('',#1655,#1655,#1767,.T.);
#1420=EDGE_CURVE('',#1656,#1657,#1768,.T.);
#1421=EDGE_CURVE('',#1657,#1658,#340,.F.);
#1422=EDGE_CURVE('',#1658,#1659,#1769,.T.);
#1423=EDGE_CURVE('',#1659,#1656,#341,.F.);
#1424=EDGE_CURVE('',#1660,#1660,#1770,.T.);
#1425=EDGE_CURVE('',#1661,#1662,#342,.F.);
#1426=EDGE_CURVE('',#1662,#1663,#248,.F.);
#1427=EDGE_CURVE('',#1663,#1664,#343,.F.);
#1428=EDGE_CURVE('',#1664,#1665,#249,.F.);
#1429=EDGE_CURVE('',#1665,#1666,#344,.F.);
#1430=EDGE_CURVE('',#1666,#1667,#250,.F.);
#1431=EDGE_CURVE('',#1667,#1668,#345,.F.);
#1432=EDGE_CURVE('',#1668,#1661,#251,.F.);
#1433=EDGE_CURVE('',#1494,#1622,#346,.T.);
#1434=EDGE_CURVE('',#1614,#1500,#347,.F.);
#1435=EDGE_CURVE('',#1499,#1615,#348,.T.);
#1436=EDGE_CURVE('',#1616,#1498,#349,.F.);
#1437=EDGE_CURVE('',#1497,#1617,#350,.F.);
#1438=EDGE_CURVE('',#1618,#1496,#351,.T.);
#1439=EDGE_CURVE('',#1495,#1619,#352,.F.);
#1440=EDGE_CURVE('',#1621,#1493,#353,.T.);
#1441=EDGE_CURVE('',#1669,#1670,#354,.T.);
#1442=EDGE_CURVE('',#1669,#1671,#355,.T.);
#1443=EDGE_CURVE('',#1671,#1672,#356,.T.);
#1444=EDGE_CURVE('',#1672,#1670,#357,.F.);
#1445=EDGE_CURVE('',#1673,#1674,#358,.T.);
#1446=EDGE_CURVE('',#1673,#1669,#1771,.T.);
#1447=EDGE_CURVE('',#1670,#1674,#1772,.F.);
#1448=EDGE_CURVE('',#1675,#1676,#359,.T.);
#1449=EDGE_CURVE('',#1675,#1673,#360,.T.);
#1450=EDGE_CURVE('',#1674,#1676,#361,.F.);
#1451=EDGE_CURVE('',#1671,#1675,#1773,.T.);
#1452=EDGE_CURVE('',#1676,#1672,#1774,.F.);
#1453=EDGE_CURVE('',#1677,#1677,#1775,.T.);
#1454=EDGE_CURVE('',#1678,#1678,#1776,.F.);
#1455=EDGE_CURVE('',#1679,#1679,#1777,.T.);
#1456=EDGE_CURVE('',#1680,#1680,#1778,.T.);
#1457=EDGE_CURVE('',#1681,#1681,#1779,.F.);
#1458=EDGE_CURVE('',#1682,#1682,#1780,.T.);
#1459=EDGE_CURVE('',#1683,#1683,#1781,.T.);
#1460=EDGE_CURVE('',#1684,#1684,#1782,.F.);
#1461=EDGE_CURVE('',#1640,#1666,#1783,.T.);
#1462=EDGE_CURVE('',#1667,#1639,#1784,.T.);
#1463=EDGE_CURVE('',#1668,#1646,#1785,.T.);
#1464=EDGE_CURVE('',#1641,#1665,#1786,.T.);
#1465=EDGE_CURVE('',#1661,#1645,#1787,.T.);
#1466=EDGE_CURVE('',#1642,#1664,#1788,.T.);
#1467=EDGE_CURVE('',#1662,#1644,#1789,.T.);
#1468=EDGE_CURVE('',#1643,#1663,#1790,.T.);
#1469=EDGE_CURVE('',#1489,#1672,#1791,.T.);
#1470=EDGE_CURVE('',#1670,#1492,#1792,.T.);
#1471=EDGE_CURVE('',#1674,#1491,#1793,.T.);
#1472=EDGE_CURVE('',#1490,#1676,#1794,.T.);
#1473=EDGE_CURVE('',#1685,#1685,#1795,.F.);
#1474=EDGE_CURVE('',#1687,#1687,#1796,.F.);
#1475=EDGE_CURVE('',#1688,#1688,#1797,.F.);
#1476=EDGE_CURVE('',#1690,#1690,#1798,.T.);
#1477=EDGE_CURVE('',#1656,#1650,#1799,.T.);
#1478=EDGE_CURVE('',#1648,#1659,#1800,.T.);
#1479=EDGE_CURVE('',#1652,#1658,#1801,.T.);
#1480=EDGE_CURVE('',#1657,#1654,#1802,.T.);
#1481=EDGE_CURVE('',#1631,#1671,#1803,.T.);
#1482=EDGE_CURVE('',#1675,#1634,#1804,.T.);
#1483=EDGE_CURVE('',#1673,#1633,#1805,.T.);
#1484=EDGE_CURVE('',#1632,#1669,#1806,.T.);
#1485=EDGE_CURVE('',#1635,#1647,#1807,.T.);
#1486=EDGE_CURVE('',#1649,#1638,#1808,.T.);
#1487=EDGE_CURVE('',#1653,#1637,#1809,.T.);
#1488=EDGE_CURVE('',#1636,#1651,#1810,.T.);
#1489=VERTEX_POINT('',#3379);
#1490=VERTEX_POINT('',#3380);
#1491=VERTEX_POINT('',#3382);
#1492=VERTEX_POINT('',#3384);
#1493=VERTEX_POINT('',#3387);
#1494=VERTEX_POINT('',#3388);
#1495=VERTEX_POINT('',#3390);
#1496=VERTEX_POINT('',#3392);
#1497=VERTEX_POINT('',#3394);
#1498=VERTEX_POINT('',#3396);
#1499=VERTEX_POINT('',#3398);
#1500=VERTEX_POINT('',#3400);
#1501=VERTEX_POINT('',#3415);
#1502=VERTEX_POINT('',#3416);
#1503=VERTEX_POINT('',#3418);
#1504=VERTEX_POINT('',#3420);
#1505=VERTEX_POINT('',#3424);
#1506=VERTEX_POINT('',#3425);
#1507=VERTEX_POINT('',#3427);
#1508=VERTEX_POINT('',#3429);
#1509=VERTEX_POINT('',#3444);
#1510=VERTEX_POINT('',#3445);
#1511=VERTEX_POINT('',#3470);
#1512=VERTEX_POINT('',#3471);
#1513=VERTEX_POINT('',#3476);
#1514=VERTEX_POINT('',#3477);
#1515=VERTEX_POINT('',#3479);
#1516=VERTEX_POINT('',#3481);
#1517=VERTEX_POINT('',#3484);
#1518=VERTEX_POINT('',#3486);
#1519=VERTEX_POINT('',#3488);
#1520=VERTEX_POINT('',#3490);
#1521=VERTEX_POINT('',#3492);
#1522=VERTEX_POINT('',#3494);
#1523=VERTEX_POINT('',#3496);
#1524=VERTEX_POINT('',#3514);
#1525=VERTEX_POINT('',#3518);
#1526=VERTEX_POINT('',#3520);
#1527=VERTEX_POINT('',#3535);
#1528=VERTEX_POINT('',#3536);
#1529=VERTEX_POINT('',#3547);
#1530=VERTEX_POINT('',#3549);
#1531=VERTEX_POINT('',#3567);
#1532=VERTEX_POINT('',#3569);
#1533=VERTEX_POINT('',#3573);
#1534=VERTEX_POINT('',#3591);
#1535=VERTEX_POINT('',#3595);
#1536=VERTEX_POINT('',#3610);
#1537=VERTEX_POINT('',#3614);
#1538=VERTEX_POINT('',#3629);
#1539=VERTEX_POINT('',#3631);
#1540=VERTEX_POINT('',#3649);
#1541=VERTEX_POINT('',#3651);
#1542=VERTEX_POINT('',#3669);
#1543=VERTEX_POINT('',#3671);
#1544=VERTEX_POINT('',#3673);
#1545=VERTEX_POINT('',#3677);
#1546=VERTEX_POINT('',#3692);
#1547=VERTEX_POINT('',#3698);
#1548=VERTEX_POINT('',#3700);
#1549=VERTEX_POINT('',#3715);
#1550=VERTEX_POINT('',#3719);
#1551=VERTEX_POINT('',#3726);
#1552=VERTEX_POINT('',#3735);
#1553=VERTEX_POINT('',#3767);
#1554=VERTEX_POINT('',#3768);
#1555=VERTEX_POINT('',#3770);
#1556=VERTEX_POINT('',#3786);
#1557=VERTEX_POINT('',#3804);
#1558=VERTEX_POINT('',#3819);
#1559=VERTEX_POINT('',#3820);
#1560=VERTEX_POINT('',#3832);
#1561=VERTEX_POINT('',#3838);
#1562=VERTEX_POINT('',#3856);
#1563=VERTEX_POINT('',#3857);
#1564=VERTEX_POINT('',#3875);
#1565=VERTEX_POINT('',#3895);
#1566=VERTEX_POINT('',#3897);
#1567=VERTEX_POINT('',#3901);
#1568=VERTEX_POINT('',#3905);
#1569=VERTEX_POINT('',#3909);
#1570=VERTEX_POINT('',#3913);
#1571=VERTEX_POINT('',#3917);
#1572=VERTEX_POINT('',#3921);
#1573=VERTEX_POINT('',#3938);
#1574=VERTEX_POINT('',#3940);
#1575=VERTEX_POINT('',#3942);
#1576=VERTEX_POINT('',#3957);
#1577=VERTEX_POINT('',#3975);
#1578=VERTEX_POINT('',#3993);
#1579=VERTEX_POINT('',#4008);
#1580=VERTEX_POINT('',#4010);
#1581=VERTEX_POINT('',#4017);
#1582=VERTEX_POINT('',#4035);
#1583=VERTEX_POINT('',#4039);
#1584=VERTEX_POINT('',#4045);
#1585=VERTEX_POINT('',#4049);
#1586=VERTEX_POINT('',#4067);
#1587=VERTEX_POINT('',#4088);
#1588=VERTEX_POINT('',#4090);
#1589=VERTEX_POINT('',#4094);
#1590=VERTEX_POINT('',#4112);
#1591=VERTEX_POINT('',#4116);
#1592=VERTEX_POINT('',#4131);
#1593=VERTEX_POINT('',#4135);
#1594=VERTEX_POINT('',#4150);
#1595=VERTEX_POINT('',#4156);
#1596=VERTEX_POINT('',#4161);
#1597=VERTEX_POINT('',#4163);
#1598=VERTEX_POINT('',#4168);
#1599=VERTEX_POINT('',#4170);
#1600=VERTEX_POINT('',#4175);
#1601=VERTEX_POINT('',#4177);
#1602=VERTEX_POINT('',#4182);
#1603=VERTEX_POINT('',#4200);
#1604=VERTEX_POINT('',#4232);
#1605=VERTEX_POINT('',#4239);
#1606=VERTEX_POINT('',#4240);
#1607=VERTEX_POINT('',#4242);
#1608=VERTEX_POINT('',#4244);
#1609=VERTEX_POINT('',#4246);
#1610=VERTEX_POINT('',#4248);
#1611=VERTEX_POINT('',#4250);
#1612=VERTEX_POINT('',#4252);
#1613=VERTEX_POINT('',#4267);
#1614=VERTEX_POINT('',#4285);
#1615=VERTEX_POINT('',#4307);
#1616=VERTEX_POINT('',#4322);
#1617=VERTEX_POINT('',#4340);
#1618=VERTEX_POINT('',#4355);
#1619=VERTEX_POINT('',#4377);
#1620=VERTEX_POINT('',#4392);
#1621=VERTEX_POINT('',#4415);
#1622=VERTEX_POINT('',#4420);
#1623=VERTEX_POINT('',#4438);
#1624=VERTEX_POINT('',#4440);
#1625=VERTEX_POINT('',#4444);
#1626=VERTEX_POINT('',#4462);
#1627=VERTEX_POINT('',#4466);
#1628=VERTEX_POINT('',#4484);
#1629=VERTEX_POINT('',#4488);
#1630=VERTEX_POINT('',#4506);
#1631=VERTEX_POINT('',#4512);
#1632=VERTEX_POINT('',#4513);
#1633=VERTEX_POINT('',#4515);
#1634=VERTEX_POINT('',#4517);
#1635=VERTEX_POINT('',#4520);
#1636=VERTEX_POINT('',#4521);
#1637=VERTEX_POINT('',#4523);
#1638=VERTEX_POINT('',#4525);
#1639=VERTEX_POINT('',#4529);
#1640=VERTEX_POINT('',#4531);
#1641=VERTEX_POINT('',#4535);
#1642=VERTEX_POINT('',#4539);
#1643=VERTEX_POINT('',#4543);
#1644=VERTEX_POINT('',#4547);
#1645=VERTEX_POINT('',#4551);
#1646=VERTEX_POINT('',#4555);
#1647=VERTEX_POINT('',#4561);
#1648=VERTEX_POINT('',#4562);
#1649=VERTEX_POINT('',#4564);
#1650=VERTEX_POINT('',#4566);
#1651=VERTEX_POINT('',#4570);
#1652=VERTEX_POINT('',#4571);
#1653=VERTEX_POINT('',#4576);
#1654=VERTEX_POINT('',#4577);
#1655=VERTEX_POINT('',#4585);
#1656=VERTEX_POINT('',#4587);
#1657=VERTEX_POINT('',#4588);
#1658=VERTEX_POINT('',#4590);
#1659=VERTEX_POINT('',#4592);
#1660=VERTEX_POINT('',#4595);
#1661=VERTEX_POINT('',#4597);
#1662=VERTEX_POINT('',#4598);
#1663=VERTEX_POINT('',#4600);
#1664=VERTEX_POINT('',#4602);
#1665=VERTEX_POINT('',#4604);
#1666=VERTEX_POINT('',#4606);
#1667=VERTEX_POINT('',#4608);
#1668=VERTEX_POINT('',#4610);
#1669=VERTEX_POINT('',#4630);
#1670=VERTEX_POINT('',#4631);
#1671=VERTEX_POINT('',#4633);
#1672=VERTEX_POINT('',#4635);
#1673=VERTEX_POINT('',#4639);
#1674=VERTEX_POINT('',#4640);
#1675=VERTEX_POINT('',#4645);
#1676=VERTEX_POINT('',#4646);
#1677=VERTEX_POINT('',#4654);
#1678=VERTEX_POINT('',#4656);
#1679=VERTEX_POINT('',#4659);
#1680=VERTEX_POINT('',#4661);
#1681=VERTEX_POINT('',#4664);
#1682=VERTEX_POINT('',#4666);
#1683=VERTEX_POINT('',#4669);
#1684=VERTEX_POINT('',#4671);
#1685=VERTEX_POINT('',#4742);
#1686=VERTEX_POINT('',#4743);
#1687=VERTEX_POINT('',#4746);
#1688=VERTEX_POINT('',#4749);
#1689=VERTEX_POINT('',#4750);
#1690=VERTEX_POINT('',#4753);
#1691=CIRCLE('',#2362,2.19709128094547);
#1692=CIRCLE('',#2363,2.19709128094547);
#1693=CIRCLE('',#2368,0.2);
#1694=CIRCLE('',#2370,0.2);
#1695=CIRCLE('',#2373,0.2);
#1696=CIRCLE('',#2374,0.2);
#1697=CIRCLE('',#2375,0.2);
#1698=CIRCLE('',#2376,0.2);
#1699=CIRCLE('',#2385,0.2);
#1700=CIRCLE('',#2389,0.2);
#1701=CIRCLE('',#2394,0.2);
#1702=CIRCLE('',#2395,0.2);
#1703=CIRCLE('',#2398,0.2);
#1704=CIRCLE('',#2399,0.2);
#1705=CIRCLE('',#2402,0.2);
#1706=CIRCLE('',#2404,0.2);
#1707=CIRCLE('',#2406,0.2);
#1708=CIRCLE('',#2408,0.2);
#1709=CIRCLE('',#2411,0.2);
#1710=CIRCLE('',#2413,0.2);
#1711=CIRCLE('',#2416,0.2);
#1712=CIRCLE('',#2417,0.2);
#1713=CIRCLE('',#2422,0.2);
#1714=CIRCLE('',#2428,0.2);
#1715=CIRCLE('',#2429,0.2);
#1716=CIRCLE('',#2431,0.2);
#1717=CIRCLE('',#2433,0.2);
#1718=CIRCLE('',#2434,0.2);
#1719=CIRCLE('',#2436,0.2);
#1720=CIRCLE('',#2438,0.2);
#1721=CIRCLE('',#2441,0.2);
#1722=CIRCLE('',#2445,0.2);
#1723=CIRCLE('',#2459,0.2);
#1724=CIRCLE('',#2461,0.2);
#1725=CIRCLE('',#2463,0.2);
#1726=CIRCLE('',#2465,0.2);
#1727=CIRCLE('',#2466,0.2);
#1728=CIRCLE('',#2468,0.2);
#1729=CIRCLE('',#2471,0.2);
#1730=CIRCLE('',#2473,0.2);
#1731=CIRCLE('',#2474,0.2);
#1732=CIRCLE('',#2478,0.2);
#1733=CIRCLE('',#2479,0.2);
#1734=CIRCLE('',#2481,0.2);
#1735=CIRCLE('',#2482,0.2);
#1736=CIRCLE('',#2483,0.2);
#1737=CIRCLE('',#2486,0.2);
#1738=CIRCLE('',#2487,0.2);
#1739=CIRCLE('',#2490,0.2);
#1740=CIRCLE('',#2492,0.2);
#1741=CIRCLE('',#2494,0.2);
#1742=CIRCLE('',#2495,0.2);
#1743=CIRCLE('',#2514,0.2);
#1744=CIRCLE('',#2515,0.2);
#1745=CIRCLE('',#2516,0.2);
#1746=CIRCLE('',#2518,0.2);
#1747=CIRCLE('',#2519,0.2);
#1748=CIRCLE('',#2521,0.2);
#1749=CIRCLE('',#2522,0.2);
#1750=CIRCLE('',#2524,0.2);
#1751=CIRCLE('',#2526,0.2);
#1752=CIRCLE('',#2528,0.2);
#1753=CIRCLE('',#2530,0.2);
#1754=CIRCLE('',#2531,0.2);
#1755=CIRCLE('',#2534,0.2);
#1756=CIRCLE('',#2536,0.2);
#1757=CIRCLE('',#2538,0.2);
#1758=CIRCLE('',#2540,0.2);
#1759=CIRCLE('',#2543,2.04366812792933);
#1760=CIRCLE('',#2544,2.04366812792933);
#1761=CIRCLE('',#2545,2.55633187207067);
#1762=CIRCLE('',#2546,2.55633187207067);
#1763=CIRCLE('',#2561,2.75630141110195);
#1764=CIRCLE('',#2562,2.8629387223292);
#1765=CIRCLE('',#2565,2.75630141110195);
#1766=CIRCLE('',#2566,2.8629387223292);
#1767=CIRCLE('',#2568,2.53144031225381);
#1768=CIRCLE('',#2569,3.16289303087612);
#1769=CIRCLE('',#2570,3.16289303087612);
#1770=CIRCLE('',#2571,2.53144031225381);
#1771=CIRCLE('',#2586,1.84369858889805);
#1772=CIRCLE('',#2587,1.69716743336727);
#1773=CIRCLE('',#2590,1.84369858889805);
#1774=CIRCLE('',#2591,1.69716743336727);
#1775=CIRCLE('',#2593,1.97992820408126);
#1776=CIRCLE('',#2594,1.5);
#1777=CIRCLE('',#2596,2.17992058869409);
#1778=CIRCLE('',#2597,2.23145173533456);
#1779=CIRCLE('',#2599,1.97992820408125);
#1780=CIRCLE('',#2600,1.5);
#1781=CIRCLE('',#2602,2.17992058869409);
#1782=CIRCLE('',#2603,2.23145173533456);
#1783=CIRCLE('',#2604,0.2);
#1784=CIRCLE('',#2605,0.2);
#1785=CIRCLE('',#2607,0.2);
#1786=CIRCLE('',#2609,0.2);
#1787=CIRCLE('',#2610,0.2);
#1788=CIRCLE('',#2611,0.2);
#1789=CIRCLE('',#2613,0.2);
#1790=CIRCLE('',#2615,0.2);
#1791=CIRCLE('',#2617,0.5);
#1792=CIRCLE('',#2618,0.5);
#1793=CIRCLE('',#2620,0.5);
#1794=CIRCLE('',#2622,0.5);
#1795=CIRCLE('',#2625,0.9);
#1796=CIRCLE('',#2627,0.9);
#1797=CIRCLE('',#2629,0.9);
#1798=CIRCLE('',#2631,0.9);
#1799=CIRCLE('',#2636,0.3);
#1800=CIRCLE('',#2637,0.3);
#1801=CIRCLE('',#2639,0.3);
#1802=CIRCLE('',#2641,0.3);
#1803=CIRCLE('',#2647,0.2);
#1804=CIRCLE('',#2648,0.2);
#1805=CIRCLE('',#2650,0.2);
#1806=CIRCLE('',#2652,0.2);
#1807=CIRCLE('',#2655,0.2);
#1808=CIRCLE('',#2656,0.2);
#1809=CIRCLE('',#2658,0.2);
#1810=CIRCLE('',#2660,0.2);
#1811=EDGE_LOOP('',(#472,#473,#474,#475));
#1812=EDGE_LOOP('',(#476,#477,#478,#479,#480,#481,#482,#483));
#1813=EDGE_LOOP('',(#484,#485,#486,#487));
#1814=EDGE_LOOP('',(#488,#489,#490,#491));
#1815=EDGE_LOOP('',(#492,#493,#494,#495));
#1816=EDGE_LOOP('',(#496,#497,#498,#499));
#1817=EDGE_LOOP('',(#500,#501,#502,#503,#504,#505,#506,#507,#508,#509,#510,
#511,#512,#513));
#1818=EDGE_LOOP('',(#514,#515,#516,#517));
#1819=EDGE_LOOP('',(#518,#519,#520,#521));
#1820=EDGE_LOOP('',(#522,#523,#524,#525));
#1821=EDGE_LOOP('',(#526,#527,#528,#529,#530,#531));
#1822=EDGE_LOOP('',(#532,#533,#534,#535));
#1823=EDGE_LOOP('',(#536,#537,#538,#539));
#1824=EDGE_LOOP('',(#540,#541,#542,#543));
#1825=EDGE_LOOP('',(#544,#545,#546,#547));
#1826=EDGE_LOOP('',(#548,#549,#550,#551));
#1827=EDGE_LOOP('',(#552,#553,#554,#555));
#1828=EDGE_LOOP('',(#556,#557,#558,#559));
#1829=EDGE_LOOP('',(#560,#561,#562,#563));
#1830=EDGE_LOOP('',(#564,#565,#566,#567));
#1831=EDGE_LOOP('',(#568,#569,#570,#571));
#1832=EDGE_LOOP('',(#572,#573,#574,#575));
#1833=EDGE_LOOP('',(#576,#577,#578,#579));
#1834=EDGE_LOOP('',(#580,#581,#582,#583));
#1835=EDGE_LOOP('',(#584,#585,#586,#587));
#1836=EDGE_LOOP('',(#588,#589,#590,#591));
#1837=EDGE_LOOP('',(#592,#593,#594,#595));
#1838=EDGE_LOOP('',(#596,#597,#598,#599));
#1839=EDGE_LOOP('',(#600,#601,#602,#603));
#1840=EDGE_LOOP('',(#604,#605,#606,#607));
#1841=EDGE_LOOP('',(#608,#609,#610,#611));
#1842=EDGE_LOOP('',(#612,#613,#614,#615));
#1843=EDGE_LOOP('',(#616,#617,#618,#619));
#1844=EDGE_LOOP('',(#620,#621,#622,#623));
#1845=EDGE_LOOP('',(#624,#625,#626,#627));
#1846=EDGE_LOOP('',(#628,#629,#630,#631));
#1847=EDGE_LOOP('',(#632,#633,#634,#635));
#1848=EDGE_LOOP('',(#636,#637,#638,#639));
#1849=EDGE_LOOP('',(#640,#641,#642,#643));
#1850=EDGE_LOOP('',(#644,#645,#646,#647));
#1851=EDGE_LOOP('',(#648,#649,#650,#651));
#1852=EDGE_LOOP('',(#652,#653,#654,#655));
#1853=EDGE_LOOP('',(#656,#657,#658,#659));
#1854=EDGE_LOOP('',(#660,#661,#662,#663));
#1855=EDGE_LOOP('',(#664,#665,#666,#667));
#1856=EDGE_LOOP('',(#668,#669,#670,#671));
#1857=EDGE_LOOP('',(#672,#673,#674,#675,#676,#677,#678,#679,#680,#681));
#1858=EDGE_LOOP('',(#682,#683,#684,#685));
#1859=EDGE_LOOP('',(#686,#687,#688,#689));
#1860=EDGE_LOOP('',(#690,#691,#692,#693));
#1861=EDGE_LOOP('',(#694,#695,#696,#697));
#1862=EDGE_LOOP('',(#698,#699,#700,#701));
#1863=EDGE_LOOP('',(#702,#703,#704,#705));
#1864=EDGE_LOOP('',(#706,#707,#708,#709));
#1865=EDGE_LOOP('',(#710,#711,#712,#713,#714,#715,#716,#717,#718,#719));
#1866=EDGE_LOOP('',(#720,#721,#722,#723));
#1867=EDGE_LOOP('',(#724,#725,#726));
#1868=EDGE_LOOP('',(#727,#728,#729,#730,#731,#732));
#1869=EDGE_LOOP('',(#733,#734,#735));
#1870=EDGE_LOOP('',(#736,#737,#738,#739,#740,#741,#742,#743,#744,#745));
#1871=EDGE_LOOP('',(#746,#747,#748,#749));
#1872=EDGE_LOOP('',(#750,#751,#752,#753));
#1873=EDGE_LOOP('',(#754,#755,#756,#757));
#1874=EDGE_LOOP('',(#758,#759,#760,#761));
#1875=EDGE_LOOP('',(#762,#763,#764,#765));
#1876=EDGE_LOOP('',(#766,#767,#768,#769));
#1877=EDGE_LOOP('',(#770,#771,#772,#773));
#1878=EDGE_LOOP('',(#774,#775,#776,#777));
#1879=EDGE_LOOP('',(#778,#779,#780,#781));
#1880=EDGE_LOOP('',(#782,#783,#784,#785,#786,#787,#788,#789,#790,#791,#792,
#793,#794,#795));
#1881=EDGE_LOOP('',(#796,#797,#798,#799));
#1882=EDGE_LOOP('',(#800,#801,#802,#803));
#1883=EDGE_LOOP('',(#804,#805,#806,#807));
#1884=EDGE_LOOP('',(#808,#809,#810,#811));
#1885=EDGE_LOOP('',(#812,#813,#814,#815));
#1886=EDGE_LOOP('',(#816,#817,#818,#819,#820,#821,#822,#823));
#1887=EDGE_LOOP('',(#824,#825,#826,#827,#828,#829,#830,#831));
#1888=EDGE_LOOP('',(#832,#833,#834));
#1889=EDGE_LOOP('',(#835,#836,#837,#838));
#1890=EDGE_LOOP('',(#839,#840,#841,#842));
#1891=EDGE_LOOP('',(#843,#844,#845,#846));
#1892=EDGE_LOOP('',(#847,#848,#849,#850));
#1893=EDGE_LOOP('',(#851,#852,#853,#854));
#1894=EDGE_LOOP('',(#855,#856,#857,#858));
#1895=EDGE_LOOP('',(#859,#860,#861,#862));
#1896=EDGE_LOOP('',(#863,#864,#865));
#1897=EDGE_LOOP('',(#866,#867,#868,#869,#870,#871,#872,#873));
#1898=EDGE_LOOP('',(#874,#875,#876,#877));
#1899=EDGE_LOOP('',(#878,#879,#880,#881));
#1900=EDGE_LOOP('',(#882,#883,#884,#885));
#1901=EDGE_LOOP('',(#886,#887,#888,#889));
#1902=EDGE_LOOP('',(#890,#891,#892,#893));
#1903=EDGE_LOOP('',(#894,#895,#896,#897));
#1904=EDGE_LOOP('',(#898,#899,#900,#901));
#1905=EDGE_LOOP('',(#902,#903,#904,#905));
#1906=EDGE_LOOP('',(#906,#907,#908,#909));
#1907=EDGE_LOOP('',(#910,#911,#912,#913));
#1908=EDGE_LOOP('',(#914,#915,#916,#917));
#1909=EDGE_LOOP('',(#918,#919,#920,#921));
#1910=EDGE_LOOP('',(#922,#923,#924,#925));
#1911=EDGE_LOOP('',(#926,#927,#928,#929));
#1912=EDGE_LOOP('',(#930,#931,#932,#933));
#1913=EDGE_LOOP('',(#934,#935,#936,#937));
#1914=EDGE_LOOP('',(#938,#939,#940,#941));
#1915=EDGE_LOOP('',(#942,#943,#944,#945));
#1916=EDGE_LOOP('',(#946,#947,#948,#949));
#1917=EDGE_LOOP('',(#950,#951,#952,#953));
#1918=EDGE_LOOP('',(#954,#955,#956,#957));
#1919=EDGE_LOOP('',(#958,#959,#960,#961));
#1920=EDGE_LOOP('',(#962));
#1921=EDGE_LOOP('',(#963,#964,#965,#966));
#1922=EDGE_LOOP('',(#967));
#1923=EDGE_LOOP('',(#968,#969,#970,#971,#972,#973,#974,#975));
#1924=EDGE_LOOP('',(#976,#977,#978,#979,#980,#981));
#1925=EDGE_LOOP('',(#982,#983,#984,#985));
#1926=EDGE_LOOP('',(#986,#987,#988,#989));
#1927=EDGE_LOOP('',(#990,#991,#992,#993));
#1928=EDGE_LOOP('',(#994,#995,#996,#997));
#1929=EDGE_LOOP('',(#998,#999,#1000,#1001));
#1930=EDGE_LOOP('',(#1002,#1003,#1004,#1005,#1006,#1007));
#1931=EDGE_LOOP('',(#1008,#1009,#1010,#1011));
#1932=EDGE_LOOP('',(#1012,#1013,#1014,#1015));
#1933=EDGE_LOOP('',(#1016,#1017,#1018,#1019));
#1934=EDGE_LOOP('',(#1020,#1021,#1022,#1023));
#1935=EDGE_LOOP('',(#1024,#1025,#1026,#1027));
#1936=EDGE_LOOP('',(#1028));
#1937=EDGE_LOOP('',(#1029));
#1938=EDGE_LOOP('',(#1030));
#1939=EDGE_LOOP('',(#1031));
#1940=EDGE_LOOP('',(#1032));
#1941=EDGE_LOOP('',(#1033));
#1942=EDGE_LOOP('',(#1034));
#1943=EDGE_LOOP('',(#1035));
#1944=EDGE_LOOP('',(#1036,#1037,#1038,#1039));
#1945=EDGE_LOOP('',(#1040,#1041,#1042,#1043));
#1946=EDGE_LOOP('',(#1044,#1045,#1046,#1047));
#1947=EDGE_LOOP('',(#1048,#1049,#1050,#1051));
#1948=EDGE_LOOP('',(#1052,#1053,#1054,#1055));
#1949=EDGE_LOOP('',(#1056,#1057,#1058,#1059));
#1950=EDGE_LOOP('',(#1060,#1061,#1062,#1063));
#1951=EDGE_LOOP('',(#1064,#1065,#1066,#1067));
#1952=EDGE_LOOP('',(#1068,#1069,#1070,#1071));
#1953=EDGE_LOOP('',(#1072,#1073,#1074,#1075));
#1954=EDGE_LOOP('',(#1076,#1077,#1078,#1079));
#1955=EDGE_LOOP('',(#1080,#1081,#1082,#1083));
#1956=EDGE_LOOP('',(#1084));
#1957=EDGE_LOOP('',(#1085));
#1958=EDGE_LOOP('',(#1086));
#1959=EDGE_LOOP('',(#1087));
#1960=EDGE_LOOP('',(#1088));
#1961=EDGE_LOOP('',(#1089));
#1962=EDGE_LOOP('',(#1090));
#1963=EDGE_LOOP('',(#1091));
#1964=EDGE_LOOP('',(#1092));
#1965=EDGE_LOOP('',(#1093));
#1966=EDGE_LOOP('',(#1094));
#1967=EDGE_LOOP('',(#1095));
#1968=EDGE_LOOP('',(#1096,#1097,#1098,#1099));
#1969=EDGE_LOOP('',(#1100,#1101,#1102,#1103));
#1970=EDGE_LOOP('',(#1104,#1105,#1106,#1107));
#1971=EDGE_LOOP('',(#1108,#1109,#1110,#1111));
#1972=EDGE_LOOP('',(#1112));
#1973=EDGE_LOOP('',(#1113));
#1974=EDGE_LOOP('',(#1114));
#1975=EDGE_LOOP('',(#1115));
#1976=EDGE_LOOP('',(#1116));
#1977=EDGE_LOOP('',(#1117));
#1978=EDGE_LOOP('',(#1118,#1119,#1120,#1121));
#1979=EDGE_LOOP('',(#1122,#1123,#1124,#1125));
#1980=EDGE_LOOP('',(#1126,#1127,#1128,#1129));
#1981=EDGE_LOOP('',(#1130,#1131,#1132,#1133));
#1982=EDGE_LOOP('',(#1134,#1135,#1136,#1137));
#1983=EDGE_LOOP('',(#1138,#1139,#1140,#1141));
#1984=EDGE_LOOP('',(#1142,#1143,#1144,#1145));
#1985=EDGE_LOOP('',(#1146,#1147,#1148,#1149));
#1986=FACE_BOUND('',#1811,.T.);
#1987=FACE_BOUND('',#1812,.T.);
#1988=FACE_BOUND('',#1813,.T.);
#1989=FACE_BOUND('',#1814,.T.);
#1990=FACE_BOUND('',#1815,.T.);
#1991=FACE_BOUND('',#1816,.T.);
#1992=FACE_BOUND('',#1817,.T.);
#1993=FACE_BOUND('',#1818,.T.);
#1994=FACE_BOUND('',#1819,.T.);
#1995=FACE_BOUND('',#1820,.T.);
#1996=FACE_BOUND('',#1821,.T.);
#1997=FACE_BOUND('',#1822,.T.);
#1998=FACE_BOUND('',#1823,.T.);
#1999=FACE_BOUND('',#1824,.T.);
#2000=FACE_BOUND('',#1825,.T.);
#2001=FACE_BOUND('',#1826,.T.);
#2002=FACE_BOUND('',#1827,.T.);
#2003=FACE_BOUND('',#1828,.T.);
#2004=FACE_BOUND('',#1829,.T.);
#2005=FACE_BOUND('',#1830,.T.);
#2006=FACE_BOUND('',#1831,.T.);
#2007=FACE_BOUND('',#1832,.T.);
#2008=FACE_BOUND('',#1833,.T.);
#2009=FACE_BOUND('',#1834,.T.);
#2010=FACE_BOUND('',#1835,.T.);
#2011=FACE_BOUND('',#1836,.T.);
#2012=FACE_BOUND('',#1837,.T.);
#2013=FACE_BOUND('',#1838,.T.);
#2014=FACE_BOUND('',#1839,.T.);
#2015=FACE_BOUND('',#1840,.T.);
#2016=FACE_BOUND('',#1841,.T.);
#2017=FACE_BOUND('',#1842,.T.);
#2018=FACE_BOUND('',#1843,.T.);
#2019=FACE_BOUND('',#1844,.T.);
#2020=FACE_BOUND('',#1845,.T.);
#2021=FACE_BOUND('',#1846,.T.);
#2022=FACE_BOUND('',#1847,.T.);
#2023=FACE_BOUND('',#1848,.T.);
#2024=FACE_BOUND('',#1849,.T.);
#2025=FACE_BOUND('',#1850,.T.);
#2026=FACE_BOUND('',#1851,.T.);
#2027=FACE_BOUND('',#1852,.T.);
#2028=FACE_BOUND('',#1853,.T.);
#2029=FACE_BOUND('',#1854,.T.);
#2030=FACE_BOUND('',#1855,.T.);
#2031=FACE_BOUND('',#1856,.T.);
#2032=FACE_BOUND('',#1857,.T.);
#2033=FACE_BOUND('',#1858,.T.);
#2034=FACE_BOUND('',#1859,.T.);
#2035=FACE_BOUND('',#1860,.T.);
#2036=FACE_BOUND('',#1861,.T.);
#2037=FACE_BOUND('',#1862,.T.);
#2038=FACE_BOUND('',#1863,.T.);
#2039=FACE_BOUND('',#1864,.T.);
#2040=FACE_BOUND('',#1865,.T.);
#2041=FACE_BOUND('',#1866,.T.);
#2042=FACE_BOUND('',#1867,.T.);
#2043=FACE_BOUND('',#1868,.T.);
#2044=FACE_BOUND('',#1869,.T.);
#2045=FACE_BOUND('',#1870,.T.);
#2046=FACE_BOUND('',#1871,.T.);
#2047=FACE_BOUND('',#1872,.T.);
#2048=FACE_BOUND('',#1873,.T.);
#2049=FACE_BOUND('',#1874,.T.);
#2050=FACE_BOUND('',#1875,.T.);
#2051=FACE_BOUND('',#1876,.T.);
#2052=FACE_BOUND('',#1877,.T.);
#2053=FACE_BOUND('',#1878,.T.);
#2054=FACE_BOUND('',#1879,.T.);
#2055=FACE_BOUND('',#1880,.T.);
#2056=FACE_BOUND('',#1881,.T.);
#2057=FACE_BOUND('',#1882,.T.);
#2058=FACE_BOUND('',#1883,.T.);
#2059=FACE_BOUND('',#1884,.T.);
#2060=FACE_BOUND('',#1885,.T.);
#2061=FACE_BOUND('',#1886,.T.);
#2062=FACE_BOUND('',#1887,.T.);
#2063=FACE_BOUND('',#1888,.T.);
#2064=FACE_BOUND('',#1889,.T.);
#2065=FACE_BOUND('',#1890,.T.);
#2066=FACE_BOUND('',#1891,.T.);
#2067=FACE_BOUND('',#1892,.T.);
#2068=FACE_BOUND('',#1893,.T.);
#2069=FACE_BOUND('',#1894,.T.);
#2070=FACE_BOUND('',#1895,.T.);
#2071=FACE_BOUND('',#1896,.T.);
#2072=FACE_BOUND('',#1897,.T.);
#2073=FACE_BOUND('',#1898,.T.);
#2074=FACE_BOUND('',#1899,.T.);
#2075=FACE_BOUND('',#1900,.T.);
#2076=FACE_BOUND('',#1901,.T.);
#2077=FACE_BOUND('',#1902,.T.);
#2078=FACE_BOUND('',#1903,.T.);
#2079=FACE_BOUND('',#1904,.T.);
#2080=FACE_BOUND('',#1905,.T.);
#2081=FACE_BOUND('',#1906,.T.);
#2082=FACE_BOUND('',#1907,.T.);
#2083=FACE_BOUND('',#1908,.T.);
#2084=FACE_BOUND('',#1909,.T.);
#2085=FACE_BOUND('',#1910,.T.);
#2086=FACE_BOUND('',#1911,.T.);
#2087=FACE_BOUND('',#1912,.T.);
#2088=FACE_BOUND('',#1913,.T.);
#2089=FACE_BOUND('',#1914,.T.);
#2090=FACE_BOUND('',#1915,.T.);
#2091=FACE_BOUND('',#1916,.T.);
#2092=FACE_BOUND('',#1917,.T.);
#2093=FACE_BOUND('',#1918,.T.);
#2094=FACE_BOUND('',#1919,.T.);
#2095=FACE_BOUND('',#1920,.T.);
#2096=FACE_BOUND('',#1921,.T.);
#2097=FACE_BOUND('',#1922,.T.);
#2098=FACE_BOUND('',#1923,.T.);
#2099=FACE_BOUND('',#1924,.T.);
#2100=FACE_BOUND('',#1925,.T.);
#2101=FACE_BOUND('',#1926,.T.);
#2102=FACE_BOUND('',#1927,.T.);
#2103=FACE_BOUND('',#1928,.T.);
#2104=FACE_BOUND('',#1929,.T.);
#2105=FACE_BOUND('',#1930,.T.);
#2106=FACE_BOUND('',#1931,.T.);
#2107=FACE_BOUND('',#1932,.T.);
#2108=FACE_BOUND('',#1933,.T.);
#2109=FACE_BOUND('',#1934,.T.);
#2110=FACE_BOUND('',#1935,.T.);
#2111=FACE_BOUND('',#1936,.T.);
#2112=FACE_BOUND('',#1937,.T.);
#2113=FACE_BOUND('',#1938,.T.);
#2114=FACE_BOUND('',#1939,.T.);
#2115=FACE_BOUND('',#1940,.T.);
#2116=FACE_BOUND('',#1941,.T.);
#2117=FACE_BOUND('',#1942,.T.);
#2118=FACE_BOUND('',#1943,.T.);
#2119=FACE_BOUND('',#1944,.T.);
#2120=FACE_BOUND('',#1945,.T.);
#2121=FACE_BOUND('',#1946,.T.);
#2122=FACE_BOUND('',#1947,.T.);
#2123=FACE_BOUND('',#1948,.T.);
#2124=FACE_BOUND('',#1949,.T.);
#2125=FACE_BOUND('',#1950,.T.);
#2126=FACE_BOUND('',#1951,.T.);
#2127=FACE_BOUND('',#1952,.T.);
#2128=FACE_BOUND('',#1953,.T.);
#2129=FACE_BOUND('',#1954,.T.);
#2130=FACE_BOUND('',#1955,.T.);
#2131=FACE_BOUND('',#1956,.T.);
#2132=FACE_BOUND('',#12,.T.);
#2133=FACE_BOUND('',#1957,.T.);
#2134=FACE_BOUND('',#1958,.T.);
#2135=FACE_BOUND('',#1959,.T.);
#2136=FACE_BOUND('',#13,.T.);
#2137=FACE_BOUND('',#1960,.T.);
#2138=FACE_BOUND('',#1961,.T.);
#2139=FACE_BOUND('',#1962,.T.);
#2140=FACE_BOUND('',#1963,.T.);
#2141=FACE_BOUND('',#1964,.T.);
#2142=FACE_BOUND('',#1965,.T.);
#2143=FACE_BOUND('',#1966,.T.);
#2144=FACE_BOUND('',#1967,.T.);
#2145=FACE_BOUND('',#1968,.T.);
#2146=FACE_BOUND('',#1969,.T.);
#2147=FACE_BOUND('',#1970,.T.);
#2148=FACE_BOUND('',#1971,.T.);
#2149=FACE_BOUND('',#1972,.T.);
#2150=FACE_BOUND('',#1973,.T.);
#2151=FACE_BOUND('',#1974,.T.);
#2152=FACE_BOUND('',#1975,.T.);
#2153=FACE_BOUND('',#1976,.T.);
#2154=FACE_BOUND('',#1977,.T.);
#2155=FACE_BOUND('',#1978,.T.);
#2156=FACE_BOUND('',#1979,.T.);
#2157=FACE_BOUND('',#1980,.T.);
#2158=FACE_BOUND('',#1981,.T.);
#2159=FACE_BOUND('',#1982,.T.);
#2160=FACE_BOUND('',#1983,.T.);
#2161=FACE_BOUND('',#1984,.T.);
#2162=FACE_BOUND('',#1985,.T.);
#2163=PLANE('',#2361);
#2164=PLANE('',#2379);
#2165=PLANE('',#2387);
#2166=PLANE('',#2420);
#2167=PLANE('',#2449);
#2168=PLANE('',#2452);
#2169=PLANE('',#2455);
#2170=PLANE('',#2458);
#2171=PLANE('',#2470);
#2172=PLANE('',#2480);
#2173=PLANE('',#2509);
#2174=PLANE('',#2525);
#2175=PLANE('',#2542);
#2176=PLANE('',#2549);
#2177=PLANE('',#2552);
#2178=PLANE('',#2555);
#2179=PLANE('',#2558);
#2180=PLANE('',#2559);
#2181=PLANE('',#2563);
#2182=PLANE('',#2567);
#2183=PLANE('',#2577);
#2184=PLANE('',#2579);
#2185=PLANE('',#2581);
#2186=PLANE('',#2583);
#2187=PLANE('',#2584);
#2188=PLANE('',#2588);
#2189=PLANE('',#2592);
#2190=PLANE('',#2598);
#2191=ADVANCED_FACE('',(#1986,#1987),#2163,.T.);
#2192=ADVANCED_FACE('',(#1988),#126,.T.);
#2193=ADVANCED_FACE('',(#1989),#73,.F.);
#2194=ADVANCED_FACE('',(#1990),#127,.T.);
#2195=ADVANCED_FACE('',(#1991),#128,.F.);
#2196=ADVANCED_FACE('',(#1992),#2164,.F.);
#2197=ADVANCED_FACE('',(#1993),#129,.F.);
#2198=ADVANCED_FACE('',(#1994),#2165,.F.);
#2199=ADVANCED_FACE('',(#1995),#130,.T.);
#2200=ADVANCED_FACE('',(#1996),#74,.F.);
#2201=ADVANCED_FACE('',(#1997),#131,.T.);
#2202=ADVANCED_FACE('',(#1998),#75,.T.);
#2203=ADVANCED_FACE('',(#1999),#132,.T.);
#2204=ADVANCED_FACE('',(#2000),#76,.T.);
#2205=ADVANCED_FACE('',(#2001),#133,.T.);
#2206=ADVANCED_FACE('',(#2002),#77,.T.);
#2207=ADVANCED_FACE('',(#2003),#134,.T.);
#2208=ADVANCED_FACE('',(#2004),#135,.F.);
#2209=ADVANCED_FACE('',(#2005),#136,.T.);
#2210=ADVANCED_FACE('',(#2006),#78,.T.);
#2211=ADVANCED_FACE('',(#2007),#137,.T.);
#2212=ADVANCED_FACE('',(#2008),#79,.T.);
#2213=ADVANCED_FACE('',(#2009),#2166,.T.);
#2214=ADVANCED_FACE('',(#2010),#138,.T.);
#2215=ADVANCED_FACE('',(#2011),#80,.T.);
#2216=ADVANCED_FACE('',(#2012),#81,.T.);
#2217=ADVANCED_FACE('',(#2013),#82,.F.);
#2218=ADVANCED_FACE('',(#2014),#83,.T.);
#2219=ADVANCED_FACE('',(#2015),#139,.T.);
#2220=ADVANCED_FACE('',(#2016),#140,.T.);
#2221=ADVANCED_FACE('',(#2017),#141,.T.);
#2222=ADVANCED_FACE('',(#2018),#142,.T.);
#2223=ADVANCED_FACE('',(#2019),#143,.T.);
#2224=ADVANCED_FACE('',(#2020),#84,.T.);
#2225=ADVANCED_FACE('',(#2021),#85,.F.);
#2226=ADVANCED_FACE('',(#2022),#86,.T.);
#2227=ADVANCED_FACE('',(#2023),#144,.T.);
#2228=ADVANCED_FACE('',(#2024),#87,.T.);
#2229=ADVANCED_FACE('',(#2025),#145,.T.);
#2230=ADVANCED_FACE('',(#2026),#146,.T.);
#2231=ADVANCED_FACE('',(#2027),#88,.T.);
#2232=ADVANCED_FACE('',(#2028),#2167,.T.);
#2233=ADVANCED_FACE('',(#2029),#89,.T.);
#2234=ADVANCED_FACE('',(#2030),#2168,.T.);
#2235=ADVANCED_FACE('',(#2031),#90,.T.);
#2236=ADVANCED_FACE('',(#2032),#2169,.F.);
#2237=ADVANCED_FACE('',(#2033),#91,.T.);
#2238=ADVANCED_FACE('',(#2034),#2170,.T.);
#2239=ADVANCED_FACE('',(#2035),#147,.T.);
#2240=ADVANCED_FACE('',(#2036),#148,.T.);
#2241=ADVANCED_FACE('',(#2037),#149,.T.);
#2242=ADVANCED_FACE('',(#2038),#150,.T.);
#2243=ADVANCED_FACE('',(#2039),#151,.T.);
#2244=ADVANCED_FACE('',(#2040),#2171,.F.);
#2245=ADVANCED_FACE('',(#2041),#152,.T.);
#2246=ADVANCED_FACE('',(#2042),#38,.T.);
#2247=ADVANCED_FACE('',(#2043),#92,.T.);
#2248=ADVANCED_FACE('',(#2044),#39,.T.);
#2249=ADVANCED_FACE('',(#2045),#2172,.F.);
#2250=ADVANCED_FACE('',(#2046),#153,.T.);
#2251=ADVANCED_FACE('',(#2047),#154,.T.);
#2252=ADVANCED_FACE('',(#2048),#93,.T.);
#2253=ADVANCED_FACE('',(#2049),#155,.T.);
#2254=ADVANCED_FACE('',(#2050),#94,.T.);
#2255=ADVANCED_FACE('',(#2051),#156,.T.);
#2256=ADVANCED_FACE('',(#2052),#95,.T.);
#2257=ADVANCED_FACE('',(#2053),#157,.T.);
#2258=ADVANCED_FACE('',(#2054),#96,.T.);
#2259=ADVANCED_FACE('',(#2055),#97,.T.);
#2260=ADVANCED_FACE('',(#2056),#158,.F.);
#2261=ADVANCED_FACE('',(#2057),#98,.T.);
#2262=ADVANCED_FACE('',(#2058),#159,.T.);
#2263=ADVANCED_FACE('',(#2059),#99,.T.);
#2264=ADVANCED_FACE('',(#2060),#160,.F.);
#2265=ADVANCED_FACE('',(#2061,#2062),#2173,.T.);
#2266=ADVANCED_FACE('',(#2063),#161,.T.);
#2267=ADVANCED_FACE('',(#2064),#162,.T.);
#2268=ADVANCED_FACE('',(#2065),#36,.T.);
#2269=ADVANCED_FACE('',(#2066),#163,.T.);
#2270=ADVANCED_FACE('',(#2067),#164,.T.);
#2271=ADVANCED_FACE('',(#2068),#165,.T.);
#2272=ADVANCED_FACE('',(#2069),#37,.T.);
#2273=ADVANCED_FACE('',(#2070),#166,.T.);
#2274=ADVANCED_FACE('',(#2071),#167,.T.);
#2275=ADVANCED_FACE('',(#2072),#2174,.T.);
#2276=ADVANCED_FACE('',(#2073),#168,.T.);
#2277=ADVANCED_FACE('',(#2074),#100,.T.);
#2278=ADVANCED_FACE('',(#2075),#169,.T.);
#2279=ADVANCED_FACE('',(#2076),#101,.T.);
#2280=ADVANCED_FACE('',(#2077),#170,.T.);
#2281=ADVANCED_FACE('',(#2078),#102,.T.);
#2282=ADVANCED_FACE('',(#2079),#171,.T.);
#2283=ADVANCED_FACE('',(#2080),#103,.T.);
#2284=ADVANCED_FACE('',(#2081,#2082),#2175,.F.);
#2285=ADVANCED_FACE('',(#2083),#104,.F.);
#2286=ADVANCED_FACE('',(#2084),#2176,.T.);
#2287=ADVANCED_FACE('',(#2085),#105,.F.);
#2288=ADVANCED_FACE('',(#2086),#2177,.F.);
#2289=ADVANCED_FACE('',(#2087),#106,.F.);
#2290=ADVANCED_FACE('',(#2088),#2178,.F.);
#2291=ADVANCED_FACE('',(#2089),#107,.F.);
#2292=ADVANCED_FACE('',(#2090),#2179,.F.);
#2293=ADVANCED_FACE('',(#2091),#2180,.T.);
#2294=ADVANCED_FACE('',(#2092),#26,.T.);
#2295=ADVANCED_FACE('',(#2093),#2181,.T.);
#2296=ADVANCED_FACE('',(#2094),#27,.T.);
#2297=ADVANCED_FACE('',(#2095,#2096,#2097,#2098),#2182,.F.);
#2298=ADVANCED_FACE('',(#2099),#108,.F.);
#2299=ADVANCED_FACE('',(#2100),#2183,.T.);
#2300=ADVANCED_FACE('',(#2101),#109,.F.);
#2301=ADVANCED_FACE('',(#2102),#2184,.F.);
#2302=ADVANCED_FACE('',(#2103),#110,.F.);
#2303=ADVANCED_FACE('',(#2104),#2185,.T.);
#2304=ADVANCED_FACE('',(#2105),#111,.F.);
#2305=ADVANCED_FACE('',(#2106),#2186,.T.);
#2306=ADVANCED_FACE('',(#2107),#2187,.T.);
#2307=ADVANCED_FACE('',(#2108),#28,.F.);
#2308=ADVANCED_FACE('',(#2109),#2188,.T.);
#2309=ADVANCED_FACE('',(#2110),#29,.F.);
#2310=ADVANCED_FACE('',(#2111,#2112),#2189,.T.);
#2311=ADVANCED_FACE('',(#2113,#2114),#30,.T.);
#2312=ADVANCED_FACE('',(#2115,#2116),#2190,.F.);
#2313=ADVANCED_FACE('',(#2117,#2118),#31,.T.);
#2314=ADVANCED_FACE('',(#2119),#172,.F.);
#2315=ADVANCED_FACE('',(#2120),#112,.F.);
#2316=ADVANCED_FACE('',(#2121),#113,.F.);
#2317=ADVANCED_FACE('',(#2122),#173,.F.);
#2318=ADVANCED_FACE('',(#2123),#174,.F.);
#2319=ADVANCED_FACE('',(#2124),#114,.F.);
#2320=ADVANCED_FACE('',(#2125),#115,.F.);
#2321=ADVANCED_FACE('',(#2126),#175,.F.);
#2322=ADVANCED_FACE('',(#2127),#116,.T.);
#2323=ADVANCED_FACE('',(#2128),#14,.T.);
#2324=ADVANCED_FACE('',(#2129),#15,.T.);
#2325=ADVANCED_FACE('',(#2130),#117,.T.);
#2326=ADVANCED_FACE('',(#2131,#2132),#32,.F.);
#2327=ADVANCED_FACE('',(#2133,#2134),#118,.F.);
#2328=ADVANCED_FACE('',(#2135,#2136),#33,.F.);
#2329=ADVANCED_FACE('',(#2137,#2138),#119,.F.);
#2330=ADVANCED_FACE('',(#2139,#2140),#34,.F.);
#2331=ADVANCED_FACE('',(#2141,#2142),#35,.F.);
#2332=ADVANCED_FACE('',(#2143,#2144),#16,.F.);
#2333=ADVANCED_FACE('',(#2145),#120,.F.);
#2334=ADVANCED_FACE('',(#2146),#17,.F.);
#2335=ADVANCED_FACE('',(#2147),#18,.F.);
#2336=ADVANCED_FACE('',(#2148),#121,.F.);
#2337=ADVANCED_FACE('',(#2149,#2150),#19,.F.);
#2338=ADVANCED_FACE('',(#2151,#2152),#20,.T.);
#2339=ADVANCED_FACE('',(#2153,#2154),#21,.T.);
#2340=ADVANCED_FACE('',(#2155),#22,.T.);
#2341=ADVANCED_FACE('',(#2156),#122,.T.);
#2342=ADVANCED_FACE('',(#2157),#123,.T.);
#2343=ADVANCED_FACE('',(#2158),#23,.T.);
#2344=ADVANCED_FACE('',(#2159),#124,.T.);
#2345=ADVANCED_FACE('',(#2160),#24,.T.);
#2346=ADVANCED_FACE('',(#2161),#25,.T.);
#2347=ADVANCED_FACE('',(#2162),#125,.T.);
#2348=CLOSED_SHELL('',(#2191,#2192,#2193,#2194,#2195,#2196,#2197,#2198,
#2199,#2200,#2201,#2202,#2203,#2204,#2205,#2206,#2207,#2208,#2209,#2210,
#2211,#2212,#2213,#2214,#2215,#2216,#2217,#2218,#2219,#2220,#2221,#2222,
#2223,#2224,#2225,#2226,#2227,#2228,#2229,#2230,#2231,#2232,#2233,#2234,
#2235,#2236,#2237,#2238,#2239,#2240,#2241,#2242,#2243,#2244,#2245,#2246,
#2247,#2248,#2249,#2250,#2251,#2252,#2253,#2254,#2255,#2256,#2257,#2258,
#2259,#2260,#2261,#2262,#2263,#2264,#2265,#2266,#2267,#2268,#2269,#2270,
#2271,#2272,#2273,#2274,#2275,#2276,#2277,#2278,#2279,#2280,#2281,#2282,
#2283,#2284,#2285,#2286,#2287,#2288,#2289,#2290,#2291,#2292,#2293,#2294,
#2295,#2296,#2297,#2298,#2299,#2300,#2301,#2302,#2303,#2304,#2305,#2306,
#2307,#2308,#2309,#2310,#2311,#2312,#2313,#2314,#2315,#2316,#2317,#2318,
#2319,#2320,#2321,#2322,#2323,#2324,#2325,#2326,#2327,#2328,#2329,#2330,
#2331,#2332,#2333,#2334,#2335,#2336,#2337,#2338,#2339,#2340,#2341,#2342,
#2343,#2344,#2345,#2346,#2347));
#2349=STYLED_ITEM('',(#2350),#2357);
#2350=PRESENTATION_STYLE_ASSIGNMENT((#2351));
#2351=SURFACE_STYLE_USAGE(.BOTH.,#2352);
#2352=SURFACE_SIDE_STYLE('',(#2353));
#2353=SURFACE_STYLE_FILL_AREA(#2354);
#2354=FILL_AREA_STYLE('',(#2355));
#2355=FILL_AREA_STYLE_COLOUR('',#2356);
#2356=COLOUR_RGB('',0.611764705882353,0.658823529411765,0.670588235294118);
#2357=MANIFOLD_SOLID_BREP('Body (7)',#2348);
#2358=SHAPE_DEFINITION_REPRESENTATION(#4790,#2359);
#2359=SHAPE_REPRESENTATION('C07-01',(#2360),#4785);
#2360=AXIS2_PLACEMENT_3D('',#3376,#2662,#2663);
#2361=AXIS2_PLACEMENT_3D('',#3377,#2664,#2665);
#2362=AXIS2_PLACEMENT_3D('',#3378,#2666,#2667);
#2363=AXIS2_PLACEMENT_3D('',#3383,#2669,#2670);
#2364=AXIS2_PLACEMENT_3D('',#3389,#2673,#2674);
#2365=AXIS2_PLACEMENT_3D('',#3393,#2676,#2677);
#2366=AXIS2_PLACEMENT_3D('',#3397,#2679,#2680);
#2367=AXIS2_PLACEMENT_3D('',#3401,#2682,#2683);
#2368=AXIS2_PLACEMENT_3D('',#3414,#2684,#2685);
#2369=AXIS2_PLACEMENT_3D('',#3417,#2686,#2687);
#2370=AXIS2_PLACEMENT_3D('',#3419,#2688,#2689);
#2371=AXIS2_PLACEMENT_3D('',#3421,#2690,#2691);
#2372=AXIS2_PLACEMENT_3D('',#3422,#2692,#2693);
#2373=AXIS2_PLACEMENT_3D('',#3423,#2694,#2695);
#2374=AXIS2_PLACEMENT_3D('',#3428,#2697,#2698);
#2375=AXIS2_PLACEMENT_3D('',#3443,#2700,#2701);
#2376=AXIS2_PLACEMENT_3D('',#3469,#2702,#2703);
#2377=AXIS2_PLACEMENT_3D('',#3472,#2704,#2705);
#2378=AXIS2_PLACEMENT_3D('',#3473,#2706,#2707);
#2379=AXIS2_PLACEMENT_3D('',#3474,#2708,#2709);
#2380=AXIS2_PLACEMENT_3D('',#3475,#2710,#2711);
#2381=AXIS2_PLACEMENT_3D('',#3482,#2714,#2715);
#2382=AXIS2_PLACEMENT_3D('',#3487,#2718,#2719);
#2383=AXIS2_PLACEMENT_3D('',#3491,#2721,#2722);
#2384=AXIS2_PLACEMENT_3D('',#3495,#2724,#2725);
#2385=AXIS2_PLACEMENT_3D('',#3513,#2727,#2728);
#2386=AXIS2_PLACEMENT_3D('',#3515,#2729,#2730);
#2387=AXIS2_PLACEMENT_3D('',#3516,#2731,#2732);
#2388=AXIS2_PLACEMENT_3D('',#3521,#2735,#2736);
#2389=AXIS2_PLACEMENT_3D('',#3534,#2737,#2738);
#2390=AXIS2_PLACEMENT_3D('',#3545,#2739,#2740);
#2391=AXIS2_PLACEMENT_3D('',#3546,#2741,#2742);
#2392=AXIS2_PLACEMENT_3D('',#3548,#2743,#2744);
#2393=AXIS2_PLACEMENT_3D('',#3550,#2745,#2746);
#2394=AXIS2_PLACEMENT_3D('',#3566,#2747,#2748);
#2395=AXIS2_PLACEMENT_3D('',#3568,#2749,#2750);
#2396=AXIS2_PLACEMENT_3D('',#3570,#2751,#2752);
#2397=AXIS2_PLACEMENT_3D('',#3571,#2753,#2754);
#2398=AXIS2_PLACEMENT_3D('',#3572,#2755,#2756);
#2399=AXIS2_PLACEMENT_3D('',#3590,#2758,#2759);
#2400=AXIS2_PLACEMENT_3D('',#3592,#2760,#2761);
#2401=AXIS2_PLACEMENT_3D('',#3593,#2762,#2763);
#2402=AXIS2_PLACEMENT_3D('',#3596,#2765,#2766);
#2403=AXIS2_PLACEMENT_3D('',#3609,#2767,#2768);
#2404=AXIS2_PLACEMENT_3D('',#3611,#2769,#2770);
#2405=AXIS2_PLACEMENT_3D('',#3612,#2771,#2772);
#2406=AXIS2_PLACEMENT_3D('',#3615,#2774,#2775);
#2407=AXIS2_PLACEMENT_3D('',#3628,#2776,#2777);
#2408=AXIS2_PLACEMENT_3D('',#3630,#2778,#2779);
#2409=AXIS2_PLACEMENT_3D('',#3632,#2780,#2781);
#2410=AXIS2_PLACEMENT_3D('',#3650,#2782,#2783);
#2411=AXIS2_PLACEMENT_3D('',#3668,#2784,#2785);
#2412=AXIS2_PLACEMENT_3D('',#3670,#2786,#2787);
#2413=AXIS2_PLACEMENT_3D('',#3672,#2788,#2789);
#2414=AXIS2_PLACEMENT_3D('',#3674,#2790,#2791);
#2415=AXIS2_PLACEMENT_3D('',#3675,#2792,#2793);
#2416=AXIS2_PLACEMENT_3D('',#3676,#2794,#2795);
#2417=AXIS2_PLACEMENT_3D('',#3691,#2797,#2798);
#2418=AXIS2_PLACEMENT_3D('',#3693,#2799,#2800);
#2419=AXIS2_PLACEMENT_3D('',#3694,#2801,#2802);
#2420=AXIS2_PLACEMENT_3D('',#3696,#2804,#2805);
#2421=AXIS2_PLACEMENT_3D('',#3701,#2808,#2809);
#2422=AXIS2_PLACEMENT_3D('',#3714,#2810,#2811);
#2423=AXIS2_PLACEMENT_3D('',#3716,#2812,#2813);
#2424=AXIS2_PLACEMENT_3D('',#3717,#2814,#2815);
#2425=AXIS2_PLACEMENT_3D('',#3724,#2817,#2818);
#2426=AXIS2_PLACEMENT_3D('',#3731,#2820,#2821);
#2427=AXIS2_PLACEMENT_3D('',#3733,#2823,#2824);
#2428=AXIS2_PLACEMENT_3D('',#3736,#2826,#2827);
#2429=AXIS2_PLACEMENT_3D('',#3766,#2829,#2830);
#2430=AXIS2_PLACEMENT_3D('',#3769,#2831,#2832);
#2431=AXIS2_PLACEMENT_3D('',#3771,#2833,#2834);
#2432=AXIS2_PLACEMENT_3D('',#3772,#2835,#2836);
#2433=AXIS2_PLACEMENT_3D('',#3785,#2837,#2838);
#2434=AXIS2_PLACEMENT_3D('',#3803,#2839,#2840);
#2435=AXIS2_PLACEMENT_3D('',#3805,#2841,#2842);
#2436=AXIS2_PLACEMENT_3D('',#3818,#2843,#2844);
#2437=AXIS2_PLACEMENT_3D('',#3829,#2845,#2846);
#2438=AXIS2_PLACEMENT_3D('',#3831,#2848,#2849);
#2439=AXIS2_PLACEMENT_3D('',#3834,#2851,#2852);
#2440=AXIS2_PLACEMENT_3D('',#3836,#2854,#2855);
#2441=AXIS2_PLACEMENT_3D('',#3855,#2857,#2858);
#2442=AXIS2_PLACEMENT_3D('',#3858,#2859,#2860);
#2443=AXIS2_PLACEMENT_3D('',#3859,#2861,#2862);
#2444=AXIS2_PLACEMENT_3D('',#3860,#2863,#2864);
#2445=AXIS2_PLACEMENT_3D('',#3874,#2866,#2867);
#2446=AXIS2_PLACEMENT_3D('',#3876,#2868,#2869);
#2447=AXIS2_PLACEMENT_3D('',#3893,#2870,#2871);
#2448=AXIS2_PLACEMENT_3D('',#3896,#2873,#2874);
#2449=AXIS2_PLACEMENT_3D('',#3899,#2876,#2877);
#2450=AXIS2_PLACEMENT_3D('',#3903,#2880,#2881);
#2451=AXIS2_PLACEMENT_3D('',#3904,#2882,#2883);
#2452=AXIS2_PLACEMENT_3D('',#3907,#2885,#2886);
#2453=AXIS2_PLACEMENT_3D('',#3911,#2889,#2890);
#2454=AXIS2_PLACEMENT_3D('',#3912,#2891,#2892);
#2455=AXIS2_PLACEMENT_3D('',#3915,#2894,#2895);
#2456=AXIS2_PLACEMENT_3D('',#3919,#2898,#2899);
#2457=AXIS2_PLACEMENT_3D('',#3920,#2900,#2901);
#2458=AXIS2_PLACEMENT_3D('',#3923,#2903,#2904);
#2459=AXIS2_PLACEMENT_3D('',#3937,#2906,#2907);
#2460=AXIS2_PLACEMENT_3D('',#3939,#2908,#2909);
#2461=AXIS2_PLACEMENT_3D('',#3941,#2910,#2911);
#2462=AXIS2_PLACEMENT_3D('',#3943,#2912,#2913);
#2463=AXIS2_PLACEMENT_3D('',#3956,#2914,#2915);
#2464=AXIS2_PLACEMENT_3D('',#3974,#2916,#2917);
#2465=AXIS2_PLACEMENT_3D('',#3976,#2918,#2919);
#2466=AXIS2_PLACEMENT_3D('',#3994,#2920,#2921);
#2467=AXIS2_PLACEMENT_3D('',#4007,#2922,#2923);
#2468=AXIS2_PLACEMENT_3D('',#4009,#2924,#2925);
#2469=AXIS2_PLACEMENT_3D('',#4011,#2926,#2927);
#2470=AXIS2_PLACEMENT_3D('',#4012,#2928,#2929);
#2471=AXIS2_PLACEMENT_3D('',#4036,#2931,#2932);
#2472=AXIS2_PLACEMENT_3D('',#4037,#2933,#2934);
#2473=AXIS2_PLACEMENT_3D('',#4038,#2935,#2936);
#2474=AXIS2_PLACEMENT_3D('',#4040,#2937,#2938);
#2475=AXIS2_PLACEMENT_3D('',#4041,#2939,#2940);
#2476=AXIS2_PLACEMENT_3D('',#4042,#2941,#2942);
#2477=AXIS2_PLACEMENT_3D('',#4043,#2943,#2944);
#2478=AXIS2_PLACEMENT_3D('',#4044,#2945,#2946);
#2479=AXIS2_PLACEMENT_3D('',#4046,#2947,#2948);
#2480=AXIS2_PLACEMENT_3D('',#4047,#2949,#2950);
#2481=AXIS2_PLACEMENT_3D('',#4066,#2952,#2953);
#2482=AXIS2_PLACEMENT_3D('',#4087,#2954,#2955);
#2483=AXIS2_PLACEMENT_3D('',#4089,#2956,#2957);
#2484=AXIS2_PLACEMENT_3D('',#4091,#2958,#2959);
#2485=AXIS2_PLACEMENT_3D('',#4092,#2960,#2961);
#2486=AXIS2_PLACEMENT_3D('',#4093,#2962,#2963);
#2487=AXIS2_PLACEMENT_3D('',#4111,#2965,#2966);
#2488=AXIS2_PLACEMENT_3D('',#4113,#2967,#2968);
#2489=AXIS2_PLACEMENT_3D('',#4114,#2969,#2970);
#2490=AXIS2_PLACEMENT_3D('',#4117,#2972,#2973);
#2491=AXIS2_PLACEMENT_3D('',#4130,#2974,#2975);
#2492=AXIS2_PLACEMENT_3D('',#4132,#2976,#2977);
#2493=AXIS2_PLACEMENT_3D('',#4133,#2978,#2979);
#2494=AXIS2_PLACEMENT_3D('',#4136,#2981,#2982);
#2495=AXIS2_PLACEMENT_3D('',#4149,#2983,#2984);
#2496=AXIS2_PLACEMENT_3D('',#4151,#2985,#2986);
#2497=AXIS2_PLACEMENT_3D('',#4152,#2987,#2988);
#2498=AXIS2_PLACEMENT_3D('',#4154,#2990,#2991);
#2499=AXIS2_PLACEMENT_3D('',#4155,#2992,#2993);
#2500=AXIS2_PLACEMENT_3D('',#4162,#2994,#2995);
#2501=AXIS2_PLACEMENT_3D('',#4169,#2996,#2997);
#2502=AXIS2_PLACEMENT_3D('',#4176,#2998,#2999);
#2503=AXIS2_PLACEMENT_3D('',#4183,#3000,#3001);
#2504=AXIS2_PLACEMENT_3D('',#4201,#3002,#3003);
#2505=AXIS2_PLACEMENT_3D('',#4202,#3004,#3005);
#2506=AXIS2_PLACEMENT_3D('',#4216,#3007,#3008);
#2507=AXIS2_PLACEMENT_3D('',#4217,#3009,#3010);
#2508=AXIS2_PLACEMENT_3D('',#4231,#3012,#3013);
#2509=AXIS2_PLACEMENT_3D('',#4237,#3014,#3015);
#2510=AXIS2_PLACEMENT_3D('',#4241,#3017,#3018);
#2511=AXIS2_PLACEMENT_3D('',#4245,#3020,#3021);
#2512=AXIS2_PLACEMENT_3D('',#4249,#3023,#3024);
#2513=AXIS2_PLACEMENT_3D('',#4253,#3026,#3027);
#2514=AXIS2_PLACEMENT_3D('',#4266,#3028,#3029);
#2515=AXIS2_PLACEMENT_3D('',#4284,#3030,#3031);
#2516=AXIS2_PLACEMENT_3D('',#4306,#3032,#3033);
#2517=AXIS2_PLACEMENT_3D('',#4308,#3034,#3035);
#2518=AXIS2_PLACEMENT_3D('',#4321,#3036,#3037);
#2519=AXIS2_PLACEMENT_3D('',#4339,#3038,#3039);
#2520=AXIS2_PLACEMENT_3D('',#4341,#3040,#3041);
#2521=AXIS2_PLACEMENT_3D('',#4354,#3042,#3043);
#2522=AXIS2_PLACEMENT_3D('',#4376,#3044,#3045);
#2523=AXIS2_PLACEMENT_3D('',#4378,#3046,#3047);
#2524=AXIS2_PLACEMENT_3D('',#4391,#3048,#3049);
#2525=AXIS2_PLACEMENT_3D('',#4413,#3050,#3051);
#2526=AXIS2_PLACEMENT_3D('',#4437,#3054,#3055);
#2527=AXIS2_PLACEMENT_3D('',#4439,#3056,#3057);
#2528=AXIS2_PLACEMENT_3D('',#4441,#3058,#3059);
#2529=AXIS2_PLACEMENT_3D('',#4442,#3060,#3061);
#2530=AXIS2_PLACEMENT_3D('',#4443,#3062,#3063);
#2531=AXIS2_PLACEMENT_3D('',#4461,#3065,#3066);
#2532=AXIS2_PLACEMENT_3D('',#4463,#3067,#3068);
#2533=AXIS2_PLACEMENT_3D('',#4464,#3069,#3070);
#2534=AXIS2_PLACEMENT_3D('',#4465,#3071,#3072);
#2535=AXIS2_PLACEMENT_3D('',#4483,#3074,#3075);
#2536=AXIS2_PLACEMENT_3D('',#4485,#3076,#3077);
#2537=AXIS2_PLACEMENT_3D('',#4486,#3078,#3079);
#2538=AXIS2_PLACEMENT_3D('',#4489,#3081,#3082);
#2539=AXIS2_PLACEMENT_3D('',#4505,#3083,#3084);
#2540=AXIS2_PLACEMENT_3D('',#4507,#3085,#3086);
#2541=AXIS2_PLACEMENT_3D('',#4508,#3087,#3088);
#2542=AXIS2_PLACEMENT_3D('',#4510,#3090,#3091);
#2543=AXIS2_PLACEMENT_3D('',#4514,#3093,#3094);
#2544=AXIS2_PLACEMENT_3D('',#4518,#3096,#3097);
#2545=AXIS2_PLACEMENT_3D('',#4519,#3098,#3099);
#2546=AXIS2_PLACEMENT_3D('',#4524,#3101,#3102);
#2547=AXIS2_PLACEMENT_3D('',#4527,#3104,#3105);
#2548=AXIS2_PLACEMENT_3D('',#4530,#3107,#3108);
#2549=AXIS2_PLACEMENT_3D('',#4533,#3110,#3111);
#2550=AXIS2_PLACEMENT_3D('',#4537,#3114,#3115);
#2551=AXIS2_PLACEMENT_3D('',#4538,#3116,#3117);
#2552=AXIS2_PLACEMENT_3D('',#4541,#3119,#3120);
#2553=AXIS2_PLACEMENT_3D('',#4545,#3123,#3124);
#2554=AXIS2_PLACEMENT_3D('',#4546,#3125,#3126);
#2555=AXIS2_PLACEMENT_3D('',#4549,#3128,#3129);
#2556=AXIS2_PLACEMENT_3D('',#4553,#3132,#3133);
#2557=AXIS2_PLACEMENT_3D('',#4554,#3134,#3135);
#2558=AXIS2_PLACEMENT_3D('',#4557,#3137,#3138);
#2559=AXIS2_PLACEMENT_3D('',#4559,#3140,#3141);
#2560=AXIS2_PLACEMENT_3D('',#4568,#3146,#3147);
#2561=AXIS2_PLACEMENT_3D('',#4572,#3149,#3150);
#2562=AXIS2_PLACEMENT_3D('',#4573,#3151,#3152);
#2563=AXIS2_PLACEMENT_3D('',#4574,#3153,#3154);
#2564=AXIS2_PLACEMENT_3D('',#4580,#3158,#3159);
#2565=AXIS2_PLACEMENT_3D('',#4581,#3160,#3161);
#2566=AXIS2_PLACEMENT_3D('',#4582,#3162,#3163);
#2567=AXIS2_PLACEMENT_3D('',#4583,#3164,#3165);
#2568=AXIS2_PLACEMENT_3D('',#4584,#3166,#3167);
#2569=AXIS2_PLACEMENT_3D('',#4586,#3168,#3169);
#2570=AXIS2_PLACEMENT_3D('',#4591,#3171,#3172);
#2571=AXIS2_PLACEMENT_3D('',#4594,#3174,#3175);
#2572=AXIS2_PLACEMENT_3D('',#4599,#3177,#3178);
#2573=AXIS2_PLACEMENT_3D('',#4603,#3180,#3181);
#2574=AXIS2_PLACEMENT_3D('',#4607,#3183,#3184);
#2575=AXIS2_PLACEMENT_3D('',#4611,#3186,#3187);
#2576=AXIS2_PLACEMENT_3D('',#4612,#3188,#3189);
#2577=AXIS2_PLACEMENT_3D('',#4615,#3192,#3193);
#2578=AXIS2_PLACEMENT_3D('',#4617,#3195,#3196);
#2579=AXIS2_PLACEMENT_3D('',#4619,#3198,#3199);
#2580=AXIS2_PLACEMENT_3D('',#4621,#3201,#3202);
#2581=AXIS2_PLACEMENT_3D('',#4623,#3204,#3205);
#2582=AXIS2_PLACEMENT_3D('',#4625,#3207,#3208);
#2583=AXIS2_PLACEMENT_3D('',#4627,#3210,#3211);
#2584=AXIS2_PLACEMENT_3D('',#4628,#3212,#3213);
#2585=AXIS2_PLACEMENT_3D('',#4637,#3218,#3219);
#2586=AXIS2_PLACEMENT_3D('',#4641,#3221,#3222);
#2587=AXIS2_PLACEMENT_3D('',#4642,#3223,#3224);
#2588=AXIS2_PLACEMENT_3D('',#4643,#3225,#3226);
#2589=AXIS2_PLACEMENT_3D('',#4649,#3230,#3231);
#2590=AXIS2_PLACEMENT_3D('',#4650,#3232,#3233);
#2591=AXIS2_PLACEMENT_3D('',#4651,#3234,#3235);
#2592=AXIS2_PLACEMENT_3D('',#4652,#3236,#3237);
#2593=AXIS2_PLACEMENT_3D('',#4653,#3238,#3239);
#2594=AXIS2_PLACEMENT_3D('',#4655,#3240,#3241);
#2595=AXIS2_PLACEMENT_3D('',#4657,#3242,#3243);
#2596=AXIS2_PLACEMENT_3D('',#4658,#3244,#3245);
#2597=AXIS2_PLACEMENT_3D('',#4660,#3246,#3247);
#2598=AXIS2_PLACEMENT_3D('',#4662,#3248,#3249);
#2599=AXIS2_PLACEMENT_3D('',#4663,#3250,#3251);
#2600=AXIS2_PLACEMENT_3D('',#4665,#3252,#3253);
#2601=AXIS2_PLACEMENT_3D('',#4667,#3254,#3255);
#2602=AXIS2_PLACEMENT_3D('',#4668,#3256,#3257);
#2603=AXIS2_PLACEMENT_3D('',#4670,#3258,#3259);
#2604=AXIS2_PLACEMENT_3D('',#4684,#3260,#3261);
#2605=AXIS2_PLACEMENT_3D('',#4685,#3262,#3263);
#2606=AXIS2_PLACEMENT_3D('',#4686,#3264,#3265);
#2607=AXIS2_PLACEMENT_3D('',#4687,#3266,#3267);
#2608=AXIS2_PLACEMENT_3D('',#4688,#3268,#3269);
#2609=AXIS2_PLACEMENT_3D('',#4689,#3270,#3271);
#2610=AXIS2_PLACEMENT_3D('',#4702,#3272,#3273);
#2611=AXIS2_PLACEMENT_3D('',#4715,#3274,#3275);
#2612=AXIS2_PLACEMENT_3D('',#4716,#3276,#3277);
#2613=AXIS2_PLACEMENT_3D('',#4717,#3278,#3279);
#2614=AXIS2_PLACEMENT_3D('',#4718,#3280,#3281);
#2615=AXIS2_PLACEMENT_3D('',#4719,#3282,#3283);
#2616=AXIS2_PLACEMENT_3D('',#4732,#3284,#3285);
#2617=AXIS2_PLACEMENT_3D('',#4733,#3286,#3287);
#2618=AXIS2_PLACEMENT_3D('',#4734,#3288,#3289);
#2619=AXIS2_PLACEMENT_3D('',#4735,#3290,#3291);
#2620=AXIS2_PLACEMENT_3D('',#4736,#3292,#3293);
#2621=AXIS2_PLACEMENT_3D('',#4737,#3294,#3295);
#2622=AXIS2_PLACEMENT_3D('',#4738,#3296,#3297);
#2623=AXIS2_PLACEMENT_3D('',#4739,#3298,#3299);
#2624=AXIS2_PLACEMENT_3D('',#4740,#3300,#3301);
#2625=AXIS2_PLACEMENT_3D('',#4741,#3302,#3303);
#2626=AXIS2_PLACEMENT_3D('',#4744,#3304,#3305);
#2627=AXIS2_PLACEMENT_3D('',#4745,#3306,#3307);
#2628=AXIS2_PLACEMENT_3D('',#4747,#3308,#3309);
#2629=AXIS2_PLACEMENT_3D('',#4748,#3310,#3311);
#2630=AXIS2_PLACEMENT_3D('',#4751,#3312,#3313);
#2631=AXIS2_PLACEMENT_3D('',#4752,#3314,#3315);
#2632=AXIS2_PLACEMENT_3D('',#4754,#3316,#3317);
#2633=AXIS2_PLACEMENT_3D('',#4755,#3318,#3319);
#2634=AXIS2_PLACEMENT_3D('',#4756,#3320,#3321);
#2635=AXIS2_PLACEMENT_3D('',#4757,#3322,#3323);
#2636=AXIS2_PLACEMENT_3D('',#4758,#3324,#3325);
#2637=AXIS2_PLACEMENT_3D('',#4759,#3326,#3327);
#2638=AXIS2_PLACEMENT_3D('',#4760,#3328,#3329);
#2639=AXIS2_PLACEMENT_3D('',#4761,#3330,#3331);
#2640=AXIS2_PLACEMENT_3D('',#4762,#3332,#3333);
#2641=AXIS2_PLACEMENT_3D('',#4763,#3334,#3335);
#2642=AXIS2_PLACEMENT_3D('',#4764,#3336,#3337);
#2643=AXIS2_PLACEMENT_3D('',#4765,#3338,#3339);
#2644=AXIS2_PLACEMENT_3D('',#4766,#3340,#3341);
#2645=AXIS2_PLACEMENT_3D('',#4767,#3342,#3343);
#2646=AXIS2_PLACEMENT_3D('',#4768,#3344,#3345);
#2647=AXIS2_PLACEMENT_3D('',#4769,#3346,#3347);
#2648=AXIS2_PLACEMENT_3D('',#4770,#3348,#3349);
#2649=AXIS2_PLACEMENT_3D('',#4771,#3350,#3351);
#2650=AXIS2_PLACEMENT_3D('',#4772,#3352,#3353);
#2651=AXIS2_PLACEMENT_3D('',#4773,#3354,#3355);
#2652=AXIS2_PLACEMENT_3D('',#4774,#3356,#3357);
#2653=AXIS2_PLACEMENT_3D('',#4775,#3358,#3359);
#2654=AXIS2_PLACEMENT_3D('',#4776,#3360,#3361);
#2655=AXIS2_PLACEMENT_3D('',#4777,#3362,#3363);
#2656=AXIS2_PLACEMENT_3D('',#4778,#3364,#3365);
#2657=AXIS2_PLACEMENT_3D('',#4779,#3366,#3367);
#2658=AXIS2_PLACEMENT_3D('',#4780,#3368,#3369);
#2659=AXIS2_PLACEMENT_3D('',#4781,#3370,#3371);
#2660=AXIS2_PLACEMENT_3D('',#4782,#3372,#3373);
#2661=AXIS2_PLACEMENT_3D('',#4783,#3374,#3375);
#2662=DIRECTION('',(0.,0.,1.));
#2663=DIRECTION('',(1.,0.,0.));
#2664=DIRECTION('',(0.,0.,-1.));
#2665=DIRECTION('',(0.000206650263863312,0.999999978647834,0.));
#2666=DIRECTION('',(0.,0.,-1.));
#2667=DIRECTION('',(-1.,0.,0.));
#2668=DIRECTION('',(-1.,0.,0.));
#2669=DIRECTION('',(0.,0.,-1.));
#2670=DIRECTION('',(-1.,0.,0.));
#2671=DIRECTION('',(1.,0.,0.));
#2672=DIRECTION('',(0.999999978647834,-0.00020665026386329,0.));
#2673=DIRECTION('',(0.,0.,-1.));
#2674=DIRECTION('',(-0.247021621607381,-0.969009968193547,0.));
#2675=DIRECTION('',(-0.000364311431064235,-0.999999933638588,0.));
#2676=DIRECTION('',(0.,0.,-1.));
#2677=DIRECTION('',(0.109936843873117,-0.993938574741527,0.));
#2678=DIRECTION('',(0.999999744278831,0.000715151922913398,0.));
#2679=DIRECTION('',(0.,0.,-1.));
#2680=DIRECTION('',(0.109919607930867,0.993940481010973,0.));
#2681=DIRECTION('',(-0.000364311431064235,0.999999933638588,0.));
#2682=DIRECTION('',(0.,0.,-1.));
#2683=DIRECTION('',(-0.246997220950888,0.969016188122024,0.));
#2684=DIRECTION('',(-0.989756608083938,0.00564576721267688,-0.142653363320877));
#2685=DIRECTION('',(-0.142655636890912,0.,0.989772382552296));
#2686=DIRECTION('',(0.000282678580373016,-0.999136225284969,-0.0415538616270852));
#2687=DIRECTION('',(-0.00679666976437223,-0.0415548231051793,0.99911310768942));
#2688=DIRECTION('',(-0.989753194237347,-0.00620512827978352,0.14265381481054));
#2689=DIRECTION('',(0.142656561233773,0.,0.989772249326558));
#2690=DIRECTION('',(-0.000282322615224234,0.999138400282387,0.0415015346113027));
#2691=DIRECTION('',(-0.00679668455989142,-0.0415024948786483,0.999115282636514));
#2692=DIRECTION('',(0.999999997946177,6.4090923552541E-5,0.));
#2693=DIRECTION('',(-6.40909235525411E-5,0.999999997946177,0.));
#2694=DIRECTION('',(-0.999999997946177,-6.40909235479925E-5,0.));
#2695=DIRECTION('',(6.40909235479925E-5,-0.999999997946177,0.));
#2696=DIRECTION('',(-0.999999997946177,-6.40909235525411E-5,0.));
#2697=DIRECTION('',(-0.999999997946177,-6.40909235479925E-5,0.));
#2698=DIRECTION('',(6.40909235479925E-5,-0.999999997946177,0.));
#2699=DIRECTION('',(-0.999999997946177,-6.40909235525411E-5,-8.84137548990016E-27));
#2700=DIRECTION('',(-0.0158578240771349,-0.999871620917156,0.00229588763613147));
#2701=DIRECTION('',(0.999874256139243,-0.0158578658713887,0.));
#2702=DIRECTION('',(-0.0159361847975247,-0.999873010943939,0.));
#2703=DIRECTION('',(0.99987301094394,-0.0159361847975247,0.));
#2704=DIRECTION('',(0.,0.,1.));
#2705=DIRECTION('',(0.965691521909674,-0.259691903053942,0.));
#2706=DIRECTION('',(0.00339292243800652,-0.000912418163408861,-0.999993827766164));
#2707=DIRECTION('',(0.965685561435787,-0.259690300174791,0.00351346404211662));
#2708=DIRECTION('',(0.,0.,1.));
#2709=DIRECTION('',(0.,1.,0.));
#2710=DIRECTION('',(0.,0.,1.));
#2711=DIRECTION('',(-0.738442109859317,0.674316876836492,0.));
#2712=DIRECTION('',(-0.999999965393126,-0.0002630850583679,0.));
#2713=DIRECTION('',(0.0159361847975207,-0.99987301094394,0.));
#2714=DIRECTION('',(0.,0.,1.));
#2715=DIRECTION('',(-0.965660340010925,-0.2598078284617,0.));
#2716=DIRECTION('',(0.0159361847975207,0.99987301094394,0.));
#2717=DIRECTION('',(-0.999999965393126,-0.0002630850583679,0.));
#2718=DIRECTION('',(0.,0.,1.));
#2719=DIRECTION('',(0.738248655933123,0.67452866656128,0.));
#2720=DIRECTION('',(-3.30744623838066E-15,-1.,0.));
#2721=DIRECTION('',(0.,0.,1.));
#2722=DIRECTION('',(-0.707106781186561,0.707106781186534,0.));
#2723=DIRECTION('',(-1.,1.69541361799345E-15,0.));
#2724=DIRECTION('',(0.,0.,1.));
#2725=DIRECTION('',(-0.707106781186565,-0.70710678118653,0.));
#2726=DIRECTION('',(-3.0850969114307E-15,-1.,0.));
#2727=DIRECTION('',(-0.0159361847975247,0.999873010943939,0.));
#2728=DIRECTION('',(-0.99987301094394,-0.0159361847975247,0.));
#2729=DIRECTION('',(-0.00339291522594539,-0.000912852998599419,-0.999993827393786));
#2730=DIRECTION('',(-0.96565437936991,-0.259806224770284,0.00351357002598553));
#2731=DIRECTION('',(-0.000282322615224234,0.999138400282387,0.0415015346113027));
#2732=DIRECTION('',(0.999998237704636,0.0002050504096935,0.00186615700106887));
#2733=DIRECTION('',(0.0334115681235771,0.0414877897447737,-0.998580207303158));
#2734=DIRECTION('',(-0.0334118949015152,0.0414689397698021,-0.998580979346923));
#2735=DIRECTION('',(-0.000282322615224234,0.999138400282387,0.0415015346113027));
#2736=DIRECTION('',(-0.00679668455989142,-0.0415024948786483,0.999115282636514));
#2737=DIRECTION('',(0.0158578247879772,-0.999871620953679,0.00229586682036106));
#2738=DIRECTION('',(0.999874256127981,0.015857866581475,0.));
#2739=DIRECTION('',(0.,-1.,0.));
#2740=DIRECTION('',(0.,0.,-1.));
#2741=DIRECTION('',(0.999291929744334,0.0159068326775822,0.0340970940405641));
#2742=DIRECTION('',(0.015897580910936,-0.999873478333218,0.000542445400791284));
#2743=DIRECTION('',(0.000262452988493362,-0.998859018842035,0.0477555399546126));
#2744=DIRECTION('',(-0.00548940658939787,-0.0477562611384912,-0.998843934725224));
#2745=DIRECTION('',(-0.999291929744334,0.0159068326775822,0.0340970940405641));
#2746=DIRECTION('',(-0.015897580910936,-0.999873478333218,0.000542445400791284));
#2747=DIRECTION('',(-1.,0.,0.));
#2748=DIRECTION('',(0.,0.,1.));
#2749=DIRECTION('',(0.,-1.,0.));
#2750=DIRECTION('',(0.,0.,-1.));
#2751=DIRECTION('',(-0.00417146804334075,0.00417146804334059,-0.999982598702961));
#2752=DIRECTION('',(-0.707094476611423,0.707094476611396,0.00589934668189833));
#2753=DIRECTION('',(-1.,1.69541361799345E-15,0.));
#2754=DIRECTION('',(-1.69541361799345E-15,-1.,0.));
#2755=DIRECTION('',(-1.,0.,0.));
#2756=DIRECTION('',(0.,0.,1.));
#2757=DIRECTION('',(-1.,1.69541361799345E-15,1.95389674384537E-33));
#2758=DIRECTION('',(0.,-1.,0.));
#2759=DIRECTION('',(0.,0.,-1.));
#2760=DIRECTION('',(0.00417146804334071,0.00417146804334051,-0.999982598702961));
#2761=DIRECTION('',(-0.707094476611428,-0.707094476611392,-0.00589934668189825));
#2762=DIRECTION('',(-3.0850969114307E-15,-1.,0.));
#2763=DIRECTION('',(1.,-3.0850969114307E-15,0.));
#2764=DIRECTION('',(-3.0850969114307E-15,-1.,-3.90779348768978E-33));
#2765=DIRECTION('',(-1.73710411679656E-14,-1.,0.));
#2766=DIRECTION('',(1.,-1.73710411679656E-14,0.));
#2767=DIRECTION('',(0.0348411125278201,-0.0318155612628109,-0.998886313320668));
#2768=DIRECTION('',(-0.737619716718116,0.673565899113102,-0.0471819145504281));
#2769=DIRECTION('',(-0.999999965393126,-0.000263085058360606,0.));
#2770=DIRECTION('',(0.000263085058360606,-0.999999965393126,0.));
#2771=DIRECTION('',(-0.999999965393125,-0.0002630850583679,0.));
#2772=DIRECTION('',(0.0002630850583679,-0.999999965393126,0.));
#2773=DIRECTION('',(0.999999965393126,0.0002630850583679,1.69212374708733E-21));
#2774=DIRECTION('',(-0.999999965393126,-0.000263085058360606,0.));
#2775=DIRECTION('',(0.000263085058360606,-0.999999965393126,0.));
#2776=DIRECTION('',(-0.00026278413397425,0.99885613614983,-0.0478157946742641));
#2777=DIRECTION('',(-0.311522206339561,0.045354658764256,0.949155872281107));
#2778=DIRECTION('',(0.0348230594693298,-0.0477776552435651,-0.998250795235658));
#2779=DIRECTION('',(0.,0.998856608421616,-0.0478066502953887));
#2780=DIRECTION('',(-0.0153323239630293,-0.99533333535592,0.095270516799027));
#2781=DIRECTION('',(-0.311144779708837,0.0953004581576113,0.94557218060542));
#2782=DIRECTION('',(-0.00026278413397425,0.99885613614983,-0.0478157946742641));
#2783=DIRECTION('',(-0.00548939074705247,-0.0478165167680839,-0.998841052076552));
#2784=DIRECTION('',(0.999999965393126,0.000263085058360606,0.));
#2785=DIRECTION('',(-0.000263085058360606,0.999999965393126,0.));
#2786=DIRECTION('',(0.0163789508699831,-0.995316889580636,0.0952681441192516));
#2787=DIRECTION('',(-0.320478034773898,-0.0954799510537907,-0.942431646420167));
#2788=DIRECTION('',(-0.0348233206587907,-0.0477959358383873,-0.998249911022099));
#2789=DIRECTION('',(0.,0.998855732767524,-0.0478249424197595));
#2790=DIRECTION('',(-0.00026278413397425,0.99885613614983,-0.0478157946742641));
#2791=DIRECTION('',(-0.320896200894675,-0.0453712575706133,-0.946026996040718));
#2792=DIRECTION('',(-0.999999965393125,-0.0002630850583679,0.));
#2793=DIRECTION('',(0.0002630850583679,-0.999999965393126,0.));
#2794=DIRECTION('',(0.999999965393126,0.000263085058360606,0.));
#2795=DIRECTION('',(-0.000263085058360606,0.999999965393126,0.));
#2796=DIRECTION('',(0.999999965393126,0.0002630850583679,1.69212374708733E-21));
#2797=DIRECTION('',(0.,-1.,0.));
#2798=DIRECTION('',(0.,0.,-1.));
#2799=DIRECTION('',(-0.0348410616590343,-0.0318338471375107,-0.998885732503422));
#2800=DIRECTION('',(0.737426049451424,0.673777061192619,-0.0471942094022459));
#2801=DIRECTION('',(-3.30744623838066E-15,-1.,0.));
#2802=DIRECTION('',(1.,-3.30744623838066E-15,0.));
#2803=DIRECTION('',(-3.30744623838066E-15,-1.,-2.06428949087079E-32));
#2804=DIRECTION('',(-6.40882473351388E-5,0.999958241372104,0.00913845745773733));
#2805=DIRECTION('',(0.999999549317134,7.27418289532978E-5,-0.000946611935621793));
#2806=DIRECTION('',(-0.0339546238724723,0.00913101201663848,-0.99938166289823));
#2807=DIRECTION('',(0.0339545532338694,0.00913536403698528,-0.999381625525805));
#2808=DIRECTION('',(-6.40882473351388E-5,0.999958241372104,0.00913845745773733));
#2809=DIRECTION('',(-0.00701256152984378,-0.00913868218127327,0.999933652033364));
#2810=DIRECTION('',(-0.0158581127710486,-0.999871635714451,0.00228743372540091));
#2811=DIRECTION('',(0.999874251565417,-0.0158581542588337,0.));
#2812=DIRECTION('',(0.999291610189273,-0.0159269183109105,-0.0340970831369446));
#2813=DIRECTION('',(-0.0159176548620146,-0.999873158592187,0.000543130349180558));
#2814=DIRECTION('',(-0.0334118949015152,0.0414689397698021,-0.998580979346922));
#2815=DIRECTION('',(0.,0.999138831756529,0.0414921061914072));
#2816=DIRECTION('',(-0.0334118949015152,0.0414689397698021,-0.998580979346922));
#2817=DIRECTION('',(0.0339546238724723,-0.00913101201663848,0.99938166289823));
#2818=DIRECTION('',(0.999423327416773,0.,-0.0339560394508328));
#2819=DIRECTION('',(0.0339546238724723,-0.00913101201663848,0.99938166289823));
#2820=DIRECTION('',(-0.0159361847975207,-0.99987301094394,0.));
#2821=DIRECTION('',(0.99987301094394,-0.0159361847975207,0.));
#2822=DIRECTION('',(-0.0159361847975207,-0.999873010943939,0.));
#2823=DIRECTION('',(-0.0348233206587899,-0.0477959358383871,-0.998249911022099));
#2824=DIRECTION('',(0.,0.998855732767524,-0.0478249424197592));
#2825=DIRECTION('',(-0.0348233206587899,-0.0477959358383871,-0.998249911022099));
#2826=DIRECTION('',(-0.0348233206587879,-0.0477959358383873,-0.998249911022099));
#2827=DIRECTION('',(0.,0.998855732767524,-0.0478249424197595));
#2828=DIRECTION('',(-0.0348233206587899,-0.0477959358383871,-0.998249911022099));
#2829=DIRECTION('',(-0.0158590556582076,-0.999871683545076,0.00225982264023204));
#2830=DIRECTION('',(0.999874236626394,-0.0158590961528625,0.));
#2831=DIRECTION('',(-0.999291294710973,0.0159467228763868,0.0340970723724293));
#2832=DIRECTION('',(-0.0159374479087164,-0.999872842930292,0.00054380571276016));
#2833=DIRECTION('',(-0.0158586766856073,-0.999871664412269,0.00227092034650246));
#2834=DIRECTION('',(0.999874242630933,-0.0158587175779915,0.));
#2835=DIRECTION('',(0.999291610189273,-0.0159269183109105,-0.0340970831369446));
#2836=DIRECTION('',(-0.0159176548620146,-0.999873158592187,0.000543130349180558));
#2837=DIRECTION('',(-0.989972236802395,-0.00614183190684142,0.141128481396527));
#2838=DIRECTION('',(0.141131143303122,0.,0.989990909246117));
#2839=DIRECTION('',(-0.989975614316051,0.00558234700846244,-0.141128028617405));
#2840=DIRECTION('',(-0.14113022762682,0.,0.989991039782685));
#2841=DIRECTION('',(0.000281972506862952,-0.999140536816054,-0.0414500685455683));
#2842=DIRECTION('',(-0.00679669909375918,-0.041451027622086,0.999117419120747));
#2843=DIRECTION('',(0.0158586773884992,-0.999871664447868,0.00227089976381321));
#2844=DIRECTION('',(0.999874242619796,0.0158587182801439,0.));
#2845=DIRECTION('',(0.0348230594693288,-0.0477776552435631,-0.998250795235658));
#2846=DIRECTION('',(0.,0.998856608421616,-0.0478066502953866));
#2847=DIRECTION('',(0.0348230594693288,-0.0477776552435631,-0.998250795235658));
#2848=DIRECTION('',(0.0348230594693269,-0.0477776552435117,-0.99825079523566));
#2849=DIRECTION('',(0.,0.998856608421619,-0.0478066502953352));
#2850=DIRECTION('',(0.0348230594693288,-0.0477776552435631,-0.998250795235658));
#2851=DIRECTION('',(-0.0159361847975207,0.99987301094394,0.));
#2852=DIRECTION('',(-0.99987301094394,-0.0159361847975207,0.));
#2853=DIRECTION('',(-0.0159361847975207,0.999873010943939,0.));
#2854=DIRECTION('',(-0.0339545532338694,-0.00913536403698527,0.999381625525805));
#2855=DIRECTION('',(0.999423329771001,0.,0.0339559701590734));
#2856=DIRECTION('',(-0.0339545532338694,-0.00913536403698528,0.999381625525805));
#2857=DIRECTION('',(0.0158590551445698,-0.999871683519228,0.00225983768145976));
#2858=DIRECTION('',(0.999874236634532,0.0158590956397624,0.));
#2859=DIRECTION('',(-0.999291610189273,-0.0159269183109105,-0.0340970831369446));
#2860=DIRECTION('',(0.0159176548620146,-0.999873158592187,0.000543130349180558));
#2861=DIRECTION('',(0.999291294710973,0.0159467228763868,0.0340970723724293));
#2862=DIRECTION('',(0.0159374479087164,-0.999872842930292,0.00054380571276016));
#2863=DIRECTION('',(0.0334115681235771,0.0414877897447737,-0.998580207303158));
#2864=DIRECTION('',(0.,0.999138048360468,0.0415109662430935));
#2865=DIRECTION('',(0.033411568123577,0.0414877897447737,-0.998580207303158));
#2866=DIRECTION('',(0.0158581134314415,-0.999871635748221,0.00228741438589225));
#2867=DIRECTION('',(0.999874251554954,0.0158581549185269,0.));
#2868=DIRECTION('',(-0.999291610189273,-0.0159269183109105,-0.0340970831369446));
#2869=DIRECTION('',(0.0159176548620146,-0.999873158592187,0.000543130349180558));
#2870=DIRECTION('',(-0.0522644276887137,0.0522644276887116,-0.997264688634237));
#2871=DIRECTION('',(-0.998629534754574,0.,0.0523359562429436));
#2872=DIRECTION('',(0.0522644276887137,-0.0522644276887116,0.997264688634238));
#2873=DIRECTION('',(-0.0041714680433406,0.00417146804333792,-0.999982598702961));
#2874=DIRECTION('',(-0.707094476611405,0.707094476611415,0.00589934668189634));
#2875=DIRECTION('',(0.0522644276887137,-0.0522644276887116,0.997264688634238));
#2876=DIRECTION('',(1.69309011255336E-15,0.998629534754574,0.0523359562429415));
#2877=DIRECTION('',(0.183109104470511,0.0514510911815091,-0.981745303567193));
#2878=DIRECTION('',(-1.,1.70050474627603E-15,-9.7144514654706E-17));
#2879=DIRECTION('',(0.0522644276887141,0.0522644276887115,-0.997264688634237));
#2880=DIRECTION('',(-0.0522644276887141,-0.0522644276887115,0.997264688634238));
#2881=DIRECTION('',(0.998629534754574,0.,0.052335956242944));
#2882=DIRECTION('',(0.0041714680433408,0.00417146804333789,-0.999982598702961));
#2883=DIRECTION('',(-0.707094476611408,-0.707094476611411,-0.00589934668189646));
#2884=DIRECTION('',(0.0522644276887141,0.0522644276887114,-0.997264688634237));
#2885=DIRECTION('',(0.998629534754574,-3.08086889333481E-15,0.0523359562429438));
#2886=DIRECTION('',(-0.0368184416540169,0.710693434176163,0.702537717829485));
#2887=DIRECTION('',(3.23346693566594E-15,1.,-2.83106871279415E-15));
#2888=DIRECTION('',(0.0522762908538132,-0.0477366941978094,-0.997491051309049));
#2889=DIRECTION('',(-0.0522762908538132,0.0477366941978094,0.997491051309049));
#2890=DIRECTION('',(0.998629534754574,0.,0.0523359562429437));
#2891=DIRECTION('',(0.0348411125278196,-0.0318155612628113,-0.998886313320668));
#2892=DIRECTION('',(-0.737619716718116,0.673565899113102,-0.0471819145504279));
#2893=DIRECTION('',(-0.0522762908538132,0.0477366941978094,0.997491051309049));
#2894=DIRECTION('',(-0.00026278413397425,0.99885613614983,-0.0478157946742641));
#2895=DIRECTION('',(0.999998777822427,0.000336176960917596,0.0015268721964516));
#2896=DIRECTION('',(0.999999965393125,0.000263085058367904,9.63999895795756E-17));
#2897=DIRECTION('',(0.0522762221924673,0.0477641376857995,0.997489741172518));
#2898=DIRECTION('',(0.0522762221924673,0.0477641376857995,0.997489741172517));
#2899=DIRECTION('',(0.998629534754574,0.,-0.0523359562429439));
#2900=DIRECTION('',(-0.034841061659035,-0.0318338471375123,-0.998885732503422));
#2901=DIRECTION('',(0.737426049451454,0.673777061192586,-0.0471942094022474));
#2902=DIRECTION('',(-0.0522762221924673,-0.0477641376857995,-0.997489741172518));
#2903=DIRECTION('',(-0.998629534754574,3.30291349825984E-15,0.0523359562429437));
#2904=DIRECTION('',(-0.0370653938993156,-0.705991366774336,-0.707249847377285));
#2905=DIRECTION('',(-3.15907621414542E-15,-1.,2.83106871279415E-15));
#2906=DIRECTION('',(0.0158606227121888,-0.999871761351467,0.00221393294740677));
#2907=DIRECTION('',(0.999874211795743,0.0158606615827456,0.));
#2908=DIRECTION('',(-0.999291610189273,-0.0159269183109105,-0.0340970831369446));
#2909=DIRECTION('',(0.0159176548620146,-0.999873158592187,0.000543130349180558));
#2910=DIRECTION('',(0.0158589292225346,-0.99987167717554,0.00226352514638816));
#2911=DIRECTION('',(0.999874238629692,0.0158589698496681,0.));
#2912=DIRECTION('',(0.999291293923754,0.0159467722643072,0.0340970723455684));
#2913=DIRECTION('',(0.0159374972679116,-0.999872842142615,0.000543807396957813));
#2914=DIRECTION('',(-0.991892768802637,0.00109772775879269,-0.127072932565544));
#2915=DIRECTION('',(-0.127073009127451,0.,0.991893366421661));
#2916=DIRECTION('',(6.40084429703E-5,-0.999958345307393,-0.0091270780110627));
#2917=DIRECTION('',(-0.00701256225872683,-0.009127302454767,0.999933755966097));
#2918=DIRECTION('',(-0.99189240573832,-0.00122488566200909,0.127074604440712));
#2919=DIRECTION('',(0.127074699768685,0.,0.991893149829506));
#2920=DIRECTION('',(-0.0158606225688656,-0.999871761344448,0.00221393714453532));
#2921=DIRECTION('',(0.999874211798014,-0.0158606614395695,0.));
#2922=DIRECTION('',(-0.999291293923754,0.0159467722643072,0.0340970723455684));
#2923=DIRECTION('',(-0.0159374972679116,-0.999872842142615,0.000543807396957813));
#2924=DIRECTION('',(-0.0158589297383195,-0.999871677201551,0.00226351004230218));
#2925=DIRECTION('',(0.99987423862152,-0.0158589703649122,0.));
#2926=DIRECTION('',(0.999291610189273,-0.0159269183109105,-0.0340970831369446));
#2927=DIRECTION('',(-0.0159176548620146,-0.999873158592187,0.000543130349180558));
#2928=DIRECTION('',(0.999291610189273,-0.0159269183109105,-0.0340970831369446));
#2929=DIRECTION('',(0.0166534414373162,0.999638015123679,0.0211305846555596));
#2930=DIRECTION('',(-0.0343133141471775,-0.0135063626028792,-0.999319856022824));
#2931=DIRECTION('',(-0.0343133141471764,-0.0135063626028735,-0.999319856022824));
#2932=DIRECTION('',(-0.999411017374204,0.,0.0343164443242354));
#2933=DIRECTION('',(0.999291610189273,-0.0159269183109105,-0.0340970831369446));
#2934=DIRECTION('',(-0.0341014086076208,0.,-0.99941837782331));
#2935=DIRECTION('',(-0.0343133141471765,-0.0135063626028796,-0.999319856022824));
#2936=DIRECTION('',(-0.999411017374204,0.,0.0343164443242355));
#2937=DIRECTION('',(0.989997533544139,-0.00211220813643128,-0.141068856071459));
#2938=DIRECTION('',(-0.141069170756446,0.,-0.989999741950516));
#2939=DIRECTION('',(0.,-1.,0.));
#2940=DIRECTION('',(0.,0.,-1.));
#2941=DIRECTION('',(-0.000206374734124425,-0.999908787156382,0.01350462057676));
#2942=DIRECTION('',(0.0152786091016933,-0.0135061973720635,-0.999792051746994));
#2943=DIRECTION('',(-0.999291610189273,-0.0159269183109105,-0.0340970831369446));
#2944=DIRECTION('',(-0.0341014086076208,0.,0.99941837782331));
#2945=DIRECTION('',(0.989998174482666,0.00170305548602161,0.141069890915813));
#2946=DIRECTION('',(0.141070095495672,0.,-0.989999610180146));
#2947=DIRECTION('',(0.0343135333368607,-0.0135205416647351,-0.999319656758053));
#2948=DIRECTION('',(-0.999411009621432,0.,-0.0343166701104663));
#2949=DIRECTION('',(-0.999291610189273,-0.0159269183109105,-0.0340970831369446));
#2950=DIRECTION('',(-0.0166534414373162,0.999638015123679,0.0211305846555596));
#2951=DIRECTION('',(0.0343135333368616,-0.0135205416647347,-0.999319656758053));
#2952=DIRECTION('',(0.0343135333370362,-0.0135205416645617,-0.999319656758049));
#2953=DIRECTION('',(-0.999411009621426,0.,-0.0343166701106418));
#2954=DIRECTION('',(-1.,0.,0.));
#2955=DIRECTION('',(0.,0.,1.));
#2956=DIRECTION('',(0.,-1.,0.));
#2957=DIRECTION('',(0.,0.,-1.));
#2958=DIRECTION('',(-9.71445146547012E-17,2.83106871279415E-15,1.));
#2959=DIRECTION('',(-0.707106781186543,0.707106781186552,-2.07055942988924E-15));
#2960=DIRECTION('',(-1.,1.70050474627603E-15,-9.7144514654706E-17));
#2961=DIRECTION('',(-1.70050474627603E-15,-1.,0.));
#2962=DIRECTION('',(-1.,0.,0.));
#2963=DIRECTION('',(0.,0.,1.));
#2964=DIRECTION('',(1.,-1.70050474627603E-15,9.7144514654706E-17));
#2965=DIRECTION('',(0.,-1.,0.));
#2966=DIRECTION('',(0.,0.,-1.));
#2967=DIRECTION('',(-9.71445146547012E-17,2.83106871279415E-15,1.));
#2968=DIRECTION('',(-0.707106781186546,-0.70710678118655,1.9331763397544E-15));
#2969=DIRECTION('',(3.23346693566594E-15,1.,-2.83106871279415E-15));
#2970=DIRECTION('',(-1.,3.23346693566594E-15,0.));
#2971=DIRECTION('',(-3.23346693566594E-15,-1.,2.83106871279415E-15));
#2972=DIRECTION('',(0.,-1.,0.));
#2973=DIRECTION('',(0.,0.,-1.));
#2974=DIRECTION('',(-9.71445146547012E-17,2.83106871279415E-15,1.));
#2975=DIRECTION('',(-0.738442109859336,0.674316876836471,-1.98077301288368E-15));
#2976=DIRECTION('',(-0.999999965393125,-0.000263085058377973,0.));
#2977=DIRECTION('',(0.000263085058377973,-0.999999965393125,0.));
#2978=DIRECTION('',(-0.999999965393125,-0.000263085058367904,-9.63998766989921E-17));
#2979=DIRECTION('',(0.000263085058367904,-0.999999965393125,0.));
#2980=DIRECTION('',(0.999999965393125,0.000263085058367904,9.63996994152841E-17));
#2981=DIRECTION('',(-0.999999965393126,-0.000263085058360607,-4.56379826916872E-18));
#2982=DIRECTION('',(0.000263085058360607,-0.999999965393126,0.));
#2983=DIRECTION('',(-1.73710411679656E-14,-1.,0.));
#2984=DIRECTION('',(1.,-1.73710411679656E-14,0.));
#2985=DIRECTION('',(-9.71445146547012E-17,2.83106871279415E-15,1.));
#2986=DIRECTION('',(0.738248655933143,0.674528666561257,-1.83792019640922E-15));
#2987=DIRECTION('',(-3.15907621414542E-15,-1.,2.83106871279415E-15));
#2988=DIRECTION('',(1.,-3.15907621414542E-15,0.));
#2989=DIRECTION('',(3.15907621414542E-15,1.,-2.83106871279415E-15));
#2990=DIRECTION('',(0.,-1.,0.));
#2991=DIRECTION('',(0.,0.,-1.));
#2992=DIRECTION('',(-0.000206888649310107,-0.999908332292738,0.0135382498367599));
#2993=DIRECTION('',(0.0152786021513755,-0.0135398305586053,-0.999791596936454));
#2994=DIRECTION('',(0.999994009470689,0.000364763523785625,0.00344208807369824));
#2995=DIRECTION('',(0.000364761362925238,-0.999999933473784,1.25554825846952E-6));
#2996=DIRECTION('',(0.000713918771399498,-0.999520156119261,-0.0309668828156193));
#2997=DIRECTION('',(-0.0230370828429584,-0.0309751111592591,0.999254639870518));
#2998=DIRECTION('',(-0.999994009470689,0.000364763523785625,0.00344208807369824));
#2999=DIRECTION('',(-0.000364761362925238,-0.999999933473784,1.25554825846952E-6));
#3000=DIRECTION('',(-0.000206888649310107,-0.999908332292738,0.0135382498367599));
#3001=DIRECTION('',(0.0152786021513755,-0.0135398305586053,-0.999791596936454));
#3002=DIRECTION('',(0.000206631372205938,0.999908560148795,-0.0135214142987778));
#3003=DIRECTION('',(0.0152786056330167,-0.0135229930549111,-0.99979182476591));
#3004=DIRECTION('',(0.0343133141471774,0.0135063626028792,0.999319856022823));
#3005=DIRECTION('',(0.999411017374204,0.,-0.0343164443242365));
#3006=DIRECTION('',(-0.0343133141471775,-0.0135063626028792,-0.999319856022824));
#3007=DIRECTION('',(0.000206631372205938,0.999908560148795,-0.0135214142987778));
#3008=DIRECTION('',(0.0152786056330167,-0.0135229930549111,-0.99979182476591));
#3009=DIRECTION('',(-0.0343135333368616,0.0135205416647347,0.999319656758053));
#3010=DIRECTION('',(0.999411009621432,0.,0.0343166701104673));
#3011=DIRECTION('',(0.0343135333368616,-0.0135205416647347,-0.999319656758053));
#3012=DIRECTION('',(0.000206631372205938,0.999908560148795,-0.0135214142987778));
#3013=DIRECTION('',(0.0152786056330167,-0.0135229930549111,-0.99979182476591));
#3014=DIRECTION('',(-9.71445146547012E-17,2.83106871279415E-15,1.));
#3015=DIRECTION('',(-0.999985254863229,0.00543047476039779,-8.32667268468867E-17));
#3016=DIRECTION('',(-0.000796556636475018,0.999999682748712,-2.8311451957418E-15));
#3017=DIRECTION('',(-9.71445146547012E-17,2.83106871279415E-15,1.));
#3018=DIRECTION('',(-0.993052913274613,0.117668651036733,-4.29597679713286E-16));
#3019=DIRECTION('',(-0.999999839129306,0.00056722249814995,-9.87503448947009E-17));
#3020=DIRECTION('',(-9.71445146547012E-17,2.83106871279415E-15,1.));
#3021=DIRECTION('',(-0.99318393715117,-0.116557569401994,2.33500116435921E-16));
#3022=DIRECTION('',(-0.000796556636475018,-0.999999682748712,2.83099043352611E-15));
#3023=DIRECTION('',(-9.71445146547012E-17,2.83106871279415E-15,1.));
#3024=DIRECTION('',(-0.119166805616257,0.992874248049176,-2.82247162088558E-15));
#3025=DIRECTION('',(-0.999999932946451,-0.000366206353728054,-9.61077527903508E-17));
#3026=DIRECTION('',(-9.71445146547012E-17,2.83106871279415E-15,1.));
#3027=DIRECTION('',(0.119156411297243,0.992875495541492,-2.79932335938404E-15));
#3028=DIRECTION('',(-0.798030790412901,-0.594352499448082,-0.0994583528557463));
#3029=DIRECTION('',(0.597314146782118,-0.80200736284273,0.));
#3030=DIRECTION('',(0.000364148753987625,-0.99999993258105,4.72607644256401E-5));
#3031=DIRECTION('',(0.99999993369784,0.000364148754394303,0.));
#3032=DIRECTION('',(0.000364148834473159,-0.999999932582126,4.72373819152117E-5));
#3033=DIRECTION('',(0.999999933697811,0.000364148834879435,0.));
#3034=DIRECTION('',(-0.999994009636279,-0.000364309272882333,-0.00344208807426822));
#3035=DIRECTION('',(0.00036430711471293,-0.999999933639375,1.25398468674881E-6));
#3036=DIRECTION('',(0.993225076904881,-0.00289334470694032,0.116170457362015));
#3037=DIRECTION('',(0.116170943622283,0.,-0.993229234294837));
#3038=DIRECTION('',(0.993217898536238,0.00431448973512631,-0.116187741201839));
#3039=DIRECTION('',(-0.116188822623979,0.,-0.993227142952333));
#3040=DIRECTION('',(-0.000714808088751427,0.999518959618916,0.0310054577730603));
#3041=DIRECTION('',(-0.0230370552658481,-0.031013696366618,0.999253443688015));
#3042=DIRECTION('',(0.000364148834395428,0.999999932582125,-4.7237404497649E-5));
#3043=DIRECTION('',(-0.999999933697811,0.000364148834801704,0.));
#3044=DIRECTION('',(0.000364148754010099,0.999999932581051,-4.72607578965669E-5));
#3045=DIRECTION('',(-0.99999993369784,0.000364148754416777,0.));
#3046=DIRECTION('',(0.999994009636279,-0.000364309272882333,-0.00344208807426822));
#3047=DIRECTION('',(-0.00036430711471293,-0.999999933639375,1.25398468674881E-6));
#3048=DIRECTION('',(-0.797777562207858,0.594697047109477,0.0994302941610678));
#3049=DIRECTION('',(-0.597658727025478,-0.801750613351985,0.));
#3050=DIRECTION('',(0.000206631372205938,0.999908560148795,-0.0135214142987778));
#3051=DIRECTION('',(0.999999978296251,-0.000206251946175927,2.94555868052974E-5));
#3052=DIRECTION('',(-0.00344669932813157,-0.0135206221406559,-0.999902651781998));
#3053=DIRECTION('',(-0.00344669978070695,0.0135220464029664,0.999902632520636));
#3054=DIRECTION('',(0.000796556636471763,-0.999999682748712,0.));
#3055=DIRECTION('',(0.999999682748712,0.000796556636471763,0.));
#3056=DIRECTION('',(0.000324331189724225,-3.84305942580067E-5,-0.999999946666183));
#3057=DIRECTION('',(-0.99305286031131,0.117668644761015,-0.000326600109006342));
#3058=DIRECTION('',(0.999999839129306,-0.000567222498148569,0.));
#3059=DIRECTION('',(0.000567222498148569,0.999999839129306,0.));
#3060=DIRECTION('',(-0.999999839129306,0.000567222498149949,-9.87503356496055E-17));
#3061=DIRECTION('',(-0.00056722249814995,-0.999999839129306,0.));
#3062=DIRECTION('',(0.999999839129306,-0.000567222498148569,0.));
#3063=DIRECTION('',(0.000567222498148569,0.999999839129306,0.));
#3064=DIRECTION('',(-0.999999839129306,0.000567222498149949,-9.8750308456783E-17));
#3065=DIRECTION('',(-0.000796556636471777,-0.999999682748712,0.));
#3066=DIRECTION('',(0.999999682748712,-0.000796556636471777,0.));
#3067=DIRECTION('',(-0.000324330897308496,-3.80626585479252E-5,-0.99999994668035));
#3068=DIRECTION('',(-0.99318388419495,-0.116557563187185,0.000326556728493948));
#3069=DIRECTION('',(0.000796556636475018,0.999999682748712,-2.83099043352611E-15));
#3070=DIRECTION('',(-0.999999682748712,0.000796556636475018,0.));
#3071=DIRECTION('',(-0.000796556636471777,-0.999999682748712,0.));
#3072=DIRECTION('',(0.999999682748712,-0.000796556636471777,0.));
#3073=DIRECTION('',(-0.000796556636475018,-0.999999682748712,2.83099064473668E-15));
#3074=DIRECTION('',(-0.000321994335581946,0.00268279309966806,-0.999996349463753));
#3075=DIRECTION('',(-0.119166370593513,0.992870623525745,0.00270204721790227));
#3076=DIRECTION('',(0.999999932946451,0.000366206353719537,0.));
#3077=DIRECTION('',(-0.000366206353719537,0.999999932946451,0.));
#3078=DIRECTION('',(0.999999932946451,0.000366206353728054,9.61077527903508E-17));
#3079=DIRECTION('',(-0.000366206353728054,0.999999932946451,0.));
#3080=DIRECTION('',(-0.999999932946451,-0.000366206353728054,-9.61094965126808E-17));
#3081=DIRECTION('',(0.999999932946451,0.000366206353719541,0.));
#3082=DIRECTION('',(-0.000366206353719541,0.999999932946451,0.));
#3083=DIRECTION('',(0.000321994118174329,0.00268302868610097,-0.999996348831764));
#3084=DIRECTION('',(0.119155976237139,0.992871870386019,0.00270228109984501));
#3085=DIRECTION('',(0.000796556636471791,-0.999999682748712,0.));
#3086=DIRECTION('',(0.999999682748712,0.000796556636471791,0.));
#3087=DIRECTION('',(0.000796556636475018,-0.999999682748712,2.8311451957418E-15));
#3088=DIRECTION('',(0.999999682748712,0.000796556636475018,0.));
#3089=DIRECTION('',(-0.000796556636475018,0.999999682748712,-2.8311452277293E-15));
#3090=DIRECTION('',(0.,0.,-1.));
#3091=DIRECTION('',(-1.,0.,0.));
#3092=DIRECTION('',(-1.,0.,0.));
#3093=DIRECTION('',(0.,0.,-1.));
#3094=DIRECTION('',(-1.,0.,0.));
#3095=DIRECTION('',(1.,0.,0.));
#3096=DIRECTION('',(0.,0.,-1.));
#3097=DIRECTION('',(-1.,0.,0.));
#3098=DIRECTION('',(0.,0.,-1.));
#3099=DIRECTION('',(-1.,0.,0.));
#3100=DIRECTION('',(-1.,0.,0.));
#3101=DIRECTION('',(0.,0.,-1.));
#3102=DIRECTION('',(-1.,0.,0.));
#3103=DIRECTION('',(1.,0.,0.));
#3104=DIRECTION('',(-0.00259466072692928,0.000307446082229586,-0.999996586600484));
#3105=DIRECTION('',(-0.999996633861872,0.,0.00259466084955697));
#3106=DIRECTION('',(-0.00259466072692928,0.000307446082229586,-0.999996586600484));
#3107=DIRECTION('',(0.000324331743259565,-3.84306598442468E-5,0.999999946666001));
#3108=DIRECTION('',(-0.993052860311256,0.117668644759929,0.000326600666413669));
#3109=DIRECTION('',(-0.00259466072692928,0.000307446082229586,-0.999996586600484));
#3110=DIRECTION('',(0.00056722247159801,0.999999792318866,0.000305975312924333));
#3111=DIRECTION('',(0.999998417713114,-0.000567737534557339,0.00168589601135284));
#3112=DIRECTION('',(0.999999839129306,-0.000567222498149949,0.));
#3113=DIRECTION('',(-0.00259465838461748,-0.000304502583483347,0.999996587507199));
#3114=DIRECTION('',(-0.00259465838461748,-0.000304502583483348,0.999996587507199));
#3115=DIRECTION('',(0.999996633867956,0.,0.00259465850490822));
#3116=DIRECTION('',(-0.000324331450696559,-3.8062723488959E-5,0.999999946680168));
#3117=DIRECTION('',(-0.993183884194895,-0.116557563186091,-0.000326557285679452));
#3118=DIRECTION('',(-0.00259465838461748,-0.000304502583483348,0.999996587507199));
#3119=DIRECTION('',(-0.999996317249184,0.000796553955663176,-0.00259441512982277));
#3120=DIRECTION('',(0.000798176829982193,0.999999486424921,-0.00062455075299265));
#3121=DIRECTION('',(-0.000796556636475011,-0.999999682748712,0.));
#3122=DIRECTION('',(0.00257671707077215,-0.0214686968476531,-0.999766200461288));
#3123=DIRECTION('',(-0.00257671707077215,0.0214686968476531,0.999766200461288));
#3124=DIRECTION('',(0.,-0.999769519437094,0.0214687681184016));
#3125=DIRECTION('',(-0.000322031974170262,0.00268310669694163,0.999996348610264));
#3126=DIRECTION('',(-0.119166370491795,0.992870622678339,-0.0027023630658298));
#3127=DIRECTION('',(0.00257671707077215,-0.0214686968476531,-0.999766200461288));
#3128=DIRECTION('',(-0.000366121942875681,0.999769432175911,-0.0214697098578561));
#3129=DIRECTION('',(0.999999930081571,0.000364403653571953,-8.39454037564953E-5));
#3130=DIRECTION('',(-0.999999932946451,-0.000366206353728052,-7.80517089617579E-25));
#3131=DIRECTION('',(-0.00257671546310094,-0.0214705831976948,-0.999766159956704));
#3132=DIRECTION('',(0.00257671546310094,0.0214705831976948,0.999766159956704));
#3133=DIRECTION('',(0.,-0.999769478928234,0.0214706544746165));
#3134=DIRECTION('',(0.000322031763257291,0.00268334236524321,0.999996347977979));
#3135=DIRECTION('',(0.119155976135387,0.992871869538319,-0.00270259702983179));
#3136=DIRECTION('',(-0.00257671546310094,-0.0214705831976948,-0.999766159956704));
#3137=DIRECTION('',(0.999996317249184,0.000796553955663176,-0.00259441512982277));
#3138=DIRECTION('',(-0.000798176829982193,0.999999486424921,-0.00062455075299265));
#3139=DIRECTION('',(-0.000796556636475011,0.999999682748712,0.));
#3140=DIRECTION('',(0.,0.999847695156391,0.0174524064372835));
#3141=DIRECTION('',(0.,-0.0174524064372835,0.999847695156391));
#3142=DIRECTION('',(4.48395843616276E-14,0.0174524064372835,-0.999847695156391));
#3143=DIRECTION('',(1.,0.,0.));
#3144=DIRECTION('',(0.,0.0174524064372835,-0.999847695156391));
#3145=DIRECTION('',(1.,0.,0.));
#3146=DIRECTION('',(0.,0.,-1.));
#3147=DIRECTION('',(1.,0.,0.));
#3148=DIRECTION('',(0.,-0.0174524064372835,-0.999847695156391));
#3149=DIRECTION('',(0.,0.,-1.));
#3150=DIRECTION('',(-1.,0.,0.));
#3151=DIRECTION('',(0.,0.,-1.));
#3152=DIRECTION('',(-1.,0.,0.));
#3153=DIRECTION('',(0.,-0.999847695156391,0.0174524064372835));
#3154=DIRECTION('',(0.,-0.0174524064372835,-0.999847695156391));
#3155=DIRECTION('',(-1.6843227041072E-14,-0.0174524064372835,-0.999847695156391));
#3156=DIRECTION('',(-1.,0.,0.));
#3157=DIRECTION('',(-1.,0.,0.));
#3158=DIRECTION('',(0.,0.,-1.));
#3159=DIRECTION('',(1.,0.,0.));
#3160=DIRECTION('',(0.,0.,-1.));
#3161=DIRECTION('',(-1.,0.,0.));
#3162=DIRECTION('',(0.,0.,-1.));
#3163=DIRECTION('',(-1.,0.,0.));
#3164=DIRECTION('',(0.,0.,-1.));
#3165=DIRECTION('',(0.000366206353727908,-0.999999932946451,0.));
#3166=DIRECTION('',(0.,0.,-1.));
#3167=DIRECTION('',(-1.,0.,0.));
#3168=DIRECTION('',(0.,0.,-1.));
#3169=DIRECTION('',(-1.,0.,0.));
#3170=DIRECTION('',(1.,0.,0.));
#3171=DIRECTION('',(0.,0.,-1.));
#3172=DIRECTION('',(-1.,0.,0.));
#3173=DIRECTION('',(-1.,0.,0.));
#3174=DIRECTION('',(0.,0.,-1.));
#3175=DIRECTION('',(-1.,0.,0.));
#3176=DIRECTION('',(0.999999932946451,0.000366206353728052,0.));
#3177=DIRECTION('',(0.,0.,-1.));
#3178=DIRECTION('',(-0.119166805616246,0.992874248049178,0.));
#3179=DIRECTION('',(0.000796556636475011,0.999999682748712,0.));
#3180=DIRECTION('',(0.,0.,-1.));
#3181=DIRECTION('',(-0.993183937151296,-0.11655756940092,0.));
#3182=DIRECTION('',(-0.999999839129306,0.00056722249814995,0.));
#3183=DIRECTION('',(0.,0.,-1.));
#3184=DIRECTION('',(-0.993052913274739,0.117668651035669,0.));
#3185=DIRECTION('',(0.000796556636475011,-0.999999682748712,0.));
#3186=DIRECTION('',(0.,0.,-1.));
#3187=DIRECTION('',(0.119156411297223,0.992875495541494,0.));
#3188=DIRECTION('',(-0.00344669978070695,0.0135220464029664,0.999902632520636));
#3189=DIRECTION('',(0.,-0.999908571864893,0.0135221267228757));
#3190=DIRECTION('',(0.00344669978070695,-0.0135220464029665,-0.999902632520636));
#3191=DIRECTION('',(0.00344669978070695,-0.0135220464029664,-0.999902632520636));
#3192=DIRECTION('',(-0.999994009636279,-0.000364309272882333,-0.00344208807426822));
#3193=DIRECTION('',(-0.000370352175103904,0.999998391199231,0.00175511772157655));
#3194=DIRECTION('',(0.00342913681716615,0.0310077333941203,-0.999513262288424));
#3195=DIRECTION('',(0.00342913681716615,0.0310077333941203,-0.999513262288424));
#3196=DIRECTION('',(0.,0.999519138968138,0.0310079157053759));
#3197=DIRECTION('',(0.00342913681716615,0.0310077333941203,-0.999513262288424));
#3198=DIRECTION('',(-0.000714808088751427,0.999518959618916,0.0310054577730603));
#3199=DIRECTION('',(0.999998874594338,0.00075536117503204,-0.00129624054566028));
#3200=DIRECTION('',(0.00342913912546301,-0.0310028333984814,0.999513414280231));
#3201=DIRECTION('',(0.00342913912546301,-0.0310028333984814,0.999513414280231));
#3202=DIRECTION('',(0.,-0.99951929096875,-0.0310030156811727));
#3203=DIRECTION('',(0.00342913912546301,-0.0310028333984814,0.999513414280231));
#3204=DIRECTION('',(0.999994009636279,-0.000364309272882333,-0.00344208807426822));
#3205=DIRECTION('',(0.000370352175103904,0.999998391199231,0.00175511772157655));
#3206=DIRECTION('',(0.00344669932813157,0.0135206221406559,0.999902651781998));
#3207=DIRECTION('',(-0.00344669932813157,-0.0135206221406559,-0.999902651781998));
#3208=DIRECTION('',(0.,0.99990859112481,-0.013520702452084));
#3209=DIRECTION('',(0.00344669932813157,0.0135206221406559,0.999902651781998));
#3210=DIRECTION('',(0.000206631372205938,0.999908560148795,-0.0135214142987778));
#3211=DIRECTION('',(0.999999978296251,-0.000206251946175927,2.94555868052974E-5));
#3212=DIRECTION('',(0.,-0.999847695156391,0.0174524064372835));
#3213=DIRECTION('',(0.,-0.0174524064372835,-0.999847695156391));
#3214=DIRECTION('',(-4.09680959870236E-14,-0.0174524064372835,-0.999847695156391));
#3215=DIRECTION('',(-1.,0.,0.));
#3216=DIRECTION('',(0.,-0.0174524064372835,-0.999847695156391));
#3217=DIRECTION('',(-1.,0.,0.));
#3218=DIRECTION('',(0.,0.,1.));
#3219=DIRECTION('',(1.,0.,0.));
#3220=DIRECTION('',(0.,0.0174524064372835,-0.999847695156391));
#3221=DIRECTION('',(0.,0.,1.));
#3222=DIRECTION('',(1.,0.,0.));
#3223=DIRECTION('',(0.,0.,1.));
#3224=DIRECTION('',(1.,0.,0.));
#3225=DIRECTION('',(0.,0.999847695156391,0.0174524064372835));
#3226=DIRECTION('',(0.,-0.0174524064372835,0.999847695156391));
#3227=DIRECTION('',(-5.36752278840559E-14,0.0174524064372835,-0.999847695156391));
#3228=DIRECTION('',(1.,0.,0.));
#3229=DIRECTION('',(1.,0.,0.));
#3230=DIRECTION('',(0.,0.,1.));
#3231=DIRECTION('',(1.,0.,0.));
#3232=DIRECTION('',(0.,0.,1.));
#3233=DIRECTION('',(1.,0.,0.));
#3234=DIRECTION('',(0.,0.,1.));
#3235=DIRECTION('',(1.,0.,0.));
#3236=DIRECTION('',(0.,0.,1.));
#3237=DIRECTION('',(1.,0.,0.));
#3238=DIRECTION('',(0.,0.,1.));
#3239=DIRECTION('',(1.,0.,0.));
#3240=DIRECTION('',(0.,0.,1.));
#3241=DIRECTION('',(1.,0.,0.));
#3242=DIRECTION('',(0.,0.,-1.));
#3243=DIRECTION('',(1.,0.,0.));
#3244=DIRECTION('',(0.,0.,-1.));
#3245=DIRECTION('',(-1.,0.,0.));
#3246=DIRECTION('',(0.,0.,1.));
#3247=DIRECTION('',(1.,0.,0.));
#3248=DIRECTION('',(0.,0.,-1.));
#3249=DIRECTION('',(-1.,0.,0.));
#3250=DIRECTION('',(0.,0.,-1.));
#3251=DIRECTION('',(-1.,0.,0.));
#3252=DIRECTION('',(0.,0.,-1.));
#3253=DIRECTION('',(-1.,0.,0.));
#3254=DIRECTION('',(0.,0.,-1.));
#3255=DIRECTION('',(1.,0.,0.));
#3256=DIRECTION('',(0.,0.,-1.));
#3257=DIRECTION('',(-1.,0.,0.));
#3258=DIRECTION('',(0.,0.,-1.));
#3259=DIRECTION('',(-1.,0.,0.));
#3260=DIRECTION('',(0.999999839129306,-0.000567222498148569,0.));
#3261=DIRECTION('',(0.000567222498148569,0.999999839129306,0.));
#3262=DIRECTION('',(0.000796556636471791,-0.999999682748712,0.));
#3263=DIRECTION('',(0.999999682748712,0.000796556636471791,0.));
#3264=DIRECTION('',(-0.000796556636475011,0.999999682748712,0.));
#3265=DIRECTION('',(-0.999999682748712,-0.000796556636475011,0.));
#3266=DIRECTION('',(0.000796556636471777,-0.999999682748712,0.));
#3267=DIRECTION('',(0.999999682748712,0.000796556636471777,0.));
#3268=DIRECTION('',(-0.999999839129306,0.000567222498149949,0.));
#3269=DIRECTION('',(-0.00056722249814995,-0.999999839129306,0.));
#3270=DIRECTION('',(0.999999839129306,-0.000567222498148569,0.));
#3271=DIRECTION('',(0.000567222498148569,0.999999839129306,0.));
#3272=DIRECTION('',(0.999999932946451,0.000366206353736892,0.));
#3273=DIRECTION('',(-0.000366206353736892,0.999999932946451,0.));
#3274=DIRECTION('',(-0.000796556636471777,-0.999999682748712,1.38180549723271E-17));
#3275=DIRECTION('',(0.999999682748712,-0.000796556636471777,0.));
#3276=DIRECTION('',(-0.999999932946451,-0.000366206353728052,0.));
#3277=DIRECTION('',(0.000366206353728052,-0.999999932946451,0.));
#3278=DIRECTION('',(0.999999932946451,0.000366206353736892,0.));
#3279=DIRECTION('',(-0.000366206353736892,0.999999932946451,0.));
#3280=DIRECTION('',(-0.000796556636475011,-0.999999682748712,0.));
#3281=DIRECTION('',(0.999999682748712,-0.000796556636475011,0.));
#3282=DIRECTION('',(-0.000796556636471777,-0.999999682748712,1.38180549723271E-17));
#3283=DIRECTION('',(0.999999682748712,-0.000796556636471777,0.));
#3284=DIRECTION('',(1.,0.,0.));
#3285=DIRECTION('',(0.,0.,-1.));
#3286=DIRECTION('',(-1.,0.,0.));
#3287=DIRECTION('',(0.,0.,1.));
#3288=DIRECTION('',(1.,4.09684488553847E-14,2.34708086299662E-12));
#3289=DIRECTION('',(2.34708086299662E-12,0.,-1.));
#3290=DIRECTION('',(0.,0.,-1.));
#3291=DIRECTION('',(-1.,0.,0.));
#3292=DIRECTION('',(-1.,0.,0.));
#3293=DIRECTION('',(0.,0.,1.));
#3294=DIRECTION('',(0.,0.,-1.));
#3295=DIRECTION('',(-1.,0.,0.));
#3296=DIRECTION('',(1.,0.,0.));
#3297=DIRECTION('',(0.,0.,-1.));
#3298=DIRECTION('',(-1.,0.,0.));
#3299=DIRECTION('',(0.,0.,1.));
#3300=DIRECTION('',(0.,0.,1.));
#3301=DIRECTION('',(1.,0.,0.));
#3302=DIRECTION('',(0.,0.,-1.));
#3303=DIRECTION('',(-1.,0.,0.));
#3304=DIRECTION('',(0.,0.,-1.));
#3305=DIRECTION('',(-1.,0.,0.));
#3306=DIRECTION('',(0.,0.,-1.));
#3307=DIRECTION('',(-1.,0.,0.));
#3308=DIRECTION('',(0.,0.,1.));
#3309=DIRECTION('',(1.,0.,0.));
#3310=DIRECTION('',(0.,0.,-1.));
#3311=DIRECTION('',(-1.,0.,0.));
#3312=DIRECTION('',(0.,0.,-1.));
#3313=DIRECTION('',(-1.,0.,0.));
#3314=DIRECTION('',(0.,0.,1.));
#3315=DIRECTION('',(1.,0.,0.));
#3316=DIRECTION('',(0.,0.,1.));
#3317=DIRECTION('',(1.,0.,0.));
#3318=DIRECTION('',(0.,0.,1.));
#3319=DIRECTION('',(1.,0.,0.));
#3320=DIRECTION('',(0.,0.,-1.));
#3321=DIRECTION('',(-1.,0.,0.));
#3322=DIRECTION('',(-1.,0.,0.));
#3323=DIRECTION('',(0.,0.,1.));
#3324=DIRECTION('',(-1.,0.,0.));
#3325=DIRECTION('',(0.,0.,1.));
#3326=DIRECTION('',(1.,-4.4839205232826E-14,2.56883634734232E-12));
#3327=DIRECTION('',(2.56883634734232E-12,0.,-1.));
#3328=DIRECTION('',(0.,0.,-1.));
#3329=DIRECTION('',(-1.,0.,0.));
#3330=DIRECTION('',(-1.,0.,0.));
#3331=DIRECTION('',(0.,0.,1.));
#3332=DIRECTION('',(0.,0.,-1.));
#3333=DIRECTION('',(-1.,0.,0.));
#3334=DIRECTION('',(1.,0.,0.));
#3335=DIRECTION('',(0.,0.,-1.));
#3336=DIRECTION('',(1.,0.,0.));
#3337=DIRECTION('',(0.,0.,-1.));
#3338=DIRECTION('',(0.,0.,-1.));
#3339=DIRECTION('',(-1.,0.,0.));
#3340=DIRECTION('',(0.,0.,-1.));
#3341=DIRECTION('',(-1.,0.,0.));
#3342=DIRECTION('',(0.,0.,1.));
#3343=DIRECTION('',(1.,0.,0.));
#3344=DIRECTION('',(0.,0.,-1.));
#3345=DIRECTION('',(-1.,0.,0.));
#3346=DIRECTION('',(1.,-2.50922599440411E-12,0.));
#3347=DIRECTION('',(2.50922599440411E-12,1.,0.));
#3348=DIRECTION('',(1.,3.02159495145602E-12,3.07479736116889E-12));
#3349=DIRECTION('',(3.07479736116889E-12,0.,-1.));
#3350=DIRECTION('',(-1.,0.,0.));
#3351=DIRECTION('',(0.,0.,1.));
#3352=DIRECTION('',(1.,0.,0.));
#3353=DIRECTION('',(0.,0.,-1.));
#3354=DIRECTION('',(1.,0.,0.));
#3355=DIRECTION('',(0.,0.,-1.));
#3356=DIRECTION('',(1.,-2.34657089537187E-12,0.));
#3357=DIRECTION('',(2.34657089537187E-12,1.,0.));
#3358=DIRECTION('',(0.,0.,-1.));
#3359=DIRECTION('',(-1.,0.,0.));
#3360=DIRECTION('',(-1.,0.,0.));
#3361=DIRECTION('',(0.,0.,1.));
#3362=DIRECTION('',(-1.,0.,0.));
#3363=DIRECTION('',(0.,0.,1.));
#3364=DIRECTION('',(1.,-4.15967528566745E-14,2.38307637512314E-12));
#3365=DIRECTION('',(2.38307637512314E-12,0.,-1.));
#3366=DIRECTION('',(0.,0.,-1.));
#3367=DIRECTION('',(-1.,0.,0.));
#3368=DIRECTION('',(-1.,9.48243831733376E-13,-9.64939933512101E-13));
#3369=DIRECTION('',(-9.64939933512101E-13,0.,1.));
#3370=DIRECTION('',(0.,0.,-1.));
#3371=DIRECTION('',(-1.,0.,0.));
#3372=DIRECTION('',(1.,0.,0.));
#3373=DIRECTION('',(0.,0.,-1.));
#3374=DIRECTION('',(1.,0.,0.));
#3375=DIRECTION('',(0.,0.,-1.));
#3376=CARTESIAN_POINT('',(0.,0.,0.));
#3377=CARTESIAN_POINT('',(4.08703316395887,-2.75418021518244,-5.4));
#3378=CARTESIAN_POINT('',(-2.8,-0.799999999999999,-5.4));
#3379=CARTESIAN_POINT('',(-2.79999999999537,1.39709128094547,-5.4));
#3380=CARTESIAN_POINT('',(-2.79999999999478,-2.99709128094547,-5.4));
#3381=CARTESIAN_POINT('',(2.8,-2.99709128094547,-5.4));
#3382=CARTESIAN_POINT('',(2.8,-2.99709128094547,-5.4));
#3383=CARTESIAN_POINT('',(2.8,-0.799999999999999,-5.4));
#3384=CARTESIAN_POINT('',(2.80000000000516,1.39709128094547,-5.4));
#3385=CARTESIAN_POINT('',(-2.79999999999537,1.39709128094547,-5.4));
#3386=CARTESIAN_POINT('',(0.0370428452564093,-16.4308906726641,-5.4));
#3387=CARTESIAN_POINT('',(-18.6372258694521,-16.4270316300244,-5.4));
#3388=CARTESIAN_POINT('',(18.6364848026657,-16.4347342523344,-5.4));
#3389=CARTESIAN_POINT('',(-18.6367700371658,-14.6268671174384,-5.4));
#3390=CARTESIAN_POINT('',(-20.436780611507,-14.626295139413,-5.4));
#3391=CARTESIAN_POINT('',(-20.4317879628333,-0.921953423275881,-5.4));
#3392=CARTESIAN_POINT('',(-20.4267745438039,12.8394009268714,-5.4));
#3393=CARTESIAN_POINT('',(-18.6267640699975,12.8385529905988,-5.4));
#3394=CARTESIAN_POINT('',(-18.6282421973762,14.639418222919,-5.4));
#3395=CARTESIAN_POINT('',(-0.209304507142687,14.6525905649947,-5.4));
#3396=CARTESIAN_POINT('',(18.6256591821959,14.6660604289396,-5.4));
#3397=CARTESIAN_POINT('',(18.6267543640364,12.8651949227551,-5.4));
#3398=CARTESIAN_POINT('',(20.4267648378317,12.8660428894309,-5.4));
#3399=CARTESIAN_POINT('',(20.4317879628333,-0.921953423275881,-5.4));
#3400=CARTESIAN_POINT('',(20.4367834176511,-14.6339977358757,-5.4));
#3401=CARTESIAN_POINT('',(18.6367728433067,-14.6345697050743,-5.4));
#3402=CARTESIAN_POINT('',(22.5895201016784,-23.755894046707,-5.23045677715565));
#3403=CARTESIAN_POINT('',(22.5883555590108,-23.9642904334578,-5.23062462238841));
#3404=CARTESIAN_POINT('',(22.6181076935796,-23.9557217267635,-5.43671156058837));
#3405=CARTESIAN_POINT('',(7.63279063550176,-23.6704701508556,-7.38616631746503));
#3406=CARTESIAN_POINT('',(7.6282201470513,-23.8789595792466,-7.3867115885056));
#3407=CARTESIAN_POINT('',(7.64248750494294,-23.8702978308688,-7.59514381581324));
#3408=CARTESIAN_POINT('',(-7.63293901806703,-23.6747894726833,-7.38615918922366));
#3409=CARTESIAN_POINT('',(-7.62783406486036,-23.8832679853413,-7.38677026214809));
#3410=CARTESIAN_POINT('',(-7.64252314606769,-23.8746171527543,-7.59513667925097));
#3411=CARTESIAN_POINT('',(-22.5896664713687,-23.7686771533868,-5.2304356808604));
#3412=CARTESIAN_POINT('',(-22.5883866537056,-23.9770560342531,-5.23062014186843));
#3413=CARTESIAN_POINT('',(-22.6181413190924,-23.9685048334432,-5.43669043764797));
#3414=CARTESIAN_POINT('',(22.6180512290565,-23.755894046707,-5.42841125366609));
#3415=CARTESIAN_POINT('',(22.6181076935796,-23.9557217267635,-5.43671156058835));
#3416=CARTESIAN_POINT('',(22.5895201016784,-23.755894046707,-5.23045677715565));
#3417=CARTESIAN_POINT('',(0.,-30.2806712714364,151.5));
#3418=CARTESIAN_POINT('',(-22.5896664713686,-23.7686771533868,-5.23043568086038));
#3419=CARTESIAN_POINT('',(-22.6181977836153,-23.7686771533868,-5.42839013072569));
#3420=CARTESIAN_POINT('',(-22.6181413190923,-23.9685048334432,-5.43669043764795));
#3421=CARTESIAN_POINT('',(5.64645230448468E-5,-30.4804989514928,151.491699693078));
#3422=CARTESIAN_POINT('',(0.0968433151986283,16.7104559531792,-3.1));
#3423=CARTESIAN_POINT('',(-20.2300528367789,16.7091531836292,-3.1));
#3424=CARTESIAN_POINT('',(-20.2300400191294,16.5091615353548,-3.10182769149155));
#3425=CARTESIAN_POINT('',(-20.2300528367789,16.7091531836292,-2.9));
#3426=CARTESIAN_POINT('',(-0.00107098815502559,16.7104496777611,-2.9));
#3427=CARTESIAN_POINT('',(20.2297295190446,16.7117462884525,-2.9));
#3428=CARTESIAN_POINT('',(20.2297295190446,16.7117462884525,-3.1));
#3429=CARTESIAN_POINT('',(20.229742336694,16.5117546401781,-3.10182769149155));
#3430=CARTESIAN_POINT('',(0.0968561328480954,16.5104643049048,-3.10182769149155));
#3431=CARTESIAN_POINT('',(-22.5896664713686,-23.7686771533868,-5.23043568086038));
#3432=CARTESIAN_POINT('',(-22.5883866537055,-23.9770560342531,-5.2306201418684));
#3433=CARTESIAN_POINT('',(-22.6181413190923,-23.9685048334432,-5.43669043764795));
#3434=CARTESIAN_POINT('',(-22.6425718794187,-23.769008434546,-5.22281038767982));
#3435=CARTESIAN_POINT('',(-22.7554405691738,-23.990646830232,-5.20654299764609));
#3436=CARTESIAN_POINT('',(-22.7774501219101,-23.969014463332,-5.42550496418832));
#3437=CARTESIAN_POINT('',(-22.6901162027046,-23.7209774541976,-5.21592493247316));
#3438=CARTESIAN_POINT('',(-22.9181560926822,-23.8395597418843,-5.18290819870619));
#3439=CARTESIAN_POINT('',(-22.9204856257778,-23.8246451722535,-5.41141702233283));
#3440=CARTESIAN_POINT('',(-22.6892689879325,-23.6674549379198,-5.21604759179332));
#3441=CARTESIAN_POINT('',(-22.9101657937995,-23.6638781105125,-5.18406626554173));
#3442=CARTESIAN_POINT('',(-22.9177844226801,-23.6642695542582,-5.40716445251587));
#3443=CARTESIAN_POINT('',(-22.717926100641,-23.6674549379195,-5.4139838691434));
#3444=CARTESIAN_POINT('',(-22.6892689879313,-23.6674549379195,-5.21604759179349));
#3445=CARTESIAN_POINT('',(-22.9177844226789,-23.6642695542573,-5.40716445251601));
#3446=CARTESIAN_POINT('',(-22.6181413190923,-23.9685048334432,-5.43669043764795));
#3447=CARTESIAN_POINT('',(-22.7780327797283,-23.9690163286501,-5.42546402079865));
#3448=CARTESIAN_POINT('',(-22.9204828304764,-23.8244793385125,-5.41141256153785));
#3449=CARTESIAN_POINT('',(-22.9177844226789,-23.6642695542573,-5.40716445251601));
#3450=CARTESIAN_POINT('',(-22.6892689879313,-23.6674549379195,-5.21604759179351));
#3451=CARTESIAN_POINT('',(-22.6901162308132,-23.7209429865317,-5.21592492840364));
#3452=CARTESIAN_POINT('',(-22.6426065338985,-23.7690094733879,-5.22280539290557));
#3453=CARTESIAN_POINT('',(-22.5896664713686,-23.7686771533868,-5.23043568086036));
#3454=CARTESIAN_POINT('',(-20.2300528367789,16.7091531836292,-2.9));
#3455=CARTESIAN_POINT('',(-20.2300399009156,16.5073170645673,-2.9));
#3456=CARTESIAN_POINT('',(-20.2300400191294,16.5091615353548,-3.10182769149155));
#3457=CARTESIAN_POINT('',(-20.8003627465498,16.709116631925,-2.9));
#3458=CARTESIAN_POINT('',(-20.7503952659465,16.505500191149,-2.89999999999993));
#3459=CARTESIAN_POINT('',(-20.7485633469514,16.5091443807178,-3.10358699613172));
#3460=CARTESIAN_POINT('',(-21.936469542961,16.2426667083033,-2.9));
#3461=CARTESIAN_POINT('',(-21.7795205261719,16.0757673734481,-2.90000000000363));
#3462=CARTESIAN_POINT('',(-21.7814936362398,16.0851274817862,-3.10670478701083));
#3463=CARTESIAN_POINT('',(-22.421135293565,15.1147156651946,-2.9));
#3464=CARTESIAN_POINT('',(-22.2146059953337,15.0583686950168,-2.8999999999928));
#3465=CARTESIAN_POINT('',(-22.22211787036,15.0597225537363,-3.10726419623296));
#3466=CARTESIAN_POINT('',(-22.4302189522447,14.5447859576291,-2.9));
#3467=CARTESIAN_POINT('',(-22.2233054844948,14.5414881275816,-2.9));
#3468=CARTESIAN_POINT('',(-22.2303606302068,14.5416005739669,-3.10681941662739));
#3469=CARTESIAN_POINT('',(-22.4302189522447,14.5447859576291,-3.1));
#3470=CARTESIAN_POINT('',(-22.2303606302068,14.5416005739669,-3.10681941662739));
#3471=CARTESIAN_POINT('',(-22.4302189522447,14.5447859576291,-2.9));
#3472=CARTESIAN_POINT('',(-20.2292287759206,14.5090613636262,-2.9));
#3473=CARTESIAN_POINT('',(-20.2292287759206,14.5090613636262,-3.1));
#3474=CARTESIAN_POINT('',(0.,0.,-2.9));
#3475=CARTESIAN_POINT('',(24.6624776313402,-17.8507734901278,-2.9));
#3476=CARTESIAN_POINT('',(24.76261486594,-17.8510239530804,-2.9));
#3477=CARTESIAN_POINT('',(24.662754501715,-17.9508879346647,-2.9));
#3478=CARTESIAN_POINT('',(22.9514376528021,-17.9513381565733,-2.9));
#3479=CARTESIAN_POINT('',(22.9481489765647,-17.951339021775,-2.9));
#3480=CARTESIAN_POINT('',(22.6562814915668,0.361100544491544,-2.9));
#3481=CARTESIAN_POINT('',(22.4301776189873,14.5473793015839,-2.9));
#3482=CARTESIAN_POINT('',(20.2291874478701,14.5116543808928,-2.9));
#3483=CARTESIAN_POINT('',(-22.6562814915668,0.361100544491544,-2.9));
#3484=CARTESIAN_POINT('',(-22.9483414253557,-17.9634137030491,-2.9));
#3485=CARTESIAN_POINT('',(-24.6736873239116,-17.9638676157912,-2.9));
#3486=CARTESIAN_POINT('',(-24.6627019448883,-17.963864725702,-2.9));
#3487=CARTESIAN_POINT('',(-24.6624776313403,-17.8637501493112,-2.9));
#3488=CARTESIAN_POINT('',(-24.7626148659401,-17.8640007565823,-2.9));
#3489=CARTESIAN_POINT('',(-24.76261486594,15.6767970541099,-2.9));
#3490=CARTESIAN_POINT('',(-24.76261486594,15.6657669360046,-2.9));
#3491=CARTESIAN_POINT('',(-22.4594584701448,15.6594584701449,-2.9));
#3492=CARTESIAN_POINT('',(-22.4657669360045,17.9626148659401,-2.9));
#3493=CARTESIAN_POINT('',(22.4767970541099,17.96261486594,-2.9));
#3494=CARTESIAN_POINT('',(22.4657669360046,17.96261486594,-2.9));
#3495=CARTESIAN_POINT('',(22.4594584701449,15.6594584701448,-2.9));
#3496=CARTESIAN_POINT('',(24.7626148659401,15.6657669360045,-2.9));
#3497=CARTESIAN_POINT('',(24.76261486594,-17.8610962318584,-2.9));
#3498=CARTESIAN_POINT('',(22.4301776189873,14.5473793015839,-2.9));
#3499=CARTESIAN_POINT('',(22.2232641512374,14.5440814715364,-2.9));
#3500=CARTESIAN_POINT('',(22.2303192969494,14.5441939179217,-3.10681941662739));
#3501=CARTESIAN_POINT('',(22.4210932114016,15.1173559971843,-2.9));
#3502=CARTESIAN_POINT('',(22.2145637051332,15.0610050046818,-2.89999999999995));
#3503=CARTESIAN_POINT('',(22.2220758651531,15.0623586184203,-3.10726445830959));
#3504=CARTESIAN_POINT('',(21.9363451210348,16.2453977169065,-2.9));
#3505=CARTESIAN_POINT('',(21.7794041108236,16.0784847058776,-2.90000000000021));
#3506=CARTESIAN_POINT('',(21.7813767859259,16.0878459797887,-3.10670531945538));
#3507=CARTESIAN_POINT('',(20.8000864481943,16.7117828431395,-2.9));
#3508=CARTESIAN_POINT('',(20.750141219745,16.508159793185,-2.89999999999965));
#3509=CARTESIAN_POINT('',(20.7483084161475,16.511803955405,-3.10358719811665));
#3510=CARTESIAN_POINT('',(20.2297295190446,16.7117462884525,-2.9));
#3511=CARTESIAN_POINT('',(20.2297424549079,16.5099101693906,-2.9));
#3512=CARTESIAN_POINT('',(20.229742336694,16.5117546401781,-3.10182769149155));
#3513=CARTESIAN_POINT('',(22.4301776189873,14.5473793015839,-3.1));
#3514=CARTESIAN_POINT('',(22.2303192969494,14.5441939179217,-3.10681941662739));
#3515=CARTESIAN_POINT('',(20.2291874478701,14.5116543808928,-3.1));
#3516=CARTESIAN_POINT('',(0.0546196706539478,-23.8724750417004,-7.59434605600311));
#3517=CARTESIAN_POINT('',(22.6650223232865,-23.8974669245334,-6.83886127367696));
#3518=CARTESIAN_POINT('',(22.6937970669152,-23.8617367693604,-7.69885950397804));
#3519=CARTESIAN_POINT('',(-22.6649525935872,-23.910405347368,-6.83573854513859));
#3520=CARTESIAN_POINT('',(-22.6938313786186,-23.8745626452219,-7.69883851369789));
#3521=CARTESIAN_POINT('',(5.64645230448468E-5,-30.4804989514928,151.491699693078));
#3522=CARTESIAN_POINT('',(22.6890665020176,-23.6546716187776,-5.21607690746663));
#3523=CARTESIAN_POINT('',(22.9099630621155,-23.6510947965271,-5.18409590819055));
#3524=CARTESIAN_POINT('',(22.9175816810205,-23.6514862351154,-5.40719380521558));
#3525=CARTESIAN_POINT('',(22.6899130699656,-23.7081699288995,-5.21595434291008));
#3526=CARTESIAN_POINT('',(22.9179510602784,-23.826696510471,-5.18293818593914));
#3527=CARTESIAN_POINT('',(22.9202817292214,-23.8117891404222,-5.41144649263302));
#3528=CARTESIAN_POINT('',(22.6424036366025,-23.7561955029481,-5.2228346869775));
#3529=CARTESIAN_POINT('',(22.7553545146513,-23.9777801969283,-5.20655551842095));
#3530=CARTESIAN_POINT('',(22.7773505449384,-23.9561412528776,-5.42552829924773));
#3531=CARTESIAN_POINT('',(22.5895201016788,-23.7558940467089,-5.23045677715558));
#3532=CARTESIAN_POINT('',(22.5883555590122,-23.9642904334598,-5.2306246223882));
#3533=CARTESIAN_POINT('',(22.618107693581,-23.9557217267654,-5.43671156058827));
#3534=CARTESIAN_POINT('',(22.7177233589826,-23.6546716187776,-5.41401322184297));
#3535=CARTESIAN_POINT('',(22.9175816810205,-23.6514862351154,-5.40719380521558));
#3536=CARTESIAN_POINT('',(22.6890665020176,-23.6546716187776,-5.21607690746665));
#3537=CARTESIAN_POINT('',(22.5895201016784,-23.755894046707,-5.23045677715565));
#3538=CARTESIAN_POINT('',(22.6424380241314,-23.7561962822398,-5.22282973071188));
#3539=CARTESIAN_POINT('',(22.6899133603498,-23.708135387644,-5.2159543008688));
#3540=CARTESIAN_POINT('',(22.6890665020176,-23.6546716187776,-5.21607690746664));
#3541=CARTESIAN_POINT('',(22.9175816810205,-23.6514862351154,-5.40719380521558));
#3542=CARTESIAN_POINT('',(22.9202789508496,-23.8116243751088,-5.41144202891068));
#3543=CARTESIAN_POINT('',(22.7779283866562,-23.9561427761929,-5.42548769492357));
#3544=CARTESIAN_POINT('',(22.6181076935796,-23.9557217267635,-5.43671156058835));
#3545=CARTESIAN_POINT('',(0.,6.9,151.5));
#3546=CARTESIAN_POINT('',(0.,1065.77894399593,151.5));
#3547=CARTESIAN_POINT('',(22.6068372917118,-18.46343319304,-5.22795987846603));
#3548=CARTESIAN_POINT('',(0.,-10.9761952776799,151.5));
#3549=CARTESIAN_POINT('',(-22.6070254531324,-18.4753119637594,-5.22793273747154));
#3550=CARTESIAN_POINT('',(0.,1065.77894399593,151.5));
#3551=CARTESIAN_POINT('',(-22.4657669360045,17.9626148659401,-2.9));
#3552=CARTESIAN_POINT('',(-22.4657669360045,18.1733708909963,-2.9));
#3553=CARTESIAN_POINT('',(-22.4657669360045,18.162340772891,-2.68953280875141));
#3554=CARTESIAN_POINT('',(-23.0676782380582,17.9626148659286,-2.9));
#3555=CARTESIAN_POINT('',(-23.1275205120112,18.176274438114,-2.90000000000023));
#3556=CARTESIAN_POINT('',(-23.1198753805736,18.1621978021869,-2.68680476520365));
#3557=CARTESIAN_POINT('',(-24.2653831080991,17.4653831080997,-2.9));
#3558=CARTESIAN_POINT('',(-24.4348614657515,17.6348614657451,-2.89999999999953));
#3559=CARTESIAN_POINT('',(-24.4215621182991,17.6215621182992,-2.68363000980961));
#3560=CARTESIAN_POINT('',(-24.7626148659254,16.2676782380541,-2.9));
#3561=CARTESIAN_POINT('',(-24.9762744381096,16.3275205120145,-2.90000000000071));
#3562=CARTESIAN_POINT('',(-24.9621978021868,16.3198753805737,-2.68680476520349));
#3563=CARTESIAN_POINT('',(-24.76261486594,15.6657669360046,-2.9));
#3564=CARTESIAN_POINT('',(-24.9733708909962,15.6657669360046,-2.9));
#3565=CARTESIAN_POINT('',(-24.9623407728909,15.6657669360046,-2.68953280875141));
#3566=CARTESIAN_POINT('',(-22.4657669360045,17.9626148659401,-2.7));
#3567=CARTESIAN_POINT('',(-22.4657669360045,18.162340772891,-2.68953280875141));
#3568=CARTESIAN_POINT('',(-24.76261486594,15.6657669360046,-2.7));
#3569=CARTESIAN_POINT('',(-24.9623407728909,15.6657669360046,-2.68953280875141));
#3570=CARTESIAN_POINT('',(-22.4594584701448,15.6594584701449,-2.7));
#3571=CARTESIAN_POINT('',(3.04540618584863E-14,17.9626148659401,-2.7));
#3572=CARTESIAN_POINT('',(22.4657669360046,17.96261486594,-2.7));
#3573=CARTESIAN_POINT('',(22.4657669360046,18.162340772891,-2.68953280875141));
#3574=CARTESIAN_POINT('',(-22.4767970541098,18.162340772891,-2.68953280875141));
#3575=CARTESIAN_POINT('',(24.7626148659401,15.6657669360045,-2.9));
#3576=CARTESIAN_POINT('',(24.9733708909963,15.6657669360045,-2.9));
#3577=CARTESIAN_POINT('',(24.962340772891,15.6657669360045,-2.68953280875141));
#3578=CARTESIAN_POINT('',(24.7626148659276,16.2676782380582,-2.9));
#3579=CARTESIAN_POINT('',(24.9762744381139,16.3275205120142,-2.90000000000229));
#3580=CARTESIAN_POINT('',(24.9621978021869,16.3198753805736,-2.68680476520359));
#3581=CARTESIAN_POINT('',(24.2653831080987,17.4653831080976,-2.9));
#3582=CARTESIAN_POINT('',(24.4348614657499,17.6348614657432,-2.89999999999873));
#3583=CARTESIAN_POINT('',(24.4215621182977,17.6215621182992,-2.68363000980956));
#3584=CARTESIAN_POINT('',(23.0676782380572,17.9626148659286,-2.9));
#3585=CARTESIAN_POINT('',(23.1275205120121,18.1762744381139,-2.90000000000023));
#3586=CARTESIAN_POINT('',(23.1198753805769,18.1621978021868,-2.68680476520365));
#3587=CARTESIAN_POINT('',(22.4657669360046,17.96261486594,-2.9));
#3588=CARTESIAN_POINT('',(22.4657669360046,18.1733708909962,-2.9));
#3589=CARTESIAN_POINT('',(22.4657669360046,18.162340772891,-2.68953280875141));
#3590=CARTESIAN_POINT('',(24.7626148659401,15.6657669360045,-2.7));
#3591=CARTESIAN_POINT('',(24.962340772891,15.6657669360045,-2.68953280875141));
#3592=CARTESIAN_POINT('',(22.4594584701449,15.6594584701448,-2.7));
#3593=CARTESIAN_POINT('',(24.7626148659401,18.1,-2.7));
#3594=CARTESIAN_POINT('',(24.962340772891,15.6767970541098,-2.68953280875141));
#3595=CARTESIAN_POINT('',(24.9623407728909,-17.8510239530804,-2.68953280875141));
#3596=CARTESIAN_POINT('',(24.76261486594,-17.8510239530804,-2.7));
#3597=CARTESIAN_POINT('',(24.662754501715,-17.9508879346647,-2.9));
#3598=CARTESIAN_POINT('',(24.6628096977857,-18.1606910653117,-2.9));
#3599=CARTESIAN_POINT('',(24.6628070585418,-18.1506591618946,-2.69043684106515));
#3600=CARTESIAN_POINT('',(24.7150954846194,-17.9508741515054,-2.9));
#3601=CARTESIAN_POINT('',(24.8271454830226,-18.1664693443447,-2.89999999999999));
#3602=CARTESIAN_POINT('',(24.8195440000726,-18.150356680666,-2.68497949686288));
#3603=CARTESIAN_POINT('',(24.7626148529001,-17.9033530626556,-2.9));
#3604=CARTESIAN_POINT('',(24.9787071149266,-18.0157046760372,-2.89999999999996));
#3605=CARTESIAN_POINT('',(24.9620795985506,-18.0077727875612,-2.68454930546536));
#3606=CARTESIAN_POINT('',(24.76261486594,-17.8510239530804,-2.9));
#3607=CARTESIAN_POINT('',(24.9733708909962,-17.8510239530804,-2.9));
#3608=CARTESIAN_POINT('',(24.9623407728909,-17.8510239530804,-2.68953280875141));
#3609=CARTESIAN_POINT('',(24.6624776313402,-17.8507734901278,-2.7));
#3610=CARTESIAN_POINT('',(24.6628070585418,-18.1506591618946,-2.69043684106515));
#3611=CARTESIAN_POINT('',(24.662754501715,-17.9508879346647,-2.7));
#3612=CARTESIAN_POINT('',(0.0047243172382856,-17.9573750941995,-2.7));
#3613=CARTESIAN_POINT('',(24.6737871590771,-18.1506562731942,-2.69043684106515));
#3614=CARTESIAN_POINT('',(22.9482015333915,-18.1511102490049,-2.69043684106515));
#3615=CARTESIAN_POINT('',(22.9481489765647,-17.951339021775,-2.7));
#3616=CARTESIAN_POINT('',(22.7485063854298,-17.9680598601423,-3.10681941662739));
#3617=CARTESIAN_POINT('',(22.7514006665759,-18.1706255464616,-3.09702338010402));
#3618=CARTESIAN_POINT('',(22.5487006202187,-18.1710164710344,-3.10407567431993));
#3619=CARTESIAN_POINT('',(22.7446936875556,-17.9577659601421,-2.99988807359207));
#3620=CARTESIAN_POINT('',(22.7529763071663,-18.1654908756826,-2.98977046514749));
#3621=CARTESIAN_POINT('',(22.5412402182432,-18.1607807089044,-2.89021298822105));
#3622=CARTESIAN_POINT('',(22.8411155519258,-17.9496902564384,-2.9));
#3623=CARTESIAN_POINT('',(22.8460944350612,-18.1612535988232,-2.90176690781405));
#3624=CARTESIAN_POINT('',(22.7341881382276,-18.1511665527734,-2.69043684190068));
#3625=CARTESIAN_POINT('',(22.9481489765647,-17.951339021775,-2.9));
#3626=CARTESIAN_POINT('',(22.9482041726354,-18.161142152422,-2.9));
#3627=CARTESIAN_POINT('',(22.9482015333915,-18.1511102490049,-2.69043684106515));
#3628=CARTESIAN_POINT('',(22.948506720453,-18.1702583895421,-3.09043684106515));
#3629=CARTESIAN_POINT('',(22.5487006202187,-18.1710164710344,-3.10407567431993));
#3630=CARTESIAN_POINT('',(22.5486480633919,-17.9712452438044,-3.11363883325478));
#3631=CARTESIAN_POINT('',(22.7485063854298,-17.9680598601422,-3.10681941662739));
#3632=CARTESIAN_POINT('',(22.9484541636262,-17.9704871623121,-3.1));
#3633=CARTESIAN_POINT('',(22.91451629709,-18.4612157750296,-5.18327110087522));
#3634=CARTESIAN_POINT('',(22.9131596745902,-18.2704623178624,-5.18346950334769));
#3635=CARTESIAN_POINT('',(22.8855221345833,-18.2614445477996,-4.99493937998579));
#3636=CARTESIAN_POINT('',(7.74571391200583,-18.571263202772,-7.40166855338034));
#3637=CARTESIAN_POINT('',(7.75023540850806,-18.3805997956708,-7.40087319370163));
#3638=CARTESIAN_POINT('',(7.73587832520238,-18.3714919754934,-7.210534940253));
#3639=CARTESIAN_POINT('',(-7.74569314022224,-18.575333661581,-7.4016695659038));
#3640=CARTESIAN_POINT('',(-7.74995089647956,-18.3846800235067,-7.40092249861361));
#3641=CARTESIAN_POINT('',(-7.73596269337041,-18.3755624342712,-7.21053595213789));
#3642=CARTESIAN_POINT('',(-22.9144958152713,-18.4732576187825,-5.18327409628598));
#3643=CARTESIAN_POINT('',(-22.9132375523029,-18.2825180134434,-5.18345811376768));
#3644=CARTESIAN_POINT('',(-22.8856067922872,-18.2734863915525,-4.99494237161327));
#3645=CARTESIAN_POINT('',(22.6068372917117,-18.46343319304,-5.22795987846595));
#3646=CARTESIAN_POINT('',(22.604282490109,-18.3599042028382,-5.22832838951013));
#3647=CARTESIAN_POINT('',(22.6086358903757,-18.2683286329602,-5.13722394178935));
#3648=CARTESIAN_POINT('',(22.6160282708398,-18.2633908151831,-5.03411518830952));
#3649=CARTESIAN_POINT('',(22.6160282708399,-18.2633908151831,-5.03411518830952));
#3650=CARTESIAN_POINT('',(-5.25568267948501E-5,-10.77642405045,151.490436841065));
#3651=CARTESIAN_POINT('',(-22.6161129234231,-18.2752908576256,-5.03411814470837));
#3652=CARTESIAN_POINT('',(-22.6161129234231,-18.2752908576256,-5.03411814470836));
#3653=CARTESIAN_POINT('',(-22.6087242194185,-18.2802239745361,-5.13720993193434));
#3654=CARTESIAN_POINT('',(-22.6044180211233,-18.3718066749786,-5.22830884325407));
#3655=CARTESIAN_POINT('',(-22.6070254531324,-18.4753119637594,-5.22793273747147));
#3656=CARTESIAN_POINT('',(-22.9483414253557,-17.9634137030491,-2.9));
#3657=CARTESIAN_POINT('',(-22.9482862292849,-18.1732168336961,-2.9));
#3658=CARTESIAN_POINT('',(-22.9482888685289,-18.1631849302791,-2.69043684106515));
#3659=CARTESIAN_POINT('',(-22.8413062059513,-17.9616523297832,-2.9));
#3660=CARTESIAN_POINT('',(-22.8461585545079,-18.173277400457,-2.90182648878937));
#3661=CARTESIAN_POINT('',(-22.734273678603,-18.1631286261184,-2.69043684190056));
#3662=CARTESIAN_POINT('',(-22.7448827234695,-17.9696265096281,-2.99988807359258));
#3663=CARTESIAN_POINT('',(-22.7531736566478,-18.1774651519602,-2.98981825536109));
#3664=CARTESIAN_POINT('',(-22.5413241405053,-18.1726412583906,-2.890212988222));
#3665=CARTESIAN_POINT('',(-22.7486954839084,-17.9799243350856,-3.10681941662739));
#3666=CARTESIAN_POINT('',(-22.7515911564818,-18.1825962802355,-3.0970145249734));
#3667=CARTESIAN_POINT('',(-22.5487846050438,-18.1828809459777,-3.10407567431993));
#3668=CARTESIAN_POINT('',(-22.9483414253557,-17.9634137030491,-2.7));
#3669=CARTESIAN_POINT('',(-22.9482888685289,-18.1631849302791,-2.69043684106515));
#3670=CARTESIAN_POINT('',(-22.9486466149766,-17.9825620041672,-3.1));
#3671=CARTESIAN_POINT('',(-22.7486954839084,-17.9799243350856,-3.10681941662739));
#3672=CARTESIAN_POINT('',(-22.5488371618706,-17.9831097187478,-3.11363883325478));
#3673=CARTESIAN_POINT('',(-22.5487846050438,-18.1828809459777,-3.10407567431993));
#3674=CARTESIAN_POINT('',(-22.9485940581498,-18.1823332313972,-3.09043684106515));
#3675=CARTESIAN_POINT('',(0.0047243172382856,-17.9573750941995,-2.7));
#3676=CARTESIAN_POINT('',(-24.6627019448883,-17.963864725702,-2.7));
#3677=CARTESIAN_POINT('',(-24.6626493880615,-18.163635952932,-2.69043684106515));
#3678=CARTESIAN_POINT('',(-22.9516879649505,-18.1631858245306,-2.69043684106515));
#3679=CARTESIAN_POINT('',(-24.7626148659401,-17.8640007565823,-2.9));
#3680=CARTESIAN_POINT('',(-24.9733708909963,-17.8640007565823,-2.9));
#3681=CARTESIAN_POINT('',(-24.962340772891,-17.8640007565823,-2.68953280875141));
#3682=CARTESIAN_POINT('',(-24.7626148528959,-17.9163474504452,-2.9));
#3683=CARTESIAN_POINT('',(-24.9787120346066,-18.0287385209013,-2.89999999999963));
#3684=CARTESIAN_POINT('',(-24.9620793609333,-18.0208019893961,-2.68454477145407));
#3685=CARTESIAN_POINT('',(-24.7150605160769,-17.963878487428,-2.9));
#3686=CARTESIAN_POINT('',(-24.8270363449867,-18.179537427553,-2.89999999999999));
#3687=CARTESIAN_POINT('',(-24.8194388615296,-18.1634157430894,-2.68497505296224));
#3688=CARTESIAN_POINT('',(-24.6627019448883,-17.963864725702,-2.9));
#3689=CARTESIAN_POINT('',(-24.6626467488175,-18.173667856349,-2.9));
#3690=CARTESIAN_POINT('',(-24.6626493880615,-18.163635952932,-2.69043684106515));
#3691=CARTESIAN_POINT('',(-24.7626148659401,-17.8640007565823,-2.7));
#3692=CARTESIAN_POINT('',(-24.962340772891,-17.8640007565823,-2.68953280875141));
#3693=CARTESIAN_POINT('',(-24.6624776313403,-17.8637501493112,-2.7));
#3694=CARTESIAN_POINT('',(-24.7626148659401,8.19010173908224E-14,-2.7));
#3695=CARTESIAN_POINT('',(-24.962340772891,-17.874078839079,-2.68953280875141));
#3696=CARTESIAN_POINT('',(0.0968545823077553,16.5346571273968,-5.7490810648456));
#3697=CARTESIAN_POINT('',(-20.2964436243984,16.527018664915,-5.0562756543208));
#3698=CARTESIAN_POINT('',(-20.3827946605457,16.5502400191456,-7.59783354116124));
#3699=CARTESIAN_POINT('',(20.2963687213936,16.5296802560595,-5.06283669624254));
#3700=CARTESIAN_POINT('',(20.3824978463925,16.5528530218925,-7.59786828254292));
#3701=CARTESIAN_POINT('',(-1.28176494670278E-5,15.0975601682774,151.501827691492));
#3702=CARTESIAN_POINT('',(-22.6892689879313,-23.6674549379197,-5.21604759179347));
#3703=CARTESIAN_POINT('',(-22.9101657937983,-23.6638781105117,-5.18406626554189));
#3704=CARTESIAN_POINT('',(-22.9177844226789,-23.6642695542575,-5.40716445251599));
#3705=CARTESIAN_POINT('',(-22.6618555164422,-21.9367905369989,-5.22001650013481));
#3706=CARTESIAN_POINT('',(-22.8827217277236,-21.9333833176012,-5.18807904972187));
#3707=CARTESIAN_POINT('',(-22.8903363273125,-21.9336051533365,-5.41113837372241));
#3708=CARTESIAN_POINT('',(-22.6344410036068,-20.2060761325524,-5.22397821553943));
#3709=CARTESIAN_POINT('',(-22.855273939115,-20.2026695646793,-5.19208501347216));
#3710=CARTESIAN_POINT('',(-22.8628871892323,-20.2028907488902,-5.41510509275702));
#3711=CARTESIAN_POINT('',(-22.6070254531325,-18.4753119637677,-5.22793273747152));
#3712=CARTESIAN_POINT('',(-22.8278224338112,-18.4717372299519,-5.19608415199608));
#3713=CARTESIAN_POINT('',(-22.8354370122441,-18.4721265801055,-5.41906460942951));
#3714=CARTESIAN_POINT('',(-22.6355786902061,-18.4753119637594,-5.42588402605688));
#3715=CARTESIAN_POINT('',(-22.835437012244,-18.4721265800972,-5.41906460942954));
#3716=CARTESIAN_POINT('',(-0.199858322037855,1065.78212937959,151.506819416627));
#3717=CARTESIAN_POINT('',(-22.6650372903718,-23.6106638272833,-6.8232880847552));
#3718=CARTESIAN_POINT('',(-22.9495536093521,-23.6248394503207,-6.35664982695285));
#3719=CARTESIAN_POINT('',(-22.9934797207357,-23.5703208642705,-7.6694690924744));
#3720=CARTESIAN_POINT('',(-22.9934797207357,-23.5703208642705,-7.6694690924744));
#3721=CARTESIAN_POINT('',(-22.9961779180444,-23.7305154436932,-7.67371813490288));
#3722=CARTESIAN_POINT('',(-22.8537141822594,-23.8750706482993,-7.68769611004479));
#3723=CARTESIAN_POINT('',(-22.6938313786186,-23.8745626452219,-7.69883851369787));
#3724=CARTESIAN_POINT('',(-20.3079375212533,14.5302275677387,-5.4166234174946));
#3725=CARTESIAN_POINT('',(-22.3065207416318,14.5620814043605,-5.34842925122071));
#3726=CARTESIAN_POINT('',(-22.3746270230637,14.5803964143131,-7.35299184177738));
#3727=CARTESIAN_POINT('',(-20.3827946605457,16.5502400191456,-7.59783354116124));
#3728=CARTESIAN_POINT('',(-21.4232912116562,16.5490448877518,-7.47435560282733));
#3729=CARTESIAN_POINT('',(-22.3579679545347,15.62816935908,-7.35418040928621));
#3730=CARTESIAN_POINT('',(-22.3746270230637,14.5803964143131,-7.35299184177738));
#3731=CARTESIAN_POINT('',(-22.7034662505304,-2.59938012356089,-3.1));
#3732=CARTESIAN_POINT('',(-22.5036079284925,-2.60256550722308,-3.10681941662739));
#3733=CARTESIAN_POINT('',(-22.5220203034287,-17.9463028657186,-2.34490322599373));
#3734=CARTESIAN_POINT('',(-22.8059466062756,-18.0585030265938,-4.74798765468751));
#3735=CARTESIAN_POINT('',(-22.8160238022877,-18.0723342467334,-5.03686188701582));
#3736=CARTESIAN_POINT('',(-22.6161654802499,-18.0755196303956,-5.04368130364321));
#3737=CARTESIAN_POINT('',(-22.5219677466019,-18.1460740929486,-2.33534006705887));
#3738=CARTESIAN_POINT('',(-22.6070254531324,-18.4753119637594,-5.22793273747149));
#3739=CARTESIAN_POINT('',(-22.8278224338111,-18.4717372299436,-5.19608415199608));
#3740=CARTESIAN_POINT('',(-22.835437012244,-18.4721265800972,-5.41906460942948));
#3741=CARTESIAN_POINT('',(-22.6044383279235,-18.3726118496268,-5.22830591412499));
#3742=CARTESIAN_POINT('',(-22.826351384746,-18.3813284576765,-5.19520214525583));
#3743=CARTESIAN_POINT('',(-22.8321791248027,-18.2667136232546,-5.41953432106288));
#3744=CARTESIAN_POINT('',(-22.6086506311845,-18.2802731072796,-5.13823670312139));
#3745=CARTESIAN_POINT('',(-22.8227543839312,-18.2916053084153,-5.1316940891627));
#3746=CARTESIAN_POINT('',(-22.823176745098,-18.0821519576135,-5.24190904108408));
#3747=CARTESIAN_POINT('',(-22.6161129234231,-18.2752908576255,-5.03411814470834));
#3748=CARTESIAN_POINT('',(-22.8189194748611,-18.2750061918833,-5.02705699536181));
#3749=CARTESIAN_POINT('',(-22.8160238022877,-18.0723342467333,-5.03686188701577));
#3750=CARTESIAN_POINT('',(-22.835437012244,-18.4721265800972,-5.41906460942946));
#3751=CARTESIAN_POINT('',(-22.8321791316329,-18.2667135865942,-5.41953453836052));
#3752=CARTESIAN_POINT('',(-22.8231767438903,-18.0821518497484,-5.24190905607485));
#3753=CARTESIAN_POINT('',(-22.8160238022877,-18.0723342467333,-5.03686188701585));
#3754=CARTESIAN_POINT('',(-22.9934797207356,-23.5703208642699,-7.66946909247438));
#3755=CARTESIAN_POINT('',(-22.9996047655325,-23.5706310887188,-7.84883238092581));
#3756=CARTESIAN_POINT('',(-22.8219716740693,-23.5735062479321,-7.87426896744642));
#3757=CARTESIAN_POINT('',(-22.9569152749371,-21.2649738290638,-7.67470502393524));
#3758=CARTESIAN_POINT('',(-22.9630379560272,-21.2650458682512,-7.8541102960024));
#3759=CARTESIAN_POINT('',(-22.785361750103,-21.268159212726,-7.87951141124341));
#3760=CARTESIAN_POINT('',(-22.9203490250362,-18.9595405724299,-7.67992835658431));
#3761=CARTESIAN_POINT('',(-22.9264731088715,-18.9596118851329,-7.85937507891988));
#3762=CARTESIAN_POINT('',(-22.7487500197782,-18.9627259560922,-7.88474124051951));
#3763=CARTESIAN_POINT('',(-22.8837809796744,-16.6540216395654,-7.68513908901553));
#3764=CARTESIAN_POINT('',(-22.8899102393591,-16.65433008512,-7.86462673515525));
#3765=CARTESIAN_POINT('',(-22.7121364917878,-16.6572070232276,-7.88995845403302));
#3766=CARTESIAN_POINT('',(-22.6839226576365,-16.6572070232282,-7.69195850564298));
#3767=CARTESIAN_POINT('',(-22.8837809796744,-16.6540216395661,-7.68513908901556));
#3768=CARTESIAN_POINT('',(-22.7121364917879,-16.6572070232282,-7.88995845403304));
#3769=CARTESIAN_POINT('',(0.,1065.77894399593,151.5));
#3770=CARTESIAN_POINT('',(-22.8219716740693,-23.5735062479327,-7.87426896744644));
#3771=CARTESIAN_POINT('',(-22.7936213986978,-23.5735062479327,-7.67628850910178));
#3772=CARTESIAN_POINT('',(-0.199858322037855,1065.78212937959,151.506819416627));
#3773=CARTESIAN_POINT('',(-22.8219716740693,-23.5735062479327,-7.87426896744644));
#3774=CARTESIAN_POINT('',(-22.9996047655325,-23.5706310887194,-7.84883238092583));
#3775=CARTESIAN_POINT('',(-22.9934797207357,-23.5703208642705,-7.66946909247439));
#3776=CARTESIAN_POINT('',(-22.822820660731,-23.6270203084461,-7.87414739481322));
#3777=CARTESIAN_POINT('',(-22.9978711424795,-23.7190970423694,-7.84907967540471));
#3778=CARTESIAN_POINT('',(-22.9961805453784,-23.7306712457355,-7.67372235891213));
#3779=CARTESIAN_POINT('',(-22.7751576478507,-23.6750630562736,-7.88097460147842));
#3780=CARTESIAN_POINT('',(-22.870515398424,-23.8568574057323,-7.86738097282388));
#3781=CARTESIAN_POINT('',(-22.8531510170253,-23.8750688579415,-7.68773538141393));
#3782=CARTESIAN_POINT('',(-22.7221140718028,-23.6747349651673,-7.88853638862476));
#3783=CARTESIAN_POINT('',(-22.7209469318752,-23.866683854032,-7.88870277378127));
#3784=CARTESIAN_POINT('',(-22.69383137862,-23.8745626452238,-7.69883851369777));
#3785=CARTESIAN_POINT('',(-22.6938878431417,-23.6747349651654,-7.69053820677563));
#3786=CARTESIAN_POINT('',(-22.7221140718023,-23.6747349651654,-7.88853638862485));
#3787=CARTESIAN_POINT('',(-22.7221140718023,-23.6747349651654,-7.88853638862485));
#3788=CARTESIAN_POINT('',(-22.77512387743,-23.675063431823,-7.88097941572273));
#3789=CARTESIAN_POINT('',(-22.8228220462991,-23.6270546546588,-7.87414719640357));
#3790=CARTESIAN_POINT('',(-22.8219716740693,-23.5735062479327,-7.87426896744644));
#3791=CARTESIAN_POINT('',(22.6937970669152,-23.8617367693604,-7.69885950397809));
#3792=CARTESIAN_POINT('',(22.7209059121386,-23.8538432852204,-7.88870862040313));
#3793=CARTESIAN_POINT('',(22.7219666479176,-23.661909089304,-7.88855740501237));
#3794=CARTESIAN_POINT('',(7.66584331429447,-23.776996042952,-9.84120064533979));
#3795=CARTESIAN_POINT('',(7.6787889911021,-23.769026937333,-10.032966676437));
#3796=CARTESIAN_POINT('',(7.67532141050615,-23.5771683628852,-10.0335631495512));
#3797=CARTESIAN_POINT('',(-7.66587960744608,-23.7813285622485,-9.8411935543264));
#3798=CARTESIAN_POINT('',(-7.67921075321368,-23.7733689203576,-10.032910503527));
#3799=CARTESIAN_POINT('',(-7.67547081839592,-23.5815008821918,-10.033556050315));
#3800=CARTESIAN_POINT('',(-22.6938313786184,-23.8745626452219,-7.69883851369796));
#3801=CARTESIAN_POINT('',(-22.7209469318736,-23.8666838540302,-7.88870277378156));
#3802=CARTESIAN_POINT('',(-22.7221140718021,-23.6747349651654,-7.88853638862493));
#3803=CARTESIAN_POINT('',(22.6937406023922,-23.661909089304,-7.69055919705578));
#3804=CARTESIAN_POINT('',(22.7219666479176,-23.661909089304,-7.88855740501231));
#3805=CARTESIAN_POINT('',(0.,-30.2806712714364,151.5));
#3806=CARTESIAN_POINT('',(22.7219666479176,-23.661909089304,-7.88855740501231));
#3807=CARTESIAN_POINT('',(22.7209059121386,-23.8538432852204,-7.88870862040308));
#3808=CARTESIAN_POINT('',(22.6937970669152,-23.8617367693604,-7.69885950397803));
#3809=CARTESIAN_POINT('',(22.7749943127176,-23.6622069122867,-7.88099793618581));
#3810=CARTESIAN_POINT('',(22.8704189179711,-23.8439375948346,-7.86739483094586));
#3811=CARTESIAN_POINT('',(22.8530688264713,-23.8621529200491,-7.68775730842461));
#3812=CARTESIAN_POINT('',(22.8226170143524,-23.614179838368,-7.87417655740784));
#3813=CARTESIAN_POINT('',(22.9976670903505,-23.706230764298,-7.84910912436503));
#3814=CARTESIAN_POINT('',(22.9959764537302,-23.7178019017629,-7.67375232973825));
#3815=CARTESIAN_POINT('',(22.8217679901592,-23.5606801603636,-7.87429813430814));
#3816=CARTESIAN_POINT('',(22.9994013424601,-23.5578049978539,-7.84886174211077));
#3817=CARTESIAN_POINT('',(22.993276289849,-23.557494776702,-7.669498223104));
#3818=CARTESIAN_POINT('',(22.79341796781,-23.5606801603633,-7.67631763973152));
#3819=CARTESIAN_POINT('',(22.821767990158,-23.5606801603633,-7.8742981343083));
#3820=CARTESIAN_POINT('',(22.9932762898478,-23.5574947767011,-7.66949822310413));
#3821=CARTESIAN_POINT('',(22.6937970669152,-23.8617367693604,-7.69885950397804));
#3822=CARTESIAN_POINT('',(22.8536360132839,-23.8621544034102,-7.68771773849573));
#3823=CARTESIAN_POINT('',(22.9959738229488,-23.7176458403914,-7.67374812584944));
#3824=CARTESIAN_POINT('',(22.9932762898478,-23.5574947767011,-7.66949822310411));
#3825=CARTESIAN_POINT('',(22.821767990158,-23.5606801603633,-7.8742981343083));
#3826=CARTESIAN_POINT('',(22.8226181298798,-23.6142139235677,-7.87417639766871));
#3827=CARTESIAN_POINT('',(22.774960409354,-23.6622075431964,-7.88100276935018));
#3828=CARTESIAN_POINT('',(22.7219666479176,-23.661909089304,-7.8885574050123));
#3829=CARTESIAN_POINT('',(22.6059285902374,-18.0498348136325,-4.75566375428129));
#3830=CARTESIAN_POINT('',(22.5216455520681,-18.1338965930458,-2.32850501200442));
#3831=CARTESIAN_POINT('',(22.615975714013,-18.0636195879532,-5.04367834724436));
#3832=CARTESIAN_POINT('',(22.8158340360508,-18.060434204291,-5.03685893061697));
#3833=CARTESIAN_POINT('',(22.8057869122753,-18.0466494299704,-4.7488443376539));
#3834=CARTESIAN_POINT('',(22.7034662505304,-2.59938012356089,-3.1));
#3835=CARTESIAN_POINT('',(22.5036079284925,-2.60256550722308,-3.10681941662739));
#3836=CARTESIAN_POINT('',(20.2964968978882,14.5297637733153,-5.08111361115802));
#3837=CARTESIAN_POINT('',(22.3064759560644,14.5646836236783,-5.34833221924644));
#3838=CARTESIAN_POINT('',(22.3745855915626,14.583008303447,-7.35299762507191));
#3839=CARTESIAN_POINT('',(22.3745855915626,14.583008303447,-7.35299762507191));
#3840=CARTESIAN_POINT('',(22.3579266921712,15.6307696237031,-7.35418571966933));
#3841=CARTESIAN_POINT('',(21.4229742987943,16.5517912975417,-7.47439423540116));
#3842=CARTESIAN_POINT('',(20.3824978463925,16.5528530218925,-7.59786828254293));
#3843=CARTESIAN_POINT('',(22.8839296777418,-16.6633966611687,-7.6851179003401));
#3844=CARTESIAN_POINT('',(22.8900589317117,-16.663705109136,-7.86460537786759));
#3845=CARTESIAN_POINT('',(22.7122853748031,-16.6665820448309,-7.88993723900352));
#3846=CARTESIAN_POINT('',(22.9203803352522,-18.9615146738621,-7.67992386012689));
#3847=CARTESIAN_POINT('',(22.926504442044,-18.9615875108441,-7.85937054349838));
#3848=CARTESIAN_POINT('',(22.7487813689628,-18.9647000575243,-7.88473673859081));
#3849=CARTESIAN_POINT('',(22.9568292088228,-21.2595475597692,-7.67471730069991));
#3850=CARTESIAN_POINT('',(22.9629519173709,-21.259621120161,-7.85412266687044));
#3851=CARTESIAN_POINT('',(22.7852755769418,-21.2627329434315,-7.87952370328376));
#3852=CARTESIAN_POINT('',(22.9932762898481,-23.5574947767183,-7.66949822310406));
#3853=CARTESIAN_POINT('',(22.9994013424592,-23.5578049978703,-7.84886174211085));
#3854=CARTESIAN_POINT('',(22.8217679901583,-23.5606801603805,-7.87429813430823));
#3855=CARTESIAN_POINT('',(22.684071355704,-16.6665820448352,-7.6919373169675));
#3856=CARTESIAN_POINT('',(22.7122853748031,-16.6665820448352,-7.88993723900352));
#3857=CARTESIAN_POINT('',(22.8839296777418,-16.663396661173,-7.6851179003401));
#3858=CARTESIAN_POINT('',(0.199858322037855,1065.78212937959,151.506819416627));
#3859=CARTESIAN_POINT('',(0.,1065.77894399593,151.5));
#3860=CARTESIAN_POINT('',(22.6495578680223,-23.6168227477332,-6.36675198033855));
#3861=CARTESIAN_POINT('',(22.9493453510791,-23.6120446722399,-6.35652285539747));
#3862=CARTESIAN_POINT('',(22.6068372917117,-18.4634331930391,-5.22795987846599));
#3863=CARTESIAN_POINT('',(22.8276340440016,-18.4598584640103,-5.1961115965294));
#3864=CARTESIAN_POINT('',(22.8352486131707,-18.4602478093769,-5.41909178470373));
#3865=CARTESIAN_POINT('',(22.6342480669838,-20.1938958279895,-5.22400607891996));
#3866=CARTESIAN_POINT('',(22.8550807673818,-20.1904892059063,-5.19211318845297));
#3867=CARTESIAN_POINT('',(22.8626940089328,-20.1907104443274,-5.41513299142669));
#3868=CARTESIAN_POINT('',(22.6616578050148,-21.9243087165059,-5.22004508840442));
#3869=CARTESIAN_POINT('',(22.8825237753676,-21.9209014431533,-5.18810795731281));
#3870=CARTESIAN_POINT('',(22.8901383661512,-21.9211233328437,-5.41116699809815));
#3871=CARTESIAN_POINT('',(22.6890665020176,-23.6546716187762,-5.21607690746662));
#3872=CARTESIAN_POINT('',(22.9099630621155,-23.6510947965258,-5.18409590819054));
#3873=CARTESIAN_POINT('',(22.9175816810204,-23.651486235114,-5.40719380521557));
#3874=CARTESIAN_POINT('',(22.6353902911329,-18.46343319304,-5.42591120133109));
#3875=CARTESIAN_POINT('',(22.8352486131707,-18.4602478093778,-5.4190917847037));
#3876=CARTESIAN_POINT('',(0.199858322037855,1065.78212937959,151.506819416627));
#3877=CARTESIAN_POINT('',(22.6160282708398,-18.2633908151831,-5.03411518830951));
#3878=CARTESIAN_POINT('',(22.8187283171969,-18.2629998906102,-5.02706289409361));
#3879=CARTESIAN_POINT('',(22.8158340360508,-18.060434204291,-5.03685893061697));
#3880=CARTESIAN_POINT('',(22.6085620311697,-18.2683779699607,-5.13825416949895));
#3881=CARTESIAN_POINT('',(22.8225658654898,-18.2795994547857,-5.1317771271889));
#3882=CARTESIAN_POINT('',(22.822988298618,-18.0702501425652,-5.24194559112103));
#3883=CARTESIAN_POINT('',(22.6043024404175,-18.3607121857935,-5.22832551182721));
#3884=CARTESIAN_POINT('',(22.8261649776628,-18.3694456781445,-5.19528957277069));
#3885=CARTESIAN_POINT('',(22.8319900625766,-18.2547928123384,-5.41956169833954));
#3886=CARTESIAN_POINT('',(22.6068372917118,-18.46343319304,-5.227959878466));
#3887=CARTESIAN_POINT('',(22.8276340440016,-18.4598584640112,-5.1961115965295));
#3888=CARTESIAN_POINT('',(22.8352486131707,-18.4602478093778,-5.41909178470375));
#3889=CARTESIAN_POINT('',(22.8158340360508,-18.060434204291,-5.03685893061697));
#3890=CARTESIAN_POINT('',(22.8229882968764,-18.0702499359486,-5.24194563659072));
#3891=CARTESIAN_POINT('',(22.8319900660987,-18.2547928033275,-5.41956180577414));
#3892=CARTESIAN_POINT('',(22.8352486131707,-18.4602478093778,-5.41909178470375));
#3893=CARTESIAN_POINT('',(-22.4102457303118,15.6102457303119,-1.7609649844697));
#3894=CARTESIAN_POINT('',(-24.9068195671983,15.6102457303119,-1.63012509386234));
#3895=CARTESIAN_POINT('',(-24.8313213246833,15.534747487797,-0.189532808751451));
#3896=CARTESIAN_POINT('',(-22.3284390219372,15.5284390219373,-0.20000000000004));
#3897=CARTESIAN_POINT('',(-22.3347474877969,18.0313213246834,-0.189532808751458));
#3898=CARTESIAN_POINT('',(-22.2742135243107,17.9707873611973,0.965524022778142));
#3899=CARTESIAN_POINT('',(24.9,18.1,-1.50000000000003));
#3900=CARTESIAN_POINT('',(22.324814494189,18.0313213246834,-0.189532808751453));
#3901=CARTESIAN_POINT('',(22.334747487797,18.0313213246834,-0.189532808751453));
#3902=CARTESIAN_POINT('',(22.4102457303119,18.1068195671983,-1.63012509386232));
#3903=CARTESIAN_POINT('',(22.4102457303119,15.6102457303119,-1.76096498446967));
#3904=CARTESIAN_POINT('',(22.3284390219373,15.5284390219372,-0.200000000000035));
#3905=CARTESIAN_POINT('',(24.8313213246834,15.5347474877969,-0.189532808751446));
#3906=CARTESIAN_POINT('',(24.9068195671984,15.6102457303119,-1.63012509386231));
#3907=CARTESIAN_POINT('',(24.9000000000001,18.1,-1.50000000000003));
#3908=CARTESIAN_POINT('',(24.8313213246833,-17.7223116152025,-0.189532808751352));
#3909=CARTESIAN_POINT('',(24.8313213246833,-17.7313820421701,-0.189532808751352));
#3910=CARTESIAN_POINT('',(24.8104263780759,-17.7123015821722,0.209166523547184));
#3911=CARTESIAN_POINT('',(24.5108375176495,-17.7123015821722,0.193465736674301));
#3912=CARTESIAN_POINT('',(24.5314581831326,-17.7311315792175,-0.199999999999941));
#3913=CARTESIAN_POINT('',(24.5317876103341,-18.0310172509844,-0.190436841065088));
#3914=CARTESIAN_POINT('',(24.6173637332995,-18.1091620685663,-1.82332654057345));
#3915=CARTESIAN_POINT('',(-0.106568765476166,-18.1775370616846,-3.11578073204403));
#3916=CARTESIAN_POINT('',(-24.5216471695534,-18.0439224771832,-0.190436841065093));
#3917=CARTESIAN_POINT('',(-24.5316299398539,-18.043925103501,-0.190436841065092));
#3918=CARTESIAN_POINT('',(-24.6177567125723,-18.1226180705523,-1.83383356377881));
#3919=CARTESIAN_POINT('',(-24.6178355478125,-17.8229612297073,-1.84817830218109));
#3920=CARTESIAN_POINT('',(-24.5314581831327,-17.7440392998802,-0.199999999999945));
#3921=CARTESIAN_POINT('',(-24.8313213246834,-17.7442899071513,-0.189532808751357));
#3922=CARTESIAN_POINT('',(-24.8103426803017,-17.7251219792352,0.210763572219876));
#3923=CARTESIAN_POINT('',(-24.8999999999999,18.1000000000001,-1.50000000000006));
#3924=CARTESIAN_POINT('',(-24.8313213246833,15.5248144941891,-0.189532808751451));
#3925=CARTESIAN_POINT('',(22.3745855915626,14.5830083034508,-7.35299762507191));
#3926=CARTESIAN_POINT('',(22.3807323142108,14.5827072413711,-7.53300051144179));
#3927=CARTESIAN_POINT('',(22.2023765553969,14.5798229197887,-7.5578966140705));
#3928=CARTESIAN_POINT('',(22.5377136782707,4.2992274990129,-7.33022710353552));
#3929=CARTESIAN_POINT('',(22.5437787246209,4.30367585500126,-7.51005476075721));
#3930=CARTESIAN_POINT('',(22.3657080436681,4.29604211534943,-7.53509770069905));
#3931=CARTESIAN_POINT('',(22.7008066915321,-5.98289063722806,-7.30720531650124));
#3932=CARTESIAN_POINT('',(22.7068656444757,-5.97845681668387,-7.48684760260597));
#3933=CARTESIAN_POINT('',(22.5290044147837,-5.98607602088959,-7.51204720726093));
#3934=CARTESIAN_POINT('',(22.8638638573619,-16.263297315791,-7.28393237041708));
#3935=CARTESIAN_POINT('',(22.8699917104844,-16.2636063551235,-7.46337851673416));
#3936=CARTESIAN_POINT('',(22.6922648938469,-16.2664826994532,-7.48874524313804));
#3937=CARTESIAN_POINT('',(22.1747272695248,14.5798229197849,-7.3598170416993));
#3938=CARTESIAN_POINT('',(22.202376555397,14.5798229197849,-7.5578966140705));
#3939=CARTESIAN_POINT('',(0.199858322037855,1065.78212937959,151.506819416627));
#3940=CARTESIAN_POINT('',(22.863863857362,-16.2632973157963,-7.28393237041714));
#3941=CARTESIAN_POINT('',(22.6640055353241,-16.2664826994584,-7.29075178704453));
#3942=CARTESIAN_POINT('',(22.692264893847,-16.2664826994584,-7.4887452431381));
#3943=CARTESIAN_POINT('',(0.,1065.77894399593,151.5));
#3944=CARTESIAN_POINT('',(22.202376555397,14.5798229197849,-7.55789661407049));
#3945=CARTESIAN_POINT('',(22.3807323142109,14.5827072413673,-7.53300051144178));
#3946=CARTESIAN_POINT('',(22.3745855915626,14.583008303447,-7.35299762507191));
#3947=CARTESIAN_POINT('',(22.1873915502568,15.5233151736134,-7.55998832239739));
#3948=CARTESIAN_POINT('',(22.3652368302197,15.6238296162094,-7.53518065091466));
#3949=CARTESIAN_POINT('',(22.3579178990451,15.6313226786354,-7.3541863520844));
#3950=CARTESIAN_POINT('',(21.3449267659188,16.3518256551191,-7.67803392096733));
#3951=CARTESIAN_POINT('',(21.4241945996694,16.5439654587155,-7.66787751236697));
#3952=CARTESIAN_POINT('',(21.4226462865973,16.5517916322469,-7.47443316023988));
#3953=CARTESIAN_POINT('',(20.4079252658675,16.3528613736181,-7.79807464731878));
#3954=CARTESIAN_POINT('',(20.4081450163722,16.5546840621126,-7.79804649473824));
#3955=CARTESIAN_POINT('',(20.3824978463925,16.5528530218925,-7.5978682825429));
#3956=CARTESIAN_POINT('',(20.382510664042,16.3528613736181,-7.59969597403447));
#3957=CARTESIAN_POINT('',(20.4079252658675,16.3528613736181,-7.7980746473188));
#3958=CARTESIAN_POINT('',(20.4079252658675,16.3528613736181,-7.7980746473188));
#3959=CARTESIAN_POINT('',(21.3443365586002,16.351826337779,-7.67810953334919));
#3960=CARTESIAN_POINT('',(22.1873818462114,15.5239293139244,-7.55998967695369));
#3961=CARTESIAN_POINT('',(22.202376555397,14.5798229197849,-7.55789661407053));
#3962=CARTESIAN_POINT('',(20.4079252658675,16.3528613736181,-7.79807464731876));
#3963=CARTESIAN_POINT('',(20.4081450163722,16.5546840621126,-7.79804649473822));
#3964=CARTESIAN_POINT('',(20.3824978463926,16.5528530218925,-7.59786828254288));
#3965=CARTESIAN_POINT('',(6.87625932339522,16.3678182193212,-9.53163751609828));
#3966=CARTESIAN_POINT('',(6.87569052029477,16.5696606033015,-9.53172936077556));
#3967=CARTESIAN_POINT('',(6.86768329366667,16.5678098675909,-9.32927229376808));
#3968=CARTESIAN_POINT('',(-6.87653379509859,16.3669377807853,-9.53162579557429));
#3969=CARTESIAN_POINT('',(-6.87591726138212,16.5687792189224,-9.53172595411898));
#3970=CARTESIAN_POINT('',(-6.86798305887349,16.5669294290711,-9.32926058814014));
#3971=CARTESIAN_POINT('',(-20.40819678285,16.3502483708712,-7.79803986261867));
#3972=CARTESIAN_POINT('',(-20.4084419846283,16.5520677416563,-7.79800844901089));
#3973=CARTESIAN_POINT('',(-20.3827946605457,16.5502400191456,-7.59783354116122));
#3974=CARTESIAN_POINT('',(0.,14.897568520003,151.5));
#3975=CARTESIAN_POINT('',(-20.4081967828499,16.3502483708712,-7.79803986261869));
#3976=CARTESIAN_POINT('',(-20.3827818428962,16.3502483708712,-7.59966123265281));
#3977=CARTESIAN_POINT('',(-20.4081967828499,16.3502483708712,-7.79803986261869));
#3978=CARTESIAN_POINT('',(-20.4084419846283,16.5520677416563,-7.79800844901091));
#3979=CARTESIAN_POINT('',(-20.3827946605457,16.5502400191456,-7.59783354116124));
#3980=CARTESIAN_POINT('',(-21.3452146708643,16.3490926414662,-7.67799541345824));
#3981=CARTESIAN_POINT('',(-21.4245052391644,16.5412185572706,-7.66783580616248));
#3982=CARTESIAN_POINT('',(-21.4229613033982,16.5490452666811,-7.47439475278642));
#3983=CARTESIAN_POINT('',(-22.1874329440819,15.5207102041171,-7.55998254834627));
#3984=CARTESIAN_POINT('',(-22.3652777747359,15.6212242895215,-7.5351748923677));
#3985=CARTESIAN_POINT('',(-22.3579592237865,15.6287184866452,-7.35418103533313));
#3986=CARTESIAN_POINT('',(-22.2024180385583,14.577211030651,-7.55789082356489));
#3987=CARTESIAN_POINT('',(-22.3807737441123,14.5800953515561,-7.53299468094808));
#3988=CARTESIAN_POINT('',(-22.3746270230637,14.5803964143131,-7.35299184177739));
#3989=CARTESIAN_POINT('',(-22.2024180385583,14.577211030651,-7.55789082356488));
#3990=CARTESIAN_POINT('',(-22.187423275846,15.5213208034952,-7.55998389790657));
#3991=CARTESIAN_POINT('',(-21.3446206291673,16.3490934232906,-7.67807151809743));
#3992=CARTESIAN_POINT('',(-20.4081967828499,16.3502483708712,-7.79803986261868));
#3993=CARTESIAN_POINT('',(-22.2024180385583,14.577211030651,-7.55789082356488));
#3994=CARTESIAN_POINT('',(-22.1747687010258,14.577211030651,-7.35981125840477));
#3995=CARTESIAN_POINT('',(-22.863714921541,-16.253907229959,-7.2839536277694));
#3996=CARTESIAN_POINT('',(-22.8698427804007,-16.2542162668698,-7.46339994336021));
#3997=CARTESIAN_POINT('',(-22.6921157723205,-16.2570926136212,-7.48876652699579));
#3998=CARTESIAN_POINT('',(-22.7007211836493,-5.97749988318995,-7.30721736413826));
#3999=CARTESIAN_POINT('',(-22.706780198433,-5.97306974557448,-7.48685973903851));
#4000=CARTESIAN_POINT('',(-22.5289188003745,-5.98068526685175,-7.51205927064042));
#4001=CARTESIAN_POINT('',(-22.5376916265508,4.30061757312731,-7.33023013893069));
#4002=CARTESIAN_POINT('',(-22.5437567324288,4.30506223392858,-7.5100578130076));
#4003=CARTESIAN_POINT('',(-22.3656859643925,4.29743218946425,-7.53510073925722));
#4004=CARTESIAN_POINT('',(-22.3746270230637,14.5803964143136,-7.35299184177735));
#4005=CARTESIAN_POINT('',(-22.3807737441123,14.5800953515566,-7.53299468094804));
#4006=CARTESIAN_POINT('',(-22.2024180385583,14.5772110306515,-7.55789082356484));
#4007=CARTESIAN_POINT('',(0.,1065.77894399593,151.5));
#4008=CARTESIAN_POINT('',(-22.6921157723205,-16.2570926136212,-7.48876652699583));
#4009=CARTESIAN_POINT('',(-22.6638565995031,-16.2570926136212,-7.29077304439683));
#4010=CARTESIAN_POINT('',(-22.863714921541,-16.253907229959,-7.28395362776944));
#4011=CARTESIAN_POINT('',(-0.199858322037855,1065.78212937959,151.506819416627));
#4012=CARTESIAN_POINT('',(-22.5851015582933,-2.60126664473743,-5.49577999408624));
#4013=CARTESIAN_POINT('',(-22.863714921541,-16.253907229959,-7.28395362776944));
#4014=CARTESIAN_POINT('',(-22.8670453238791,-16.4638819903333,-7.28347828679362));
#4015=CARTESIAN_POINT('',(-22.876391821143,-16.6511131284851,-7.46994178082148));
#4016=CARTESIAN_POINT('',(-22.8835965741956,-16.6539490541197,-7.67976857727364));
#4017=CARTESIAN_POINT('',(-22.8835965741956,-16.6539490541186,-7.6797685772739));
#4018=CARTESIAN_POINT('',(-22.8830491906363,-16.6537335937056,-7.66382691517358));
#4019=CARTESIAN_POINT('',(-22.6921157723205,-16.2570926136212,-7.48876652699584));
#4020=CARTESIAN_POINT('',(-22.8698427804007,-16.2542162668698,-7.46339994336026));
#4021=CARTESIAN_POINT('',(-22.863714921541,-16.253907229959,-7.28395362776945));
#4022=CARTESIAN_POINT('',(-22.695229899595,-16.362076879182,-7.48832205448254));
#4023=CARTESIAN_POINT('',(-22.8716188960302,-16.3690282869317,-7.46182373180308));
#4024=CARTESIAN_POINT('',(-22.8670453308359,-16.4638819529965,-7.28347850811865));
#4025=CARTESIAN_POINT('',(-22.6912186460441,-16.4557110294841,-7.58279378597663));
#4026=CARTESIAN_POINT('',(-22.8771196054446,-16.4663115060328,-7.57759289799438));
#4027=CARTESIAN_POINT('',(-22.876391819575,-16.6511129953926,-7.46994179703566));
#4028=CARTESIAN_POINT('',(-22.6836969258833,-16.4571527257521,-7.68929227676088));
#4029=CARTESIAN_POINT('',(-22.8805522721662,-16.4570206652582,-7.68253470495748));
#4030=CARTESIAN_POINT('',(-22.8835965741956,-16.6539490541197,-7.67976857727359));
#4031=CARTESIAN_POINT('',(-22.6836969258833,-16.457152725751,-7.68929227676104));
#4032=CARTESIAN_POINT('',(-22.6911452014062,-16.4557251070658,-7.58383370083117));
#4033=CARTESIAN_POINT('',(-22.6952525579974,-16.36283994521,-7.48831882049877));
#4034=CARTESIAN_POINT('',(-22.6921157723205,-16.2570926136212,-7.48876652699583));
#4035=CARTESIAN_POINT('',(-22.6836969258833,-16.457152725751,-7.68929227676104));
#4036=CARTESIAN_POINT('',(-22.6837382521577,-16.6571344377807,-7.68658799390129));
#4037=CARTESIAN_POINT('',(-22.6839226576365,-16.6572070232282,-7.69195850564298));
#4038=CARTESIAN_POINT('',(-22.6839226576365,-16.6572070232282,-7.69195850564294));
#4039=CARTESIAN_POINT('',(-22.6838813313621,-16.4572253111985,-7.69466278850273));
#4040=CARTESIAN_POINT('',(-22.6839226576365,-16.6572070232282,-7.69195850564298));
#4041=CARTESIAN_POINT('',(0.,6.9,151.5));
#4042=CARTESIAN_POINT('',(0.,-14.5091973956246,151.5));
#4043=CARTESIAN_POINT('',(22.684071355704,-16.6665820448352,-7.6919373169675));
#4044=CARTESIAN_POINT('',(22.684071355704,-16.6665820448352,-7.6919373169675));
#4045=CARTESIAN_POINT('',(22.6841126819785,-16.4666003328054,-7.69464159982726));
#4046=CARTESIAN_POINT('',(22.684071355704,-16.6665820448352,-7.69193731696749));
#4047=CARTESIAN_POINT('',(22.5851015582933,-2.60126664473743,-5.49577999408624));
#4048=CARTESIAN_POINT('',(22.8830130133897,-16.6630354684493,-7.6584217074187));
#4049=CARTESIAN_POINT('',(22.8837444661964,-16.663323682375,-7.6797239487416));
#4050=CARTESIAN_POINT('',(22.8837444661964,-16.663323682375,-7.6797239487416));
#4051=CARTESIAN_POINT('',(22.8765393022882,-16.6604846358139,-7.46988656904165));
#4052=CARTESIAN_POINT('',(22.8671944748399,-16.4732856470983,-7.28345699554678));
#4053=CARTESIAN_POINT('',(22.8638638573619,-16.2632973157964,-7.28393237041651));
#4054=CARTESIAN_POINT('',(22.6839274704331,-16.4665273540075,-7.6892476482287));
#4055=CARTESIAN_POINT('',(22.8807015172277,-16.4664766594194,-7.68249172448541));
#4056=CARTESIAN_POINT('',(22.8837444661964,-16.663323682375,-7.67972394874156));
#4057=CARTESIAN_POINT('',(22.6914491666114,-16.465088694405,-7.58274382856931));
#4058=CARTESIAN_POINT('',(22.8772671530026,-16.4757612726064,-7.57750307726507));
#4059=CARTESIAN_POINT('',(22.8765393002375,-16.6604844231371,-7.46988660828512));
#4060=CARTESIAN_POINT('',(22.6954218668323,-16.3714742876335,-7.48829465232909));
#4061=CARTESIAN_POINT('',(22.8717664640877,-16.3784158311055,-7.46176357626075));
#4062=CARTESIAN_POINT('',(22.8671944791348,-16.473285633701,-7.28345712767682));
#4063=CARTESIAN_POINT('',(22.692264893847,-16.2664826994585,-7.48874524313746));
#4064=CARTESIAN_POINT('',(22.8699917104844,-16.2636063551288,-7.46337851673355));
#4065=CARTESIAN_POINT('',(22.8638638573619,-16.2632973157964,-7.28393237041651));
#4066=CARTESIAN_POINT('',(22.6838861441586,-16.6665090660372,-7.68654336536902));
#4067=CARTESIAN_POINT('',(22.6839274704331,-16.4665273540075,-7.68924764822871));
#4068=CARTESIAN_POINT('',(22.6922648938469,-16.2664826994584,-7.4887452431381));
#4069=CARTESIAN_POINT('',(22.6954445717106,-16.3722289132766,-7.48829141169079));
#4070=CARTESIAN_POINT('',(22.6913749718323,-16.4651028860994,-7.58379443816795));
#4071=CARTESIAN_POINT('',(22.683927470433,-16.4665273540075,-7.68924764822874));
#4072=CARTESIAN_POINT('',(-22.3347474877969,18.0313213246834,-0.189532808751458));
#4073=CARTESIAN_POINT('',(-22.3347474877969,18.0213883310755,-4.59972771676975E-14));
#4074=CARTESIAN_POINT('',(-22.3347474877969,17.8315954177325,-4.59972771676975E-14));
#4075=CARTESIAN_POINT('',(-22.988855932366,18.0311783539793,-0.186804765203646));
#4076=CARTESIAN_POINT('',(-22.982064794026,18.0188091222813,-7.84171924458898E-14));
#4077=CARTESIAN_POINT('',(-22.9366587898506,17.831595417721,-4.60557495489682E-14));
#4078=CARTESIAN_POINT('',(-24.2905426700916,17.4905426700901,-0.183630009809689));
#4079=CARTESIAN_POINT('',(-24.2793143502949,17.479314350297,1.43658958063868E-12));
#4080=CARTESIAN_POINT('',(-24.1343636598915,17.3343636598903,-4.47772016706012E-14));
#4081=CARTESIAN_POINT('',(-24.8311783539792,16.1888559323693,-0.186804765203517));
#4082=CARTESIAN_POINT('',(-24.8188091222762,16.18206479403,-3.0028408014442E-12));
#4083=CARTESIAN_POINT('',(-24.6315954177178,16.1366587898502,-4.14400618767122E-14));
#4084=CARTESIAN_POINT('',(-24.8313213246833,15.534747487797,-0.189532808751451));
#4085=CARTESIAN_POINT('',(-24.8213883310754,15.534747487797,-3.64291929955129E-14));
#4086=CARTESIAN_POINT('',(-24.6315954177324,15.534747487797,-3.97360096215937E-14));
#4087=CARTESIAN_POINT('',(-22.3347474877969,17.8315954177325,-0.200000000000046));
#4088=CARTESIAN_POINT('',(-22.3347474877969,17.8315954177325,-4.60716425347653E-14));
#4089=CARTESIAN_POINT('',(-24.6315954177324,15.534747487797,-0.20000000000004));
#4090=CARTESIAN_POINT('',(-24.6315954177324,15.534747487797,-3.97922343996681E-14));
#4091=CARTESIAN_POINT('',(-22.3284390219372,15.5284390219373,-3.94920641327845E-14));
#4092=CARTESIAN_POINT('',(-0.0618946843646703,17.8315954177325,-0.200000000000044));
#4093=CARTESIAN_POINT('',(22.334747487797,17.8315954177324,-0.200000000000042));
#4094=CARTESIAN_POINT('',(22.334747487797,17.8315954177324,-4.17322461254904E-14));
#4095=CARTESIAN_POINT('',(-22.3248144941889,17.8315954177325,-4.60706775989222E-14));
#4096=CARTESIAN_POINT('',(24.8313213246834,15.5347474877969,-0.189532808751446));
#4097=CARTESIAN_POINT('',(24.8213883310755,15.5347474877969,-3.46944695195361E-14));
#4098=CARTESIAN_POINT('',(24.6315954177325,15.5347474877969,-3.47215745738483E-14));
#4099=CARTESIAN_POINT('',(24.8311783539793,16.1888559323697,-0.1868047652037));
#4100=CARTESIAN_POINT('',(24.8188091222786,16.1820647940343,8.97388821424674E-13));
#4101=CARTESIAN_POINT('',(24.631595417721,16.1366587898506,-3.64256268289708E-14));
#4102=CARTESIAN_POINT('',(24.2905426700896,17.4905426700897,-0.183630009809586));
#4103=CARTESIAN_POINT('',(24.279314350292,17.4793143502874,-4.98760953975509E-13));
#4104=CARTESIAN_POINT('',(24.13436365989,17.33436365989,-3.98483440584691E-14));
#4105=CARTESIAN_POINT('',(22.9888559323703,18.0311783539792,-0.18680476520365));
#4106=CARTESIAN_POINT('',(22.9820647940347,18.018809122284,-4.14707330975687E-14));
#4107=CARTESIAN_POINT('',(22.9366587898507,17.831595417721,-4.14122607162348E-14));
#4108=CARTESIAN_POINT('',(22.334747487797,18.0313213246834,-0.189532808751453));
#4109=CARTESIAN_POINT('',(22.334747487797,18.0213883310754,-4.14707330975705E-14));
#4110=CARTESIAN_POINT('',(22.334747487797,17.8315954177324,-4.14707330975705E-14));
#4111=CARTESIAN_POINT('',(24.6315954177325,15.5347474877969,-0.200000000000035));
#4112=CARTESIAN_POINT('',(24.6315954177325,15.5347474877969,-3.50065856356147E-14));
#4113=CARTESIAN_POINT('',(22.3284390219373,15.5284390219372,-3.49384150083454E-14));
#4114=CARTESIAN_POINT('',(24.6315954177325,2.32227313926859,-0.199999999999998));
#4115=CARTESIAN_POINT('',(24.6315954177325,15.524814494189,-3.49784646481869E-14));
#4116=CARTESIAN_POINT('',(24.6315954177324,-17.7313820421701,5.91721128724325E-14));
#4117=CARTESIAN_POINT('',(24.6315954177324,-17.7313820421701,-0.199999999999941));
#4118=CARTESIAN_POINT('',(24.5317876103341,-18.0310172509844,-0.190436841065088));
#4119=CARTESIAN_POINT('',(24.5317852119675,-18.0219009348994,5.94142790522056E-14));
#4120=CARTESIAN_POINT('',(24.5317350535074,-17.8312460237544,5.93871739978935E-14));
#4121=CARTESIAN_POINT('',(24.688524551865,-18.0307147697557,-0.184979496862828));
#4122=CARTESIAN_POINT('',(24.6818033948332,-18.0167140929086,5.94142790522062E-14));
#4123=CARTESIAN_POINT('',(24.5840760364118,-17.8312322405951,5.93922196162034E-14));
#4124=CARTESIAN_POINT('',(24.831060150343,-17.888130876651,-0.184549305465353));
#4125=CARTESIAN_POINT('',(24.8167015451978,-17.8811643379424,5.35350037853961E-14));
#4126=CARTESIAN_POINT('',(24.6315954046925,-17.7837111517453,5.92913758127042E-14));
#4127=CARTESIAN_POINT('',(24.8313213246833,-17.7313820421701,-0.189532808751352));
#4128=CARTESIAN_POINT('',(24.8213883310754,-17.7313820421701,5.91432285090843E-14));
#4129=CARTESIAN_POINT('',(24.6315954177324,-17.7313820421701,5.91432285090843E-14));
#4130=CARTESIAN_POINT('',(24.5314581831326,-17.7311315792175,5.91161234547721E-14));
#4131=CARTESIAN_POINT('',(24.5317350535074,-17.8312460237544,5.94451337796149E-14));
#4132=CARTESIAN_POINT('',(24.5317350535074,-17.8312460237544,-0.199999999999941));
#4133=CARTESIAN_POINT('',(-0.0565908925655733,-17.837714845145,-0.199999999999943));
#4134=CARTESIAN_POINT('',(24.5217570799401,-17.8312486488102,5.9444171905929E-14));
#4135=CARTESIAN_POINT('',(-24.5316824966807,-17.844153876271,5.47154349118101E-14));
#4136=CARTESIAN_POINT('',(-24.5316824966807,-17.844153876271,-0.199999999999946));
#4137=CARTESIAN_POINT('',(-24.8313213246834,-17.7442899071513,-0.189532808751356));
#4138=CARTESIAN_POINT('',(-24.8213883310755,-17.7442899071513,5.46437894932694E-14));
#4139=CARTESIAN_POINT('',(-24.6315954177325,-17.7442899071513,5.46437894932694E-14));
#4140=CARTESIAN_POINT('',(-24.8310599127257,-17.9010911399651,-0.184544771453997));
#4141=CARTESIAN_POINT('',(-24.816697331099,-17.8941206819709,3.91948218486755E-13));
#4142=CARTESIAN_POINT('',(-24.6315954046883,-17.7966366010142,5.47919865817501E-14));
#4143=CARTESIAN_POINT('',(-24.688419413322,-18.0437048936584,-0.184975052962236));
#4144=CARTESIAN_POINT('',(-24.6817018128877,-18.0296967564506,5.48877349820791E-14));
#4145=CARTESIAN_POINT('',(-24.5840410678693,-17.8441676379969,5.48826875944842E-14));
#4146=CARTESIAN_POINT('',(-24.5316299398539,-18.043925103501,-0.190436841065091));
#4147=CARTESIAN_POINT('',(-24.5316323382205,-18.034808787416,5.48877349820787E-14));
#4148=CARTESIAN_POINT('',(-24.5316824966807,-17.844153876271,5.48877349820787E-14));
#4149=CARTESIAN_POINT('',(-24.6315954177325,-17.7442899071513,-0.199999999999946));
#4150=CARTESIAN_POINT('',(-24.6315954177325,-17.7442899071513,5.44230071610764E-14));
#4151=CARTESIAN_POINT('',(-24.5314581831327,-17.7440392998802,5.46166844389573E-14));
#4152=CARTESIAN_POINT('',(-24.6315954177325,2.32227313926874,-0.200000000000002));
#4153=CARTESIAN_POINT('',(-24.6315954177325,-17.735214253739,5.43973133626528E-14));
#4154=CARTESIAN_POINT('',(0.,6.9,151.5));
#4155=CARTESIAN_POINT('',(0.,-14.1091608163393,151.5));
#4156=CARTESIAN_POINT('',(19.8618742446178,-16.2710195200662,-7.86707925883241));
#4157=CARTESIAN_POINT('',(19.8618742446178,-16.2710195200662,-7.86707925883241));
#4158=CARTESIAN_POINT('',(20.363685305074,-15.8977491668103,-7.80453868756956));
#4159=CARTESIAN_POINT('',(20.6702208500665,-15.2918730229764,-7.76425201551941));
#4160=CARTESIAN_POINT('',(20.6699916432357,-14.663225046855,-7.76428176295069));
#4161=CARTESIAN_POINT('',(20.6699916432357,-14.663225046855,-7.7642817629507));
#4162=CARTESIAN_POINT('',(0.,55148.9285875167,151.5));
#4163=CARTESIAN_POINT('',(20.6599298450087,12.9333713152521,-7.76558730246563));
#4164=CARTESIAN_POINT('',(20.6599298450087,12.9333713152521,-7.76558730246563));
#4165=CARTESIAN_POINT('',(20.659542413449,13.9959836780711,-7.76563756008234));
#4166=CARTESIAN_POINT('',(19.7122258898223,14.9379747857782,-7.88919904011792));
#4167=CARTESIAN_POINT('',(18.6570535457372,14.9410447599696,-8.01261502775094));
#4168=CARTESIAN_POINT('',(18.6570535457372,14.9410447599696,-8.01261502775093));
#4169=CARTESIAN_POINT('',(0.,9.9857389088571,151.5));
#4170=CARTESIAN_POINT('',(-18.6599249134107,14.91438027293,-8.01227915814462));
#4171=CARTESIAN_POINT('',(-18.6599249134107,14.91438027293,-8.01227915814462));
#4172=CARTESIAN_POINT('',(-19.7142600970462,14.9098059962991,-7.88894184854038));
#4173=CARTESIAN_POINT('',(-20.6595524469112,13.9684648025718,-7.76563625856548));
#4174=CARTESIAN_POINT('',(-20.6599395626388,12.9067186753579,-7.76558604189449));
#4175=CARTESIAN_POINT('',(-20.6599395626388,12.9067186753579,-7.76558604189447));
#4176=CARTESIAN_POINT('',(0.,55148.9285875167,151.5));
#4177=CARTESIAN_POINT('',(-20.6699888337236,-14.6555193685973,-7.76428212758102));
#4178=CARTESIAN_POINT('',(-20.6699888337236,-14.6555193685973,-7.76428212758102));
#4179=CARTESIAN_POINT('',(-20.6702179252962,-15.2838512248418,-7.76425239511254));
#4180=CARTESIAN_POINT('',(-20.3639697702191,-15.8894947290984,-7.8045010328119));
#4181=CARTESIAN_POINT('',(-19.8625629330643,-16.2627990693414,-7.86699342627394));
#4182=CARTESIAN_POINT('',(-19.8625629330644,-16.2627990693414,-7.86699342627393));
#4183=CARTESIAN_POINT('',(0.,-14.1091608163393,151.5));
#4184=CARTESIAN_POINT('',(-18.5992329516033,-16.2651235261916,-8.01936726809063));
#4185=CARTESIAN_POINT('',(-18.5995801470606,-16.4624596510112,-8.01932678667887));
#4186=CARTESIAN_POINT('',(-18.622436460881,-16.4651052382214,-8.21531724085739));
#4187=CARTESIAN_POINT('',(-19.9740812925693,-16.2626686647636,-7.85906620242895));
#4188=CARTESIAN_POINT('',(-19.9744611495602,-16.4600077436346,-7.85901887965566));
#4189=CARTESIAN_POINT('',(-19.9989969417409,-16.4626503767962,-8.05481654736853));
#4190=CARTESIAN_POINT('',(-21.3468571294376,-16.2599735666048,-7.68099005562075));
#4191=CARTESIAN_POINT('',(-21.3472611306288,-16.4573159010909,-7.6809359665559));
#4192=CARTESIAN_POINT('',(-21.3734823375666,-16.4599552786401,-7.87651863710579));
#4193=CARTESIAN_POINT('',(-22.7171016328265,-16.2570391325142,-7.48519834690213));
#4194=CARTESIAN_POINT('',(-22.7175152858777,-16.4543850469609,-7.48513924078092));
#4195=CARTESIAN_POINT('',(-22.7454332475602,-16.4570208445439,-7.68048310307962));
#4196=CARTESIAN_POINT('',(-19.8625629330643,-16.2627990693414,-7.86699342627396));
#4197=CARTESIAN_POINT('',(-19.4614787111722,-16.4123821449354,-7.91698220015691));
#4198=CARTESIAN_POINT('',(-19.05348326699,-16.463126930581,-8.07560856028144));
#4199=CARTESIAN_POINT('',(-18.6469205192997,-16.4650615493459,-8.2124606087707));
#4200=CARTESIAN_POINT('',(-18.6469205192997,-16.4650615493459,-8.21246060877069));
#4201=CARTESIAN_POINT('',(-4.13262744411877E-5,-14.3091425283691,151.50270428286));
#4202=CARTESIAN_POINT('',(-22.6019851981943,-16.6249549057779,-5.30566233438181));
#4203=CARTESIAN_POINT('',(-22.6829651483182,-16.4568646844066,-7.66798043705277));
#4204=CARTESIAN_POINT('',(22.7122853748031,-16.6665820448352,-7.88993723900352));
#4205=CARTESIAN_POINT('',(22.7119526637283,-16.4692476417828,-7.88998464870208));
#4206=CARTESIAN_POINT('',(22.6841126819784,-16.4666003328054,-7.69464159982725));
#4207=CARTESIAN_POINT('',(7.67206285734359,-16.6924230160727,-10.0330952816901));
#4208=CARTESIAN_POINT('',(7.67316533349018,-16.4951178515348,-10.0329061550905));
#4209=CARTESIAN_POINT('',(7.66257367089555,-16.4924413041235,-9.83513733514461));
#4210=CARTESIAN_POINT('',(-7.67191197226411,-16.6892562152802,-10.0331024479696));
#4211=CARTESIAN_POINT('',(-7.67321888356894,-16.4919461159299,-10.0328764949785));
#4212=CARTESIAN_POINT('',(-7.66234032069347,-16.4892745033231,-9.83514449256162));
#4213=CARTESIAN_POINT('',(-22.7121364917879,-16.6572070232282,-7.88995845403305));
#4214=CARTESIAN_POINT('',(-22.7117238240177,-16.4598612677981,-7.89001725677579));
#4215=CARTESIAN_POINT('',(-22.6838813313621,-16.4572253111985,-7.6946627885027));
#4216=CARTESIAN_POINT('',(4.13262744411877E-5,-14.3092156835949,151.49729571714));
#4217=CARTESIAN_POINT('',(22.6349326200801,-16.6472199373007,-6.26086043149692));
#4218=CARTESIAN_POINT('',(22.6833812247674,-16.4663121171443,-7.67333923023905));
#4219=CARTESIAN_POINT('',(22.7171142628718,-16.2664397933781,-7.48519654221776));
#4220=CARTESIAN_POINT('',(22.7174479656627,-16.4637743243834,-7.48514886001467));
#4221=CARTESIAN_POINT('',(22.7453632407852,-16.4664215054078,-7.68048129614782));
#4222=CARTESIAN_POINT('',(21.346645857534,-16.2688075877688,-7.68102035496782));
#4223=CARTESIAN_POINT('',(21.3469673306505,-16.466139234554,-7.68097735551852));
#4224=CARTESIAN_POINT('',(21.3731881500171,-16.468789299802,-7.87654897418642));
#4225=CARTESIAN_POINT('',(19.9736452898864,-16.2709349201473,-7.85912281526106));
#4226=CARTESIAN_POINT('',(19.9739424225019,-16.4682639974565,-7.85908584188337));
#4227=CARTESIAN_POINT('',(19.9984777435505,-16.4709166321805,-8.05487323079956));
#4228=CARTESIAN_POINT('',(18.5985716144185,-16.2728210792535,-8.01944437560999));
#4229=CARTESIAN_POINT('',(18.5988383212317,-16.4701478837851,-8.01941327992893));
#4230=CARTESIAN_POINT('',(18.6216916475642,-16.4728027912832,-8.21539444440106));
#4231=CARTESIAN_POINT('',(-4.13262744411877E-5,-14.3091425283691,151.50270428286));
#4232=CARTESIAN_POINT('',(18.6461797188361,-16.4727692175677,-8.21253744671613));
#4233=CARTESIAN_POINT('',(19.8618742446178,-16.2710195200662,-7.86707925883241));
#4234=CARTESIAN_POINT('',(19.4607379974935,-16.4204277123642,-7.91707275643803));
#4235=CARTESIAN_POINT('',(19.05273268598,-16.4710026957423,-8.07569030546983));
#4236=CARTESIAN_POINT('',(18.6461797188362,-16.4727692175677,-8.21253744671613));
#4237=CARTESIAN_POINT('',(-0.0618946843646967,2.32227313926867,0.));
#4238=CARTESIAN_POINT('',(20.6402145188836,-14.7790257893651,5.04260486958734E-14));
#4239=CARTESIAN_POINT('',(20.6180093258449,13.0974427217843,-2.84963062419335E-14));
#4240=CARTESIAN_POINT('',(20.6402144697024,-14.7789640472191,5.04258738948379E-14));
#4241=CARTESIAN_POINT('',(18.8402089816838,-14.7803964085774,5.02798757490153E-14));
#4242=CARTESIAN_POINT('',(18.8391894102637,-16.5803962040796,5.53508924070668E-14));
#4243=CARTESIAN_POINT('',(-0.0726106207059269,-16.5696690038958,5.34833453309953E-14));
#4244=CARTESIAN_POINT('',(-18.8412143862107,-16.5590230278685,5.16299389378009E-14));
#4245=CARTESIAN_POINT('',(-18.8401919567344,-14.7590232339875,4.65935883625646E-14));
#4246=CARTESIAN_POINT('',(-20.640197444742,-14.7575908588832,4.63551993498725E-14));
#4247=CARTESIAN_POINT('',(-20.6180168926336,13.0879433517076,-3.24752666258008E-14));
#4248=CARTESIAN_POINT('',(-20.6180203044372,13.0836601628253,-3.24631409552031E-14));
#4249=CARTESIAN_POINT('',(-18.8180148974419,13.0821260845779,-3.25531702288773E-14));
#4250=CARTESIAN_POINT('',(-18.8187735186881,14.8825409245622,-3.73811090420581E-14));
#4251=CARTESIAN_POINT('',(18.8179504368876,14.8963237329324,-3.37639278377521E-14));
#4252=CARTESIAN_POINT('',(18.8174445010504,14.8963235476555,-3.37639764621117E-14));
#4253=CARTESIAN_POINT('',(18.8180039188566,13.0959086347217,-2.88668828424266E-14));
#4254=CARTESIAN_POINT('',(19.8618742446178,-16.2710195200662,-7.8670792588324));
#4255=CARTESIAN_POINT('',(19.7364966979885,-16.1000616189656,-7.88270502718953));
#4256=CARTESIAN_POINT('',(19.7178938753384,-16.1104773874082,-7.67119676602356));
#4257=CARTESIAN_POINT('',(19.4851369775532,-16.4113399553099,-7.91403191841866));
#4258=CARTESIAN_POINT('',(19.5279639855735,-16.2588421513644,-7.81665817633287));
#4259=CARTESIAN_POINT('',(19.3794530483385,-16.36261869435,-7.71831410848497));
#4260=CARTESIAN_POINT('',(19.0610409437889,-16.470966666077,-8.07289894676393));
#4261=CARTESIAN_POINT('',(19.0355308189636,-16.4703539666381,-8.02797963123149));
#4262=CARTESIAN_POINT('',(19.0100204530715,-16.4697412677872,-7.98306042997949));
#4263=CARTESIAN_POINT('',(18.6461797188362,-16.4727692175677,-8.21253744671614));
#4264=CARTESIAN_POINT('',(18.6461797188362,-16.4727692175677,-8.21253744671614));
#4265=CARTESIAN_POINT('',(18.6461797188362,-16.4727692175677,-8.21253744671614));
#4266=CARTESIAN_POINT('',(19.8371396565174,-16.2710195200662,-7.66861465203436));
#4267=CARTESIAN_POINT('',(19.7178938753384,-16.1104773874082,-7.67119676602356));
#4268=CARTESIAN_POINT('',(19.7178938753384,-16.1104773874082,-7.67119676602356));
#4269=CARTESIAN_POINT('',(19.3730293076015,-16.3674044297648,-7.71920802237087));
#4270=CARTESIAN_POINT('',(19.0066300200106,-16.4697694806208,-7.98519858083849));
#4271=CARTESIAN_POINT('',(18.6461797188362,-16.4727692175677,-8.21253744671614));
#4272=CARTESIAN_POINT('',(19.7178938753384,-16.1104773874082,-7.67119676602355));
#4273=CARTESIAN_POINT('',(19.7364966979885,-16.1000616189656,-7.88270502718952));
#4274=CARTESIAN_POINT('',(19.8618742446178,-16.2710195200662,-7.8670792588324));
#4275=CARTESIAN_POINT('',(20.1691664264036,-15.7742754905286,-7.60837163400153));
#4276=CARTESIAN_POINT('',(20.1898141898388,-15.7536205931477,-7.82661682802997));
#4277=CARTESIAN_POINT('',(20.3639386141317,-15.897560712474,-7.80450711773296));
#4278=CARTESIAN_POINT('',(20.4444607618242,-15.2289091348309,-7.56745367429297));
#4279=CARTESIAN_POINT('',(20.4461926570454,-15.2185862787047,-7.79332766956735));
#4280=CARTESIAN_POINT('',(20.6702207549483,-15.2916692406116,-7.76425202786424));
#4281=CARTESIAN_POINT('',(20.444251880358,-14.6632979087096,-7.56663359057431));
#4282=CARTESIAN_POINT('',(20.4450327068765,-14.6633083452081,-7.79347788453641));
#4283=CARTESIAN_POINT('',(20.6699916432357,-14.663225046855,-7.76428176295068));
#4284=CARTESIAN_POINT('',(20.6442506822853,-14.663225046855,-7.56594517295948));
#4285=CARTESIAN_POINT('',(20.444251880358,-14.6632979087096,-7.56663359057433));
#4286=CARTESIAN_POINT('',(20.444251880358,-14.6632979087096,-7.56663359057433));
#4287=CARTESIAN_POINT('',(20.4444608837497,-15.2292393103325,-7.56745415040255));
#4288=CARTESIAN_POINT('',(20.1688431342274,-15.7745163459491,-7.60841664161057));
#4289=CARTESIAN_POINT('',(19.7178938753384,-16.1104773874082,-7.67119676602355));
#4290=CARTESIAN_POINT('',(20.6599298450087,12.9333713153468,-7.76558730246562));
#4291=CARTESIAN_POINT('',(20.5477792533943,12.9333297886191,-7.780135475703));
#4292=CARTESIAN_POINT('',(20.4345918809357,12.9332932531875,-7.68102709136608));
#4293=CARTESIAN_POINT('',(20.4342026123902,12.9332984534922,-7.56793750426179));
#4294=CARTESIAN_POINT('',(20.6632837981575,3.73445090889194,-7.76515222770822));
#4295=CARTESIAN_POINT('',(20.5511321206519,3.7344093815384,-7.77970294331408));
#4296=CARTESIAN_POINT('',(20.4379416621388,3.73437284578668,-7.68059396233649));
#4297=CARTESIAN_POINT('',(20.4375523887605,3.73437804703736,-7.56750297131604));
#4298=CARTESIAN_POINT('',(20.6666377309031,-5.46441455420902,-7.76471704786905));
#4299=CARTESIAN_POINT('',(20.5544849675945,-5.46445608218849,-7.77927030591661));
#4300=CARTESIAN_POINT('',(20.4412914229641,-5.46449261826032,-7.68016072835319));
#4301=CARTESIAN_POINT('',(20.4409021447531,-5.46448741606359,-7.56706833341938));
#4302=CARTESIAN_POINT('',(20.6699916432357,-14.663225046906,-7.76428176295067));
#4303=CARTESIAN_POINT('',(20.5578377942123,-14.6632665755115,-7.77883756351317));
#4304=CARTESIAN_POINT('',(20.4446411634018,-14.6633031119034,-7.67972738941876));
#4305=CARTESIAN_POINT('',(20.444251880358,-14.6632979087606,-7.56663359057438));
#4306=CARTESIAN_POINT('',(20.6342014143175,12.9333713152521,-7.56724908664686));
#4307=CARTESIAN_POINT('',(20.4342026123903,12.9332984533975,-7.56793750426172));
#4308=CARTESIAN_POINT('',(-0.199998801927256,55148.9285146549,151.499311582385));
#4309=CARTESIAN_POINT('',(20.4342026123903,12.9332984533975,-7.56793750426172));
#4310=CARTESIAN_POINT('',(20.434983389187,12.9332880228675,-7.79476735369247));
#4311=CARTESIAN_POINT('',(20.6599298450087,12.9333713152521,-7.76558730246562));
#4312=CARTESIAN_POINT('',(20.4338658909369,13.8891352947969,-7.57127872857239));
#4313=CARTESIAN_POINT('',(20.4383460147671,13.86522811952,-7.79433060296116));
#4314=CARTESIAN_POINT('',(20.6595426166287,13.9952986351108,-7.76563753372588));
#4315=CARTESIAN_POINT('',(19.5829973574093,14.7380048847025,-7.69719344975989));
#4316=CARTESIAN_POINT('',(19.6396423731496,14.73237878605,-7.89769246634875));
#4317=CARTESIAN_POINT('',(19.7128974266133,14.9379728017404,-7.88912049524629));
#4318=CARTESIAN_POINT('',(18.6339623186305,14.7411409680458,-7.82017027244657));
#4319=CARTESIAN_POINT('',(18.6564962765747,14.747128814561,-8.01268020755256));
#4320=CARTESIAN_POINT('',(18.6570535457372,14.9410447599696,-8.01261502775092));
#4321=CARTESIAN_POINT('',(18.6338193570128,14.9410447599696,-7.81396918089197));
#4322=CARTESIAN_POINT('',(18.6339623186305,14.7411409680458,-7.82017027244658));
#4323=CARTESIAN_POINT('',(18.6339623186305,14.7411409680458,-7.82017027244657));
#4324=CARTESIAN_POINT('',(19.5826600340546,14.7380059994277,-7.69723716175706));
#4325=CARTESIAN_POINT('',(20.4338655316399,13.8901551584499,-7.57128228773361));
#4326=CARTESIAN_POINT('',(20.4342026123903,12.9332984533975,-7.56793750426171));
#4327=CARTESIAN_POINT('',(18.6339623186306,14.7411409680458,-7.8201702724465));
#4328=CARTESIAN_POINT('',(18.6564962765747,14.747128814561,-8.01268020755249));
#4329=CARTESIAN_POINT('',(18.6570535457373,14.9410447599696,-8.01261502775086));
#4330=CARTESIAN_POINT('',(6.26664777485828,14.7771679521835,-9.26668689877076));
#4331=CARTESIAN_POINT('',(6.27556622977649,14.7831941015803,-9.46074549520985));
#4332=CARTESIAN_POINT('',(6.27431841023395,14.9770717440809,-9.46093529023026));
#4333=CARTESIAN_POINT('',(-6.26925568399605,14.7681993744142,-9.26657406931028));
#4334=CARTESIAN_POINT('',(-6.27884745772084,14.7742102201614,-9.46056606225858));
#4335=CARTESIAN_POINT('',(-6.27721585089805,14.9681031663303,-9.46082232078103));
#4336=CARTESIAN_POINT('',(-18.6365441872679,14.7144764810063,-7.81983482110871));
#4337=CARTESIAN_POINT('',(-18.659093789859,14.7204330670213,-8.01237638390766));
#4338=CARTESIAN_POINT('',(-18.6599249134105,14.91438027293,-8.01227915814457));
#4339=CARTESIAN_POINT('',(-18.6366871488859,14.91438027293,-7.81363372955415));
#4340=CARTESIAN_POINT('',(-18.6365441872682,14.7144764810063,-7.81983482110876));
#4341=CARTESIAN_POINT('',(0.000142961617750285,9.78583511693332,151.493798908445));
#4342=CARTESIAN_POINT('',(-18.6365441872682,14.7144764810063,-7.81983482110874));
#4343=CARTESIAN_POINT('',(-18.6590937898592,14.7204330670213,-8.01237638390769));
#4344=CARTESIAN_POINT('',(-18.6599249134107,14.91438027293,-8.01227915814459));
#4345=CARTESIAN_POINT('',(-19.5848306201418,14.7099857918794,-7.69693110076186));
#4346=CARTESIAN_POINT('',(-19.6414350258407,14.7042807324837,-7.89746674401116));
#4347=CARTESIAN_POINT('',(-19.7149359619364,14.9098030187292,-7.8888627851092));
#4348=CARTESIAN_POINT('',(-20.4338758678396,13.8617072234217,-7.57127423776467));
#4349=CARTESIAN_POINT('',(-20.4383524546019,13.8378277739016,-7.79432978179463));
#4350=CARTESIAN_POINT('',(-20.6595526655918,13.9677845327124,-7.76563623019822));
#4351=CARTESIAN_POINT('',(-20.4342123179187,12.9066458135033,-7.5679362452604));
#4352=CARTESIAN_POINT('',(-20.4349930947634,12.9066353829676,-7.79476610864106));
#4353=CARTESIAN_POINT('',(-20.6599395626388,12.9067186753579,-7.76558604189449));
#4354=CARTESIAN_POINT('',(-20.6342111198459,12.9067186753579,-7.56724782764556));
#4355=CARTESIAN_POINT('',(-20.4342123179187,12.9066458135033,-7.56793624526041));
#4356=CARTESIAN_POINT('',(-20.4342123179187,12.9066458135033,-7.56793624526041));
#4357=CARTESIAN_POINT('',(-20.4338755116524,13.8627182752788,-7.57127776775542));
#4358=CARTESIAN_POINT('',(-19.5844906673017,14.7099874018151,-7.69697516268732));
#4359=CARTESIAN_POINT('',(-18.6365441872682,14.7144764810063,-7.81983482110877));
#4360=CARTESIAN_POINT('',(-20.6699888337236,-14.6555193686004,-7.76428212758104));
#4361=CARTESIAN_POINT('',(-20.5578349856096,-14.6555608972053,-7.77883792601372));
#4362=CARTESIAN_POINT('',(-20.4446383573844,-14.655597433597,-7.67972775241899));
#4363=CARTESIAN_POINT('',(-20.4442490743447,-14.655592230455,-7.56663395475061));
#4364=CARTESIAN_POINT('',(-20.6666390970543,-5.4681615119172,-7.7647168705041));
#4365=CARTESIAN_POINT('',(-20.5544863333034,-5.46820303989693,-7.77927012958736));
#4366=CARTESIAN_POINT('',(-20.4412927874159,-5.46823957596888,-7.68016055178095));
#4367=CARTESIAN_POINT('',(-20.4409035092029,-5.46823437377177,-7.56706815627526));
#4368=CARTESIAN_POINT('',(-20.6632893400227,3.71925117839659,-7.7651515086094));
#4369=CARTESIAN_POINT('',(-20.551137660723,3.71920965104201,-7.77970222841628));
#4370=CARTESIAN_POINT('',(-20.4379471971105,3.71917311528977,-7.68059324645293));
#4371=CARTESIAN_POINT('',(-20.4375579237243,3.71917831654202,-7.56750225311273));
#4372=CARTESIAN_POINT('',(-20.6599395626388,12.9067186753377,-7.76558604189446));
#4373=CARTESIAN_POINT('',(-20.5477889678781,12.9066771486082,-7.78013422249801));
#4374=CARTESIAN_POINT('',(-20.4346015864782,12.9066406131757,-7.68102583643241));
#4375=CARTESIAN_POINT('',(-20.4342123179187,12.9066458134831,-7.56793624526046));
#4376=CARTESIAN_POINT('',(-20.6442478762719,-14.6555193685973,-7.56594553713571));
#4377=CARTESIAN_POINT('',(-20.4442490743447,-14.6555922304519,-7.56663395475056));
#4378=CARTESIAN_POINT('',(0.199998801927256,55148.9285146549,151.499311582385));
#4379=CARTESIAN_POINT('',(-20.4442490743447,-14.6555922304519,-7.56663395475058));
#4380=CARTESIAN_POINT('',(-20.4450299008493,-14.6556026669486,-7.79347824467924));
#4381=CARTESIAN_POINT('',(-20.6699888337236,-14.6555193685973,-7.76428212758103));
#4382=CARTESIAN_POINT('',(-20.444457850039,-15.2209178728687,-7.56745353575373));
#4383=CARTESIAN_POINT('',(-20.4461891603065,-15.2106010466772,-7.79332811917393));
#4384=CARTESIAN_POINT('',(-20.67021782334,-15.2836462562362,-7.76425240834487));
#4385=CARTESIAN_POINT('',(-20.1694191693527,-15.7660776899777,-7.60833357701602));
#4386=CARTESIAN_POINT('',(-20.1900447143805,-15.7454289992557,-7.82658657998951));
#4387=CARTESIAN_POINT('',(-20.3642201230654,-15.8893083140645,-7.80446983030845));
#4388=CARTESIAN_POINT('',(-19.7185126104167,-16.1023082709362,-7.67111035561166));
#4389=CARTESIAN_POINT('',(-19.7371066413569,-16.0918869715769,-7.88262955917584));
#4390=CARTESIAN_POINT('',(-19.8625629330642,-16.2627990693415,-7.86699342627397));
#4391=CARTESIAN_POINT('',(-19.8378274873195,-16.2627990693414,-7.66852892636577));
#4392=CARTESIAN_POINT('',(-19.7185126104168,-16.1023082709361,-7.67111035561163));
#4393=CARTESIAN_POINT('',(-19.7185126104168,-16.1023082709362,-7.67111035561163));
#4394=CARTESIAN_POINT('',(-20.1690997449482,-15.7663158773592,-7.60837804831776));
#4395=CARTESIAN_POINT('',(-20.4444579729412,-15.2212507005747,-7.56745401487386));
#4396=CARTESIAN_POINT('',(-20.4442490743447,-14.6555922304519,-7.56663395475057));
#4397=CARTESIAN_POINT('',(-19.7185126104168,-16.1023082709361,-7.67111035561165));
#4398=CARTESIAN_POINT('',(-19.737106641357,-16.0918869715768,-7.88262955917583));
#4399=CARTESIAN_POINT('',(-19.8625629330643,-16.2627990693414,-7.86699342627396));
#4400=CARTESIAN_POINT('',(-19.3801696189108,-16.3546028120846,-7.71821602777514));
#4401=CARTESIAN_POINT('',(-19.5286481184683,-16.2507521549755,-7.81656791166238));
#4402=CARTESIAN_POINT('',(-19.4858774678901,-16.4032826537844,-7.91394128289807));
#4403=CARTESIAN_POINT('',(-19.0107698509464,-16.4618831201162,-7.9829760415972));
#4404=CARTESIAN_POINT('',(-19.0362812541345,-16.4624852886355,-8.02789639802366));
#4405=CARTESIAN_POINT('',(-19.0617924162531,-16.4630874624223,-8.07281686867489));
#4406=CARTESIAN_POINT('',(-18.6469205192997,-16.4650615493459,-8.2124606087707));
#4407=CARTESIAN_POINT('',(-18.6469205192997,-16.4650615493459,-8.2124606087707));
#4408=CARTESIAN_POINT('',(-18.6469205192997,-16.4650615493459,-8.2124606087707));
#4409=CARTESIAN_POINT('',(-19.7185126104168,-16.1023082709361,-7.67111035561165));
#4410=CARTESIAN_POINT('',(-19.373747416296,-16.3593916936911,-7.71910976448139));
#4411=CARTESIAN_POINT('',(-19.0073791364885,-16.461912736944,-7.98511438977299));
#4412=CARTESIAN_POINT('',(-18.6469205192997,-16.4650615493459,-8.2124606087707));
#4413=CARTESIAN_POINT('',(0.0370382639391523,-16.4530600958892,-7.03942887283211));
#4414=CARTESIAN_POINT('',(-18.6426553054024,-16.4483300796224,-6.97510327633743));
#4415=CARTESIAN_POINT('',(-18.6462369291987,-16.4623799099497,-8.01414293434404));
#4416=CARTESIAN_POINT('',(-18.6462369291987,-16.4623799099497,-8.01414293434404));
#4417=CARTESIAN_POINT('',(-6.26776652052142,-16.4845164256276,-9.46197307690945));
#4418=CARTESIAN_POINT('',(6.26644280469714,-16.4871082879013,-9.46209617067665));
#4419=CARTESIAN_POINT('',(18.6454961610956,-16.4700874929981,-8.01423436618047));
#4420=CARTESIAN_POINT('',(18.6454961610956,-16.4700874929981,-8.01423436618047));
#4421=CARTESIAN_POINT('',(18.6419147691404,-16.4560370240607,-6.97525694664198));
#4422=CARTESIAN_POINT('',(18.8391894102637,-16.5803962040796,5.53756259596971E-14));
#4423=CARTESIAN_POINT('',(18.8393028200574,-16.3804574219473,5.53870344347055E-14));
#4424=CARTESIAN_POINT('',(18.839302854758,-16.3803962456158,-0.19993880493736));
#4425=CARTESIAN_POINT('',(19.3108387630293,-16.5806637342282,5.54222015033923E-14));
#4426=CARTESIAN_POINT('',(19.2584205559614,-16.3808310505624,2.66294758341461E-14));
#4427=CARTESIAN_POINT('',(19.2585470767161,-16.3806340920165,-0.199802821812255));
#4428=CARTESIAN_POINT('',(20.250589369461,-16.1904487118252,5.43458732176984E-14));
#4429=CARTESIAN_POINT('',(20.0939810427438,-16.0344201375269,3.58105477576741E-14));
#4430=CARTESIAN_POINT('',(20.0938816174632,-16.0337763734974,-0.199545226701288));
#4431=CARTESIAN_POINT('',(20.6405901639199,-15.2506117609719,5.17507046030748E-14));
#4432=CARTESIAN_POINT('',(20.4410829670956,-15.1984839984445,1.17636692519792E-13));
#4433=CARTESIAN_POINT('',(20.44054919877,-15.198365775221,-0.199464896913754));
#4434=CARTESIAN_POINT('',(20.6402144697024,-14.7789640472191,5.0415401020576E-14));
#4435=CARTESIAN_POINT('',(20.4407327446582,-14.7791229457615,5.03983544825125E-14));
#4436=CARTESIAN_POINT('',(20.4402152062526,-14.7791233580102,-0.199481116973985));
#4437=CARTESIAN_POINT('',(20.6402144697024,-14.7789640472191,-0.19999999999995));
#4438=CARTESIAN_POINT('',(20.4402152062526,-14.7791233580102,-0.199481116973985));
#4439=CARTESIAN_POINT('',(18.8402089816838,-14.7803964085774,-0.19999999999995));
#4440=CARTESIAN_POINT('',(18.839302854758,-16.3803962456158,-0.199938804937359));
#4441=CARTESIAN_POINT('',(18.8391894102637,-16.5803962040796,-0.199999999999945));
#4442=CARTESIAN_POINT('',(-0.0726106207059269,-16.5696690038958,-0.199999999999947));
#4443=CARTESIAN_POINT('',(-18.8412143862107,-16.5590230278685,-0.199999999999948));
#4444=CARTESIAN_POINT('',(-18.8411009417164,-16.3590230694048,-0.199938804937363));
#4445=CARTESIAN_POINT('',(-0.312890658509152,-16.3695326888185,-0.199938804937362));
#4446=CARTESIAN_POINT('',(-20.640197444742,-14.7575908588832,4.64038529823796E-14));
#4447=CARTESIAN_POINT('',(-20.4407157196977,-14.7577497574255,4.63870182025529E-14));
#4448=CARTESIAN_POINT('',(-20.4401981812922,-14.7577501696743,-0.199481116973989));
#4449=CARTESIAN_POINT('',(-20.6405728678619,-15.2288982399094,4.77381200926151E-14));
#4450=CARTESIAN_POINT('',(-20.4410655358226,-15.1768083798416,6.97899422275617E-14));
#4451=CARTESIAN_POINT('',(-20.4405319324064,-15.1766900688087,-0.199465062761065));
#4452=CARTESIAN_POINT('',(-20.2511649835277,-16.1680686408516,5.03814021553365E-14));
#4453=CARTESIAN_POINT('',(-20.0944911079236,-16.0121512678413,4.27239265057217E-14));
#4454=CARTESIAN_POINT('',(-20.094391381906,-16.0115081784608,-0.19954555144394));
#4455=CARTESIAN_POINT('',(-19.3125234050711,-16.5587556907257,5.16427966375361E-14));
#4456=CARTESIAN_POINT('',(-19.259916560077,-16.3589824633333,4.4825990649083E-14));
#4457=CARTESIAN_POINT('',(-19.2600426443437,-16.3587854777793,-0.199802938235161));
#4458=CARTESIAN_POINT('',(-18.8412143862107,-16.5590230278686,5.16893385732464E-14));
#4459=CARTESIAN_POINT('',(-18.841100976417,-16.3590842457362,5.17007470482548E-14));
#4460=CARTESIAN_POINT('',(-18.8411009417164,-16.3590230694048,-0.199938804937364));
#4461=CARTESIAN_POINT('',(-20.640197444742,-14.7575908588832,-0.199999999999954));
#4462=CARTESIAN_POINT('',(-20.4401981812922,-14.7577501696743,-0.199481116973989));
#4463=CARTESIAN_POINT('',(-18.8401919567344,-14.7590232339875,-0.199999999999953));
#4464=CARTESIAN_POINT('',(-20.6291058929563,-0.833222196329697,-0.199999999999993));
#4465=CARTESIAN_POINT('',(-20.6180203044372,13.0836601628253,-0.200000000000032));
#4466=CARTESIAN_POINT('',(-20.4180210409873,13.0835008520341,-0.199481116974068));
#4467=CARTESIAN_POINT('',(-20.4401982300056,-14.7578113246459,-0.199481116973989));
#4468=CARTESIAN_POINT('',(-18.8187735186881,14.8825409245622,-3.76489204395591E-14));
#4469=CARTESIAN_POINT('',(-18.8187018333627,14.686789758859,-3.93379041363842E-14));
#4470=CARTESIAN_POINT('',(-18.8187002942995,14.682587038127,-0.195706058028467));
#4471=CARTESIAN_POINT('',(-19.2896485294948,14.8823684871097,-3.76941751816705E-14));
#4472=CARTESIAN_POINT('',(-19.2382194959876,14.6867676614865,1.15601176115723E-12));
#4473=CARTESIAN_POINT('',(-19.2372562057718,14.6824366458253,-0.195571688377194));
#4474=CARTESIAN_POINT('',(-20.2274981232974,14.4925367404347,-3.67021222569623E-14));
#4475=CARTESIAN_POINT('',(-20.0761285273197,14.3367352401512,-6.40029027665889E-13));
#4476=CARTESIAN_POINT('',(-20.0708985849045,14.3359053382306,-0.196232934467263));
#4477=CARTESIAN_POINT('',(-20.6176451405637,13.5546420327595,-3.40762512002139E-14));
#4478=CARTESIAN_POINT('',(-20.4193229906257,13.5011425647222,-2.78115007672996E-14));
#4479=CARTESIAN_POINT('',(-20.4176904566335,13.5021755205457,-0.198358001808755));
#4480=CARTESIAN_POINT('',(-20.6180203044372,13.0836601628253,-3.27429056090622E-14));
#4481=CARTESIAN_POINT('',(-20.4185385793929,13.0835012642829,-3.27594227515337E-14));
#4482=CARTESIAN_POINT('',(-20.4180210409873,13.0835008520341,-0.199481116974068));
#4483=CARTESIAN_POINT('',(-18.8180148974419,13.0821260845779,-0.200000000000033));
#4484=CARTESIAN_POINT('',(-18.8187002942995,14.682587038127,-0.195706058028466));
#4485=CARTESIAN_POINT('',(-18.8187735186881,14.8825409245622,-0.200000000000037));
#4486=CARTESIAN_POINT('',(0.0908649484901993,14.8894657547799,-0.200000000000036));
#4487=CARTESIAN_POINT('',(-18.8192031523048,14.6825868539772,-0.195706058028466));
#4488=CARTESIAN_POINT('',(18.817517725439,14.6963696612203,-0.195706058028463));
#4489=CARTESIAN_POINT('',(18.8174445010504,14.8963235476555,-0.200000000000034));
#4490=CARTESIAN_POINT('',(20.6180093258449,13.0974427217843,-2.86771474622416E-14));
#4491=CARTESIAN_POINT('',(20.4185276008006,13.0972838232419,-2.86939822420683E-14));
#4492=CARTESIAN_POINT('',(20.418010062395,13.0972834109931,-0.199481116974064));
#4493=CARTESIAN_POINT('',(20.6176339869335,13.5686443338351,-3.00111880656533E-14));
#4494=CARTESIAN_POINT('',(20.4193124749503,13.5151193364562,-1.33954256307919E-14));
#4495=CARTESIAN_POINT('',(20.4176793240559,13.5161534213223,-0.198357379113464));
#4496=CARTESIAN_POINT('',(20.2271040657828,14.5069688254323,-3.27083869575596E-14));
#4497=CARTESIAN_POINT('',(20.0757799399923,14.3510974555554,7.61885693671211E-13));
#4498=CARTESIAN_POINT('',(20.0705470961788,14.3502652970529,-0.196231199795763));
#4499=CARTESIAN_POINT('',(19.2885392041175,14.8964960655189,-3.39173571967482E-14));
#4500=CARTESIAN_POINT('',(19.2372285780545,14.7008584824929,-1.63694864777349E-12));
#4501=CARTESIAN_POINT('',(19.2362689212052,14.6965259151376,-0.195570802879348));
#4502=CARTESIAN_POINT('',(18.8174445010504,14.8963235476555,-3.39626330531084E-14));
#4503=CARTESIAN_POINT('',(18.8175161863758,14.7005723819523,-3.39651741519502E-14));
#4504=CARTESIAN_POINT('',(18.817517725439,14.6963696612203,-0.195706058028463));
#4505=CARTESIAN_POINT('',(18.8180039188566,13.0959086347217,-0.200000000000029));
#4506=CARTESIAN_POINT('',(20.418010062395,13.0972834109931,-0.199481116974063));
#4507=CARTESIAN_POINT('',(20.6180093258449,13.0974427217843,-0.200000000000028));
#4508=CARTESIAN_POINT('',(20.6291058929563,-0.833222196329697,-0.199999999999989));
#4509=CARTESIAN_POINT('',(20.4180066502915,13.1015669764282,-0.199481116974064));
#4510=CARTESIAN_POINT('',(2.8,-0.799999999999999,3.7));
#4511=CARTESIAN_POINT('',(2.80000000000434,1.24366812792933,3.7));
#4512=CARTESIAN_POINT('',(-2.79999999999487,1.24366812792933,3.7));
#4513=CARTESIAN_POINT('',(2.8000000000048,1.24366812792933,3.7));
#4514=CARTESIAN_POINT('',(2.8,-0.799999999999999,3.7));
#4515=CARTESIAN_POINT('',(2.8,-2.84366812792932,3.7));
#4516=CARTESIAN_POINT('',(-2.79999999999432,-2.84366812792932,3.7));
#4517=CARTESIAN_POINT('',(-2.79999999999433,-2.84366812792932,3.7));
#4518=CARTESIAN_POINT('',(-2.8,-0.799999999999999,3.7));
#4519=CARTESIAN_POINT('',(-2.8,-0.799999999999999,3.7));
#4520=CARTESIAN_POINT('',(-2.79999999999292,1.75633187207067,3.7));
#4521=CARTESIAN_POINT('',(-2.8,-3.35633187207067,3.7));
#4522=CARTESIAN_POINT('',(2.79999999999734,-3.35633187207067,3.7));
#4523=CARTESIAN_POINT('',(2.79999999999734,-3.35633187207067,3.7));
#4524=CARTESIAN_POINT('',(2.8,-0.799999999999999,3.7));
#4525=CARTESIAN_POINT('',(2.8000000000061,1.75633187207067,3.7));
#4526=CARTESIAN_POINT('',(-2.79999999999293,1.75633187207067,3.7));
#4527=CARTESIAN_POINT('',(18.836911699038,-14.7800057075424,-1.47079095801795));
#4528=CARTESIAN_POINT('',(20.4369225231974,-14.7787332019891,-1.46849936734033));
#4529=CARTESIAN_POINT('',(20.4337244871222,-14.7783542608613,-2.70104014842385));
#4530=CARTESIAN_POINT('',(18.8337209552134,-14.7796276304867,-2.70052126539789));
#4531=CARTESIAN_POINT('',(18.8328145107256,-16.3796274298966,-2.70058246046048));
#4532=CARTESIAN_POINT('',(18.8360041430834,-16.3800053752526,-1.47128051851863));
#4533=CARTESIAN_POINT('',(-0.312890446483778,-16.3691588931029,-1.4215921294482));
#4534=CARTESIAN_POINT('',(-18.8340938635808,-16.3582619085939,-2.70058246046048));
#4535=CARTESIAN_POINT('',(-18.8346126035472,-16.3582616143528,-2.70058246046048));
#4536=CARTESIAN_POINT('',(-18.8378064509151,-16.3586364362487,-1.46965491798206));
#4537=CARTESIAN_POINT('',(-18.8368988949606,-14.7586367685385,-1.46916535748138));
#4538=CARTESIAN_POINT('',(-18.8337039361269,-14.7582618162038,-2.70052126539789));
#4539=CARTESIAN_POINT('',(-20.4337074680271,-14.7569884358871,-2.70104014842385));
#4540=CARTESIAN_POINT('',(-20.4369056247165,-14.7573637635141,-1.46845176813545));
#4541=CARTESIAN_POINT('',(-20.4258254575022,-0.833384120760997,-1.46418311654635));
#4542=CARTESIAN_POINT('',(-20.4226165271237,-0.833386676856597,-2.70104014842385));
#4543=CARTESIAN_POINT('',(-20.4115737237477,13.0297830803512,-2.70104014842386));
#4544=CARTESIAN_POINT('',(-20.4186235817389,13.0885211023679,0.0343046892724218));
#4545=CARTESIAN_POINT('',(-18.8146976076973,13.054487082729,-1.48710839130752));
#4546=CARTESIAN_POINT('',(-18.811570254857,13.0284305975899,-2.70052126539789));
#4547=CARTESIAN_POINT('',(-18.8122335179927,14.6287071373462,-2.70481520736946));
#4548=CARTESIAN_POINT('',(-18.8117396988052,14.6245927335752,-2.89641704769028));
#4549=CARTESIAN_POINT('',(0.0909482169605131,14.6620844876813,-1.47290359124145));
#4550=CARTESIAN_POINT('',(0.0909579049066963,14.6356296066151,-2.70481520736946));
#4551=CARTESIAN_POINT('',(18.8110509529049,14.6424850240914,-2.70481520736946));
#4552=CARTESIAN_POINT('',(18.818032772627,14.7006613122231,0.00413236291703427));
#4553=CARTESIAN_POINT('',(18.8139872970689,13.0624399752977,-1.75845012699977));
#4554=CARTESIAN_POINT('',(18.8115592800316,13.0422084275966,-2.70052126539789));
#4555=CARTESIAN_POINT('',(20.4115627489168,13.0435609172142,-2.70104014842385));
#4556=CARTESIAN_POINT('',(20.411137109252,13.040014257924,-2.86618843091597));
#4557=CARTESIAN_POINT('',(20.4258254575022,-0.833384120760997,-1.46418311654635));
#4558=CARTESIAN_POINT('',(20.4226165271237,-0.833386676856597,-2.70104014842385));
#4559=CARTESIAN_POINT('',(2.80000000000657,2.,1.));
#4560=CARTESIAN_POINT('',(-2.79999999999281,2.,1.));
#4561=CARTESIAN_POINT('',(-2.79999999999292,1.95630141110195,3.50349048128746));
#4562=CARTESIAN_POINT('',(-2.79999999999264,2.0629387223292,-2.60575698732907));
#4563=CARTESIAN_POINT('',(2.80000000000657,1.95630141110195,3.50349048128746));
#4564=CARTESIAN_POINT('',(2.80000000000657,1.95630141110195,3.50349048128746));
#4565=CARTESIAN_POINT('',(2.80000000000657,2.,1.));
#4566=CARTESIAN_POINT('',(2.80000000000657,2.0629387223292,-2.60575698732907));
#4567=CARTESIAN_POINT('',(-2.79999999999293,2.0629387223292,-2.60575698732908));
#4568=CARTESIAN_POINT('',(-2.8,-0.799999999999999,1.));
#4569=CARTESIAN_POINT('',(-2.8,-3.6,1.));
#4570=CARTESIAN_POINT('',(-2.8,-3.55630141110195,3.50349048128746));
#4571=CARTESIAN_POINT('',(-2.8,-3.6629387223292,-2.60575698732907));
#4572=CARTESIAN_POINT('',(-2.8,-0.799999999999999,3.50349048128746));
#4573=CARTESIAN_POINT('',(-2.8,-0.799999999999999,-2.60575698732908));
#4574=CARTESIAN_POINT('',(2.80000000000657,-3.6,1.));
#4575=CARTESIAN_POINT('',(2.7999999999973,-3.6,1.));
#4576=CARTESIAN_POINT('',(2.79999999999734,-3.55630141110195,3.50349048128746));
#4577=CARTESIAN_POINT('',(2.79999999999724,-3.6629387223292,-2.60575698732907));
#4578=CARTESIAN_POINT('',(-2.8,-3.55630141110195,3.50349048128746));
#4579=CARTESIAN_POINT('',(2.79999999999734,-3.6629387223292,-2.60575698732908));
#4580=CARTESIAN_POINT('',(2.8,-0.799999999999999,1.));
#4581=CARTESIAN_POINT('',(2.8,-0.799999999999999,3.50349048128746));
#4582=CARTESIAN_POINT('',(2.8,-0.799999999999999,-2.60575698732908));
#4583=CARTESIAN_POINT('',(-4.08294309320191,0.990539267612093,-2.90052126539789));
#4584=CARTESIAN_POINT('',(0.,-8.8,-2.90052126539789));
#4585=CARTESIAN_POINT('',(-2.53144031225381,-8.8,-2.90052126539789));
#4586=CARTESIAN_POINT('',(2.8,-0.799999999999999,-2.90052126539789));
#4587=CARTESIAN_POINT('',(2.80000000000657,2.36289303087612,-2.90052126539789));
#4588=CARTESIAN_POINT('',(2.79999999999724,-3.96289303087612,-2.90052126539789));
#4589=CARTESIAN_POINT('',(-2.8,-3.96289303087612,-2.90052126539789));
#4590=CARTESIAN_POINT('',(-2.8,-3.96289303087612,-2.90052126539789));
#4591=CARTESIAN_POINT('',(-2.8,-0.799999999999999,-2.90052126539789));
#4592=CARTESIAN_POINT('',(-2.79999999999187,2.36289303087612,-2.90052126539789));
#4593=CARTESIAN_POINT('',(2.80000000000657,2.36289303087612,-2.90052126539789));
#4594=CARTESIAN_POINT('',(0.,7.2,-2.90052126539789));
#4595=CARTESIAN_POINT('',(-2.53144031225381,7.2,-2.90052126539789));
#4596=CARTESIAN_POINT('',(-4.08786622750788,14.4341453813137,-2.90052126539789));
#4597=CARTESIAN_POINT('',(18.8111241772935,14.4425311376562,-2.90052126539789));
#4598=CARTESIAN_POINT('',(-18.8121602936041,14.428753250911,-2.90052126539789));
#4599=CARTESIAN_POINT('',(-18.811570254857,13.0284305975899,-2.90052126539789));
#4600=CARTESIAN_POINT('',(-20.2115744602978,13.0296237695601,-2.90052126539789));
#4601=CARTESIAN_POINT('',(-20.221154036256,1.00339427071788,-2.90052126539789));
#4602=CARTESIAN_POINT('',(-20.2337082045773,-14.7571477466782,-2.90052126539789));
#4603=CARTESIAN_POINT('',(-18.8337039361269,-14.7582618162038,-2.90052126539789));
#4604=CARTESIAN_POINT('',(-18.8344991590529,-16.1582616558891,-2.90052126539789));
#4605=CARTESIAN_POINT('',(18.8324091453836,-16.1796271771522,-2.90052126539789));
#4606=CARTESIAN_POINT('',(18.83292795522,-16.1796274714328,-2.90052126539789));
#4607=CARTESIAN_POINT('',(18.8337209552134,-14.7796276304867,-2.90052126539789));
#4608=CARTESIAN_POINT('',(20.2337252236723,-14.7785135716525,-2.90052126539789));
#4609=CARTESIAN_POINT('',(20.221148854981,1.00989885948877,-2.90052126539789));
#4610=CARTESIAN_POINT('',(20.211563485467,13.043401606423,-2.90052126539789));
#4611=CARTESIAN_POINT('',(18.8115592800316,13.0422084275966,-2.90052126539789));
#4612=CARTESIAN_POINT('',(18.6422867056104,-14.6562016157928,-6.99959549237978));
#4613=CARTESIAN_POINT('',(18.6447561586181,-16.4671843251922,-7.79955642134788));
#4614=CARTESIAN_POINT('',(20.4368673686999,-14.6343270915054,-5.42435456523376));
#4615=CARTESIAN_POINT('',(20.4356516544053,-0.921952015688782,-6.5224782331491));
#4616=CARTESIAN_POINT('',(20.4291461260581,12.8875755241416,-6.09408988047561));
#4617=CARTESIAN_POINT('',(18.6291569087128,12.8869197674504,-6.10028563900929));
#4618=CARTESIAN_POINT('',(18.6309335567077,14.7137535970466,-6.9373569373007));
#4619=CARTESIAN_POINT('',(-0.209340054115321,14.7022960365243,-7.00234972060569));
#4620=CARTESIAN_POINT('',(-18.6335243008129,14.687173699396,-6.93960893607939));
#4621=CARTESIAN_POINT('',(-18.629169680823,12.8603021086478,-6.10117898449367));
#4622=CARTESIAN_POINT('',(-20.4291588981683,12.860957865339,-6.09498322595999));
#4623=CARTESIAN_POINT('',(-20.4356516544053,-0.921952015688782,-6.5224782331491));
#4624=CARTESIAN_POINT('',(-20.4451144576538,-14.6589869335042,-7.81768546323273));
#4625=CARTESIAN_POINT('',(-18.6422833689324,-14.6484946713545,-6.99944182207523));
#4626=CARTESIAN_POINT('',(-18.6372472381433,-16.4271154545681,-5.40619915139176));
#4627=CARTESIAN_POINT('',(0.0370382639391523,-16.4530600958892,-7.03942887283211));
#4628=CARTESIAN_POINT('',(2.80000000000657,1.,1.));
#4629=CARTESIAN_POINT('',(2.80000000000423,1.,1.));
#4630=CARTESIAN_POINT('',(2.80000000000433,1.04369858889805,3.50349048128746));
#4631=CARTESIAN_POINT('',(2.80000000000398,0.897167433367275,-4.89127379678136));
#4632=CARTESIAN_POINT('',(-2.79999999999537,1.04369858889805,3.50349048128746));
#4633=CARTESIAN_POINT('',(-2.79999999999537,1.04369858889805,3.50349048128746));
#4634=CARTESIAN_POINT('',(-2.79999999999537,1.,1.));
#4635=CARTESIAN_POINT('',(-2.79999999999537,0.897167433367275,-4.89127379678136));
#4636=CARTESIAN_POINT('',(2.80000000000434,0.897167433367275,-4.89127379678136));
#4637=CARTESIAN_POINT('',(2.8,-0.799999999999999,1.));
#4638=CARTESIAN_POINT('',(2.8,-2.6,1.));
#4639=CARTESIAN_POINT('',(2.8,-2.64369858889805,3.50349048128746));
#4640=CARTESIAN_POINT('',(2.8,-2.49716743336727,-4.89127379678136));
#4641=CARTESIAN_POINT('',(2.8,-0.799999999999999,3.50349048128746));
#4642=CARTESIAN_POINT('',(2.8,-0.799999999999999,-4.89127379678136));
#4643=CARTESIAN_POINT('',(2.80000000000657,-2.6,1.));
#4644=CARTESIAN_POINT('',(-2.79999999999446,-2.6,1.));
#4645=CARTESIAN_POINT('',(-2.79999999999433,-2.64369858889805,3.50349048128746));
#4646=CARTESIAN_POINT('',(-2.79999999999478,-2.49716743336727,-4.89127379678136));
#4647=CARTESIAN_POINT('',(2.8,-2.64369858889805,3.50349048128746));
#4648=CARTESIAN_POINT('',(-2.79999999999483,-2.49716743336727,-4.89127379678136));
#4649=CARTESIAN_POINT('',(-2.8,-0.799999999999999,1.));
#4650=CARTESIAN_POINT('',(-2.8,-0.799999999999999,3.50349048128746));
#4651=CARTESIAN_POINT('',(-2.8,-0.799999999999999,-4.89127379678136));
#4652=CARTESIAN_POINT('',(0.,7.2,3.5));
#4653=CARTESIAN_POINT('',(0.,7.2,3.5));
#4654=CARTESIAN_POINT('',(1.97992820408126,7.2,3.5));
#4655=CARTESIAN_POINT('',(0.,7.2,3.5));
#4656=CARTESIAN_POINT('',(1.5,7.2,3.5));
#4657=CARTESIAN_POINT('',(0.,7.2,1.00174530709967));
#4658=CARTESIAN_POINT('',(0.,7.2,3.30174530709967));
#4659=CARTESIAN_POINT('',(-2.17992058869409,7.2,3.30174530709967));
#4660=CARTESIAN_POINT('',(0.,7.2,-2.60313922604738));
#4661=CARTESIAN_POINT('',(2.23145173533456,7.2,-2.60313922604738));
#4662=CARTESIAN_POINT('',(0.,-8.8,3.5));
#4663=CARTESIAN_POINT('',(0.,-8.8,3.5));
#4664=CARTESIAN_POINT('',(-1.97992820408125,-8.8,3.5));
#4665=CARTESIAN_POINT('',(0.,-8.8,3.5));
#4666=CARTESIAN_POINT('',(-1.5,-8.8,3.5));
#4667=CARTESIAN_POINT('',(0.,-8.8,1.00174530709967));
#4668=CARTESIAN_POINT('',(0.,-8.8,3.30174530709967));
#4669=CARTESIAN_POINT('',(-2.17992058869409,-8.8,3.30174530709967));
#4670=CARTESIAN_POINT('',(0.,-8.8,-2.6031392260474));
#4671=CARTESIAN_POINT('',(-2.23145173533456,-8.8,-2.6031392260474));
#4672=CARTESIAN_POINT('',(20.4337244871222,-14.7783542608613,-2.70104014842385));
#4673=CARTESIAN_POINT('',(20.4332069487166,-14.7783546731101,-2.90052126539789));
#4674=CARTESIAN_POINT('',(20.2337252236723,-14.7785135716525,-2.90052126539789));
#4675=CARTESIAN_POINT('',(20.434392303859,-15.6168391316734,-2.70107258854651));
#4676=CARTESIAN_POINT('',(20.4338422258886,-15.6165005535038,-2.9005212653983));
#4677=CARTESIAN_POINT('',(20.2343096369009,-15.5121878423396,-2.90052126539789));
#4678=CARTESIAN_POINT('',(19.6713015996508,-16.3801029554994,-2.7008544267287));
#4679=CARTESIAN_POINT('',(19.670700211692,-16.3797698231174,-2.90052126539794));
#4680=CARTESIAN_POINT('',(19.5666047754843,-16.1800436294304,-2.90052126539789));
#4681=CARTESIAN_POINT('',(18.8328145107256,-16.3796274298966,-2.70058246046048));
#4682=CARTESIAN_POINT('',(18.8328145454262,-16.3795662535652,-2.90052126539789));
#4683=CARTESIAN_POINT('',(18.83292795522,-16.1796274714328,-2.90052126539789));
#4684=CARTESIAN_POINT('',(18.83292795522,-16.1796274714328,-2.70052126539789));
#4685=CARTESIAN_POINT('',(20.2337252236723,-14.7785135716525,-2.70052126539789));
#4686=CARTESIAN_POINT('',(20.2226172636738,-0.83354598764773,-2.70052126539789));
#4687=CARTESIAN_POINT('',(20.211563485467,13.043401606423,-2.70052126539789));
#4688=CARTESIAN_POINT('',(-0.312776780012898,-16.168767595217,-2.70052126539789));
#4689=CARTESIAN_POINT('',(-18.8344991590529,-16.1582616558891,-2.70052126539789));
#4690=CARTESIAN_POINT('',(18.8110509529049,14.6424850240914,-2.70481520736946));
#4691=CARTESIAN_POINT('',(18.811052491968,14.6382823033594,-2.90052126539789));
#4692=CARTESIAN_POINT('',(18.8111241772935,14.4425311376562,-2.90052126539789));
#4693=CARTESIAN_POINT('',(19.6485520063256,14.6427859132015,-2.70508571768837));
#4694=CARTESIAN_POINT('',(19.6458006301627,14.6383232833537,-2.9005212654015));
#4695=CARTESIAN_POINT('',(19.5439382090794,14.4427994987625,-2.90052126539789));
#4696=CARTESIAN_POINT('',(20.4108896872734,13.8812044623255,-2.70328762429609));
#4697=CARTESIAN_POINT('',(20.4081527417835,13.8762648322783,-2.90052126539816));
#4698=CARTESIAN_POINT('',(20.2109796248643,13.7763819410609,-2.90052126539789));
#4699=CARTESIAN_POINT('',(20.4115627489168,13.0435609172142,-2.70104014842385));
#4700=CARTESIAN_POINT('',(20.4110452105112,13.0435605049654,-2.90052126539789));
#4701=CARTESIAN_POINT('',(20.211563485467,13.0434016064231,-2.90052126539789));
#4702=CARTESIAN_POINT('',(18.8111241772935,14.4425311376562,-2.70052126539789));
#4703=CARTESIAN_POINT('',(-18.8346126035472,-16.3582616143528,-2.70058246046048));
#4704=CARTESIAN_POINT('',(-18.8346125688466,-16.3582004380214,-2.90052126539789));
#4705=CARTESIAN_POINT('',(-18.8344991590529,-16.1582616558891,-2.90052126539789));
#4706=CARTESIAN_POINT('',(-19.6724946549764,-16.3577862655823,-2.70085419388268));
#4707=CARTESIAN_POINT('',(-19.6718938106173,-16.3574540475259,-2.90052126539719));
#4708=CARTESIAN_POINT('',(-19.5676465709793,-16.157845798049,-2.90052126539789));
#4709=CARTESIAN_POINT('',(-20.4343748036791,-15.5948682708944,-2.70107225685227));
#4710=CARTESIAN_POINT('',(-20.4338250563705,-15.5945306297528,-2.90052126539796));
#4711=CARTESIAN_POINT('',(-20.2342921960996,-15.4902926108656,-2.90052126539789));
#4712=CARTESIAN_POINT('',(-20.4337074680271,-14.7569884358871,-2.70104014842385));
#4713=CARTESIAN_POINT('',(-20.4331899296215,-14.7569888481359,-2.90052126539789));
#4714=CARTESIAN_POINT('',(-20.2337082045773,-14.7571477466782,-2.90052126539789));
#4715=CARTESIAN_POINT('',(-20.2337082045773,-14.7571477466782,-2.70052126539789));
#4716=CARTESIAN_POINT('',(0.0910311292952714,14.43567572018,-2.70052126539789));
#4717=CARTESIAN_POINT('',(-18.8121602936041,14.428753250911,-2.70052126539789));
#4718=CARTESIAN_POINT('',(-20.2226172636738,-0.83354598764773,-2.70052126539789));
#4719=CARTESIAN_POINT('',(-20.2115744602978,13.0296237695601,-2.70052126539789));
#4720=CARTESIAN_POINT('',(-20.4115737237477,13.0297830803512,-2.70104014842385));
#4721=CARTESIAN_POINT('',(-20.4110561853421,13.0297826681024,-2.90052126539789));
#4722=CARTESIAN_POINT('',(-20.2115744602978,13.0296237695601,-2.90052126539789));
#4723=CARTESIAN_POINT('',(-20.4109009764877,13.8670360037686,-2.70328637890594));
#4724=CARTESIAN_POINT('',(-20.4081652522588,13.8621012474773,-2.90052126539808));
#4725=CARTESIAN_POINT('',(-20.2109908719765,13.7622622831039,-2.90052126539789));
#4726=CARTESIAN_POINT('',(-19.6493440119282,14.628394811058,-2.70508394669227));
#4727=CARTESIAN_POINT('',(-19.6465942663769,14.6239358896081,-2.90052126539378));
#4728=CARTESIAN_POINT('',(-19.5446325818475,14.4284850148224,-2.90052126539789));
#4729=CARTESIAN_POINT('',(-18.8122335179927,14.6287071373462,-2.70481520736946));
#4730=CARTESIAN_POINT('',(-18.8122319789295,14.6245044166142,-2.90052126539789));
#4731=CARTESIAN_POINT('',(-18.8121602936041,14.428753250911,-2.90052126539789));
#4732=CARTESIAN_POINT('',(2.80000000000657,1.39709128094547,-4.9));
#4733=CARTESIAN_POINT('',(-2.79999999999537,1.39709128094547,-4.9));
#4734=CARTESIAN_POINT('',(2.80000000000398,1.39709128094547,-4.9));
#4735=CARTESIAN_POINT('',(2.8,-0.799999999999999,-4.9));
#4736=CARTESIAN_POINT('',(2.8,-2.99709128094547,-4.9));
#4737=CARTESIAN_POINT('',(-2.8,-0.799999999999999,-4.9));
#4738=CARTESIAN_POINT('',(-2.79999999999478,-2.99709128094547,-4.9));
#4739=CARTESIAN_POINT('',(2.80000000000657,-2.99709128094547,-4.9));
#4740=CARTESIAN_POINT('',(0.,-8.8,-0.959225442875196));
#4741=CARTESIAN_POINT('',(0.,-8.8,-0.959225442875196));
#4742=CARTESIAN_POINT('',(-0.9,-8.8,-0.959225442875196));
#4743=CARTESIAN_POINT('',(0.,-8.8,-1.5));
#4744=CARTESIAN_POINT('',(0.,-8.8,3.5));
#4745=CARTESIAN_POINT('',(0.,-8.8,2.9));
#4746=CARTESIAN_POINT('',(-0.9,-8.8,2.9));
#4747=CARTESIAN_POINT('',(0.,7.2,-0.959225442875196));
#4748=CARTESIAN_POINT('',(0.,7.2,-0.959225442875196));
#4749=CARTESIAN_POINT('',(-0.9,7.2,-0.959225442875196));
#4750=CARTESIAN_POINT('',(0.,7.2,-1.5));
#4751=CARTESIAN_POINT('',(0.,7.2,3.5));
#4752=CARTESIAN_POINT('',(0.,7.2,2.9));
#4753=CARTESIAN_POINT('',(0.9,7.2,2.9));
#4754=CARTESIAN_POINT('',(0.,7.2,3.5));
#4755=CARTESIAN_POINT('',(0.,-8.8,3.5));
#4756=CARTESIAN_POINT('',(0.,-8.8,-2.60052126539789));
#4757=CARTESIAN_POINT('',(2.80000000000657,2.36289303087612,-2.60052126539789));
#4758=CARTESIAN_POINT('',(2.80000000000657,2.36289303087612,-2.60052126539789));
#4759=CARTESIAN_POINT('',(-2.79999999999264,2.36289303087612,-2.60052126539789));
#4760=CARTESIAN_POINT('',(-2.8,-0.799999999999999,-2.60052126539789));
#4761=CARTESIAN_POINT('',(-2.8,-3.96289303087612,-2.60052126539789));
#4762=CARTESIAN_POINT('',(2.8,-0.799999999999999,-2.60052126539789));
#4763=CARTESIAN_POINT('',(2.79999999999724,-3.96289303087612,-2.60052126539789));
#4764=CARTESIAN_POINT('',(2.80000000000657,-3.96289303087612,-2.60052126539789));
#4765=CARTESIAN_POINT('',(0.,7.2,-2.60052126539789));
#4766=CARTESIAN_POINT('',(0.,-8.8,3.3));
#4767=CARTESIAN_POINT('',(0.,7.2,3.3));
#4768=CARTESIAN_POINT('',(-2.8,-0.799999999999999,3.5));
#4769=CARTESIAN_POINT('',(-2.79999999999487,1.24366812792933,3.5));
#4770=CARTESIAN_POINT('',(-2.79999999999371,-2.84366812792932,3.5));
#4771=CARTESIAN_POINT('',(2.80000000000657,-2.84366812792932,3.5));
#4772=CARTESIAN_POINT('',(2.8,-2.84366812792932,3.5));
#4773=CARTESIAN_POINT('',(2.80000000000657,1.24366812792933,3.5));
#4774=CARTESIAN_POINT('',(2.8000000000048,1.24366812792933,3.5));
#4775=CARTESIAN_POINT('',(2.8,-0.799999999999999,3.5));
#4776=CARTESIAN_POINT('',(2.80000000000657,1.75633187207067,3.5));
#4777=CARTESIAN_POINT('',(-2.79999999999292,1.75633187207067,3.5));
#4778=CARTESIAN_POINT('',(2.80000000000657,1.75633187207068,3.5));
#4779=CARTESIAN_POINT('',(2.8,-0.799999999999999,3.5));
#4780=CARTESIAN_POINT('',(2.79999999999753,-3.35633187207067,3.5));
#4781=CARTESIAN_POINT('',(-2.8,-0.799999999999999,3.5));
#4782=CARTESIAN_POINT('',(-2.8,-3.35633187207067,3.5));
#4783=CARTESIAN_POINT('',(2.80000000000657,-3.35633187207067,3.5));
#4784=MECHANICAL_DESIGN_GEOMETRIC_PRESENTATION_REPRESENTATION('',(#2349),
#4785);
#4785=(
GEOMETRIC_REPRESENTATION_CONTEXT(3)
GLOBAL_UNCERTAINTY_ASSIGNED_CONTEXT((#4786))
GLOBAL_UNIT_ASSIGNED_CONTEXT((#4789,#4788,#4787))
REPRESENTATION_CONTEXT('C07-01','TOP_LEVEL_ASSEMBLY_PART')
);
#4786=UNCERTAINTY_MEASURE_WITH_UNIT(LENGTH_MEASURE(0.005),#4789,
'DISTANCE_ACCURACY_VALUE','Maximum Tolerance applied to model');
#4787=(
NAMED_UNIT(*)
SI_UNIT($,.STERADIAN.)
SOLID_ANGLE_UNIT()
);
#4788=(
NAMED_UNIT(*)
PLANE_ANGLE_UNIT()
SI_UNIT($,.RADIAN.)
);
#4789=(
LENGTH_UNIT()
NAMED_UNIT(*)
SI_UNIT(.MILLI.,.METRE.)
);
#4790=PRODUCT_DEFINITION_SHAPE('','',#4791);
#4791=PRODUCT_DEFINITION('','',#4793,#4792);
#4792=PRODUCT_DEFINITION_CONTEXT('',#4799,'design');
#4793=PRODUCT_DEFINITION_FORMATION_WITH_SPECIFIED_SOURCE('','',#4795,
 .NOT_KNOWN.);
#4794=PRODUCT_RELATED_PRODUCT_CATEGORY('','',(#4795));
#4795=PRODUCT('C07-01','C07-01','C07-01',(#4797));
#4796=PRODUCT_CATEGORY('','');
#4797=PRODUCT_CONTEXT('',#4799,'mechanical');
#4798=APPLICATION_PROTOCOL_DEFINITION('international standard',
'ap242_managed_model_based_3d_engineering',2020,#4799);
#4799=APPLICATION_CONTEXT('managed model based 3d engineering');
ENDSEC;
END-ISO-10303-21;
