ISO-10303-21;
HEADER;
/* Generated by software containing ST-Developer
 * from STEP Tools, Inc. (www.steptools.com) 
 */
/* OPTION: using custom renumber hook */

FILE_DESCRIPTION(
/* description */ (
'CAx-IF Rec.Pracs.---Representation and Presentation of Product Manufa
cturing Information (PMI)---4.0---2014-10-13',
'CAx-IF Rec.Pracs.---3D Tessellated Geometry---0.4---2014-09-14','2;1'),

/* implementation_level */ '2;1');

FILE_NAME(
/* name */ 'E01-01',
/* time_stamp */ '2026-04-13T01:14:56+03:00',
/* author */ (''),
/* organization */ (''),
/* preprocessor_version */ 'ST-DEVELOPER v18.102',
/* originating_system */ 'SIEMENS PLM Software NX2206.9140',
/* authorisation */ $);

FILE_SCHEMA (('AP242_MANAGED_MODEL_BASED_3D_ENGINEERING_MIM_LF { 1 0 10303 442 3 1 4 }'));
ENDSEC;

DATA;
#10=SURFACE_STYLE_RENDERING_WITH_PROPERTIES(.CONSTANT_SHADING.,#2688,(#11));
#11=SURFACE_STYLE_TRANSPARENT(0.15);
#12=CIRCLE('',#2734,3.15);
#13=CIRCLE('',#2735,3.15);
#14=CIRCLE('',#2751,3.15);
#15=CIRCLE('',#2752,3.15);
#16=CIRCLE('',#2762,3.15);
#17=CIRCLE('',#2763,3.15);
#18=CIRCLE('',#2815,1.725);
#19=CIRCLE('',#2816,1.725);
#20=CIRCLE('',#2826,1.725);
#21=CIRCLE('',#2827,1.725);
#22=CIRCLE('',#2831,3.15);
#23=CIRCLE('',#2832,3.15);
#24=CIRCLE('',#2842,3.15);
#25=CIRCLE('',#2843,3.15);
#26=CIRCLE('',#2858,32.);
#27=CIRCLE('',#2859,32.);
#28=CIRCLE('',#2861,1.7);
#29=CIRCLE('',#2862,1.7);
#30=CIRCLE('',#2863,1.7);
#31=CIRCLE('',#2864,1.7);
#32=CIRCLE('',#2866,1.7);
#33=CIRCLE('',#2867,1.7);
#34=CIRCLE('',#2868,1.7);
#35=CIRCLE('',#2869,1.7);
#36=CYLINDRICAL_SURFACE('',#2733,3.15);
#37=CYLINDRICAL_SURFACE('',#2750,3.15);
#38=CYLINDRICAL_SURFACE('',#2761,3.15);
#39=CYLINDRICAL_SURFACE('',#2814,1.725);
#40=CYLINDRICAL_SURFACE('',#2825,1.725);
#41=CYLINDRICAL_SURFACE('',#2830,3.15);
#42=CYLINDRICAL_SURFACE('',#2841,3.15);
#43=CYLINDRICAL_SURFACE('',#2857,32.);
#44=CYLINDRICAL_SURFACE('',#2870,1.7);
#45=CYLINDRICAL_SURFACE('',#2871,1.7);
#46=CYLINDRICAL_SURFACE('',#2872,1.7);
#47=CYLINDRICAL_SURFACE('',#2873,1.7);
#48=SHAPE_REPRESENTATION_RELATIONSHIP('','',#2719,#49);
#49=ADVANCED_BREP_SHAPE_REPRESENTATION('',(#2689,#2690,#2691,#2692,#2693,
#2694,#2695,#2696,#2697,#2698,#2699,#2700,#2701,#2702,#2703,#2704,#2705,
#2706,#2707,#2708,#2709,#2710,#2711,#2712,#2713,#2714,#2715,#2716,#2717),
#4267);
#50=ORIENTED_EDGE('',*,*,#670,.T.);
#51=ORIENTED_EDGE('',*,*,#671,.F.);
#52=ORIENTED_EDGE('',*,*,#672,.F.);
#53=ORIENTED_EDGE('',*,*,#673,.T.);
#54=ORIENTED_EDGE('',*,*,#674,.T.);
#55=ORIENTED_EDGE('',*,*,#675,.F.);
#56=ORIENTED_EDGE('',*,*,#676,.F.);
#57=ORIENTED_EDGE('',*,*,#671,.T.);
#58=ORIENTED_EDGE('',*,*,#677,.T.);
#59=ORIENTED_EDGE('',*,*,#678,.F.);
#60=ORIENTED_EDGE('',*,*,#679,.F.);
#61=ORIENTED_EDGE('',*,*,#675,.T.);
#62=ORIENTED_EDGE('',*,*,#680,.T.);
#63=ORIENTED_EDGE('',*,*,#673,.F.);
#64=ORIENTED_EDGE('',*,*,#681,.F.);
#65=ORIENTED_EDGE('',*,*,#678,.T.);
#66=ORIENTED_EDGE('',*,*,#672,.T.);
#67=ORIENTED_EDGE('',*,*,#676,.T.);
#68=ORIENTED_EDGE('',*,*,#679,.T.);
#69=ORIENTED_EDGE('',*,*,#681,.T.);
#70=ORIENTED_EDGE('',*,*,#670,.F.);
#71=ORIENTED_EDGE('',*,*,#680,.F.);
#72=ORIENTED_EDGE('',*,*,#677,.F.);
#73=ORIENTED_EDGE('',*,*,#674,.F.);
#74=ORIENTED_EDGE('',*,*,#682,.F.);
#75=ORIENTED_EDGE('',*,*,#683,.F.);
#76=ORIENTED_EDGE('',*,*,#684,.T.);
#77=ORIENTED_EDGE('',*,*,#685,.T.);
#78=ORIENTED_EDGE('',*,*,#686,.F.);
#79=ORIENTED_EDGE('',*,*,#687,.F.);
#80=ORIENTED_EDGE('',*,*,#688,.T.);
#81=ORIENTED_EDGE('',*,*,#683,.T.);
#82=ORIENTED_EDGE('',*,*,#689,.F.);
#83=ORIENTED_EDGE('',*,*,#690,.F.);
#84=ORIENTED_EDGE('',*,*,#691,.T.);
#85=ORIENTED_EDGE('',*,*,#687,.T.);
#86=ORIENTED_EDGE('',*,*,#692,.F.);
#87=ORIENTED_EDGE('',*,*,#685,.F.);
#88=ORIENTED_EDGE('',*,*,#693,.T.);
#89=ORIENTED_EDGE('',*,*,#690,.T.);
#90=ORIENTED_EDGE('',*,*,#684,.F.);
#91=ORIENTED_EDGE('',*,*,#688,.F.);
#92=ORIENTED_EDGE('',*,*,#691,.F.);
#93=ORIENTED_EDGE('',*,*,#693,.F.);
#94=ORIENTED_EDGE('',*,*,#682,.T.);
#95=ORIENTED_EDGE('',*,*,#692,.T.);
#96=ORIENTED_EDGE('',*,*,#689,.T.);
#97=ORIENTED_EDGE('',*,*,#686,.T.);
#98=ORIENTED_EDGE('',*,*,#694,.F.);
#99=ORIENTED_EDGE('',*,*,#695,.T.);
#100=ORIENTED_EDGE('',*,*,#694,.T.);
#101=ORIENTED_EDGE('',*,*,#695,.F.);
#102=ORIENTED_EDGE('',*,*,#696,.T.);
#103=ORIENTED_EDGE('',*,*,#697,.F.);
#104=ORIENTED_EDGE('',*,*,#698,.F.);
#105=ORIENTED_EDGE('',*,*,#699,.T.);
#106=ORIENTED_EDGE('',*,*,#700,.T.);
#107=ORIENTED_EDGE('',*,*,#701,.F.);
#108=ORIENTED_EDGE('',*,*,#702,.F.);
#109=ORIENTED_EDGE('',*,*,#697,.T.);
#110=ORIENTED_EDGE('',*,*,#703,.T.);
#111=ORIENTED_EDGE('',*,*,#704,.F.);
#112=ORIENTED_EDGE('',*,*,#705,.F.);
#113=ORIENTED_EDGE('',*,*,#701,.T.);
#114=ORIENTED_EDGE('',*,*,#706,.T.);
#115=ORIENTED_EDGE('',*,*,#699,.F.);
#116=ORIENTED_EDGE('',*,*,#707,.F.);
#117=ORIENTED_EDGE('',*,*,#704,.T.);
#118=ORIENTED_EDGE('',*,*,#698,.T.);
#119=ORIENTED_EDGE('',*,*,#702,.T.);
#120=ORIENTED_EDGE('',*,*,#705,.T.);
#121=ORIENTED_EDGE('',*,*,#707,.T.);
#122=ORIENTED_EDGE('',*,*,#696,.F.);
#123=ORIENTED_EDGE('',*,*,#706,.F.);
#124=ORIENTED_EDGE('',*,*,#703,.F.);
#125=ORIENTED_EDGE('',*,*,#700,.F.);
#126=ORIENTED_EDGE('',*,*,#708,.F.);
#127=ORIENTED_EDGE('',*,*,#709,.F.);
#128=ORIENTED_EDGE('',*,*,#710,.T.);
#129=ORIENTED_EDGE('',*,*,#711,.T.);
#130=ORIENTED_EDGE('',*,*,#712,.F.);
#131=ORIENTED_EDGE('',*,*,#711,.F.);
#132=ORIENTED_EDGE('',*,*,#713,.T.);
#133=ORIENTED_EDGE('',*,*,#714,.T.);
#134=ORIENTED_EDGE('',*,*,#715,.F.);
#135=ORIENTED_EDGE('',*,*,#714,.F.);
#136=ORIENTED_EDGE('',*,*,#716,.T.);
#137=ORIENTED_EDGE('',*,*,#717,.T.);
#138=ORIENTED_EDGE('',*,*,#718,.F.);
#139=ORIENTED_EDGE('',*,*,#717,.F.);
#140=ORIENTED_EDGE('',*,*,#719,.T.);
#141=ORIENTED_EDGE('',*,*,#709,.T.);
#142=ORIENTED_EDGE('',*,*,#710,.F.);
#143=ORIENTED_EDGE('',*,*,#719,.F.);
#144=ORIENTED_EDGE('',*,*,#716,.F.);
#145=ORIENTED_EDGE('',*,*,#713,.F.);
#146=ORIENTED_EDGE('',*,*,#708,.T.);
#147=ORIENTED_EDGE('',*,*,#712,.T.);
#148=ORIENTED_EDGE('',*,*,#715,.T.);
#149=ORIENTED_EDGE('',*,*,#718,.T.);
#150=ORIENTED_EDGE('',*,*,#720,.F.);
#151=ORIENTED_EDGE('',*,*,#721,.T.);
#152=ORIENTED_EDGE('',*,*,#720,.T.);
#153=ORIENTED_EDGE('',*,*,#721,.F.);
#154=ORIENTED_EDGE('',*,*,#722,.T.);
#155=ORIENTED_EDGE('',*,*,#723,.F.);
#156=ORIENTED_EDGE('',*,*,#724,.F.);
#157=ORIENTED_EDGE('',*,*,#725,.T.);
#158=ORIENTED_EDGE('',*,*,#726,.T.);
#159=ORIENTED_EDGE('',*,*,#727,.F.);
#160=ORIENTED_EDGE('',*,*,#728,.F.);
#161=ORIENTED_EDGE('',*,*,#723,.T.);
#162=ORIENTED_EDGE('',*,*,#729,.T.);
#163=ORIENTED_EDGE('',*,*,#730,.F.);
#164=ORIENTED_EDGE('',*,*,#731,.F.);
#165=ORIENTED_EDGE('',*,*,#727,.T.);
#166=ORIENTED_EDGE('',*,*,#732,.T.);
#167=ORIENTED_EDGE('',*,*,#725,.F.);
#168=ORIENTED_EDGE('',*,*,#733,.F.);
#169=ORIENTED_EDGE('',*,*,#730,.T.);
#170=ORIENTED_EDGE('',*,*,#724,.T.);
#171=ORIENTED_EDGE('',*,*,#728,.T.);
#172=ORIENTED_EDGE('',*,*,#731,.T.);
#173=ORIENTED_EDGE('',*,*,#733,.T.);
#174=ORIENTED_EDGE('',*,*,#722,.F.);
#175=ORIENTED_EDGE('',*,*,#732,.F.);
#176=ORIENTED_EDGE('',*,*,#729,.F.);
#177=ORIENTED_EDGE('',*,*,#726,.F.);
#178=ORIENTED_EDGE('',*,*,#734,.F.);
#179=ORIENTED_EDGE('',*,*,#735,.T.);
#180=ORIENTED_EDGE('',*,*,#734,.T.);
#181=ORIENTED_EDGE('',*,*,#735,.F.);
#182=ORIENTED_EDGE('',*,*,#736,.T.);
#183=ORIENTED_EDGE('',*,*,#737,.F.);
#184=ORIENTED_EDGE('',*,*,#738,.F.);
#185=ORIENTED_EDGE('',*,*,#739,.T.);
#186=ORIENTED_EDGE('',*,*,#740,.T.);
#187=ORIENTED_EDGE('',*,*,#741,.F.);
#188=ORIENTED_EDGE('',*,*,#742,.F.);
#189=ORIENTED_EDGE('',*,*,#737,.T.);
#190=ORIENTED_EDGE('',*,*,#743,.T.);
#191=ORIENTED_EDGE('',*,*,#744,.F.);
#192=ORIENTED_EDGE('',*,*,#745,.F.);
#193=ORIENTED_EDGE('',*,*,#741,.T.);
#194=ORIENTED_EDGE('',*,*,#746,.T.);
#195=ORIENTED_EDGE('',*,*,#739,.F.);
#196=ORIENTED_EDGE('',*,*,#747,.F.);
#197=ORIENTED_EDGE('',*,*,#744,.T.);
#198=ORIENTED_EDGE('',*,*,#738,.T.);
#199=ORIENTED_EDGE('',*,*,#742,.T.);
#200=ORIENTED_EDGE('',*,*,#745,.T.);
#201=ORIENTED_EDGE('',*,*,#747,.T.);
#202=ORIENTED_EDGE('',*,*,#736,.F.);
#203=ORIENTED_EDGE('',*,*,#746,.F.);
#204=ORIENTED_EDGE('',*,*,#743,.F.);
#205=ORIENTED_EDGE('',*,*,#740,.F.);
#206=ORIENTED_EDGE('',*,*,#748,.T.);
#207=ORIENTED_EDGE('',*,*,#749,.F.);
#208=ORIENTED_EDGE('',*,*,#750,.F.);
#209=ORIENTED_EDGE('',*,*,#751,.T.);
#210=ORIENTED_EDGE('',*,*,#752,.T.);
#211=ORIENTED_EDGE('',*,*,#753,.F.);
#212=ORIENTED_EDGE('',*,*,#754,.F.);
#213=ORIENTED_EDGE('',*,*,#749,.T.);
#214=ORIENTED_EDGE('',*,*,#755,.T.);
#215=ORIENTED_EDGE('',*,*,#756,.F.);
#216=ORIENTED_EDGE('',*,*,#757,.F.);
#217=ORIENTED_EDGE('',*,*,#753,.T.);
#218=ORIENTED_EDGE('',*,*,#758,.T.);
#219=ORIENTED_EDGE('',*,*,#751,.F.);
#220=ORIENTED_EDGE('',*,*,#759,.F.);
#221=ORIENTED_EDGE('',*,*,#756,.T.);
#222=ORIENTED_EDGE('',*,*,#750,.T.);
#223=ORIENTED_EDGE('',*,*,#754,.T.);
#224=ORIENTED_EDGE('',*,*,#757,.T.);
#225=ORIENTED_EDGE('',*,*,#759,.T.);
#226=ORIENTED_EDGE('',*,*,#748,.F.);
#227=ORIENTED_EDGE('',*,*,#758,.F.);
#228=ORIENTED_EDGE('',*,*,#755,.F.);
#229=ORIENTED_EDGE('',*,*,#752,.F.);
#230=ORIENTED_EDGE('',*,*,#760,.T.);
#231=ORIENTED_EDGE('',*,*,#761,.F.);
#232=ORIENTED_EDGE('',*,*,#762,.F.);
#233=ORIENTED_EDGE('',*,*,#763,.T.);
#234=ORIENTED_EDGE('',*,*,#764,.T.);
#235=ORIENTED_EDGE('',*,*,#765,.F.);
#236=ORIENTED_EDGE('',*,*,#766,.F.);
#237=ORIENTED_EDGE('',*,*,#761,.T.);
#238=ORIENTED_EDGE('',*,*,#767,.T.);
#239=ORIENTED_EDGE('',*,*,#768,.F.);
#240=ORIENTED_EDGE('',*,*,#769,.F.);
#241=ORIENTED_EDGE('',*,*,#765,.T.);
#242=ORIENTED_EDGE('',*,*,#770,.T.);
#243=ORIENTED_EDGE('',*,*,#763,.F.);
#244=ORIENTED_EDGE('',*,*,#771,.F.);
#245=ORIENTED_EDGE('',*,*,#768,.T.);
#246=ORIENTED_EDGE('',*,*,#762,.T.);
#247=ORIENTED_EDGE('',*,*,#766,.T.);
#248=ORIENTED_EDGE('',*,*,#769,.T.);
#249=ORIENTED_EDGE('',*,*,#771,.T.);
#250=ORIENTED_EDGE('',*,*,#760,.F.);
#251=ORIENTED_EDGE('',*,*,#770,.F.);
#252=ORIENTED_EDGE('',*,*,#767,.F.);
#253=ORIENTED_EDGE('',*,*,#764,.F.);
#254=ORIENTED_EDGE('',*,*,#772,.T.);
#255=ORIENTED_EDGE('',*,*,#773,.F.);
#256=ORIENTED_EDGE('',*,*,#774,.F.);
#257=ORIENTED_EDGE('',*,*,#775,.T.);
#258=ORIENTED_EDGE('',*,*,#776,.T.);
#259=ORIENTED_EDGE('',*,*,#777,.F.);
#260=ORIENTED_EDGE('',*,*,#778,.F.);
#261=ORIENTED_EDGE('',*,*,#773,.T.);
#262=ORIENTED_EDGE('',*,*,#779,.T.);
#263=ORIENTED_EDGE('',*,*,#780,.F.);
#264=ORIENTED_EDGE('',*,*,#781,.F.);
#265=ORIENTED_EDGE('',*,*,#777,.T.);
#266=ORIENTED_EDGE('',*,*,#782,.T.);
#267=ORIENTED_EDGE('',*,*,#775,.F.);
#268=ORIENTED_EDGE('',*,*,#783,.F.);
#269=ORIENTED_EDGE('',*,*,#780,.T.);
#270=ORIENTED_EDGE('',*,*,#774,.T.);
#271=ORIENTED_EDGE('',*,*,#778,.T.);
#272=ORIENTED_EDGE('',*,*,#781,.T.);
#273=ORIENTED_EDGE('',*,*,#783,.T.);
#274=ORIENTED_EDGE('',*,*,#772,.F.);
#275=ORIENTED_EDGE('',*,*,#782,.F.);
#276=ORIENTED_EDGE('',*,*,#779,.F.);
#277=ORIENTED_EDGE('',*,*,#776,.F.);
#278=ORIENTED_EDGE('',*,*,#784,.T.);
#279=ORIENTED_EDGE('',*,*,#785,.F.);
#280=ORIENTED_EDGE('',*,*,#786,.F.);
#281=ORIENTED_EDGE('',*,*,#787,.T.);
#282=ORIENTED_EDGE('',*,*,#788,.T.);
#283=ORIENTED_EDGE('',*,*,#789,.F.);
#284=ORIENTED_EDGE('',*,*,#790,.F.);
#285=ORIENTED_EDGE('',*,*,#785,.T.);
#286=ORIENTED_EDGE('',*,*,#791,.T.);
#287=ORIENTED_EDGE('',*,*,#792,.F.);
#288=ORIENTED_EDGE('',*,*,#793,.F.);
#289=ORIENTED_EDGE('',*,*,#789,.T.);
#290=ORIENTED_EDGE('',*,*,#794,.T.);
#291=ORIENTED_EDGE('',*,*,#787,.F.);
#292=ORIENTED_EDGE('',*,*,#795,.F.);
#293=ORIENTED_EDGE('',*,*,#792,.T.);
#294=ORIENTED_EDGE('',*,*,#786,.T.);
#295=ORIENTED_EDGE('',*,*,#790,.T.);
#296=ORIENTED_EDGE('',*,*,#793,.T.);
#297=ORIENTED_EDGE('',*,*,#795,.T.);
#298=ORIENTED_EDGE('',*,*,#784,.F.);
#299=ORIENTED_EDGE('',*,*,#794,.F.);
#300=ORIENTED_EDGE('',*,*,#791,.F.);
#301=ORIENTED_EDGE('',*,*,#788,.F.);
#302=ORIENTED_EDGE('',*,*,#796,.T.);
#303=ORIENTED_EDGE('',*,*,#797,.F.);
#304=ORIENTED_EDGE('',*,*,#798,.F.);
#305=ORIENTED_EDGE('',*,*,#799,.T.);
#306=ORIENTED_EDGE('',*,*,#800,.T.);
#307=ORIENTED_EDGE('',*,*,#801,.F.);
#308=ORIENTED_EDGE('',*,*,#802,.F.);
#309=ORIENTED_EDGE('',*,*,#797,.T.);
#310=ORIENTED_EDGE('',*,*,#803,.T.);
#311=ORIENTED_EDGE('',*,*,#804,.F.);
#312=ORIENTED_EDGE('',*,*,#805,.F.);
#313=ORIENTED_EDGE('',*,*,#801,.T.);
#314=ORIENTED_EDGE('',*,*,#806,.T.);
#315=ORIENTED_EDGE('',*,*,#799,.F.);
#316=ORIENTED_EDGE('',*,*,#807,.F.);
#317=ORIENTED_EDGE('',*,*,#804,.T.);
#318=ORIENTED_EDGE('',*,*,#798,.T.);
#319=ORIENTED_EDGE('',*,*,#802,.T.);
#320=ORIENTED_EDGE('',*,*,#805,.T.);
#321=ORIENTED_EDGE('',*,*,#807,.T.);
#322=ORIENTED_EDGE('',*,*,#796,.F.);
#323=ORIENTED_EDGE('',*,*,#806,.F.);
#324=ORIENTED_EDGE('',*,*,#803,.F.);
#325=ORIENTED_EDGE('',*,*,#800,.F.);
#326=ORIENTED_EDGE('',*,*,#808,.T.);
#327=ORIENTED_EDGE('',*,*,#809,.F.);
#328=ORIENTED_EDGE('',*,*,#810,.F.);
#329=ORIENTED_EDGE('',*,*,#811,.T.);
#330=ORIENTED_EDGE('',*,*,#812,.T.);
#331=ORIENTED_EDGE('',*,*,#813,.F.);
#332=ORIENTED_EDGE('',*,*,#814,.F.);
#333=ORIENTED_EDGE('',*,*,#809,.T.);
#334=ORIENTED_EDGE('',*,*,#815,.T.);
#335=ORIENTED_EDGE('',*,*,#816,.F.);
#336=ORIENTED_EDGE('',*,*,#817,.F.);
#337=ORIENTED_EDGE('',*,*,#813,.T.);
#338=ORIENTED_EDGE('',*,*,#818,.T.);
#339=ORIENTED_EDGE('',*,*,#811,.F.);
#340=ORIENTED_EDGE('',*,*,#819,.F.);
#341=ORIENTED_EDGE('',*,*,#816,.T.);
#342=ORIENTED_EDGE('',*,*,#810,.T.);
#343=ORIENTED_EDGE('',*,*,#814,.T.);
#344=ORIENTED_EDGE('',*,*,#817,.T.);
#345=ORIENTED_EDGE('',*,*,#819,.T.);
#346=ORIENTED_EDGE('',*,*,#808,.F.);
#347=ORIENTED_EDGE('',*,*,#818,.F.);
#348=ORIENTED_EDGE('',*,*,#815,.F.);
#349=ORIENTED_EDGE('',*,*,#812,.F.);
#350=ORIENTED_EDGE('',*,*,#820,.T.);
#351=ORIENTED_EDGE('',*,*,#821,.F.);
#352=ORIENTED_EDGE('',*,*,#822,.F.);
#353=ORIENTED_EDGE('',*,*,#823,.T.);
#354=ORIENTED_EDGE('',*,*,#824,.T.);
#355=ORIENTED_EDGE('',*,*,#825,.F.);
#356=ORIENTED_EDGE('',*,*,#826,.F.);
#357=ORIENTED_EDGE('',*,*,#821,.T.);
#358=ORIENTED_EDGE('',*,*,#827,.T.);
#359=ORIENTED_EDGE('',*,*,#828,.F.);
#360=ORIENTED_EDGE('',*,*,#829,.F.);
#361=ORIENTED_EDGE('',*,*,#825,.T.);
#362=ORIENTED_EDGE('',*,*,#830,.T.);
#363=ORIENTED_EDGE('',*,*,#823,.F.);
#364=ORIENTED_EDGE('',*,*,#831,.F.);
#365=ORIENTED_EDGE('',*,*,#828,.T.);
#366=ORIENTED_EDGE('',*,*,#822,.T.);
#367=ORIENTED_EDGE('',*,*,#826,.T.);
#368=ORIENTED_EDGE('',*,*,#829,.T.);
#369=ORIENTED_EDGE('',*,*,#831,.T.);
#370=ORIENTED_EDGE('',*,*,#820,.F.);
#371=ORIENTED_EDGE('',*,*,#830,.F.);
#372=ORIENTED_EDGE('',*,*,#827,.F.);
#373=ORIENTED_EDGE('',*,*,#824,.F.);
#374=ORIENTED_EDGE('',*,*,#832,.F.);
#375=ORIENTED_EDGE('',*,*,#833,.T.);
#376=ORIENTED_EDGE('',*,*,#832,.T.);
#377=ORIENTED_EDGE('',*,*,#833,.F.);
#378=ORIENTED_EDGE('',*,*,#834,.T.);
#379=ORIENTED_EDGE('',*,*,#835,.F.);
#380=ORIENTED_EDGE('',*,*,#836,.F.);
#381=ORIENTED_EDGE('',*,*,#837,.T.);
#382=ORIENTED_EDGE('',*,*,#838,.T.);
#383=ORIENTED_EDGE('',*,*,#839,.F.);
#384=ORIENTED_EDGE('',*,*,#840,.F.);
#385=ORIENTED_EDGE('',*,*,#835,.T.);
#386=ORIENTED_EDGE('',*,*,#841,.T.);
#387=ORIENTED_EDGE('',*,*,#842,.F.);
#388=ORIENTED_EDGE('',*,*,#843,.F.);
#389=ORIENTED_EDGE('',*,*,#839,.T.);
#390=ORIENTED_EDGE('',*,*,#844,.T.);
#391=ORIENTED_EDGE('',*,*,#837,.F.);
#392=ORIENTED_EDGE('',*,*,#845,.F.);
#393=ORIENTED_EDGE('',*,*,#842,.T.);
#394=ORIENTED_EDGE('',*,*,#836,.T.);
#395=ORIENTED_EDGE('',*,*,#840,.T.);
#396=ORIENTED_EDGE('',*,*,#843,.T.);
#397=ORIENTED_EDGE('',*,*,#845,.T.);
#398=ORIENTED_EDGE('',*,*,#834,.F.);
#399=ORIENTED_EDGE('',*,*,#844,.F.);
#400=ORIENTED_EDGE('',*,*,#841,.F.);
#401=ORIENTED_EDGE('',*,*,#838,.F.);
#402=ORIENTED_EDGE('',*,*,#846,.F.);
#403=ORIENTED_EDGE('',*,*,#847,.T.);
#404=ORIENTED_EDGE('',*,*,#846,.T.);
#405=ORIENTED_EDGE('',*,*,#847,.F.);
#406=ORIENTED_EDGE('',*,*,#848,.F.);
#407=ORIENTED_EDGE('',*,*,#849,.T.);
#408=ORIENTED_EDGE('',*,*,#848,.T.);
#409=ORIENTED_EDGE('',*,*,#849,.F.);
#410=ORIENTED_EDGE('',*,*,#850,.T.);
#411=ORIENTED_EDGE('',*,*,#851,.F.);
#412=ORIENTED_EDGE('',*,*,#852,.F.);
#413=ORIENTED_EDGE('',*,*,#853,.T.);
#414=ORIENTED_EDGE('',*,*,#854,.T.);
#415=ORIENTED_EDGE('',*,*,#855,.F.);
#416=ORIENTED_EDGE('',*,*,#856,.F.);
#417=ORIENTED_EDGE('',*,*,#851,.T.);
#418=ORIENTED_EDGE('',*,*,#857,.T.);
#419=ORIENTED_EDGE('',*,*,#858,.F.);
#420=ORIENTED_EDGE('',*,*,#859,.F.);
#421=ORIENTED_EDGE('',*,*,#855,.T.);
#422=ORIENTED_EDGE('',*,*,#860,.T.);
#423=ORIENTED_EDGE('',*,*,#853,.F.);
#424=ORIENTED_EDGE('',*,*,#861,.F.);
#425=ORIENTED_EDGE('',*,*,#858,.T.);
#426=ORIENTED_EDGE('',*,*,#852,.T.);
#427=ORIENTED_EDGE('',*,*,#856,.T.);
#428=ORIENTED_EDGE('',*,*,#859,.T.);
#429=ORIENTED_EDGE('',*,*,#861,.T.);
#430=ORIENTED_EDGE('',*,*,#850,.F.);
#431=ORIENTED_EDGE('',*,*,#860,.F.);
#432=ORIENTED_EDGE('',*,*,#857,.F.);
#433=ORIENTED_EDGE('',*,*,#854,.F.);
#434=ORIENTED_EDGE('',*,*,#862,.F.);
#435=ORIENTED_EDGE('',*,*,#863,.T.);
#436=ORIENTED_EDGE('',*,*,#862,.T.);
#437=ORIENTED_EDGE('',*,*,#863,.F.);
#438=ORIENTED_EDGE('',*,*,#864,.T.);
#439=ORIENTED_EDGE('',*,*,#865,.F.);
#440=ORIENTED_EDGE('',*,*,#866,.F.);
#441=ORIENTED_EDGE('',*,*,#867,.T.);
#442=ORIENTED_EDGE('',*,*,#868,.T.);
#443=ORIENTED_EDGE('',*,*,#869,.F.);
#444=ORIENTED_EDGE('',*,*,#870,.F.);
#445=ORIENTED_EDGE('',*,*,#865,.T.);
#446=ORIENTED_EDGE('',*,*,#871,.T.);
#447=ORIENTED_EDGE('',*,*,#872,.F.);
#448=ORIENTED_EDGE('',*,*,#873,.F.);
#449=ORIENTED_EDGE('',*,*,#869,.T.);
#450=ORIENTED_EDGE('',*,*,#874,.T.);
#451=ORIENTED_EDGE('',*,*,#875,.F.);
#452=ORIENTED_EDGE('',*,*,#876,.F.);
#453=ORIENTED_EDGE('',*,*,#872,.T.);
#454=ORIENTED_EDGE('',*,*,#877,.T.);
#455=ORIENTED_EDGE('',*,*,#878,.F.);
#456=ORIENTED_EDGE('',*,*,#879,.F.);
#457=ORIENTED_EDGE('',*,*,#875,.T.);
#458=ORIENTED_EDGE('',*,*,#880,.T.);
#459=ORIENTED_EDGE('',*,*,#881,.F.);
#460=ORIENTED_EDGE('',*,*,#882,.F.);
#461=ORIENTED_EDGE('',*,*,#878,.T.);
#462=ORIENTED_EDGE('',*,*,#883,.T.);
#463=ORIENTED_EDGE('',*,*,#884,.F.);
#464=ORIENTED_EDGE('',*,*,#885,.F.);
#465=ORIENTED_EDGE('',*,*,#881,.T.);
#466=ORIENTED_EDGE('',*,*,#886,.T.);
#467=ORIENTED_EDGE('',*,*,#887,.F.);
#468=ORIENTED_EDGE('',*,*,#888,.F.);
#469=ORIENTED_EDGE('',*,*,#884,.T.);
#470=ORIENTED_EDGE('',*,*,#889,.T.);
#471=ORIENTED_EDGE('',*,*,#890,.F.);
#472=ORIENTED_EDGE('',*,*,#891,.F.);
#473=ORIENTED_EDGE('',*,*,#887,.T.);
#474=ORIENTED_EDGE('',*,*,#892,.T.);
#475=ORIENTED_EDGE('',*,*,#893,.F.);
#476=ORIENTED_EDGE('',*,*,#894,.F.);
#477=ORIENTED_EDGE('',*,*,#890,.T.);
#478=ORIENTED_EDGE('',*,*,#895,.T.);
#479=ORIENTED_EDGE('',*,*,#896,.F.);
#480=ORIENTED_EDGE('',*,*,#897,.F.);
#481=ORIENTED_EDGE('',*,*,#893,.T.);
#482=ORIENTED_EDGE('',*,*,#898,.T.);
#483=ORIENTED_EDGE('',*,*,#867,.F.);
#484=ORIENTED_EDGE('',*,*,#899,.F.);
#485=ORIENTED_EDGE('',*,*,#896,.T.);
#486=ORIENTED_EDGE('',*,*,#900,.F.);
#487=ORIENTED_EDGE('',*,*,#901,.F.);
#488=ORIENTED_EDGE('',*,*,#902,.F.);
#489=ORIENTED_EDGE('',*,*,#903,.F.);
#490=ORIENTED_EDGE('',*,*,#866,.T.);
#491=ORIENTED_EDGE('',*,*,#870,.T.);
#492=ORIENTED_EDGE('',*,*,#873,.T.);
#493=ORIENTED_EDGE('',*,*,#876,.T.);
#494=ORIENTED_EDGE('',*,*,#879,.T.);
#495=ORIENTED_EDGE('',*,*,#882,.T.);
#496=ORIENTED_EDGE('',*,*,#885,.T.);
#497=ORIENTED_EDGE('',*,*,#888,.T.);
#498=ORIENTED_EDGE('',*,*,#891,.T.);
#499=ORIENTED_EDGE('',*,*,#894,.T.);
#500=ORIENTED_EDGE('',*,*,#897,.T.);
#501=ORIENTED_EDGE('',*,*,#899,.T.);
#502=ORIENTED_EDGE('',*,*,#904,.F.);
#503=ORIENTED_EDGE('',*,*,#905,.F.);
#504=ORIENTED_EDGE('',*,*,#906,.F.);
#505=ORIENTED_EDGE('',*,*,#907,.F.);
#506=ORIENTED_EDGE('',*,*,#864,.F.);
#507=ORIENTED_EDGE('',*,*,#898,.F.);
#508=ORIENTED_EDGE('',*,*,#895,.F.);
#509=ORIENTED_EDGE('',*,*,#892,.F.);
#510=ORIENTED_EDGE('',*,*,#889,.F.);
#511=ORIENTED_EDGE('',*,*,#886,.F.);
#512=ORIENTED_EDGE('',*,*,#883,.F.);
#513=ORIENTED_EDGE('',*,*,#880,.F.);
#514=ORIENTED_EDGE('',*,*,#877,.F.);
#515=ORIENTED_EDGE('',*,*,#874,.F.);
#516=ORIENTED_EDGE('',*,*,#871,.F.);
#517=ORIENTED_EDGE('',*,*,#868,.F.);
#518=ORIENTED_EDGE('',*,*,#907,.T.);
#519=ORIENTED_EDGE('',*,*,#903,.T.);
#520=ORIENTED_EDGE('',*,*,#906,.T.);
#521=ORIENTED_EDGE('',*,*,#902,.T.);
#522=ORIENTED_EDGE('',*,*,#905,.T.);
#523=ORIENTED_EDGE('',*,*,#901,.T.);
#524=ORIENTED_EDGE('',*,*,#904,.T.);
#525=ORIENTED_EDGE('',*,*,#900,.T.);
#526=ORIENTED_EDGE('',*,*,#908,.T.);
#527=ORIENTED_EDGE('',*,*,#909,.F.);
#528=ORIENTED_EDGE('',*,*,#910,.F.);
#529=ORIENTED_EDGE('',*,*,#911,.T.);
#530=ORIENTED_EDGE('',*,*,#912,.T.);
#531=ORIENTED_EDGE('',*,*,#913,.F.);
#532=ORIENTED_EDGE('',*,*,#914,.F.);
#533=ORIENTED_EDGE('',*,*,#909,.T.);
#534=ORIENTED_EDGE('',*,*,#915,.T.);
#535=ORIENTED_EDGE('',*,*,#916,.F.);
#536=ORIENTED_EDGE('',*,*,#917,.F.);
#537=ORIENTED_EDGE('',*,*,#913,.T.);
#538=ORIENTED_EDGE('',*,*,#918,.T.);
#539=ORIENTED_EDGE('',*,*,#911,.F.);
#540=ORIENTED_EDGE('',*,*,#919,.F.);
#541=ORIENTED_EDGE('',*,*,#916,.T.);
#542=ORIENTED_EDGE('',*,*,#910,.T.);
#543=ORIENTED_EDGE('',*,*,#914,.T.);
#544=ORIENTED_EDGE('',*,*,#917,.T.);
#545=ORIENTED_EDGE('',*,*,#919,.T.);
#546=ORIENTED_EDGE('',*,*,#908,.F.);
#547=ORIENTED_EDGE('',*,*,#918,.F.);
#548=ORIENTED_EDGE('',*,*,#915,.F.);
#549=ORIENTED_EDGE('',*,*,#912,.F.);
#550=ORIENTED_EDGE('',*,*,#920,.T.);
#551=ORIENTED_EDGE('',*,*,#921,.F.);
#552=ORIENTED_EDGE('',*,*,#922,.F.);
#553=ORIENTED_EDGE('',*,*,#923,.T.);
#554=ORIENTED_EDGE('',*,*,#924,.T.);
#555=ORIENTED_EDGE('',*,*,#925,.F.);
#556=ORIENTED_EDGE('',*,*,#926,.F.);
#557=ORIENTED_EDGE('',*,*,#921,.T.);
#558=ORIENTED_EDGE('',*,*,#927,.T.);
#559=ORIENTED_EDGE('',*,*,#928,.F.);
#560=ORIENTED_EDGE('',*,*,#929,.F.);
#561=ORIENTED_EDGE('',*,*,#925,.T.);
#562=ORIENTED_EDGE('',*,*,#930,.T.);
#563=ORIENTED_EDGE('',*,*,#923,.F.);
#564=ORIENTED_EDGE('',*,*,#931,.F.);
#565=ORIENTED_EDGE('',*,*,#928,.T.);
#566=ORIENTED_EDGE('',*,*,#922,.T.);
#567=ORIENTED_EDGE('',*,*,#926,.T.);
#568=ORIENTED_EDGE('',*,*,#929,.T.);
#569=ORIENTED_EDGE('',*,*,#931,.T.);
#570=ORIENTED_EDGE('',*,*,#920,.F.);
#571=ORIENTED_EDGE('',*,*,#930,.F.);
#572=ORIENTED_EDGE('',*,*,#927,.F.);
#573=ORIENTED_EDGE('',*,*,#924,.F.);
#574=ORIENTED_EDGE('',*,*,#932,.T.);
#575=ORIENTED_EDGE('',*,*,#933,.F.);
#576=ORIENTED_EDGE('',*,*,#934,.F.);
#577=ORIENTED_EDGE('',*,*,#935,.T.);
#578=ORIENTED_EDGE('',*,*,#936,.T.);
#579=ORIENTED_EDGE('',*,*,#937,.F.);
#580=ORIENTED_EDGE('',*,*,#938,.F.);
#581=ORIENTED_EDGE('',*,*,#933,.T.);
#582=ORIENTED_EDGE('',*,*,#939,.T.);
#583=ORIENTED_EDGE('',*,*,#940,.F.);
#584=ORIENTED_EDGE('',*,*,#941,.F.);
#585=ORIENTED_EDGE('',*,*,#937,.T.);
#586=ORIENTED_EDGE('',*,*,#942,.T.);
#587=ORIENTED_EDGE('',*,*,#935,.F.);
#588=ORIENTED_EDGE('',*,*,#943,.F.);
#589=ORIENTED_EDGE('',*,*,#940,.T.);
#590=ORIENTED_EDGE('',*,*,#934,.T.);
#591=ORIENTED_EDGE('',*,*,#938,.T.);
#592=ORIENTED_EDGE('',*,*,#941,.T.);
#593=ORIENTED_EDGE('',*,*,#943,.T.);
#594=ORIENTED_EDGE('',*,*,#932,.F.);
#595=ORIENTED_EDGE('',*,*,#942,.F.);
#596=ORIENTED_EDGE('',*,*,#939,.F.);
#597=ORIENTED_EDGE('',*,*,#936,.F.);
#598=ORIENTED_EDGE('',*,*,#944,.T.);
#599=ORIENTED_EDGE('',*,*,#945,.F.);
#600=ORIENTED_EDGE('',*,*,#946,.F.);
#601=ORIENTED_EDGE('',*,*,#947,.T.);
#602=ORIENTED_EDGE('',*,*,#948,.T.);
#603=ORIENTED_EDGE('',*,*,#949,.F.);
#604=ORIENTED_EDGE('',*,*,#950,.F.);
#605=ORIENTED_EDGE('',*,*,#945,.T.);
#606=ORIENTED_EDGE('',*,*,#951,.T.);
#607=ORIENTED_EDGE('',*,*,#952,.F.);
#608=ORIENTED_EDGE('',*,*,#953,.F.);
#609=ORIENTED_EDGE('',*,*,#949,.T.);
#610=ORIENTED_EDGE('',*,*,#954,.T.);
#611=ORIENTED_EDGE('',*,*,#947,.F.);
#612=ORIENTED_EDGE('',*,*,#955,.F.);
#613=ORIENTED_EDGE('',*,*,#952,.T.);
#614=ORIENTED_EDGE('',*,*,#946,.T.);
#615=ORIENTED_EDGE('',*,*,#950,.T.);
#616=ORIENTED_EDGE('',*,*,#953,.T.);
#617=ORIENTED_EDGE('',*,*,#955,.T.);
#618=ORIENTED_EDGE('',*,*,#944,.F.);
#619=ORIENTED_EDGE('',*,*,#954,.F.);
#620=ORIENTED_EDGE('',*,*,#951,.F.);
#621=ORIENTED_EDGE('',*,*,#948,.F.);
#622=ORIENTED_EDGE('',*,*,#956,.T.);
#623=ORIENTED_EDGE('',*,*,#957,.F.);
#624=ORIENTED_EDGE('',*,*,#958,.F.);
#625=ORIENTED_EDGE('',*,*,#959,.T.);
#626=ORIENTED_EDGE('',*,*,#960,.T.);
#627=ORIENTED_EDGE('',*,*,#961,.F.);
#628=ORIENTED_EDGE('',*,*,#962,.F.);
#629=ORIENTED_EDGE('',*,*,#957,.T.);
#630=ORIENTED_EDGE('',*,*,#963,.T.);
#631=ORIENTED_EDGE('',*,*,#964,.F.);
#632=ORIENTED_EDGE('',*,*,#965,.F.);
#633=ORIENTED_EDGE('',*,*,#961,.T.);
#634=ORIENTED_EDGE('',*,*,#966,.T.);
#635=ORIENTED_EDGE('',*,*,#959,.F.);
#636=ORIENTED_EDGE('',*,*,#967,.F.);
#637=ORIENTED_EDGE('',*,*,#964,.T.);
#638=ORIENTED_EDGE('',*,*,#958,.T.);
#639=ORIENTED_EDGE('',*,*,#962,.T.);
#640=ORIENTED_EDGE('',*,*,#965,.T.);
#641=ORIENTED_EDGE('',*,*,#967,.T.);
#642=ORIENTED_EDGE('',*,*,#956,.F.);
#643=ORIENTED_EDGE('',*,*,#966,.F.);
#644=ORIENTED_EDGE('',*,*,#963,.F.);
#645=ORIENTED_EDGE('',*,*,#960,.F.);
#646=ORIENTED_EDGE('',*,*,#968,.T.);
#647=ORIENTED_EDGE('',*,*,#969,.F.);
#648=ORIENTED_EDGE('',*,*,#970,.F.);
#649=ORIENTED_EDGE('',*,*,#971,.T.);
#650=ORIENTED_EDGE('',*,*,#972,.T.);
#651=ORIENTED_EDGE('',*,*,#973,.F.);
#652=ORIENTED_EDGE('',*,*,#974,.F.);
#653=ORIENTED_EDGE('',*,*,#969,.T.);
#654=ORIENTED_EDGE('',*,*,#975,.T.);
#655=ORIENTED_EDGE('',*,*,#976,.F.);
#656=ORIENTED_EDGE('',*,*,#977,.F.);
#657=ORIENTED_EDGE('',*,*,#973,.T.);
#658=ORIENTED_EDGE('',*,*,#978,.T.);
#659=ORIENTED_EDGE('',*,*,#971,.F.);
#660=ORIENTED_EDGE('',*,*,#979,.F.);
#661=ORIENTED_EDGE('',*,*,#976,.T.);
#662=ORIENTED_EDGE('',*,*,#970,.T.);
#663=ORIENTED_EDGE('',*,*,#974,.T.);
#664=ORIENTED_EDGE('',*,*,#977,.T.);
#665=ORIENTED_EDGE('',*,*,#979,.T.);
#666=ORIENTED_EDGE('',*,*,#968,.F.);
#667=ORIENTED_EDGE('',*,*,#978,.F.);
#668=ORIENTED_EDGE('',*,*,#975,.F.);
#669=ORIENTED_EDGE('',*,*,#972,.F.);
#670=EDGE_CURVE('',#980,#981,#1194,.T.);
#671=EDGE_CURVE('',#982,#981,#1195,.T.);
#672=EDGE_CURVE('',#983,#982,#1196,.T.);
#673=EDGE_CURVE('',#983,#980,#1197,.T.);
#674=EDGE_CURVE('',#981,#984,#1198,.T.);
#675=EDGE_CURVE('',#985,#984,#1199,.T.);
#676=EDGE_CURVE('',#982,#985,#1200,.T.);
#677=EDGE_CURVE('',#984,#986,#1201,.T.);
#678=EDGE_CURVE('',#987,#986,#1202,.T.);
#679=EDGE_CURVE('',#985,#987,#1203,.T.);
#680=EDGE_CURVE('',#986,#980,#1204,.T.);
#681=EDGE_CURVE('',#987,#983,#1205,.T.);
#682=EDGE_CURVE('',#988,#989,#1206,.F.);
#683=EDGE_CURVE('',#990,#988,#1207,.T.);
#684=EDGE_CURVE('',#990,#991,#1208,.F.);
#685=EDGE_CURVE('',#991,#989,#1209,.T.);
#686=EDGE_CURVE('',#992,#988,#1210,.F.);
#687=EDGE_CURVE('',#993,#992,#1211,.T.);
#688=EDGE_CURVE('',#993,#990,#1212,.F.);
#689=EDGE_CURVE('',#994,#992,#1213,.F.);
#690=EDGE_CURVE('',#995,#994,#1214,.T.);
#691=EDGE_CURVE('',#995,#993,#1215,.F.);
#692=EDGE_CURVE('',#989,#994,#1216,.F.);
#693=EDGE_CURVE('',#991,#995,#1217,.F.);
#694=EDGE_CURVE('',#996,#996,#12,.T.);
#695=EDGE_CURVE('',#997,#997,#13,.T.);
#696=EDGE_CURVE('',#998,#999,#1218,.T.);
#697=EDGE_CURVE('',#1000,#999,#1219,.T.);
#698=EDGE_CURVE('',#1001,#1000,#1220,.T.);
#699=EDGE_CURVE('',#1001,#998,#1221,.T.);
#700=EDGE_CURVE('',#999,#1002,#1222,.T.);
#701=EDGE_CURVE('',#1003,#1002,#1223,.T.);
#702=EDGE_CURVE('',#1000,#1003,#1224,.T.);
#703=EDGE_CURVE('',#1002,#1004,#1225,.T.);
#704=EDGE_CURVE('',#1005,#1004,#1226,.T.);
#705=EDGE_CURVE('',#1003,#1005,#1227,.T.);
#706=EDGE_CURVE('',#1004,#998,#1228,.T.);
#707=EDGE_CURVE('',#1005,#1001,#1229,.T.);
#708=EDGE_CURVE('',#1006,#1007,#1230,.T.);
#709=EDGE_CURVE('',#1008,#1006,#1231,.T.);
#710=EDGE_CURVE('',#1008,#1009,#1232,.T.);
#711=EDGE_CURVE('',#1009,#1007,#1233,.T.);
#712=EDGE_CURVE('',#1007,#1010,#1234,.T.);
#713=EDGE_CURVE('',#1009,#1011,#1235,.T.);
#714=EDGE_CURVE('',#1011,#1010,#1236,.T.);
#715=EDGE_CURVE('',#1010,#1012,#1237,.T.);
#716=EDGE_CURVE('',#1011,#1013,#1238,.T.);
#717=EDGE_CURVE('',#1013,#1012,#1239,.T.);
#718=EDGE_CURVE('',#1012,#1006,#1240,.T.);
#719=EDGE_CURVE('',#1013,#1008,#1241,.T.);
#720=EDGE_CURVE('',#1014,#1014,#14,.T.);
#721=EDGE_CURVE('',#1015,#1015,#15,.T.);
#722=EDGE_CURVE('',#1016,#1017,#1242,.T.);
#723=EDGE_CURVE('',#1018,#1017,#1243,.T.);
#724=EDGE_CURVE('',#1019,#1018,#1244,.T.);
#725=EDGE_CURVE('',#1019,#1016,#1245,.T.);
#726=EDGE_CURVE('',#1017,#1020,#1246,.T.);
#727=EDGE_CURVE('',#1021,#1020,#1247,.T.);
#728=EDGE_CURVE('',#1018,#1021,#1248,.T.);
#729=EDGE_CURVE('',#1020,#1022,#1249,.T.);
#730=EDGE_CURVE('',#1023,#1022,#1250,.T.);
#731=EDGE_CURVE('',#1021,#1023,#1251,.T.);
#732=EDGE_CURVE('',#1022,#1016,#1252,.T.);
#733=EDGE_CURVE('',#1023,#1019,#1253,.T.);
#734=EDGE_CURVE('',#1024,#1024,#16,.T.);
#735=EDGE_CURVE('',#1025,#1025,#17,.T.);
#736=EDGE_CURVE('',#1026,#1027,#1254,.T.);
#737=EDGE_CURVE('',#1028,#1027,#1255,.T.);
#738=EDGE_CURVE('',#1029,#1028,#1256,.T.);
#739=EDGE_CURVE('',#1029,#1026,#1257,.T.);
#740=EDGE_CURVE('',#1027,#1030,#1258,.T.);
#741=EDGE_CURVE('',#1031,#1030,#1259,.T.);
#742=EDGE_CURVE('',#1028,#1031,#1260,.T.);
#743=EDGE_CURVE('',#1030,#1032,#1261,.T.);
#744=EDGE_CURVE('',#1033,#1032,#1262,.T.);
#745=EDGE_CURVE('',#1031,#1033,#1263,.T.);
#746=EDGE_CURVE('',#1032,#1026,#1264,.T.);
#747=EDGE_CURVE('',#1033,#1029,#1265,.T.);
#748=EDGE_CURVE('',#1034,#1035,#1266,.T.);
#749=EDGE_CURVE('',#1036,#1035,#1267,.T.);
#750=EDGE_CURVE('',#1037,#1036,#1268,.T.);
#751=EDGE_CURVE('',#1037,#1034,#1269,.T.);
#752=EDGE_CURVE('',#1035,#1038,#1270,.T.);
#753=EDGE_CURVE('',#1039,#1038,#1271,.T.);
#754=EDGE_CURVE('',#1036,#1039,#1272,.T.);
#755=EDGE_CURVE('',#1038,#1040,#1273,.T.);
#756=EDGE_CURVE('',#1041,#1040,#1274,.T.);
#757=EDGE_CURVE('',#1039,#1041,#1275,.T.);
#758=EDGE_CURVE('',#1040,#1034,#1276,.T.);
#759=EDGE_CURVE('',#1041,#1037,#1277,.T.);
#760=EDGE_CURVE('',#1042,#1043,#1278,.T.);
#761=EDGE_CURVE('',#1044,#1043,#1279,.T.);
#762=EDGE_CURVE('',#1045,#1044,#1280,.T.);
#763=EDGE_CURVE('',#1045,#1042,#1281,.T.);
#764=EDGE_CURVE('',#1043,#1046,#1282,.T.);
#765=EDGE_CURVE('',#1047,#1046,#1283,.T.);
#766=EDGE_CURVE('',#1044,#1047,#1284,.T.);
#767=EDGE_CURVE('',#1046,#1048,#1285,.T.);
#768=EDGE_CURVE('',#1049,#1048,#1286,.T.);
#769=EDGE_CURVE('',#1047,#1049,#1287,.T.);
#770=EDGE_CURVE('',#1048,#1042,#1288,.T.);
#771=EDGE_CURVE('',#1049,#1045,#1289,.T.);
#772=EDGE_CURVE('',#1050,#1051,#1290,.T.);
#773=EDGE_CURVE('',#1052,#1051,#1291,.T.);
#774=EDGE_CURVE('',#1053,#1052,#1292,.T.);
#775=EDGE_CURVE('',#1053,#1050,#1293,.T.);
#776=EDGE_CURVE('',#1051,#1054,#1294,.T.);
#777=EDGE_CURVE('',#1055,#1054,#1295,.T.);
#778=EDGE_CURVE('',#1052,#1055,#1296,.T.);
#779=EDGE_CURVE('',#1054,#1056,#1297,.T.);
#780=EDGE_CURVE('',#1057,#1056,#1298,.T.);
#781=EDGE_CURVE('',#1055,#1057,#1299,.T.);
#782=EDGE_CURVE('',#1056,#1050,#1300,.T.);
#783=EDGE_CURVE('',#1057,#1053,#1301,.T.);
#784=EDGE_CURVE('',#1058,#1059,#1302,.T.);
#785=EDGE_CURVE('',#1060,#1059,#1303,.T.);
#786=EDGE_CURVE('',#1061,#1060,#1304,.T.);
#787=EDGE_CURVE('',#1061,#1058,#1305,.T.);
#788=EDGE_CURVE('',#1059,#1062,#1306,.T.);
#789=EDGE_CURVE('',#1063,#1062,#1307,.T.);
#790=EDGE_CURVE('',#1060,#1063,#1308,.T.);
#791=EDGE_CURVE('',#1062,#1064,#1309,.T.);
#792=EDGE_CURVE('',#1065,#1064,#1310,.T.);
#793=EDGE_CURVE('',#1063,#1065,#1311,.T.);
#794=EDGE_CURVE('',#1064,#1058,#1312,.T.);
#795=EDGE_CURVE('',#1065,#1061,#1313,.T.);
#796=EDGE_CURVE('',#1066,#1067,#1314,.T.);
#797=EDGE_CURVE('',#1068,#1067,#1315,.T.);
#798=EDGE_CURVE('',#1069,#1068,#1316,.T.);
#799=EDGE_CURVE('',#1069,#1066,#1317,.T.);
#800=EDGE_CURVE('',#1067,#1070,#1318,.T.);
#801=EDGE_CURVE('',#1071,#1070,#1319,.T.);
#802=EDGE_CURVE('',#1068,#1071,#1320,.T.);
#803=EDGE_CURVE('',#1070,#1072,#1321,.T.);
#804=EDGE_CURVE('',#1073,#1072,#1322,.T.);
#805=EDGE_CURVE('',#1071,#1073,#1323,.T.);
#806=EDGE_CURVE('',#1072,#1066,#1324,.T.);
#807=EDGE_CURVE('',#1073,#1069,#1325,.T.);
#808=EDGE_CURVE('',#1074,#1075,#1326,.T.);
#809=EDGE_CURVE('',#1076,#1075,#1327,.T.);
#810=EDGE_CURVE('',#1077,#1076,#1328,.T.);
#811=EDGE_CURVE('',#1077,#1074,#1329,.T.);
#812=EDGE_CURVE('',#1075,#1078,#1330,.T.);
#813=EDGE_CURVE('',#1079,#1078,#1331,.T.);
#814=EDGE_CURVE('',#1076,#1079,#1332,.T.);
#815=EDGE_CURVE('',#1078,#1080,#1333,.T.);
#816=EDGE_CURVE('',#1081,#1080,#1334,.T.);
#817=EDGE_CURVE('',#1079,#1081,#1335,.T.);
#818=EDGE_CURVE('',#1080,#1074,#1336,.T.);
#819=EDGE_CURVE('',#1081,#1077,#1337,.T.);
#820=EDGE_CURVE('',#1082,#1083,#1338,.T.);
#821=EDGE_CURVE('',#1084,#1083,#1339,.T.);
#822=EDGE_CURVE('',#1085,#1084,#1340,.T.);
#823=EDGE_CURVE('',#1085,#1082,#1341,.T.);
#824=EDGE_CURVE('',#1083,#1086,#1342,.T.);
#825=EDGE_CURVE('',#1087,#1086,#1343,.T.);
#826=EDGE_CURVE('',#1084,#1087,#1344,.T.);
#827=EDGE_CURVE('',#1086,#1088,#1345,.T.);
#828=EDGE_CURVE('',#1089,#1088,#1346,.T.);
#829=EDGE_CURVE('',#1087,#1089,#1347,.T.);
#830=EDGE_CURVE('',#1088,#1082,#1348,.T.);
#831=EDGE_CURVE('',#1089,#1085,#1349,.T.);
#832=EDGE_CURVE('',#1090,#1090,#18,.T.);
#833=EDGE_CURVE('',#1091,#1091,#19,.T.);
#834=EDGE_CURVE('',#1092,#1093,#1350,.T.);
#835=EDGE_CURVE('',#1094,#1093,#1351,.T.);
#836=EDGE_CURVE('',#1095,#1094,#1352,.T.);
#837=EDGE_CURVE('',#1095,#1092,#1353,.T.);
#838=EDGE_CURVE('',#1093,#1096,#1354,.T.);
#839=EDGE_CURVE('',#1097,#1096,#1355,.T.);
#840=EDGE_CURVE('',#1094,#1097,#1356,.T.);
#841=EDGE_CURVE('',#1096,#1098,#1357,.T.);
#842=EDGE_CURVE('',#1099,#1098,#1358,.T.);
#843=EDGE_CURVE('',#1097,#1099,#1359,.T.);
#844=EDGE_CURVE('',#1098,#1092,#1360,.T.);
#845=EDGE_CURVE('',#1099,#1095,#1361,.T.);
#846=EDGE_CURVE('',#1100,#1100,#20,.T.);
#847=EDGE_CURVE('',#1101,#1101,#21,.T.);
#848=EDGE_CURVE('',#1102,#1102,#22,.T.);
#849=EDGE_CURVE('',#1103,#1103,#23,.T.);
#850=EDGE_CURVE('',#1104,#1105,#1362,.T.);
#851=EDGE_CURVE('',#1106,#1105,#1363,.T.);
#852=EDGE_CURVE('',#1107,#1106,#1364,.T.);
#853=EDGE_CURVE('',#1107,#1104,#1365,.T.);
#854=EDGE_CURVE('',#1105,#1108,#1366,.T.);
#855=EDGE_CURVE('',#1109,#1108,#1367,.T.);
#856=EDGE_CURVE('',#1106,#1109,#1368,.T.);
#857=EDGE_CURVE('',#1108,#1110,#1369,.T.);
#858=EDGE_CURVE('',#1111,#1110,#1370,.T.);
#859=EDGE_CURVE('',#1109,#1111,#1371,.T.);
#860=EDGE_CURVE('',#1110,#1104,#1372,.T.);
#861=EDGE_CURVE('',#1111,#1107,#1373,.T.);
#862=EDGE_CURVE('',#1112,#1112,#24,.T.);
#863=EDGE_CURVE('',#1113,#1113,#25,.T.);
#864=EDGE_CURVE('',#1114,#1115,#1374,.T.);
#865=EDGE_CURVE('',#1116,#1115,#1375,.T.);
#866=EDGE_CURVE('',#1117,#1116,#1376,.T.);
#867=EDGE_CURVE('',#1117,#1114,#1377,.T.);
#868=EDGE_CURVE('',#1115,#1118,#1378,.T.);
#869=EDGE_CURVE('',#1119,#1118,#1379,.T.);
#870=EDGE_CURVE('',#1116,#1119,#1380,.T.);
#871=EDGE_CURVE('',#1118,#1120,#1381,.T.);
#872=EDGE_CURVE('',#1121,#1120,#1382,.T.);
#873=EDGE_CURVE('',#1119,#1121,#1383,.T.);
#874=EDGE_CURVE('',#1120,#1122,#1384,.T.);
#875=EDGE_CURVE('',#1123,#1122,#1385,.T.);
#876=EDGE_CURVE('',#1121,#1123,#1386,.T.);
#877=EDGE_CURVE('',#1122,#1124,#1387,.T.);
#878=EDGE_CURVE('',#1125,#1124,#1388,.T.);
#879=EDGE_CURVE('',#1123,#1125,#1389,.T.);
#880=EDGE_CURVE('',#1124,#1126,#1390,.T.);
#881=EDGE_CURVE('',#1127,#1126,#1391,.T.);
#882=EDGE_CURVE('',#1125,#1127,#1392,.T.);
#883=EDGE_CURVE('',#1126,#1128,#1393,.T.);
#884=EDGE_CURVE('',#1129,#1128,#1394,.T.);
#885=EDGE_CURVE('',#1127,#1129,#1395,.T.);
#886=EDGE_CURVE('',#1128,#1130,#1396,.T.);
#887=EDGE_CURVE('',#1131,#1130,#1397,.T.);
#888=EDGE_CURVE('',#1129,#1131,#1398,.T.);
#889=EDGE_CURVE('',#1130,#1132,#1399,.T.);
#890=EDGE_CURVE('',#1133,#1132,#1400,.T.);
#891=EDGE_CURVE('',#1131,#1133,#1401,.T.);
#892=EDGE_CURVE('',#1132,#1134,#1402,.T.);
#893=EDGE_CURVE('',#1135,#1134,#1403,.T.);
#894=EDGE_CURVE('',#1133,#1135,#1404,.T.);
#895=EDGE_CURVE('',#1134,#1136,#1405,.T.);
#896=EDGE_CURVE('',#1137,#1136,#1406,.T.);
#897=EDGE_CURVE('',#1135,#1137,#1407,.T.);
#898=EDGE_CURVE('',#1136,#1114,#26,.T.);
#899=EDGE_CURVE('',#1137,#1117,#27,.T.);
#900=EDGE_CURVE('',#1138,#1138,#28,.T.);
#901=EDGE_CURVE('',#1139,#1139,#29,.T.);
#902=EDGE_CURVE('',#1140,#1140,#30,.T.);
#903=EDGE_CURVE('',#1141,#1141,#31,.T.);
#904=EDGE_CURVE('',#1142,#1142,#32,.T.);
#905=EDGE_CURVE('',#1143,#1143,#33,.T.);
#906=EDGE_CURVE('',#1144,#1144,#34,.T.);
#907=EDGE_CURVE('',#1145,#1145,#35,.T.);
#908=EDGE_CURVE('',#1146,#1147,#1408,.T.);
#909=EDGE_CURVE('',#1148,#1147,#1409,.T.);
#910=EDGE_CURVE('',#1149,#1148,#1410,.T.);
#911=EDGE_CURVE('',#1149,#1146,#1411,.T.);
#912=EDGE_CURVE('',#1147,#1150,#1412,.T.);
#913=EDGE_CURVE('',#1151,#1150,#1413,.T.);
#914=EDGE_CURVE('',#1148,#1151,#1414,.T.);
#915=EDGE_CURVE('',#1150,#1152,#1415,.T.);
#916=EDGE_CURVE('',#1153,#1152,#1416,.T.);
#917=EDGE_CURVE('',#1151,#1153,#1417,.T.);
#918=EDGE_CURVE('',#1152,#1146,#1418,.T.);
#919=EDGE_CURVE('',#1153,#1149,#1419,.T.);
#920=EDGE_CURVE('',#1154,#1155,#1420,.T.);
#921=EDGE_CURVE('',#1156,#1155,#1421,.T.);
#922=EDGE_CURVE('',#1157,#1156,#1422,.T.);
#923=EDGE_CURVE('',#1157,#1154,#1423,.T.);
#924=EDGE_CURVE('',#1155,#1158,#1424,.T.);
#925=EDGE_CURVE('',#1159,#1158,#1425,.T.);
#926=EDGE_CURVE('',#1156,#1159,#1426,.T.);
#927=EDGE_CURVE('',#1158,#1160,#1427,.T.);
#928=EDGE_CURVE('',#1161,#1160,#1428,.T.);
#929=EDGE_CURVE('',#1159,#1161,#1429,.T.);
#930=EDGE_CURVE('',#1160,#1154,#1430,.T.);
#931=EDGE_CURVE('',#1161,#1157,#1431,.T.);
#932=EDGE_CURVE('',#1162,#1163,#1432,.T.);
#933=EDGE_CURVE('',#1164,#1163,#1433,.T.);
#934=EDGE_CURVE('',#1165,#1164,#1434,.T.);
#935=EDGE_CURVE('',#1165,#1162,#1435,.T.);
#936=EDGE_CURVE('',#1163,#1166,#1436,.T.);
#937=EDGE_CURVE('',#1167,#1166,#1437,.T.);
#938=EDGE_CURVE('',#1164,#1167,#1438,.T.);
#939=EDGE_CURVE('',#1166,#1168,#1439,.T.);
#940=EDGE_CURVE('',#1169,#1168,#1440,.T.);
#941=EDGE_CURVE('',#1167,#1169,#1441,.T.);
#942=EDGE_CURVE('',#1168,#1162,#1442,.T.);
#943=EDGE_CURVE('',#1169,#1165,#1443,.T.);
#944=EDGE_CURVE('',#1170,#1171,#1444,.T.);
#945=EDGE_CURVE('',#1172,#1171,#1445,.T.);
#946=EDGE_CURVE('',#1173,#1172,#1446,.T.);
#947=EDGE_CURVE('',#1173,#1170,#1447,.T.);
#948=EDGE_CURVE('',#1171,#1174,#1448,.T.);
#949=EDGE_CURVE('',#1175,#1174,#1449,.T.);
#950=EDGE_CURVE('',#1172,#1175,#1450,.T.);
#951=EDGE_CURVE('',#1174,#1176,#1451,.T.);
#952=EDGE_CURVE('',#1177,#1176,#1452,.T.);
#953=EDGE_CURVE('',#1175,#1177,#1453,.T.);
#954=EDGE_CURVE('',#1176,#1170,#1454,.T.);
#955=EDGE_CURVE('',#1177,#1173,#1455,.T.);
#956=EDGE_CURVE('',#1178,#1179,#1456,.T.);
#957=EDGE_CURVE('',#1180,#1179,#1457,.T.);
#958=EDGE_CURVE('',#1181,#1180,#1458,.T.);
#959=EDGE_CURVE('',#1181,#1178,#1459,.T.);
#960=EDGE_CURVE('',#1179,#1182,#1460,.T.);
#961=EDGE_CURVE('',#1183,#1182,#1461,.T.);
#962=EDGE_CURVE('',#1180,#1183,#1462,.T.);
#963=EDGE_CURVE('',#1182,#1184,#1463,.T.);
#964=EDGE_CURVE('',#1185,#1184,#1464,.T.);
#965=EDGE_CURVE('',#1183,#1185,#1465,.T.);
#966=EDGE_CURVE('',#1184,#1178,#1466,.T.);
#967=EDGE_CURVE('',#1185,#1181,#1467,.T.);
#968=EDGE_CURVE('',#1186,#1187,#1468,.T.);
#969=EDGE_CURVE('',#1188,#1187,#1469,.T.);
#970=EDGE_CURVE('',#1189,#1188,#1470,.T.);
#971=EDGE_CURVE('',#1189,#1186,#1471,.T.);
#972=EDGE_CURVE('',#1187,#1190,#1472,.T.);
#973=EDGE_CURVE('',#1191,#1190,#1473,.T.);
#974=EDGE_CURVE('',#1188,#1191,#1474,.T.);
#975=EDGE_CURVE('',#1190,#1192,#1475,.T.);
#976=EDGE_CURVE('',#1193,#1192,#1476,.T.);
#977=EDGE_CURVE('',#1191,#1193,#1477,.T.);
#978=EDGE_CURVE('',#1192,#1186,#1478,.T.);
#979=EDGE_CURVE('',#1193,#1189,#1479,.T.);
#980=VERTEX_POINT('',#3579);
#981=VERTEX_POINT('',#3580);
#982=VERTEX_POINT('',#3582);
#983=VERTEX_POINT('',#3584);
#984=VERTEX_POINT('',#3588);
#985=VERTEX_POINT('',#3590);
#986=VERTEX_POINT('',#3594);
#987=VERTEX_POINT('',#3596);
#988=VERTEX_POINT('',#3605);
#989=VERTEX_POINT('',#3606);
#990=VERTEX_POINT('',#3608);
#991=VERTEX_POINT('',#3610);
#992=VERTEX_POINT('',#3614);
#993=VERTEX_POINT('',#3616);
#994=VERTEX_POINT('',#3620);
#995=VERTEX_POINT('',#3622);
#996=VERTEX_POINT('',#3631);
#997=VERTEX_POINT('',#3633);
#998=VERTEX_POINT('',#3638);
#999=VERTEX_POINT('',#3639);
#1000=VERTEX_POINT('',#3641);
#1001=VERTEX_POINT('',#3643);
#1002=VERTEX_POINT('',#3647);
#1003=VERTEX_POINT('',#3649);
#1004=VERTEX_POINT('',#3653);
#1005=VERTEX_POINT('',#3655);
#1006=VERTEX_POINT('',#3664);
#1007=VERTEX_POINT('',#3665);
#1008=VERTEX_POINT('',#3667);
#1009=VERTEX_POINT('',#3669);
#1010=VERTEX_POINT('',#3673);
#1011=VERTEX_POINT('',#3675);
#1012=VERTEX_POINT('',#3679);
#1013=VERTEX_POINT('',#3681);
#1014=VERTEX_POINT('',#3690);
#1015=VERTEX_POINT('',#3692);
#1016=VERTEX_POINT('',#3697);
#1017=VERTEX_POINT('',#3698);
#1018=VERTEX_POINT('',#3700);
#1019=VERTEX_POINT('',#3702);
#1020=VERTEX_POINT('',#3706);
#1021=VERTEX_POINT('',#3708);
#1022=VERTEX_POINT('',#3712);
#1023=VERTEX_POINT('',#3714);
#1024=VERTEX_POINT('',#3723);
#1025=VERTEX_POINT('',#3725);
#1026=VERTEX_POINT('',#3730);
#1027=VERTEX_POINT('',#3731);
#1028=VERTEX_POINT('',#3733);
#1029=VERTEX_POINT('',#3735);
#1030=VERTEX_POINT('',#3739);
#1031=VERTEX_POINT('',#3741);
#1032=VERTEX_POINT('',#3745);
#1033=VERTEX_POINT('',#3747);
#1034=VERTEX_POINT('',#3756);
#1035=VERTEX_POINT('',#3757);
#1036=VERTEX_POINT('',#3759);
#1037=VERTEX_POINT('',#3761);
#1038=VERTEX_POINT('',#3765);
#1039=VERTEX_POINT('',#3767);
#1040=VERTEX_POINT('',#3771);
#1041=VERTEX_POINT('',#3773);
#1042=VERTEX_POINT('',#3782);
#1043=VERTEX_POINT('',#3783);
#1044=VERTEX_POINT('',#3785);
#1045=VERTEX_POINT('',#3787);
#1046=VERTEX_POINT('',#3791);
#1047=VERTEX_POINT('',#3793);
#1048=VERTEX_POINT('',#3797);
#1049=VERTEX_POINT('',#3799);
#1050=VERTEX_POINT('',#3808);
#1051=VERTEX_POINT('',#3809);
#1052=VERTEX_POINT('',#3811);
#1053=VERTEX_POINT('',#3813);
#1054=VERTEX_POINT('',#3817);
#1055=VERTEX_POINT('',#3819);
#1056=VERTEX_POINT('',#3823);
#1057=VERTEX_POINT('',#3825);
#1058=VERTEX_POINT('',#3834);
#1059=VERTEX_POINT('',#3835);
#1060=VERTEX_POINT('',#3837);
#1061=VERTEX_POINT('',#3839);
#1062=VERTEX_POINT('',#3843);
#1063=VERTEX_POINT('',#3845);
#1064=VERTEX_POINT('',#3849);
#1065=VERTEX_POINT('',#3851);
#1066=VERTEX_POINT('',#3860);
#1067=VERTEX_POINT('',#3861);
#1068=VERTEX_POINT('',#3863);
#1069=VERTEX_POINT('',#3865);
#1070=VERTEX_POINT('',#3869);
#1071=VERTEX_POINT('',#3871);
#1072=VERTEX_POINT('',#3875);
#1073=VERTEX_POINT('',#3877);
#1074=VERTEX_POINT('',#3886);
#1075=VERTEX_POINT('',#3887);
#1076=VERTEX_POINT('',#3889);
#1077=VERTEX_POINT('',#3891);
#1078=VERTEX_POINT('',#3895);
#1079=VERTEX_POINT('',#3897);
#1080=VERTEX_POINT('',#3901);
#1081=VERTEX_POINT('',#3903);
#1082=VERTEX_POINT('',#3912);
#1083=VERTEX_POINT('',#3913);
#1084=VERTEX_POINT('',#3915);
#1085=VERTEX_POINT('',#3917);
#1086=VERTEX_POINT('',#3921);
#1087=VERTEX_POINT('',#3923);
#1088=VERTEX_POINT('',#3927);
#1089=VERTEX_POINT('',#3929);
#1090=VERTEX_POINT('',#3938);
#1091=VERTEX_POINT('',#3940);
#1092=VERTEX_POINT('',#3945);
#1093=VERTEX_POINT('',#3946);
#1094=VERTEX_POINT('',#3948);
#1095=VERTEX_POINT('',#3950);
#1096=VERTEX_POINT('',#3954);
#1097=VERTEX_POINT('',#3956);
#1098=VERTEX_POINT('',#3960);
#1099=VERTEX_POINT('',#3962);
#1100=VERTEX_POINT('',#3971);
#1101=VERTEX_POINT('',#3973);
#1102=VERTEX_POINT('',#3978);
#1103=VERTEX_POINT('',#3980);
#1104=VERTEX_POINT('',#3985);
#1105=VERTEX_POINT('',#3986);
#1106=VERTEX_POINT('',#3988);
#1107=VERTEX_POINT('',#3990);
#1108=VERTEX_POINT('',#3994);
#1109=VERTEX_POINT('',#3996);
#1110=VERTEX_POINT('',#4000);
#1111=VERTEX_POINT('',#4002);
#1112=VERTEX_POINT('',#4011);
#1113=VERTEX_POINT('',#4013);
#1114=VERTEX_POINT('',#4018);
#1115=VERTEX_POINT('',#4019);
#1116=VERTEX_POINT('',#4021);
#1117=VERTEX_POINT('',#4023);
#1118=VERTEX_POINT('',#4027);
#1119=VERTEX_POINT('',#4029);
#1120=VERTEX_POINT('',#4033);
#1121=VERTEX_POINT('',#4035);
#1122=VERTEX_POINT('',#4039);
#1123=VERTEX_POINT('',#4041);
#1124=VERTEX_POINT('',#4045);
#1125=VERTEX_POINT('',#4047);
#1126=VERTEX_POINT('',#4051);
#1127=VERTEX_POINT('',#4053);
#1128=VERTEX_POINT('',#4057);
#1129=VERTEX_POINT('',#4059);
#1130=VERTEX_POINT('',#4063);
#1131=VERTEX_POINT('',#4065);
#1132=VERTEX_POINT('',#4069);
#1133=VERTEX_POINT('',#4071);
#1134=VERTEX_POINT('',#4075);
#1135=VERTEX_POINT('',#4077);
#1136=VERTEX_POINT('',#4081);
#1137=VERTEX_POINT('',#4083);
#1138=VERTEX_POINT('',#4090);
#1139=VERTEX_POINT('',#4092);
#1140=VERTEX_POINT('',#4094);
#1141=VERTEX_POINT('',#4096);
#1142=VERTEX_POINT('',#4099);
#1143=VERTEX_POINT('',#4101);
#1144=VERTEX_POINT('',#4103);
#1145=VERTEX_POINT('',#4105);
#1146=VERTEX_POINT('',#4112);
#1147=VERTEX_POINT('',#4113);
#1148=VERTEX_POINT('',#4115);
#1149=VERTEX_POINT('',#4117);
#1150=VERTEX_POINT('',#4121);
#1151=VERTEX_POINT('',#4123);
#1152=VERTEX_POINT('',#4127);
#1153=VERTEX_POINT('',#4129);
#1154=VERTEX_POINT('',#4138);
#1155=VERTEX_POINT('',#4139);
#1156=VERTEX_POINT('',#4141);
#1157=VERTEX_POINT('',#4143);
#1158=VERTEX_POINT('',#4147);
#1159=VERTEX_POINT('',#4149);
#1160=VERTEX_POINT('',#4153);
#1161=VERTEX_POINT('',#4155);
#1162=VERTEX_POINT('',#4164);
#1163=VERTEX_POINT('',#4165);
#1164=VERTEX_POINT('',#4167);
#1165=VERTEX_POINT('',#4169);
#1166=VERTEX_POINT('',#4173);
#1167=VERTEX_POINT('',#4175);
#1168=VERTEX_POINT('',#4179);
#1169=VERTEX_POINT('',#4181);
#1170=VERTEX_POINT('',#4190);
#1171=VERTEX_POINT('',#4191);
#1172=VERTEX_POINT('',#4193);
#1173=VERTEX_POINT('',#4195);
#1174=VERTEX_POINT('',#4199);
#1175=VERTEX_POINT('',#4201);
#1176=VERTEX_POINT('',#4205);
#1177=VERTEX_POINT('',#4207);
#1178=VERTEX_POINT('',#4216);
#1179=VERTEX_POINT('',#4217);
#1180=VERTEX_POINT('',#4219);
#1181=VERTEX_POINT('',#4221);
#1182=VERTEX_POINT('',#4225);
#1183=VERTEX_POINT('',#4227);
#1184=VERTEX_POINT('',#4231);
#1185=VERTEX_POINT('',#4233);
#1186=VERTEX_POINT('',#4242);
#1187=VERTEX_POINT('',#4243);
#1188=VERTEX_POINT('',#4245);
#1189=VERTEX_POINT('',#4247);
#1190=VERTEX_POINT('',#4251);
#1191=VERTEX_POINT('',#4253);
#1192=VERTEX_POINT('',#4257);
#1193=VERTEX_POINT('',#4259);
#1194=LINE('',#3578,#1480);
#1195=LINE('',#3581,#1481);
#1196=LINE('',#3583,#1482);
#1197=LINE('',#3585,#1483);
#1198=LINE('',#3587,#1484);
#1199=LINE('',#3589,#1485);
#1200=LINE('',#3591,#1486);
#1201=LINE('',#3593,#1487);
#1202=LINE('',#3595,#1488);
#1203=LINE('',#3597,#1489);
#1204=LINE('',#3599,#1490);
#1205=LINE('',#3600,#1491);
#1206=LINE('',#3604,#1492);
#1207=LINE('',#3607,#1493);
#1208=LINE('',#3609,#1494);
#1209=LINE('',#3611,#1495);
#1210=LINE('',#3613,#1496);
#1211=LINE('',#3615,#1497);
#1212=LINE('',#3617,#1498);
#1213=LINE('',#3619,#1499);
#1214=LINE('',#3621,#1500);
#1215=LINE('',#3623,#1501);
#1216=LINE('',#3625,#1502);
#1217=LINE('',#3626,#1503);
#1218=LINE('',#3637,#1504);
#1219=LINE('',#3640,#1505);
#1220=LINE('',#3642,#1506);
#1221=LINE('',#3644,#1507);
#1222=LINE('',#3646,#1508);
#1223=LINE('',#3648,#1509);
#1224=LINE('',#3650,#1510);
#1225=LINE('',#3652,#1511);
#1226=LINE('',#3654,#1512);
#1227=LINE('',#3656,#1513);
#1228=LINE('',#3658,#1514);
#1229=LINE('',#3659,#1515);
#1230=LINE('',#3663,#1516);
#1231=LINE('',#3666,#1517);
#1232=LINE('',#3668,#1518);
#1233=LINE('',#3670,#1519);
#1234=LINE('',#3672,#1520);
#1235=LINE('',#3674,#1521);
#1236=LINE('',#3676,#1522);
#1237=LINE('',#3678,#1523);
#1238=LINE('',#3680,#1524);
#1239=LINE('',#3682,#1525);
#1240=LINE('',#3684,#1526);
#1241=LINE('',#3685,#1527);
#1242=LINE('',#3696,#1528);
#1243=LINE('',#3699,#1529);
#1244=LINE('',#3701,#1530);
#1245=LINE('',#3703,#1531);
#1246=LINE('',#3705,#1532);
#1247=LINE('',#3707,#1533);
#1248=LINE('',#3709,#1534);
#1249=LINE('',#3711,#1535);
#1250=LINE('',#3713,#1536);
#1251=LINE('',#3715,#1537);
#1252=LINE('',#3717,#1538);
#1253=LINE('',#3718,#1539);
#1254=LINE('',#3729,#1540);
#1255=LINE('',#3732,#1541);
#1256=LINE('',#3734,#1542);
#1257=LINE('',#3736,#1543);
#1258=LINE('',#3738,#1544);
#1259=LINE('',#3740,#1545);
#1260=LINE('',#3742,#1546);
#1261=LINE('',#3744,#1547);
#1262=LINE('',#3746,#1548);
#1263=LINE('',#3748,#1549);
#1264=LINE('',#3750,#1550);
#1265=LINE('',#3751,#1551);
#1266=LINE('',#3755,#1552);
#1267=LINE('',#3758,#1553);
#1268=LINE('',#3760,#1554);
#1269=LINE('',#3762,#1555);
#1270=LINE('',#3764,#1556);
#1271=LINE('',#3766,#1557);
#1272=LINE('',#3768,#1558);
#1273=LINE('',#3770,#1559);
#1274=LINE('',#3772,#1560);
#1275=LINE('',#3774,#1561);
#1276=LINE('',#3776,#1562);
#1277=LINE('',#3777,#1563);
#1278=LINE('',#3781,#1564);
#1279=LINE('',#3784,#1565);
#1280=LINE('',#3786,#1566);
#1281=LINE('',#3788,#1567);
#1282=LINE('',#3790,#1568);
#1283=LINE('',#3792,#1569);
#1284=LINE('',#3794,#1570);
#1285=LINE('',#3796,#1571);
#1286=LINE('',#3798,#1572);
#1287=LINE('',#3800,#1573);
#1288=LINE('',#3802,#1574);
#1289=LINE('',#3803,#1575);
#1290=LINE('',#3807,#1576);
#1291=LINE('',#3810,#1577);
#1292=LINE('',#3812,#1578);
#1293=LINE('',#3814,#1579);
#1294=LINE('',#3816,#1580);
#1295=LINE('',#3818,#1581);
#1296=LINE('',#3820,#1582);
#1297=LINE('',#3822,#1583);
#1298=LINE('',#3824,#1584);
#1299=LINE('',#3826,#1585);
#1300=LINE('',#3828,#1586);
#1301=LINE('',#3829,#1587);
#1302=LINE('',#3833,#1588);
#1303=LINE('',#3836,#1589);
#1304=LINE('',#3838,#1590);
#1305=LINE('',#3840,#1591);
#1306=LINE('',#3842,#1592);
#1307=LINE('',#3844,#1593);
#1308=LINE('',#3846,#1594);
#1309=LINE('',#3848,#1595);
#1310=LINE('',#3850,#1596);
#1311=LINE('',#3852,#1597);
#1312=LINE('',#3854,#1598);
#1313=LINE('',#3855,#1599);
#1314=LINE('',#3859,#1600);
#1315=LINE('',#3862,#1601);
#1316=LINE('',#3864,#1602);
#1317=LINE('',#3866,#1603);
#1318=LINE('',#3868,#1604);
#1319=LINE('',#3870,#1605);
#1320=LINE('',#3872,#1606);
#1321=LINE('',#3874,#1607);
#1322=LINE('',#3876,#1608);
#1323=LINE('',#3878,#1609);
#1324=LINE('',#3880,#1610);
#1325=LINE('',#3881,#1611);
#1326=LINE('',#3885,#1612);
#1327=LINE('',#3888,#1613);
#1328=LINE('',#3890,#1614);
#1329=LINE('',#3892,#1615);
#1330=LINE('',#3894,#1616);
#1331=LINE('',#3896,#1617);
#1332=LINE('',#3898,#1618);
#1333=LINE('',#3900,#1619);
#1334=LINE('',#3902,#1620);
#1335=LINE('',#3904,#1621);
#1336=LINE('',#3906,#1622);
#1337=LINE('',#3907,#1623);
#1338=LINE('',#3911,#1624);
#1339=LINE('',#3914,#1625);
#1340=LINE('',#3916,#1626);
#1341=LINE('',#3918,#1627);
#1342=LINE('',#3920,#1628);
#1343=LINE('',#3922,#1629);
#1344=LINE('',#3924,#1630);
#1345=LINE('',#3926,#1631);
#1346=LINE('',#3928,#1632);
#1347=LINE('',#3930,#1633);
#1348=LINE('',#3932,#1634);
#1349=LINE('',#3933,#1635);
#1350=LINE('',#3944,#1636);
#1351=LINE('',#3947,#1637);
#1352=LINE('',#3949,#1638);
#1353=LINE('',#3951,#1639);
#1354=LINE('',#3953,#1640);
#1355=LINE('',#3955,#1641);
#1356=LINE('',#3957,#1642);
#1357=LINE('',#3959,#1643);
#1358=LINE('',#3961,#1644);
#1359=LINE('',#3963,#1645);
#1360=LINE('',#3965,#1646);
#1361=LINE('',#3966,#1647);
#1362=LINE('',#3984,#1648);
#1363=LINE('',#3987,#1649);
#1364=LINE('',#3989,#1650);
#1365=LINE('',#3991,#1651);
#1366=LINE('',#3993,#1652);
#1367=LINE('',#3995,#1653);
#1368=LINE('',#3997,#1654);
#1369=LINE('',#3999,#1655);
#1370=LINE('',#4001,#1656);
#1371=LINE('',#4003,#1657);
#1372=LINE('',#4005,#1658);
#1373=LINE('',#4006,#1659);
#1374=LINE('',#4017,#1660);
#1375=LINE('',#4020,#1661);
#1376=LINE('',#4022,#1662);
#1377=LINE('',#4024,#1663);
#1378=LINE('',#4026,#1664);
#1379=LINE('',#4028,#1665);
#1380=LINE('',#4030,#1666);
#1381=LINE('',#4032,#1667);
#1382=LINE('',#4034,#1668);
#1383=LINE('',#4036,#1669);
#1384=LINE('',#4038,#1670);
#1385=LINE('',#4040,#1671);
#1386=LINE('',#4042,#1672);
#1387=LINE('',#4044,#1673);
#1388=LINE('',#4046,#1674);
#1389=LINE('',#4048,#1675);
#1390=LINE('',#4050,#1676);
#1391=LINE('',#4052,#1677);
#1392=LINE('',#4054,#1678);
#1393=LINE('',#4056,#1679);
#1394=LINE('',#4058,#1680);
#1395=LINE('',#4060,#1681);
#1396=LINE('',#4062,#1682);
#1397=LINE('',#4064,#1683);
#1398=LINE('',#4066,#1684);
#1399=LINE('',#4068,#1685);
#1400=LINE('',#4070,#1686);
#1401=LINE('',#4072,#1687);
#1402=LINE('',#4074,#1688);
#1403=LINE('',#4076,#1689);
#1404=LINE('',#4078,#1690);
#1405=LINE('',#4080,#1691);
#1406=LINE('',#4082,#1692);
#1407=LINE('',#4084,#1693);
#1408=LINE('',#4111,#1694);
#1409=LINE('',#4114,#1695);
#1410=LINE('',#4116,#1696);
#1411=LINE('',#4118,#1697);
#1412=LINE('',#4120,#1698);
#1413=LINE('',#4122,#1699);
#1414=LINE('',#4124,#1700);
#1415=LINE('',#4126,#1701);
#1416=LINE('',#4128,#1702);
#1417=LINE('',#4130,#1703);
#1418=LINE('',#4132,#1704);
#1419=LINE('',#4133,#1705);
#1420=LINE('',#4137,#1706);
#1421=LINE('',#4140,#1707);
#1422=LINE('',#4142,#1708);
#1423=LINE('',#4144,#1709);
#1424=LINE('',#4146,#1710);
#1425=LINE('',#4148,#1711);
#1426=LINE('',#4150,#1712);
#1427=LINE('',#4152,#1713);
#1428=LINE('',#4154,#1714);
#1429=LINE('',#4156,#1715);
#1430=LINE('',#4158,#1716);
#1431=LINE('',#4159,#1717);
#1432=LINE('',#4163,#1718);
#1433=LINE('',#4166,#1719);
#1434=LINE('',#4168,#1720);
#1435=LINE('',#4170,#1721);
#1436=LINE('',#4172,#1722);
#1437=LINE('',#4174,#1723);
#1438=LINE('',#4176,#1724);
#1439=LINE('',#4178,#1725);
#1440=LINE('',#4180,#1726);
#1441=LINE('',#4182,#1727);
#1442=LINE('',#4184,#1728);
#1443=LINE('',#4185,#1729);
#1444=LINE('',#4189,#1730);
#1445=LINE('',#4192,#1731);
#1446=LINE('',#4194,#1732);
#1447=LINE('',#4196,#1733);
#1448=LINE('',#4198,#1734);
#1449=LINE('',#4200,#1735);
#1450=LINE('',#4202,#1736);
#1451=LINE('',#4204,#1737);
#1452=LINE('',#4206,#1738);
#1453=LINE('',#4208,#1739);
#1454=LINE('',#4210,#1740);
#1455=LINE('',#4211,#1741);
#1456=LINE('',#4215,#1742);
#1457=LINE('',#4218,#1743);
#1458=LINE('',#4220,#1744);
#1459=LINE('',#4222,#1745);
#1460=LINE('',#4224,#1746);
#1461=LINE('',#4226,#1747);
#1462=LINE('',#4228,#1748);
#1463=LINE('',#4230,#1749);
#1464=LINE('',#4232,#1750);
#1465=LINE('',#4234,#1751);
#1466=LINE('',#4236,#1752);
#1467=LINE('',#4237,#1753);
#1468=LINE('',#4241,#1754);
#1469=LINE('',#4244,#1755);
#1470=LINE('',#4246,#1756);
#1471=LINE('',#4248,#1757);
#1472=LINE('',#4250,#1758);
#1473=LINE('',#4252,#1759);
#1474=LINE('',#4254,#1760);
#1475=LINE('',#4256,#1761);
#1476=LINE('',#4258,#1762);
#1477=LINE('',#4260,#1763);
#1478=LINE('',#4262,#1764);
#1479=LINE('',#4263,#1765);
#1480=VECTOR('',#2914,1000.);
#1481=VECTOR('',#2915,1000.);
#1482=VECTOR('',#2916,1000.);
#1483=VECTOR('',#2917,1000.);
#1484=VECTOR('',#2920,1000.);
#1485=VECTOR('',#2921,1000.);
#1486=VECTOR('',#2922,1000.);
#1487=VECTOR('',#2925,1000.);
#1488=VECTOR('',#2926,1000.);
#1489=VECTOR('',#2927,1000.);
#1490=VECTOR('',#2930,1000.);
#1491=VECTOR('',#2931,1000.);
#1492=VECTOR('',#2938,1000.);
#1493=VECTOR('',#2939,1000.);
#1494=VECTOR('',#2940,1000.);
#1495=VECTOR('',#2941,1000.);
#1496=VECTOR('',#2944,1000.);
#1497=VECTOR('',#2945,1000.);
#1498=VECTOR('',#2946,1000.);
#1499=VECTOR('',#2949,1000.);
#1500=VECTOR('',#2950,1000.);
#1501=VECTOR('',#2951,1000.);
#1502=VECTOR('',#2954,1000.);
#1503=VECTOR('',#2955,1000.);
#1504=VECTOR('',#2972,1000.);
#1505=VECTOR('',#2973,1000.);
#1506=VECTOR('',#2974,1000.);
#1507=VECTOR('',#2975,1000.);
#1508=VECTOR('',#2978,1000.);
#1509=VECTOR('',#2979,1000.);
#1510=VECTOR('',#2980,1000.);
#1511=VECTOR('',#2983,1000.);
#1512=VECTOR('',#2984,1000.);
#1513=VECTOR('',#2985,1000.);
#1514=VECTOR('',#2988,1000.);
#1515=VECTOR('',#2989,1000.);
#1516=VECTOR('',#2996,1000.);
#1517=VECTOR('',#2997,1000.);
#1518=VECTOR('',#2998,1000.);
#1519=VECTOR('',#2999,1000.);
#1520=VECTOR('',#3002,1000.);
#1521=VECTOR('',#3003,1000.);
#1522=VECTOR('',#3004,1000.);
#1523=VECTOR('',#3007,1000.);
#1524=VECTOR('',#3008,1000.);
#1525=VECTOR('',#3009,1000.);
#1526=VECTOR('',#3012,1000.);
#1527=VECTOR('',#3013,1000.);
#1528=VECTOR('',#3030,1000.);
#1529=VECTOR('',#3031,1000.);
#1530=VECTOR('',#3032,1000.);
#1531=VECTOR('',#3033,1000.);
#1532=VECTOR('',#3036,1000.);
#1533=VECTOR('',#3037,1000.);
#1534=VECTOR('',#3038,1000.);
#1535=VECTOR('',#3041,1000.);
#1536=VECTOR('',#3042,1000.);
#1537=VECTOR('',#3043,1000.);
#1538=VECTOR('',#3046,1000.);
#1539=VECTOR('',#3047,1000.);
#1540=VECTOR('',#3064,1000.);
#1541=VECTOR('',#3065,1000.);
#1542=VECTOR('',#3066,1000.);
#1543=VECTOR('',#3067,1000.);
#1544=VECTOR('',#3070,1000.);
#1545=VECTOR('',#3071,1000.);
#1546=VECTOR('',#3072,1000.);
#1547=VECTOR('',#3075,1000.);
#1548=VECTOR('',#3076,1000.);
#1549=VECTOR('',#3077,1000.);
#1550=VECTOR('',#3080,1000.);
#1551=VECTOR('',#3081,1000.);
#1552=VECTOR('',#3088,1000.);
#1553=VECTOR('',#3089,1000.);
#1554=VECTOR('',#3090,1000.);
#1555=VECTOR('',#3091,1000.);
#1556=VECTOR('',#3094,1000.);
#1557=VECTOR('',#3095,1000.);
#1558=VECTOR('',#3096,1000.);
#1559=VECTOR('',#3099,1000.);
#1560=VECTOR('',#3100,1000.);
#1561=VECTOR('',#3101,1000.);
#1562=VECTOR('',#3104,1000.);
#1563=VECTOR('',#3105,1000.);
#1564=VECTOR('',#3112,1000.);
#1565=VECTOR('',#3113,1000.);
#1566=VECTOR('',#3114,1000.);
#1567=VECTOR('',#3115,1000.);
#1568=VECTOR('',#3118,1000.);
#1569=VECTOR('',#3119,1000.);
#1570=VECTOR('',#3120,1000.);
#1571=VECTOR('',#3123,1000.);
#1572=VECTOR('',#3124,1000.);
#1573=VECTOR('',#3125,1000.);
#1574=VECTOR('',#3128,1000.);
#1575=VECTOR('',#3129,1000.);
#1576=VECTOR('',#3136,1000.);
#1577=VECTOR('',#3137,1000.);
#1578=VECTOR('',#3138,1000.);
#1579=VECTOR('',#3139,1000.);
#1580=VECTOR('',#3142,1000.);
#1581=VECTOR('',#3143,1000.);
#1582=VECTOR('',#3144,1000.);
#1583=VECTOR('',#3147,1000.);
#1584=VECTOR('',#3148,1000.);
#1585=VECTOR('',#3149,1000.);
#1586=VECTOR('',#3152,1000.);
#1587=VECTOR('',#3153,1000.);
#1588=VECTOR('',#3160,1000.);
#1589=VECTOR('',#3161,1000.);
#1590=VECTOR('',#3162,1000.);
#1591=VECTOR('',#3163,1000.);
#1592=VECTOR('',#3166,1000.);
#1593=VECTOR('',#3167,1000.);
#1594=VECTOR('',#3168,1000.);
#1595=VECTOR('',#3171,1000.);
#1596=VECTOR('',#3172,1000.);
#1597=VECTOR('',#3173,1000.);
#1598=VECTOR('',#3176,1000.);
#1599=VECTOR('',#3177,1000.);
#1600=VECTOR('',#3184,1000.);
#1601=VECTOR('',#3185,1000.);
#1602=VECTOR('',#3186,1000.);
#1603=VECTOR('',#3187,1000.);
#1604=VECTOR('',#3190,1000.);
#1605=VECTOR('',#3191,1000.);
#1606=VECTOR('',#3192,1000.);
#1607=VECTOR('',#3195,1000.);
#1608=VECTOR('',#3196,1000.);
#1609=VECTOR('',#3197,1000.);
#1610=VECTOR('',#3200,1000.);
#1611=VECTOR('',#3201,1000.);
#1612=VECTOR('',#3208,1000.);
#1613=VECTOR('',#3209,1000.);
#1614=VECTOR('',#3210,1000.);
#1615=VECTOR('',#3211,1000.);
#1616=VECTOR('',#3214,1000.);
#1617=VECTOR('',#3215,1000.);
#1618=VECTOR('',#3216,1000.);
#1619=VECTOR('',#3219,1000.);
#1620=VECTOR('',#3220,1000.);
#1621=VECTOR('',#3221,1000.);
#1622=VECTOR('',#3224,1000.);
#1623=VECTOR('',#3225,1000.);
#1624=VECTOR('',#3232,1000.);
#1625=VECTOR('',#3233,1000.);
#1626=VECTOR('',#3234,1000.);
#1627=VECTOR('',#3235,1000.);
#1628=VECTOR('',#3238,1000.);
#1629=VECTOR('',#3239,1000.);
#1630=VECTOR('',#3240,1000.);
#1631=VECTOR('',#3243,1000.);
#1632=VECTOR('',#3244,1000.);
#1633=VECTOR('',#3245,1000.);
#1634=VECTOR('',#3248,1000.);
#1635=VECTOR('',#3249,1000.);
#1636=VECTOR('',#3266,1000.);
#1637=VECTOR('',#3267,1000.);
#1638=VECTOR('',#3268,1000.);
#1639=VECTOR('',#3269,1000.);
#1640=VECTOR('',#3272,1000.);
#1641=VECTOR('',#3273,1000.);
#1642=VECTOR('',#3274,1000.);
#1643=VECTOR('',#3277,1000.);
#1644=VECTOR('',#3278,1000.);
#1645=VECTOR('',#3279,1000.);
#1646=VECTOR('',#3282,1000.);
#1647=VECTOR('',#3283,1000.);
#1648=VECTOR('',#3310,1000.);
#1649=VECTOR('',#3311,1000.);
#1650=VECTOR('',#3312,1000.);
#1651=VECTOR('',#3313,1000.);
#1652=VECTOR('',#3316,1000.);
#1653=VECTOR('',#3317,1000.);
#1654=VECTOR('',#3318,1000.);
#1655=VECTOR('',#3321,1000.);
#1656=VECTOR('',#3322,1000.);
#1657=VECTOR('',#3323,1000.);
#1658=VECTOR('',#3326,1000.);
#1659=VECTOR('',#3327,1000.);
#1660=VECTOR('',#3344,1000.);
#1661=VECTOR('',#3345,1000.);
#1662=VECTOR('',#3346,1000.);
#1663=VECTOR('',#3347,1000.);
#1664=VECTOR('',#3350,1000.);
#1665=VECTOR('',#3351,1000.);
#1666=VECTOR('',#3352,1000.);
#1667=VECTOR('',#3355,1000.);
#1668=VECTOR('',#3356,1000.);
#1669=VECTOR('',#3357,1000.);
#1670=VECTOR('',#3360,1000.);
#1671=VECTOR('',#3361,1000.);
#1672=VECTOR('',#3362,1000.);
#1673=VECTOR('',#3365,1000.);
#1674=VECTOR('',#3366,1000.);
#1675=VECTOR('',#3367,1000.);
#1676=VECTOR('',#3370,1000.);
#1677=VECTOR('',#3371,1000.);
#1678=VECTOR('',#3372,1000.);
#1679=VECTOR('',#3375,1000.);
#1680=VECTOR('',#3376,1000.);
#1681=VECTOR('',#3377,1000.);
#1682=VECTOR('',#3380,1000.);
#1683=VECTOR('',#3381,1000.);
#1684=VECTOR('',#3382,1000.);
#1685=VECTOR('',#3385,1000.);
#1686=VECTOR('',#3386,1000.);
#1687=VECTOR('',#3387,1000.);
#1688=VECTOR('',#3390,1000.);
#1689=VECTOR('',#3391,1000.);
#1690=VECTOR('',#3392,1000.);
#1691=VECTOR('',#3395,1000.);
#1692=VECTOR('',#3396,1000.);
#1693=VECTOR('',#3397,1000.);
#1694=VECTOR('',#3434,1000.);
#1695=VECTOR('',#3435,1000.);
#1696=VECTOR('',#3436,1000.);
#1697=VECTOR('',#3437,1000.);
#1698=VECTOR('',#3440,1000.);
#1699=VECTOR('',#3441,1000.);
#1700=VECTOR('',#3442,1000.);
#1701=VECTOR('',#3445,1000.);
#1702=VECTOR('',#3446,1000.);
#1703=VECTOR('',#3447,1000.);
#1704=VECTOR('',#3450,1000.);
#1705=VECTOR('',#3451,1000.);
#1706=VECTOR('',#3458,1000.);
#1707=VECTOR('',#3459,1000.);
#1708=VECTOR('',#3460,1000.);
#1709=VECTOR('',#3461,1000.);
#1710=VECTOR('',#3464,1000.);
#1711=VECTOR('',#3465,1000.);
#1712=VECTOR('',#3466,1000.);
#1713=VECTOR('',#3469,1000.);
#1714=VECTOR('',#3470,1000.);
#1715=VECTOR('',#3471,1000.);
#1716=VECTOR('',#3474,1000.);
#1717=VECTOR('',#3475,1000.);
#1718=VECTOR('',#3482,1000.);
#1719=VECTOR('',#3483,1000.);
#1720=VECTOR('',#3484,1000.);
#1721=VECTOR('',#3485,1000.);
#1722=VECTOR('',#3488,1000.);
#1723=VECTOR('',#3489,1000.);
#1724=VECTOR('',#3490,1000.);
#1725=VECTOR('',#3493,1000.);
#1726=VECTOR('',#3494,1000.);
#1727=VECTOR('',#3495,1000.);
#1728=VECTOR('',#3498,1000.);
#1729=VECTOR('',#3499,1000.);
#1730=VECTOR('',#3506,1000.);
#1731=VECTOR('',#3507,1000.);
#1732=VECTOR('',#3508,1000.);
#1733=VECTOR('',#3509,1000.);
#1734=VECTOR('',#3512,1000.);
#1735=VECTOR('',#3513,1000.);
#1736=VECTOR('',#3514,1000.);
#1737=VECTOR('',#3517,1000.);
#1738=VECTOR('',#3518,1000.);
#1739=VECTOR('',#3519,1000.);
#1740=VECTOR('',#3522,1000.);
#1741=VECTOR('',#3523,1000.);
#1742=VECTOR('',#3530,1000.);
#1743=VECTOR('',#3531,1000.);
#1744=VECTOR('',#3532,1000.);
#1745=VECTOR('',#3533,1000.);
#1746=VECTOR('',#3536,1000.);
#1747=VECTOR('',#3537,1000.);
#1748=VECTOR('',#3538,1000.);
#1749=VECTOR('',#3541,1000.);
#1750=VECTOR('',#3542,1000.);
#1751=VECTOR('',#3543,1000.);
#1752=VECTOR('',#3546,1000.);
#1753=VECTOR('',#3547,1000.);
#1754=VECTOR('',#3554,1000.);
#1755=VECTOR('',#3555,1000.);
#1756=VECTOR('',#3556,1000.);
#1757=VECTOR('',#3557,1000.);
#1758=VECTOR('',#3560,1000.);
#1759=VECTOR('',#3561,1000.);
#1760=VECTOR('',#3562,1000.);
#1761=VECTOR('',#3565,1000.);
#1762=VECTOR('',#3566,1000.);
#1763=VECTOR('',#3567,1000.);
#1764=VECTOR('',#3570,1000.);
#1765=VECTOR('',#3571,1000.);
#1766=EDGE_LOOP('',(#50,#51,#52,#53));
#1767=EDGE_LOOP('',(#54,#55,#56,#57));
#1768=EDGE_LOOP('',(#58,#59,#60,#61));
#1769=EDGE_LOOP('',(#62,#63,#64,#65));
#1770=EDGE_LOOP('',(#66,#67,#68,#69));
#1771=EDGE_LOOP('',(#70,#71,#72,#73));
#1772=EDGE_LOOP('',(#74,#75,#76,#77));
#1773=EDGE_LOOP('',(#78,#79,#80,#81));
#1774=EDGE_LOOP('',(#82,#83,#84,#85));
#1775=EDGE_LOOP('',(#86,#87,#88,#89));
#1776=EDGE_LOOP('',(#90,#91,#92,#93));
#1777=EDGE_LOOP('',(#94,#95,#96,#97));
#1778=EDGE_LOOP('',(#98));
#1779=EDGE_LOOP('',(#99));
#1780=EDGE_LOOP('',(#100));
#1781=EDGE_LOOP('',(#101));
#1782=EDGE_LOOP('',(#102,#103,#104,#105));
#1783=EDGE_LOOP('',(#106,#107,#108,#109));
#1784=EDGE_LOOP('',(#110,#111,#112,#113));
#1785=EDGE_LOOP('',(#114,#115,#116,#117));
#1786=EDGE_LOOP('',(#118,#119,#120,#121));
#1787=EDGE_LOOP('',(#122,#123,#124,#125));
#1788=EDGE_LOOP('',(#126,#127,#128,#129));
#1789=EDGE_LOOP('',(#130,#131,#132,#133));
#1790=EDGE_LOOP('',(#134,#135,#136,#137));
#1791=EDGE_LOOP('',(#138,#139,#140,#141));
#1792=EDGE_LOOP('',(#142,#143,#144,#145));
#1793=EDGE_LOOP('',(#146,#147,#148,#149));
#1794=EDGE_LOOP('',(#150));
#1795=EDGE_LOOP('',(#151));
#1796=EDGE_LOOP('',(#152));
#1797=EDGE_LOOP('',(#153));
#1798=EDGE_LOOP('',(#154,#155,#156,#157));
#1799=EDGE_LOOP('',(#158,#159,#160,#161));
#1800=EDGE_LOOP('',(#162,#163,#164,#165));
#1801=EDGE_LOOP('',(#166,#167,#168,#169));
#1802=EDGE_LOOP('',(#170,#171,#172,#173));
#1803=EDGE_LOOP('',(#174,#175,#176,#177));
#1804=EDGE_LOOP('',(#178));
#1805=EDGE_LOOP('',(#179));
#1806=EDGE_LOOP('',(#180));
#1807=EDGE_LOOP('',(#181));
#1808=EDGE_LOOP('',(#182,#183,#184,#185));
#1809=EDGE_LOOP('',(#186,#187,#188,#189));
#1810=EDGE_LOOP('',(#190,#191,#192,#193));
#1811=EDGE_LOOP('',(#194,#195,#196,#197));
#1812=EDGE_LOOP('',(#198,#199,#200,#201));
#1813=EDGE_LOOP('',(#202,#203,#204,#205));
#1814=EDGE_LOOP('',(#206,#207,#208,#209));
#1815=EDGE_LOOP('',(#210,#211,#212,#213));
#1816=EDGE_LOOP('',(#214,#215,#216,#217));
#1817=EDGE_LOOP('',(#218,#219,#220,#221));
#1818=EDGE_LOOP('',(#222,#223,#224,#225));
#1819=EDGE_LOOP('',(#226,#227,#228,#229));
#1820=EDGE_LOOP('',(#230,#231,#232,#233));
#1821=EDGE_LOOP('',(#234,#235,#236,#237));
#1822=EDGE_LOOP('',(#238,#239,#240,#241));
#1823=EDGE_LOOP('',(#242,#243,#244,#245));
#1824=EDGE_LOOP('',(#246,#247,#248,#249));
#1825=EDGE_LOOP('',(#250,#251,#252,#253));
#1826=EDGE_LOOP('',(#254,#255,#256,#257));
#1827=EDGE_LOOP('',(#258,#259,#260,#261));
#1828=EDGE_LOOP('',(#262,#263,#264,#265));
#1829=EDGE_LOOP('',(#266,#267,#268,#269));
#1830=EDGE_LOOP('',(#270,#271,#272,#273));
#1831=EDGE_LOOP('',(#274,#275,#276,#277));
#1832=EDGE_LOOP('',(#278,#279,#280,#281));
#1833=EDGE_LOOP('',(#282,#283,#284,#285));
#1834=EDGE_LOOP('',(#286,#287,#288,#289));
#1835=EDGE_LOOP('',(#290,#291,#292,#293));
#1836=EDGE_LOOP('',(#294,#295,#296,#297));
#1837=EDGE_LOOP('',(#298,#299,#300,#301));
#1838=EDGE_LOOP('',(#302,#303,#304,#305));
#1839=EDGE_LOOP('',(#306,#307,#308,#309));
#1840=EDGE_LOOP('',(#310,#311,#312,#313));
#1841=EDGE_LOOP('',(#314,#315,#316,#317));
#1842=EDGE_LOOP('',(#318,#319,#320,#321));
#1843=EDGE_LOOP('',(#322,#323,#324,#325));
#1844=EDGE_LOOP('',(#326,#327,#328,#329));
#1845=EDGE_LOOP('',(#330,#331,#332,#333));
#1846=EDGE_LOOP('',(#334,#335,#336,#337));
#1847=EDGE_LOOP('',(#338,#339,#340,#341));
#1848=EDGE_LOOP('',(#342,#343,#344,#345));
#1849=EDGE_LOOP('',(#346,#347,#348,#349));
#1850=EDGE_LOOP('',(#350,#351,#352,#353));
#1851=EDGE_LOOP('',(#354,#355,#356,#357));
#1852=EDGE_LOOP('',(#358,#359,#360,#361));
#1853=EDGE_LOOP('',(#362,#363,#364,#365));
#1854=EDGE_LOOP('',(#366,#367,#368,#369));
#1855=EDGE_LOOP('',(#370,#371,#372,#373));
#1856=EDGE_LOOP('',(#374));
#1857=EDGE_LOOP('',(#375));
#1858=EDGE_LOOP('',(#376));
#1859=EDGE_LOOP('',(#377));
#1860=EDGE_LOOP('',(#378,#379,#380,#381));
#1861=EDGE_LOOP('',(#382,#383,#384,#385));
#1862=EDGE_LOOP('',(#386,#387,#388,#389));
#1863=EDGE_LOOP('',(#390,#391,#392,#393));
#1864=EDGE_LOOP('',(#394,#395,#396,#397));
#1865=EDGE_LOOP('',(#398,#399,#400,#401));
#1866=EDGE_LOOP('',(#402));
#1867=EDGE_LOOP('',(#403));
#1868=EDGE_LOOP('',(#404));
#1869=EDGE_LOOP('',(#405));
#1870=EDGE_LOOP('',(#406));
#1871=EDGE_LOOP('',(#407));
#1872=EDGE_LOOP('',(#408));
#1873=EDGE_LOOP('',(#409));
#1874=EDGE_LOOP('',(#410,#411,#412,#413));
#1875=EDGE_LOOP('',(#414,#415,#416,#417));
#1876=EDGE_LOOP('',(#418,#419,#420,#421));
#1877=EDGE_LOOP('',(#422,#423,#424,#425));
#1878=EDGE_LOOP('',(#426,#427,#428,#429));
#1879=EDGE_LOOP('',(#430,#431,#432,#433));
#1880=EDGE_LOOP('',(#434));
#1881=EDGE_LOOP('',(#435));
#1882=EDGE_LOOP('',(#436));
#1883=EDGE_LOOP('',(#437));
#1884=EDGE_LOOP('',(#438,#439,#440,#441));
#1885=EDGE_LOOP('',(#442,#443,#444,#445));
#1886=EDGE_LOOP('',(#446,#447,#448,#449));
#1887=EDGE_LOOP('',(#450,#451,#452,#453));
#1888=EDGE_LOOP('',(#454,#455,#456,#457));
#1889=EDGE_LOOP('',(#458,#459,#460,#461));
#1890=EDGE_LOOP('',(#462,#463,#464,#465));
#1891=EDGE_LOOP('',(#466,#467,#468,#469));
#1892=EDGE_LOOP('',(#470,#471,#472,#473));
#1893=EDGE_LOOP('',(#474,#475,#476,#477));
#1894=EDGE_LOOP('',(#478,#479,#480,#481));
#1895=EDGE_LOOP('',(#482,#483,#484,#485));
#1896=EDGE_LOOP('',(#486));
#1897=EDGE_LOOP('',(#487));
#1898=EDGE_LOOP('',(#488));
#1899=EDGE_LOOP('',(#489));
#1900=EDGE_LOOP('',(#490,#491,#492,#493,#494,#495,#496,#497,#498,#499,#500,
#501));
#1901=EDGE_LOOP('',(#502));
#1902=EDGE_LOOP('',(#503));
#1903=EDGE_LOOP('',(#504));
#1904=EDGE_LOOP('',(#505));
#1905=EDGE_LOOP('',(#506,#507,#508,#509,#510,#511,#512,#513,#514,#515,#516,
#517));
#1906=EDGE_LOOP('',(#518));
#1907=EDGE_LOOP('',(#519));
#1908=EDGE_LOOP('',(#520));
#1909=EDGE_LOOP('',(#521));
#1910=EDGE_LOOP('',(#522));
#1911=EDGE_LOOP('',(#523));
#1912=EDGE_LOOP('',(#524));
#1913=EDGE_LOOP('',(#525));
#1914=EDGE_LOOP('',(#526,#527,#528,#529));
#1915=EDGE_LOOP('',(#530,#531,#532,#533));
#1916=EDGE_LOOP('',(#534,#535,#536,#537));
#1917=EDGE_LOOP('',(#538,#539,#540,#541));
#1918=EDGE_LOOP('',(#542,#543,#544,#545));
#1919=EDGE_LOOP('',(#546,#547,#548,#549));
#1920=EDGE_LOOP('',(#550,#551,#552,#553));
#1921=EDGE_LOOP('',(#554,#555,#556,#557));
#1922=EDGE_LOOP('',(#558,#559,#560,#561));
#1923=EDGE_LOOP('',(#562,#563,#564,#565));
#1924=EDGE_LOOP('',(#566,#567,#568,#569));
#1925=EDGE_LOOP('',(#570,#571,#572,#573));
#1926=EDGE_LOOP('',(#574,#575,#576,#577));
#1927=EDGE_LOOP('',(#578,#579,#580,#581));
#1928=EDGE_LOOP('',(#582,#583,#584,#585));
#1929=EDGE_LOOP('',(#586,#587,#588,#589));
#1930=EDGE_LOOP('',(#590,#591,#592,#593));
#1931=EDGE_LOOP('',(#594,#595,#596,#597));
#1932=EDGE_LOOP('',(#598,#599,#600,#601));
#1933=EDGE_LOOP('',(#602,#603,#604,#605));
#1934=EDGE_LOOP('',(#606,#607,#608,#609));
#1935=EDGE_LOOP('',(#610,#611,#612,#613));
#1936=EDGE_LOOP('',(#614,#615,#616,#617));
#1937=EDGE_LOOP('',(#618,#619,#620,#621));
#1938=EDGE_LOOP('',(#622,#623,#624,#625));
#1939=EDGE_LOOP('',(#626,#627,#628,#629));
#1940=EDGE_LOOP('',(#630,#631,#632,#633));
#1941=EDGE_LOOP('',(#634,#635,#636,#637));
#1942=EDGE_LOOP('',(#638,#639,#640,#641));
#1943=EDGE_LOOP('',(#642,#643,#644,#645));
#1944=EDGE_LOOP('',(#646,#647,#648,#649));
#1945=EDGE_LOOP('',(#650,#651,#652,#653));
#1946=EDGE_LOOP('',(#654,#655,#656,#657));
#1947=EDGE_LOOP('',(#658,#659,#660,#661));
#1948=EDGE_LOOP('',(#662,#663,#664,#665));
#1949=EDGE_LOOP('',(#666,#667,#668,#669));
#1950=FACE_BOUND('',#1766,.T.);
#1951=FACE_BOUND('',#1767,.T.);
#1952=FACE_BOUND('',#1768,.T.);
#1953=FACE_BOUND('',#1769,.T.);
#1954=FACE_BOUND('',#1770,.T.);
#1955=FACE_BOUND('',#1771,.T.);
#1956=FACE_BOUND('',#1772,.T.);
#1957=FACE_BOUND('',#1773,.T.);
#1958=FACE_BOUND('',#1774,.T.);
#1959=FACE_BOUND('',#1775,.T.);
#1960=FACE_BOUND('',#1776,.T.);
#1961=FACE_BOUND('',#1777,.T.);
#1962=FACE_BOUND('',#1778,.T.);
#1963=FACE_BOUND('',#1779,.T.);
#1964=FACE_BOUND('',#1780,.T.);
#1965=FACE_BOUND('',#1781,.T.);
#1966=FACE_BOUND('',#1782,.T.);
#1967=FACE_BOUND('',#1783,.T.);
#1968=FACE_BOUND('',#1784,.T.);
#1969=FACE_BOUND('',#1785,.T.);
#1970=FACE_BOUND('',#1786,.T.);
#1971=FACE_BOUND('',#1787,.T.);
#1972=FACE_BOUND('',#1788,.T.);
#1973=FACE_BOUND('',#1789,.T.);
#1974=FACE_BOUND('',#1790,.T.);
#1975=FACE_BOUND('',#1791,.T.);
#1976=FACE_BOUND('',#1792,.T.);
#1977=FACE_BOUND('',#1793,.T.);
#1978=FACE_BOUND('',#1794,.T.);
#1979=FACE_BOUND('',#1795,.T.);
#1980=FACE_BOUND('',#1796,.T.);
#1981=FACE_BOUND('',#1797,.T.);
#1982=FACE_BOUND('',#1798,.T.);
#1983=FACE_BOUND('',#1799,.T.);
#1984=FACE_BOUND('',#1800,.T.);
#1985=FACE_BOUND('',#1801,.T.);
#1986=FACE_BOUND('',#1802,.T.);
#1987=FACE_BOUND('',#1803,.T.);
#1988=FACE_BOUND('',#1804,.T.);
#1989=FACE_BOUND('',#1805,.T.);
#1990=FACE_BOUND('',#1806,.T.);
#1991=FACE_BOUND('',#1807,.T.);
#1992=FACE_BOUND('',#1808,.T.);
#1993=FACE_BOUND('',#1809,.T.);
#1994=FACE_BOUND('',#1810,.T.);
#1995=FACE_BOUND('',#1811,.T.);
#1996=FACE_BOUND('',#1812,.T.);
#1997=FACE_BOUND('',#1813,.T.);
#1998=FACE_BOUND('',#1814,.T.);
#1999=FACE_BOUND('',#1815,.T.);
#2000=FACE_BOUND('',#1816,.T.);
#2001=FACE_BOUND('',#1817,.T.);
#2002=FACE_BOUND('',#1818,.T.);
#2003=FACE_BOUND('',#1819,.T.);
#2004=FACE_BOUND('',#1820,.T.);
#2005=FACE_BOUND('',#1821,.T.);
#2006=FACE_BOUND('',#1822,.T.);
#2007=FACE_BOUND('',#1823,.T.);
#2008=FACE_BOUND('',#1824,.T.);
#2009=FACE_BOUND('',#1825,.T.);
#2010=FACE_BOUND('',#1826,.T.);
#2011=FACE_BOUND('',#1827,.T.);
#2012=FACE_BOUND('',#1828,.T.);
#2013=FACE_BOUND('',#1829,.T.);
#2014=FACE_BOUND('',#1830,.T.);
#2015=FACE_BOUND('',#1831,.T.);
#2016=FACE_BOUND('',#1832,.T.);
#2017=FACE_BOUND('',#1833,.T.);
#2018=FACE_BOUND('',#1834,.T.);
#2019=FACE_BOUND('',#1835,.T.);
#2020=FACE_BOUND('',#1836,.T.);
#2021=FACE_BOUND('',#1837,.T.);
#2022=FACE_BOUND('',#1838,.T.);
#2023=FACE_BOUND('',#1839,.T.);
#2024=FACE_BOUND('',#1840,.T.);
#2025=FACE_BOUND('',#1841,.T.);
#2026=FACE_BOUND('',#1842,.T.);
#2027=FACE_BOUND('',#1843,.T.);
#2028=FACE_BOUND('',#1844,.T.);
#2029=FACE_BOUND('',#1845,.T.);
#2030=FACE_BOUND('',#1846,.T.);
#2031=FACE_BOUND('',#1847,.T.);
#2032=FACE_BOUND('',#1848,.T.);
#2033=FACE_BOUND('',#1849,.T.);
#2034=FACE_BOUND('',#1850,.T.);
#2035=FACE_BOUND('',#1851,.T.);
#2036=FACE_BOUND('',#1852,.T.);
#2037=FACE_BOUND('',#1853,.T.);
#2038=FACE_BOUND('',#1854,.T.);
#2039=FACE_BOUND('',#1855,.T.);
#2040=FACE_BOUND('',#1856,.T.);
#2041=FACE_BOUND('',#1857,.T.);
#2042=FACE_BOUND('',#1858,.T.);
#2043=FACE_BOUND('',#1859,.T.);
#2044=FACE_BOUND('',#1860,.T.);
#2045=FACE_BOUND('',#1861,.T.);
#2046=FACE_BOUND('',#1862,.T.);
#2047=FACE_BOUND('',#1863,.T.);
#2048=FACE_BOUND('',#1864,.T.);
#2049=FACE_BOUND('',#1865,.T.);
#2050=FACE_BOUND('',#1866,.T.);
#2051=FACE_BOUND('',#1867,.T.);
#2052=FACE_BOUND('',#1868,.T.);
#2053=FACE_BOUND('',#1869,.T.);
#2054=FACE_BOUND('',#1870,.T.);
#2055=FACE_BOUND('',#1871,.T.);
#2056=FACE_BOUND('',#1872,.T.);
#2057=FACE_BOUND('',#1873,.T.);
#2058=FACE_BOUND('',#1874,.T.);
#2059=FACE_BOUND('',#1875,.T.);
#2060=FACE_BOUND('',#1876,.T.);
#2061=FACE_BOUND('',#1877,.T.);
#2062=FACE_BOUND('',#1878,.T.);
#2063=FACE_BOUND('',#1879,.T.);
#2064=FACE_BOUND('',#1880,.T.);
#2065=FACE_BOUND('',#1881,.T.);
#2066=FACE_BOUND('',#1882,.T.);
#2067=FACE_BOUND('',#1883,.T.);
#2068=FACE_BOUND('',#1884,.T.);
#2069=FACE_BOUND('',#1885,.T.);
#2070=FACE_BOUND('',#1886,.T.);
#2071=FACE_BOUND('',#1887,.T.);
#2072=FACE_BOUND('',#1888,.T.);
#2073=FACE_BOUND('',#1889,.T.);
#2074=FACE_BOUND('',#1890,.T.);
#2075=FACE_BOUND('',#1891,.T.);
#2076=FACE_BOUND('',#1892,.T.);
#2077=FACE_BOUND('',#1893,.T.);
#2078=FACE_BOUND('',#1894,.T.);
#2079=FACE_BOUND('',#1895,.T.);
#2080=FACE_BOUND('',#1896,.T.);
#2081=FACE_BOUND('',#1897,.T.);
#2082=FACE_BOUND('',#1898,.T.);
#2083=FACE_BOUND('',#1899,.T.);
#2084=FACE_BOUND('',#1900,.T.);
#2085=FACE_BOUND('',#1901,.T.);
#2086=FACE_BOUND('',#1902,.T.);
#2087=FACE_BOUND('',#1903,.T.);
#2088=FACE_BOUND('',#1904,.T.);
#2089=FACE_BOUND('',#1905,.T.);
#2090=FACE_BOUND('',#1906,.T.);
#2091=FACE_BOUND('',#1907,.T.);
#2092=FACE_BOUND('',#1908,.T.);
#2093=FACE_BOUND('',#1909,.T.);
#2094=FACE_BOUND('',#1910,.T.);
#2095=FACE_BOUND('',#1911,.T.);
#2096=FACE_BOUND('',#1912,.T.);
#2097=FACE_BOUND('',#1913,.T.);
#2098=FACE_BOUND('',#1914,.T.);
#2099=FACE_BOUND('',#1915,.T.);
#2100=FACE_BOUND('',#1916,.T.);
#2101=FACE_BOUND('',#1917,.T.);
#2102=FACE_BOUND('',#1918,.T.);
#2103=FACE_BOUND('',#1919,.T.);
#2104=FACE_BOUND('',#1920,.T.);
#2105=FACE_BOUND('',#1921,.T.);
#2106=FACE_BOUND('',#1922,.T.);
#2107=FACE_BOUND('',#1923,.T.);
#2108=FACE_BOUND('',#1924,.T.);
#2109=FACE_BOUND('',#1925,.T.);
#2110=FACE_BOUND('',#1926,.T.);
#2111=FACE_BOUND('',#1927,.T.);
#2112=FACE_BOUND('',#1928,.T.);
#2113=FACE_BOUND('',#1929,.T.);
#2114=FACE_BOUND('',#1930,.T.);
#2115=FACE_BOUND('',#1931,.T.);
#2116=FACE_BOUND('',#1932,.T.);
#2117=FACE_BOUND('',#1933,.T.);
#2118=FACE_BOUND('',#1934,.T.);
#2119=FACE_BOUND('',#1935,.T.);
#2120=FACE_BOUND('',#1936,.T.);
#2121=FACE_BOUND('',#1937,.T.);
#2122=FACE_BOUND('',#1938,.T.);
#2123=FACE_BOUND('',#1939,.T.);
#2124=FACE_BOUND('',#1940,.T.);
#2125=FACE_BOUND('',#1941,.T.);
#2126=FACE_BOUND('',#1942,.T.);
#2127=FACE_BOUND('',#1943,.T.);
#2128=FACE_BOUND('',#1944,.T.);
#2129=FACE_BOUND('',#1945,.T.);
#2130=FACE_BOUND('',#1946,.T.);
#2131=FACE_BOUND('',#1947,.T.);
#2132=FACE_BOUND('',#1948,.T.);
#2133=FACE_BOUND('',#1949,.T.);
#2134=PLANE('',#2721);
#2135=PLANE('',#2722);
#2136=PLANE('',#2723);
#2137=PLANE('',#2724);
#2138=PLANE('',#2725);
#2139=PLANE('',#2726);
#2140=PLANE('',#2727);
#2141=PLANE('',#2728);
#2142=PLANE('',#2729);
#2143=PLANE('',#2730);
#2144=PLANE('',#2731);
#2145=PLANE('',#2732);
#2146=PLANE('',#2736);
#2147=PLANE('',#2737);
#2148=PLANE('',#2738);
#2149=PLANE('',#2739);
#2150=PLANE('',#2740);
#2151=PLANE('',#2741);
#2152=PLANE('',#2742);
#2153=PLANE('',#2743);
#2154=PLANE('',#2744);
#2155=PLANE('',#2745);
#2156=PLANE('',#2746);
#2157=PLANE('',#2747);
#2158=PLANE('',#2748);
#2159=PLANE('',#2749);
#2160=PLANE('',#2753);
#2161=PLANE('',#2754);
#2162=PLANE('',#2755);
#2163=PLANE('',#2756);
#2164=PLANE('',#2757);
#2165=PLANE('',#2758);
#2166=PLANE('',#2759);
#2167=PLANE('',#2760);
#2168=PLANE('',#2764);
#2169=PLANE('',#2765);
#2170=PLANE('',#2766);
#2171=PLANE('',#2767);
#2172=PLANE('',#2768);
#2173=PLANE('',#2769);
#2174=PLANE('',#2770);
#2175=PLANE('',#2771);
#2176=PLANE('',#2772);
#2177=PLANE('',#2773);
#2178=PLANE('',#2774);
#2179=PLANE('',#2775);
#2180=PLANE('',#2776);
#2181=PLANE('',#2777);
#2182=PLANE('',#2778);
#2183=PLANE('',#2779);
#2184=PLANE('',#2780);
#2185=PLANE('',#2781);
#2186=PLANE('',#2782);
#2187=PLANE('',#2783);
#2188=PLANE('',#2784);
#2189=PLANE('',#2785);
#2190=PLANE('',#2786);
#2191=PLANE('',#2787);
#2192=PLANE('',#2788);
#2193=PLANE('',#2789);
#2194=PLANE('',#2790);
#2195=PLANE('',#2791);
#2196=PLANE('',#2792);
#2197=PLANE('',#2793);
#2198=PLANE('',#2794);
#2199=PLANE('',#2795);
#2200=PLANE('',#2796);
#2201=PLANE('',#2797);
#2202=PLANE('',#2798);
#2203=PLANE('',#2799);
#2204=PLANE('',#2800);
#2205=PLANE('',#2801);
#2206=PLANE('',#2802);
#2207=PLANE('',#2803);
#2208=PLANE('',#2804);
#2209=PLANE('',#2805);
#2210=PLANE('',#2806);
#2211=PLANE('',#2807);
#2212=PLANE('',#2808);
#2213=PLANE('',#2809);
#2214=PLANE('',#2810);
#2215=PLANE('',#2811);
#2216=PLANE('',#2812);
#2217=PLANE('',#2813);
#2218=PLANE('',#2817);
#2219=PLANE('',#2818);
#2220=PLANE('',#2819);
#2221=PLANE('',#2820);
#2222=PLANE('',#2821);
#2223=PLANE('',#2822);
#2224=PLANE('',#2823);
#2225=PLANE('',#2824);
#2226=PLANE('',#2828);
#2227=PLANE('',#2829);
#2228=PLANE('',#2833);
#2229=PLANE('',#2834);
#2230=PLANE('',#2835);
#2231=PLANE('',#2836);
#2232=PLANE('',#2837);
#2233=PLANE('',#2838);
#2234=PLANE('',#2839);
#2235=PLANE('',#2840);
#2236=PLANE('',#2844);
#2237=PLANE('',#2845);
#2238=PLANE('',#2846);
#2239=PLANE('',#2847);
#2240=PLANE('',#2848);
#2241=PLANE('',#2849);
#2242=PLANE('',#2850);
#2243=PLANE('',#2851);
#2244=PLANE('',#2852);
#2245=PLANE('',#2853);
#2246=PLANE('',#2854);
#2247=PLANE('',#2855);
#2248=PLANE('',#2856);
#2249=PLANE('',#2860);
#2250=PLANE('',#2865);
#2251=PLANE('',#2874);
#2252=PLANE('',#2875);
#2253=PLANE('',#2876);
#2254=PLANE('',#2877);
#2255=PLANE('',#2878);
#2256=PLANE('',#2879);
#2257=PLANE('',#2880);
#2258=PLANE('',#2881);
#2259=PLANE('',#2882);
#2260=PLANE('',#2883);
#2261=PLANE('',#2884);
#2262=PLANE('',#2885);
#2263=PLANE('',#2886);
#2264=PLANE('',#2887);
#2265=PLANE('',#2888);
#2266=PLANE('',#2889);
#2267=PLANE('',#2890);
#2268=PLANE('',#2891);
#2269=PLANE('',#2892);
#2270=PLANE('',#2893);
#2271=PLANE('',#2894);
#2272=PLANE('',#2895);
#2273=PLANE('',#2896);
#2274=PLANE('',#2897);
#2275=PLANE('',#2898);
#2276=PLANE('',#2899);
#2277=PLANE('',#2900);
#2278=PLANE('',#2901);
#2279=PLANE('',#2902);
#2280=PLANE('',#2903);
#2281=PLANE('',#2904);
#2282=PLANE('',#2905);
#2283=PLANE('',#2906);
#2284=PLANE('',#2907);
#2285=PLANE('',#2908);
#2286=PLANE('',#2909);
#2287=ADVANCED_FACE('',(#1950),#2134,.F.);
#2288=ADVANCED_FACE('',(#1951),#2135,.F.);
#2289=ADVANCED_FACE('',(#1952),#2136,.F.);
#2290=ADVANCED_FACE('',(#1953),#2137,.F.);
#2291=ADVANCED_FACE('',(#1954),#2138,.T.);
#2292=ADVANCED_FACE('',(#1955),#2139,.F.);
#2293=ADVANCED_FACE('',(#1956),#2140,.F.);
#2294=ADVANCED_FACE('',(#1957),#2141,.F.);
#2295=ADVANCED_FACE('',(#1958),#2142,.F.);
#2296=ADVANCED_FACE('',(#1959),#2143,.F.);
#2297=ADVANCED_FACE('',(#1960),#2144,.T.);
#2298=ADVANCED_FACE('',(#1961),#2145,.F.);
#2299=ADVANCED_FACE('',(#1962,#1963),#36,.T.);
#2300=ADVANCED_FACE('',(#1964),#2146,.T.);
#2301=ADVANCED_FACE('',(#1965),#2147,.F.);
#2302=ADVANCED_FACE('',(#1966),#2148,.F.);
#2303=ADVANCED_FACE('',(#1967),#2149,.F.);
#2304=ADVANCED_FACE('',(#1968),#2150,.F.);
#2305=ADVANCED_FACE('',(#1969),#2151,.F.);
#2306=ADVANCED_FACE('',(#1970),#2152,.T.);
#2307=ADVANCED_FACE('',(#1971),#2153,.F.);
#2308=ADVANCED_FACE('',(#1972),#2154,.T.);
#2309=ADVANCED_FACE('',(#1973),#2155,.T.);
#2310=ADVANCED_FACE('',(#1974),#2156,.T.);
#2311=ADVANCED_FACE('',(#1975),#2157,.T.);
#2312=ADVANCED_FACE('',(#1976),#2158,.F.);
#2313=ADVANCED_FACE('',(#1977),#2159,.T.);
#2314=ADVANCED_FACE('',(#1978,#1979),#37,.T.);
#2315=ADVANCED_FACE('',(#1980),#2160,.T.);
#2316=ADVANCED_FACE('',(#1981),#2161,.F.);
#2317=ADVANCED_FACE('',(#1982),#2162,.F.);
#2318=ADVANCED_FACE('',(#1983),#2163,.F.);
#2319=ADVANCED_FACE('',(#1984),#2164,.F.);
#2320=ADVANCED_FACE('',(#1985),#2165,.F.);
#2321=ADVANCED_FACE('',(#1986),#2166,.T.);
#2322=ADVANCED_FACE('',(#1987),#2167,.F.);
#2323=ADVANCED_FACE('',(#1988,#1989),#38,.T.);
#2324=ADVANCED_FACE('',(#1990),#2168,.T.);
#2325=ADVANCED_FACE('',(#1991),#2169,.F.);
#2326=ADVANCED_FACE('',(#1992),#2170,.F.);
#2327=ADVANCED_FACE('',(#1993),#2171,.F.);
#2328=ADVANCED_FACE('',(#1994),#2172,.F.);
#2329=ADVANCED_FACE('',(#1995),#2173,.F.);
#2330=ADVANCED_FACE('',(#1996),#2174,.T.);
#2331=ADVANCED_FACE('',(#1997),#2175,.F.);
#2332=ADVANCED_FACE('',(#1998),#2176,.F.);
#2333=ADVANCED_FACE('',(#1999),#2177,.F.);
#2334=ADVANCED_FACE('',(#2000),#2178,.F.);
#2335=ADVANCED_FACE('',(#2001),#2179,.F.);
#2336=ADVANCED_FACE('',(#2002),#2180,.T.);
#2337=ADVANCED_FACE('',(#2003),#2181,.F.);
#2338=ADVANCED_FACE('',(#2004),#2182,.F.);
#2339=ADVANCED_FACE('',(#2005),#2183,.F.);
#2340=ADVANCED_FACE('',(#2006),#2184,.F.);
#2341=ADVANCED_FACE('',(#2007),#2185,.F.);
#2342=ADVANCED_FACE('',(#2008),#2186,.T.);
#2343=ADVANCED_FACE('',(#2009),#2187,.F.);
#2344=ADVANCED_FACE('',(#2010),#2188,.F.);
#2345=ADVANCED_FACE('',(#2011),#2189,.F.);
#2346=ADVANCED_FACE('',(#2012),#2190,.F.);
#2347=ADVANCED_FACE('',(#2013),#2191,.F.);
#2348=ADVANCED_FACE('',(#2014),#2192,.T.);
#2349=ADVANCED_FACE('',(#2015),#2193,.F.);
#2350=ADVANCED_FACE('',(#2016),#2194,.F.);
#2351=ADVANCED_FACE('',(#2017),#2195,.F.);
#2352=ADVANCED_FACE('',(#2018),#2196,.F.);
#2353=ADVANCED_FACE('',(#2019),#2197,.F.);
#2354=ADVANCED_FACE('',(#2020),#2198,.T.);
#2355=ADVANCED_FACE('',(#2021),#2199,.F.);
#2356=ADVANCED_FACE('',(#2022),#2200,.F.);
#2357=ADVANCED_FACE('',(#2023),#2201,.F.);
#2358=ADVANCED_FACE('',(#2024),#2202,.F.);
#2359=ADVANCED_FACE('',(#2025),#2203,.F.);
#2360=ADVANCED_FACE('',(#2026),#2204,.T.);
#2361=ADVANCED_FACE('',(#2027),#2205,.F.);
#2362=ADVANCED_FACE('',(#2028),#2206,.F.);
#2363=ADVANCED_FACE('',(#2029),#2207,.F.);
#2364=ADVANCED_FACE('',(#2030),#2208,.F.);
#2365=ADVANCED_FACE('',(#2031),#2209,.F.);
#2366=ADVANCED_FACE('',(#2032),#2210,.T.);
#2367=ADVANCED_FACE('',(#2033),#2211,.F.);
#2368=ADVANCED_FACE('',(#2034),#2212,.F.);
#2369=ADVANCED_FACE('',(#2035),#2213,.F.);
#2370=ADVANCED_FACE('',(#2036),#2214,.F.);
#2371=ADVANCED_FACE('',(#2037),#2215,.F.);
#2372=ADVANCED_FACE('',(#2038),#2216,.T.);
#2373=ADVANCED_FACE('',(#2039),#2217,.F.);
#2374=ADVANCED_FACE('',(#2040,#2041),#39,.T.);
#2375=ADVANCED_FACE('',(#2042),#2218,.T.);
#2376=ADVANCED_FACE('',(#2043),#2219,.F.);
#2377=ADVANCED_FACE('',(#2044),#2220,.F.);
#2378=ADVANCED_FACE('',(#2045),#2221,.F.);
#2379=ADVANCED_FACE('',(#2046),#2222,.F.);
#2380=ADVANCED_FACE('',(#2047),#2223,.F.);
#2381=ADVANCED_FACE('',(#2048),#2224,.T.);
#2382=ADVANCED_FACE('',(#2049),#2225,.F.);
#2383=ADVANCED_FACE('',(#2050,#2051),#40,.T.);
#2384=ADVANCED_FACE('',(#2052),#2226,.T.);
#2385=ADVANCED_FACE('',(#2053),#2227,.F.);
#2386=ADVANCED_FACE('',(#2054,#2055),#41,.T.);
#2387=ADVANCED_FACE('',(#2056),#2228,.T.);
#2388=ADVANCED_FACE('',(#2057),#2229,.F.);
#2389=ADVANCED_FACE('',(#2058),#2230,.F.);
#2390=ADVANCED_FACE('',(#2059),#2231,.F.);
#2391=ADVANCED_FACE('',(#2060),#2232,.F.);
#2392=ADVANCED_FACE('',(#2061),#2233,.F.);
#2393=ADVANCED_FACE('',(#2062),#2234,.T.);
#2394=ADVANCED_FACE('',(#2063),#2235,.F.);
#2395=ADVANCED_FACE('',(#2064,#2065),#42,.T.);
#2396=ADVANCED_FACE('',(#2066),#2236,.T.);
#2397=ADVANCED_FACE('',(#2067),#2237,.F.);
#2398=ADVANCED_FACE('',(#2068),#2238,.F.);
#2399=ADVANCED_FACE('',(#2069),#2239,.F.);
#2400=ADVANCED_FACE('',(#2070),#2240,.F.);
#2401=ADVANCED_FACE('',(#2071),#2241,.F.);
#2402=ADVANCED_FACE('',(#2072),#2242,.F.);
#2403=ADVANCED_FACE('',(#2073),#2243,.F.);
#2404=ADVANCED_FACE('',(#2074),#2244,.F.);
#2405=ADVANCED_FACE('',(#2075),#2245,.F.);
#2406=ADVANCED_FACE('',(#2076),#2246,.F.);
#2407=ADVANCED_FACE('',(#2077),#2247,.F.);
#2408=ADVANCED_FACE('',(#2078),#2248,.F.);
#2409=ADVANCED_FACE('',(#2079),#43,.F.);
#2410=ADVANCED_FACE('',(#2080,#2081,#2082,#2083,#2084),#2249,.F.);
#2411=ADVANCED_FACE('',(#2085,#2086,#2087,#2088,#2089),#2250,.T.);
#2412=ADVANCED_FACE('',(#2090,#2091),#44,.F.);
#2413=ADVANCED_FACE('',(#2092,#2093),#45,.F.);
#2414=ADVANCED_FACE('',(#2094,#2095),#46,.F.);
#2415=ADVANCED_FACE('',(#2096,#2097),#47,.F.);
#2416=ADVANCED_FACE('',(#2098),#2251,.F.);
#2417=ADVANCED_FACE('',(#2099),#2252,.F.);
#2418=ADVANCED_FACE('',(#2100),#2253,.F.);
#2419=ADVANCED_FACE('',(#2101),#2254,.F.);
#2420=ADVANCED_FACE('',(#2102),#2255,.T.);
#2421=ADVANCED_FACE('',(#2103),#2256,.F.);
#2422=ADVANCED_FACE('',(#2104),#2257,.F.);
#2423=ADVANCED_FACE('',(#2105),#2258,.F.);
#2424=ADVANCED_FACE('',(#2106),#2259,.F.);
#2425=ADVANCED_FACE('',(#2107),#2260,.F.);
#2426=ADVANCED_FACE('',(#2108),#2261,.T.);
#2427=ADVANCED_FACE('',(#2109),#2262,.F.);
#2428=ADVANCED_FACE('',(#2110),#2263,.F.);
#2429=ADVANCED_FACE('',(#2111),#2264,.F.);
#2430=ADVANCED_FACE('',(#2112),#2265,.F.);
#2431=ADVANCED_FACE('',(#2113),#2266,.F.);
#2432=ADVANCED_FACE('',(#2114),#2267,.T.);
#2433=ADVANCED_FACE('',(#2115),#2268,.F.);
#2434=ADVANCED_FACE('',(#2116),#2269,.F.);
#2435=ADVANCED_FACE('',(#2117),#2270,.F.);
#2436=ADVANCED_FACE('',(#2118),#2271,.F.);
#2437=ADVANCED_FACE('',(#2119),#2272,.F.);
#2438=ADVANCED_FACE('',(#2120),#2273,.T.);
#2439=ADVANCED_FACE('',(#2121),#2274,.F.);
#2440=ADVANCED_FACE('',(#2122),#2275,.F.);
#2441=ADVANCED_FACE('',(#2123),#2276,.F.);
#2442=ADVANCED_FACE('',(#2124),#2277,.F.);
#2443=ADVANCED_FACE('',(#2125),#2278,.F.);
#2444=ADVANCED_FACE('',(#2126),#2279,.T.);
#2445=ADVANCED_FACE('',(#2127),#2280,.F.);
#2446=ADVANCED_FACE('',(#2128),#2281,.F.);
#2447=ADVANCED_FACE('',(#2129),#2282,.F.);
#2448=ADVANCED_FACE('',(#2130),#2283,.F.);
#2449=ADVANCED_FACE('',(#2131),#2284,.F.);
#2450=ADVANCED_FACE('',(#2132),#2285,.T.);
#2451=ADVANCED_FACE('',(#2133),#2286,.F.);
#2452=CLOSED_SHELL('',(#2287,#2288,#2289,#2290,#2291,#2292));
#2453=CLOSED_SHELL('',(#2293,#2294,#2295,#2296,#2297,#2298));
#2454=CLOSED_SHELL('',(#2299,#2300,#2301));
#2455=CLOSED_SHELL('',(#2302,#2303,#2304,#2305,#2306,#2307));
#2456=CLOSED_SHELL('',(#2308,#2309,#2310,#2311,#2312,#2313));
#2457=CLOSED_SHELL('',(#2314,#2315,#2316));
#2458=CLOSED_SHELL('',(#2317,#2318,#2319,#2320,#2321,#2322));
#2459=CLOSED_SHELL('',(#2323,#2324,#2325));
#2460=CLOSED_SHELL('',(#2326,#2327,#2328,#2329,#2330,#2331));
#2461=CLOSED_SHELL('',(#2332,#2333,#2334,#2335,#2336,#2337));
#2462=CLOSED_SHELL('',(#2338,#2339,#2340,#2341,#2342,#2343));
#2463=CLOSED_SHELL('',(#2344,#2345,#2346,#2347,#2348,#2349));
#2464=CLOSED_SHELL('',(#2350,#2351,#2352,#2353,#2354,#2355));
#2465=CLOSED_SHELL('',(#2356,#2357,#2358,#2359,#2360,#2361));
#2466=CLOSED_SHELL('',(#2362,#2363,#2364,#2365,#2366,#2367));
#2467=CLOSED_SHELL('',(#2368,#2369,#2370,#2371,#2372,#2373));
#2468=CLOSED_SHELL('',(#2374,#2375,#2376));
#2469=CLOSED_SHELL('',(#2377,#2378,#2379,#2380,#2381,#2382));
#2470=CLOSED_SHELL('',(#2383,#2384,#2385));
#2471=CLOSED_SHELL('',(#2386,#2387,#2388));
#2472=CLOSED_SHELL('',(#2389,#2390,#2391,#2392,#2393,#2394));
#2473=CLOSED_SHELL('',(#2395,#2396,#2397));
#2474=CLOSED_SHELL('',(#2398,#2399,#2400,#2401,#2402,#2403,#2404,#2405,
#2406,#2407,#2408,#2409,#2410,#2411,#2412,#2413,#2414,#2415));
#2475=CLOSED_SHELL('',(#2416,#2417,#2418,#2419,#2420,#2421));
#2476=CLOSED_SHELL('',(#2422,#2423,#2424,#2425,#2426,#2427));
#2477=CLOSED_SHELL('',(#2428,#2429,#2430,#2431,#2432,#2433));
#2478=CLOSED_SHELL('',(#2434,#2435,#2436,#2437,#2438,#2439));
#2479=CLOSED_SHELL('',(#2440,#2441,#2442,#2443,#2444,#2445));
#2480=CLOSED_SHELL('',(#2446,#2447,#2448,#2449,#2450,#2451));
#2481=STYLED_ITEM('',(#2510),#2689);
#2482=STYLED_ITEM('',(#2511),#2690);
#2483=STYLED_ITEM('',(#2512),#2691);
#2484=STYLED_ITEM('',(#2513),#2692);
#2485=STYLED_ITEM('',(#2514),#2693);
#2486=STYLED_ITEM('',(#2515),#2694);
#2487=STYLED_ITEM('',(#2516),#2695);
#2488=STYLED_ITEM('',(#2517),#2696);
#2489=STYLED_ITEM('',(#2518),#2697);
#2490=STYLED_ITEM('',(#2519),#2698);
#2491=STYLED_ITEM('',(#2520),#2699);
#2492=STYLED_ITEM('',(#2521),#2700);
#2493=STYLED_ITEM('',(#2522),#2701);
#2494=STYLED_ITEM('',(#2523),#2702);
#2495=STYLED_ITEM('',(#2524),#2703);
#2496=STYLED_ITEM('',(#2525),#2704);
#2497=STYLED_ITEM('',(#2526),#2705);
#2498=STYLED_ITEM('',(#2527),#2706);
#2499=STYLED_ITEM('',(#2528),#2707);
#2500=STYLED_ITEM('',(#2529),#2708);
#2501=STYLED_ITEM('',(#2530),#2709);
#2502=STYLED_ITEM('',(#2531),#2710);
#2503=STYLED_ITEM('',(#2532),#2711);
#2504=STYLED_ITEM('',(#2533),#2712);
#2505=STYLED_ITEM('',(#2534),#2713);
#2506=STYLED_ITEM('',(#2535),#2714);
#2507=STYLED_ITEM('',(#2536),#2715);
#2508=STYLED_ITEM('',(#2537),#2716);
#2509=STYLED_ITEM('',(#2538),#2717);
#2510=PRESENTATION_STYLE_ASSIGNMENT((#2539));
#2511=PRESENTATION_STYLE_ASSIGNMENT((#2540));
#2512=PRESENTATION_STYLE_ASSIGNMENT((#2541));
#2513=PRESENTATION_STYLE_ASSIGNMENT((#2542));
#2514=PRESENTATION_STYLE_ASSIGNMENT((#2543));
#2515=PRESENTATION_STYLE_ASSIGNMENT((#2544));
#2516=PRESENTATION_STYLE_ASSIGNMENT((#2545));
#2517=PRESENTATION_STYLE_ASSIGNMENT((#2546));
#2518=PRESENTATION_STYLE_ASSIGNMENT((#2547));
#2519=PRESENTATION_STYLE_ASSIGNMENT((#2548));
#2520=PRESENTATION_STYLE_ASSIGNMENT((#2549));
#2521=PRESENTATION_STYLE_ASSIGNMENT((#2550));
#2522=PRESENTATION_STYLE_ASSIGNMENT((#2551));
#2523=PRESENTATION_STYLE_ASSIGNMENT((#2552));
#2524=PRESENTATION_STYLE_ASSIGNMENT((#2553));
#2525=PRESENTATION_STYLE_ASSIGNMENT((#2554));
#2526=PRESENTATION_STYLE_ASSIGNMENT((#2555));
#2527=PRESENTATION_STYLE_ASSIGNMENT((#2556));
#2528=PRESENTATION_STYLE_ASSIGNMENT((#2557));
#2529=PRESENTATION_STYLE_ASSIGNMENT((#2558));
#2530=PRESENTATION_STYLE_ASSIGNMENT((#2559));
#2531=PRESENTATION_STYLE_ASSIGNMENT((#2560));
#2532=PRESENTATION_STYLE_ASSIGNMENT((#2561));
#2533=PRESENTATION_STYLE_ASSIGNMENT((#2562));
#2534=PRESENTATION_STYLE_ASSIGNMENT((#2563));
#2535=PRESENTATION_STYLE_ASSIGNMENT((#2564));
#2536=PRESENTATION_STYLE_ASSIGNMENT((#2565));
#2537=PRESENTATION_STYLE_ASSIGNMENT((#2566));
#2538=PRESENTATION_STYLE_ASSIGNMENT((#2567));
#2539=SURFACE_STYLE_USAGE(.BOTH.,#2568);
#2540=SURFACE_STYLE_USAGE(.BOTH.,#2569);
#2541=SURFACE_STYLE_USAGE(.BOTH.,#2570);
#2542=SURFACE_STYLE_USAGE(.BOTH.,#2571);
#2543=SURFACE_STYLE_USAGE(.BOTH.,#2572);
#2544=SURFACE_STYLE_USAGE(.BOTH.,#2573);
#2545=SURFACE_STYLE_USAGE(.BOTH.,#2574);
#2546=SURFACE_STYLE_USAGE(.BOTH.,#2575);
#2547=SURFACE_STYLE_USAGE(.BOTH.,#2576);
#2548=SURFACE_STYLE_USAGE(.BOTH.,#2577);
#2549=SURFACE_STYLE_USAGE(.BOTH.,#2578);
#2550=SURFACE_STYLE_USAGE(.BOTH.,#2579);
#2551=SURFACE_STYLE_USAGE(.BOTH.,#2580);
#2552=SURFACE_STYLE_USAGE(.BOTH.,#2581);
#2553=SURFACE_STYLE_USAGE(.BOTH.,#2582);
#2554=SURFACE_STYLE_USAGE(.BOTH.,#2583);
#2555=SURFACE_STYLE_USAGE(.BOTH.,#2584);
#2556=SURFACE_STYLE_USAGE(.BOTH.,#2585);
#2557=SURFACE_STYLE_USAGE(.BOTH.,#2586);
#2558=SURFACE_STYLE_USAGE(.BOTH.,#2587);
#2559=SURFACE_STYLE_USAGE(.BOTH.,#2588);
#2560=SURFACE_STYLE_USAGE(.BOTH.,#2589);
#2561=SURFACE_STYLE_USAGE(.BOTH.,#2590);
#2562=SURFACE_STYLE_USAGE(.BOTH.,#2591);
#2563=SURFACE_STYLE_USAGE(.BOTH.,#2592);
#2564=SURFACE_STYLE_USAGE(.BOTH.,#2593);
#2565=SURFACE_STYLE_USAGE(.BOTH.,#2594);
#2566=SURFACE_STYLE_USAGE(.BOTH.,#2595);
#2567=SURFACE_STYLE_USAGE(.BOTH.,#2596);
#2568=SURFACE_SIDE_STYLE('',(#2597));
#2569=SURFACE_SIDE_STYLE('',(#2598));
#2570=SURFACE_SIDE_STYLE('',(#2599));
#2571=SURFACE_SIDE_STYLE('',(#2600));
#2572=SURFACE_SIDE_STYLE('',(#2601));
#2573=SURFACE_SIDE_STYLE('',(#2602));
#2574=SURFACE_SIDE_STYLE('',(#2603));
#2575=SURFACE_SIDE_STYLE('',(#2604));
#2576=SURFACE_SIDE_STYLE('',(#2605));
#2577=SURFACE_SIDE_STYLE('',(#2606));
#2578=SURFACE_SIDE_STYLE('',(#2607));
#2579=SURFACE_SIDE_STYLE('',(#2608));
#2580=SURFACE_SIDE_STYLE('',(#2609));
#2581=SURFACE_SIDE_STYLE('',(#2610));
#2582=SURFACE_SIDE_STYLE('',(#2611));
#2583=SURFACE_SIDE_STYLE('',(#2612));
#2584=SURFACE_SIDE_STYLE('',(#2613));
#2585=SURFACE_SIDE_STYLE('',(#2614));
#2586=SURFACE_SIDE_STYLE('',(#2615));
#2587=SURFACE_SIDE_STYLE('',(#2616));
#2588=SURFACE_SIDE_STYLE('',(#2617));
#2589=SURFACE_SIDE_STYLE('',(#2618));
#2590=SURFACE_SIDE_STYLE('',(#2619,#10));
#2591=SURFACE_SIDE_STYLE('',(#2620));
#2592=SURFACE_SIDE_STYLE('',(#2621));
#2593=SURFACE_SIDE_STYLE('',(#2622));
#2594=SURFACE_SIDE_STYLE('',(#2623));
#2595=SURFACE_SIDE_STYLE('',(#2624));
#2596=SURFACE_SIDE_STYLE('',(#2625));
#2597=SURFACE_STYLE_FILL_AREA(#2626);
#2598=SURFACE_STYLE_FILL_AREA(#2627);
#2599=SURFACE_STYLE_FILL_AREA(#2628);
#2600=SURFACE_STYLE_FILL_AREA(#2629);
#2601=SURFACE_STYLE_FILL_AREA(#2630);
#2602=SURFACE_STYLE_FILL_AREA(#2631);
#2603=SURFACE_STYLE_FILL_AREA(#2632);
#2604=SURFACE_STYLE_FILL_AREA(#2633);
#2605=SURFACE_STYLE_FILL_AREA(#2634);
#2606=SURFACE_STYLE_FILL_AREA(#2635);
#2607=SURFACE_STYLE_FILL_AREA(#2636);
#2608=SURFACE_STYLE_FILL_AREA(#2637);
#2609=SURFACE_STYLE_FILL_AREA(#2638);
#2610=SURFACE_STYLE_FILL_AREA(#2639);
#2611=SURFACE_STYLE_FILL_AREA(#2640);
#2612=SURFACE_STYLE_FILL_AREA(#2641);
#2613=SURFACE_STYLE_FILL_AREA(#2642);
#2614=SURFACE_STYLE_FILL_AREA(#2643);
#2615=SURFACE_STYLE_FILL_AREA(#2644);
#2616=SURFACE_STYLE_FILL_AREA(#2645);
#2617=SURFACE_STYLE_FILL_AREA(#2646);
#2618=SURFACE_STYLE_FILL_AREA(#2647);
#2619=SURFACE_STYLE_FILL_AREA(#2648);
#2620=SURFACE_STYLE_FILL_AREA(#2649);
#2621=SURFACE_STYLE_FILL_AREA(#2650);
#2622=SURFACE_STYLE_FILL_AREA(#2651);
#2623=SURFACE_STYLE_FILL_AREA(#2652);
#2624=SURFACE_STYLE_FILL_AREA(#2653);
#2625=SURFACE_STYLE_FILL_AREA(#2654);
#2626=FILL_AREA_STYLE('',(#2655));
#2627=FILL_AREA_STYLE('',(#2656));
#2628=FILL_AREA_STYLE('',(#2657));
#2629=FILL_AREA_STYLE('',(#2658));
#2630=FILL_AREA_STYLE('',(#2659));
#2631=FILL_AREA_STYLE('',(#2660));
#2632=FILL_AREA_STYLE('',(#2661));
#2633=FILL_AREA_STYLE('',(#2662));
#2634=FILL_AREA_STYLE('',(#2663));
#2635=FILL_AREA_STYLE('',(#2664));
#2636=FILL_AREA_STYLE('',(#2665));
#2637=FILL_AREA_STYLE('',(#2666));
#2638=FILL_AREA_STYLE('',(#2667));
#2639=FILL_AREA_STYLE('',(#2668));
#2640=FILL_AREA_STYLE('',(#2669));
#2641=FILL_AREA_STYLE('',(#2670));
#2642=FILL_AREA_STYLE('',(#2671));
#2643=FILL_AREA_STYLE('',(#2672));
#2644=FILL_AREA_STYLE('',(#2673));
#2645=FILL_AREA_STYLE('',(#2674));
#2646=FILL_AREA_STYLE('',(#2675));
#2647=FILL_AREA_STYLE('',(#2676));
#2648=FILL_AREA_STYLE('',(#2677));
#2649=FILL_AREA_STYLE('',(#2678));
#2650=FILL_AREA_STYLE('',(#2679));
#2651=FILL_AREA_STYLE('',(#2680));
#2652=FILL_AREA_STYLE('',(#2681));
#2653=FILL_AREA_STYLE('',(#2682));
#2654=FILL_AREA_STYLE('',(#2683));
#2655=FILL_AREA_STYLE_COLOUR('',#2684);
#2656=FILL_AREA_STYLE_COLOUR('',#2685);
#2657=FILL_AREA_STYLE_COLOUR('',#2686);
#2658=FILL_AREA_STYLE_COLOUR('',#2684);
#2659=FILL_AREA_STYLE_COLOUR('',#2685);
#2660=FILL_AREA_STYLE_COLOUR('',#2686);
#2661=FILL_AREA_STYLE_COLOUR('',#2684);
#2662=FILL_AREA_STYLE_COLOUR('',#2686);
#2663=FILL_AREA_STYLE_COLOUR('',#2684);
#2664=FILL_AREA_STYLE_COLOUR('',#2684);
#2665=FILL_AREA_STYLE_COLOUR('',#2685);
#2666=FILL_AREA_STYLE_COLOUR('',#2684);
#2667=FILL_AREA_STYLE_COLOUR('',#2684);
#2668=FILL_AREA_STYLE_COLOUR('',#2684);
#2669=FILL_AREA_STYLE_COLOUR('',#2684);
#2670=FILL_AREA_STYLE_COLOUR('',#2684);
#2671=FILL_AREA_STYLE_COLOUR('',#2687);
#2672=FILL_AREA_STYLE_COLOUR('',#2684);
#2673=FILL_AREA_STYLE_COLOUR('',#2687);
#2674=FILL_AREA_STYLE_COLOUR('',#2686);
#2675=FILL_AREA_STYLE_COLOUR('',#2684);
#2676=FILL_AREA_STYLE_COLOUR('',#2686);
#2677=FILL_AREA_STYLE_COLOUR('',#2688);
#2678=FILL_AREA_STYLE_COLOUR('',#2684);
#2679=FILL_AREA_STYLE_COLOUR('',#2684);
#2680=FILL_AREA_STYLE_COLOUR('',#2686);
#2681=FILL_AREA_STYLE_COLOUR('',#2686);
#2682=FILL_AREA_STYLE_COLOUR('',#2684);
#2683=FILL_AREA_STYLE_COLOUR('',#2685);
#2684=COLOUR_RGB('',0.8,0.8,0.8);
#2685=COLOUR_RGB('',0.298039215686275,0.298039215686275,0.298039215686275);
#2686=COLOUR_RGB('',0.611764705882353,0.658823529411765,0.670588235294118);
#2687=COLOUR_RGB('',0.2,0.2,0.2);
#2688=COLOUR_RGB('',0.447058823529412,1.,0.803921568627451);
#2689=MANIFOLD_SOLID_BREP('Extrude (13)',#2452);
#2690=MANIFOLD_SOLID_BREP('Mirror Feature (29)',#2453);
#2691=MANIFOLD_SOLID_BREP('Extrude (16)',#2454);
#2692=MANIFOLD_SOLID_BREP('Extrude (10)',#2455);
#2693=MANIFOLD_SOLID_BREP('Extrude (24)',#2456);
#2694=MANIFOLD_SOLID_BREP('Extrude (15)',#2457);
#2695=MANIFOLD_SOLID_BREP('Extrude (11)',#2458);
#2696=MANIFOLD_SOLID_BREP('Extrude (18)',#2459);
#2697=MANIFOLD_SOLID_BREP('Extrude (21)',#2460);
#2698=MANIFOLD_SOLID_BREP('Extrude (8)',#2461);
#2699=MANIFOLD_SOLID_BREP('Mirror Feature (25)',#2462);
#2700=MANIFOLD_SOLID_BREP('Extrude (21)',#2463);
#2701=MANIFOLD_SOLID_BREP('Extrude (9)',#2464);
#2702=MANIFOLD_SOLID_BREP('Extrude (21)',#2465);
#2703=MANIFOLD_SOLID_BREP('Extrude (10)',#2466);
#2704=MANIFOLD_SOLID_BREP('Extrude (21)',#2467);
#2705=MANIFOLD_SOLID_BREP('Extrude (20)',#2468);
#2706=MANIFOLD_SOLID_BREP('Extrude (21)',#2469);
#2707=MANIFOLD_SOLID_BREP('Extrude (20)',#2470);
#2708=MANIFOLD_SOLID_BREP('Extrude (7)',#2471);
#2709=MANIFOLD_SOLID_BREP('Extrude (21)',#2472);
#2710=MANIFOLD_SOLID_BREP('Extrude (17)',#2473);
#2711=MANIFOLD_SOLID_BREP('Extrude (2)',#2474);
#2712=MANIFOLD_SOLID_BREP('Extrude (9)',#2475);
#2713=MANIFOLD_SOLID_BREP('Extrude (12)',#2476);
#2714=MANIFOLD_SOLID_BREP('Extrude (19)',#2477);
#2715=MANIFOLD_SOLID_BREP('Extrude (19)',#2478);
#2716=MANIFOLD_SOLID_BREP('Extrude (14)',#2479);
#2717=MANIFOLD_SOLID_BREP('Extrude (28)',#2480);
#2718=SHAPE_DEFINITION_REPRESENTATION(#4272,#2719);
#2719=SHAPE_REPRESENTATION('E01-01',(#2720),#4267);
#2720=AXIS2_PLACEMENT_3D('',#3576,#2910,#2911);
#2721=AXIS2_PLACEMENT_3D('',#3577,#2912,#2913);
#2722=AXIS2_PLACEMENT_3D('',#3586,#2918,#2919);
#2723=AXIS2_PLACEMENT_3D('',#3592,#2923,#2924);
#2724=AXIS2_PLACEMENT_3D('',#3598,#2928,#2929);
#2725=AXIS2_PLACEMENT_3D('',#3601,#2932,#2933);
#2726=AXIS2_PLACEMENT_3D('',#3602,#2934,#2935);
#2727=AXIS2_PLACEMENT_3D('',#3603,#2936,#2937);
#2728=AXIS2_PLACEMENT_3D('',#3612,#2942,#2943);
#2729=AXIS2_PLACEMENT_3D('',#3618,#2947,#2948);
#2730=AXIS2_PLACEMENT_3D('',#3624,#2952,#2953);
#2731=AXIS2_PLACEMENT_3D('',#3627,#2956,#2957);
#2732=AXIS2_PLACEMENT_3D('',#3628,#2958,#2959);
#2733=AXIS2_PLACEMENT_3D('',#3629,#2960,#2961);
#2734=AXIS2_PLACEMENT_3D('',#3630,#2962,#2963);
#2735=AXIS2_PLACEMENT_3D('',#3632,#2964,#2965);
#2736=AXIS2_PLACEMENT_3D('',#3634,#2966,#2967);
#2737=AXIS2_PLACEMENT_3D('',#3635,#2968,#2969);
#2738=AXIS2_PLACEMENT_3D('',#3636,#2970,#2971);
#2739=AXIS2_PLACEMENT_3D('',#3645,#2976,#2977);
#2740=AXIS2_PLACEMENT_3D('',#3651,#2981,#2982);
#2741=AXIS2_PLACEMENT_3D('',#3657,#2986,#2987);
#2742=AXIS2_PLACEMENT_3D('',#3660,#2990,#2991);
#2743=AXIS2_PLACEMENT_3D('',#3661,#2992,#2993);
#2744=AXIS2_PLACEMENT_3D('',#3662,#2994,#2995);
#2745=AXIS2_PLACEMENT_3D('',#3671,#3000,#3001);
#2746=AXIS2_PLACEMENT_3D('',#3677,#3005,#3006);
#2747=AXIS2_PLACEMENT_3D('',#3683,#3010,#3011);
#2748=AXIS2_PLACEMENT_3D('',#3686,#3014,#3015);
#2749=AXIS2_PLACEMENT_3D('',#3687,#3016,#3017);
#2750=AXIS2_PLACEMENT_3D('',#3688,#3018,#3019);
#2751=AXIS2_PLACEMENT_3D('',#3689,#3020,#3021);
#2752=AXIS2_PLACEMENT_3D('',#3691,#3022,#3023);
#2753=AXIS2_PLACEMENT_3D('',#3693,#3024,#3025);
#2754=AXIS2_PLACEMENT_3D('',#3694,#3026,#3027);
#2755=AXIS2_PLACEMENT_3D('',#3695,#3028,#3029);
#2756=AXIS2_PLACEMENT_3D('',#3704,#3034,#3035);
#2757=AXIS2_PLACEMENT_3D('',#3710,#3039,#3040);
#2758=AXIS2_PLACEMENT_3D('',#3716,#3044,#3045);
#2759=AXIS2_PLACEMENT_3D('',#3719,#3048,#3049);
#2760=AXIS2_PLACEMENT_3D('',#3720,#3050,#3051);
#2761=AXIS2_PLACEMENT_3D('',#3721,#3052,#3053);
#2762=AXIS2_PLACEMENT_3D('',#3722,#3054,#3055);
#2763=AXIS2_PLACEMENT_3D('',#3724,#3056,#3057);
#2764=AXIS2_PLACEMENT_3D('',#3726,#3058,#3059);
#2765=AXIS2_PLACEMENT_3D('',#3727,#3060,#3061);
#2766=AXIS2_PLACEMENT_3D('',#3728,#3062,#3063);
#2767=AXIS2_PLACEMENT_3D('',#3737,#3068,#3069);
#2768=AXIS2_PLACEMENT_3D('',#3743,#3073,#3074);
#2769=AXIS2_PLACEMENT_3D('',#3749,#3078,#3079);
#2770=AXIS2_PLACEMENT_3D('',#3752,#3082,#3083);
#2771=AXIS2_PLACEMENT_3D('',#3753,#3084,#3085);
#2772=AXIS2_PLACEMENT_3D('',#3754,#3086,#3087);
#2773=AXIS2_PLACEMENT_3D('',#3763,#3092,#3093);
#2774=AXIS2_PLACEMENT_3D('',#3769,#3097,#3098);
#2775=AXIS2_PLACEMENT_3D('',#3775,#3102,#3103);
#2776=AXIS2_PLACEMENT_3D('',#3778,#3106,#3107);
#2777=AXIS2_PLACEMENT_3D('',#3779,#3108,#3109);
#2778=AXIS2_PLACEMENT_3D('',#3780,#3110,#3111);
#2779=AXIS2_PLACEMENT_3D('',#3789,#3116,#3117);
#2780=AXIS2_PLACEMENT_3D('',#3795,#3121,#3122);
#2781=AXIS2_PLACEMENT_3D('',#3801,#3126,#3127);
#2782=AXIS2_PLACEMENT_3D('',#3804,#3130,#3131);
#2783=AXIS2_PLACEMENT_3D('',#3805,#3132,#3133);
#2784=AXIS2_PLACEMENT_3D('',#3806,#3134,#3135);
#2785=AXIS2_PLACEMENT_3D('',#3815,#3140,#3141);
#2786=AXIS2_PLACEMENT_3D('',#3821,#3145,#3146);
#2787=AXIS2_PLACEMENT_3D('',#3827,#3150,#3151);
#2788=AXIS2_PLACEMENT_3D('',#3830,#3154,#3155);
#2789=AXIS2_PLACEMENT_3D('',#3831,#3156,#3157);
#2790=AXIS2_PLACEMENT_3D('',#3832,#3158,#3159);
#2791=AXIS2_PLACEMENT_3D('',#3841,#3164,#3165);
#2792=AXIS2_PLACEMENT_3D('',#3847,#3169,#3170);
#2793=AXIS2_PLACEMENT_3D('',#3853,#3174,#3175);
#2794=AXIS2_PLACEMENT_3D('',#3856,#3178,#3179);
#2795=AXIS2_PLACEMENT_3D('',#3857,#3180,#3181);
#2796=AXIS2_PLACEMENT_3D('',#3858,#3182,#3183);
#2797=AXIS2_PLACEMENT_3D('',#3867,#3188,#3189);
#2798=AXIS2_PLACEMENT_3D('',#3873,#3193,#3194);
#2799=AXIS2_PLACEMENT_3D('',#3879,#3198,#3199);
#2800=AXIS2_PLACEMENT_3D('',#3882,#3202,#3203);
#2801=AXIS2_PLACEMENT_3D('',#3883,#3204,#3205);
#2802=AXIS2_PLACEMENT_3D('',#3884,#3206,#3207);
#2803=AXIS2_PLACEMENT_3D('',#3893,#3212,#3213);
#2804=AXIS2_PLACEMENT_3D('',#3899,#3217,#3218);
#2805=AXIS2_PLACEMENT_3D('',#3905,#3222,#3223);
#2806=AXIS2_PLACEMENT_3D('',#3908,#3226,#3227);
#2807=AXIS2_PLACEMENT_3D('',#3909,#3228,#3229);
#2808=AXIS2_PLACEMENT_3D('',#3910,#3230,#3231);
#2809=AXIS2_PLACEMENT_3D('',#3919,#3236,#3237);
#2810=AXIS2_PLACEMENT_3D('',#3925,#3241,#3242);
#2811=AXIS2_PLACEMENT_3D('',#3931,#3246,#3247);
#2812=AXIS2_PLACEMENT_3D('',#3934,#3250,#3251);
#2813=AXIS2_PLACEMENT_3D('',#3935,#3252,#3253);
#2814=AXIS2_PLACEMENT_3D('',#3936,#3254,#3255);
#2815=AXIS2_PLACEMENT_3D('',#3937,#3256,#3257);
#2816=AXIS2_PLACEMENT_3D('',#3939,#3258,#3259);
#2817=AXIS2_PLACEMENT_3D('',#3941,#3260,#3261);
#2818=AXIS2_PLACEMENT_3D('',#3942,#3262,#3263);
#2819=AXIS2_PLACEMENT_3D('',#3943,#3264,#3265);
#2820=AXIS2_PLACEMENT_3D('',#3952,#3270,#3271);
#2821=AXIS2_PLACEMENT_3D('',#3958,#3275,#3276);
#2822=AXIS2_PLACEMENT_3D('',#3964,#3280,#3281);
#2823=AXIS2_PLACEMENT_3D('',#3967,#3284,#3285);
#2824=AXIS2_PLACEMENT_3D('',#3968,#3286,#3287);
#2825=AXIS2_PLACEMENT_3D('',#3969,#3288,#3289);
#2826=AXIS2_PLACEMENT_3D('',#3970,#3290,#3291);
#2827=AXIS2_PLACEMENT_3D('',#3972,#3292,#3293);
#2828=AXIS2_PLACEMENT_3D('',#3974,#3294,#3295);
#2829=AXIS2_PLACEMENT_3D('',#3975,#3296,#3297);
#2830=AXIS2_PLACEMENT_3D('',#3976,#3298,#3299);
#2831=AXIS2_PLACEMENT_3D('',#3977,#3300,#3301);
#2832=AXIS2_PLACEMENT_3D('',#3979,#3302,#3303);
#2833=AXIS2_PLACEMENT_3D('',#3981,#3304,#3305);
#2834=AXIS2_PLACEMENT_3D('',#3982,#3306,#3307);
#2835=AXIS2_PLACEMENT_3D('',#3983,#3308,#3309);
#2836=AXIS2_PLACEMENT_3D('',#3992,#3314,#3315);
#2837=AXIS2_PLACEMENT_3D('',#3998,#3319,#3320);
#2838=AXIS2_PLACEMENT_3D('',#4004,#3324,#3325);
#2839=AXIS2_PLACEMENT_3D('',#4007,#3328,#3329);
#2840=AXIS2_PLACEMENT_3D('',#4008,#3330,#3331);
#2841=AXIS2_PLACEMENT_3D('',#4009,#3332,#3333);
#2842=AXIS2_PLACEMENT_3D('',#4010,#3334,#3335);
#2843=AXIS2_PLACEMENT_3D('',#4012,#3336,#3337);
#2844=AXIS2_PLACEMENT_3D('',#4014,#3338,#3339);
#2845=AXIS2_PLACEMENT_3D('',#4015,#3340,#3341);
#2846=AXIS2_PLACEMENT_3D('',#4016,#3342,#3343);
#2847=AXIS2_PLACEMENT_3D('',#4025,#3348,#3349);
#2848=AXIS2_PLACEMENT_3D('',#4031,#3353,#3354);
#2849=AXIS2_PLACEMENT_3D('',#4037,#3358,#3359);
#2850=AXIS2_PLACEMENT_3D('',#4043,#3363,#3364);
#2851=AXIS2_PLACEMENT_3D('',#4049,#3368,#3369);
#2852=AXIS2_PLACEMENT_3D('',#4055,#3373,#3374);
#2853=AXIS2_PLACEMENT_3D('',#4061,#3378,#3379);
#2854=AXIS2_PLACEMENT_3D('',#4067,#3383,#3384);
#2855=AXIS2_PLACEMENT_3D('',#4073,#3388,#3389);
#2856=AXIS2_PLACEMENT_3D('',#4079,#3393,#3394);
#2857=AXIS2_PLACEMENT_3D('',#4085,#3398,#3399);
#2858=AXIS2_PLACEMENT_3D('',#4086,#3400,#3401);
#2859=AXIS2_PLACEMENT_3D('',#4087,#3402,#3403);
#2860=AXIS2_PLACEMENT_3D('',#4088,#3404,#3405);
#2861=AXIS2_PLACEMENT_3D('',#4089,#3406,#3407);
#2862=AXIS2_PLACEMENT_3D('',#4091,#3408,#3409);
#2863=AXIS2_PLACEMENT_3D('',#4093,#3410,#3411);
#2864=AXIS2_PLACEMENT_3D('',#4095,#3412,#3413);
#2865=AXIS2_PLACEMENT_3D('',#4097,#3414,#3415);
#2866=AXIS2_PLACEMENT_3D('',#4098,#3416,#3417);
#2867=AXIS2_PLACEMENT_3D('',#4100,#3418,#3419);
#2868=AXIS2_PLACEMENT_3D('',#4102,#3420,#3421);
#2869=AXIS2_PLACEMENT_3D('',#4104,#3422,#3423);
#2870=AXIS2_PLACEMENT_3D('',#4106,#3424,#3425);
#2871=AXIS2_PLACEMENT_3D('',#4107,#3426,#3427);
#2872=AXIS2_PLACEMENT_3D('',#4108,#3428,#3429);
#2873=AXIS2_PLACEMENT_3D('',#4109,#3430,#3431);
#2874=AXIS2_PLACEMENT_3D('',#4110,#3432,#3433);
#2875=AXIS2_PLACEMENT_3D('',#4119,#3438,#3439);
#2876=AXIS2_PLACEMENT_3D('',#4125,#3443,#3444);
#2877=AXIS2_PLACEMENT_3D('',#4131,#3448,#3449);
#2878=AXIS2_PLACEMENT_3D('',#4134,#3452,#3453);
#2879=AXIS2_PLACEMENT_3D('',#4135,#3454,#3455);
#2880=AXIS2_PLACEMENT_3D('',#4136,#3456,#3457);
#2881=AXIS2_PLACEMENT_3D('',#4145,#3462,#3463);
#2882=AXIS2_PLACEMENT_3D('',#4151,#3467,#3468);
#2883=AXIS2_PLACEMENT_3D('',#4157,#3472,#3473);
#2884=AXIS2_PLACEMENT_3D('',#4160,#3476,#3477);
#2885=AXIS2_PLACEMENT_3D('',#4161,#3478,#3479);
#2886=AXIS2_PLACEMENT_3D('',#4162,#3480,#3481);
#2887=AXIS2_PLACEMENT_3D('',#4171,#3486,#3487);
#2888=AXIS2_PLACEMENT_3D('',#4177,#3491,#3492);
#2889=AXIS2_PLACEMENT_3D('',#4183,#3496,#3497);
#2890=AXIS2_PLACEMENT_3D('',#4186,#3500,#3501);
#2891=AXIS2_PLACEMENT_3D('',#4187,#3502,#3503);
#2892=AXIS2_PLACEMENT_3D('',#4188,#3504,#3505);
#2893=AXIS2_PLACEMENT_3D('',#4197,#3510,#3511);
#2894=AXIS2_PLACEMENT_3D('',#4203,#3515,#3516);
#2895=AXIS2_PLACEMENT_3D('',#4209,#3520,#3521);
#2896=AXIS2_PLACEMENT_3D('',#4212,#3524,#3525);
#2897=AXIS2_PLACEMENT_3D('',#4213,#3526,#3527);
#2898=AXIS2_PLACEMENT_3D('',#4214,#3528,#3529);
#2899=AXIS2_PLACEMENT_3D('',#4223,#3534,#3535);
#2900=AXIS2_PLACEMENT_3D('',#4229,#3539,#3540);
#2901=AXIS2_PLACEMENT_3D('',#4235,#3544,#3545);
#2902=AXIS2_PLACEMENT_3D('',#4238,#3548,#3549);
#2903=AXIS2_PLACEMENT_3D('',#4239,#3550,#3551);
#2904=AXIS2_PLACEMENT_3D('',#4240,#3552,#3553);
#2905=AXIS2_PLACEMENT_3D('',#4249,#3558,#3559);
#2906=AXIS2_PLACEMENT_3D('',#4255,#3563,#3564);
#2907=AXIS2_PLACEMENT_3D('',#4261,#3568,#3569);
#2908=AXIS2_PLACEMENT_3D('',#4264,#3572,#3573);
#2909=AXIS2_PLACEMENT_3D('',#4265,#3574,#3575);
#2910=DIRECTION('',(0.,0.,1.));
#2911=DIRECTION('',(1.,0.,0.));
#2912=DIRECTION('',(1.,0.,0.));
#2913=DIRECTION('',(0.,0.,-1.));
#2914=DIRECTION('',(0.,-1.,0.));
#2915=DIRECTION('',(0.,0.,-1.));
#2916=DIRECTION('',(0.,-1.,0.));
#2917=DIRECTION('',(0.,0.,-1.));
#2918=DIRECTION('',(-5.49819326931433E-16,1.,0.));
#2919=DIRECTION('',(-1.,-5.49819326931433E-16,0.));
#2920=DIRECTION('',(1.,5.49819326931433E-16,0.));
#2921=DIRECTION('',(0.,0.,-1.));
#2922=DIRECTION('',(1.,5.49819326931433E-16,0.));
#2923=DIRECTION('',(-1.,0.,0.));
#2924=DIRECTION('',(0.,0.,1.));
#2925=DIRECTION('',(0.,1.,0.));
#2926=DIRECTION('',(0.,0.,-1.));
#2927=DIRECTION('',(0.,1.,0.));
#2928=DIRECTION('',(5.49819326931433E-16,-1.,0.));
#2929=DIRECTION('',(1.,5.49819326931433E-16,0.));
#2930=DIRECTION('',(-1.,-5.49819326931433E-16,0.));
#2931=DIRECTION('',(-1.,-5.49819326931433E-16,0.));
#2932=DIRECTION('',(0.,0.,1.));
#2933=DIRECTION('',(1.,0.,0.));
#2934=DIRECTION('',(0.,0.,1.));
#2935=DIRECTION('',(1.,0.,0.));
#2936=DIRECTION('',(1.,2.66880534765663E-16,0.));
#2937=DIRECTION('',(-2.66880534765663E-16,1.,0.));
#2938=DIRECTION('',(-2.66880534765663E-16,1.,0.));
#2939=DIRECTION('',(0.,0.,1.));
#2940=DIRECTION('',(-2.66880534765663E-16,1.,0.));
#2941=DIRECTION('',(0.,0.,1.));
#2942=DIRECTION('',(2.66880534765663E-16,-1.,0.));
#2943=DIRECTION('',(1.,2.66880534765663E-16,0.));
#2944=DIRECTION('',(1.,2.66880534765663E-16,0.));
#2945=DIRECTION('',(0.,0.,1.));
#2946=DIRECTION('',(1.,2.66880534765663E-16,0.));
#2947=DIRECTION('',(-1.,0.,0.));
#2948=DIRECTION('',(0.,0.,1.));
#2949=DIRECTION('',(0.,-1.,0.));
#2950=DIRECTION('',(0.,0.,1.));
#2951=DIRECTION('',(0.,-1.,0.));
#2952=DIRECTION('',(0.,1.,0.));
#2953=DIRECTION('',(0.,0.,1.));
#2954=DIRECTION('',(-1.,0.,0.));
#2955=DIRECTION('',(-1.,0.,0.));
#2956=DIRECTION('',(0.,0.,-1.));
#2957=DIRECTION('',(-1.,0.,0.));
#2958=DIRECTION('',(0.,0.,-1.));
#2959=DIRECTION('',(-1.,0.,0.));
#2960=DIRECTION('',(0.,0.,-1.));
#2961=DIRECTION('',(-1.,0.,0.));
#2962=DIRECTION('',(0.,0.,1.));
#2963=DIRECTION('',(6.12323399573677E-17,1.,0.));
#2964=DIRECTION('',(0.,0.,1.));
#2965=DIRECTION('',(6.12323399573677E-17,1.,0.));
#2966=DIRECTION('',(0.,0.,1.));
#2967=DIRECTION('',(1.,0.,0.));
#2968=DIRECTION('',(0.,0.,1.));
#2969=DIRECTION('',(1.,0.,0.));
#2970=DIRECTION('',(1.,0.,0.));
#2971=DIRECTION('',(0.,0.,-1.));
#2972=DIRECTION('',(0.,-1.,0.));
#2973=DIRECTION('',(0.,0.,-1.));
#2974=DIRECTION('',(0.,-1.,0.));
#2975=DIRECTION('',(0.,0.,-1.));
#2976=DIRECTION('',(-6.04236248405133E-16,1.,0.));
#2977=DIRECTION('',(-1.,-6.04236248405133E-16,0.));
#2978=DIRECTION('',(1.,6.04236248405133E-16,0.));
#2979=DIRECTION('',(0.,0.,-1.));
#2980=DIRECTION('',(1.,6.04236248405133E-16,0.));
#2981=DIRECTION('',(-1.,0.,0.));
#2982=DIRECTION('',(0.,0.,1.));
#2983=DIRECTION('',(0.,1.,0.));
#2984=DIRECTION('',(0.,0.,-1.));
#2985=DIRECTION('',(0.,1.,0.));
#2986=DIRECTION('',(0.,-1.,0.));
#2987=DIRECTION('',(0.,0.,-1.));
#2988=DIRECTION('',(-1.,0.,0.));
#2989=DIRECTION('',(-1.,0.,0.));
#2990=DIRECTION('',(0.,0.,1.));
#2991=DIRECTION('',(1.,0.,0.));
#2992=DIRECTION('',(0.,0.,1.));
#2993=DIRECTION('',(1.,0.,0.));
#2994=DIRECTION('',(-1.,-4.99201000281096E-16,0.));
#2995=DIRECTION('',(4.99201000281096E-16,-1.,0.));
#2996=DIRECTION('',(4.99201000281096E-16,-1.,0.));
#2997=DIRECTION('',(0.,0.,1.));
#2998=DIRECTION('',(4.99201000281096E-16,-1.,0.));
#2999=DIRECTION('',(0.,0.,1.));
#3000=DIRECTION('',(0.,-1.,0.));
#3001=DIRECTION('',(0.,0.,-1.));
#3002=DIRECTION('',(1.,0.,0.));
#3003=DIRECTION('',(1.,0.,0.));
#3004=DIRECTION('',(0.,0.,1.));
#3005=DIRECTION('',(1.,7.48801500421644E-16,0.));
#3006=DIRECTION('',(-7.48801500421644E-16,1.,0.));
#3007=DIRECTION('',(-7.48801500421644E-16,1.,0.));
#3008=DIRECTION('',(-7.48801500421644E-16,1.,0.));
#3009=DIRECTION('',(0.,0.,1.));
#3010=DIRECTION('',(0.,1.,0.));
#3011=DIRECTION('',(0.,0.,1.));
#3012=DIRECTION('',(-1.,0.,0.));
#3013=DIRECTION('',(-1.,0.,0.));
#3014=DIRECTION('',(0.,0.,1.));
#3015=DIRECTION('',(1.,0.,0.));
#3016=DIRECTION('',(0.,0.,1.));
#3017=DIRECTION('',(1.,0.,0.));
#3018=DIRECTION('',(0.,0.,-1.));
#3019=DIRECTION('',(-1.,0.,0.));
#3020=DIRECTION('',(0.,0.,1.));
#3021=DIRECTION('',(6.12323399573677E-17,1.,0.));
#3022=DIRECTION('',(0.,0.,1.));
#3023=DIRECTION('',(6.12323399573677E-17,1.,0.));
#3024=DIRECTION('',(0.,0.,1.));
#3025=DIRECTION('',(1.,0.,0.));
#3026=DIRECTION('',(0.,0.,1.));
#3027=DIRECTION('',(1.,0.,0.));
#3028=DIRECTION('',(1.,0.,0.));
#3029=DIRECTION('',(0.,0.,-1.));
#3030=DIRECTION('',(0.,-1.,0.));
#3031=DIRECTION('',(0.,0.,-1.));
#3032=DIRECTION('',(0.,-1.,0.));
#3033=DIRECTION('',(0.,0.,-1.));
#3034=DIRECTION('',(-1.38777544478586E-15,1.,0.));
#3035=DIRECTION('',(-1.,-1.38777544478586E-15,0.));
#3036=DIRECTION('',(1.,1.38777544478586E-15,0.));
#3037=DIRECTION('',(0.,0.,-1.));
#3038=DIRECTION('',(1.,1.38777544478586E-15,0.));
#3039=DIRECTION('',(-1.,0.,0.));
#3040=DIRECTION('',(0.,0.,1.));
#3041=DIRECTION('',(0.,1.,0.));
#3042=DIRECTION('',(0.,0.,-1.));
#3043=DIRECTION('',(0.,1.,0.));
#3044=DIRECTION('',(0.,-1.,0.));
#3045=DIRECTION('',(0.,0.,-1.));
#3046=DIRECTION('',(-1.,0.,0.));
#3047=DIRECTION('',(-1.,0.,0.));
#3048=DIRECTION('',(0.,0.,1.));
#3049=DIRECTION('',(1.,0.,0.));
#3050=DIRECTION('',(0.,0.,1.));
#3051=DIRECTION('',(1.,0.,0.));
#3052=DIRECTION('',(0.,0.,-1.));
#3053=DIRECTION('',(-1.,0.,0.));
#3054=DIRECTION('',(0.,0.,1.));
#3055=DIRECTION('',(6.12323399573677E-17,1.,0.));
#3056=DIRECTION('',(0.,0.,1.));
#3057=DIRECTION('',(6.12323399573677E-17,1.,0.));
#3058=DIRECTION('',(0.,0.,1.));
#3059=DIRECTION('',(1.,0.,0.));
#3060=DIRECTION('',(0.,0.,1.));
#3061=DIRECTION('',(1.,0.,0.));
#3062=DIRECTION('',(1.,0.,0.));
#3063=DIRECTION('',(0.,0.,-1.));
#3064=DIRECTION('',(0.,-1.,0.));
#3065=DIRECTION('',(0.,0.,-1.));
#3066=DIRECTION('',(0.,-1.,0.));
#3067=DIRECTION('',(0.,0.,-1.));
#3068=DIRECTION('',(0.,1.,0.));
#3069=DIRECTION('',(0.,0.,1.));
#3070=DIRECTION('',(1.,0.,0.));
#3071=DIRECTION('',(0.,0.,-1.));
#3072=DIRECTION('',(1.,0.,0.));
#3073=DIRECTION('',(-1.,0.,0.));
#3074=DIRECTION('',(0.,0.,1.));
#3075=DIRECTION('',(0.,1.,0.));
#3076=DIRECTION('',(0.,0.,-1.));
#3077=DIRECTION('',(0.,1.,0.));
#3078=DIRECTION('',(1.32143615460925E-15,-1.,0.));
#3079=DIRECTION('',(1.,1.32143615460925E-15,0.));
#3080=DIRECTION('',(-1.,-1.32143615460925E-15,0.));
#3081=DIRECTION('',(-1.,-1.32143615460925E-15,0.));
#3082=DIRECTION('',(0.,0.,1.));
#3083=DIRECTION('',(1.,0.,0.));
#3084=DIRECTION('',(0.,0.,1.));
#3085=DIRECTION('',(1.,0.,0.));
#3086=DIRECTION('',(1.,0.,0.));
#3087=DIRECTION('',(0.,0.,-1.));
#3088=DIRECTION('',(0.,-1.,0.));
#3089=DIRECTION('',(0.,0.,-1.));
#3090=DIRECTION('',(0.,-1.,0.));
#3091=DIRECTION('',(0.,0.,-1.));
#3092=DIRECTION('',(0.,1.,0.));
#3093=DIRECTION('',(0.,0.,1.));
#3094=DIRECTION('',(1.,0.,0.));
#3095=DIRECTION('',(0.,0.,-1.));
#3096=DIRECTION('',(1.,0.,0.));
#3097=DIRECTION('',(-1.,0.,0.));
#3098=DIRECTION('',(0.,0.,1.));
#3099=DIRECTION('',(0.,1.,0.));
#3100=DIRECTION('',(0.,0.,-1.));
#3101=DIRECTION('',(0.,1.,0.));
#3102=DIRECTION('',(0.,-1.,0.));
#3103=DIRECTION('',(0.,0.,-1.));
#3104=DIRECTION('',(-1.,0.,0.));
#3105=DIRECTION('',(-1.,0.,0.));
#3106=DIRECTION('',(0.,0.,1.));
#3107=DIRECTION('',(1.,0.,0.));
#3108=DIRECTION('',(0.,0.,1.));
#3109=DIRECTION('',(1.,0.,0.));
#3110=DIRECTION('',(1.,-4.99201000281096E-16,0.));
#3111=DIRECTION('',(4.99201000281096E-16,1.,0.));
#3112=DIRECTION('',(4.99201000281096E-16,1.,0.));
#3113=DIRECTION('',(0.,0.,1.));
#3114=DIRECTION('',(4.99201000281096E-16,1.,0.));
#3115=DIRECTION('',(0.,0.,1.));
#3116=DIRECTION('',(0.,-1.,0.));
#3117=DIRECTION('',(0.,0.,-1.));
#3118=DIRECTION('',(1.,0.,0.));
#3119=DIRECTION('',(0.,0.,1.));
#3120=DIRECTION('',(1.,0.,0.));
#3121=DIRECTION('',(-1.,7.48801500421644E-16,0.));
#3122=DIRECTION('',(-7.48801500421644E-16,-1.,0.));
#3123=DIRECTION('',(-7.48801500421644E-16,-1.,0.));
#3124=DIRECTION('',(0.,0.,1.));
#3125=DIRECTION('',(-7.48801500421644E-16,-1.,0.));
#3126=DIRECTION('',(0.,1.,0.));
#3127=DIRECTION('',(0.,0.,1.));
#3128=DIRECTION('',(-1.,0.,0.));
#3129=DIRECTION('',(-1.,0.,0.));
#3130=DIRECTION('',(0.,0.,-1.));
#3131=DIRECTION('',(-1.,0.,0.));
#3132=DIRECTION('',(0.,0.,-1.));
#3133=DIRECTION('',(-1.,0.,0.));
#3134=DIRECTION('',(1.,0.,0.));
#3135=DIRECTION('',(0.,0.,-1.));
#3136=DIRECTION('',(0.,-1.,0.));
#3137=DIRECTION('',(0.,0.,-1.));
#3138=DIRECTION('',(0.,-1.,0.));
#3139=DIRECTION('',(0.,0.,-1.));
#3140=DIRECTION('',(0.,1.,0.));
#3141=DIRECTION('',(0.,0.,1.));
#3142=DIRECTION('',(1.,0.,0.));
#3143=DIRECTION('',(0.,0.,-1.));
#3144=DIRECTION('',(1.,0.,0.));
#3145=DIRECTION('',(-1.,0.,0.));
#3146=DIRECTION('',(0.,0.,1.));
#3147=DIRECTION('',(0.,1.,0.));
#3148=DIRECTION('',(0.,0.,-1.));
#3149=DIRECTION('',(0.,1.,0.));
#3150=DIRECTION('',(7.59698739520687E-16,-1.,0.));
#3151=DIRECTION('',(1.,7.59698739520687E-16,0.));
#3152=DIRECTION('',(-1.,-7.59698739520688E-16,0.));
#3153=DIRECTION('',(-1.,-7.59698739520687E-16,0.));
#3154=DIRECTION('',(0.,0.,1.));
#3155=DIRECTION('',(1.,0.,0.));
#3156=DIRECTION('',(0.,0.,1.));
#3157=DIRECTION('',(1.,0.,0.));
#3158=DIRECTION('',(1.,0.,0.));
#3159=DIRECTION('',(0.,0.,-1.));
#3160=DIRECTION('',(0.,-1.,0.));
#3161=DIRECTION('',(0.,0.,-1.));
#3162=DIRECTION('',(0.,-1.,0.));
#3163=DIRECTION('',(0.,0.,-1.));
#3164=DIRECTION('',(0.,1.,0.));
#3165=DIRECTION('',(0.,0.,1.));
#3166=DIRECTION('',(1.,0.,0.));
#3167=DIRECTION('',(0.,0.,-1.));
#3168=DIRECTION('',(1.,0.,0.));
#3169=DIRECTION('',(-1.,0.,0.));
#3170=DIRECTION('',(0.,0.,1.));
#3171=DIRECTION('',(0.,1.,0.));
#3172=DIRECTION('',(0.,0.,-1.));
#3173=DIRECTION('',(0.,1.,0.));
#3174=DIRECTION('',(0.,-1.,0.));
#3175=DIRECTION('',(0.,0.,-1.));
#3176=DIRECTION('',(-1.,0.,0.));
#3177=DIRECTION('',(-1.,0.,0.));
#3178=DIRECTION('',(0.,0.,1.));
#3179=DIRECTION('',(1.,0.,0.));
#3180=DIRECTION('',(0.,0.,1.));
#3181=DIRECTION('',(1.,0.,0.));
#3182=DIRECTION('',(1.,0.,0.));
#3183=DIRECTION('',(0.,0.,-1.));
#3184=DIRECTION('',(0.,-1.,0.));
#3185=DIRECTION('',(0.,0.,-1.));
#3186=DIRECTION('',(0.,-1.,0.));
#3187=DIRECTION('',(0.,0.,-1.));
#3188=DIRECTION('',(0.,1.,0.));
#3189=DIRECTION('',(0.,0.,1.));
#3190=DIRECTION('',(1.,0.,0.));
#3191=DIRECTION('',(0.,0.,-1.));
#3192=DIRECTION('',(1.,0.,0.));
#3193=DIRECTION('',(-1.,0.,0.));
#3194=DIRECTION('',(0.,0.,1.));
#3195=DIRECTION('',(0.,1.,0.));
#3196=DIRECTION('',(0.,0.,-1.));
#3197=DIRECTION('',(0.,1.,0.));
#3198=DIRECTION('',(1.1369066993855E-15,-1.,0.));
#3199=DIRECTION('',(1.,1.1369066993855E-15,0.));
#3200=DIRECTION('',(-1.,-1.1369066993855E-15,0.));
#3201=DIRECTION('',(-1.,-1.1369066993855E-15,0.));
#3202=DIRECTION('',(0.,0.,1.));
#3203=DIRECTION('',(1.,0.,0.));
#3204=DIRECTION('',(0.,0.,1.));
#3205=DIRECTION('',(1.,0.,0.));
#3206=DIRECTION('',(1.,0.,0.));
#3207=DIRECTION('',(0.,0.,-1.));
#3208=DIRECTION('',(0.,-1.,0.));
#3209=DIRECTION('',(0.,0.,-1.));
#3210=DIRECTION('',(0.,-1.,0.));
#3211=DIRECTION('',(0.,0.,-1.));
#3212=DIRECTION('',(-5.34080846008892E-16,1.,0.));
#3213=DIRECTION('',(-1.,-5.34080846008892E-16,0.));
#3214=DIRECTION('',(1.,5.34080846008892E-16,0.));
#3215=DIRECTION('',(0.,0.,-1.));
#3216=DIRECTION('',(1.,5.34080846008892E-16,0.));
#3217=DIRECTION('',(-1.,0.,0.));
#3218=DIRECTION('',(0.,0.,1.));
#3219=DIRECTION('',(0.,1.,0.));
#3220=DIRECTION('',(0.,0.,-1.));
#3221=DIRECTION('',(0.,1.,0.));
#3222=DIRECTION('',(0.,-1.,0.));
#3223=DIRECTION('',(0.,0.,-1.));
#3224=DIRECTION('',(-1.,0.,0.));
#3225=DIRECTION('',(-1.,0.,0.));
#3226=DIRECTION('',(0.,0.,1.));
#3227=DIRECTION('',(1.,0.,0.));
#3228=DIRECTION('',(0.,0.,1.));
#3229=DIRECTION('',(1.,0.,0.));
#3230=DIRECTION('',(1.,0.,0.));
#3231=DIRECTION('',(0.,0.,-1.));
#3232=DIRECTION('',(0.,-1.,0.));
#3233=DIRECTION('',(0.,0.,-1.));
#3234=DIRECTION('',(0.,-1.,0.));
#3235=DIRECTION('',(0.,0.,-1.));
#3236=DIRECTION('',(0.,1.,0.));
#3237=DIRECTION('',(0.,0.,1.));
#3238=DIRECTION('',(1.,0.,0.));
#3239=DIRECTION('',(0.,0.,-1.));
#3240=DIRECTION('',(1.,0.,0.));
#3241=DIRECTION('',(-1.,-2.77555756156289E-15,0.));
#3242=DIRECTION('',(2.77555756156289E-15,-1.,0.));
#3243=DIRECTION('',(-2.77555756156289E-15,1.,0.));
#3244=DIRECTION('',(0.,0.,-1.));
#3245=DIRECTION('',(-2.77555756156289E-15,1.,0.));
#3246=DIRECTION('',(6.91336251462637E-16,-1.,0.));
#3247=DIRECTION('',(1.,6.91336251462637E-16,0.));
#3248=DIRECTION('',(-1.,-6.91336251462637E-16,0.));
#3249=DIRECTION('',(-1.,-6.91336251462637E-16,0.));
#3250=DIRECTION('',(0.,0.,1.));
#3251=DIRECTION('',(1.,0.,0.));
#3252=DIRECTION('',(0.,0.,1.));
#3253=DIRECTION('',(1.,0.,0.));
#3254=DIRECTION('',(0.,0.,-1.));
#3255=DIRECTION('',(-1.,0.,0.));
#3256=DIRECTION('',(0.,0.,1.));
#3257=DIRECTION('',(6.12323399573677E-17,1.,0.));
#3258=DIRECTION('',(0.,0.,1.));
#3259=DIRECTION('',(6.12323399573677E-17,1.,0.));
#3260=DIRECTION('',(0.,0.,1.));
#3261=DIRECTION('',(1.,0.,0.));
#3262=DIRECTION('',(0.,0.,1.));
#3263=DIRECTION('',(1.,0.,0.));
#3264=DIRECTION('',(1.,0.,0.));
#3265=DIRECTION('',(0.,0.,-1.));
#3266=DIRECTION('',(0.,-1.,0.));
#3267=DIRECTION('',(0.,0.,-1.));
#3268=DIRECTION('',(0.,-1.,0.));
#3269=DIRECTION('',(0.,0.,-1.));
#3270=DIRECTION('',(0.,1.,0.));
#3271=DIRECTION('',(0.,0.,1.));
#3272=DIRECTION('',(1.,0.,0.));
#3273=DIRECTION('',(0.,0.,-1.));
#3274=DIRECTION('',(1.,0.,0.));
#3275=DIRECTION('',(-1.,0.,0.));
#3276=DIRECTION('',(0.,0.,1.));
#3277=DIRECTION('',(0.,1.,0.));
#3278=DIRECTION('',(0.,0.,-1.));
#3279=DIRECTION('',(0.,1.,0.));
#3280=DIRECTION('',(1.1182444119579E-15,-1.,0.));
#3281=DIRECTION('',(1.,1.1182444119579E-15,0.));
#3282=DIRECTION('',(-1.,-1.1182444119579E-15,0.));
#3283=DIRECTION('',(-1.,-1.1182444119579E-15,0.));
#3284=DIRECTION('',(0.,0.,1.));
#3285=DIRECTION('',(1.,0.,0.));
#3286=DIRECTION('',(0.,0.,1.));
#3287=DIRECTION('',(1.,0.,0.));
#3288=DIRECTION('',(0.,0.,-1.));
#3289=DIRECTION('',(-1.,0.,0.));
#3290=DIRECTION('',(0.,0.,1.));
#3291=DIRECTION('',(6.12323399573677E-17,1.,0.));
#3292=DIRECTION('',(0.,0.,1.));
#3293=DIRECTION('',(6.12323399573677E-17,1.,0.));
#3294=DIRECTION('',(0.,0.,1.));
#3295=DIRECTION('',(1.,0.,0.));
#3296=DIRECTION('',(0.,0.,1.));
#3297=DIRECTION('',(1.,0.,0.));
#3298=DIRECTION('',(0.,0.,-1.));
#3299=DIRECTION('',(-1.,0.,0.));
#3300=DIRECTION('',(0.,0.,1.));
#3301=DIRECTION('',(6.12323399573677E-17,1.,0.));
#3302=DIRECTION('',(0.,0.,1.));
#3303=DIRECTION('',(6.12323399573677E-17,1.,0.));
#3304=DIRECTION('',(0.,0.,1.));
#3305=DIRECTION('',(1.,0.,0.));
#3306=DIRECTION('',(0.,0.,1.));
#3307=DIRECTION('',(1.,0.,0.));
#3308=DIRECTION('',(1.,0.,0.));
#3309=DIRECTION('',(0.,0.,-1.));
#3310=DIRECTION('',(0.,-1.,0.));
#3311=DIRECTION('',(0.,0.,-1.));
#3312=DIRECTION('',(0.,-1.,0.));
#3313=DIRECTION('',(0.,0.,-1.));
#3314=DIRECTION('',(-8.87207863275431E-16,1.,0.));
#3315=DIRECTION('',(-1.,-8.87207863275431E-16,0.));
#3316=DIRECTION('',(1.,8.87207863275431E-16,0.));
#3317=DIRECTION('',(0.,0.,-1.));
#3318=DIRECTION('',(1.,8.87207863275431E-16,0.));
#3319=DIRECTION('',(-1.,-6.21714929442853E-16,0.));
#3320=DIRECTION('',(6.21714929442853E-16,-1.,0.));
#3321=DIRECTION('',(-6.21714929442853E-16,1.,0.));
#3322=DIRECTION('',(0.,0.,-1.));
#3323=DIRECTION('',(-6.21714929442853E-16,1.,0.));
#3324=DIRECTION('',(8.87207863275431E-16,-1.,0.));
#3325=DIRECTION('',(1.,8.87207863275431E-16,0.));
#3326=DIRECTION('',(-1.,-8.87207863275431E-16,0.));
#3327=DIRECTION('',(-1.,-8.87207863275431E-16,0.));
#3328=DIRECTION('',(0.,0.,1.));
#3329=DIRECTION('',(1.,0.,0.));
#3330=DIRECTION('',(0.,0.,1.));
#3331=DIRECTION('',(1.,0.,0.));
#3332=DIRECTION('',(0.,0.,-1.));
#3333=DIRECTION('',(-1.,0.,0.));
#3334=DIRECTION('',(0.,0.,1.));
#3335=DIRECTION('',(6.12323399573677E-17,1.,0.));
#3336=DIRECTION('',(0.,0.,1.));
#3337=DIRECTION('',(6.12323399573677E-17,1.,0.));
#3338=DIRECTION('',(0.,0.,1.));
#3339=DIRECTION('',(1.,0.,0.));
#3340=DIRECTION('',(0.,0.,1.));
#3341=DIRECTION('',(1.,0.,0.));
#3342=DIRECTION('',(1.,3.48460313482113E-16,0.));
#3343=DIRECTION('',(-3.48460313482113E-16,1.,0.));
#3344=DIRECTION('',(3.48460313482113E-16,-1.,0.));
#3345=DIRECTION('',(0.,0.,-1.));
#3346=DIRECTION('',(3.48460313482113E-16,-1.,0.));
#3347=DIRECTION('',(0.,0.,-1.));
#3348=DIRECTION('',(1.19195723502701E-15,1.,0.));
#3349=DIRECTION('',(-1.,1.19195723502701E-15,0.));
#3350=DIRECTION('',(1.,-1.19195723502701E-15,0.));
#3351=DIRECTION('',(0.,0.,-1.));
#3352=DIRECTION('',(1.,-1.19195723502701E-15,0.));
#3353=DIRECTION('',(-0.723399572499778,0.690429618793356,0.));
#3354=DIRECTION('',(-0.690429618793356,-0.723399572499778,0.));
#3355=DIRECTION('',(0.690429618793356,0.723399572499778,0.));
#3356=DIRECTION('',(0.,0.,-1.));
#3357=DIRECTION('',(0.690429618793356,0.723399572499778,0.));
#3358=DIRECTION('',(-1.,2.41352831440276E-15,0.));
#3359=DIRECTION('',(-2.41352831440276E-15,-1.,0.));
#3360=DIRECTION('',(2.41352831440276E-15,1.,0.));
#3361=DIRECTION('',(0.,0.,-1.));
#3362=DIRECTION('',(2.41352831440276E-15,1.,0.));
#3363=DIRECTION('',(2.01712032090326E-15,1.,0.));
#3364=DIRECTION('',(-1.,2.01712032090326E-15,0.));
#3365=DIRECTION('',(1.,-2.01712032090326E-15,0.));
#3366=DIRECTION('',(0.,0.,-1.));
#3367=DIRECTION('',(1.,-2.01712032090326E-15,0.));
#3368=DIRECTION('',(-1.,-1.62136745146978E-16,0.));
#3369=DIRECTION('',(1.62136745146978E-16,-1.,0.));
#3370=DIRECTION('',(-1.62136745146978E-16,1.,0.));
#3371=DIRECTION('',(0.,0.,-1.));
#3372=DIRECTION('',(-1.62136745146978E-16,1.,0.));
#3373=DIRECTION('',(-4.03424064180653E-16,-1.,0.));
#3374=DIRECTION('',(1.,-4.03424064180653E-16,0.));
#3375=DIRECTION('',(-1.,4.03424064180653E-16,0.));
#3376=DIRECTION('',(0.,0.,-1.));
#3377=DIRECTION('',(-1.,4.03424064180653E-16,0.));
#3378=DIRECTION('',(-1.,-1.50845519650172E-16,0.));
#3379=DIRECTION('',(1.50845519650172E-16,-1.,0.));
#3380=DIRECTION('',(-1.50845519650172E-16,1.,0.));
#3381=DIRECTION('',(0.,0.,-1.));
#3382=DIRECTION('',(-1.50845519650172E-16,1.,0.));
#3383=DIRECTION('',(-0.723399572499779,-0.690429618793354,0.));
#3384=DIRECTION('',(0.690429618793354,-0.723399572499779,0.));
#3385=DIRECTION('',(-0.690429618793354,0.723399572499779,0.));
#3386=DIRECTION('',(0.,0.,-1.));
#3387=DIRECTION('',(-0.690429618793354,0.723399572499779,0.));
#3388=DIRECTION('',(-1.19195723502701E-15,-1.,0.));
#3389=DIRECTION('',(1.,-1.19195723502701E-15,0.));
#3390=DIRECTION('',(-1.,1.19195723502701E-15,0.));
#3391=DIRECTION('',(0.,0.,-1.));
#3392=DIRECTION('',(-1.,1.19195723502701E-15,0.));
#3393=DIRECTION('',(1.,3.48460313482112E-16,0.));
#3394=DIRECTION('',(-3.48460313482112E-16,1.,0.));
#3395=DIRECTION('',(3.48460313482112E-16,-1.,0.));
#3396=DIRECTION('',(0.,0.,-1.));
#3397=DIRECTION('',(3.48460313482112E-16,-1.,0.));
#3398=DIRECTION('',(0.,0.,-1.));
#3399=DIRECTION('',(-1.,0.,0.));
#3400=DIRECTION('',(0.,0.,-1.));
#3401=DIRECTION('',(-6.12323399573677E-17,1.,0.));
#3402=DIRECTION('',(0.,0.,-1.));
#3403=DIRECTION('',(-6.12323399573677E-17,1.,0.));
#3404=DIRECTION('',(0.,0.,-1.));
#3405=DIRECTION('',(-1.,0.,0.));
#3406=DIRECTION('',(0.,0.,1.));
#3407=DIRECTION('',(6.12323399573677E-17,1.,0.));
#3408=DIRECTION('',(0.,0.,1.));
#3409=DIRECTION('',(6.12323399573677E-17,1.,0.));
#3410=DIRECTION('',(0.,0.,1.));
#3411=DIRECTION('',(6.12323399573677E-17,1.,0.));
#3412=DIRECTION('',(0.,0.,1.));
#3413=DIRECTION('',(6.12323399573677E-17,1.,0.));
#3414=DIRECTION('',(0.,0.,-1.));
#3415=DIRECTION('',(-1.,0.,0.));
#3416=DIRECTION('',(0.,0.,-1.));
#3417=DIRECTION('',(-1.,0.,0.));
#3418=DIRECTION('',(0.,0.,-1.));
#3419=DIRECTION('',(-1.,0.,0.));
#3420=DIRECTION('',(0.,0.,-1.));
#3421=DIRECTION('',(-1.,0.,0.));
#3422=DIRECTION('',(0.,0.,-1.));
#3423=DIRECTION('',(-1.,0.,0.));
#3424=DIRECTION('',(0.,0.,1.));
#3425=DIRECTION('',(1.,0.,0.));
#3426=DIRECTION('',(0.,0.,1.));
#3427=DIRECTION('',(1.,0.,0.));
#3428=DIRECTION('',(0.,0.,1.));
#3429=DIRECTION('',(1.,0.,0.));
#3430=DIRECTION('',(0.,0.,1.));
#3431=DIRECTION('',(1.,0.,0.));
#3432=DIRECTION('',(1.,0.,0.));
#3433=DIRECTION('',(0.,0.,-1.));
#3434=DIRECTION('',(0.,-1.,0.));
#3435=DIRECTION('',(0.,0.,-1.));
#3436=DIRECTION('',(0.,-1.,0.));
#3437=DIRECTION('',(0.,0.,-1.));
#3438=DIRECTION('',(-6.95746762659668E-16,1.,0.));
#3439=DIRECTION('',(-1.,-6.95746762659668E-16,0.));
#3440=DIRECTION('',(1.,6.95746762659668E-16,0.));
#3441=DIRECTION('',(0.,0.,-1.));
#3442=DIRECTION('',(1.,6.95746762659668E-16,0.));
#3443=DIRECTION('',(-1.,0.,0.));
#3444=DIRECTION('',(0.,0.,1.));
#3445=DIRECTION('',(0.,1.,0.));
#3446=DIRECTION('',(0.,0.,-1.));
#3447=DIRECTION('',(0.,1.,0.));
#3448=DIRECTION('',(6.95746762659668E-16,-1.,0.));
#3449=DIRECTION('',(1.,6.95746762659668E-16,0.));
#3450=DIRECTION('',(-1.,-6.95746762659668E-16,0.));
#3451=DIRECTION('',(-1.,-6.95746762659668E-16,0.));
#3452=DIRECTION('',(0.,0.,1.));
#3453=DIRECTION('',(1.,0.,0.));
#3454=DIRECTION('',(0.,0.,1.));
#3455=DIRECTION('',(1.,0.,0.));
#3456=DIRECTION('',(1.,1.22491463468372E-15,0.));
#3457=DIRECTION('',(-1.22491463468372E-15,1.,0.));
#3458=DIRECTION('',(1.22491463468372E-15,-1.,0.));
#3459=DIRECTION('',(0.,0.,-1.));
#3460=DIRECTION('',(1.22491463468372E-15,-1.,0.));
#3461=DIRECTION('',(0.,0.,-1.));
#3462=DIRECTION('',(-1.00563679766771E-15,1.,0.));
#3463=DIRECTION('',(-1.,-1.00563679766771E-15,0.));
#3464=DIRECTION('',(1.,1.00563679766771E-15,0.));
#3465=DIRECTION('',(0.,0.,-1.));
#3466=DIRECTION('',(1.,1.00563679766771E-15,0.));
#3467=DIRECTION('',(-1.,-1.22491463468372E-15,0.));
#3468=DIRECTION('',(1.22491463468372E-15,-1.,0.));
#3469=DIRECTION('',(-1.22491463468372E-15,1.,0.));
#3470=DIRECTION('',(0.,0.,-1.));
#3471=DIRECTION('',(-1.22491463468372E-15,1.,0.));
#3472=DIRECTION('',(0.,-1.,0.));
#3473=DIRECTION('',(0.,0.,-1.));
#3474=DIRECTION('',(-1.,0.,0.));
#3475=DIRECTION('',(-1.,0.,0.));
#3476=DIRECTION('',(0.,0.,1.));
#3477=DIRECTION('',(1.,0.,0.));
#3478=DIRECTION('',(0.,0.,1.));
#3479=DIRECTION('',(1.,0.,0.));
#3480=DIRECTION('',(1.,0.,0.));
#3481=DIRECTION('',(0.,0.,-1.));
#3482=DIRECTION('',(0.,-1.,0.));
#3483=DIRECTION('',(0.,0.,-1.));
#3484=DIRECTION('',(0.,-1.,0.));
#3485=DIRECTION('',(0.,0.,-1.));
#3486=DIRECTION('',(-3.55476122126395E-16,1.,0.));
#3487=DIRECTION('',(-1.,-3.55476122126395E-16,0.));
#3488=DIRECTION('',(1.,3.55476122126395E-16,0.));
#3489=DIRECTION('',(0.,0.,-1.));
#3490=DIRECTION('',(1.,3.55476122126395E-16,0.));
#3491=DIRECTION('',(-1.,0.,0.));
#3492=DIRECTION('',(0.,0.,1.));
#3493=DIRECTION('',(0.,1.,0.));
#3494=DIRECTION('',(0.,0.,-1.));
#3495=DIRECTION('',(0.,1.,0.));
#3496=DIRECTION('',(6.39857019827511E-16,-1.,0.));
#3497=DIRECTION('',(1.,6.39857019827511E-16,0.));
#3498=DIRECTION('',(-1.,-6.39857019827511E-16,0.));
#3499=DIRECTION('',(-1.,-6.39857019827511E-16,0.));
#3500=DIRECTION('',(0.,0.,1.));
#3501=DIRECTION('',(1.,0.,0.));
#3502=DIRECTION('',(0.,0.,1.));
#3503=DIRECTION('',(1.,0.,0.));
#3504=DIRECTION('',(1.,0.,0.));
#3505=DIRECTION('',(0.,0.,-1.));
#3506=DIRECTION('',(0.,-1.,0.));
#3507=DIRECTION('',(0.,0.,-1.));
#3508=DIRECTION('',(0.,-1.,0.));
#3509=DIRECTION('',(0.,0.,-1.));
#3510=DIRECTION('',(2.13285673275837E-16,1.,0.));
#3511=DIRECTION('',(-1.,2.13285673275837E-16,0.));
#3512=DIRECTION('',(1.,-2.13285673275837E-16,0.));
#3513=DIRECTION('',(0.,0.,-1.));
#3514=DIRECTION('',(1.,-2.13285673275837E-16,0.));
#3515=DIRECTION('',(-1.,-5.68761795402231E-16,0.));
#3516=DIRECTION('',(5.68761795402231E-16,-1.,0.));
#3517=DIRECTION('',(-5.68761795402231E-16,1.,0.));
#3518=DIRECTION('',(0.,0.,-1.));
#3519=DIRECTION('',(-5.68761795402231E-16,1.,0.));
#3520=DIRECTION('',(1.3508092640803E-15,-1.,0.));
#3521=DIRECTION('',(1.,1.3508092640803E-15,0.));
#3522=DIRECTION('',(-1.,-1.3508092640803E-15,0.));
#3523=DIRECTION('',(-1.,-1.3508092640803E-15,0.));
#3524=DIRECTION('',(0.,0.,1.));
#3525=DIRECTION('',(1.,0.,0.));
#3526=DIRECTION('',(0.,0.,1.));
#3527=DIRECTION('',(1.,0.,0.));
#3528=DIRECTION('',(1.,0.,0.));
#3529=DIRECTION('',(0.,0.,-1.));
#3530=DIRECTION('',(0.,-1.,0.));
#3531=DIRECTION('',(0.,0.,-1.));
#3532=DIRECTION('',(0.,-1.,0.));
#3533=DIRECTION('',(0.,0.,-1.));
#3534=DIRECTION('',(-6.87019198406655E-16,1.,0.));
#3535=DIRECTION('',(-1.,-6.87019198406655E-16,0.));
#3536=DIRECTION('',(1.,6.87019198406655E-16,0.));
#3537=DIRECTION('',(0.,0.,-1.));
#3538=DIRECTION('',(1.,6.87019198406655E-16,0.));
#3539=DIRECTION('',(-1.,-2.29384922443214E-15,0.));
#3540=DIRECTION('',(2.29384922443214E-15,-1.,0.));
#3541=DIRECTION('',(-2.29384922443214E-15,1.,0.));
#3542=DIRECTION('',(0.,0.,-1.));
#3543=DIRECTION('',(-2.29384922443214E-15,1.,0.));
#3544=DIRECTION('',(0.,-1.,0.));
#3545=DIRECTION('',(0.,0.,-1.));
#3546=DIRECTION('',(-1.,0.,0.));
#3547=DIRECTION('',(-1.,0.,0.));
#3548=DIRECTION('',(0.,0.,1.));
#3549=DIRECTION('',(1.,0.,0.));
#3550=DIRECTION('',(0.,0.,1.));
#3551=DIRECTION('',(1.,0.,0.));
#3552=DIRECTION('',(1.,-2.66880534765663E-16,0.));
#3553=DIRECTION('',(2.66880534765663E-16,1.,0.));
#3554=DIRECTION('',(2.66880534765663E-16,1.,0.));
#3555=DIRECTION('',(0.,0.,1.));
#3556=DIRECTION('',(2.66880534765663E-16,1.,0.));
#3557=DIRECTION('',(0.,0.,1.));
#3558=DIRECTION('',(0.,-1.,0.));
#3559=DIRECTION('',(0.,0.,-1.));
#3560=DIRECTION('',(1.,0.,0.));
#3561=DIRECTION('',(0.,0.,1.));
#3562=DIRECTION('',(1.,0.,0.));
#3563=DIRECTION('',(-1.,0.,0.));
#3564=DIRECTION('',(0.,0.,1.));
#3565=DIRECTION('',(0.,-1.,0.));
#3566=DIRECTION('',(0.,0.,1.));
#3567=DIRECTION('',(0.,-1.,0.));
#3568=DIRECTION('',(2.66880534765663E-16,1.,0.));
#3569=DIRECTION('',(-1.,2.66880534765663E-16,0.));
#3570=DIRECTION('',(-1.,2.66880534765663E-16,0.));
#3571=DIRECTION('',(-1.,2.66880534765663E-16,0.));
#3572=DIRECTION('',(0.,0.,-1.));
#3573=DIRECTION('',(-1.,0.,0.));
#3574=DIRECTION('',(0.,0.,-1.));
#3575=DIRECTION('',(-1.,0.,0.));
#3576=CARTESIAN_POINT('',(0.,0.,0.));
#3577=CARTESIAN_POINT('',(-98.4,-19.152378694437,6.7));
#3578=CARTESIAN_POINT('',(-98.4,-19.152378694437,1.3));
#3579=CARTESIAN_POINT('',(-98.4,-19.152378694437,1.3));
#3580=CARTESIAN_POINT('',(-98.4,-27.352378694437,1.3));
#3581=CARTESIAN_POINT('',(-98.4,-27.352378694437,6.7));
#3582=CARTESIAN_POINT('',(-98.4,-27.352378694437,6.7));
#3583=CARTESIAN_POINT('',(-98.4,-19.152378694437,6.7));
#3584=CARTESIAN_POINT('',(-98.4,-19.152378694437,6.7));
#3585=CARTESIAN_POINT('',(-98.4,-19.152378694437,6.7));
#3586=CARTESIAN_POINT('',(-98.4,-27.352378694437,6.7));
#3587=CARTESIAN_POINT('',(-98.4,-27.352378694437,1.3));
#3588=CARTESIAN_POINT('',(-92.0898417679917,-27.352378694437,1.3));
#3589=CARTESIAN_POINT('',(-92.0898417679917,-27.352378694437,6.7));
#3590=CARTESIAN_POINT('',(-92.0898417679917,-27.352378694437,6.7));
#3591=CARTESIAN_POINT('',(-98.4,-27.352378694437,6.7));
#3592=CARTESIAN_POINT('',(-92.0898417679917,-27.352378694437,6.7));
#3593=CARTESIAN_POINT('',(-92.0898417679917,-27.352378694437,1.3));
#3594=CARTESIAN_POINT('',(-92.0898417679917,-19.152378694437,1.3));
#3595=CARTESIAN_POINT('',(-92.0898417679917,-19.152378694437,6.7));
#3596=CARTESIAN_POINT('',(-92.0898417679917,-19.152378694437,6.7));
#3597=CARTESIAN_POINT('',(-92.0898417679917,-27.352378694437,6.7));
#3598=CARTESIAN_POINT('',(-92.0898417679917,-19.152378694437,6.7));
#3599=CARTESIAN_POINT('',(-92.0898417679917,-19.152378694437,1.3));
#3600=CARTESIAN_POINT('',(-92.0898417679917,-19.152378694437,6.7));
#3601=CARTESIAN_POINT('',(0.,0.,6.7));
#3602=CARTESIAN_POINT('',(0.,0.,1.3));
#3603=CARTESIAN_POINT('',(-7.14078839594648,1.25847277701035,-10.));
#3604=CARTESIAN_POINT('',(-7.14078839594648,1.25847277701035,-1.3));
#3605=CARTESIAN_POINT('',(-7.14078839594648,7.75847277701035,-1.3));
#3606=CARTESIAN_POINT('',(-7.14078839594648,1.25847277701035,-1.3));
#3607=CARTESIAN_POINT('',(-7.14078839594648,7.75847277701035,-10.));
#3608=CARTESIAN_POINT('',(-7.14078839594648,7.75847277701035,-10.));
#3609=CARTESIAN_POINT('',(-7.14078839594648,1.25847277701035,-10.));
#3610=CARTESIAN_POINT('',(-7.14078839594648,1.25847277701035,-10.));
#3611=CARTESIAN_POINT('',(-7.14078839594648,1.25847277701035,-10.));
#3612=CARTESIAN_POINT('',(-7.14078839594648,7.75847277701035,-10.));
#3613=CARTESIAN_POINT('',(-7.14078839594648,7.75847277701035,-1.3));
#3614=CARTESIAN_POINT('',(-0.640788395946476,7.75847277701035,-1.3));
#3615=CARTESIAN_POINT('',(-0.640788395946476,7.75847277701035,-10.));
#3616=CARTESIAN_POINT('',(-0.640788395946476,7.75847277701035,-10.));
#3617=CARTESIAN_POINT('',(-7.14078839594648,7.75847277701035,-10.));
#3618=CARTESIAN_POINT('',(-0.640788395946476,7.75847277701035,-10.));
#3619=CARTESIAN_POINT('',(-0.640788395946476,7.75847277701035,-1.3));
#3620=CARTESIAN_POINT('',(-0.640788395946476,1.25847277701035,-1.3));
#3621=CARTESIAN_POINT('',(-0.640788395946476,1.25847277701035,-10.));
#3622=CARTESIAN_POINT('',(-0.640788395946476,1.25847277701035,-10.));
#3623=CARTESIAN_POINT('',(-0.640788395946476,7.75847277701035,-10.));
#3624=CARTESIAN_POINT('',(-0.640788395946476,1.25847277701035,-10.));
#3625=CARTESIAN_POINT('',(-0.640788395946476,1.25847277701035,-1.3));
#3626=CARTESIAN_POINT('',(-0.640788395946476,1.25847277701035,-10.));
#3627=CARTESIAN_POINT('',(0.,0.,-10.));
#3628=CARTESIAN_POINT('',(0.,0.,-1.3));
#3629=CARTESIAN_POINT('',(-85.3572400138254,-25.5236580560571,9.25));
#3630=CARTESIAN_POINT('',(-85.3572400138254,-25.5236580560571,9.25));
#3631=CARTESIAN_POINT('',(-85.3572400138254,-22.3736580560571,9.25));
#3632=CARTESIAN_POINT('',(-85.3572400138254,-25.5236580560571,1.3));
#3633=CARTESIAN_POINT('',(-85.3572400138254,-22.3736580560571,1.3));
#3634=CARTESIAN_POINT('',(-85.3572400138254,-25.5236580560571,9.25));
#3635=CARTESIAN_POINT('',(-85.3572400138254,-25.5236580560571,1.3));
#3636=CARTESIAN_POINT('',(-64.992570789072,-50.9749999999999,7.));
#3637=CARTESIAN_POINT('',(-64.992570789072,-50.9749999999999,1.3));
#3638=CARTESIAN_POINT('',(-64.992570789072,-50.9749999999999,1.3));
#3639=CARTESIAN_POINT('',(-64.992570789072,-57.4749999999999,1.3));
#3640=CARTESIAN_POINT('',(-64.992570789072,-57.4749999999999,7.));
#3641=CARTESIAN_POINT('',(-64.992570789072,-57.4749999999999,7.));
#3642=CARTESIAN_POINT('',(-64.992570789072,-50.9749999999999,7.));
#3643=CARTESIAN_POINT('',(-64.992570789072,-50.9749999999999,7.));
#3644=CARTESIAN_POINT('',(-64.992570789072,-50.9749999999999,7.));
#3645=CARTESIAN_POINT('',(-64.992570789072,-57.4749999999999,7.));
#3646=CARTESIAN_POINT('',(-64.992570789072,-57.4749999999999,1.3));
#3647=CARTESIAN_POINT('',(-53.5088275971958,-57.4749999999999,1.3));
#3648=CARTESIAN_POINT('',(-53.5088275971958,-57.4749999999999,7.));
#3649=CARTESIAN_POINT('',(-53.5088275971958,-57.4749999999999,7.));
#3650=CARTESIAN_POINT('',(-64.992570789072,-57.4749999999999,7.));
#3651=CARTESIAN_POINT('',(-53.5088275971958,-57.4749999999999,7.));
#3652=CARTESIAN_POINT('',(-53.5088275971958,-57.4749999999999,1.3));
#3653=CARTESIAN_POINT('',(-53.5088275971958,-50.9749999999999,1.3));
#3654=CARTESIAN_POINT('',(-53.5088275971958,-50.9749999999999,7.));
#3655=CARTESIAN_POINT('',(-53.5088275971958,-50.9749999999999,7.));
#3656=CARTESIAN_POINT('',(-53.5088275971958,-57.4749999999999,7.));
#3657=CARTESIAN_POINT('',(-53.5088275971958,-50.9749999999999,7.));
#3658=CARTESIAN_POINT('',(-53.5088275971958,-50.9749999999999,1.3));
#3659=CARTESIAN_POINT('',(-53.5088275971958,-50.9749999999999,7.));
#3660=CARTESIAN_POINT('',(0.,0.,7.));
#3661=CARTESIAN_POINT('',(0.,0.,1.3));
#3662=CARTESIAN_POINT('',(-18.8275301063377,39.1425498862208,-9.9));
#3663=CARTESIAN_POINT('',(-18.8275301063377,39.1425498862208,2.16840434497101E-16));
#3664=CARTESIAN_POINT('',(-18.8275301063377,39.1425498862208,2.16840434497101E-16));
#3665=CARTESIAN_POINT('',(-18.8275301063377,25.2425498862208,2.16840434497101E-16));
#3666=CARTESIAN_POINT('',(-18.8275301063377,39.1425498862208,-9.9));
#3667=CARTESIAN_POINT('',(-18.8275301063377,39.1425498862208,-9.9));
#3668=CARTESIAN_POINT('',(-18.8275301063377,39.1425498862208,-9.9));
#3669=CARTESIAN_POINT('',(-18.8275301063377,25.2425498862208,-9.9));
#3670=CARTESIAN_POINT('',(-18.8275301063377,25.2425498862208,-9.9));
#3671=CARTESIAN_POINT('',(-18.8275301063377,25.2425498862208,-9.9));
#3672=CARTESIAN_POINT('',(-18.8275301063377,25.2425498862208,2.16840434497101E-16));
#3673=CARTESIAN_POINT('',(-12.7675301063377,25.2425498862208,2.16840434497101E-16));
#3674=CARTESIAN_POINT('',(-18.8275301063377,25.2425498862208,-9.9));
#3675=CARTESIAN_POINT('',(-12.7675301063377,25.2425498862208,-9.9));
#3676=CARTESIAN_POINT('',(-12.7675301063377,25.2425498862208,-9.9));
#3677=CARTESIAN_POINT('',(-12.7675301063377,25.2425498862208,-9.9));
#3678=CARTESIAN_POINT('',(-12.7675301063377,25.2425498862208,2.16840434497101E-16));
#3679=CARTESIAN_POINT('',(-12.7675301063377,39.1425498862208,2.16840434497101E-16));
#3680=CARTESIAN_POINT('',(-12.7675301063377,25.2425498862208,-9.9));
#3681=CARTESIAN_POINT('',(-12.7675301063377,39.1425498862208,-9.9));
#3682=CARTESIAN_POINT('',(-12.7675301063377,39.1425498862208,-9.9));
#3683=CARTESIAN_POINT('',(-12.7675301063377,39.1425498862208,-9.9));
#3684=CARTESIAN_POINT('',(-12.7675301063377,39.1425498862208,2.16840434497101E-16));
#3685=CARTESIAN_POINT('',(-12.7675301063377,39.1425498862208,-9.9));
#3686=CARTESIAN_POINT('',(0.,0.,-9.9));
#3687=CARTESIAN_POINT('',(0.,0.,2.16840434497101E-16));
#3688=CARTESIAN_POINT('',(-92.6239427286856,39.1231621283355,7.3));
#3689=CARTESIAN_POINT('',(-92.6239427286856,39.1231621283355,7.3));
#3690=CARTESIAN_POINT('',(-92.6239427286856,42.2731621283355,7.3));
#3691=CARTESIAN_POINT('',(-92.6239427286856,39.1231621283355,1.3));
#3692=CARTESIAN_POINT('',(-92.6239427286856,42.2731621283355,1.3));
#3693=CARTESIAN_POINT('',(-92.6239427286856,39.1231621283355,7.3));
#3694=CARTESIAN_POINT('',(-92.6239427286856,39.1231621283355,1.3));
#3695=CARTESIAN_POINT('',(-91.0000240384393,-51.4749999999999,5.));
#3696=CARTESIAN_POINT('',(-91.0000240384393,-51.4749999999999,1.3));
#3697=CARTESIAN_POINT('',(-91.0000240384393,-51.4749999999999,1.3));
#3698=CARTESIAN_POINT('',(-91.0000240384393,-57.4749999999999,1.3));
#3699=CARTESIAN_POINT('',(-91.0000240384393,-57.4749999999999,5.));
#3700=CARTESIAN_POINT('',(-91.0000240384393,-57.4749999999999,5.));
#3701=CARTESIAN_POINT('',(-91.0000240384393,-51.4749999999999,5.));
#3702=CARTESIAN_POINT('',(-91.0000240384393,-51.4749999999999,5.));
#3703=CARTESIAN_POINT('',(-91.0000240384393,-51.4749999999999,5.));
#3704=CARTESIAN_POINT('',(-91.0000240384393,-57.4749999999999,5.));
#3705=CARTESIAN_POINT('',(-91.0000240384393,-57.4749999999999,1.3));
#3706=CARTESIAN_POINT('',(-81.,-57.4749999999999,1.3));
#3707=CARTESIAN_POINT('',(-81.,-57.4749999999999,5.));
#3708=CARTESIAN_POINT('',(-81.,-57.4749999999999,5.));
#3709=CARTESIAN_POINT('',(-91.0000240384393,-57.4749999999999,5.));
#3710=CARTESIAN_POINT('',(-81.,-57.4749999999999,5.));
#3711=CARTESIAN_POINT('',(-81.,-57.4749999999999,1.3));
#3712=CARTESIAN_POINT('',(-81.,-51.4749999999999,1.3));
#3713=CARTESIAN_POINT('',(-81.,-51.4749999999999,5.));
#3714=CARTESIAN_POINT('',(-81.,-51.4749999999999,5.));
#3715=CARTESIAN_POINT('',(-81.,-57.4749999999999,5.));
#3716=CARTESIAN_POINT('',(-81.,-51.4749999999999,5.));
#3717=CARTESIAN_POINT('',(-81.,-51.4749999999999,1.3));
#3718=CARTESIAN_POINT('',(-81.,-51.4749999999999,5.));
#3719=CARTESIAN_POINT('',(0.,0.,5.));
#3720=CARTESIAN_POINT('',(0.,0.,1.3));
#3721=CARTESIAN_POINT('',(-70.6931246633011,-42.2545279190714,9.));
#3722=CARTESIAN_POINT('',(-70.6931246633011,-42.2545279190714,9.));
#3723=CARTESIAN_POINT('',(-70.6931246633011,-39.1045279190714,9.));
#3724=CARTESIAN_POINT('',(-70.6931246633011,-42.2545279190714,1.3));
#3725=CARTESIAN_POINT('',(-70.6931246633011,-39.1045279190714,1.3));
#3726=CARTESIAN_POINT('',(-70.6931246633011,-42.2545279190714,9.));
#3727=CARTESIAN_POINT('',(-70.6931246633011,-42.2545279190714,1.3));
#3728=CARTESIAN_POINT('',(-97.2020494250954,57.4750000000001,5.2));
#3729=CARTESIAN_POINT('',(-97.2020494250954,57.4750000000001,1.3));
#3730=CARTESIAN_POINT('',(-97.2020494250954,57.4750000000001,1.3));
#3731=CARTESIAN_POINT('',(-97.2020494250954,52.4750000000001,1.3));
#3732=CARTESIAN_POINT('',(-97.2020494250954,52.4750000000001,5.2));
#3733=CARTESIAN_POINT('',(-97.2020494250954,52.4750000000001,5.2));
#3734=CARTESIAN_POINT('',(-97.2020494250954,57.4750000000001,5.2));
#3735=CARTESIAN_POINT('',(-97.2020494250954,57.4750000000001,5.2));
#3736=CARTESIAN_POINT('',(-97.2020494250954,57.4750000000001,5.2));
#3737=CARTESIAN_POINT('',(-97.2020494250955,52.4750000000001,5.2));
#3738=CARTESIAN_POINT('',(-97.2020494250955,52.4750000000001,1.3));
#3739=CARTESIAN_POINT('',(-86.7,52.4750000000001,1.3));
#3740=CARTESIAN_POINT('',(-86.7,52.4750000000001,5.2));
#3741=CARTESIAN_POINT('',(-86.7,52.4750000000001,5.2));
#3742=CARTESIAN_POINT('',(-97.2020494250955,52.4750000000001,5.2));
#3743=CARTESIAN_POINT('',(-86.7,52.4750000000001,5.2));
#3744=CARTESIAN_POINT('',(-86.7,52.4750000000001,1.3));
#3745=CARTESIAN_POINT('',(-86.7,57.4750000000001,1.3));
#3746=CARTESIAN_POINT('',(-86.7,57.4750000000001,5.2));
#3747=CARTESIAN_POINT('',(-86.7,57.4750000000001,5.2));
#3748=CARTESIAN_POINT('',(-86.7,52.4750000000001,5.2));
#3749=CARTESIAN_POINT('',(-86.7,57.4750000000001,5.2));
#3750=CARTESIAN_POINT('',(-86.7,57.4750000000001,1.3));
#3751=CARTESIAN_POINT('',(-86.7,57.4750000000001,5.2));
#3752=CARTESIAN_POINT('',(0.,0.,5.2));
#3753=CARTESIAN_POINT('',(0.,0.,1.3));
#3754=CARTESIAN_POINT('',(-33.4,-49.9,4.8));
#3755=CARTESIAN_POINT('',(-33.4,-49.9,1.3));
#3756=CARTESIAN_POINT('',(-33.4,-49.9,1.3));
#3757=CARTESIAN_POINT('',(-33.4,-56.5,1.3));
#3758=CARTESIAN_POINT('',(-33.4,-56.5,4.8));
#3759=CARTESIAN_POINT('',(-33.4,-56.5,4.8));
#3760=CARTESIAN_POINT('',(-33.4,-49.9,4.8));
#3761=CARTESIAN_POINT('',(-33.4,-49.9,4.8));
#3762=CARTESIAN_POINT('',(-33.4,-49.9,4.8));
#3763=CARTESIAN_POINT('',(-33.4,-56.5,4.8));
#3764=CARTESIAN_POINT('',(-33.4,-56.5,1.3));
#3765=CARTESIAN_POINT('',(-16.9,-56.5,1.3));
#3766=CARTESIAN_POINT('',(-16.9,-56.5,4.8));
#3767=CARTESIAN_POINT('',(-16.9,-56.5,4.8));
#3768=CARTESIAN_POINT('',(-33.4,-56.5,4.8));
#3769=CARTESIAN_POINT('',(-16.9,-56.5,4.8));
#3770=CARTESIAN_POINT('',(-16.9,-56.5,1.3));
#3771=CARTESIAN_POINT('',(-16.9,-49.9,1.3));
#3772=CARTESIAN_POINT('',(-16.9,-49.9,4.8));
#3773=CARTESIAN_POINT('',(-16.9,-49.9,4.8));
#3774=CARTESIAN_POINT('',(-16.9,-56.5,4.8));
#3775=CARTESIAN_POINT('',(-16.9,-49.9,4.8));
#3776=CARTESIAN_POINT('',(-16.9,-49.9,1.3));
#3777=CARTESIAN_POINT('',(-16.9,-49.9,4.8));
#3778=CARTESIAN_POINT('',(0.,0.,4.8));
#3779=CARTESIAN_POINT('',(0.,0.,1.3));
#3780=CARTESIAN_POINT('',(-18.8275301063377,-39.1425498862208,-9.9));
#3781=CARTESIAN_POINT('',(-18.8275301063377,-39.1425498862208,2.16840434497101E-16));
#3782=CARTESIAN_POINT('',(-18.8275301063377,-39.1425498862208,2.16840434497101E-16));
#3783=CARTESIAN_POINT('',(-18.8275301063377,-25.2425498862208,2.16840434497101E-16));
#3784=CARTESIAN_POINT('',(-18.8275301063377,-25.2425498862208,-9.9));
#3785=CARTESIAN_POINT('',(-18.8275301063377,-25.2425498862208,-9.9));
#3786=CARTESIAN_POINT('',(-18.8275301063377,-39.1425498862208,-9.9));
#3787=CARTESIAN_POINT('',(-18.8275301063377,-39.1425498862208,-9.9));
#3788=CARTESIAN_POINT('',(-18.8275301063377,-39.1425498862208,-9.9));
#3789=CARTESIAN_POINT('',(-18.8275301063377,-25.2425498862208,-9.9));
#3790=CARTESIAN_POINT('',(-18.8275301063377,-25.2425498862208,2.16840434497101E-16));
#3791=CARTESIAN_POINT('',(-12.7675301063377,-25.2425498862208,2.16840434497101E-16));
#3792=CARTESIAN_POINT('',(-12.7675301063377,-25.2425498862208,-9.9));
#3793=CARTESIAN_POINT('',(-12.7675301063377,-25.2425498862208,-9.9));
#3794=CARTESIAN_POINT('',(-18.8275301063377,-25.2425498862208,-9.9));
#3795=CARTESIAN_POINT('',(-12.7675301063377,-25.2425498862208,-9.9));
#3796=CARTESIAN_POINT('',(-12.7675301063377,-25.2425498862208,2.16840434497101E-16));
#3797=CARTESIAN_POINT('',(-12.7675301063377,-39.1425498862208,2.16840434497101E-16));
#3798=CARTESIAN_POINT('',(-12.7675301063377,-39.1425498862208,-9.9));
#3799=CARTESIAN_POINT('',(-12.7675301063377,-39.1425498862208,-9.9));
#3800=CARTESIAN_POINT('',(-12.7675301063377,-25.2425498862208,-9.9));
#3801=CARTESIAN_POINT('',(-12.7675301063377,-39.1425498862208,-9.9));
#3802=CARTESIAN_POINT('',(-12.7675301063377,-39.1425498862208,2.16840434497101E-16));
#3803=CARTESIAN_POINT('',(-12.7675301063377,-39.1425498862208,-9.9));
#3804=CARTESIAN_POINT('',(0.,0.,-9.9));
#3805=CARTESIAN_POINT('',(0.,0.,2.16840434497101E-16));
#3806=CARTESIAN_POINT('',(-62.3349498023491,57.4750000000001,5.2));
#3807=CARTESIAN_POINT('',(-62.3349498023491,57.4750000000001,1.3));
#3808=CARTESIAN_POINT('',(-62.3349498023491,57.1250000000001,1.3));
#3809=CARTESIAN_POINT('',(-62.3349498023491,52.1250000000001,1.3));
#3810=CARTESIAN_POINT('',(-62.3349498023491,52.1250000000001,5.2));
#3811=CARTESIAN_POINT('',(-62.3349498023491,52.1250000000001,5.6));
#3812=CARTESIAN_POINT('',(-62.3349498023491,57.4750000000001,5.6));
#3813=CARTESIAN_POINT('',(-62.3349498023491,57.1250000000001,5.6));
#3814=CARTESIAN_POINT('',(-62.3349498023491,57.1250000000001,5.2));
#3815=CARTESIAN_POINT('',(-62.3349498023491,52.1250000000001,5.2));
#3816=CARTESIAN_POINT('',(-62.3349498023491,52.1250000000001,1.3));
#3817=CARTESIAN_POINT('',(-53.2012056707146,52.1250000000001,1.3));
#3818=CARTESIAN_POINT('',(-53.2012056707146,52.1250000000001,5.2));
#3819=CARTESIAN_POINT('',(-53.2012056707146,52.1250000000001,5.6));
#3820=CARTESIAN_POINT('',(-62.3349498023491,52.1250000000001,5.6));
#3821=CARTESIAN_POINT('',(-53.2012056707146,52.4750000000001,5.2));
#3822=CARTESIAN_POINT('',(-53.2012056707146,52.4750000000001,1.3));
#3823=CARTESIAN_POINT('',(-53.2012056707146,57.1250000000001,1.3));
#3824=CARTESIAN_POINT('',(-53.2012056707146,57.1250000000001,5.2));
#3825=CARTESIAN_POINT('',(-53.2012056707146,57.1250000000001,5.6));
#3826=CARTESIAN_POINT('',(-53.2012056707146,52.4750000000001,5.6));
#3827=CARTESIAN_POINT('',(-53.2012056707146,57.1250000000001,5.2));
#3828=CARTESIAN_POINT('',(-53.2012056707146,57.1250000000001,1.3));
#3829=CARTESIAN_POINT('',(-53.2012056707146,57.1250000000001,5.6));
#3830=CARTESIAN_POINT('',(0.,0.,5.6));
#3831=CARTESIAN_POINT('',(0.,0.,1.3));
#3832=CARTESIAN_POINT('',(-41.0856266138094,-51.2749999999999,4.8));
#3833=CARTESIAN_POINT('',(-41.0856266138094,-51.2749999999999,1.3));
#3834=CARTESIAN_POINT('',(-41.0856266138094,-51.2749999999999,1.3));
#3835=CARTESIAN_POINT('',(-41.0856266138094,-57.4749999999999,1.3));
#3836=CARTESIAN_POINT('',(-41.0856266138094,-57.4749999999999,4.8));
#3837=CARTESIAN_POINT('',(-41.0856266138094,-57.4749999999999,4.8));
#3838=CARTESIAN_POINT('',(-41.0856266138094,-51.2749999999999,4.8));
#3839=CARTESIAN_POINT('',(-41.0856266138094,-51.2749999999999,4.8));
#3840=CARTESIAN_POINT('',(-41.0856266138094,-51.2749999999999,4.8));
#3841=CARTESIAN_POINT('',(-41.0856266138094,-57.4749999999999,4.8));
#3842=CARTESIAN_POINT('',(-41.0856266138094,-57.4749999999999,1.3));
#3843=CARTESIAN_POINT('',(-34.9968872956234,-57.4749999999999,1.3));
#3844=CARTESIAN_POINT('',(-34.9968872956234,-57.4749999999999,4.8));
#3845=CARTESIAN_POINT('',(-34.9968872956234,-57.4749999999999,4.8));
#3846=CARTESIAN_POINT('',(-41.0856266138094,-57.4749999999999,4.8));
#3847=CARTESIAN_POINT('',(-34.9968872956234,-57.4749999999999,4.8));
#3848=CARTESIAN_POINT('',(-34.9968872956234,-57.4749999999999,1.3));
#3849=CARTESIAN_POINT('',(-34.9968872956234,-51.2749999999999,1.3));
#3850=CARTESIAN_POINT('',(-34.9968872956234,-51.2749999999999,4.8));
#3851=CARTESIAN_POINT('',(-34.9968872956234,-51.2749999999999,4.8));
#3852=CARTESIAN_POINT('',(-34.9968872956234,-57.4749999999999,4.8));
#3853=CARTESIAN_POINT('',(-34.9968872956234,-51.2749999999999,4.8));
#3854=CARTESIAN_POINT('',(-34.9968872956234,-51.2749999999999,1.3));
#3855=CARTESIAN_POINT('',(-34.9968872956234,-51.2749999999999,4.8));
#3856=CARTESIAN_POINT('',(0.,0.,4.8));
#3857=CARTESIAN_POINT('',(0.,0.,1.3));
#3858=CARTESIAN_POINT('',(-82.8024197719276,57.4750000000001,5.2));
#3859=CARTESIAN_POINT('',(-82.8024197719276,57.4750000000001,1.3));
#3860=CARTESIAN_POINT('',(-82.8024197719276,57.4750000000001,1.3));
#3861=CARTESIAN_POINT('',(-82.8024197719276,53.3750000000001,1.3));
#3862=CARTESIAN_POINT('',(-82.8024197719276,53.3750000000001,5.2));
#3863=CARTESIAN_POINT('',(-82.8024197719276,53.3750000000001,5.2));
#3864=CARTESIAN_POINT('',(-82.8024197719276,57.4750000000001,5.2));
#3865=CARTESIAN_POINT('',(-82.8024197719276,57.4750000000001,5.2));
#3866=CARTESIAN_POINT('',(-82.8024197719276,57.4750000000001,5.2));
#3867=CARTESIAN_POINT('',(-82.8024197719276,53.3750000000001,5.2));
#3868=CARTESIAN_POINT('',(-82.8024197719276,53.3750000000001,1.3));
#3869=CARTESIAN_POINT('',(-76.6991098805726,53.3750000000001,1.3));
#3870=CARTESIAN_POINT('',(-76.6991098805726,53.3750000000001,5.2));
#3871=CARTESIAN_POINT('',(-76.6991098805726,53.3750000000001,5.2));
#3872=CARTESIAN_POINT('',(-82.8024197719276,53.3750000000001,5.2));
#3873=CARTESIAN_POINT('',(-76.6991098805726,53.3750000000001,5.2));
#3874=CARTESIAN_POINT('',(-76.6991098805726,53.3750000000001,1.3));
#3875=CARTESIAN_POINT('',(-76.6991098805726,57.4750000000001,1.3));
#3876=CARTESIAN_POINT('',(-76.6991098805726,57.4750000000001,5.2));
#3877=CARTESIAN_POINT('',(-76.6991098805726,57.4750000000001,5.2));
#3878=CARTESIAN_POINT('',(-76.6991098805726,53.3750000000001,5.2));
#3879=CARTESIAN_POINT('',(-76.6991098805726,57.4750000000001,5.2));
#3880=CARTESIAN_POINT('',(-76.6991098805726,57.4750000000001,1.3));
#3881=CARTESIAN_POINT('',(-76.6991098805726,57.4750000000001,5.2));
#3882=CARTESIAN_POINT('',(0.,0.,5.2));
#3883=CARTESIAN_POINT('',(0.,0.,1.3));
#3884=CARTESIAN_POINT('',(-79.5001972128215,-50.4749999999999,7.));
#3885=CARTESIAN_POINT('',(-79.5001972128215,-50.4749999999999,1.3));
#3886=CARTESIAN_POINT('',(-79.5001972128215,-50.4749999999999,1.3));
#3887=CARTESIAN_POINT('',(-79.5001972128215,-57.4749999999999,1.3));
#3888=CARTESIAN_POINT('',(-79.5001972128215,-57.4749999999999,7.));
#3889=CARTESIAN_POINT('',(-79.5001972128215,-57.4749999999999,7.));
#3890=CARTESIAN_POINT('',(-79.5001972128215,-50.4749999999999,7.));
#3891=CARTESIAN_POINT('',(-79.5001972128215,-50.4749999999999,7.));
#3892=CARTESIAN_POINT('',(-79.5001972128215,-50.4749999999999,7.));
#3893=CARTESIAN_POINT('',(-79.5001972128215,-57.4749999999999,7.));
#3894=CARTESIAN_POINT('',(-79.5001972128215,-57.4749999999999,1.3));
#3895=CARTESIAN_POINT('',(-66.5079808550162,-57.4749999999999,1.3));
#3896=CARTESIAN_POINT('',(-66.5079808550162,-57.4749999999999,7.));
#3897=CARTESIAN_POINT('',(-66.5079808550162,-57.4749999999999,7.));
#3898=CARTESIAN_POINT('',(-79.5001972128215,-57.4749999999999,7.));
#3899=CARTESIAN_POINT('',(-66.5079808550162,-57.4749999999999,7.));
#3900=CARTESIAN_POINT('',(-66.5079808550162,-57.4749999999999,1.3));
#3901=CARTESIAN_POINT('',(-66.5079808550162,-50.4749999999999,1.3));
#3902=CARTESIAN_POINT('',(-66.5079808550162,-50.4749999999999,7.));
#3903=CARTESIAN_POINT('',(-66.5079808550162,-50.4749999999999,7.));
#3904=CARTESIAN_POINT('',(-66.5079808550162,-57.4749999999999,7.));
#3905=CARTESIAN_POINT('',(-66.5079808550162,-50.4749999999999,7.));
#3906=CARTESIAN_POINT('',(-66.5079808550162,-50.4749999999999,1.3));
#3907=CARTESIAN_POINT('',(-66.5079808550162,-50.4749999999999,7.));
#3908=CARTESIAN_POINT('',(0.,0.,7.));
#3909=CARTESIAN_POINT('',(0.,0.,1.3));
#3910=CARTESIAN_POINT('',(-74.206304199581,57.4750000000001,5.2));
#3911=CARTESIAN_POINT('',(-74.206304199581,57.4750000000001,1.3));
#3912=CARTESIAN_POINT('',(-74.206304199581,57.4750000000001,1.3));
#3913=CARTESIAN_POINT('',(-74.206304199581,52.4750000000001,1.3));
#3914=CARTESIAN_POINT('',(-74.206304199581,52.4750000000001,5.2));
#3915=CARTESIAN_POINT('',(-74.206304199581,52.4750000000001,5.2));
#3916=CARTESIAN_POINT('',(-74.206304199581,57.4750000000001,5.2));
#3917=CARTESIAN_POINT('',(-74.206304199581,57.4750000000001,5.2));
#3918=CARTESIAN_POINT('',(-74.206304199581,57.4750000000001,5.2));
#3919=CARTESIAN_POINT('',(-74.206304199581,52.4750000000001,5.2));
#3920=CARTESIAN_POINT('',(-74.206304199581,52.4750000000001,1.3));
#3921=CARTESIAN_POINT('',(-64.1693737055893,52.4750000000001,1.3));
#3922=CARTESIAN_POINT('',(-64.1693737055893,52.4750000000001,5.2));
#3923=CARTESIAN_POINT('',(-64.1693737055893,52.4750000000001,5.2));
#3924=CARTESIAN_POINT('',(-74.206304199581,52.4750000000001,5.2));
#3925=CARTESIAN_POINT('',(-64.1693737055893,52.4750000000001,5.2));
#3926=CARTESIAN_POINT('',(-64.1693737055893,52.4750000000001,1.3));
#3927=CARTESIAN_POINT('',(-64.1693737055894,57.4750000000001,1.3));
#3928=CARTESIAN_POINT('',(-64.1693737055894,57.4750000000001,5.2));
#3929=CARTESIAN_POINT('',(-64.1693737055894,57.4750000000001,5.2));
#3930=CARTESIAN_POINT('',(-64.1693737055893,52.4750000000001,5.2));
#3931=CARTESIAN_POINT('',(-64.1693737055894,57.4750000000001,5.2));
#3932=CARTESIAN_POINT('',(-64.1693737055894,57.4750000000001,1.3));
#3933=CARTESIAN_POINT('',(-64.1693737055894,57.4750000000001,5.2));
#3934=CARTESIAN_POINT('',(0.,0.,5.2));
#3935=CARTESIAN_POINT('',(0.,0.,1.3));
#3936=CARTESIAN_POINT('',(-51.1,-2.08166817117217E-14,6.35));
#3937=CARTESIAN_POINT('',(-51.1,-2.08166817117217E-14,6.35));
#3938=CARTESIAN_POINT('',(-51.1,1.72499999999998,6.35));
#3939=CARTESIAN_POINT('',(-51.1,-2.08166817117217E-14,1.3));
#3940=CARTESIAN_POINT('',(-51.1,1.72499999999998,1.3));
#3941=CARTESIAN_POINT('',(-51.1,-2.08166817117217E-14,6.35));
#3942=CARTESIAN_POINT('',(-51.1,-2.08166817117217E-14,1.3));
#3943=CARTESIAN_POINT('',(-51.3830713903848,57.4750000000001,5.2));
#3944=CARTESIAN_POINT('',(-51.3830713903848,57.4750000000001,1.3));
#3945=CARTESIAN_POINT('',(-51.3830713903848,57.4750000000001,1.3));
#3946=CARTESIAN_POINT('',(-51.3830713903848,51.9750000000001,1.3));
#3947=CARTESIAN_POINT('',(-51.3830713903848,51.9750000000001,5.2));
#3948=CARTESIAN_POINT('',(-51.3830713903848,51.9750000000001,5.2));
#3949=CARTESIAN_POINT('',(-51.3830713903848,57.4750000000001,5.2));
#3950=CARTESIAN_POINT('',(-51.3830713903848,57.4750000000001,5.2));
#3951=CARTESIAN_POINT('',(-51.3830713903848,57.4750000000001,5.2));
#3952=CARTESIAN_POINT('',(-51.3830713903848,51.9750000000001,5.2));
#3953=CARTESIAN_POINT('',(-51.3830713903848,51.9750000000001,1.3));
#3954=CARTESIAN_POINT('',(-45.1779038709172,51.9750000000001,1.3));
#3955=CARTESIAN_POINT('',(-45.1779038709172,51.9750000000001,5.2));
#3956=CARTESIAN_POINT('',(-45.1779038709172,51.9750000000001,5.2));
#3957=CARTESIAN_POINT('',(-51.3830713903848,51.9750000000001,5.2));
#3958=CARTESIAN_POINT('',(-45.1779038709172,51.9750000000001,5.2));
#3959=CARTESIAN_POINT('',(-45.1779038709172,51.9750000000001,1.3));
#3960=CARTESIAN_POINT('',(-45.1779038709172,57.4750000000001,1.3));
#3961=CARTESIAN_POINT('',(-45.1779038709172,57.4750000000001,5.2));
#3962=CARTESIAN_POINT('',(-45.1779038709172,57.4750000000001,5.2));
#3963=CARTESIAN_POINT('',(-45.1779038709172,51.9750000000001,5.2));
#3964=CARTESIAN_POINT('',(-45.1779038709172,57.4750000000001,5.2));
#3965=CARTESIAN_POINT('',(-45.1779038709172,57.4750000000001,1.3));
#3966=CARTESIAN_POINT('',(-45.1779038709172,57.4750000000001,5.2));
#3967=CARTESIAN_POINT('',(0.,0.,5.2));
#3968=CARTESIAN_POINT('',(0.,0.,1.3));
#3969=CARTESIAN_POINT('',(-32.85,-1.38777878078145E-14,6.35));
#3970=CARTESIAN_POINT('',(-32.85,-1.38777878078145E-14,6.35));
#3971=CARTESIAN_POINT('',(-32.85,1.72499999999999,6.35));
#3972=CARTESIAN_POINT('',(-32.85,-1.38777878078145E-14,1.3));
#3973=CARTESIAN_POINT('',(-32.85,1.72499999999999,1.3));
#3974=CARTESIAN_POINT('',(-32.85,-1.38777878078145E-14,6.35));
#3975=CARTESIAN_POINT('',(-32.85,-1.38777878078145E-14,1.3));
#3976=CARTESIAN_POINT('',(-26.7094285329573,-40.3786483350508,8.8));
#3977=CARTESIAN_POINT('',(-26.7094285329573,-40.3786483350508,8.8));
#3978=CARTESIAN_POINT('',(-26.7094285329573,-37.2286483350508,8.8));
#3979=CARTESIAN_POINT('',(-26.7094285329573,-40.3786483350508,1.3));
#3980=CARTESIAN_POINT('',(-26.7094285329573,-37.2286483350508,1.3));
#3981=CARTESIAN_POINT('',(-26.7094285329573,-40.3786483350508,8.8));
#3982=CARTESIAN_POINT('',(-26.7094285329573,-40.3786483350508,1.3));
#3983=CARTESIAN_POINT('',(-43.6828525851504,57.4750000000001,5.2));
#3984=CARTESIAN_POINT('',(-43.6828525851504,57.4750000000001,1.3));
#3985=CARTESIAN_POINT('',(-43.6828525851504,57.4750000000001,1.3));
#3986=CARTESIAN_POINT('',(-43.6828525851504,51.8945534196635,1.3));
#3987=CARTESIAN_POINT('',(-43.6828525851504,51.8945534196635,5.2));
#3988=CARTESIAN_POINT('',(-43.6828525851504,51.8945534196635,5.2));
#3989=CARTESIAN_POINT('',(-43.6828525851504,57.4750000000001,5.2));
#3990=CARTESIAN_POINT('',(-43.6828525851504,57.4750000000001,5.2));
#3991=CARTESIAN_POINT('',(-43.6828525851504,57.4750000000001,5.2));
#3992=CARTESIAN_POINT('',(-43.6828525851504,51.8945534196635,5.2));
#3993=CARTESIAN_POINT('',(-43.6828525851504,51.8945534196635,1.3));
#3994=CARTESIAN_POINT('',(-28.0407596977183,51.8945534196635,1.3));
#3995=CARTESIAN_POINT('',(-28.0407596977183,51.8945534196635,5.2));
#3996=CARTESIAN_POINT('',(-28.0407596977183,51.8945534196635,5.2));
#3997=CARTESIAN_POINT('',(-43.6828525851504,51.8945534196635,5.2));
#3998=CARTESIAN_POINT('',(-28.0407596977183,51.8945534196635,5.2));
#3999=CARTESIAN_POINT('',(-28.0407596977183,51.8945534196635,1.3));
#4000=CARTESIAN_POINT('',(-28.0407596977183,57.4750000000001,1.3));
#4001=CARTESIAN_POINT('',(-28.0407596977183,57.4750000000001,5.2));
#4002=CARTESIAN_POINT('',(-28.0407596977183,57.4750000000001,5.2));
#4003=CARTESIAN_POINT('',(-28.0407596977183,51.8945534196635,5.2));
#4004=CARTESIAN_POINT('',(-28.0407596977183,57.4750000000001,5.2));
#4005=CARTESIAN_POINT('',(-28.0407596977183,57.4750000000001,1.3));
#4006=CARTESIAN_POINT('',(-28.0407596977183,57.4750000000001,5.2));
#4007=CARTESIAN_POINT('',(0.,0.,5.2));
#4008=CARTESIAN_POINT('',(0.,0.,1.3));
#4009=CARTESIAN_POINT('',(-77.7791401346954,-26.3602015492079,6.9));
#4010=CARTESIAN_POINT('',(-77.7791401346954,-26.3602015492079,6.9));
#4011=CARTESIAN_POINT('',(-77.7791401346954,-23.2102015492079,6.9));
#4012=CARTESIAN_POINT('',(-77.7791401346954,-26.3602015492079,1.3));
#4013=CARTESIAN_POINT('',(-77.7791401346954,-23.2102015492079,1.3));
#4014=CARTESIAN_POINT('',(-77.7791401346954,-26.3602015492079,6.9));
#4015=CARTESIAN_POINT('',(-77.7791401346954,-26.3602015492079,1.3));
#4016=CARTESIAN_POINT('',(-99.,-18.248978869686,1.3));
#4017=CARTESIAN_POINT('',(-99.,-18.248978869686,0.));
#4018=CARTESIAN_POINT('',(-99.,-18.248978869686,0.));
#4019=CARTESIAN_POINT('',(-99.,-58.0749999999999,0.));
#4020=CARTESIAN_POINT('',(-99.,-58.0749999999999,1.3));
#4021=CARTESIAN_POINT('',(-99.,-58.0749999999999,1.3));
#4022=CARTESIAN_POINT('',(-99.,-18.248978869686,1.3));
#4023=CARTESIAN_POINT('',(-99.,-18.248978869686,1.3));
#4024=CARTESIAN_POINT('',(-99.,-18.248978869686,1.3));
#4025=CARTESIAN_POINT('',(-99.,-58.0749999999999,1.3));
#4026=CARTESIAN_POINT('',(-99.,-58.0749999999999,0.));
#4027=CARTESIAN_POINT('',(-17.5,-58.075,0.));
#4028=CARTESIAN_POINT('',(-17.5,-58.075,1.3));
#4029=CARTESIAN_POINT('',(-17.5,-58.075,1.3));
#4030=CARTESIAN_POINT('',(-99.,-58.0749999999999,1.3));
#4031=CARTESIAN_POINT('',(-17.5000000000001,-58.075,1.3));
#4032=CARTESIAN_POINT('',(-17.5000000000001,-58.075,0.));
#4033=CARTESIAN_POINT('',(-8.60000000000013,-48.75,0.));
#4034=CARTESIAN_POINT('',(-8.60000000000013,-48.75,1.3));
#4035=CARTESIAN_POINT('',(-8.60000000000013,-48.75,1.3));
#4036=CARTESIAN_POINT('',(-17.5000000000001,-58.075,1.3));
#4037=CARTESIAN_POINT('',(-8.60000000000012,-48.75,1.3));
#4038=CARTESIAN_POINT('',(-8.60000000000012,-48.75,0.));
#4039=CARTESIAN_POINT('',(-8.60000000000006,-25.7500000000023,0.));
#4040=CARTESIAN_POINT('',(-8.60000000000006,-25.7500000000023,1.3));
#4041=CARTESIAN_POINT('',(-8.60000000000006,-25.7500000000023,1.3));
#4042=CARTESIAN_POINT('',(-8.60000000000012,-48.75,1.3));
#4043=CARTESIAN_POINT('',(-8.60000000000006,-25.7500000000023,1.3));
#4044=CARTESIAN_POINT('',(-8.60000000000006,-25.7500000000023,0.));
#4045=CARTESIAN_POINT('',(-6.07153216591882E-14,-25.7500000000023,0.));
#4046=CARTESIAN_POINT('',(-6.07153216591882E-14,-25.7500000000023,1.3));
#4047=CARTESIAN_POINT('',(-6.07153216591882E-14,-25.7500000000023,1.3));
#4048=CARTESIAN_POINT('',(-8.60000000000006,-25.7500000000023,1.3));
#4049=CARTESIAN_POINT('',(8.35004237507013E-15,-25.7500000000023,1.3));
#4050=CARTESIAN_POINT('',(8.35004237507013E-15,-25.7500000000023,0.));
#4051=CARTESIAN_POINT('',(-1.54074395550979E-30,25.7500000000023,0.));
#4052=CARTESIAN_POINT('',(-1.54074395550979E-30,25.7500000000023,1.3));
#4053=CARTESIAN_POINT('',(-1.54074395550979E-30,25.7500000000023,1.3));
#4054=CARTESIAN_POINT('',(8.35004237507013E-15,-25.7500000000023,1.3));
#4055=CARTESIAN_POINT('',(0.,25.7500000000023,1.3));
#4056=CARTESIAN_POINT('',(0.,25.7500000000023,0.));
#4057=CARTESIAN_POINT('',(-8.6,25.7500000000023,0.));
#4058=CARTESIAN_POINT('',(-8.6,25.7500000000023,1.3));
#4059=CARTESIAN_POINT('',(-8.6,25.7500000000023,1.3));
#4060=CARTESIAN_POINT('',(0.,25.7500000000023,1.3));
#4061=CARTESIAN_POINT('',(-8.6,25.7500000000023,1.3));
#4062=CARTESIAN_POINT('',(-8.6,25.7500000000023,0.));
#4063=CARTESIAN_POINT('',(-8.6,48.75,0.));
#4064=CARTESIAN_POINT('',(-8.6,48.75,1.3));
#4065=CARTESIAN_POINT('',(-8.6,48.75,1.3));
#4066=CARTESIAN_POINT('',(-8.6,25.7500000000023,1.3));
#4067=CARTESIAN_POINT('',(-8.60000000000001,48.75,1.3));
#4068=CARTESIAN_POINT('',(-8.60000000000001,48.75,0.));
#4069=CARTESIAN_POINT('',(-17.5,58.075,0.));
#4070=CARTESIAN_POINT('',(-17.5,58.075,1.3));
#4071=CARTESIAN_POINT('',(-17.5,58.075,1.3));
#4072=CARTESIAN_POINT('',(-8.60000000000001,48.75,1.3));
#4073=CARTESIAN_POINT('',(-17.5,58.075,1.3));
#4074=CARTESIAN_POINT('',(-17.5,58.075,0.));
#4075=CARTESIAN_POINT('',(-99.,58.0750000000001,0.));
#4076=CARTESIAN_POINT('',(-99.,58.0750000000001,1.3));
#4077=CARTESIAN_POINT('',(-99.,58.0750000000001,1.3));
#4078=CARTESIAN_POINT('',(-17.5,58.075,1.3));
#4079=CARTESIAN_POINT('',(-99.,58.0750000000001,1.3));
#4080=CARTESIAN_POINT('',(-99.,58.0750000000001,0.));
#4081=CARTESIAN_POINT('',(-99.,18.248978869686,0.));
#4082=CARTESIAN_POINT('',(-99.,18.248978869686,1.3));
#4083=CARTESIAN_POINT('',(-99.,18.248978869686,1.3));
#4084=CARTESIAN_POINT('',(-99.,58.0750000000001,1.3));
#4085=CARTESIAN_POINT('',(-125.286398958658,0.,1.3));
#4086=CARTESIAN_POINT('',(-125.286398958658,0.,0.));
#4087=CARTESIAN_POINT('',(-125.286398958658,0.,1.3));
#4088=CARTESIAN_POINT('',(-125.286398958658,0.,1.3));
#4089=CARTESIAN_POINT('',(-10.8919758701035,-21.7491582205099,1.3));
#4090=CARTESIAN_POINT('',(-10.8919758701035,-20.0491582205099,1.3));
#4091=CARTESIAN_POINT('',(-10.8919758701035,22.0716767199838,1.3));
#4092=CARTESIAN_POINT('',(-10.8919758701035,23.7716767199838,1.3));
#4093=CARTESIAN_POINT('',(-9.58366436290862,-11.7505571847461,1.3));
#4094=CARTESIAN_POINT('',(-9.58366436290862,-10.0505571847461,1.3));
#4095=CARTESIAN_POINT('',(-9.58366436290862,12.2335156718532,1.3));
#4096=CARTESIAN_POINT('',(-9.58366436290862,13.9335156718532,1.3));
#4097=CARTESIAN_POINT('',(-125.286398958658,0.,0.));
#4098=CARTESIAN_POINT('',(-10.8919758701035,-21.7491582205099,0.));
#4099=CARTESIAN_POINT('',(-12.5919758701035,-21.7491582205099,0.));
#4100=CARTESIAN_POINT('',(-10.8919758701035,22.0716767199838,0.));
#4101=CARTESIAN_POINT('',(-12.5919758701035,22.0716767199838,0.));
#4102=CARTESIAN_POINT('',(-9.58366436290862,-11.7505571847461,0.));
#4103=CARTESIAN_POINT('',(-11.2836643629086,-11.7505571847461,0.));
#4104=CARTESIAN_POINT('',(-9.58366436290862,12.2335156718532,0.));
#4105=CARTESIAN_POINT('',(-11.2836643629086,12.2335156718532,0.));
#4106=CARTESIAN_POINT('',(-9.58366436290862,12.2335156718532,-0.13));
#4107=CARTESIAN_POINT('',(-9.58366436290862,-11.7505571847461,-0.13));
#4108=CARTESIAN_POINT('',(-10.8919758701035,22.0716767199838,-0.13));
#4109=CARTESIAN_POINT('',(-10.8919758701035,-21.7491582205099,-0.13));
#4110=CARTESIAN_POINT('',(-52.4905947507799,-51.4458630312646,4.8));
#4111=CARTESIAN_POINT('',(-52.4905947507799,-51.4458630312646,1.3));
#4112=CARTESIAN_POINT('',(-52.4905947507799,-51.4458630312646,1.3));
#4113=CARTESIAN_POINT('',(-52.4905947507799,-57.4749999999999,1.3));
#4114=CARTESIAN_POINT('',(-52.4905947507799,-57.4749999999999,4.8));
#4115=CARTESIAN_POINT('',(-52.4905947507799,-57.4749999999999,4.8));
#4116=CARTESIAN_POINT('',(-52.4905947507799,-51.4458630312646,4.8));
#4117=CARTESIAN_POINT('',(-52.4905947507799,-51.4458630312646,4.8));
#4118=CARTESIAN_POINT('',(-52.4905947507799,-51.4458630312646,4.8));
#4119=CARTESIAN_POINT('',(-52.4905947507799,-57.4749999999999,4.8));
#4120=CARTESIAN_POINT('',(-52.4905947507799,-57.4749999999999,1.3));
#4121=CARTESIAN_POINT('',(-42.5172908472424,-57.4749999999999,1.3));
#4122=CARTESIAN_POINT('',(-42.5172908472424,-57.4749999999999,4.8));
#4123=CARTESIAN_POINT('',(-42.5172908472424,-57.4749999999999,4.8));
#4124=CARTESIAN_POINT('',(-52.4905947507799,-57.4749999999999,4.8));
#4125=CARTESIAN_POINT('',(-42.5172908472424,-57.4749999999999,4.8));
#4126=CARTESIAN_POINT('',(-42.5172908472424,-57.4749999999999,1.3));
#4127=CARTESIAN_POINT('',(-42.5172908472424,-51.4458630312646,1.3));
#4128=CARTESIAN_POINT('',(-42.5172908472424,-51.4458630312646,4.8));
#4129=CARTESIAN_POINT('',(-42.5172908472424,-51.4458630312646,4.8));
#4130=CARTESIAN_POINT('',(-42.5172908472424,-57.4749999999999,4.8));
#4131=CARTESIAN_POINT('',(-42.5172908472424,-51.4458630312646,4.8));
#4132=CARTESIAN_POINT('',(-42.5172908472424,-51.4458630312646,1.3));
#4133=CARTESIAN_POINT('',(-42.5172908472424,-51.4458630312646,4.8));
#4134=CARTESIAN_POINT('',(0.,0.,4.8));
#4135=CARTESIAN_POINT('',(0.,0.,1.3));
#4136=CARTESIAN_POINT('',(-98.4,-37.4704041123667,6.7));
#4137=CARTESIAN_POINT('',(-98.4,-37.4704041123667,1.3));
#4138=CARTESIAN_POINT('',(-98.4,-37.4704041123667,1.3));
#4139=CARTESIAN_POINT('',(-98.4,-48.8,1.3));
#4140=CARTESIAN_POINT('',(-98.4,-48.8,6.7));
#4141=CARTESIAN_POINT('',(-98.4,-48.8,6.7));
#4142=CARTESIAN_POINT('',(-98.4,-37.4704041123667,6.7));
#4143=CARTESIAN_POINT('',(-98.4,-37.4704041123667,6.7));
#4144=CARTESIAN_POINT('',(-98.4,-37.4704041123667,6.7));
#4145=CARTESIAN_POINT('',(-98.4,-48.8,6.7));
#4146=CARTESIAN_POINT('',(-98.4,-48.8,1.3));
#4147=CARTESIAN_POINT('',(-91.5,-48.8,1.3));
#4148=CARTESIAN_POINT('',(-91.5,-48.8,6.7));
#4149=CARTESIAN_POINT('',(-91.5,-48.8,6.7));
#4150=CARTESIAN_POINT('',(-98.4,-48.8,6.7));
#4151=CARTESIAN_POINT('',(-91.5,-48.8,6.7));
#4152=CARTESIAN_POINT('',(-91.5,-48.8,1.3));
#4153=CARTESIAN_POINT('',(-91.5,-37.4704041123667,1.3));
#4154=CARTESIAN_POINT('',(-91.5,-37.4704041123667,6.7));
#4155=CARTESIAN_POINT('',(-91.5,-37.4704041123667,6.7));
#4156=CARTESIAN_POINT('',(-91.5,-48.8,6.7));
#4157=CARTESIAN_POINT('',(-91.5,-37.4704041123667,6.7));
#4158=CARTESIAN_POINT('',(-91.5,-37.4704041123667,1.3));
#4159=CARTESIAN_POINT('',(-91.5,-37.4704041123667,6.7));
#4160=CARTESIAN_POINT('',(0.,0.,6.7));
#4161=CARTESIAN_POINT('',(0.,0.,1.3));
#4162=CARTESIAN_POINT('',(-54.15,3.04999999999998,4.9));
#4163=CARTESIAN_POINT('',(-54.15,3.04999999999998,1.3));
#4164=CARTESIAN_POINT('',(-54.15,3.04999999999998,1.3));
#4165=CARTESIAN_POINT('',(-54.15,-3.05000000000002,1.3));
#4166=CARTESIAN_POINT('',(-54.15,-3.05000000000002,4.9));
#4167=CARTESIAN_POINT('',(-54.15,-3.05000000000002,4.9));
#4168=CARTESIAN_POINT('',(-54.15,3.04999999999998,4.9));
#4169=CARTESIAN_POINT('',(-54.15,3.04999999999998,4.9));
#4170=CARTESIAN_POINT('',(-54.15,3.04999999999998,4.9));
#4171=CARTESIAN_POINT('',(-54.15,-3.05000000000002,4.9));
#4172=CARTESIAN_POINT('',(-54.15,-3.05000000000002,1.3));
#4173=CARTESIAN_POINT('',(-48.05,-3.05000000000002,1.3));
#4174=CARTESIAN_POINT('',(-48.05,-3.05000000000002,4.9));
#4175=CARTESIAN_POINT('',(-48.05,-3.05000000000002,4.9));
#4176=CARTESIAN_POINT('',(-54.15,-3.05000000000002,4.9));
#4177=CARTESIAN_POINT('',(-48.05,-3.05000000000002,4.9));
#4178=CARTESIAN_POINT('',(-48.05,-3.05000000000002,1.3));
#4179=CARTESIAN_POINT('',(-48.05,3.04999999999998,1.3));
#4180=CARTESIAN_POINT('',(-48.05,3.04999999999998,4.9));
#4181=CARTESIAN_POINT('',(-48.05,3.04999999999998,4.9));
#4182=CARTESIAN_POINT('',(-48.05,-3.05000000000002,4.9));
#4183=CARTESIAN_POINT('',(-48.05,3.04999999999998,4.9));
#4184=CARTESIAN_POINT('',(-48.05,3.04999999999998,1.3));
#4185=CARTESIAN_POINT('',(-48.05,3.04999999999998,4.9));
#4186=CARTESIAN_POINT('',(0.,0.,4.9));
#4187=CARTESIAN_POINT('',(0.,0.,1.3));
#4188=CARTESIAN_POINT('',(-35.9,3.04999999999999,4.9));
#4189=CARTESIAN_POINT('',(-35.9,3.04999999999999,1.3));
#4190=CARTESIAN_POINT('',(-35.9,3.04999999999999,1.3));
#4191=CARTESIAN_POINT('',(-35.9,-3.05000000000001,1.3));
#4192=CARTESIAN_POINT('',(-35.9,-3.05000000000001,4.9));
#4193=CARTESIAN_POINT('',(-35.9,-3.05000000000001,4.9));
#4194=CARTESIAN_POINT('',(-35.9,3.04999999999999,4.9));
#4195=CARTESIAN_POINT('',(-35.9,3.04999999999999,4.9));
#4196=CARTESIAN_POINT('',(-35.9,3.04999999999999,4.9));
#4197=CARTESIAN_POINT('',(-35.9,-3.05000000000001,4.9));
#4198=CARTESIAN_POINT('',(-35.9,-3.05000000000001,1.3));
#4199=CARTESIAN_POINT('',(-29.8,-3.05000000000002,1.3));
#4200=CARTESIAN_POINT('',(-29.8,-3.05000000000002,4.9));
#4201=CARTESIAN_POINT('',(-29.8,-3.05000000000002,4.9));
#4202=CARTESIAN_POINT('',(-35.9,-3.05000000000001,4.9));
#4203=CARTESIAN_POINT('',(-29.8,-3.05000000000002,4.9));
#4204=CARTESIAN_POINT('',(-29.8,-3.05000000000002,1.3));
#4205=CARTESIAN_POINT('',(-29.8,3.04999999999999,1.3));
#4206=CARTESIAN_POINT('',(-29.8,3.04999999999999,4.9));
#4207=CARTESIAN_POINT('',(-29.8,3.04999999999999,4.9));
#4208=CARTESIAN_POINT('',(-29.8,-3.05000000000002,4.9));
#4209=CARTESIAN_POINT('',(-29.8,3.04999999999999,4.9));
#4210=CARTESIAN_POINT('',(-29.8,3.04999999999999,1.3));
#4211=CARTESIAN_POINT('',(-29.8,3.04999999999999,4.9));
#4212=CARTESIAN_POINT('',(0.,0.,4.9));
#4213=CARTESIAN_POINT('',(0.,0.,1.3));
#4214=CARTESIAN_POINT('',(-97.888614043512,34.844442312537,4.9));
#4215=CARTESIAN_POINT('',(-97.888614043512,34.844442312537,1.3));
#4216=CARTESIAN_POINT('',(-97.888614043512,34.844442312537,1.3));
#4217=CARTESIAN_POINT('',(-97.888614043512,28.794442312537,1.3));
#4218=CARTESIAN_POINT('',(-97.888614043512,28.794442312537,4.9));
#4219=CARTESIAN_POINT('',(-97.888614043512,28.794442312537,4.9));
#4220=CARTESIAN_POINT('',(-97.888614043512,34.844442312537,4.9));
#4221=CARTESIAN_POINT('',(-97.888614043512,34.844442312537,4.9));
#4222=CARTESIAN_POINT('',(-97.888614043512,34.844442312537,4.9));
#4223=CARTESIAN_POINT('',(-97.888614043512,28.794442312537,4.9));
#4224=CARTESIAN_POINT('',(-97.888614043512,28.794442312537,1.3));
#4225=CARTESIAN_POINT('',(-92.838614043512,28.794442312537,1.3));
#4226=CARTESIAN_POINT('',(-92.838614043512,28.794442312537,4.9));
#4227=CARTESIAN_POINT('',(-92.838614043512,28.794442312537,4.9));
#4228=CARTESIAN_POINT('',(-97.888614043512,28.794442312537,4.9));
#4229=CARTESIAN_POINT('',(-92.838614043512,28.794442312537,4.9));
#4230=CARTESIAN_POINT('',(-92.838614043512,28.794442312537,1.3));
#4231=CARTESIAN_POINT('',(-92.838614043512,34.844442312537,1.3));
#4232=CARTESIAN_POINT('',(-92.838614043512,34.844442312537,4.9));
#4233=CARTESIAN_POINT('',(-92.838614043512,34.844442312537,4.9));
#4234=CARTESIAN_POINT('',(-92.838614043512,28.794442312537,4.9));
#4235=CARTESIAN_POINT('',(-92.838614043512,34.844442312537,4.9));
#4236=CARTESIAN_POINT('',(-92.838614043512,34.844442312537,1.3));
#4237=CARTESIAN_POINT('',(-92.838614043512,34.844442312537,4.9));
#4238=CARTESIAN_POINT('',(0.,0.,4.9));
#4239=CARTESIAN_POINT('',(0.,0.,1.3));
#4240=CARTESIAN_POINT('',(-7.14078839594648,-7.75847277701035,-10.));
#4241=CARTESIAN_POINT('',(-7.14078839594648,-7.75847277701035,-1.3));
#4242=CARTESIAN_POINT('',(-7.14078839594648,-7.75847277701035,-1.3));
#4243=CARTESIAN_POINT('',(-7.14078839594648,-1.25847277701035,-1.3));
#4244=CARTESIAN_POINT('',(-7.14078839594648,-1.25847277701035,-10.));
#4245=CARTESIAN_POINT('',(-7.14078839594648,-1.25847277701035,-10.));
#4246=CARTESIAN_POINT('',(-7.14078839594648,-7.75847277701035,-10.));
#4247=CARTESIAN_POINT('',(-7.14078839594648,-7.75847277701035,-10.));
#4248=CARTESIAN_POINT('',(-7.14078839594648,-7.75847277701035,-10.));
#4249=CARTESIAN_POINT('',(-7.14078839594648,-1.25847277701035,-10.));
#4250=CARTESIAN_POINT('',(-7.14078839594648,-1.25847277701035,-1.3));
#4251=CARTESIAN_POINT('',(-0.640788395946476,-1.25847277701035,-1.3));
#4252=CARTESIAN_POINT('',(-0.640788395946476,-1.25847277701035,-10.));
#4253=CARTESIAN_POINT('',(-0.640788395946476,-1.25847277701035,-10.));
#4254=CARTESIAN_POINT('',(-7.14078839594648,-1.25847277701035,-10.));
#4255=CARTESIAN_POINT('',(-0.640788395946476,-1.25847277701035,-10.));
#4256=CARTESIAN_POINT('',(-0.640788395946476,-1.25847277701035,-1.3));
#4257=CARTESIAN_POINT('',(-0.640788395946476,-7.75847277701035,-1.3));
#4258=CARTESIAN_POINT('',(-0.640788395946476,-7.75847277701035,-10.));
#4259=CARTESIAN_POINT('',(-0.640788395946476,-7.75847277701035,-10.));
#4260=CARTESIAN_POINT('',(-0.640788395946476,-1.25847277701035,-10.));
#4261=CARTESIAN_POINT('',(-0.640788395946476,-7.75847277701035,-10.));
#4262=CARTESIAN_POINT('',(-0.640788395946476,-7.75847277701035,-1.3));
#4263=CARTESIAN_POINT('',(-0.640788395946476,-7.75847277701035,-10.));
#4264=CARTESIAN_POINT('',(0.,0.,-10.));
#4265=CARTESIAN_POINT('',(0.,0.,-1.3));
#4266=MECHANICAL_DESIGN_GEOMETRIC_PRESENTATION_REPRESENTATION('',(#2481,
#2482,#2483,#2484,#2485,#2486,#2487,#2488,#2489,#2490,#2491,#2492,#2493,
#2494,#2495,#2496,#2497,#2498,#2499,#2500,#2501,#2502,#2503,#2504,#2505,
#2506,#2507,#2508,#2509),#4267);
#4267=(
GEOMETRIC_REPRESENTATION_CONTEXT(3)
GLOBAL_UNCERTAINTY_ASSIGNED_CONTEXT((#4268))
GLOBAL_UNIT_ASSIGNED_CONTEXT((#4271,#4270,#4269))
REPRESENTATION_CONTEXT('E01-01','TOP_LEVEL_ASSEMBLY_PART')
);
#4268=UNCERTAINTY_MEASURE_WITH_UNIT(LENGTH_MEASURE(0.005),#4271,
'DISTANCE_ACCURACY_VALUE','Maximum Tolerance applied to model');
#4269=(
NAMED_UNIT(*)
SI_UNIT($,.STERADIAN.)
SOLID_ANGLE_UNIT()
);
#4270=(
NAMED_UNIT(*)
PLANE_ANGLE_UNIT()
SI_UNIT($,.RADIAN.)
);
#4271=(
LENGTH_UNIT()
NAMED_UNIT(*)
SI_UNIT(.MILLI.,.METRE.)
);
#4272=PRODUCT_DEFINITION_SHAPE('','',#4273);
#4273=PRODUCT_DEFINITION('','',#4275,#4274);
#4274=PRODUCT_DEFINITION_CONTEXT('',#4281,'design');
#4275=PRODUCT_DEFINITION_FORMATION_WITH_SPECIFIED_SOURCE('','',#4277,
 .NOT_KNOWN.);
#4276=PRODUCT_RELATED_PRODUCT_CATEGORY('','',(#4277));
#4277=PRODUCT('E01-01','E01-01','E01-01',(#4279));
#4278=PRODUCT_CATEGORY('','');
#4279=PRODUCT_CONTEXT('',#4281,'mechanical');
#4280=APPLICATION_PROTOCOL_DEFINITION('international standard',
'ap242_managed_model_based_3d_engineering',2020,#4281);
#4281=APPLICATION_CONTEXT('managed model based 3d engineering');
ENDSEC;
END-ISO-10303-21;
