ISO-10303-21;
HEADER;
/* Generated by software containing ST-Developer
 * from STEP Tools, Inc. (www.steptools.com) 
 */
/* OPTION: using custom renumber hook */

FILE_DESCRIPTION(
/* description */ (
'CAx-IF Rec.Pracs.---Representation and Presentation of Product Manufa
cturing Information (PMI)---4.0---2014-10-13',
'CAx-IF Rec.Pracs.---3D Tessellated Geometry---0.4---2014-09-14','2;1'),

/* implementation_level */ '2;1');

FILE_NAME(
/* name */ 'E07-02',
/* time_stamp */ '2026-04-13T01:14:51+03:00',
/* author */ (''),
/* organization */ (''),
/* preprocessor_version */ 'ST-DEVELOPER v18.102',
/* originating_system */ 'SIEMENS PLM Software NX2206.9140',
/* authorisation */ $);

FILE_SCHEMA (('AP242_MANAGED_MODEL_BASED_3D_ENGINEERING_MIM_LF { 1 0 10303 442 3 1 4 }'));
ENDSEC;

DATA;
#10=SHAPE_REPRESENTATION_RELATIONSHIP('','',#3219,#11);
#11=ADVANCED_BREP_SHAPE_REPRESENTATION('',(#3217),#5499);
#12=SPHERICAL_SURFACE('',#3348,0.2);
#13=SPHERICAL_SURFACE('',#3354,0.2);
#14=SPHERICAL_SURFACE('',#3422,0.2);
#15=SPHERICAL_SURFACE('',#3428,0.2);
#16=ELLIPSE('',#3272,0.278158420188077,0.2);
#17=ELLIPSE('',#3273,0.278158420188077,0.2);
#18=ELLIPSE('',#3280,0.278158420188077,0.2);
#19=ELLIPSE('',#3281,0.278158420188077,0.2);
#20=ELLIPSE('',#3293,11.7753557947133,0.2);
#21=ELLIPSE('',#3294,11.7753557947133,0.2);
#22=ELLIPSE('',#3313,0.200532413141985,0.2);
#23=ELLIPSE('',#3314,0.200532413141985,0.2);
#24=ELLIPSE('',#3381,0.278158420188077,0.2);
#25=ELLIPSE('',#3382,0.278158420188077,0.2);
#26=B_SPLINE_CURVE_WITH_KNOTS('',3,(#4434,#4435,#4436,#4437),
 .UNSPECIFIED.,.F.,.F.,(4,4),(0.,1.),.PIECEWISE_BEZIER_KNOTS.);
#27=B_SPLINE_CURVE_WITH_KNOTS('',3,(#4440,#4441,#4442,#4443),
 .UNSPECIFIED.,.F.,.F.,(4,4),(0.00210484129359837,0.00244641192201001),
 .UNSPECIFIED.);
#28=B_SPLINE_CURVE_WITH_KNOTS('',3,(#4445,#4446,#4447,#4448,#4449,#4450,
#4451),.UNSPECIFIED.,.F.,.F.,(4,1,1,1,4),(0.0136521601500402,0.021450160367842,
0.0292481605856437,0.0370461608034454,0.0448441610212472),.UNSPECIFIED.);
#29=B_SPLINE_CURVE_WITH_KNOTS('',3,(#4459,#4460,#4461,#4462,#4463,#4464,
#4465),.UNSPECIFIED.,.F.,.F.,(4,1,1,1,4),(0.132512851419461,0.140842733341619,
0.149172615263777,0.157502497185934,0.165832379108092),.UNSPECIFIED.);
#30=B_SPLINE_CURVE_WITH_KNOTS('',3,(#4741,#4742,#4743,#4744),
 .UNSPECIFIED.,.F.,.F.,(4,4),(0.0835993234946962,0.951562348089431),
 .UNSPECIFIED.);
#31=B_SPLINE_CURVE_WITH_KNOTS('',3,(#4748,#4749,#4750,#4751),
 .UNSPECIFIED.,.F.,.F.,(4,4),(0.0835993234946962,0.951562348089427),
 .UNSPECIFIED.);
#32=B_SPLINE_CURVE_WITH_KNOTS('',3,(#4792,#4793,#4794,#4795),
 .UNSPECIFIED.,.F.,.F.,(4,4),(1.73472347597681E-17,0.00986911649527165),
 .UNSPECIFIED.);
#33=B_SPLINE_CURVE_WITH_KNOTS('',3,(#4800,#4801,#4802,#4803,#4804,#4805),
 .UNSPECIFIED.,.F.,.F.,(4,1,1,4),(0.0624417163491236,0.0699785730998484,
0.0775154298505733,0.092589143352023),.UNSPECIFIED.);
#34=B_SPLINE_CURVE_WITH_KNOTS('',3,(#4808,#4809,#4810,#4811,#4812,#4813,
#4814),.UNSPECIFIED.,.F.,.F.,(4,1,1,1,4),(0.132512851419461,0.140842733341619,
0.149172615263776,0.157502497185934,0.165832379108092),.UNSPECIFIED.);
#35=B_SPLINE_CURVE_WITH_KNOTS('',3,(#4818,#4819,#4820,#4821,#4822,#4823),
 .UNSPECIFIED.,.F.,.F.,(4,1,1,4),(0.0624417163491227,0.0699785730998476,
0.0775154298505725,0.0925891433520223),.UNSPECIFIED.);
#36=B_SPLINE_CURVE_WITH_KNOTS('',3,(#4826,#4827,#4828,#4829,#4830,#4831),
 .UNSPECIFIED.,.F.,.F.,(4,1,1,4),(0.0120057578527146,0.0191238106360377,
0.0262418634193609,0.0404779689860073),.UNSPECIFIED.);
#37=B_SPLINE_CURVE_WITH_KNOTS('',3,(#4833,#4834,#4835,#4836,#4837,#4838),
 .UNSPECIFIED.,.F.,.F.,(4,1,1,4),(0.0599602010683839,0.0671020834444764,
0.0742439658205689,0.0885277305727538),.UNSPECIFIED.);
#38=B_SPLINE_CURVE_WITH_KNOTS('',3,(#4842,#4843,#4844,#4845),
 .UNSPECIFIED.,.F.,.F.,(4,4),(0.000587888146149573,0.000929381301139899),
 .UNSPECIFIED.);
#39=B_SPLINE_CURVE_WITH_KNOTS('',3,(#4847,#4848,#4849,#4850,#4851,#4852,
#4853),.UNSPECIFIED.,.F.,.F.,(4,1,1,1,4),(0.0669069742818446,0.0747755111530868,
0.082644048024329,0.0905125848955712,0.0983811217668134),.UNSPECIFIED.);
#40=B_SPLINE_CURVE_WITH_KNOTS('',3,(#4859,#4860,#4861,#4862),
 .UNSPECIFIED.,.F.,.F.,(4,4),(6.93889390390723E-18,0.00953331872631503),
 .UNSPECIFIED.);
#41=B_SPLINE_CURVE_WITH_KNOTS('',3,(#4878,#4879,#4880,#4881),
 .UNSPECIFIED.,.F.,.F.,(4,4),(0.,0.00260122790332137),.UNSPECIFIED.);
#42=B_SPLINE_CURVE_WITH_KNOTS('',3,(#4889,#4890,#4891,#4892),
 .UNSPECIFIED.,.F.,.F.,(4,4),(0.00390184639467067,0.00650309262646292),
 .UNSPECIFIED.);
#43=B_SPLINE_CURVE_WITH_KNOTS('',3,(#4896,#4897,#4898,#4899),
 .UNSPECIFIED.,.F.,.F.,(4,4),(2.42861286636753E-17,0.0097542945821479),
 .UNSPECIFIED.);
#44=B_SPLINE_CURVE_WITH_KNOTS('',3,(#4943,#4944,#4945,#4946),
 .UNSPECIFIED.,.F.,.F.,(4,4),(2.22152998685417E-17,0.00194810871790891),
 .UNSPECIFIED.);
#45=B_SPLINE_CURVE_WITH_KNOTS('',3,(#4948,#4949,#4950,#4951),
 .UNSPECIFIED.,.F.,.F.,(4,4),(2.08166817117217E-17,0.00130046491695244),
 .UNSPECIFIED.);
#46=B_SPLINE_CURVE_WITH_KNOTS('',3,(#4953,#4954,#4955,#4956),
 .UNSPECIFIED.,.F.,.F.,(4,4),(1.84403634944074E-17,0.00194361714853935),
 .UNSPECIFIED.);
#47=B_SPLINE_CURVE_WITH_KNOTS('',3,(#4957,#4958,#4959,#4960),
 .UNSPECIFIED.,.F.,.F.,(4,4),(0.0200017002149247,0.0495042071792028),
 .UNSPECIFIED.);
#48=B_SPLINE_CURVE_WITH_KNOTS('',3,(#4962,#4963,#4964,#4965),
 .UNSPECIFIED.,.F.,.F.,(4,4),(0.,0.00964390998813009),.UNSPECIFIED.);
#49=B_SPLINE_CURVE_WITH_KNOTS('',3,(#4967,#4968,#4969,#4970),
 .UNSPECIFIED.,.F.,.F.,(4,4),(0.00390193712527274,0.00650324547918707),
 .UNSPECIFIED.);
#50=B_SPLINE_CURVE_WITH_KNOTS('',3,(#4972,#4973,#4974,#4975),
 .UNSPECIFIED.,.F.,.F.,(4,4),(4.44305997370834E-17,0.00292368308617217),
 .UNSPECIFIED.);
#51=B_SPLINE_CURVE_WITH_KNOTS('',3,(#4977,#4978,#4979,#4980),
 .UNSPECIFIED.,.F.,.F.,(4,4),(1.73472347597681E-18,0.00130043045865838),
 .UNSPECIFIED.);
#52=B_SPLINE_CURVE_WITH_KNOTS('',3,(#4982,#4983,#4984,#4985),
 .UNSPECIFIED.,.F.,.F.,(4,4),(2.08888368040261E-17,0.00291730186513593),
 .UNSPECIFIED.);
#53=B_SPLINE_CURVE_WITH_KNOTS('',3,(#4987,#4988,#4989,#4990),
 .UNSPECIFIED.,.F.,.F.,(4,4),(0.,0.00260128806838204),.UNSPECIFIED.);
#54=B_SPLINE_CURVE_WITH_KNOTS('',3,(#4991,#4992,#4993,#4994),
 .UNSPECIFIED.,.F.,.F.,(4,4),(0.0560047594366705,0.0622100604296473),
 .UNSPECIFIED.);
#55=B_SPLINE_CURVE_WITH_KNOTS('',3,(#4995,#4996,#4997,#4998),
 .UNSPECIFIED.,.F.,.F.,(4,4),(0.000100008502335766,0.0135011476993948),
 .UNSPECIFIED.);
#56=B_SPLINE_CURVE_WITH_KNOTS('',3,(#5059,#5060,#5061,#5062),
 .UNSPECIFIED.,.F.,.F.,(4,4),(0.,0.000446951406668446),.UNSPECIFIED.);
#57=B_SPLINE_CURVE_WITH_KNOTS('',3,(#5063,#5064,#5065,#5066),
 .UNSPECIFIED.,.F.,.F.,(4,4),(0.,0.000446951406668447),.UNSPECIFIED.);
#58=B_SPLINE_CURVE_WITH_KNOTS('',3,(#5069,#5070,#5071,#5072),
 .UNSPECIFIED.,.F.,.F.,(4,4),(4.47028007668187E-19,0.000446951406668447),
 .UNSPECIFIED.);
#59=B_SPLINE_CURVE_WITH_KNOTS('',3,(#5073,#5074,#5075,#5076),
 .UNSPECIFIED.,.F.,.F.,(4,4),(4.47028007668187E-19,0.000446951406668447),
 .UNSPECIFIED.);
#60=B_SPLINE_CURVE_WITH_KNOTS('',3,(#5160,#5161,#5162,#5163),
 .UNSPECIFIED.,.F.,.F.,(4,4),(0.,1.),.PIECEWISE_BEZIER_KNOTS.);
#61=B_SPLINE_CURVE_WITH_KNOTS('',3,(#5248,#5249,#5250,#5251),
 .UNSPECIFIED.,.F.,.F.,(4,4),(1.73472347597681E-17,0.00986911649527165),
 .UNSPECIFIED.);
#62=B_SPLINE_CURVE_WITH_KNOTS('',3,(#5258,#5259,#5260,#5261),
 .UNSPECIFIED.,.F.,.F.,(4,4),(6.93889390390723E-18,0.00953331872631503),
 .UNSPECIFIED.);
#63=B_SPLINE_CURVE_WITH_KNOTS('',3,(#5265,#5266,#5267,#5268),
 .UNSPECIFIED.,.F.,.F.,(4,4),(0.00390184639467067,0.00650309262646292),
 .UNSPECIFIED.);
#64=B_SPLINE_CURVE_WITH_KNOTS('',3,(#5276,#5277,#5278,#5279),
 .UNSPECIFIED.,.F.,.F.,(4,4),(0.,0.00260122790332137),.UNSPECIFIED.);
#65=B_SPLINE_CURVE_WITH_KNOTS('',3,(#5293,#5294,#5295,#5296),
 .UNSPECIFIED.,.F.,.F.,(4,4),(2.42861286636753E-17,0.0097542945821479),
 .UNSPECIFIED.);
#66=B_SPLINE_CURVE_WITH_KNOTS('',3,(#5340,#5341,#5342,#5343),
 .UNSPECIFIED.,.F.,.F.,(4,4),(2.22152998685417E-17,0.00194810871790891),
 .UNSPECIFIED.);
#67=B_SPLINE_CURVE_WITH_KNOTS('',3,(#5345,#5346,#5347,#5348),
 .UNSPECIFIED.,.F.,.F.,(4,4),(0.000100008502335766,0.0135011476993948),
 .UNSPECIFIED.);
#68=B_SPLINE_CURVE_WITH_KNOTS('',3,(#5349,#5350,#5351,#5352),
 .UNSPECIFIED.,.F.,.F.,(4,4),(0.0560047594366705,0.0622100604296477),
 .UNSPECIFIED.);
#69=B_SPLINE_CURVE_WITH_KNOTS('',3,(#5353,#5354,#5355,#5356),
 .UNSPECIFIED.,.F.,.F.,(4,4),(0.,0.00260128806838204),.UNSPECIFIED.);
#70=B_SPLINE_CURVE_WITH_KNOTS('',3,(#5358,#5359,#5360,#5361),
 .UNSPECIFIED.,.F.,.F.,(4,4),(2.08888368040261E-17,0.00291730186513593),
 .UNSPECIFIED.);
#71=B_SPLINE_CURVE_WITH_KNOTS('',3,(#5363,#5364,#5365,#5366),
 .UNSPECIFIED.,.F.,.F.,(4,4),(1.73472347597681E-18,0.00130043045865838),
 .UNSPECIFIED.);
#72=B_SPLINE_CURVE_WITH_KNOTS('',3,(#5368,#5369,#5370,#5371),
 .UNSPECIFIED.,.F.,.F.,(4,4),(4.44305997370834E-17,0.00292368308617217),
 .UNSPECIFIED.);
#73=B_SPLINE_CURVE_WITH_KNOTS('',3,(#5373,#5374,#5375,#5376),
 .UNSPECIFIED.,.F.,.F.,(4,4),(0.00390193712527274,0.00650324547918707),
 .UNSPECIFIED.);
#74=B_SPLINE_CURVE_WITH_KNOTS('',3,(#5378,#5379,#5380,#5381),
 .UNSPECIFIED.,.F.,.F.,(4,4),(0.,0.00964390998813009),.UNSPECIFIED.);
#75=B_SPLINE_CURVE_WITH_KNOTS('',3,(#5383,#5384,#5385,#5386),
 .UNSPECIFIED.,.F.,.F.,(4,4),(0.0200017002149247,0.0495042071792028),
 .UNSPECIFIED.);
#76=B_SPLINE_CURVE_WITH_KNOTS('',3,(#5387,#5388,#5389,#5390),
 .UNSPECIFIED.,.F.,.F.,(4,4),(1.84403634944074E-17,0.00194361714853935),
 .UNSPECIFIED.);
#77=B_SPLINE_CURVE_WITH_KNOTS('',3,(#5392,#5393,#5394,#5395),
 .UNSPECIFIED.,.F.,.F.,(4,4),(2.08166817117217E-17,0.00130046491695244),
 .UNSPECIFIED.);
#78=B_SPLINE_CURVE_WITH_KNOTS('',3,(#5456,#5457,#5458,#5459),
 .UNSPECIFIED.,.F.,.F.,(4,4),(0.,0.000446951406668447),.UNSPECIFIED.);
#79=B_SPLINE_CURVE_WITH_KNOTS('',3,(#5460,#5461,#5462,#5463),
 .UNSPECIFIED.,.F.,.F.,(4,4),(0.,0.000446951406668446),.UNSPECIFIED.);
#80=B_SPLINE_SURFACE_WITH_KNOTS('',3,3,((#4390,#4391,#4392,#4393,#4394,
#4395,#4396,#4397,#4398,#4399,#4400),(#4401,#4402,#4403,#4404,#4405,#4406,
#4407,#4408,#4409,#4410,#4411),(#4412,#4413,#4414,#4415,#4416,#4417,#4418,
#4419,#4420,#4421,#4422),(#4423,#4424,#4425,#4426,#4427,#4428,#4429,#4430,
#4431,#4432,#4433)),.RULED_SURF.,.F.,.F.,.F.,(4,4),(4,1,1,1,1,1,1,1,4),
(0.0840659340659372,0.95878498277861),(0.,0.125,0.25,0.375,0.5,0.625,0.75,
0.875,1.),.UNSPECIFIED.);
#81=B_SPLINE_SURFACE_WITH_KNOTS('',3,3,((#4915,#4916,#4917,#4918,#4919,
#4920,#4921),(#4922,#4923,#4924,#4925,#4926,#4927,#4928),(#4929,#4930,#4931,
#4932,#4933,#4934,#4935),(#4936,#4937,#4938,#4939,#4940,#4941,#4942)),
 .UNSPECIFIED.,.F.,.F.,.F.,(4,4),(4,1,1,1,4),(0.0783896122177015,0.956770137766608),
(-9.33183512334629E-16,0.293837168609248,0.503720860472996,0.713604552336745,
1.00744172094599),.UNSPECIFIED.);
#82=B_SPLINE_SURFACE_WITH_KNOTS('',3,3,((#5116,#5117,#5118,#5119,#5120,
#5121,#5122,#5123,#5124,#5125,#5126),(#5127,#5128,#5129,#5130,#5131,#5132,
#5133,#5134,#5135,#5136,#5137),(#5138,#5139,#5140,#5141,#5142,#5143,#5144,
#5145,#5146,#5147,#5148),(#5149,#5150,#5151,#5152,#5153,#5154,#5155,#5156,
#5157,#5158,#5159)),.RULED_SURF.,.F.,.F.,.F.,(4,4),(4,1,1,1,1,1,1,1,4),
(0.0840659340659372,0.958784982778614),(0.,0.125,0.25,0.375,0.5,0.625,0.75,
0.875,1.),.UNSPECIFIED.);
#83=B_SPLINE_SURFACE_WITH_KNOTS('',3,3,((#5312,#5313,#5314,#5315,#5316,
#5317,#5318),(#5319,#5320,#5321,#5322,#5323,#5324,#5325),(#5326,#5327,#5328,
#5329,#5330,#5331,#5332),(#5333,#5334,#5335,#5336,#5337,#5338,#5339)),
 .UNSPECIFIED.,.F.,.F.,.F.,(4,4),(4,1,1,1,4),(0.0783903506386543,0.956770133362511),
(-6.11639866735905E-16,0.293837168609248,0.503720860472998,0.713604552336747,
1.007441720946),.UNSPECIFIED.);
#84=PLANE('',#3227);
#85=PLANE('',#3228);
#86=PLANE('',#3229);
#87=PLANE('',#3230);
#88=PLANE('',#3231);
#89=PLANE('',#3232);
#90=PLANE('',#3233);
#91=PLANE('',#3236);
#92=PLANE('',#3237);
#93=PLANE('',#3240);
#94=PLANE('',#3243);
#95=PLANE('',#3244);
#96=PLANE('',#3255);
#97=PLANE('',#3256);
#98=PLANE('',#3257);
#99=PLANE('',#3258);
#100=PLANE('',#3259);
#101=PLANE('',#3260);
#102=PLANE('',#3261);
#103=PLANE('',#3262);
#104=PLANE('',#3263);
#105=PLANE('',#3264);
#106=PLANE('',#3265);
#107=PLANE('',#3266);
#108=PLANE('',#3267);
#109=PLANE('',#3268);
#110=PLANE('',#3269);
#111=PLANE('',#3270);
#112=PLANE('',#3271);
#113=PLANE('',#3274);
#114=PLANE('',#3276);
#115=PLANE('',#3277);
#116=PLANE('',#3279);
#117=PLANE('',#3282);
#118=PLANE('',#3283);
#119=PLANE('',#3284);
#120=PLANE('',#3285);
#121=PLANE('',#3286);
#122=PLANE('',#3287);
#123=PLANE('',#3288);
#124=PLANE('',#3289);
#125=PLANE('',#3290);
#126=PLANE('',#3292);
#127=PLANE('',#3299);
#128=PLANE('',#3300);
#129=PLANE('',#3303);
#130=PLANE('',#3304);
#131=PLANE('',#3305);
#132=PLANE('',#3308);
#133=PLANE('',#3309);
#134=PLANE('',#3310);
#135=PLANE('',#3311);
#136=PLANE('',#3312);
#137=PLANE('',#3315);
#138=PLANE('',#3316);
#139=PLANE('',#3317);
#140=PLANE('',#3318);
#141=PLANE('',#3319);
#142=PLANE('',#3320);
#143=PLANE('',#3321);
#144=PLANE('',#3322);
#145=PLANE('',#3323);
#146=PLANE('',#3324);
#147=PLANE('',#3325);
#148=PLANE('',#3326);
#149=PLANE('',#3327);
#150=PLANE('',#3328);
#151=PLANE('',#3329);
#152=PLANE('',#3330);
#153=PLANE('',#3331);
#154=PLANE('',#3332);
#155=PLANE('',#3333);
#156=PLANE('',#3334);
#157=PLANE('',#3335);
#158=PLANE('',#3336);
#159=PLANE('',#3337);
#160=PLANE('',#3361);
#161=PLANE('',#3364);
#162=PLANE('',#3365);
#163=PLANE('',#3370);
#164=PLANE('',#3371);
#165=PLANE('',#3372);
#166=PLANE('',#3373);
#167=PLANE('',#3374);
#168=PLANE('',#3375);
#169=PLANE('',#3376);
#170=PLANE('',#3377);
#171=PLANE('',#3378);
#172=PLANE('',#3380);
#173=PLANE('',#3383);
#174=PLANE('',#3384);
#175=PLANE('',#3385);
#176=PLANE('',#3386);
#177=PLANE('',#3387);
#178=PLANE('',#3388);
#179=PLANE('',#3389);
#180=PLANE('',#3390);
#181=PLANE('',#3392);
#182=PLANE('',#3393);
#183=PLANE('',#3394);
#184=PLANE('',#3395);
#185=PLANE('',#3396);
#186=PLANE('',#3397);
#187=PLANE('',#3398);
#188=PLANE('',#3399);
#189=PLANE('',#3400);
#190=PLANE('',#3401);
#191=PLANE('',#3402);
#192=PLANE('',#3403);
#193=PLANE('',#3404);
#194=PLANE('',#3405);
#195=PLANE('',#3406);
#196=PLANE('',#3407);
#197=PLANE('',#3408);
#198=PLANE('',#3409);
#199=PLANE('',#3410);
#200=PLANE('',#3411);
#201=PLANE('',#3412);
#202=PLANE('',#3413);
#203=PLANE('',#3414);
#204=PLANE('',#3431);
#205=PLANE('',#3434);
#206=PLANE('',#3435);
#207=LINE('',#4239,#561);
#208=LINE('',#4243,#562);
#209=LINE('',#4248,#563);
#210=LINE('',#4252,#564);
#211=LINE('',#4254,#565);
#212=LINE('',#4255,#566);
#213=LINE('',#4257,#567);
#214=LINE('',#4259,#568);
#215=LINE('',#4261,#569);
#216=LINE('',#4263,#570);
#217=LINE('',#4265,#571);
#218=LINE('',#4268,#572);
#219=LINE('',#4269,#573);
#220=LINE('',#4271,#574);
#221=LINE('',#4273,#575);
#222=LINE('',#4275,#576);
#223=LINE('',#4277,#577);
#224=LINE('',#4280,#578);
#225=LINE('',#4282,#579);
#226=LINE('',#4284,#580);
#227=LINE('',#4286,#581);
#228=LINE('',#4291,#582);
#229=LINE('',#4293,#583);
#230=LINE('',#4295,#584);
#231=LINE('',#4298,#585);
#232=LINE('',#4300,#586);
#233=LINE('',#4302,#587);
#234=LINE('',#4304,#588);
#235=LINE('',#4307,#589);
#236=LINE('',#4308,#590);
#237=LINE('',#4312,#591);
#238=LINE('',#4314,#592);
#239=LINE('',#4318,#593);
#240=LINE('',#4321,#594);
#241=LINE('',#4323,#595);
#242=LINE('',#4325,#596);
#243=LINE('',#4327,#597);
#244=LINE('',#4329,#598);
#245=LINE('',#4331,#599);
#246=LINE('',#4333,#600);
#247=LINE('',#4335,#601);
#248=LINE('',#4337,#602);
#249=LINE('',#4339,#603);
#250=LINE('',#4341,#604);
#251=LINE('',#4343,#605);
#252=LINE('',#4351,#606);
#253=LINE('',#4352,#607);
#254=LINE('',#4360,#608);
#255=LINE('',#4361,#609);
#256=LINE('',#4363,#610);
#257=LINE('',#4365,#611);
#258=LINE('',#4369,#612);
#259=LINE('',#4373,#613);
#260=LINE('',#4375,#614);
#261=LINE('',#4377,#615);
#262=LINE('',#4381,#616);
#263=LINE('',#4385,#617);
#264=LINE('',#4387,#618);
#265=LINE('',#4389,#619);
#266=LINE('',#4453,#620);
#267=LINE('',#4455,#621);
#268=LINE('',#4457,#622);
#269=LINE('',#4467,#623);
#270=LINE('',#4470,#624);
#271=LINE('',#4472,#625);
#272=LINE('',#4474,#626);
#273=LINE('',#4476,#627);
#274=LINE('',#4478,#628);
#275=LINE('',#4480,#629);
#276=LINE('',#4482,#630);
#277=LINE('',#4484,#631);
#278=LINE('',#4486,#632);
#279=LINE('',#4488,#633);
#280=LINE('',#4490,#634);
#281=LINE('',#4492,#635);
#282=LINE('',#4494,#636);
#283=LINE('',#4497,#637);
#284=LINE('',#4499,#638);
#285=LINE('',#4501,#639);
#286=LINE('',#4503,#640);
#287=LINE('',#4506,#641);
#288=LINE('',#4508,#642);
#289=LINE('',#4510,#643);
#290=LINE('',#4512,#644);
#291=LINE('',#4515,#645);
#292=LINE('',#4517,#646);
#293=LINE('',#4519,#647);
#294=LINE('',#4521,#648);
#295=LINE('',#4524,#649);
#296=LINE('',#4526,#650);
#297=LINE('',#4528,#651);
#298=LINE('',#4530,#652);
#299=LINE('',#4533,#653);
#300=LINE('',#4535,#654);
#301=LINE('',#4537,#655);
#302=LINE('',#4539,#656);
#303=LINE('',#4542,#657);
#304=LINE('',#4544,#658);
#305=LINE('',#4546,#659);
#306=LINE('',#4548,#660);
#307=LINE('',#4550,#661);
#308=LINE('',#4552,#662);
#309=LINE('',#4554,#663);
#310=LINE('',#4555,#664);
#311=LINE('',#4557,#665);
#312=LINE('',#4559,#666);
#313=LINE('',#4561,#667);
#314=LINE('',#4563,#668);
#315=LINE('',#4565,#669);
#316=LINE('',#4567,#670);
#317=LINE('',#4569,#671);
#318=LINE('',#4571,#672);
#319=LINE('',#4573,#673);
#320=LINE('',#4575,#674);
#321=LINE('',#4577,#675);
#322=LINE('',#4579,#676);
#323=LINE('',#4581,#677);
#324=LINE('',#4583,#678);
#325=LINE('',#4586,#679);
#326=LINE('',#4590,#680);
#327=LINE('',#4594,#681);
#328=LINE('',#4596,#682);
#329=LINE('',#4598,#683);
#330=LINE('',#4601,#684);
#331=LINE('',#4603,#685);
#332=LINE('',#4605,#686);
#333=LINE('',#4607,#687);
#334=LINE('',#4609,#688);
#335=LINE('',#4611,#689);
#336=LINE('',#4617,#690);
#337=LINE('',#4621,#691);
#338=LINE('',#4623,#692);
#339=LINE('',#4625,#693);
#340=LINE('',#4627,#694);
#341=LINE('',#4629,#695);
#342=LINE('',#4632,#696);
#343=LINE('',#4634,#697);
#344=LINE('',#4636,#698);
#345=LINE('',#4638,#699);
#346=LINE('',#4640,#700);
#347=LINE('',#4642,#701);
#348=LINE('',#4644,#702);
#349=LINE('',#4646,#703);
#350=LINE('',#4648,#704);
#351=LINE('',#4649,#705);
#352=LINE('',#4651,#706);
#353=LINE('',#4653,#707);
#354=LINE('',#4655,#708);
#355=LINE('',#4657,#709);
#356=LINE('',#4659,#710);
#357=LINE('',#4661,#711);
#358=LINE('',#4663,#712);
#359=LINE('',#4665,#713);
#360=LINE('',#4668,#714);
#361=LINE('',#4672,#715);
#362=LINE('',#4675,#716);
#363=LINE('',#4677,#717);
#364=LINE('',#4681,#718);
#365=LINE('',#4683,#719);
#366=LINE('',#4685,#720);
#367=LINE('',#4689,#721);
#368=LINE('',#4691,#722);
#369=LINE('',#4692,#723);
#370=LINE('',#4694,#724);
#371=LINE('',#4696,#725);
#372=LINE('',#4698,#726);
#373=LINE('',#4703,#727);
#374=LINE('',#4705,#728);
#375=LINE('',#4706,#729);
#376=LINE('',#4708,#730);
#377=LINE('',#4710,#731);
#378=LINE('',#4713,#732);
#379=LINE('',#4715,#733);
#380=LINE('',#4719,#734);
#381=LINE('',#4720,#735);
#382=LINE('',#4722,#736);
#383=LINE('',#4723,#737);
#384=LINE('',#4724,#738);
#385=LINE('',#4727,#739);
#386=LINE('',#4729,#740);
#387=LINE('',#4731,#741);
#388=LINE('',#4733,#742);
#389=LINE('',#4735,#743);
#390=LINE('',#4737,#744);
#391=LINE('',#4739,#745);
#392=LINE('',#4746,#746);
#393=LINE('',#4753,#747);
#394=LINE('',#4755,#748);
#395=LINE('',#4757,#749);
#396=LINE('',#4759,#750);
#397=LINE('',#4761,#751);
#398=LINE('',#4762,#752);
#399=LINE('',#4765,#753);
#400=LINE('',#4767,#754);
#401=LINE('',#4769,#755);
#402=LINE('',#4771,#756);
#403=LINE('',#4773,#757);
#404=LINE('',#4775,#758);
#405=LINE('',#4777,#759);
#406=LINE('',#4779,#760);
#407=LINE('',#4781,#761);
#408=LINE('',#4783,#762);
#409=LINE('',#4785,#763);
#410=LINE('',#4787,#764);
#411=LINE('',#4789,#765);
#412=LINE('',#4797,#766);
#413=LINE('',#4807,#767);
#414=LINE('',#4816,#768);
#415=LINE('',#4840,#769);
#416=LINE('',#4854,#770);
#417=LINE('',#4856,#771);
#418=LINE('',#4864,#772);
#419=LINE('',#4866,#773);
#420=LINE('',#4868,#774);
#421=LINE('',#4870,#775);
#422=LINE('',#4872,#776);
#423=LINE('',#4874,#777);
#424=LINE('',#4876,#778);
#425=LINE('',#4883,#779);
#426=LINE('',#4885,#780);
#427=LINE('',#4887,#781);
#428=LINE('',#4894,#782);
#429=LINE('',#4901,#783);
#430=LINE('',#4904,#784);
#431=LINE('',#4905,#785);
#432=LINE('',#4907,#786);
#433=LINE('',#4910,#787);
#434=LINE('',#4912,#788);
#435=LINE('',#4914,#789);
#436=LINE('',#5000,#790);
#437=LINE('',#5001,#791);
#438=LINE('',#5003,#792);
#439=LINE('',#5005,#793);
#440=LINE('',#5007,#794);
#441=LINE('',#5008,#795);
#442=LINE('',#5012,#796);
#443=LINE('',#5014,#797);
#444=LINE('',#5016,#798);
#445=LINE('',#5018,#799);
#446=LINE('',#5020,#800);
#447=LINE('',#5022,#801);
#448=LINE('',#5024,#802);
#449=LINE('',#5026,#803);
#450=LINE('',#5028,#804);
#451=LINE('',#5030,#805);
#452=LINE('',#5032,#806);
#453=LINE('',#5033,#807);
#454=LINE('',#5035,#808);
#455=LINE('',#5037,#809);
#456=LINE('',#5039,#810);
#457=LINE('',#5041,#811);
#458=LINE('',#5043,#812);
#459=LINE('',#5045,#813);
#460=LINE('',#5048,#814);
#461=LINE('',#5050,#815);
#462=LINE('',#5052,#816);
#463=LINE('',#5054,#817);
#464=LINE('',#5056,#818);
#465=LINE('',#5098,#819);
#466=LINE('',#5100,#820);
#467=LINE('',#5102,#821);
#468=LINE('',#5106,#822);
#469=LINE('',#5108,#823);
#470=LINE('',#5110,#824);
#471=LINE('',#5165,#825);
#472=LINE('',#5168,#826);
#473=LINE('',#5170,#827);
#474=LINE('',#5172,#828);
#475=LINE('',#5174,#829);
#476=LINE('',#5176,#830);
#477=LINE('',#5178,#831);
#478=LINE('',#5180,#832);
#479=LINE('',#5182,#833);
#480=LINE('',#5184,#834);
#481=LINE('',#5186,#835);
#482=LINE('',#5188,#836);
#483=LINE('',#5190,#837);
#484=LINE('',#5194,#838);
#485=LINE('',#5196,#839);
#486=LINE('',#5198,#840);
#487=LINE('',#5200,#841);
#488=LINE('',#5202,#842);
#489=LINE('',#5204,#843);
#490=LINE('',#5208,#844);
#491=LINE('',#5210,#845);
#492=LINE('',#5212,#846);
#493=LINE('',#5214,#847);
#494=LINE('',#5218,#848);
#495=LINE('',#5222,#849);
#496=LINE('',#5224,#850);
#497=LINE('',#5226,#851);
#498=LINE('',#5228,#852);
#499=LINE('',#5230,#853);
#500=LINE('',#5232,#854);
#501=LINE('',#5233,#855);
#502=LINE('',#5235,#856);
#503=LINE('',#5237,#857);
#504=LINE('',#5241,#858);
#505=LINE('',#5243,#859);
#506=LINE('',#5246,#860);
#507=LINE('',#5253,#861);
#508=LINE('',#5256,#862);
#509=LINE('',#5263,#863);
#510=LINE('',#5270,#864);
#511=LINE('',#5272,#865);
#512=LINE('',#5274,#866);
#513=LINE('',#5281,#867);
#514=LINE('',#5283,#868);
#515=LINE('',#5285,#869);
#516=LINE('',#5287,#870);
#517=LINE('',#5289,#871);
#518=LINE('',#5291,#872);
#519=LINE('',#5298,#873);
#520=LINE('',#5301,#874);
#521=LINE('',#5302,#875);
#522=LINE('',#5304,#876);
#523=LINE('',#5307,#877);
#524=LINE('',#5309,#878);
#525=LINE('',#5311,#879);
#526=LINE('',#5397,#880);
#527=LINE('',#5398,#881);
#528=LINE('',#5400,#882);
#529=LINE('',#5402,#883);
#530=LINE('',#5404,#884);
#531=LINE('',#5405,#885);
#532=LINE('',#5409,#886);
#533=LINE('',#5411,#887);
#534=LINE('',#5413,#888);
#535=LINE('',#5415,#889);
#536=LINE('',#5417,#890);
#537=LINE('',#5419,#891);
#538=LINE('',#5421,#892);
#539=LINE('',#5423,#893);
#540=LINE('',#5425,#894);
#541=LINE('',#5427,#895);
#542=LINE('',#5428,#896);
#543=LINE('',#5430,#897);
#544=LINE('',#5432,#898);
#545=LINE('',#5434,#899);
#546=LINE('',#5436,#900);
#547=LINE('',#5438,#901);
#548=LINE('',#5440,#902);
#549=LINE('',#5442,#903);
#550=LINE('',#5445,#904);
#551=LINE('',#5447,#905);
#552=LINE('',#5449,#906);
#553=LINE('',#5451,#907);
#554=LINE('',#5453,#908);
#555=LINE('',#5480,#909);
#556=LINE('',#5482,#910);
#557=LINE('',#5484,#911);
#558=LINE('',#5488,#912);
#559=LINE('',#5490,#913);
#560=LINE('',#5492,#914);
#561=VECTOR('',#3446,1000.);
#562=VECTOR('',#3449,1000.);
#563=VECTOR('',#3454,1000.);
#564=VECTOR('',#3457,1000.);
#565=VECTOR('',#3460,1000.);
#566=VECTOR('',#3461,1000.);
#567=VECTOR('',#3464,1000.);
#568=VECTOR('',#3465,1000.);
#569=VECTOR('',#3466,1000.);
#570=VECTOR('',#3467,1000.);
#571=VECTOR('',#3470,1000.);
#572=VECTOR('',#3471,1000.);
#573=VECTOR('',#3472,1000.);
#574=VECTOR('',#3475,1000.);
#575=VECTOR('',#3476,1000.);
#576=VECTOR('',#3479,1000.);
#577=VECTOR('',#3482,1000.);
#578=VECTOR('',#3483,1000.);
#579=VECTOR('',#3484,1000.);
#580=VECTOR('',#3485,1000.);
#581=VECTOR('',#3488,1000.);
#582=VECTOR('',#3491,1000.);
#583=VECTOR('',#3492,1000.);
#584=VECTOR('',#3493,1000.);
#585=VECTOR('',#3498,1000.);
#586=VECTOR('',#3499,1000.);
#587=VECTOR('',#3500,1000.);
#588=VECTOR('',#3503,1000.);
#589=VECTOR('',#3504,1000.);
#590=VECTOR('',#3505,1000.);
#591=VECTOR('',#3512,1000.);
#592=VECTOR('',#3513,1000.);
#593=VECTOR('',#3520,1000.);
#594=VECTOR('',#3521,1000.);
#595=VECTOR('',#3522,1000.);
#596=VECTOR('',#3523,1000.);
#597=VECTOR('',#3524,1000.);
#598=VECTOR('',#3525,1000.);
#599=VECTOR('',#3526,1000.);
#600=VECTOR('',#3527,1000.);
#601=VECTOR('',#3528,1000.);
#602=VECTOR('',#3529,1000.);
#603=VECTOR('',#3530,1000.);
#604=VECTOR('',#3531,1000.);
#605=VECTOR('',#3534,1000.);
#606=VECTOR('',#3541,1000.);
#607=VECTOR('',#3542,1000.);
#608=VECTOR('',#3549,1000.);
#609=VECTOR('',#3550,1000.);
#610=VECTOR('',#3551,1000.);
#611=VECTOR('',#3552,1000.);
#612=VECTOR('',#3555,1000.);
#613=VECTOR('',#3558,1000.);
#614=VECTOR('',#3559,1000.);
#615=VECTOR('',#3560,1000.);
#616=VECTOR('',#3563,1000.);
#617=VECTOR('',#3566,1000.);
#618=VECTOR('',#3567,1000.);
#619=VECTOR('',#3568,1000.);
#620=VECTOR('',#3569,1000.);
#621=VECTOR('',#3570,1000.);
#622=VECTOR('',#3571,1000.);
#623=VECTOR('',#3574,1000.);
#624=VECTOR('',#3575,1000.);
#625=VECTOR('',#3576,1000.);
#626=VECTOR('',#3577,1000.);
#627=VECTOR('',#3580,1000.);
#628=VECTOR('',#3581,1000.);
#629=VECTOR('',#3582,1000.);
#630=VECTOR('',#3585,1000.);
#631=VECTOR('',#3586,1000.);
#632=VECTOR('',#3587,1000.);
#633=VECTOR('',#3590,1000.);
#634=VECTOR('',#3591,1000.);
#635=VECTOR('',#3592,1000.);
#636=VECTOR('',#3595,1000.);
#637=VECTOR('',#3596,1000.);
#638=VECTOR('',#3597,1000.);
#639=VECTOR('',#3598,1000.);
#640=VECTOR('',#3601,1000.);
#641=VECTOR('',#3602,1000.);
#642=VECTOR('',#3603,1000.);
#643=VECTOR('',#3604,1000.);
#644=VECTOR('',#3607,1000.);
#645=VECTOR('',#3608,1000.);
#646=VECTOR('',#3609,1000.);
#647=VECTOR('',#3610,1000.);
#648=VECTOR('',#3613,1000.);
#649=VECTOR('',#3614,1000.);
#650=VECTOR('',#3615,1000.);
#651=VECTOR('',#3616,1000.);
#652=VECTOR('',#3619,1000.);
#653=VECTOR('',#3620,1000.);
#654=VECTOR('',#3621,1000.);
#655=VECTOR('',#3622,1000.);
#656=VECTOR('',#3625,1000.);
#657=VECTOR('',#3626,1000.);
#658=VECTOR('',#3627,1000.);
#659=VECTOR('',#3628,1000.);
#660=VECTOR('',#3631,1000.);
#661=VECTOR('',#3632,1000.);
#662=VECTOR('',#3633,1000.);
#663=VECTOR('',#3636,1000.);
#664=VECTOR('',#3637,1000.);
#665=VECTOR('',#3640,1000.);
#666=VECTOR('',#3641,1000.);
#667=VECTOR('',#3642,1000.);
#668=VECTOR('',#3645,1000.);
#669=VECTOR('',#3646,1000.);
#670=VECTOR('',#3647,1000.);
#671=VECTOR('',#3648,1000.);
#672=VECTOR('',#3649,1000.);
#673=VECTOR('',#3650,1000.);
#674=VECTOR('',#3653,1000.);
#675=VECTOR('',#3654,1000.);
#676=VECTOR('',#3657,1000.);
#677=VECTOR('',#3658,1000.);
#678=VECTOR('',#3661,1000.);
#679=VECTOR('',#3662,1000.);
#680=VECTOR('',#3665,1000.);
#681=VECTOR('',#3668,1000.);
#682=VECTOR('',#3671,1000.);
#683=VECTOR('',#3672,1000.);
#684=VECTOR('',#3677,1000.);
#685=VECTOR('',#3678,1000.);
#686=VECTOR('',#3679,1000.);
#687=VECTOR('',#3682,1000.);
#688=VECTOR('',#3683,1000.);
#689=VECTOR('',#3684,1000.);
#690=VECTOR('',#3691,1000.);
#691=VECTOR('',#3694,1000.);
#692=VECTOR('',#3695,1000.);
#693=VECTOR('',#3698,1000.);
#694=VECTOR('',#3699,1000.);
#695=VECTOR('',#3702,1000.);
#696=VECTOR('',#3703,1000.);
#697=VECTOR('',#3704,1000.);
#698=VECTOR('',#3707,1000.);
#699=VECTOR('',#3708,1000.);
#700=VECTOR('',#3709,1000.);
#701=VECTOR('',#3712,1000.);
#702=VECTOR('',#3713,1000.);
#703=VECTOR('',#3716,1000.);
#704=VECTOR('',#3717,1000.);
#705=VECTOR('',#3718,1000.);
#706=VECTOR('',#3719,1000.);
#707=VECTOR('',#3722,1000.);
#708=VECTOR('',#3723,1000.);
#709=VECTOR('',#3726,1000.);
#710=VECTOR('',#3727,1000.);
#711=VECTOR('',#3730,1000.);
#712=VECTOR('',#3733,1000.);
#713=VECTOR('',#3734,1000.);
#714=VECTOR('',#3739,1000.);
#715=VECTOR('',#3742,1000.);
#716=VECTOR('',#3745,1000.);
#717=VECTOR('',#3746,1000.);
#718=VECTOR('',#3751,1000.);
#719=VECTOR('',#3752,1000.);
#720=VECTOR('',#3753,1000.);
#721=VECTOR('',#3758,1000.);
#722=VECTOR('',#3759,1000.);
#723=VECTOR('',#3760,1000.);
#724=VECTOR('',#3763,1000.);
#725=VECTOR('',#3764,1000.);
#726=VECTOR('',#3767,1000.);
#727=VECTOR('',#3772,1000.);
#728=VECTOR('',#3775,1000.);
#729=VECTOR('',#3776,1000.);
#730=VECTOR('',#3779,1000.);
#731=VECTOR('',#3780,1000.);
#732=VECTOR('',#3785,1000.);
#733=VECTOR('',#3786,1000.);
#734=VECTOR('',#3791,1000.);
#735=VECTOR('',#3792,1000.);
#736=VECTOR('',#3795,1000.);
#737=VECTOR('',#3796,1000.);
#738=VECTOR('',#3797,1000.);
#739=VECTOR('',#3798,1000.);
#740=VECTOR('',#3799,1000.);
#741=VECTOR('',#3800,1000.);
#742=VECTOR('',#3801,1000.);
#743=VECTOR('',#3802,1000.);
#744=VECTOR('',#3803,1000.);
#745=VECTOR('',#3804,1000.);
#746=VECTOR('',#3805,1000.);
#747=VECTOR('',#3806,1000.);
#748=VECTOR('',#3807,1000.);
#749=VECTOR('',#3808,1000.);
#750=VECTOR('',#3809,1000.);
#751=VECTOR('',#3810,1000.);
#752=VECTOR('',#3811,1000.);
#753=VECTOR('',#3812,1000.);
#754=VECTOR('',#3813,1000.);
#755=VECTOR('',#3814,1000.);
#756=VECTOR('',#3815,1000.);
#757=VECTOR('',#3816,1000.);
#758=VECTOR('',#3817,1000.);
#759=VECTOR('',#3818,1000.);
#760=VECTOR('',#3821,1000.);
#761=VECTOR('',#3822,1000.);
#762=VECTOR('',#3823,1000.);
#763=VECTOR('',#3824,1000.);
#764=VECTOR('',#3825,1000.);
#765=VECTOR('',#3828,1000.);
#766=VECTOR('',#3829,1000.);
#767=VECTOR('',#3834,1000.);
#768=VECTOR('',#3835,1000.);
#769=VECTOR('',#3840,1000.);
#770=VECTOR('',#3841,1000.);
#771=VECTOR('',#3844,1000.);
#772=VECTOR('',#3845,1000.);
#773=VECTOR('',#3848,1000.);
#774=VECTOR('',#3849,1000.);
#775=VECTOR('',#3850,1000.);
#776=VECTOR('',#3851,1000.);
#777=VECTOR('',#3852,1000.);
#778=VECTOR('',#3853,1000.);
#779=VECTOR('',#3854,1000.);
#780=VECTOR('',#3855,1000.);
#781=VECTOR('',#3856,1000.);
#782=VECTOR('',#3859,1000.);
#783=VECTOR('',#3862,1000.);
#784=VECTOR('',#3863,1000.);
#785=VECTOR('',#3864,1000.);
#786=VECTOR('',#3867,1000.);
#787=VECTOR('',#3868,1000.);
#788=VECTOR('',#3869,1000.);
#789=VECTOR('',#3870,1000.);
#790=VECTOR('',#3873,1000.);
#791=VECTOR('',#3874,1000.);
#792=VECTOR('',#3877,1000.);
#793=VECTOR('',#3880,1000.);
#794=VECTOR('',#3883,1000.);
#795=VECTOR('',#3884,1000.);
#796=VECTOR('',#3891,1000.);
#797=VECTOR('',#3892,1000.);
#798=VECTOR('',#3895,1000.);
#799=VECTOR('',#3896,1000.);
#800=VECTOR('',#3897,1000.);
#801=VECTOR('',#3898,1000.);
#802=VECTOR('',#3899,1000.);
#803=VECTOR('',#3902,1000.);
#804=VECTOR('',#3903,1000.);
#805=VECTOR('',#3904,1000.);
#806=VECTOR('',#3905,1000.);
#807=VECTOR('',#3906,1000.);
#808=VECTOR('',#3907,1000.);
#809=VECTOR('',#3910,1000.);
#810=VECTOR('',#3911,1000.);
#811=VECTOR('',#3912,1000.);
#812=VECTOR('',#3915,1000.);
#813=VECTOR('',#3918,1000.);
#814=VECTOR('',#3923,1000.);
#815=VECTOR('',#3924,1000.);
#816=VECTOR('',#3925,1000.);
#817=VECTOR('',#3928,1000.);
#818=VECTOR('',#3931,1000.);
#819=VECTOR('',#3982,1000.);
#820=VECTOR('',#3983,1000.);
#821=VECTOR('',#3986,1000.);
#822=VECTOR('',#3989,1000.);
#823=VECTOR('',#3992,1000.);
#824=VECTOR('',#3993,1000.);
#825=VECTOR('',#4006,1000.);
#826=VECTOR('',#4007,1000.);
#827=VECTOR('',#4008,1000.);
#828=VECTOR('',#4009,1000.);
#829=VECTOR('',#4012,1000.);
#830=VECTOR('',#4013,1000.);
#831=VECTOR('',#4014,1000.);
#832=VECTOR('',#4017,1000.);
#833=VECTOR('',#4018,1000.);
#834=VECTOR('',#4019,1000.);
#835=VECTOR('',#4022,1000.);
#836=VECTOR('',#4023,1000.);
#837=VECTOR('',#4024,1000.);
#838=VECTOR('',#4031,1000.);
#839=VECTOR('',#4032,1000.);
#840=VECTOR('',#4035,1000.);
#841=VECTOR('',#4036,1000.);
#842=VECTOR('',#4037,1000.);
#843=VECTOR('',#4040,1000.);
#844=VECTOR('',#4043,1000.);
#845=VECTOR('',#4044,1000.);
#846=VECTOR('',#4047,1000.);
#847=VECTOR('',#4048,1000.);
#848=VECTOR('',#4051,1000.);
#849=VECTOR('',#4056,1000.);
#850=VECTOR('',#4057,1000.);
#851=VECTOR('',#4060,1000.);
#852=VECTOR('',#4061,1000.);
#853=VECTOR('',#4064,1000.);
#854=VECTOR('',#4067,1000.);
#855=VECTOR('',#4068,1000.);
#856=VECTOR('',#4071,1000.);
#857=VECTOR('',#4074,1000.);
#858=VECTOR('',#4081,1000.);
#859=VECTOR('',#4084,1000.);
#860=VECTOR('',#4085,1000.);
#861=VECTOR('',#4088,1000.);
#862=VECTOR('',#4089,1000.);
#863=VECTOR('',#4092,1000.);
#864=VECTOR('',#4093,1000.);
#865=VECTOR('',#4094,1000.);
#866=VECTOR('',#4095,1000.);
#867=VECTOR('',#4096,1000.);
#868=VECTOR('',#4097,1000.);
#869=VECTOR('',#4098,1000.);
#870=VECTOR('',#4099,1000.);
#871=VECTOR('',#4100,1000.);
#872=VECTOR('',#4103,1000.);
#873=VECTOR('',#4106,1000.);
#874=VECTOR('',#4107,1000.);
#875=VECTOR('',#4108,1000.);
#876=VECTOR('',#4111,1000.);
#877=VECTOR('',#4112,1000.);
#878=VECTOR('',#4113,1000.);
#879=VECTOR('',#4114,1000.);
#880=VECTOR('',#4117,1000.);
#881=VECTOR('',#4118,1000.);
#882=VECTOR('',#4121,1000.);
#883=VECTOR('',#4124,1000.);
#884=VECTOR('',#4127,1000.);
#885=VECTOR('',#4128,1000.);
#886=VECTOR('',#4135,1000.);
#887=VECTOR('',#4136,1000.);
#888=VECTOR('',#4139,1000.);
#889=VECTOR('',#4140,1000.);
#890=VECTOR('',#4141,1000.);
#891=VECTOR('',#4142,1000.);
#892=VECTOR('',#4143,1000.);
#893=VECTOR('',#4146,1000.);
#894=VECTOR('',#4147,1000.);
#895=VECTOR('',#4148,1000.);
#896=VECTOR('',#4149,1000.);
#897=VECTOR('',#4150,1000.);
#898=VECTOR('',#4151,1000.);
#899=VECTOR('',#4154,1000.);
#900=VECTOR('',#4155,1000.);
#901=VECTOR('',#4156,1000.);
#902=VECTOR('',#4159,1000.);
#903=VECTOR('',#4162,1000.);
#904=VECTOR('',#4167,1000.);
#905=VECTOR('',#4168,1000.);
#906=VECTOR('',#4169,1000.);
#907=VECTOR('',#4172,1000.);
#908=VECTOR('',#4175,1000.);
#909=VECTOR('',#4212,1000.);
#910=VECTOR('',#4213,1000.);
#911=VECTOR('',#4216,1000.);
#912=VECTOR('',#4219,1000.);
#913=VECTOR('',#4222,1000.);
#914=VECTOR('',#4223,1000.);
#915=ORIENTED_EDGE('',*,*,#1851,.F.);
#916=ORIENTED_EDGE('',*,*,#1852,.F.);
#917=ORIENTED_EDGE('',*,*,#1853,.F.);
#918=ORIENTED_EDGE('',*,*,#1854,.F.);
#919=ORIENTED_EDGE('',*,*,#1855,.F.);
#920=ORIENTED_EDGE('',*,*,#1856,.F.);
#921=ORIENTED_EDGE('',*,*,#1857,.F.);
#922=ORIENTED_EDGE('',*,*,#1858,.F.);
#923=ORIENTED_EDGE('',*,*,#1859,.F.);
#924=ORIENTED_EDGE('',*,*,#1852,.T.);
#925=ORIENTED_EDGE('',*,*,#1860,.F.);
#926=ORIENTED_EDGE('',*,*,#1856,.T.);
#927=ORIENTED_EDGE('',*,*,#1860,.T.);
#928=ORIENTED_EDGE('',*,*,#1851,.T.);
#929=ORIENTED_EDGE('',*,*,#1861,.T.);
#930=ORIENTED_EDGE('',*,*,#1862,.T.);
#931=ORIENTED_EDGE('',*,*,#1863,.F.);
#932=ORIENTED_EDGE('',*,*,#1864,.F.);
#933=ORIENTED_EDGE('',*,*,#1857,.T.);
#934=ORIENTED_EDGE('',*,*,#1865,.T.);
#935=ORIENTED_EDGE('',*,*,#1866,.F.);
#936=ORIENTED_EDGE('',*,*,#1862,.F.);
#937=ORIENTED_EDGE('',*,*,#1867,.T.);
#938=ORIENTED_EDGE('',*,*,#1868,.F.);
#939=ORIENTED_EDGE('',*,*,#1858,.T.);
#940=ORIENTED_EDGE('',*,*,#1864,.T.);
#941=ORIENTED_EDGE('',*,*,#1869,.T.);
#942=ORIENTED_EDGE('',*,*,#1861,.F.);
#943=ORIENTED_EDGE('',*,*,#1854,.T.);
#944=ORIENTED_EDGE('',*,*,#1870,.T.);
#945=ORIENTED_EDGE('',*,*,#1867,.F.);
#946=ORIENTED_EDGE('',*,*,#1871,.F.);
#947=ORIENTED_EDGE('',*,*,#1872,.T.);
#948=ORIENTED_EDGE('',*,*,#1873,.T.);
#949=ORIENTED_EDGE('',*,*,#1874,.T.);
#950=ORIENTED_EDGE('',*,*,#1875,.T.);
#951=ORIENTED_EDGE('',*,*,#1876,.T.);
#952=ORIENTED_EDGE('',*,*,#1877,.T.);
#953=ORIENTED_EDGE('',*,*,#1878,.T.);
#954=ORIENTED_EDGE('',*,*,#1879,.F.);
#955=ORIENTED_EDGE('',*,*,#1873,.F.);
#956=ORIENTED_EDGE('',*,*,#1880,.T.);
#957=ORIENTED_EDGE('',*,*,#1877,.F.);
#958=ORIENTED_EDGE('',*,*,#1881,.T.);
#959=ORIENTED_EDGE('',*,*,#1882,.T.);
#960=ORIENTED_EDGE('',*,*,#1883,.F.);
#961=ORIENTED_EDGE('',*,*,#1884,.F.);
#962=ORIENTED_EDGE('',*,*,#1885,.T.);
#963=ORIENTED_EDGE('',*,*,#1875,.F.);
#964=ORIENTED_EDGE('',*,*,#1886,.T.);
#965=ORIENTED_EDGE('',*,*,#1887,.F.);
#966=ORIENTED_EDGE('',*,*,#1886,.F.);
#967=ORIENTED_EDGE('',*,*,#1880,.F.);
#968=ORIENTED_EDGE('',*,*,#1872,.F.);
#969=ORIENTED_EDGE('',*,*,#1888,.T.);
#970=ORIENTED_EDGE('',*,*,#1889,.F.);
#971=ORIENTED_EDGE('',*,*,#1878,.F.);
#972=ORIENTED_EDGE('',*,*,#1883,.T.);
#973=ORIENTED_EDGE('',*,*,#1876,.F.);
#974=ORIENTED_EDGE('',*,*,#1885,.F.);
#975=ORIENTED_EDGE('',*,*,#1890,.F.);
#976=ORIENTED_EDGE('',*,*,#1881,.F.);
#977=ORIENTED_EDGE('',*,*,#1891,.F.);
#978=ORIENTED_EDGE('',*,*,#1892,.T.);
#979=ORIENTED_EDGE('',*,*,#1893,.T.);
#980=ORIENTED_EDGE('',*,*,#1894,.T.);
#981=ORIENTED_EDGE('',*,*,#1895,.F.);
#982=ORIENTED_EDGE('',*,*,#1896,.T.);
#983=ORIENTED_EDGE('',*,*,#1897,.T.);
#984=ORIENTED_EDGE('',*,*,#1898,.T.);
#985=ORIENTED_EDGE('',*,*,#1899,.F.);
#986=ORIENTED_EDGE('',*,*,#1900,.T.);
#987=ORIENTED_EDGE('',*,*,#1901,.T.);
#988=ORIENTED_EDGE('',*,*,#1902,.T.);
#989=ORIENTED_EDGE('',*,*,#1903,.T.);
#990=ORIENTED_EDGE('',*,*,#1904,.T.);
#991=ORIENTED_EDGE('',*,*,#1905,.T.);
#992=ORIENTED_EDGE('',*,*,#1906,.T.);
#993=ORIENTED_EDGE('',*,*,#1907,.T.);
#994=ORIENTED_EDGE('',*,*,#1891,.T.);
#995=ORIENTED_EDGE('',*,*,#1908,.T.);
#996=ORIENTED_EDGE('',*,*,#1909,.T.);
#997=ORIENTED_EDGE('',*,*,#1910,.T.);
#998=ORIENTED_EDGE('',*,*,#1911,.T.);
#999=ORIENTED_EDGE('',*,*,#1912,.T.);
#1000=ORIENTED_EDGE('',*,*,#1899,.T.);
#1001=ORIENTED_EDGE('',*,*,#1913,.T.);
#1002=ORIENTED_EDGE('',*,*,#1914,.T.);
#1003=ORIENTED_EDGE('',*,*,#1915,.F.);
#1004=ORIENTED_EDGE('',*,*,#1916,.T.);
#1005=ORIENTED_EDGE('',*,*,#1917,.F.);
#1006=ORIENTED_EDGE('',*,*,#1918,.T.);
#1007=ORIENTED_EDGE('',*,*,#1919,.T.);
#1008=ORIENTED_EDGE('',*,*,#1920,.T.);
#1009=ORIENTED_EDGE('',*,*,#1921,.T.);
#1010=ORIENTED_EDGE('',*,*,#1922,.T.);
#1011=ORIENTED_EDGE('',*,*,#1923,.F.);
#1012=ORIENTED_EDGE('',*,*,#1924,.T.);
#1013=ORIENTED_EDGE('',*,*,#1925,.F.);
#1014=ORIENTED_EDGE('',*,*,#1926,.T.);
#1015=ORIENTED_EDGE('',*,*,#1927,.T.);
#1016=ORIENTED_EDGE('',*,*,#1895,.T.);
#1017=ORIENTED_EDGE('',*,*,#1928,.T.);
#1018=ORIENTED_EDGE('',*,*,#1929,.T.);
#1019=ORIENTED_EDGE('',*,*,#1930,.T.);
#1020=ORIENTED_EDGE('',*,*,#1931,.F.);
#1021=ORIENTED_EDGE('',*,*,#1932,.F.);
#1022=ORIENTED_EDGE('',*,*,#1933,.F.);
#1023=ORIENTED_EDGE('',*,*,#1934,.T.);
#1024=ORIENTED_EDGE('',*,*,#1935,.T.);
#1025=ORIENTED_EDGE('',*,*,#1936,.F.);
#1026=ORIENTED_EDGE('',*,*,#1937,.T.);
#1027=ORIENTED_EDGE('',*,*,#1938,.T.);
#1028=ORIENTED_EDGE('',*,*,#1939,.F.);
#1029=ORIENTED_EDGE('',*,*,#1940,.T.);
#1030=ORIENTED_EDGE('',*,*,#1941,.T.);
#1031=ORIENTED_EDGE('',*,*,#1938,.F.);
#1032=ORIENTED_EDGE('',*,*,#1942,.F.);
#1033=ORIENTED_EDGE('',*,*,#1940,.F.);
#1034=ORIENTED_EDGE('',*,*,#1943,.F.);
#1035=ORIENTED_EDGE('',*,*,#1944,.F.);
#1036=ORIENTED_EDGE('',*,*,#1945,.T.);
#1037=ORIENTED_EDGE('',*,*,#1944,.T.);
#1038=ORIENTED_EDGE('',*,*,#1946,.T.);
#1039=ORIENTED_EDGE('',*,*,#1947,.T.);
#1040=ORIENTED_EDGE('',*,*,#1948,.F.);
#1041=ORIENTED_EDGE('',*,*,#1949,.T.);
#1042=ORIENTED_EDGE('',*,*,#1950,.T.);
#1043=ORIENTED_EDGE('',*,*,#1951,.F.);
#1044=ORIENTED_EDGE('',*,*,#1952,.F.);
#1045=ORIENTED_EDGE('',*,*,#1953,.T.);
#1046=ORIENTED_EDGE('',*,*,#1954,.F.);
#1047=ORIENTED_EDGE('',*,*,#1955,.T.);
#1048=ORIENTED_EDGE('',*,*,#1956,.F.);
#1049=ORIENTED_EDGE('',*,*,#1957,.T.);
#1050=ORIENTED_EDGE('',*,*,#1958,.T.);
#1051=ORIENTED_EDGE('',*,*,#1959,.F.);
#1052=ORIENTED_EDGE('',*,*,#1960,.F.);
#1053=ORIENTED_EDGE('',*,*,#1961,.T.);
#1054=ORIENTED_EDGE('',*,*,#1962,.F.);
#1055=ORIENTED_EDGE('',*,*,#1963,.T.);
#1056=ORIENTED_EDGE('',*,*,#1964,.F.);
#1057=ORIENTED_EDGE('',*,*,#1965,.F.);
#1058=ORIENTED_EDGE('',*,*,#1966,.F.);
#1059=ORIENTED_EDGE('',*,*,#1967,.F.);
#1060=ORIENTED_EDGE('',*,*,#1968,.F.);
#1061=ORIENTED_EDGE('',*,*,#1969,.F.);
#1062=ORIENTED_EDGE('',*,*,#1970,.T.);
#1063=ORIENTED_EDGE('',*,*,#1971,.F.);
#1064=ORIENTED_EDGE('',*,*,#1972,.F.);
#1065=ORIENTED_EDGE('',*,*,#1970,.F.);
#1066=ORIENTED_EDGE('',*,*,#1973,.F.);
#1067=ORIENTED_EDGE('',*,*,#1974,.F.);
#1068=ORIENTED_EDGE('',*,*,#1975,.F.);
#1069=ORIENTED_EDGE('',*,*,#1974,.T.);
#1070=ORIENTED_EDGE('',*,*,#1976,.F.);
#1071=ORIENTED_EDGE('',*,*,#1964,.T.);
#1072=ORIENTED_EDGE('',*,*,#1971,.T.);
#1073=ORIENTED_EDGE('',*,*,#1972,.T.);
#1074=ORIENTED_EDGE('',*,*,#1975,.T.);
#1075=ORIENTED_EDGE('',*,*,#1967,.T.);
#1076=ORIENTED_EDGE('',*,*,#1977,.T.);
#1077=ORIENTED_EDGE('',*,*,#1978,.F.);
#1078=ORIENTED_EDGE('',*,*,#1979,.F.);
#1079=ORIENTED_EDGE('',*,*,#1980,.F.);
#1080=ORIENTED_EDGE('',*,*,#1981,.F.);
#1081=ORIENTED_EDGE('',*,*,#1982,.T.);
#1082=ORIENTED_EDGE('',*,*,#1983,.F.);
#1083=ORIENTED_EDGE('',*,*,#1984,.F.);
#1084=ORIENTED_EDGE('',*,*,#1985,.T.);
#1085=ORIENTED_EDGE('',*,*,#1968,.T.);
#1086=ORIENTED_EDGE('',*,*,#1979,.T.);
#1087=ORIENTED_EDGE('',*,*,#1986,.F.);
#1088=ORIENTED_EDGE('',*,*,#1987,.T.);
#1089=ORIENTED_EDGE('',*,*,#1981,.T.);
#1090=ORIENTED_EDGE('',*,*,#1988,.F.);
#1091=ORIENTED_EDGE('',*,*,#1989,.F.);
#1092=ORIENTED_EDGE('',*,*,#1982,.F.);
#1093=ORIENTED_EDGE('',*,*,#1987,.F.);
#1094=ORIENTED_EDGE('',*,*,#1990,.T.);
#1095=ORIENTED_EDGE('',*,*,#1991,.F.);
#1096=ORIENTED_EDGE('',*,*,#1992,.T.);
#1097=ORIENTED_EDGE('',*,*,#1993,.T.);
#1098=ORIENTED_EDGE('',*,*,#1994,.T.);
#1099=ORIENTED_EDGE('',*,*,#1995,.F.);
#1100=ORIENTED_EDGE('',*,*,#1995,.T.);
#1101=ORIENTED_EDGE('',*,*,#1996,.T.);
#1102=ORIENTED_EDGE('',*,*,#1997,.T.);
#1103=ORIENTED_EDGE('',*,*,#1921,.F.);
#1104=ORIENTED_EDGE('',*,*,#1998,.T.);
#1105=ORIENTED_EDGE('',*,*,#1923,.T.);
#1106=ORIENTED_EDGE('',*,*,#1999,.T.);
#1107=ORIENTED_EDGE('',*,*,#2000,.T.);
#1108=ORIENTED_EDGE('',*,*,#2001,.T.);
#1109=ORIENTED_EDGE('',*,*,#2002,.T.);
#1110=ORIENTED_EDGE('',*,*,#2003,.T.);
#1111=ORIENTED_EDGE('',*,*,#2004,.T.);
#1112=ORIENTED_EDGE('',*,*,#2005,.T.);
#1113=ORIENTED_EDGE('',*,*,#1925,.T.);
#1114=ORIENTED_EDGE('',*,*,#2004,.F.);
#1115=ORIENTED_EDGE('',*,*,#2006,.T.);
#1116=ORIENTED_EDGE('',*,*,#2007,.T.);
#1117=ORIENTED_EDGE('',*,*,#2008,.T.);
#1118=ORIENTED_EDGE('',*,*,#2009,.F.);
#1119=ORIENTED_EDGE('',*,*,#2010,.T.);
#1120=ORIENTED_EDGE('',*,*,#1966,.T.);
#1121=ORIENTED_EDGE('',*,*,#2011,.F.);
#1122=ORIENTED_EDGE('',*,*,#2012,.F.);
#1123=ORIENTED_EDGE('',*,*,#1977,.F.);
#1124=ORIENTED_EDGE('',*,*,#2013,.T.);
#1125=ORIENTED_EDGE('',*,*,#2014,.T.);
#1126=ORIENTED_EDGE('',*,*,#2015,.T.);
#1127=ORIENTED_EDGE('',*,*,#2014,.F.);
#1128=ORIENTED_EDGE('',*,*,#2016,.F.);
#1129=ORIENTED_EDGE('',*,*,#2017,.F.);
#1130=ORIENTED_EDGE('',*,*,#2018,.F.);
#1131=ORIENTED_EDGE('',*,*,#2019,.F.);
#1132=ORIENTED_EDGE('',*,*,#2017,.T.);
#1133=ORIENTED_EDGE('',*,*,#2020,.T.);
#1134=ORIENTED_EDGE('',*,*,#2021,.T.);
#1135=ORIENTED_EDGE('',*,*,#2022,.T.);
#1136=ORIENTED_EDGE('',*,*,#2015,.F.);
#1137=ORIENTED_EDGE('',*,*,#2018,.T.);
#1138=ORIENTED_EDGE('',*,*,#2019,.T.);
#1139=ORIENTED_EDGE('',*,*,#2023,.T.);
#1140=ORIENTED_EDGE('',*,*,#2024,.F.);
#1141=ORIENTED_EDGE('',*,*,#1947,.F.);
#1142=ORIENTED_EDGE('',*,*,#1941,.F.);
#1143=ORIENTED_EDGE('',*,*,#1942,.T.);
#1144=ORIENTED_EDGE('',*,*,#1945,.F.);
#1145=ORIENTED_EDGE('',*,*,#2024,.T.);
#1146=ORIENTED_EDGE('',*,*,#2025,.T.);
#1147=ORIENTED_EDGE('',*,*,#2026,.F.);
#1148=ORIENTED_EDGE('',*,*,#1935,.F.);
#1149=ORIENTED_EDGE('',*,*,#2026,.T.);
#1150=ORIENTED_EDGE('',*,*,#2027,.F.);
#1151=ORIENTED_EDGE('',*,*,#2028,.T.);
#1152=ORIENTED_EDGE('',*,*,#1936,.T.);
#1153=ORIENTED_EDGE('',*,*,#1946,.F.);
#1154=ORIENTED_EDGE('',*,*,#1943,.T.);
#1155=ORIENTED_EDGE('',*,*,#1939,.T.);
#1156=ORIENTED_EDGE('',*,*,#1937,.F.);
#1157=ORIENTED_EDGE('',*,*,#2028,.F.);
#1158=ORIENTED_EDGE('',*,*,#2029,.T.);
#1159=ORIENTED_EDGE('',*,*,#2021,.F.);
#1160=ORIENTED_EDGE('',*,*,#2009,.T.);
#1161=ORIENTED_EDGE('',*,*,#2030,.T.);
#1162=ORIENTED_EDGE('',*,*,#2031,.F.);
#1163=ORIENTED_EDGE('',*,*,#1896,.F.);
#1164=ORIENTED_EDGE('',*,*,#1927,.F.);
#1165=ORIENTED_EDGE('',*,*,#2032,.T.);
#1166=ORIENTED_EDGE('',*,*,#2033,.F.);
#1167=ORIENTED_EDGE('',*,*,#2034,.T.);
#1168=ORIENTED_EDGE('',*,*,#2035,.T.);
#1169=ORIENTED_EDGE('',*,*,#1897,.F.);
#1170=ORIENTED_EDGE('',*,*,#2031,.T.);
#1171=ORIENTED_EDGE('',*,*,#2036,.T.);
#1172=ORIENTED_EDGE('',*,*,#2037,.F.);
#1173=ORIENTED_EDGE('',*,*,#2038,.F.);
#1174=ORIENTED_EDGE('',*,*,#1950,.F.);
#1175=ORIENTED_EDGE('',*,*,#2039,.T.);
#1176=ORIENTED_EDGE('',*,*,#1954,.T.);
#1177=ORIENTED_EDGE('',*,*,#2040,.T.);
#1178=ORIENTED_EDGE('',*,*,#2041,.T.);
#1179=ORIENTED_EDGE('',*,*,#2042,.F.);
#1180=ORIENTED_EDGE('',*,*,#2043,.F.);
#1181=ORIENTED_EDGE('',*,*,#1958,.F.);
#1182=ORIENTED_EDGE('',*,*,#2044,.T.);
#1183=ORIENTED_EDGE('',*,*,#1960,.T.);
#1184=ORIENTED_EDGE('',*,*,#2045,.T.);
#1185=ORIENTED_EDGE('',*,*,#2046,.T.);
#1186=ORIENTED_EDGE('',*,*,#2047,.F.);
#1187=ORIENTED_EDGE('',*,*,#1888,.F.);
#1188=ORIENTED_EDGE('',*,*,#1882,.F.);
#1189=ORIENTED_EDGE('',*,*,#1890,.T.);
#1190=ORIENTED_EDGE('',*,*,#1884,.T.);
#1191=ORIENTED_EDGE('',*,*,#1887,.T.);
#1192=ORIENTED_EDGE('',*,*,#1871,.T.);
#1193=ORIENTED_EDGE('',*,*,#2048,.F.);
#1194=ORIENTED_EDGE('',*,*,#1865,.F.);
#1195=ORIENTED_EDGE('',*,*,#1870,.F.);
#1196=ORIENTED_EDGE('',*,*,#1853,.T.);
#1197=ORIENTED_EDGE('',*,*,#1859,.T.);
#1198=ORIENTED_EDGE('',*,*,#1855,.T.);
#1199=ORIENTED_EDGE('',*,*,#1868,.T.);
#1200=ORIENTED_EDGE('',*,*,#2038,.T.);
#1201=ORIENTED_EDGE('',*,*,#2049,.F.);
#1202=ORIENTED_EDGE('',*,*,#2050,.F.);
#1203=ORIENTED_EDGE('',*,*,#1951,.T.);
#1204=ORIENTED_EDGE('',*,*,#2051,.F.);
#1205=ORIENTED_EDGE('',*,*,#2052,.T.);
#1206=ORIENTED_EDGE('',*,*,#1952,.T.);
#1207=ORIENTED_EDGE('',*,*,#2053,.T.);
#1208=ORIENTED_EDGE('',*,*,#1948,.T.);
#1209=ORIENTED_EDGE('',*,*,#2050,.T.);
#1210=ORIENTED_EDGE('',*,*,#2054,.F.);
#1211=ORIENTED_EDGE('',*,*,#2041,.F.);
#1212=ORIENTED_EDGE('',*,*,#2055,.T.);
#1213=ORIENTED_EDGE('',*,*,#2051,.T.);
#1214=ORIENTED_EDGE('',*,*,#2056,.T.);
#1215=ORIENTED_EDGE('',*,*,#2043,.T.);
#1216=ORIENTED_EDGE('',*,*,#2057,.F.);
#1217=ORIENTED_EDGE('',*,*,#2058,.F.);
#1218=ORIENTED_EDGE('',*,*,#1959,.T.);
#1219=ORIENTED_EDGE('',*,*,#1962,.T.);
#1220=ORIENTED_EDGE('',*,*,#2059,.T.);
#1221=ORIENTED_EDGE('',*,*,#1956,.T.);
#1222=ORIENTED_EDGE('',*,*,#2058,.T.);
#1223=ORIENTED_EDGE('',*,*,#2060,.F.);
#1224=ORIENTED_EDGE('',*,*,#2061,.F.);
#1225=ORIENTED_EDGE('',*,*,#2062,.T.);
#1226=ORIENTED_EDGE('',*,*,#2046,.F.);
#1227=ORIENTED_EDGE('',*,*,#2063,.T.);
#1228=ORIENTED_EDGE('',*,*,#2061,.T.);
#1229=ORIENTED_EDGE('',*,*,#2064,.T.);
#1230=ORIENTED_EDGE('',*,*,#2012,.T.);
#1231=ORIENTED_EDGE('',*,*,#2065,.T.);
#1232=ORIENTED_EDGE('',*,*,#1984,.T.);
#1233=ORIENTED_EDGE('',*,*,#2066,.T.);
#1234=ORIENTED_EDGE('',*,*,#1988,.T.);
#1235=ORIENTED_EDGE('',*,*,#1986,.T.);
#1236=ORIENTED_EDGE('',*,*,#1980,.T.);
#1237=ORIENTED_EDGE('',*,*,#1978,.T.);
#1238=ORIENTED_EDGE('',*,*,#2029,.F.);
#1239=ORIENTED_EDGE('',*,*,#2027,.T.);
#1240=ORIENTED_EDGE('',*,*,#2025,.F.);
#1241=ORIENTED_EDGE('',*,*,#2023,.F.);
#1242=ORIENTED_EDGE('',*,*,#2020,.F.);
#1243=ORIENTED_EDGE('',*,*,#2016,.T.);
#1244=ORIENTED_EDGE('',*,*,#2013,.F.);
#1245=ORIENTED_EDGE('',*,*,#2022,.F.);
#1246=ORIENTED_EDGE('',*,*,#2067,.T.);
#1247=ORIENTED_EDGE('',*,*,#2068,.T.);
#1248=ORIENTED_EDGE('',*,*,#2069,.T.);
#1249=ORIENTED_EDGE('',*,*,#2070,.T.);
#1250=ORIENTED_EDGE('',*,*,#2071,.T.);
#1251=ORIENTED_EDGE('',*,*,#2072,.T.);
#1252=ORIENTED_EDGE('',*,*,#2073,.T.);
#1253=ORIENTED_EDGE('',*,*,#2074,.F.);
#1254=ORIENTED_EDGE('',*,*,#2075,.T.);
#1255=ORIENTED_EDGE('',*,*,#2076,.T.);
#1256=ORIENTED_EDGE('',*,*,#2077,.T.);
#1257=ORIENTED_EDGE('',*,*,#2078,.F.);
#1258=ORIENTED_EDGE('',*,*,#2079,.T.);
#1259=ORIENTED_EDGE('',*,*,#2080,.T.);
#1260=ORIENTED_EDGE('',*,*,#2081,.T.);
#1261=ORIENTED_EDGE('',*,*,#2082,.T.);
#1262=ORIENTED_EDGE('',*,*,#2083,.F.);
#1263=ORIENTED_EDGE('',*,*,#2084,.F.);
#1264=ORIENTED_EDGE('',*,*,#2085,.F.);
#1265=ORIENTED_EDGE('',*,*,#2086,.T.);
#1266=ORIENTED_EDGE('',*,*,#2087,.F.);
#1267=ORIENTED_EDGE('',*,*,#2088,.F.);
#1268=ORIENTED_EDGE('',*,*,#2089,.F.);
#1269=ORIENTED_EDGE('',*,*,#2090,.T.);
#1270=ORIENTED_EDGE('',*,*,#2091,.T.);
#1271=ORIENTED_EDGE('',*,*,#2092,.T.);
#1272=ORIENTED_EDGE('',*,*,#2093,.T.);
#1273=ORIENTED_EDGE('',*,*,#2094,.T.);
#1274=ORIENTED_EDGE('',*,*,#2095,.T.);
#1275=ORIENTED_EDGE('',*,*,#1933,.T.);
#1276=ORIENTED_EDGE('',*,*,#1932,.T.);
#1277=ORIENTED_EDGE('',*,*,#1931,.T.);
#1278=ORIENTED_EDGE('',*,*,#2096,.F.);
#1279=ORIENTED_EDGE('',*,*,#2097,.T.);
#1280=ORIENTED_EDGE('',*,*,#2098,.F.);
#1281=ORIENTED_EDGE('',*,*,#2033,.T.);
#1282=ORIENTED_EDGE('',*,*,#1869,.F.);
#1283=ORIENTED_EDGE('',*,*,#1863,.T.);
#1284=ORIENTED_EDGE('',*,*,#1866,.T.);
#1285=ORIENTED_EDGE('',*,*,#2048,.T.);
#1286=ORIENTED_EDGE('',*,*,#1874,.F.);
#1287=ORIENTED_EDGE('',*,*,#1879,.T.);
#1288=ORIENTED_EDGE('',*,*,#1889,.T.);
#1289=ORIENTED_EDGE('',*,*,#2047,.T.);
#1290=ORIENTED_EDGE('',*,*,#2064,.F.);
#1291=ORIENTED_EDGE('',*,*,#2060,.T.);
#1292=ORIENTED_EDGE('',*,*,#2057,.T.);
#1293=ORIENTED_EDGE('',*,*,#2042,.T.);
#1294=ORIENTED_EDGE('',*,*,#2056,.F.);
#1295=ORIENTED_EDGE('',*,*,#2054,.T.);
#1296=ORIENTED_EDGE('',*,*,#2049,.T.);
#1297=ORIENTED_EDGE('',*,*,#2037,.T.);
#1298=ORIENTED_EDGE('',*,*,#2099,.T.);
#1299=ORIENTED_EDGE('',*,*,#2078,.T.);
#1300=ORIENTED_EDGE('',*,*,#2100,.T.);
#1301=ORIENTED_EDGE('',*,*,#2101,.T.);
#1302=ORIENTED_EDGE('',*,*,#1934,.F.);
#1303=ORIENTED_EDGE('',*,*,#2095,.F.);
#1304=ORIENTED_EDGE('',*,*,#2102,.F.);
#1305=ORIENTED_EDGE('',*,*,#2103,.T.);
#1306=ORIENTED_EDGE('',*,*,#2104,.T.);
#1307=ORIENTED_EDGE('',*,*,#2074,.T.);
#1308=ORIENTED_EDGE('',*,*,#2105,.T.);
#1309=ORIENTED_EDGE('',*,*,#2106,.F.);
#1310=ORIENTED_EDGE('',*,*,#2076,.F.);
#1311=ORIENTED_EDGE('',*,*,#2107,.F.);
#1312=ORIENTED_EDGE('',*,*,#2108,.T.);
#1313=ORIENTED_EDGE('',*,*,#2109,.F.);
#1314=ORIENTED_EDGE('',*,*,#2110,.F.);
#1315=ORIENTED_EDGE('',*,*,#2091,.F.);
#1316=ORIENTED_EDGE('',*,*,#1930,.F.);
#1317=ORIENTED_EDGE('',*,*,#1929,.F.);
#1318=ORIENTED_EDGE('',*,*,#2111,.T.);
#1319=ORIENTED_EDGE('',*,*,#2112,.T.);
#1320=ORIENTED_EDGE('',*,*,#2113,.T.);
#1321=ORIENTED_EDGE('',*,*,#2114,.F.);
#1322=ORIENTED_EDGE('',*,*,#2115,.F.);
#1323=ORIENTED_EDGE('',*,*,#2116,.F.);
#1324=ORIENTED_EDGE('',*,*,#2117,.F.);
#1325=ORIENTED_EDGE('',*,*,#2118,.T.);
#1326=ORIENTED_EDGE('',*,*,#2119,.F.);
#1327=ORIENTED_EDGE('',*,*,#2120,.T.);
#1328=ORIENTED_EDGE('',*,*,#2121,.T.);
#1329=ORIENTED_EDGE('',*,*,#2122,.F.);
#1330=ORIENTED_EDGE('',*,*,#2123,.F.);
#1331=ORIENTED_EDGE('',*,*,#2124,.T.);
#1332=ORIENTED_EDGE('',*,*,#2125,.T.);
#1333=ORIENTED_EDGE('',*,*,#2112,.F.);
#1334=ORIENTED_EDGE('',*,*,#2126,.F.);
#1335=ORIENTED_EDGE('',*,*,#2127,.T.);
#1336=ORIENTED_EDGE('',*,*,#2120,.F.);
#1337=ORIENTED_EDGE('',*,*,#2128,.T.);
#1338=ORIENTED_EDGE('',*,*,#2129,.T.);
#1339=ORIENTED_EDGE('',*,*,#2123,.T.);
#1340=ORIENTED_EDGE('',*,*,#2130,.T.);
#1341=ORIENTED_EDGE('',*,*,#2131,.T.);
#1342=ORIENTED_EDGE('',*,*,#2132,.T.);
#1343=ORIENTED_EDGE('',*,*,#2133,.T.);
#1344=ORIENTED_EDGE('',*,*,#2134,.T.);
#1345=ORIENTED_EDGE('',*,*,#2135,.F.);
#1346=ORIENTED_EDGE('',*,*,#2136,.F.);
#1347=ORIENTED_EDGE('',*,*,#2137,.F.);
#1348=ORIENTED_EDGE('',*,*,#2121,.F.);
#1349=ORIENTED_EDGE('',*,*,#2127,.F.);
#1350=ORIENTED_EDGE('',*,*,#2138,.T.);
#1351=ORIENTED_EDGE('',*,*,#2139,.F.);
#1352=ORIENTED_EDGE('',*,*,#2140,.F.);
#1353=ORIENTED_EDGE('',*,*,#2141,.F.);
#1354=ORIENTED_EDGE('',*,*,#2142,.F.);
#1355=ORIENTED_EDGE('',*,*,#2143,.F.);
#1356=ORIENTED_EDGE('',*,*,#2144,.F.);
#1357=ORIENTED_EDGE('',*,*,#2097,.F.);
#1358=ORIENTED_EDGE('',*,*,#2145,.T.);
#1359=ORIENTED_EDGE('',*,*,#2100,.F.);
#1360=ORIENTED_EDGE('',*,*,#2077,.F.);
#1361=ORIENTED_EDGE('',*,*,#2106,.T.);
#1362=ORIENTED_EDGE('',*,*,#2146,.T.);
#1363=ORIENTED_EDGE('',*,*,#2113,.F.);
#1364=ORIENTED_EDGE('',*,*,#2125,.F.);
#1365=ORIENTED_EDGE('',*,*,#2147,.T.);
#1366=ORIENTED_EDGE('',*,*,#2142,.T.);
#1367=ORIENTED_EDGE('',*,*,#2148,.F.);
#1368=ORIENTED_EDGE('',*,*,#2131,.F.);
#1369=ORIENTED_EDGE('',*,*,#2148,.T.);
#1370=ORIENTED_EDGE('',*,*,#2141,.T.);
#1371=ORIENTED_EDGE('',*,*,#2149,.F.);
#1372=ORIENTED_EDGE('',*,*,#2132,.F.);
#1373=ORIENTED_EDGE('',*,*,#2150,.T.);
#1374=ORIENTED_EDGE('',*,*,#2143,.T.);
#1375=ORIENTED_EDGE('',*,*,#2147,.F.);
#1376=ORIENTED_EDGE('',*,*,#2134,.F.);
#1377=ORIENTED_EDGE('',*,*,#2151,.T.);
#1378=ORIENTED_EDGE('',*,*,#2136,.T.);
#1379=ORIENTED_EDGE('',*,*,#2152,.F.);
#1380=ORIENTED_EDGE('',*,*,#2128,.F.);
#1381=ORIENTED_EDGE('',*,*,#2152,.T.);
#1382=ORIENTED_EDGE('',*,*,#2135,.T.);
#1383=ORIENTED_EDGE('',*,*,#2124,.F.);
#1384=ORIENTED_EDGE('',*,*,#2129,.F.);
#1385=ORIENTED_EDGE('',*,*,#2122,.T.);
#1386=ORIENTED_EDGE('',*,*,#2137,.T.);
#1387=ORIENTED_EDGE('',*,*,#2151,.F.);
#1388=ORIENTED_EDGE('',*,*,#2130,.F.);
#1389=ORIENTED_EDGE('',*,*,#2153,.T.);
#1390=ORIENTED_EDGE('',*,*,#2139,.T.);
#1391=ORIENTED_EDGE('',*,*,#2154,.F.);
#1392=ORIENTED_EDGE('',*,*,#2155,.F.);
#1393=ORIENTED_EDGE('',*,*,#2156,.F.);
#1394=ORIENTED_EDGE('',*,*,#2157,.F.);
#1395=ORIENTED_EDGE('',*,*,#2158,.T.);
#1396=ORIENTED_EDGE('',*,*,#2159,.F.);
#1397=ORIENTED_EDGE('',*,*,#2098,.T.);
#1398=ORIENTED_EDGE('',*,*,#2144,.T.);
#1399=ORIENTED_EDGE('',*,*,#2150,.F.);
#1400=ORIENTED_EDGE('',*,*,#2133,.F.);
#1401=ORIENTED_EDGE('',*,*,#2149,.T.);
#1402=ORIENTED_EDGE('',*,*,#2140,.T.);
#1403=ORIENTED_EDGE('',*,*,#2153,.F.);
#1404=ORIENTED_EDGE('',*,*,#2160,.F.);
#1405=ORIENTED_EDGE('',*,*,#2155,.T.);
#1406=ORIENTED_EDGE('',*,*,#2154,.T.);
#1407=ORIENTED_EDGE('',*,*,#2138,.F.);
#1408=ORIENTED_EDGE('',*,*,#2126,.T.);
#1409=ORIENTED_EDGE('',*,*,#2119,.T.);
#1410=ORIENTED_EDGE('',*,*,#2161,.F.);
#1411=ORIENTED_EDGE('',*,*,#2162,.F.);
#1412=ORIENTED_EDGE('',*,*,#2163,.F.);
#1413=ORIENTED_EDGE('',*,*,#2115,.T.);
#1414=ORIENTED_EDGE('',*,*,#2114,.T.);
#1415=ORIENTED_EDGE('',*,*,#2146,.F.);
#1416=ORIENTED_EDGE('',*,*,#2111,.F.);
#1417=ORIENTED_EDGE('',*,*,#1928,.F.);
#1418=ORIENTED_EDGE('',*,*,#2101,.F.);
#1419=ORIENTED_EDGE('',*,*,#2145,.F.);
#1420=ORIENTED_EDGE('',*,*,#2096,.T.);
#1421=ORIENTED_EDGE('',*,*,#2159,.T.);
#1422=ORIENTED_EDGE('',*,*,#2164,.F.);
#1423=ORIENTED_EDGE('',*,*,#2165,.F.);
#1424=ORIENTED_EDGE('',*,*,#2166,.T.);
#1425=ORIENTED_EDGE('',*,*,#2165,.T.);
#1426=ORIENTED_EDGE('',*,*,#2167,.F.);
#1427=ORIENTED_EDGE('',*,*,#2168,.F.);
#1428=ORIENTED_EDGE('',*,*,#2167,.T.);
#1429=ORIENTED_EDGE('',*,*,#2164,.T.);
#1430=ORIENTED_EDGE('',*,*,#2158,.F.);
#1431=ORIENTED_EDGE('',*,*,#2169,.F.);
#1432=ORIENTED_EDGE('',*,*,#2157,.T.);
#1433=ORIENTED_EDGE('',*,*,#2170,.T.);
#1434=ORIENTED_EDGE('',*,*,#2168,.T.);
#1435=ORIENTED_EDGE('',*,*,#2169,.T.);
#1436=ORIENTED_EDGE('',*,*,#2156,.T.);
#1437=ORIENTED_EDGE('',*,*,#2160,.T.);
#1438=ORIENTED_EDGE('',*,*,#2166,.F.);
#1439=ORIENTED_EDGE('',*,*,#2170,.F.);
#1440=ORIENTED_EDGE('',*,*,#2171,.T.);
#1441=ORIENTED_EDGE('',*,*,#2162,.T.);
#1442=ORIENTED_EDGE('',*,*,#2172,.F.);
#1443=ORIENTED_EDGE('',*,*,#2173,.F.);
#1444=ORIENTED_EDGE('',*,*,#2172,.T.);
#1445=ORIENTED_EDGE('',*,*,#2161,.T.);
#1446=ORIENTED_EDGE('',*,*,#2118,.F.);
#1447=ORIENTED_EDGE('',*,*,#2174,.F.);
#1448=ORIENTED_EDGE('',*,*,#2117,.T.);
#1449=ORIENTED_EDGE('',*,*,#2175,.T.);
#1450=ORIENTED_EDGE('',*,*,#2173,.T.);
#1451=ORIENTED_EDGE('',*,*,#2174,.T.);
#1452=ORIENTED_EDGE('',*,*,#2116,.T.);
#1453=ORIENTED_EDGE('',*,*,#2163,.T.);
#1454=ORIENTED_EDGE('',*,*,#2171,.F.);
#1455=ORIENTED_EDGE('',*,*,#2175,.F.);
#1456=ORIENTED_EDGE('',*,*,#2080,.F.);
#1457=ORIENTED_EDGE('',*,*,#2176,.T.);
#1458=ORIENTED_EDGE('',*,*,#2007,.F.);
#1459=ORIENTED_EDGE('',*,*,#2177,.T.);
#1460=ORIENTED_EDGE('',*,*,#2005,.F.);
#1461=ORIENTED_EDGE('',*,*,#2010,.F.);
#1462=ORIENTED_EDGE('',*,*,#2032,.F.);
#1463=ORIENTED_EDGE('',*,*,#1926,.F.);
#1464=ORIENTED_EDGE('',*,*,#2068,.F.);
#1465=ORIENTED_EDGE('',*,*,#2178,.T.);
#1466=ORIENTED_EDGE('',*,*,#1993,.F.);
#1467=ORIENTED_EDGE('',*,*,#2179,.T.);
#1468=ORIENTED_EDGE('',*,*,#1920,.F.);
#1469=ORIENTED_EDGE('',*,*,#2180,.F.);
#1470=ORIENTED_EDGE('',*,*,#1990,.F.);
#1471=ORIENTED_EDGE('',*,*,#1998,.F.);
#1472=ORIENTED_EDGE('',*,*,#2036,.F.);
#1473=ORIENTED_EDGE('',*,*,#2030,.F.);
#1474=ORIENTED_EDGE('',*,*,#2008,.F.);
#1475=ORIENTED_EDGE('',*,*,#2176,.F.);
#1476=ORIENTED_EDGE('',*,*,#2079,.F.);
#1477=ORIENTED_EDGE('',*,*,#2099,.F.);
#1478=ORIENTED_EDGE('',*,*,#1924,.F.);
#1479=ORIENTED_EDGE('',*,*,#2001,.F.);
#1480=ORIENTED_EDGE('',*,*,#2181,.F.);
#1481=ORIENTED_EDGE('',*,*,#2002,.F.);
#1482=ORIENTED_EDGE('',*,*,#2006,.F.);
#1483=ORIENTED_EDGE('',*,*,#2003,.F.);
#1484=ORIENTED_EDGE('',*,*,#2182,.F.);
#1485=ORIENTED_EDGE('',*,*,#2081,.F.);
#1486=ORIENTED_EDGE('',*,*,#2177,.F.);
#1487=ORIENTED_EDGE('',*,*,#2182,.T.);
#1488=ORIENTED_EDGE('',*,*,#2181,.T.);
#1489=ORIENTED_EDGE('',*,*,#2183,.F.);
#1490=ORIENTED_EDGE('',*,*,#1922,.F.);
#1491=ORIENTED_EDGE('',*,*,#1997,.F.);
#1492=ORIENTED_EDGE('',*,*,#2184,.F.);
#1493=ORIENTED_EDGE('',*,*,#1999,.F.);
#1494=ORIENTED_EDGE('',*,*,#2183,.T.);
#1495=ORIENTED_EDGE('',*,*,#2000,.F.);
#1496=ORIENTED_EDGE('',*,*,#2185,.F.);
#1497=ORIENTED_EDGE('',*,*,#2082,.F.);
#1498=ORIENTED_EDGE('',*,*,#2185,.T.);
#1499=ORIENTED_EDGE('',*,*,#2184,.T.);
#1500=ORIENTED_EDGE('',*,*,#2186,.F.);
#1501=ORIENTED_EDGE('',*,*,#2178,.F.);
#1502=ORIENTED_EDGE('',*,*,#2067,.F.);
#1503=ORIENTED_EDGE('',*,*,#2186,.T.);
#1504=ORIENTED_EDGE('',*,*,#1996,.F.);
#1505=ORIENTED_EDGE('',*,*,#1994,.F.);
#1506=ORIENTED_EDGE('',*,*,#2059,.F.);
#1507=ORIENTED_EDGE('',*,*,#1961,.F.);
#1508=ORIENTED_EDGE('',*,*,#2044,.F.);
#1509=ORIENTED_EDGE('',*,*,#1957,.F.);
#1510=ORIENTED_EDGE('',*,*,#2045,.F.);
#1511=ORIENTED_EDGE('',*,*,#1963,.F.);
#1512=ORIENTED_EDGE('',*,*,#2062,.F.);
#1513=ORIENTED_EDGE('',*,*,#2063,.F.);
#1514=ORIENTED_EDGE('',*,*,#2040,.F.);
#1515=ORIENTED_EDGE('',*,*,#1953,.F.);
#1516=ORIENTED_EDGE('',*,*,#2052,.F.);
#1517=ORIENTED_EDGE('',*,*,#2055,.F.);
#1518=ORIENTED_EDGE('',*,*,#2053,.F.);
#1519=ORIENTED_EDGE('',*,*,#1955,.F.);
#1520=ORIENTED_EDGE('',*,*,#2039,.F.);
#1521=ORIENTED_EDGE('',*,*,#1949,.F.);
#1522=ORIENTED_EDGE('',*,*,#1907,.F.);
#1523=ORIENTED_EDGE('',*,*,#2187,.T.);
#1524=ORIENTED_EDGE('',*,*,#2188,.T.);
#1525=ORIENTED_EDGE('',*,*,#1892,.F.);
#1526=ORIENTED_EDGE('',*,*,#1905,.F.);
#1527=ORIENTED_EDGE('',*,*,#2189,.T.);
#1528=ORIENTED_EDGE('',*,*,#2190,.T.);
#1529=ORIENTED_EDGE('',*,*,#2191,.T.);
#1530=ORIENTED_EDGE('',*,*,#2192,.T.);
#1531=ORIENTED_EDGE('',*,*,#2193,.T.);
#1532=ORIENTED_EDGE('',*,*,#1903,.F.);
#1533=ORIENTED_EDGE('',*,*,#1894,.F.);
#1534=ORIENTED_EDGE('',*,*,#2188,.F.);
#1535=ORIENTED_EDGE('',*,*,#2194,.T.);
#1536=ORIENTED_EDGE('',*,*,#2190,.F.);
#1537=ORIENTED_EDGE('',*,*,#2195,.T.);
#1538=ORIENTED_EDGE('',*,*,#2192,.F.);
#1539=ORIENTED_EDGE('',*,*,#1893,.F.);
#1540=ORIENTED_EDGE('',*,*,#2195,.F.);
#1541=ORIENTED_EDGE('',*,*,#2189,.F.);
#1542=ORIENTED_EDGE('',*,*,#1904,.F.);
#1543=ORIENTED_EDGE('',*,*,#2193,.F.);
#1544=ORIENTED_EDGE('',*,*,#2194,.F.);
#1545=ORIENTED_EDGE('',*,*,#2187,.F.);
#1546=ORIENTED_EDGE('',*,*,#1906,.F.);
#1547=ORIENTED_EDGE('',*,*,#2191,.F.);
#1548=ORIENTED_EDGE('',*,*,#2196,.T.);
#1549=ORIENTED_EDGE('',*,*,#2102,.T.);
#1550=ORIENTED_EDGE('',*,*,#2094,.F.);
#1551=ORIENTED_EDGE('',*,*,#2093,.F.);
#1552=ORIENTED_EDGE('',*,*,#2092,.F.);
#1553=ORIENTED_EDGE('',*,*,#2110,.T.);
#1554=ORIENTED_EDGE('',*,*,#2109,.T.);
#1555=ORIENTED_EDGE('',*,*,#2197,.T.);
#1556=ORIENTED_EDGE('',*,*,#2198,.T.);
#1557=ORIENTED_EDGE('',*,*,#2199,.T.);
#1558=ORIENTED_EDGE('',*,*,#2200,.F.);
#1559=ORIENTED_EDGE('',*,*,#2201,.F.);
#1560=ORIENTED_EDGE('',*,*,#2198,.F.);
#1561=ORIENTED_EDGE('',*,*,#2202,.T.);
#1562=ORIENTED_EDGE('',*,*,#2203,.T.);
#1563=ORIENTED_EDGE('',*,*,#2204,.F.);
#1564=ORIENTED_EDGE('',*,*,#2205,.F.);
#1565=ORIENTED_EDGE('',*,*,#2206,.F.);
#1566=ORIENTED_EDGE('',*,*,#2203,.F.);
#1567=ORIENTED_EDGE('',*,*,#2207,.T.);
#1568=ORIENTED_EDGE('',*,*,#2208,.T.);
#1569=ORIENTED_EDGE('',*,*,#2209,.T.);
#1570=ORIENTED_EDGE('',*,*,#2205,.T.);
#1571=ORIENTED_EDGE('',*,*,#1969,.T.);
#1572=ORIENTED_EDGE('',*,*,#1985,.F.);
#1573=ORIENTED_EDGE('',*,*,#2065,.F.);
#1574=ORIENTED_EDGE('',*,*,#2011,.T.);
#1575=ORIENTED_EDGE('',*,*,#1965,.T.);
#1576=ORIENTED_EDGE('',*,*,#1976,.T.);
#1577=ORIENTED_EDGE('',*,*,#1973,.T.);
#1578=ORIENTED_EDGE('',*,*,#2066,.F.);
#1579=ORIENTED_EDGE('',*,*,#1983,.T.);
#1580=ORIENTED_EDGE('',*,*,#1989,.T.);
#1581=ORIENTED_EDGE('',*,*,#1991,.T.);
#1582=ORIENTED_EDGE('',*,*,#2180,.T.);
#1583=ORIENTED_EDGE('',*,*,#1919,.F.);
#1584=ORIENTED_EDGE('',*,*,#2210,.T.);
#1585=ORIENTED_EDGE('',*,*,#2211,.T.);
#1586=ORIENTED_EDGE('',*,*,#1917,.T.);
#1587=ORIENTED_EDGE('',*,*,#2212,.T.);
#1588=ORIENTED_EDGE('',*,*,#2213,.T.);
#1589=ORIENTED_EDGE('',*,*,#2214,.T.);
#1590=ORIENTED_EDGE('',*,*,#2215,.T.);
#1591=ORIENTED_EDGE('',*,*,#1915,.T.);
#1592=ORIENTED_EDGE('',*,*,#2216,.T.);
#1593=ORIENTED_EDGE('',*,*,#2217,.T.);
#1594=ORIENTED_EDGE('',*,*,#2218,.T.);
#1595=ORIENTED_EDGE('',*,*,#2217,.F.);
#1596=ORIENTED_EDGE('',*,*,#2219,.T.);
#1597=ORIENTED_EDGE('',*,*,#2220,.F.);
#1598=ORIENTED_EDGE('',*,*,#2221,.T.);
#1599=ORIENTED_EDGE('',*,*,#2222,.T.);
#1600=ORIENTED_EDGE('',*,*,#2223,.T.);
#1601=ORIENTED_EDGE('',*,*,#2085,.T.);
#1602=ORIENTED_EDGE('',*,*,#2224,.T.);
#1603=ORIENTED_EDGE('',*,*,#2225,.T.);
#1604=ORIENTED_EDGE('',*,*,#2225,.F.);
#1605=ORIENTED_EDGE('',*,*,#2226,.F.);
#1606=ORIENTED_EDGE('',*,*,#2227,.F.);
#1607=ORIENTED_EDGE('',*,*,#2086,.F.);
#1608=ORIENTED_EDGE('',*,*,#2228,.F.);
#1609=ORIENTED_EDGE('',*,*,#2087,.T.);
#1610=ORIENTED_EDGE('',*,*,#2227,.T.);
#1611=ORIENTED_EDGE('',*,*,#2229,.T.);
#1612=ORIENTED_EDGE('',*,*,#2208,.F.);
#1613=ORIENTED_EDGE('',*,*,#2230,.F.);
#1614=ORIENTED_EDGE('',*,*,#2088,.T.);
#1615=ORIENTED_EDGE('',*,*,#2228,.T.);
#1616=ORIENTED_EDGE('',*,*,#2226,.T.);
#1617=ORIENTED_EDGE('',*,*,#2224,.F.);
#1618=ORIENTED_EDGE('',*,*,#2084,.T.);
#1619=ORIENTED_EDGE('',*,*,#2202,.F.);
#1620=ORIENTED_EDGE('',*,*,#2197,.F.);
#1621=ORIENTED_EDGE('',*,*,#2231,.F.);
#1622=ORIENTED_EDGE('',*,*,#2089,.T.);
#1623=ORIENTED_EDGE('',*,*,#2230,.T.);
#1624=ORIENTED_EDGE('',*,*,#2207,.F.);
#1625=ORIENTED_EDGE('',*,*,#2204,.T.);
#1626=ORIENTED_EDGE('',*,*,#2231,.T.);
#1627=ORIENTED_EDGE('',*,*,#2200,.T.);
#1628=ORIENTED_EDGE('',*,*,#2232,.T.);
#1629=ORIENTED_EDGE('',*,*,#2090,.F.);
#1630=ORIENTED_EDGE('',*,*,#2209,.F.);
#1631=ORIENTED_EDGE('',*,*,#2229,.F.);
#1632=ORIENTED_EDGE('',*,*,#2083,.T.);
#1633=ORIENTED_EDGE('',*,*,#2232,.F.);
#1634=ORIENTED_EDGE('',*,*,#2199,.F.);
#1635=ORIENTED_EDGE('',*,*,#2201,.T.);
#1636=ORIENTED_EDGE('',*,*,#2206,.T.);
#1637=ORIENTED_EDGE('',*,*,#2220,.T.);
#1638=ORIENTED_EDGE('',*,*,#2233,.T.);
#1639=ORIENTED_EDGE('',*,*,#1913,.F.);
#1640=ORIENTED_EDGE('',*,*,#1898,.F.);
#1641=ORIENTED_EDGE('',*,*,#2035,.F.);
#1642=ORIENTED_EDGE('',*,*,#2234,.T.);
#1643=ORIENTED_EDGE('',*,*,#2235,.F.);
#1644=ORIENTED_EDGE('',*,*,#2236,.F.);
#1645=ORIENTED_EDGE('',*,*,#2237,.T.);
#1646=ORIENTED_EDGE('',*,*,#2238,.T.);
#1647=ORIENTED_EDGE('',*,*,#2239,.F.);
#1648=ORIENTED_EDGE('',*,*,#2240,.T.);
#1649=ORIENTED_EDGE('',*,*,#2241,.F.);
#1650=ORIENTED_EDGE('',*,*,#2238,.F.);
#1651=ORIENTED_EDGE('',*,*,#2242,.T.);
#1652=ORIENTED_EDGE('',*,*,#2243,.T.);
#1653=ORIENTED_EDGE('',*,*,#2244,.F.);
#1654=ORIENTED_EDGE('',*,*,#2245,.F.);
#1655=ORIENTED_EDGE('',*,*,#2246,.T.);
#1656=ORIENTED_EDGE('',*,*,#2247,.T.);
#1657=ORIENTED_EDGE('',*,*,#2248,.F.);
#1658=ORIENTED_EDGE('',*,*,#2249,.T.);
#1659=ORIENTED_EDGE('',*,*,#2250,.F.);
#1660=ORIENTED_EDGE('',*,*,#2251,.F.);
#1661=ORIENTED_EDGE('',*,*,#2252,.F.);
#1662=ORIENTED_EDGE('',*,*,#2247,.F.);
#1663=ORIENTED_EDGE('',*,*,#2253,.T.);
#1664=ORIENTED_EDGE('',*,*,#2254,.T.);
#1665=ORIENTED_EDGE('',*,*,#2255,.T.);
#1666=ORIENTED_EDGE('',*,*,#2244,.T.);
#1667=ORIENTED_EDGE('',*,*,#2256,.T.);
#1668=ORIENTED_EDGE('',*,*,#2257,.T.);
#1669=ORIENTED_EDGE('',*,*,#2258,.T.);
#1670=ORIENTED_EDGE('',*,*,#2259,.T.);
#1671=ORIENTED_EDGE('',*,*,#2260,.T.);
#1672=ORIENTED_EDGE('',*,*,#2261,.F.);
#1673=ORIENTED_EDGE('',*,*,#2242,.F.);
#1674=ORIENTED_EDGE('',*,*,#2240,.F.);
#1675=ORIENTED_EDGE('',*,*,#2262,.T.);
#1676=ORIENTED_EDGE('',*,*,#2107,.T.);
#1677=ORIENTED_EDGE('',*,*,#2075,.F.);
#1678=ORIENTED_EDGE('',*,*,#2104,.F.);
#1679=ORIENTED_EDGE('',*,*,#2263,.T.);
#1680=ORIENTED_EDGE('',*,*,#2237,.F.);
#1681=ORIENTED_EDGE('',*,*,#2264,.F.);
#1682=ORIENTED_EDGE('',*,*,#2265,.F.);
#1683=ORIENTED_EDGE('',*,*,#2266,.F.);
#1684=ORIENTED_EDGE('',*,*,#2267,.F.);
#1685=ORIENTED_EDGE('',*,*,#2268,.F.);
#1686=ORIENTED_EDGE('',*,*,#2269,.F.);
#1687=ORIENTED_EDGE('',*,*,#2270,.T.);
#1688=ORIENTED_EDGE('',*,*,#2253,.F.);
#1689=ORIENTED_EDGE('',*,*,#2246,.F.);
#1690=ORIENTED_EDGE('',*,*,#2271,.F.);
#1691=ORIENTED_EDGE('',*,*,#2272,.F.);
#1692=ORIENTED_EDGE('',*,*,#2273,.T.);
#1693=ORIENTED_EDGE('',*,*,#2257,.F.);
#1694=ORIENTED_EDGE('',*,*,#2274,.F.);
#1695=ORIENTED_EDGE('',*,*,#2266,.T.);
#1696=ORIENTED_EDGE('',*,*,#2274,.T.);
#1697=ORIENTED_EDGE('',*,*,#2260,.F.);
#1698=ORIENTED_EDGE('',*,*,#2275,.F.);
#1699=ORIENTED_EDGE('',*,*,#2267,.T.);
#1700=ORIENTED_EDGE('',*,*,#2276,.T.);
#1701=ORIENTED_EDGE('',*,*,#2258,.F.);
#1702=ORIENTED_EDGE('',*,*,#2273,.F.);
#1703=ORIENTED_EDGE('',*,*,#2265,.T.);
#1704=ORIENTED_EDGE('',*,*,#2277,.T.);
#1705=ORIENTED_EDGE('',*,*,#2254,.F.);
#1706=ORIENTED_EDGE('',*,*,#2278,.F.);
#1707=ORIENTED_EDGE('',*,*,#2272,.T.);
#1708=ORIENTED_EDGE('',*,*,#2278,.T.);
#1709=ORIENTED_EDGE('',*,*,#2256,.F.);
#1710=ORIENTED_EDGE('',*,*,#2243,.F.);
#1711=ORIENTED_EDGE('',*,*,#2261,.T.);
#1712=ORIENTED_EDGE('',*,*,#2245,.T.);
#1713=ORIENTED_EDGE('',*,*,#2255,.F.);
#1714=ORIENTED_EDGE('',*,*,#2277,.F.);
#1715=ORIENTED_EDGE('',*,*,#2271,.T.);
#1716=ORIENTED_EDGE('',*,*,#2279,.T.);
#1717=ORIENTED_EDGE('',*,*,#2280,.F.);
#1718=ORIENTED_EDGE('',*,*,#2269,.T.);
#1719=ORIENTED_EDGE('',*,*,#2281,.F.);
#1720=ORIENTED_EDGE('',*,*,#2279,.F.);
#1721=ORIENTED_EDGE('',*,*,#2268,.T.);
#1722=ORIENTED_EDGE('',*,*,#2275,.T.);
#1723=ORIENTED_EDGE('',*,*,#2259,.F.);
#1724=ORIENTED_EDGE('',*,*,#2276,.F.);
#1725=ORIENTED_EDGE('',*,*,#2264,.T.);
#1726=ORIENTED_EDGE('',*,*,#2236,.T.);
#1727=ORIENTED_EDGE('',*,*,#2282,.F.);
#1728=ORIENTED_EDGE('',*,*,#2283,.T.);
#1729=ORIENTED_EDGE('',*,*,#2284,.F.);
#1730=ORIENTED_EDGE('',*,*,#2285,.F.);
#1731=ORIENTED_EDGE('',*,*,#2286,.F.);
#1732=ORIENTED_EDGE('',*,*,#2287,.F.);
#1733=ORIENTED_EDGE('',*,*,#2288,.F.);
#1734=ORIENTED_EDGE('',*,*,#2282,.T.);
#1735=ORIENTED_EDGE('',*,*,#2235,.T.);
#1736=ORIENTED_EDGE('',*,*,#2263,.F.);
#1737=ORIENTED_EDGE('',*,*,#2103,.F.);
#1738=ORIENTED_EDGE('',*,*,#2196,.F.);
#1739=ORIENTED_EDGE('',*,*,#2108,.F.);
#1740=ORIENTED_EDGE('',*,*,#2262,.F.);
#1741=ORIENTED_EDGE('',*,*,#2239,.T.);
#1742=ORIENTED_EDGE('',*,*,#2241,.T.);
#1743=ORIENTED_EDGE('',*,*,#2289,.F.);
#1744=ORIENTED_EDGE('',*,*,#2290,.F.);
#1745=ORIENTED_EDGE('',*,*,#2291,.F.);
#1746=ORIENTED_EDGE('',*,*,#2248,.T.);
#1747=ORIENTED_EDGE('',*,*,#2252,.T.);
#1748=ORIENTED_EDGE('',*,*,#2270,.F.);
#1749=ORIENTED_EDGE('',*,*,#2280,.T.);
#1750=ORIENTED_EDGE('',*,*,#2281,.T.);
#1751=ORIENTED_EDGE('',*,*,#2292,.T.);
#1752=ORIENTED_EDGE('',*,*,#2293,.F.);
#1753=ORIENTED_EDGE('',*,*,#2294,.F.);
#1754=ORIENTED_EDGE('',*,*,#2290,.T.);
#1755=ORIENTED_EDGE('',*,*,#2294,.T.);
#1756=ORIENTED_EDGE('',*,*,#2295,.F.);
#1757=ORIENTED_EDGE('',*,*,#2249,.F.);
#1758=ORIENTED_EDGE('',*,*,#2291,.T.);
#1759=ORIENTED_EDGE('',*,*,#2250,.T.);
#1760=ORIENTED_EDGE('',*,*,#2295,.T.);
#1761=ORIENTED_EDGE('',*,*,#2293,.T.);
#1762=ORIENTED_EDGE('',*,*,#2296,.T.);
#1763=ORIENTED_EDGE('',*,*,#2251,.T.);
#1764=ORIENTED_EDGE('',*,*,#2296,.F.);
#1765=ORIENTED_EDGE('',*,*,#2292,.F.);
#1766=ORIENTED_EDGE('',*,*,#2289,.T.);
#1767=ORIENTED_EDGE('',*,*,#2297,.T.);
#1768=ORIENTED_EDGE('',*,*,#2298,.F.);
#1769=ORIENTED_EDGE('',*,*,#2299,.F.);
#1770=ORIENTED_EDGE('',*,*,#2287,.T.);
#1771=ORIENTED_EDGE('',*,*,#2299,.T.);
#1772=ORIENTED_EDGE('',*,*,#2300,.F.);
#1773=ORIENTED_EDGE('',*,*,#2283,.F.);
#1774=ORIENTED_EDGE('',*,*,#2288,.T.);
#1775=ORIENTED_EDGE('',*,*,#2284,.T.);
#1776=ORIENTED_EDGE('',*,*,#2300,.T.);
#1777=ORIENTED_EDGE('',*,*,#2298,.T.);
#1778=ORIENTED_EDGE('',*,*,#2301,.T.);
#1779=ORIENTED_EDGE('',*,*,#2285,.T.);
#1780=ORIENTED_EDGE('',*,*,#2301,.F.);
#1781=ORIENTED_EDGE('',*,*,#2297,.F.);
#1782=ORIENTED_EDGE('',*,*,#2286,.T.);
#1783=ORIENTED_EDGE('',*,*,#2072,.F.);
#1784=ORIENTED_EDGE('',*,*,#2302,.T.);
#1785=ORIENTED_EDGE('',*,*,#2222,.F.);
#1786=ORIENTED_EDGE('',*,*,#2303,.T.);
#1787=ORIENTED_EDGE('',*,*,#2216,.F.);
#1788=ORIENTED_EDGE('',*,*,#1914,.F.);
#1789=ORIENTED_EDGE('',*,*,#2233,.F.);
#1790=ORIENTED_EDGE('',*,*,#2219,.F.);
#1791=ORIENTED_EDGE('',*,*,#2034,.F.);
#1792=ORIENTED_EDGE('',*,*,#2105,.F.);
#1793=ORIENTED_EDGE('',*,*,#2073,.F.);
#1794=ORIENTED_EDGE('',*,*,#2303,.F.);
#1795=ORIENTED_EDGE('',*,*,#2221,.F.);
#1796=ORIENTED_EDGE('',*,*,#2234,.F.);
#1797=ORIENTED_EDGE('',*,*,#1916,.F.);
#1798=ORIENTED_EDGE('',*,*,#2215,.F.);
#1799=ORIENTED_EDGE('',*,*,#2304,.F.);
#1800=ORIENTED_EDGE('',*,*,#2212,.F.);
#1801=ORIENTED_EDGE('',*,*,#2223,.F.);
#1802=ORIENTED_EDGE('',*,*,#2302,.F.);
#1803=ORIENTED_EDGE('',*,*,#2071,.F.);
#1804=ORIENTED_EDGE('',*,*,#2305,.F.);
#1805=ORIENTED_EDGE('',*,*,#2218,.F.);
#1806=ORIENTED_EDGE('',*,*,#2305,.T.);
#1807=ORIENTED_EDGE('',*,*,#2306,.F.);
#1808=ORIENTED_EDGE('',*,*,#2304,.T.);
#1809=ORIENTED_EDGE('',*,*,#1918,.F.);
#1810=ORIENTED_EDGE('',*,*,#2214,.F.);
#1811=ORIENTED_EDGE('',*,*,#2307,.F.);
#1812=ORIENTED_EDGE('',*,*,#2210,.F.);
#1813=ORIENTED_EDGE('',*,*,#2306,.T.);
#1814=ORIENTED_EDGE('',*,*,#2070,.F.);
#1815=ORIENTED_EDGE('',*,*,#2308,.F.);
#1816=ORIENTED_EDGE('',*,*,#2213,.F.);
#1817=ORIENTED_EDGE('',*,*,#2308,.T.);
#1818=ORIENTED_EDGE('',*,*,#2309,.F.);
#1819=ORIENTED_EDGE('',*,*,#2307,.T.);
#1820=ORIENTED_EDGE('',*,*,#2179,.F.);
#1821=ORIENTED_EDGE('',*,*,#1992,.F.);
#1822=ORIENTED_EDGE('',*,*,#2211,.F.);
#1823=ORIENTED_EDGE('',*,*,#2309,.T.);
#1824=ORIENTED_EDGE('',*,*,#2069,.F.);
#1825=ORIENTED_EDGE('',*,*,#1908,.F.);
#1826=ORIENTED_EDGE('',*,*,#1902,.F.);
#1827=ORIENTED_EDGE('',*,*,#2310,.T.);
#1828=ORIENTED_EDGE('',*,*,#2311,.T.);
#1829=ORIENTED_EDGE('',*,*,#1910,.F.);
#1830=ORIENTED_EDGE('',*,*,#2312,.T.);
#1831=ORIENTED_EDGE('',*,*,#2313,.T.);
#1832=ORIENTED_EDGE('',*,*,#2314,.T.);
#1833=ORIENTED_EDGE('',*,*,#2315,.T.);
#1834=ORIENTED_EDGE('',*,*,#1900,.F.);
#1835=ORIENTED_EDGE('',*,*,#1912,.F.);
#1836=ORIENTED_EDGE('',*,*,#2316,.T.);
#1837=ORIENTED_EDGE('',*,*,#2310,.F.);
#1838=ORIENTED_EDGE('',*,*,#1901,.F.);
#1839=ORIENTED_EDGE('',*,*,#2315,.F.);
#1840=ORIENTED_EDGE('',*,*,#2317,.T.);
#1841=ORIENTED_EDGE('',*,*,#2313,.F.);
#1842=ORIENTED_EDGE('',*,*,#2318,.T.);
#1843=ORIENTED_EDGE('',*,*,#2317,.F.);
#1844=ORIENTED_EDGE('',*,*,#2316,.F.);
#1845=ORIENTED_EDGE('',*,*,#1911,.F.);
#1846=ORIENTED_EDGE('',*,*,#2314,.F.);
#1847=ORIENTED_EDGE('',*,*,#2318,.F.);
#1848=ORIENTED_EDGE('',*,*,#2312,.F.);
#1849=ORIENTED_EDGE('',*,*,#1909,.F.);
#1850=ORIENTED_EDGE('',*,*,#2311,.F.);
#1851=EDGE_CURVE('',#2319,#2320,#2629,.T.);
#1852=EDGE_CURVE('',#2321,#2319,#207,.T.);
#1853=EDGE_CURVE('',#2322,#2321,#2630,.F.);
#1854=EDGE_CURVE('',#2320,#2322,#208,.T.);
#1855=EDGE_CURVE('',#2323,#2324,#2631,.F.);
#1856=EDGE_CURVE('',#2325,#2323,#209,.F.);
#1857=EDGE_CURVE('',#2326,#2325,#2632,.T.);
#1858=EDGE_CURVE('',#2324,#2326,#210,.T.);
#1859=EDGE_CURVE('',#2321,#2323,#211,.T.);
#1860=EDGE_CURVE('',#2325,#2319,#212,.T.);
#1861=EDGE_CURVE('',#2320,#2327,#213,.F.);
#1862=EDGE_CURVE('',#2327,#2328,#214,.F.);
#1863=EDGE_CURVE('',#2329,#2328,#215,.T.);
#1864=EDGE_CURVE('',#2326,#2329,#216,.T.);
#1865=EDGE_CURVE('',#2330,#2331,#217,.F.);
#1866=EDGE_CURVE('',#2328,#2331,#218,.F.);
#1867=EDGE_CURVE('',#2327,#2330,#219,.F.);
#1868=EDGE_CURVE('',#2324,#2332,#220,.T.);
#1869=EDGE_CURVE('',#2329,#2332,#221,.T.);
#1870=EDGE_CURVE('',#2322,#2330,#222,.F.);
#1871=EDGE_CURVE('',#2333,#2334,#223,.T.);
#1872=EDGE_CURVE('',#2333,#2335,#224,.T.);
#1873=EDGE_CURVE('',#2335,#2336,#225,.T.);
#1874=EDGE_CURVE('',#2336,#2334,#226,.T.);
#1875=EDGE_CURVE('',#2337,#2338,#227,.T.);
#1876=EDGE_CURVE('',#2338,#2339,#2633,.T.);
#1877=EDGE_CURVE('',#2339,#2340,#228,.F.);
#1878=EDGE_CURVE('',#2340,#2341,#229,.F.);
#1879=EDGE_CURVE('',#2336,#2341,#230,.T.);
#1880=EDGE_CURVE('',#2335,#2337,#2634,.T.);
#1881=EDGE_CURVE('',#2339,#2342,#231,.T.);
#1882=EDGE_CURVE('',#2342,#2343,#232,.F.);
#1883=EDGE_CURVE('',#2340,#2343,#233,.F.);
#1884=EDGE_CURVE('',#2344,#2345,#234,.T.);
#1885=EDGE_CURVE('',#2344,#2338,#235,.T.);
#1886=EDGE_CURVE('',#2337,#2345,#236,.F.);
#1887=EDGE_CURVE('',#2345,#2333,#2635,.F.);
#1888=EDGE_CURVE('',#2343,#2346,#237,.F.);
#1889=EDGE_CURVE('',#2341,#2346,#238,.F.);
#1890=EDGE_CURVE('',#2342,#2344,#2636,.F.);
#1891=EDGE_CURVE('',#2347,#2348,#239,.T.);
#1892=EDGE_CURVE('',#2347,#2349,#240,.T.);
#1893=EDGE_CURVE('',#2349,#2350,#241,.T.);
#1894=EDGE_CURVE('',#2350,#2351,#242,.T.);
#1895=EDGE_CURVE('',#2352,#2351,#243,.T.);
#1896=EDGE_CURVE('',#2352,#2353,#244,.T.);
#1897=EDGE_CURVE('',#2353,#2354,#245,.T.);
#1898=EDGE_CURVE('',#2354,#2355,#246,.F.);
#1899=EDGE_CURVE('',#2356,#2355,#247,.F.);
#1900=EDGE_CURVE('',#2356,#2357,#248,.F.);
#1901=EDGE_CURVE('',#2357,#2358,#249,.F.);
#1902=EDGE_CURVE('',#2358,#2348,#250,.F.);
#1903=EDGE_CURVE('',#2351,#2359,#251,.T.);
#1904=EDGE_CURVE('',#2359,#2360,#2637,.T.);
#1905=EDGE_CURVE('',#2360,#2361,#2638,.F.);
#1906=EDGE_CURVE('',#2361,#2362,#2639,.T.);
#1907=EDGE_CURVE('',#2362,#2347,#252,.T.);
#1908=EDGE_CURVE('',#2348,#2363,#253,.F.);
#1909=EDGE_CURVE('',#2363,#2364,#2640,.F.);
#1910=EDGE_CURVE('',#2364,#2365,#2641,.T.);
#1911=EDGE_CURVE('',#2365,#2366,#2642,.F.);
#1912=EDGE_CURVE('',#2366,#2356,#254,.F.);
#1913=EDGE_CURVE('',#2355,#2367,#255,.F.);
#1914=EDGE_CURVE('',#2367,#2368,#256,.T.);
#1915=EDGE_CURVE('',#2369,#2368,#257,.T.);
#1916=EDGE_CURVE('',#2369,#2370,#2643,.T.);
#1917=EDGE_CURVE('',#2371,#2370,#258,.F.);
#1918=EDGE_CURVE('',#2371,#2372,#2644,.T.);
#1919=EDGE_CURVE('',#2372,#2373,#259,.F.);
#1920=EDGE_CURVE('',#2373,#2374,#260,.F.);
#1921=EDGE_CURVE('',#2374,#2375,#261,.T.);
#1922=EDGE_CURVE('',#2375,#2376,#2645,.F.);
#1923=EDGE_CURVE('',#2377,#2376,#262,.T.);
#1924=EDGE_CURVE('',#2377,#2378,#2646,.F.);
#1925=EDGE_CURVE('',#2379,#2378,#263,.F.);
#1926=EDGE_CURVE('',#2379,#2380,#264,.F.);
#1927=EDGE_CURVE('',#2380,#2352,#265,.T.);
#1928=EDGE_CURVE('',#2381,#2382,#26,.F.);
#1929=EDGE_CURVE('',#2382,#2383,#27,.T.);
#1930=EDGE_CURVE('',#2383,#2384,#28,.T.);
#1931=EDGE_CURVE('',#2385,#2384,#266,.T.);
#1932=EDGE_CURVE('',#2386,#2385,#267,.F.);
#1933=EDGE_CURVE('',#2387,#2386,#268,.F.);
#1934=EDGE_CURVE('',#2387,#2381,#29,.F.);
#1935=EDGE_CURVE('',#2388,#2389,#269,.T.);
#1936=EDGE_CURVE('',#2390,#2389,#270,.F.);
#1937=EDGE_CURVE('',#2390,#2391,#271,.T.);
#1938=EDGE_CURVE('',#2391,#2388,#272,.T.);
#1939=EDGE_CURVE('',#2392,#2391,#273,.T.);
#1940=EDGE_CURVE('',#2392,#2393,#274,.T.);
#1941=EDGE_CURVE('',#2393,#2388,#275,.T.);
#1942=EDGE_CURVE('',#2393,#2394,#276,.T.);
#1943=EDGE_CURVE('',#2395,#2392,#277,.T.);
#1944=EDGE_CURVE('',#2394,#2395,#278,.T.);
#1945=EDGE_CURVE('',#2396,#2394,#279,.T.);
#1946=EDGE_CURVE('',#2395,#2397,#280,.T.);
#1947=EDGE_CURVE('',#2397,#2396,#281,.T.);
#1948=EDGE_CURVE('',#2398,#2399,#282,.F.);
#1949=EDGE_CURVE('',#2398,#2400,#283,.T.);
#1950=EDGE_CURVE('',#2400,#2401,#284,.F.);
#1951=EDGE_CURVE('',#2399,#2401,#285,.F.);
#1952=EDGE_CURVE('',#2402,#2403,#286,.T.);
#1953=EDGE_CURVE('',#2402,#2404,#287,.F.);
#1954=EDGE_CURVE('',#2405,#2404,#288,.T.);
#1955=EDGE_CURVE('',#2405,#2403,#289,.T.);
#1956=EDGE_CURVE('',#2406,#2407,#290,.F.);
#1957=EDGE_CURVE('',#2406,#2408,#291,.T.);
#1958=EDGE_CURVE('',#2408,#2409,#292,.F.);
#1959=EDGE_CURVE('',#2407,#2409,#293,.F.);
#1960=EDGE_CURVE('',#2410,#2411,#294,.T.);
#1961=EDGE_CURVE('',#2410,#2412,#295,.T.);
#1962=EDGE_CURVE('',#2413,#2412,#296,.T.);
#1963=EDGE_CURVE('',#2413,#2411,#297,.F.);
#1964=EDGE_CURVE('',#2414,#2415,#298,.T.);
#1965=EDGE_CURVE('',#2416,#2414,#299,.F.);
#1966=EDGE_CURVE('',#2417,#2416,#300,.F.);
#1967=EDGE_CURVE('',#2415,#2417,#301,.T.);
#1968=EDGE_CURVE('',#2418,#2419,#302,.T.);
#1969=EDGE_CURVE('',#2420,#2418,#303,.F.);
#1970=EDGE_CURVE('',#2420,#2421,#304,.T.);
#1971=EDGE_CURVE('',#2419,#2421,#305,.T.);
#1972=EDGE_CURVE('',#2421,#2422,#306,.T.);
#1973=EDGE_CURVE('',#2423,#2420,#307,.F.);
#1974=EDGE_CURVE('',#2422,#2423,#308,.T.);
#1975=EDGE_CURVE('',#2422,#2415,#309,.T.);
#1976=EDGE_CURVE('',#2414,#2423,#310,.F.);
#1977=EDGE_CURVE('',#2417,#2424,#311,.T.);
#1978=EDGE_CURVE('',#2425,#2424,#312,.T.);
#1979=EDGE_CURVE('',#2419,#2425,#313,.T.);
#1980=EDGE_CURVE('',#2426,#2425,#314,.T.);
#1981=EDGE_CURVE('',#2427,#2426,#315,.T.);
#1982=EDGE_CURVE('',#2427,#2428,#316,.T.);
#1983=EDGE_CURVE('',#2429,#2428,#317,.F.);
#1984=EDGE_CURVE('',#2430,#2429,#318,.F.);
#1985=EDGE_CURVE('',#2430,#2418,#319,.F.);
#1986=EDGE_CURVE('',#2431,#2426,#320,.T.);
#1987=EDGE_CURVE('',#2431,#2427,#321,.T.);
#1988=EDGE_CURVE('',#2432,#2431,#322,.F.);
#1989=EDGE_CURVE('',#2428,#2432,#323,.F.);
#1990=EDGE_CURVE('',#2433,#2434,#324,.F.);
#1991=EDGE_CURVE('',#2435,#2434,#325,.T.);
#1992=EDGE_CURVE('',#2435,#2436,#16,.F.);
#1993=EDGE_CURVE('',#2436,#2437,#326,.F.);
#1994=EDGE_CURVE('',#2437,#2438,#17,.T.);
#1995=EDGE_CURVE('',#2433,#2438,#327,.F.);
#1996=EDGE_CURVE('',#2438,#2439,#328,.T.);
#1997=EDGE_CURVE('',#2439,#2375,#329,.F.);
#1998=EDGE_CURVE('',#2374,#2433,#2647,.F.);
#1999=EDGE_CURVE('',#2376,#2440,#330,.T.);
#2000=EDGE_CURVE('',#2440,#2441,#331,.F.);
#2001=EDGE_CURVE('',#2441,#2377,#332,.T.);
#2002=EDGE_CURVE('',#2378,#2442,#333,.F.);
#2003=EDGE_CURVE('',#2442,#2443,#334,.F.);
#2004=EDGE_CURVE('',#2443,#2444,#335,.F.);
#2005=EDGE_CURVE('',#2444,#2379,#2648,.F.);
#2006=EDGE_CURVE('',#2443,#2445,#18,.T.);
#2007=EDGE_CURVE('',#2445,#2446,#336,.F.);
#2008=EDGE_CURVE('',#2446,#2447,#19,.T.);
#2009=EDGE_CURVE('',#2448,#2447,#337,.F.);
#2010=EDGE_CURVE('',#2448,#2444,#338,.F.);
#2011=EDGE_CURVE('',#2449,#2416,#339,.F.);
#2012=EDGE_CURVE('',#2424,#2449,#340,.F.);
#2013=EDGE_CURVE('',#2450,#2451,#341,.T.);
#2014=EDGE_CURVE('',#2451,#2452,#342,.T.);
#2015=EDGE_CURVE('',#2452,#2450,#343,.T.);
#2016=EDGE_CURVE('',#2453,#2451,#344,.F.);
#2017=EDGE_CURVE('',#2454,#2453,#345,.T.);
#2018=EDGE_CURVE('',#2452,#2454,#346,.T.);
#2019=EDGE_CURVE('',#2454,#2455,#347,.T.);
#2020=EDGE_CURVE('',#2453,#2455,#348,.T.);
#2021=EDGE_CURVE('',#2397,#2456,#349,.T.);
#2022=EDGE_CURVE('',#2456,#2450,#350,.T.);
#2023=EDGE_CURVE('',#2455,#2457,#351,.T.);
#2024=EDGE_CURVE('',#2396,#2457,#352,.T.);
#2025=EDGE_CURVE('',#2457,#2458,#353,.T.);
#2026=EDGE_CURVE('',#2389,#2458,#354,.T.);
#2027=EDGE_CURVE('',#2459,#2458,#355,.F.);
#2028=EDGE_CURVE('',#2459,#2390,#356,.T.);
#2029=EDGE_CURVE('',#2459,#2456,#357,.T.);
#2030=EDGE_CURVE('',#2447,#2460,#358,.F.);
#2031=EDGE_CURVE('',#2353,#2460,#359,.T.);
#2032=EDGE_CURVE('',#2380,#2448,#2649,.F.);
#2033=EDGE_CURVE('',#2461,#2332,#360,.T.);
#2034=EDGE_CURVE('',#2461,#2462,#20,.F.);
#2035=EDGE_CURVE('',#2462,#2354,#361,.T.);
#2036=EDGE_CURVE('',#2460,#2463,#21,.F.);
#2037=EDGE_CURVE('',#2464,#2463,#362,.T.);
#2038=EDGE_CURVE('',#2401,#2464,#363,.F.);
#2039=EDGE_CURVE('',#2400,#2405,#2650,.F.);
#2040=EDGE_CURVE('',#2404,#2465,#2651,.F.);
#2041=EDGE_CURVE('',#2465,#2466,#364,.T.);
#2042=EDGE_CURVE('',#2467,#2466,#365,.T.);
#2043=EDGE_CURVE('',#2409,#2467,#366,.F.);
#2044=EDGE_CURVE('',#2408,#2410,#2652,.F.);
#2045=EDGE_CURVE('',#2411,#2468,#2653,.F.);
#2046=EDGE_CURVE('',#2468,#2469,#367,.T.);
#2047=EDGE_CURVE('',#2346,#2469,#368,.T.);
#2048=EDGE_CURVE('',#2331,#2334,#369,.T.);
#2049=EDGE_CURVE('',#2470,#2464,#370,.F.);
#2050=EDGE_CURVE('',#2399,#2470,#371,.F.);
#2051=EDGE_CURVE('',#2471,#2472,#372,.T.);
#2052=EDGE_CURVE('',#2471,#2402,#2654,.T.);
#2053=EDGE_CURVE('',#2403,#2398,#2655,.T.);
#2054=EDGE_CURVE('',#2472,#2470,#373,.T.);
#2055=EDGE_CURVE('',#2465,#2471,#374,.T.);
#2056=EDGE_CURVE('',#2472,#2466,#375,.T.);
#2057=EDGE_CURVE('',#2473,#2467,#376,.F.);
#2058=EDGE_CURVE('',#2407,#2473,#377,.F.);
#2059=EDGE_CURVE('',#2412,#2406,#2656,.T.);
#2060=EDGE_CURVE('',#2474,#2473,#378,.T.);
#2061=EDGE_CURVE('',#2475,#2474,#379,.T.);
#2062=EDGE_CURVE('',#2475,#2413,#2657,.T.);
#2063=EDGE_CURVE('',#2468,#2475,#380,.T.);
#2064=EDGE_CURVE('',#2474,#2469,#381,.T.);
#2065=EDGE_CURVE('',#2449,#2430,#382,.F.);
#2066=EDGE_CURVE('',#2429,#2432,#383,.F.);
#2067=EDGE_CURVE('',#2476,#2477,#384,.F.);
#2068=EDGE_CURVE('',#2477,#2478,#385,.F.);
#2069=EDGE_CURVE('',#2478,#2479,#386,.T.);
#2070=EDGE_CURVE('',#2479,#2480,#387,.F.);
#2071=EDGE_CURVE('',#2480,#2481,#388,.F.);
#2072=EDGE_CURVE('',#2481,#2482,#389,.T.);
#2073=EDGE_CURVE('',#2482,#2483,#390,.F.);
#2074=EDGE_CURVE('',#2484,#2483,#391,.T.);
#2075=EDGE_CURVE('',#2484,#2485,#30,.F.);
#2076=EDGE_CURVE('',#2485,#2486,#392,.T.);
#2077=EDGE_CURVE('',#2486,#2487,#31,.T.);
#2078=EDGE_CURVE('',#2488,#2487,#393,.T.);
#2079=EDGE_CURVE('',#2488,#2489,#394,.T.);
#2080=EDGE_CURVE('',#2489,#2490,#395,.F.);
#2081=EDGE_CURVE('',#2490,#2491,#396,.T.);
#2082=EDGE_CURVE('',#2491,#2476,#397,.T.);
#2083=EDGE_CURVE('',#2492,#2493,#398,.F.);
#2084=EDGE_CURVE('',#2494,#2492,#399,.F.);
#2085=EDGE_CURVE('',#2495,#2494,#400,.F.);
#2086=EDGE_CURVE('',#2495,#2496,#401,.T.);
#2087=EDGE_CURVE('',#2497,#2496,#402,.F.);
#2088=EDGE_CURVE('',#2498,#2497,#403,.F.);
#2089=EDGE_CURVE('',#2499,#2498,#404,.F.);
#2090=EDGE_CURVE('',#2499,#2493,#405,.T.);
#2091=EDGE_CURVE('',#2384,#2500,#406,.T.);
#2092=EDGE_CURVE('',#2500,#2501,#407,.F.);
#2093=EDGE_CURVE('',#2501,#2502,#408,.T.);
#2094=EDGE_CURVE('',#2502,#2503,#409,.T.);
#2095=EDGE_CURVE('',#2503,#2387,#410,.T.);
#2096=EDGE_CURVE('',#2504,#2505,#411,.F.);
#2097=EDGE_CURVE('',#2504,#2506,#32,.T.);
#2098=EDGE_CURVE('',#2505,#2506,#412,.T.);
#2099=EDGE_CURVE('',#2463,#2488,#22,.F.);
#2100=EDGE_CURVE('',#2487,#2507,#33,.T.);
#2101=EDGE_CURVE('',#2507,#2381,#413,.T.);
#2102=EDGE_CURVE('',#2508,#2503,#34,.T.);
#2103=EDGE_CURVE('',#2508,#2509,#414,.T.);
#2104=EDGE_CURVE('',#2509,#2484,#35,.F.);
#2105=EDGE_CURVE('',#2483,#2461,#23,.F.);
#2106=EDGE_CURVE('',#2486,#2510,#36,.T.);
#2107=EDGE_CURVE('',#2511,#2485,#37,.F.);
#2108=EDGE_CURVE('',#2511,#2512,#415,.T.);
#2109=EDGE_CURVE('',#2513,#2512,#38,.T.);
#2110=EDGE_CURVE('',#2500,#2513,#39,.F.);
#2111=EDGE_CURVE('',#2382,#2510,#416,.T.);
#2112=EDGE_CURVE('',#2514,#2515,#417,.T.);
#2113=EDGE_CURVE('',#2515,#2516,#40,.T.);
#2114=EDGE_CURVE('',#2514,#2516,#418,.F.);
#2115=EDGE_CURVE('',#2517,#2514,#419,.F.);
#2116=EDGE_CURVE('',#2518,#2517,#420,.T.);
#2117=EDGE_CURVE('',#2519,#2518,#421,.T.);
#2118=EDGE_CURVE('',#2519,#2520,#422,.T.);
#2119=EDGE_CURVE('',#2521,#2520,#423,.F.);
#2120=EDGE_CURVE('',#2521,#2522,#424,.T.);
#2121=EDGE_CURVE('',#2522,#2523,#41,.T.);
#2122=EDGE_CURVE('',#2524,#2523,#425,.T.);
#2123=EDGE_CURVE('',#2525,#2524,#426,.F.);
#2124=EDGE_CURVE('',#2525,#2526,#427,.T.);
#2125=EDGE_CURVE('',#2526,#2515,#42,.T.);
#2126=EDGE_CURVE('',#2527,#2521,#428,.F.);
#2127=EDGE_CURVE('',#2527,#2522,#43,.T.);
#2128=EDGE_CURVE('',#2528,#2529,#429,.F.);
#2129=EDGE_CURVE('',#2529,#2525,#430,.F.);
#2130=EDGE_CURVE('',#2524,#2528,#431,.F.);
#2131=EDGE_CURVE('',#2530,#2531,#432,.F.);
#2132=EDGE_CURVE('',#2531,#2532,#433,.F.);
#2133=EDGE_CURVE('',#2532,#2533,#434,.F.);
#2134=EDGE_CURVE('',#2533,#2530,#435,.F.);
#2135=EDGE_CURVE('',#2534,#2526,#44,.T.);
#2136=EDGE_CURVE('',#2535,#2534,#45,.T.);
#2137=EDGE_CURVE('',#2523,#2535,#46,.T.);
#2138=EDGE_CURVE('',#2527,#2536,#47,.T.);
#2139=EDGE_CURVE('',#2537,#2536,#48,.T.);
#2140=EDGE_CURVE('',#2538,#2537,#49,.T.);
#2141=EDGE_CURVE('',#2539,#2538,#50,.T.);
#2142=EDGE_CURVE('',#2540,#2539,#51,.T.);
#2143=EDGE_CURVE('',#2541,#2540,#52,.T.);
#2144=EDGE_CURVE('',#2506,#2541,#53,.T.);
#2145=EDGE_CURVE('',#2504,#2507,#54,.T.);
#2146=EDGE_CURVE('',#2510,#2516,#55,.T.);
#2147=EDGE_CURVE('',#2530,#2540,#436,.T.);
#2148=EDGE_CURVE('',#2531,#2539,#437,.T.);
#2149=EDGE_CURVE('',#2532,#2538,#438,.T.);
#2150=EDGE_CURVE('',#2533,#2541,#439,.T.);
#2151=EDGE_CURVE('',#2528,#2535,#440,.T.);
#2152=EDGE_CURVE('',#2529,#2534,#441,.T.);
#2153=EDGE_CURVE('',#2542,#2537,#442,.T.);
#2154=EDGE_CURVE('',#2542,#2536,#443,.F.);
#2155=EDGE_CURVE('',#2543,#2542,#444,.F.);
#2156=EDGE_CURVE('',#2544,#2543,#445,.T.);
#2157=EDGE_CURVE('',#2545,#2544,#446,.T.);
#2158=EDGE_CURVE('',#2545,#2546,#447,.T.);
#2159=EDGE_CURVE('',#2505,#2546,#448,.F.);
#2160=EDGE_CURVE('',#2543,#2547,#449,.T.);
#2161=EDGE_CURVE('',#2548,#2520,#450,.T.);
#2162=EDGE_CURVE('',#2549,#2548,#451,.T.);
#2163=EDGE_CURVE('',#2517,#2549,#452,.T.);
#2164=EDGE_CURVE('',#2550,#2546,#453,.T.);
#2165=EDGE_CURVE('',#2547,#2550,#454,.T.);
#2166=EDGE_CURVE('',#2551,#2547,#455,.T.);
#2167=EDGE_CURVE('',#2552,#2550,#456,.T.);
#2168=EDGE_CURVE('',#2551,#2552,#457,.T.);
#2169=EDGE_CURVE('',#2552,#2545,#458,.T.);
#2170=EDGE_CURVE('',#2544,#2551,#459,.T.);
#2171=EDGE_CURVE('',#2553,#2549,#460,.T.);
#2172=EDGE_CURVE('',#2554,#2548,#461,.T.);
#2173=EDGE_CURVE('',#2553,#2554,#462,.T.);
#2174=EDGE_CURVE('',#2554,#2519,#463,.T.);
#2175=EDGE_CURVE('',#2518,#2553,#464,.T.);
#2176=EDGE_CURVE('',#2489,#2446,#56,.F.);
#2177=EDGE_CURVE('',#2445,#2490,#57,.T.);
#2178=EDGE_CURVE('',#2477,#2437,#58,.F.);
#2179=EDGE_CURVE('',#2436,#2478,#59,.T.);
#2180=EDGE_CURVE('',#2434,#2373,#2658,.T.);
#2181=EDGE_CURVE('',#2442,#2441,#2659,.T.);
#2182=EDGE_CURVE('',#2491,#2442,#2660,.T.);
#2183=EDGE_CURVE('',#2491,#2441,#2661,.F.);
#2184=EDGE_CURVE('',#2440,#2439,#2662,.T.);
#2185=EDGE_CURVE('',#2476,#2440,#2663,.T.);
#2186=EDGE_CURVE('',#2476,#2439,#2664,.F.);
#2187=EDGE_CURVE('',#2362,#2555,#465,.T.);
#2188=EDGE_CURVE('',#2555,#2349,#466,.F.);
#2189=EDGE_CURVE('',#2360,#2556,#467,.T.);
#2190=EDGE_CURVE('',#2556,#2557,#2665,.F.);
#2191=EDGE_CURVE('',#2557,#2361,#468,.F.);
#2192=EDGE_CURVE('',#2350,#2558,#469,.F.);
#2193=EDGE_CURVE('',#2558,#2359,#470,.F.);
#2194=EDGE_CURVE('',#2555,#2557,#2666,.F.);
#2195=EDGE_CURVE('',#2556,#2558,#2667,.F.);
#2196=EDGE_CURVE('',#2512,#2508,#60,.T.);
#2197=EDGE_CURVE('',#2559,#2560,#471,.F.);
#2198=EDGE_CURVE('',#2560,#2561,#472,.F.);
#2199=EDGE_CURVE('',#2561,#2562,#473,.F.);
#2200=EDGE_CURVE('',#2559,#2562,#474,.T.);
#2201=EDGE_CURVE('',#2561,#2563,#475,.F.);
#2202=EDGE_CURVE('',#2560,#2564,#476,.F.);
#2203=EDGE_CURVE('',#2564,#2563,#477,.F.);
#2204=EDGE_CURVE('',#2565,#2564,#478,.F.);
#2205=EDGE_CURVE('',#2566,#2565,#479,.F.);
#2206=EDGE_CURVE('',#2563,#2566,#480,.F.);
#2207=EDGE_CURVE('',#2565,#2567,#481,.F.);
#2208=EDGE_CURVE('',#2567,#2568,#482,.F.);
#2209=EDGE_CURVE('',#2568,#2566,#483,.F.);
#2210=EDGE_CURVE('',#2372,#2569,#484,.T.);
#2211=EDGE_CURVE('',#2569,#2435,#485,.F.);
#2212=EDGE_CURVE('',#2370,#2570,#486,.F.);
#2213=EDGE_CURVE('',#2570,#2571,#487,.T.);
#2214=EDGE_CURVE('',#2571,#2371,#488,.F.);
#2215=EDGE_CURVE('',#2572,#2369,#489,.T.);
#2216=EDGE_CURVE('',#2368,#2573,#2668,.T.);
#2217=EDGE_CURVE('',#2573,#2574,#490,.T.);
#2218=EDGE_CURVE('',#2574,#2572,#491,.T.);
#2219=EDGE_CURVE('',#2573,#2575,#492,.T.);
#2220=EDGE_CURVE('',#2576,#2575,#493,.T.);
#2221=EDGE_CURVE('',#2576,#2577,#24,.F.);
#2222=EDGE_CURVE('',#2577,#2578,#494,.T.);
#2223=EDGE_CURVE('',#2578,#2574,#25,.F.);
#2224=EDGE_CURVE('',#2494,#2579,#495,.F.);
#2225=EDGE_CURVE('',#2579,#2495,#496,.F.);
#2226=EDGE_CURVE('',#2580,#2579,#497,.F.);
#2227=EDGE_CURVE('',#2496,#2580,#498,.F.);
#2228=EDGE_CURVE('',#2497,#2580,#499,.F.);
#2229=EDGE_CURVE('',#2492,#2568,#500,.F.);
#2230=EDGE_CURVE('',#2498,#2567,#501,.F.);
#2231=EDGE_CURVE('',#2499,#2559,#502,.F.);
#2232=EDGE_CURVE('',#2562,#2493,#503,.F.);
#2233=EDGE_CURVE('',#2575,#2367,#2669,.T.);
#2234=EDGE_CURVE('',#2462,#2576,#504,.T.);
#2235=EDGE_CURVE('',#2581,#2582,#505,.T.);
#2236=EDGE_CURVE('',#2583,#2581,#506,.F.);
#2237=EDGE_CURVE('',#2583,#2582,#61,.F.);
#2238=EDGE_CURVE('',#2584,#2585,#507,.F.);
#2239=EDGE_CURVE('',#2586,#2585,#508,.T.);
#2240=EDGE_CURVE('',#2586,#2584,#62,.F.);
#2241=EDGE_CURVE('',#2585,#2587,#509,.T.);
#2242=EDGE_CURVE('',#2584,#2588,#63,.F.);
#2243=EDGE_CURVE('',#2588,#2589,#510,.F.);
#2244=EDGE_CURVE('',#2590,#2589,#511,.T.);
#2245=EDGE_CURVE('',#2591,#2590,#512,.F.);
#2246=EDGE_CURVE('',#2591,#2592,#64,.F.);
#2247=EDGE_CURVE('',#2592,#2593,#513,.F.);
#2248=EDGE_CURVE('',#2594,#2593,#514,.T.);
#2249=EDGE_CURVE('',#2594,#2595,#515,.F.);
#2250=EDGE_CURVE('',#2596,#2595,#516,.F.);
#2251=EDGE_CURVE('',#2587,#2596,#517,.F.);
#2252=EDGE_CURVE('',#2593,#2597,#518,.T.);
#2253=EDGE_CURVE('',#2592,#2597,#65,.F.);
#2254=EDGE_CURVE('',#2598,#2599,#519,.T.);
#2255=EDGE_CURVE('',#2599,#2590,#520,.T.);
#2256=EDGE_CURVE('',#2589,#2598,#521,.T.);
#2257=EDGE_CURVE('',#2600,#2601,#522,.T.);
#2258=EDGE_CURVE('',#2601,#2602,#523,.T.);
#2259=EDGE_CURVE('',#2602,#2603,#524,.T.);
#2260=EDGE_CURVE('',#2603,#2600,#525,.T.);
#2261=EDGE_CURVE('',#2588,#2604,#66,.F.);
#2262=EDGE_CURVE('',#2586,#2511,#67,.F.);
#2263=EDGE_CURVE('',#2509,#2582,#68,.F.);
#2264=EDGE_CURVE('',#2605,#2583,#69,.F.);
#2265=EDGE_CURVE('',#2606,#2605,#70,.F.);
#2266=EDGE_CURVE('',#2607,#2606,#71,.F.);
#2267=EDGE_CURVE('',#2608,#2607,#72,.F.);
#2268=EDGE_CURVE('',#2609,#2608,#73,.F.);
#2269=EDGE_CURVE('',#2610,#2609,#74,.F.);
#2270=EDGE_CURVE('',#2610,#2597,#75,.F.);
#2271=EDGE_CURVE('',#2611,#2591,#76,.F.);
#2272=EDGE_CURVE('',#2604,#2611,#77,.F.);
#2273=EDGE_CURVE('',#2606,#2601,#526,.F.);
#2274=EDGE_CURVE('',#2607,#2600,#527,.F.);
#2275=EDGE_CURVE('',#2608,#2603,#528,.F.);
#2276=EDGE_CURVE('',#2605,#2602,#529,.F.);
#2277=EDGE_CURVE('',#2611,#2599,#530,.F.);
#2278=EDGE_CURVE('',#2604,#2598,#531,.F.);
#2279=EDGE_CURVE('',#2609,#2612,#532,.F.);
#2280=EDGE_CURVE('',#2610,#2612,#533,.T.);
#2281=EDGE_CURVE('',#2612,#2613,#534,.T.);
#2282=EDGE_CURVE('',#2614,#2581,#535,.T.);
#2283=EDGE_CURVE('',#2614,#2615,#536,.F.);
#2284=EDGE_CURVE('',#2616,#2615,#537,.F.);
#2285=EDGE_CURVE('',#2613,#2616,#538,.F.);
#2286=EDGE_CURVE('',#2617,#2613,#539,.F.);
#2287=EDGE_CURVE('',#2618,#2617,#540,.F.);
#2288=EDGE_CURVE('',#2614,#2618,#541,.F.);
#2289=EDGE_CURVE('',#2619,#2587,#542,.F.);
#2290=EDGE_CURVE('',#2620,#2619,#543,.F.);
#2291=EDGE_CURVE('',#2594,#2620,#544,.F.);
#2292=EDGE_CURVE('',#2619,#2621,#545,.F.);
#2293=EDGE_CURVE('',#2622,#2621,#546,.F.);
#2294=EDGE_CURVE('',#2620,#2622,#547,.F.);
#2295=EDGE_CURVE('',#2595,#2622,#548,.F.);
#2296=EDGE_CURVE('',#2621,#2596,#549,.F.);
#2297=EDGE_CURVE('',#2617,#2623,#550,.F.);
#2298=EDGE_CURVE('',#2624,#2623,#551,.F.);
#2299=EDGE_CURVE('',#2618,#2624,#552,.F.);
#2300=EDGE_CURVE('',#2615,#2624,#553,.F.);
#2301=EDGE_CURVE('',#2623,#2616,#554,.F.);
#2302=EDGE_CURVE('',#2481,#2578,#78,.F.);
#2303=EDGE_CURVE('',#2577,#2482,#79,.T.);
#2304=EDGE_CURVE('',#2570,#2572,#2670,.F.);
#2305=EDGE_CURVE('',#2572,#2480,#2671,.F.);
#2306=EDGE_CURVE('',#2570,#2480,#2672,.T.);
#2307=EDGE_CURVE('',#2569,#2571,#2673,.F.);
#2308=EDGE_CURVE('',#2571,#2479,#2674,.F.);
#2309=EDGE_CURVE('',#2569,#2479,#2675,.T.);
#2310=EDGE_CURVE('',#2358,#2625,#555,.T.);
#2311=EDGE_CURVE('',#2625,#2363,#556,.F.);
#2312=EDGE_CURVE('',#2364,#2626,#557,.T.);
#2313=EDGE_CURVE('',#2626,#2627,#2676,.T.);
#2314=EDGE_CURVE('',#2627,#2365,#558,.F.);
#2315=EDGE_CURVE('',#2628,#2357,#559,.T.);
#2316=EDGE_CURVE('',#2366,#2628,#560,.T.);
#2317=EDGE_CURVE('',#2628,#2627,#2677,.T.);
#2318=EDGE_CURVE('',#2626,#2625,#2678,.T.);
#2319=VERTEX_POINT('',#4237);
#2320=VERTEX_POINT('',#4238);
#2321=VERTEX_POINT('',#4240);
#2322=VERTEX_POINT('',#4242);
#2323=VERTEX_POINT('',#4246);
#2324=VERTEX_POINT('',#4247);
#2325=VERTEX_POINT('',#4249);
#2326=VERTEX_POINT('',#4251);
#2327=VERTEX_POINT('',#4258);
#2328=VERTEX_POINT('',#4260);
#2329=VERTEX_POINT('',#4262);
#2330=VERTEX_POINT('',#4266);
#2331=VERTEX_POINT('',#4267);
#2332=VERTEX_POINT('',#4272);
#2333=VERTEX_POINT('',#4278);
#2334=VERTEX_POINT('',#4279);
#2335=VERTEX_POINT('',#4281);
#2336=VERTEX_POINT('',#4283);
#2337=VERTEX_POINT('',#4287);
#2338=VERTEX_POINT('',#4288);
#2339=VERTEX_POINT('',#4290);
#2340=VERTEX_POINT('',#4292);
#2341=VERTEX_POINT('',#4294);
#2342=VERTEX_POINT('',#4299);
#2343=VERTEX_POINT('',#4301);
#2344=VERTEX_POINT('',#4305);
#2345=VERTEX_POINT('',#4306);
#2346=VERTEX_POINT('',#4313);
#2347=VERTEX_POINT('',#4319);
#2348=VERTEX_POINT('',#4320);
#2349=VERTEX_POINT('',#4322);
#2350=VERTEX_POINT('',#4324);
#2351=VERTEX_POINT('',#4326);
#2352=VERTEX_POINT('',#4328);
#2353=VERTEX_POINT('',#4330);
#2354=VERTEX_POINT('',#4332);
#2355=VERTEX_POINT('',#4334);
#2356=VERTEX_POINT('',#4336);
#2357=VERTEX_POINT('',#4338);
#2358=VERTEX_POINT('',#4340);
#2359=VERTEX_POINT('',#4344);
#2360=VERTEX_POINT('',#4346);
#2361=VERTEX_POINT('',#4348);
#2362=VERTEX_POINT('',#4350);
#2363=VERTEX_POINT('',#4353);
#2364=VERTEX_POINT('',#4355);
#2365=VERTEX_POINT('',#4357);
#2366=VERTEX_POINT('',#4359);
#2367=VERTEX_POINT('',#4362);
#2368=VERTEX_POINT('',#4364);
#2369=VERTEX_POINT('',#4366);
#2370=VERTEX_POINT('',#4368);
#2371=VERTEX_POINT('',#4370);
#2372=VERTEX_POINT('',#4372);
#2373=VERTEX_POINT('',#4374);
#2374=VERTEX_POINT('',#4376);
#2375=VERTEX_POINT('',#4378);
#2376=VERTEX_POINT('',#4380);
#2377=VERTEX_POINT('',#4382);
#2378=VERTEX_POINT('',#4384);
#2379=VERTEX_POINT('',#4386);
#2380=VERTEX_POINT('',#4388);
#2381=VERTEX_POINT('',#4438);
#2382=VERTEX_POINT('',#4439);
#2383=VERTEX_POINT('',#4444);
#2384=VERTEX_POINT('',#4452);
#2385=VERTEX_POINT('',#4454);
#2386=VERTEX_POINT('',#4456);
#2387=VERTEX_POINT('',#4458);
#2388=VERTEX_POINT('',#4468);
#2389=VERTEX_POINT('',#4469);
#2390=VERTEX_POINT('',#4471);
#2391=VERTEX_POINT('',#4473);
#2392=VERTEX_POINT('',#4477);
#2393=VERTEX_POINT('',#4479);
#2394=VERTEX_POINT('',#4483);
#2395=VERTEX_POINT('',#4485);
#2396=VERTEX_POINT('',#4489);
#2397=VERTEX_POINT('',#4491);
#2398=VERTEX_POINT('',#4495);
#2399=VERTEX_POINT('',#4496);
#2400=VERTEX_POINT('',#4498);
#2401=VERTEX_POINT('',#4500);
#2402=VERTEX_POINT('',#4504);
#2403=VERTEX_POINT('',#4505);
#2404=VERTEX_POINT('',#4507);
#2405=VERTEX_POINT('',#4509);
#2406=VERTEX_POINT('',#4513);
#2407=VERTEX_POINT('',#4514);
#2408=VERTEX_POINT('',#4516);
#2409=VERTEX_POINT('',#4518);
#2410=VERTEX_POINT('',#4522);
#2411=VERTEX_POINT('',#4523);
#2412=VERTEX_POINT('',#4525);
#2413=VERTEX_POINT('',#4527);
#2414=VERTEX_POINT('',#4531);
#2415=VERTEX_POINT('',#4532);
#2416=VERTEX_POINT('',#4534);
#2417=VERTEX_POINT('',#4536);
#2418=VERTEX_POINT('',#4540);
#2419=VERTEX_POINT('',#4541);
#2420=VERTEX_POINT('',#4543);
#2421=VERTEX_POINT('',#4545);
#2422=VERTEX_POINT('',#4549);
#2423=VERTEX_POINT('',#4551);
#2424=VERTEX_POINT('',#4558);
#2425=VERTEX_POINT('',#4560);
#2426=VERTEX_POINT('',#4564);
#2427=VERTEX_POINT('',#4566);
#2428=VERTEX_POINT('',#4568);
#2429=VERTEX_POINT('',#4570);
#2430=VERTEX_POINT('',#4572);
#2431=VERTEX_POINT('',#4576);
#2432=VERTEX_POINT('',#4580);
#2433=VERTEX_POINT('',#4584);
#2434=VERTEX_POINT('',#4585);
#2435=VERTEX_POINT('',#4587);
#2436=VERTEX_POINT('',#4589);
#2437=VERTEX_POINT('',#4591);
#2438=VERTEX_POINT('',#4593);
#2439=VERTEX_POINT('',#4597);
#2440=VERTEX_POINT('',#4602);
#2441=VERTEX_POINT('',#4604);
#2442=VERTEX_POINT('',#4608);
#2443=VERTEX_POINT('',#4610);
#2444=VERTEX_POINT('',#4612);
#2445=VERTEX_POINT('',#4616);
#2446=VERTEX_POINT('',#4618);
#2447=VERTEX_POINT('',#4620);
#2448=VERTEX_POINT('',#4622);
#2449=VERTEX_POINT('',#4626);
#2450=VERTEX_POINT('',#4630);
#2451=VERTEX_POINT('',#4631);
#2452=VERTEX_POINT('',#4633);
#2453=VERTEX_POINT('',#4637);
#2454=VERTEX_POINT('',#4639);
#2455=VERTEX_POINT('',#4643);
#2456=VERTEX_POINT('',#4647);
#2457=VERTEX_POINT('',#4650);
#2458=VERTEX_POINT('',#4654);
#2459=VERTEX_POINT('',#4658);
#2460=VERTEX_POINT('',#4664);
#2461=VERTEX_POINT('',#4669);
#2462=VERTEX_POINT('',#4671);
#2463=VERTEX_POINT('',#4674);
#2464=VERTEX_POINT('',#4676);
#2465=VERTEX_POINT('',#4680);
#2466=VERTEX_POINT('',#4682);
#2467=VERTEX_POINT('',#4684);
#2468=VERTEX_POINT('',#4688);
#2469=VERTEX_POINT('',#4690);
#2470=VERTEX_POINT('',#4695);
#2471=VERTEX_POINT('',#4699);
#2472=VERTEX_POINT('',#4700);
#2473=VERTEX_POINT('',#4709);
#2474=VERTEX_POINT('',#4714);
#2475=VERTEX_POINT('',#4716);
#2476=VERTEX_POINT('',#4725);
#2477=VERTEX_POINT('',#4726);
#2478=VERTEX_POINT('',#4728);
#2479=VERTEX_POINT('',#4730);
#2480=VERTEX_POINT('',#4732);
#2481=VERTEX_POINT('',#4734);
#2482=VERTEX_POINT('',#4736);
#2483=VERTEX_POINT('',#4738);
#2484=VERTEX_POINT('',#4740);
#2485=VERTEX_POINT('',#4745);
#2486=VERTEX_POINT('',#4747);
#2487=VERTEX_POINT('',#4752);
#2488=VERTEX_POINT('',#4754);
#2489=VERTEX_POINT('',#4756);
#2490=VERTEX_POINT('',#4758);
#2491=VERTEX_POINT('',#4760);
#2492=VERTEX_POINT('',#4763);
#2493=VERTEX_POINT('',#4764);
#2494=VERTEX_POINT('',#4766);
#2495=VERTEX_POINT('',#4768);
#2496=VERTEX_POINT('',#4770);
#2497=VERTEX_POINT('',#4772);
#2498=VERTEX_POINT('',#4774);
#2499=VERTEX_POINT('',#4776);
#2500=VERTEX_POINT('',#4780);
#2501=VERTEX_POINT('',#4782);
#2502=VERTEX_POINT('',#4784);
#2503=VERTEX_POINT('',#4786);
#2504=VERTEX_POINT('',#4790);
#2505=VERTEX_POINT('',#4791);
#2506=VERTEX_POINT('',#4796);
#2507=VERTEX_POINT('',#4806);
#2508=VERTEX_POINT('',#4815);
#2509=VERTEX_POINT('',#4817);
#2510=VERTEX_POINT('',#4832);
#2511=VERTEX_POINT('',#4839);
#2512=VERTEX_POINT('',#4841);
#2513=VERTEX_POINT('',#4846);
#2514=VERTEX_POINT('',#4857);
#2515=VERTEX_POINT('',#4858);
#2516=VERTEX_POINT('',#4863);
#2517=VERTEX_POINT('',#4867);
#2518=VERTEX_POINT('',#4869);
#2519=VERTEX_POINT('',#4871);
#2520=VERTEX_POINT('',#4873);
#2521=VERTEX_POINT('',#4875);
#2522=VERTEX_POINT('',#4877);
#2523=VERTEX_POINT('',#4882);
#2524=VERTEX_POINT('',#4884);
#2525=VERTEX_POINT('',#4886);
#2526=VERTEX_POINT('',#4888);
#2527=VERTEX_POINT('',#4895);
#2528=VERTEX_POINT('',#4902);
#2529=VERTEX_POINT('',#4903);
#2530=VERTEX_POINT('',#4908);
#2531=VERTEX_POINT('',#4909);
#2532=VERTEX_POINT('',#4911);
#2533=VERTEX_POINT('',#4913);
#2534=VERTEX_POINT('',#4947);
#2535=VERTEX_POINT('',#4952);
#2536=VERTEX_POINT('',#4961);
#2537=VERTEX_POINT('',#4966);
#2538=VERTEX_POINT('',#4971);
#2539=VERTEX_POINT('',#4976);
#2540=VERTEX_POINT('',#4981);
#2541=VERTEX_POINT('',#4986);
#2542=VERTEX_POINT('',#5013);
#2543=VERTEX_POINT('',#5017);
#2544=VERTEX_POINT('',#5019);
#2545=VERTEX_POINT('',#5021);
#2546=VERTEX_POINT('',#5023);
#2547=VERTEX_POINT('',#5027);
#2548=VERTEX_POINT('',#5029);
#2549=VERTEX_POINT('',#5031);
#2550=VERTEX_POINT('',#5034);
#2551=VERTEX_POINT('',#5038);
#2552=VERTEX_POINT('',#5040);
#2553=VERTEX_POINT('',#5049);
#2554=VERTEX_POINT('',#5051);
#2555=VERTEX_POINT('',#5099);
#2556=VERTEX_POINT('',#5103);
#2557=VERTEX_POINT('',#5105);
#2558=VERTEX_POINT('',#5109);
#2559=VERTEX_POINT('',#5166);
#2560=VERTEX_POINT('',#5167);
#2561=VERTEX_POINT('',#5169);
#2562=VERTEX_POINT('',#5171);
#2563=VERTEX_POINT('',#5175);
#2564=VERTEX_POINT('',#5177);
#2565=VERTEX_POINT('',#5181);
#2566=VERTEX_POINT('',#5183);
#2567=VERTEX_POINT('',#5187);
#2568=VERTEX_POINT('',#5189);
#2569=VERTEX_POINT('',#5195);
#2570=VERTEX_POINT('',#5199);
#2571=VERTEX_POINT('',#5201);
#2572=VERTEX_POINT('',#5205);
#2573=VERTEX_POINT('',#5207);
#2574=VERTEX_POINT('',#5209);
#2575=VERTEX_POINT('',#5213);
#2576=VERTEX_POINT('',#5215);
#2577=VERTEX_POINT('',#5217);
#2578=VERTEX_POINT('',#5219);
#2579=VERTEX_POINT('',#5223);
#2580=VERTEX_POINT('',#5227);
#2581=VERTEX_POINT('',#5244);
#2582=VERTEX_POINT('',#5245);
#2583=VERTEX_POINT('',#5247);
#2584=VERTEX_POINT('',#5254);
#2585=VERTEX_POINT('',#5255);
#2586=VERTEX_POINT('',#5257);
#2587=VERTEX_POINT('',#5264);
#2588=VERTEX_POINT('',#5269);
#2589=VERTEX_POINT('',#5271);
#2590=VERTEX_POINT('',#5273);
#2591=VERTEX_POINT('',#5275);
#2592=VERTEX_POINT('',#5280);
#2593=VERTEX_POINT('',#5282);
#2594=VERTEX_POINT('',#5284);
#2595=VERTEX_POINT('',#5286);
#2596=VERTEX_POINT('',#5288);
#2597=VERTEX_POINT('',#5292);
#2598=VERTEX_POINT('',#5299);
#2599=VERTEX_POINT('',#5300);
#2600=VERTEX_POINT('',#5305);
#2601=VERTEX_POINT('',#5306);
#2602=VERTEX_POINT('',#5308);
#2603=VERTEX_POINT('',#5310);
#2604=VERTEX_POINT('',#5344);
#2605=VERTEX_POINT('',#5357);
#2606=VERTEX_POINT('',#5362);
#2607=VERTEX_POINT('',#5367);
#2608=VERTEX_POINT('',#5372);
#2609=VERTEX_POINT('',#5377);
#2610=VERTEX_POINT('',#5382);
#2611=VERTEX_POINT('',#5391);
#2612=VERTEX_POINT('',#5410);
#2613=VERTEX_POINT('',#5414);
#2614=VERTEX_POINT('',#5416);
#2615=VERTEX_POINT('',#5418);
#2616=VERTEX_POINT('',#5420);
#2617=VERTEX_POINT('',#5424);
#2618=VERTEX_POINT('',#5426);
#2619=VERTEX_POINT('',#5429);
#2620=VERTEX_POINT('',#5431);
#2621=VERTEX_POINT('',#5435);
#2622=VERTEX_POINT('',#5437);
#2623=VERTEX_POINT('',#5446);
#2624=VERTEX_POINT('',#5448);
#2625=VERTEX_POINT('',#5481);
#2626=VERTEX_POINT('',#5485);
#2627=VERTEX_POINT('',#5487);
#2628=VERTEX_POINT('',#5491);
#2629=CIRCLE('',#3222,0.2);
#2630=CIRCLE('',#3223,0.2);
#2631=CIRCLE('',#3225,0.2);
#2632=CIRCLE('',#3226,0.2);
#2633=CIRCLE('',#3234,0.2);
#2634=CIRCLE('',#3235,0.2);
#2635=CIRCLE('',#3239,0.2);
#2636=CIRCLE('',#3242,0.2);
#2637=CIRCLE('',#3245,0.5);
#2638=CIRCLE('',#3246,1.3);
#2639=CIRCLE('',#3247,0.5);
#2640=CIRCLE('',#3248,0.5);
#2641=CIRCLE('',#3249,1.3);
#2642=CIRCLE('',#3250,0.5);
#2643=CIRCLE('',#3251,0.2);
#2644=CIRCLE('',#3252,0.2);
#2645=CIRCLE('',#3253,0.2);
#2646=CIRCLE('',#3254,0.2);
#2647=CIRCLE('',#3275,0.5);
#2648=CIRCLE('',#3278,0.5);
#2649=CIRCLE('',#3291,0.5);
#2650=CIRCLE('',#3295,0.2);
#2651=CIRCLE('',#3296,0.2);
#2652=CIRCLE('',#3297,0.2);
#2653=CIRCLE('',#3298,0.2);
#2654=CIRCLE('',#3301,0.2);
#2655=CIRCLE('',#3302,0.2);
#2656=CIRCLE('',#3306,0.2);
#2657=CIRCLE('',#3307,0.2);
#2658=CIRCLE('',#3342,0.5);
#2659=CIRCLE('',#3345,0.2);
#2660=CIRCLE('',#3347,0.2);
#2661=CIRCLE('',#3349,0.2);
#2662=CIRCLE('',#3351,0.2);
#2663=CIRCLE('',#3353,0.2);
#2664=CIRCLE('',#3355,0.2);
#2665=CIRCLE('',#3363,1.3);
#2666=CIRCLE('',#3366,0.5);
#2667=CIRCLE('',#3367,0.5);
#2668=CIRCLE('',#3379,0.5);
#2669=CIRCLE('',#3391,0.5);
#2670=CIRCLE('',#3419,0.2);
#2671=CIRCLE('',#3421,0.2);
#2672=CIRCLE('',#3423,0.2);
#2673=CIRCLE('',#3425,0.2);
#2674=CIRCLE('',#3427,0.2);
#2675=CIRCLE('',#3429,0.2);
#2676=CIRCLE('',#3433,1.3);
#2677=CIRCLE('',#3436,0.5);
#2678=CIRCLE('',#3437,0.5);
#2679=EDGE_LOOP('',(#915,#916,#917,#918));
#2680=EDGE_LOOP('',(#919,#920,#921,#922));
#2681=EDGE_LOOP('',(#923,#924,#925,#926));
#2682=EDGE_LOOP('',(#927,#928,#929,#930,#931,#932,#933));
#2683=EDGE_LOOP('',(#934,#935,#936,#937));
#2684=EDGE_LOOP('',(#938,#939,#940,#941));
#2685=EDGE_LOOP('',(#942,#943,#944,#945));
#2686=EDGE_LOOP('',(#946,#947,#948,#949));
#2687=EDGE_LOOP('',(#950,#951,#952,#953,#954,#955,#956));
#2688=EDGE_LOOP('',(#957,#958,#959,#960));
#2689=EDGE_LOOP('',(#961,#962,#963,#964));
#2690=EDGE_LOOP('',(#965,#966,#967,#968));
#2691=EDGE_LOOP('',(#969,#970,#971,#972));
#2692=EDGE_LOOP('',(#973,#974,#975,#976));
#2693=EDGE_LOOP('',(#977,#978,#979,#980,#981,#982,#983,#984,#985,#986,#987,
#988));
#2694=EDGE_LOOP('',(#989,#990,#991,#992,#993,#994,#995,#996,#997,#998,#999,
#1000,#1001,#1002,#1003,#1004,#1005,#1006,#1007,#1008,#1009,#1010,#1011,
#1012,#1013,#1014,#1015,#1016));
#2695=EDGE_LOOP('',(#1017,#1018,#1019,#1020,#1021,#1022,#1023));
#2696=EDGE_LOOP('',(#1024,#1025,#1026,#1027));
#2697=EDGE_LOOP('',(#1028,#1029,#1030,#1031));
#2698=EDGE_LOOP('',(#1032,#1033,#1034,#1035));
#2699=EDGE_LOOP('',(#1036,#1037,#1038,#1039));
#2700=EDGE_LOOP('',(#1040,#1041,#1042,#1043));
#2701=EDGE_LOOP('',(#1044,#1045,#1046,#1047));
#2702=EDGE_LOOP('',(#1048,#1049,#1050,#1051));
#2703=EDGE_LOOP('',(#1052,#1053,#1054,#1055));
#2704=EDGE_LOOP('',(#1056,#1057,#1058,#1059));
#2705=EDGE_LOOP('',(#1060,#1061,#1062,#1063));
#2706=EDGE_LOOP('',(#1064,#1065,#1066,#1067));
#2707=EDGE_LOOP('',(#1068,#1069,#1070,#1071));
#2708=EDGE_LOOP('',(#1072,#1073,#1074,#1075,#1076,#1077,#1078));
#2709=EDGE_LOOP('',(#1079,#1080,#1081,#1082,#1083,#1084,#1085,#1086));
#2710=EDGE_LOOP('',(#1087,#1088,#1089));
#2711=EDGE_LOOP('',(#1090,#1091,#1092,#1093));
#2712=EDGE_LOOP('',(#1094,#1095,#1096,#1097,#1098,#1099));
#2713=EDGE_LOOP('',(#1100,#1101,#1102,#1103,#1104));
#2714=EDGE_LOOP('',(#1105,#1106,#1107,#1108));
#2715=EDGE_LOOP('',(#1109,#1110,#1111,#1112,#1113));
#2716=EDGE_LOOP('',(#1114,#1115,#1116,#1117,#1118,#1119));
#2717=EDGE_LOOP('',(#1120,#1121,#1122,#1123));
#2718=EDGE_LOOP('',(#1124,#1125,#1126));
#2719=EDGE_LOOP('',(#1127,#1128,#1129,#1130));
#2720=EDGE_LOOP('',(#1131,#1132,#1133));
#2721=EDGE_LOOP('',(#1134,#1135,#1136,#1137,#1138,#1139,#1140,#1141));
#2722=EDGE_LOOP('',(#1142,#1143,#1144,#1145,#1146,#1147,#1148));
#2723=EDGE_LOOP('',(#1149,#1150,#1151,#1152));
#2724=EDGE_LOOP('',(#1153,#1154,#1155,#1156,#1157,#1158,#1159));
#2725=EDGE_LOOP('',(#1160,#1161,#1162,#1163,#1164,#1165));
#2726=EDGE_LOOP('',(#1166,#1167,#1168,#1169,#1170,#1171,#1172,#1173,#1174,
#1175,#1176,#1177,#1178,#1179,#1180,#1181,#1182,#1183,#1184,#1185,#1186,
#1187,#1188,#1189,#1190,#1191,#1192,#1193,#1194,#1195,#1196,#1197,#1198,
#1199));
#2727=EDGE_LOOP('',(#1200,#1201,#1202,#1203));
#2728=EDGE_LOOP('',(#1204,#1205,#1206,#1207,#1208,#1209,#1210));
#2729=EDGE_LOOP('',(#1211,#1212,#1213,#1214));
#2730=EDGE_LOOP('',(#1215,#1216,#1217,#1218));
#2731=EDGE_LOOP('',(#1219,#1220,#1221,#1222,#1223,#1224,#1225));
#2732=EDGE_LOOP('',(#1226,#1227,#1228,#1229));
#2733=EDGE_LOOP('',(#1230,#1231,#1232,#1233,#1234,#1235,#1236,#1237));
#2734=EDGE_LOOP('',(#1238,#1239,#1240,#1241,#1242,#1243,#1244,#1245));
#2735=EDGE_LOOP('',(#1246,#1247,#1248,#1249,#1250,#1251,#1252,#1253,#1254,
#1255,#1256,#1257,#1258,#1259,#1260,#1261));
#2736=EDGE_LOOP('',(#1262,#1263,#1264,#1265,#1266,#1267,#1268,#1269));
#2737=EDGE_LOOP('',(#1270,#1271,#1272,#1273,#1274,#1275,#1276,#1277));
#2738=EDGE_LOOP('',(#1278,#1279,#1280));
#2739=EDGE_LOOP('',(#1281,#1282,#1283,#1284,#1285,#1286,#1287,#1288,#1289,
#1290,#1291,#1292,#1293,#1294,#1295,#1296,#1297,#1298,#1299,#1300,#1301,
#1302,#1303,#1304,#1305,#1306,#1307,#1308));
#2740=EDGE_LOOP('',(#1309,#1310,#1311,#1312,#1313,#1314,#1315,#1316,#1317,
#1318));
#2741=EDGE_LOOP('',(#1319,#1320,#1321));
#2742=EDGE_LOOP('',(#1322,#1323,#1324,#1325,#1326,#1327,#1328,#1329,#1330,
#1331,#1332,#1333));
#2743=EDGE_LOOP('',(#1334,#1335,#1336));
#2744=EDGE_LOOP('',(#1337,#1338,#1339,#1340));
#2745=EDGE_LOOP('',(#1341,#1342,#1343,#1344));
#2746=EDGE_LOOP('',(#1345,#1346,#1347,#1348,#1349,#1350,#1351,#1352,#1353,
#1354,#1355,#1356,#1357,#1358,#1359,#1360,#1361,#1362,#1363,#1364));
#2747=EDGE_LOOP('',(#1365,#1366,#1367,#1368));
#2748=EDGE_LOOP('',(#1369,#1370,#1371,#1372));
#2749=EDGE_LOOP('',(#1373,#1374,#1375,#1376));
#2750=EDGE_LOOP('',(#1377,#1378,#1379,#1380));
#2751=EDGE_LOOP('',(#1381,#1382,#1383,#1384));
#2752=EDGE_LOOP('',(#1385,#1386,#1387,#1388));
#2753=EDGE_LOOP('',(#1389,#1390,#1391));
#2754=EDGE_LOOP('',(#1392,#1393,#1394,#1395,#1396,#1397,#1398,#1399,#1400,
#1401,#1402,#1403));
#2755=EDGE_LOOP('',(#1404,#1405,#1406,#1407,#1408,#1409,#1410,#1411,#1412,
#1413,#1414,#1415,#1416,#1417,#1418,#1419,#1420,#1421,#1422,#1423));
#2756=EDGE_LOOP('',(#1424,#1425,#1426,#1427));
#2757=EDGE_LOOP('',(#1428,#1429,#1430,#1431));
#2758=EDGE_LOOP('',(#1432,#1433,#1434,#1435));
#2759=EDGE_LOOP('',(#1436,#1437,#1438,#1439));
#2760=EDGE_LOOP('',(#1440,#1441,#1442,#1443));
#2761=EDGE_LOOP('',(#1444,#1445,#1446,#1447));
#2762=EDGE_LOOP('',(#1448,#1449,#1450,#1451));
#2763=EDGE_LOOP('',(#1452,#1453,#1454,#1455));
#2764=EDGE_LOOP('',(#1456,#1457,#1458,#1459));
#2765=EDGE_LOOP('',(#1460,#1461,#1462,#1463));
#2766=EDGE_LOOP('',(#1464,#1465,#1466,#1467));
#2767=EDGE_LOOP('',(#1468,#1469,#1470,#1471));
#2768=EDGE_LOOP('',(#1472,#1473,#1474,#1475,#1476,#1477));
#2769=EDGE_LOOP('',(#1478,#1479,#1480,#1481));
#2770=EDGE_LOOP('',(#1482,#1483,#1484,#1485,#1486));
#2771=EDGE_LOOP('',(#1487,#1488,#1489));
#2772=EDGE_LOOP('',(#1490,#1491,#1492,#1493));
#2773=EDGE_LOOP('',(#1494,#1495,#1496,#1497));
#2774=EDGE_LOOP('',(#1498,#1499,#1500));
#2775=EDGE_LOOP('',(#1501,#1502,#1503,#1504,#1505));
#2776=EDGE_LOOP('',(#1506,#1507,#1508,#1509));
#2777=EDGE_LOOP('',(#1510,#1511,#1512,#1513));
#2778=EDGE_LOOP('',(#1514,#1515,#1516,#1517));
#2779=EDGE_LOOP('',(#1518,#1519,#1520,#1521));
#2780=EDGE_LOOP('',(#1522,#1523,#1524,#1525));
#2781=EDGE_LOOP('',(#1526,#1527,#1528,#1529));
#2782=EDGE_LOOP('',(#1530,#1531,#1532,#1533));
#2783=EDGE_LOOP('',(#1534,#1535,#1536,#1537,#1538,#1539));
#2784=EDGE_LOOP('',(#1540,#1541,#1542,#1543));
#2785=EDGE_LOOP('',(#1544,#1545,#1546,#1547));
#2786=EDGE_LOOP('',(#1548,#1549,#1550,#1551,#1552,#1553,#1554));
#2787=EDGE_LOOP('',(#1555,#1556,#1557,#1558));
#2788=EDGE_LOOP('',(#1559,#1560,#1561,#1562));
#2789=EDGE_LOOP('',(#1563,#1564,#1565,#1566));
#2790=EDGE_LOOP('',(#1567,#1568,#1569,#1570));
#2791=EDGE_LOOP('',(#1571,#1572,#1573,#1574,#1575,#1576,#1577));
#2792=EDGE_LOOP('',(#1578,#1579,#1580));
#2793=EDGE_LOOP('',(#1581,#1582,#1583,#1584,#1585));
#2794=EDGE_LOOP('',(#1586,#1587,#1588,#1589));
#2795=EDGE_LOOP('',(#1590,#1591,#1592,#1593,#1594));
#2796=EDGE_LOOP('',(#1595,#1596,#1597,#1598,#1599,#1600));
#2797=EDGE_LOOP('',(#1601,#1602,#1603));
#2798=EDGE_LOOP('',(#1604,#1605,#1606,#1607));
#2799=EDGE_LOOP('',(#1608,#1609,#1610));
#2800=EDGE_LOOP('',(#1611,#1612,#1613,#1614,#1615,#1616,#1617,#1618));
#2801=EDGE_LOOP('',(#1619,#1620,#1621,#1622,#1623,#1624,#1625));
#2802=EDGE_LOOP('',(#1626,#1627,#1628,#1629));
#2803=EDGE_LOOP('',(#1630,#1631,#1632,#1633,#1634,#1635,#1636));
#2804=EDGE_LOOP('',(#1637,#1638,#1639,#1640,#1641,#1642));
#2805=EDGE_LOOP('',(#1643,#1644,#1645));
#2806=EDGE_LOOP('',(#1646,#1647,#1648));
#2807=EDGE_LOOP('',(#1649,#1650,#1651,#1652,#1653,#1654,#1655,#1656,#1657,
#1658,#1659,#1660));
#2808=EDGE_LOOP('',(#1661,#1662,#1663));
#2809=EDGE_LOOP('',(#1664,#1665,#1666,#1667));
#2810=EDGE_LOOP('',(#1668,#1669,#1670,#1671));
#2811=EDGE_LOOP('',(#1672,#1673,#1674,#1675,#1676,#1677,#1678,#1679,#1680,
#1681,#1682,#1683,#1684,#1685,#1686,#1687,#1688,#1689,#1690,#1691));
#2812=EDGE_LOOP('',(#1692,#1693,#1694,#1695));
#2813=EDGE_LOOP('',(#1696,#1697,#1698,#1699));
#2814=EDGE_LOOP('',(#1700,#1701,#1702,#1703));
#2815=EDGE_LOOP('',(#1704,#1705,#1706,#1707));
#2816=EDGE_LOOP('',(#1708,#1709,#1710,#1711));
#2817=EDGE_LOOP('',(#1712,#1713,#1714,#1715));
#2818=EDGE_LOOP('',(#1716,#1717,#1718));
#2819=EDGE_LOOP('',(#1719,#1720,#1721,#1722,#1723,#1724,#1725,#1726,#1727,
#1728,#1729,#1730));
#2820=EDGE_LOOP('',(#1731,#1732,#1733,#1734,#1735,#1736,#1737,#1738,#1739,
#1740,#1741,#1742,#1743,#1744,#1745,#1746,#1747,#1748,#1749,#1750));
#2821=EDGE_LOOP('',(#1751,#1752,#1753,#1754));
#2822=EDGE_LOOP('',(#1755,#1756,#1757,#1758));
#2823=EDGE_LOOP('',(#1759,#1760,#1761,#1762));
#2824=EDGE_LOOP('',(#1763,#1764,#1765,#1766));
#2825=EDGE_LOOP('',(#1767,#1768,#1769,#1770));
#2826=EDGE_LOOP('',(#1771,#1772,#1773,#1774));
#2827=EDGE_LOOP('',(#1775,#1776,#1777,#1778));
#2828=EDGE_LOOP('',(#1779,#1780,#1781,#1782));
#2829=EDGE_LOOP('',(#1783,#1784,#1785,#1786));
#2830=EDGE_LOOP('',(#1787,#1788,#1789,#1790));
#2831=EDGE_LOOP('',(#1791,#1792,#1793,#1794,#1795,#1796));
#2832=EDGE_LOOP('',(#1797,#1798,#1799,#1800));
#2833=EDGE_LOOP('',(#1801,#1802,#1803,#1804,#1805));
#2834=EDGE_LOOP('',(#1806,#1807,#1808));
#2835=EDGE_LOOP('',(#1809,#1810,#1811,#1812));
#2836=EDGE_LOOP('',(#1813,#1814,#1815,#1816));
#2837=EDGE_LOOP('',(#1817,#1818,#1819));
#2838=EDGE_LOOP('',(#1820,#1821,#1822,#1823,#1824));
#2839=EDGE_LOOP('',(#1825,#1826,#1827,#1828));
#2840=EDGE_LOOP('',(#1829,#1830,#1831,#1832));
#2841=EDGE_LOOP('',(#1833,#1834,#1835,#1836));
#2842=EDGE_LOOP('',(#1837,#1838,#1839,#1840,#1841,#1842));
#2843=EDGE_LOOP('',(#1843,#1844,#1845,#1846));
#2844=EDGE_LOOP('',(#1847,#1848,#1849,#1850));
#2845=FACE_BOUND('',#2679,.T.);
#2846=FACE_BOUND('',#2680,.T.);
#2847=FACE_BOUND('',#2681,.T.);
#2848=FACE_BOUND('',#2682,.T.);
#2849=FACE_BOUND('',#2683,.T.);
#2850=FACE_BOUND('',#2684,.T.);
#2851=FACE_BOUND('',#2685,.T.);
#2852=FACE_BOUND('',#2686,.T.);
#2853=FACE_BOUND('',#2687,.T.);
#2854=FACE_BOUND('',#2688,.T.);
#2855=FACE_BOUND('',#2689,.T.);
#2856=FACE_BOUND('',#2690,.T.);
#2857=FACE_BOUND('',#2691,.T.);
#2858=FACE_BOUND('',#2692,.T.);
#2859=FACE_BOUND('',#2693,.T.);
#2860=FACE_BOUND('',#2694,.T.);
#2861=FACE_BOUND('',#2695,.T.);
#2862=FACE_BOUND('',#2696,.T.);
#2863=FACE_BOUND('',#2697,.T.);
#2864=FACE_BOUND('',#2698,.T.);
#2865=FACE_BOUND('',#2699,.T.);
#2866=FACE_BOUND('',#2700,.T.);
#2867=FACE_BOUND('',#2701,.T.);
#2868=FACE_BOUND('',#2702,.T.);
#2869=FACE_BOUND('',#2703,.T.);
#2870=FACE_BOUND('',#2704,.T.);
#2871=FACE_BOUND('',#2705,.T.);
#2872=FACE_BOUND('',#2706,.T.);
#2873=FACE_BOUND('',#2707,.T.);
#2874=FACE_BOUND('',#2708,.T.);
#2875=FACE_BOUND('',#2709,.T.);
#2876=FACE_BOUND('',#2710,.T.);
#2877=FACE_BOUND('',#2711,.T.);
#2878=FACE_BOUND('',#2712,.T.);
#2879=FACE_BOUND('',#2713,.T.);
#2880=FACE_BOUND('',#2714,.T.);
#2881=FACE_BOUND('',#2715,.T.);
#2882=FACE_BOUND('',#2716,.T.);
#2883=FACE_BOUND('',#2717,.T.);
#2884=FACE_BOUND('',#2718,.T.);
#2885=FACE_BOUND('',#2719,.T.);
#2886=FACE_BOUND('',#2720,.T.);
#2887=FACE_BOUND('',#2721,.T.);
#2888=FACE_BOUND('',#2722,.T.);
#2889=FACE_BOUND('',#2723,.T.);
#2890=FACE_BOUND('',#2724,.T.);
#2891=FACE_BOUND('',#2725,.T.);
#2892=FACE_BOUND('',#2726,.T.);
#2893=FACE_BOUND('',#2727,.T.);
#2894=FACE_BOUND('',#2728,.T.);
#2895=FACE_BOUND('',#2729,.T.);
#2896=FACE_BOUND('',#2730,.T.);
#2897=FACE_BOUND('',#2731,.T.);
#2898=FACE_BOUND('',#2732,.T.);
#2899=FACE_BOUND('',#2733,.T.);
#2900=FACE_BOUND('',#2734,.T.);
#2901=FACE_BOUND('',#2735,.T.);
#2902=FACE_BOUND('',#2736,.T.);
#2903=FACE_BOUND('',#2737,.T.);
#2904=FACE_BOUND('',#2738,.T.);
#2905=FACE_BOUND('',#2739,.T.);
#2906=FACE_BOUND('',#2740,.T.);
#2907=FACE_BOUND('',#2741,.T.);
#2908=FACE_BOUND('',#2742,.T.);
#2909=FACE_BOUND('',#2743,.T.);
#2910=FACE_BOUND('',#2744,.T.);
#2911=FACE_BOUND('',#2745,.T.);
#2912=FACE_BOUND('',#2746,.T.);
#2913=FACE_BOUND('',#2747,.T.);
#2914=FACE_BOUND('',#2748,.T.);
#2915=FACE_BOUND('',#2749,.T.);
#2916=FACE_BOUND('',#2750,.T.);
#2917=FACE_BOUND('',#2751,.T.);
#2918=FACE_BOUND('',#2752,.T.);
#2919=FACE_BOUND('',#2753,.T.);
#2920=FACE_BOUND('',#2754,.T.);
#2921=FACE_BOUND('',#2755,.T.);
#2922=FACE_BOUND('',#2756,.T.);
#2923=FACE_BOUND('',#2757,.T.);
#2924=FACE_BOUND('',#2758,.T.);
#2925=FACE_BOUND('',#2759,.T.);
#2926=FACE_BOUND('',#2760,.T.);
#2927=FACE_BOUND('',#2761,.T.);
#2928=FACE_BOUND('',#2762,.T.);
#2929=FACE_BOUND('',#2763,.T.);
#2930=FACE_BOUND('',#2764,.T.);
#2931=FACE_BOUND('',#2765,.T.);
#2932=FACE_BOUND('',#2766,.T.);
#2933=FACE_BOUND('',#2767,.T.);
#2934=FACE_BOUND('',#2768,.T.);
#2935=FACE_BOUND('',#2769,.T.);
#2936=FACE_BOUND('',#2770,.T.);
#2937=FACE_BOUND('',#2771,.T.);
#2938=FACE_BOUND('',#2772,.T.);
#2939=FACE_BOUND('',#2773,.T.);
#2940=FACE_BOUND('',#2774,.T.);
#2941=FACE_BOUND('',#2775,.T.);
#2942=FACE_BOUND('',#2776,.T.);
#2943=FACE_BOUND('',#2777,.T.);
#2944=FACE_BOUND('',#2778,.T.);
#2945=FACE_BOUND('',#2779,.T.);
#2946=FACE_BOUND('',#2780,.T.);
#2947=FACE_BOUND('',#2781,.T.);
#2948=FACE_BOUND('',#2782,.T.);
#2949=FACE_BOUND('',#2783,.T.);
#2950=FACE_BOUND('',#2784,.T.);
#2951=FACE_BOUND('',#2785,.T.);
#2952=FACE_BOUND('',#2786,.T.);
#2953=FACE_BOUND('',#2787,.T.);
#2954=FACE_BOUND('',#2788,.T.);
#2955=FACE_BOUND('',#2789,.T.);
#2956=FACE_BOUND('',#2790,.T.);
#2957=FACE_BOUND('',#2791,.T.);
#2958=FACE_BOUND('',#2792,.T.);
#2959=FACE_BOUND('',#2793,.T.);
#2960=FACE_BOUND('',#2794,.T.);
#2961=FACE_BOUND('',#2795,.T.);
#2962=FACE_BOUND('',#2796,.T.);
#2963=FACE_BOUND('',#2797,.T.);
#2964=FACE_BOUND('',#2798,.T.);
#2965=FACE_BOUND('',#2799,.T.);
#2966=FACE_BOUND('',#2800,.T.);
#2967=FACE_BOUND('',#2801,.T.);
#2968=FACE_BOUND('',#2802,.T.);
#2969=FACE_BOUND('',#2803,.T.);
#2970=FACE_BOUND('',#2804,.T.);
#2971=FACE_BOUND('',#2805,.T.);
#2972=FACE_BOUND('',#2806,.T.);
#2973=FACE_BOUND('',#2807,.T.);
#2974=FACE_BOUND('',#2808,.T.);
#2975=FACE_BOUND('',#2809,.T.);
#2976=FACE_BOUND('',#2810,.T.);
#2977=FACE_BOUND('',#2811,.T.);
#2978=FACE_BOUND('',#2812,.T.);
#2979=FACE_BOUND('',#2813,.T.);
#2980=FACE_BOUND('',#2814,.T.);
#2981=FACE_BOUND('',#2815,.T.);
#2982=FACE_BOUND('',#2816,.T.);
#2983=FACE_BOUND('',#2817,.T.);
#2984=FACE_BOUND('',#2818,.T.);
#2985=FACE_BOUND('',#2819,.T.);
#2986=FACE_BOUND('',#2820,.T.);
#2987=FACE_BOUND('',#2821,.T.);
#2988=FACE_BOUND('',#2822,.T.);
#2989=FACE_BOUND('',#2823,.T.);
#2990=FACE_BOUND('',#2824,.T.);
#2991=FACE_BOUND('',#2825,.T.);
#2992=FACE_BOUND('',#2826,.T.);
#2993=FACE_BOUND('',#2827,.T.);
#2994=FACE_BOUND('',#2828,.T.);
#2995=FACE_BOUND('',#2829,.T.);
#2996=FACE_BOUND('',#2830,.T.);
#2997=FACE_BOUND('',#2831,.T.);
#2998=FACE_BOUND('',#2832,.T.);
#2999=FACE_BOUND('',#2833,.T.);
#3000=FACE_BOUND('',#2834,.T.);
#3001=FACE_BOUND('',#2835,.T.);
#3002=FACE_BOUND('',#2836,.T.);
#3003=FACE_BOUND('',#2837,.T.);
#3004=FACE_BOUND('',#2838,.T.);
#3005=FACE_BOUND('',#2839,.T.);
#3006=FACE_BOUND('',#2840,.T.);
#3007=FACE_BOUND('',#2841,.T.);
#3008=FACE_BOUND('',#2842,.T.);
#3009=FACE_BOUND('',#2843,.T.);
#3010=FACE_BOUND('',#2844,.T.);
#3011=CYLINDRICAL_SURFACE('',#3221,0.2);
#3012=CYLINDRICAL_SURFACE('',#3224,0.2);
#3013=CYLINDRICAL_SURFACE('',#3238,0.2);
#3014=CYLINDRICAL_SURFACE('',#3241,0.2);
#3015=CYLINDRICAL_SURFACE('',#3338,0.5);
#3016=CYLINDRICAL_SURFACE('',#3339,0.5);
#3017=CYLINDRICAL_SURFACE('',#3340,0.5);
#3018=CYLINDRICAL_SURFACE('',#3341,0.5);
#3019=CYLINDRICAL_SURFACE('',#3343,0.2);
#3020=CYLINDRICAL_SURFACE('',#3344,0.2);
#3021=CYLINDRICAL_SURFACE('',#3346,0.2);
#3022=CYLINDRICAL_SURFACE('',#3350,0.2);
#3023=CYLINDRICAL_SURFACE('',#3352,0.2);
#3024=CYLINDRICAL_SURFACE('',#3356,0.2);
#3025=CYLINDRICAL_SURFACE('',#3357,0.2);
#3026=CYLINDRICAL_SURFACE('',#3358,0.2);
#3027=CYLINDRICAL_SURFACE('',#3359,0.2);
#3028=CYLINDRICAL_SURFACE('',#3360,0.2);
#3029=CYLINDRICAL_SURFACE('',#3362,1.3);
#3030=CYLINDRICAL_SURFACE('',#3368,0.5);
#3031=CYLINDRICAL_SURFACE('',#3369,0.5);
#3032=CYLINDRICAL_SURFACE('',#3415,0.5);
#3033=CYLINDRICAL_SURFACE('',#3416,0.5);
#3034=CYLINDRICAL_SURFACE('',#3417,0.2);
#3035=CYLINDRICAL_SURFACE('',#3418,0.2);
#3036=CYLINDRICAL_SURFACE('',#3420,0.2);
#3037=CYLINDRICAL_SURFACE('',#3424,0.2);
#3038=CYLINDRICAL_SURFACE('',#3426,0.2);
#3039=CYLINDRICAL_SURFACE('',#3430,0.2);
#3040=CYLINDRICAL_SURFACE('',#3432,1.3);
#3041=CYLINDRICAL_SURFACE('',#3438,0.5);
#3042=CYLINDRICAL_SURFACE('',#3439,0.5);
#3043=ADVANCED_FACE('',(#2845),#3011,.T.);
#3044=ADVANCED_FACE('',(#2846),#3012,.T.);
#3045=ADVANCED_FACE('',(#2847),#84,.T.);
#3046=ADVANCED_FACE('',(#2848),#85,.T.);
#3047=ADVANCED_FACE('',(#2849),#86,.T.);
#3048=ADVANCED_FACE('',(#2850),#87,.F.);
#3049=ADVANCED_FACE('',(#2851),#88,.T.);
#3050=ADVANCED_FACE('',(#2852),#89,.F.);
#3051=ADVANCED_FACE('',(#2853),#90,.T.);
#3052=ADVANCED_FACE('',(#2854),#91,.T.);
#3053=ADVANCED_FACE('',(#2855),#92,.T.);
#3054=ADVANCED_FACE('',(#2856),#3013,.T.);
#3055=ADVANCED_FACE('',(#2857),#93,.T.);
#3056=ADVANCED_FACE('',(#2858),#3014,.T.);
#3057=ADVANCED_FACE('',(#2859),#94,.T.);
#3058=ADVANCED_FACE('',(#2860),#95,.T.);
#3059=ADVANCED_FACE('',(#2861),#80,.T.);
#3060=ADVANCED_FACE('',(#2862),#96,.T.);
#3061=ADVANCED_FACE('',(#2863),#97,.F.);
#3062=ADVANCED_FACE('',(#2864),#98,.T.);
#3063=ADVANCED_FACE('',(#2865),#99,.T.);
#3064=ADVANCED_FACE('',(#2866),#100,.T.);
#3065=ADVANCED_FACE('',(#2867),#101,.T.);
#3066=ADVANCED_FACE('',(#2868),#102,.T.);
#3067=ADVANCED_FACE('',(#2869),#103,.T.);
#3068=ADVANCED_FACE('',(#2870),#104,.T.);
#3069=ADVANCED_FACE('',(#2871),#105,.F.);
#3070=ADVANCED_FACE('',(#2872),#106,.T.);
#3071=ADVANCED_FACE('',(#2873),#107,.T.);
#3072=ADVANCED_FACE('',(#2874),#108,.T.);
#3073=ADVANCED_FACE('',(#2875),#109,.T.);
#3074=ADVANCED_FACE('',(#2876),#110,.T.);
#3075=ADVANCED_FACE('',(#2877),#111,.T.);
#3076=ADVANCED_FACE('',(#2878),#112,.F.);
#3077=ADVANCED_FACE('',(#2879),#113,.F.);
#3078=ADVANCED_FACE('',(#2880),#114,.T.);
#3079=ADVANCED_FACE('',(#2881),#115,.F.);
#3080=ADVANCED_FACE('',(#2882),#116,.F.);
#3081=ADVANCED_FACE('',(#2883),#117,.T.);
#3082=ADVANCED_FACE('',(#2884),#118,.F.);
#3083=ADVANCED_FACE('',(#2885),#119,.T.);
#3084=ADVANCED_FACE('',(#2886),#120,.F.);
#3085=ADVANCED_FACE('',(#2887),#121,.F.);
#3086=ADVANCED_FACE('',(#2888),#122,.F.);
#3087=ADVANCED_FACE('',(#2889),#123,.T.);
#3088=ADVANCED_FACE('',(#2890),#124,.F.);
#3089=ADVANCED_FACE('',(#2891),#125,.F.);
#3090=ADVANCED_FACE('',(#2892),#126,.T.);
#3091=ADVANCED_FACE('',(#2893),#127,.T.);
#3092=ADVANCED_FACE('',(#2894),#128,.T.);
#3093=ADVANCED_FACE('',(#2895),#129,.F.);
#3094=ADVANCED_FACE('',(#2896),#130,.T.);
#3095=ADVANCED_FACE('',(#2897),#131,.T.);
#3096=ADVANCED_FACE('',(#2898),#132,.F.);
#3097=ADVANCED_FACE('',(#2899,#2900,#2901,#2902),#133,.F.);
#3098=ADVANCED_FACE('',(#2903),#134,.T.);
#3099=ADVANCED_FACE('',(#2904),#135,.F.);
#3100=ADVANCED_FACE('',(#2905),#136,.T.);
#3101=ADVANCED_FACE('',(#2906),#137,.F.);
#3102=ADVANCED_FACE('',(#2907),#138,.F.);
#3103=ADVANCED_FACE('',(#2908),#139,.F.);
#3104=ADVANCED_FACE('',(#2909),#140,.F.);
#3105=ADVANCED_FACE('',(#2910),#141,.F.);
#3106=ADVANCED_FACE('',(#2911),#142,.F.);
#3107=ADVANCED_FACE('',(#2912),#81,.F.);
#3108=ADVANCED_FACE('',(#2913),#143,.F.);
#3109=ADVANCED_FACE('',(#2914),#144,.F.);
#3110=ADVANCED_FACE('',(#2915),#145,.F.);
#3111=ADVANCED_FACE('',(#2916),#146,.F.);
#3112=ADVANCED_FACE('',(#2917),#147,.F.);
#3113=ADVANCED_FACE('',(#2918),#148,.F.);
#3114=ADVANCED_FACE('',(#2919),#149,.F.);
#3115=ADVANCED_FACE('',(#2920),#150,.F.);
#3116=ADVANCED_FACE('',(#2921),#151,.F.);
#3117=ADVANCED_FACE('',(#2922),#152,.F.);
#3118=ADVANCED_FACE('',(#2923),#153,.F.);
#3119=ADVANCED_FACE('',(#2924),#154,.T.);
#3120=ADVANCED_FACE('',(#2925),#155,.F.);
#3121=ADVANCED_FACE('',(#2926),#156,.F.);
#3122=ADVANCED_FACE('',(#2927),#157,.F.);
#3123=ADVANCED_FACE('',(#2928),#158,.T.);
#3124=ADVANCED_FACE('',(#2929),#159,.F.);
#3125=ADVANCED_FACE('',(#2930),#3015,.F.);
#3126=ADVANCED_FACE('',(#2931),#3016,.T.);
#3127=ADVANCED_FACE('',(#2932),#3017,.F.);
#3128=ADVANCED_FACE('',(#2933),#3018,.T.);
#3129=ADVANCED_FACE('',(#2934),#3019,.F.);
#3130=ADVANCED_FACE('',(#2935),#3020,.F.);
#3131=ADVANCED_FACE('',(#2936),#3021,.F.);
#3132=ADVANCED_FACE('',(#2937),#12,.F.);
#3133=ADVANCED_FACE('',(#2938),#3022,.F.);
#3134=ADVANCED_FACE('',(#2939),#3023,.F.);
#3135=ADVANCED_FACE('',(#2940),#13,.F.);
#3136=ADVANCED_FACE('',(#2941),#3024,.F.);
#3137=ADVANCED_FACE('',(#2942),#3025,.T.);
#3138=ADVANCED_FACE('',(#2943),#3026,.T.);
#3139=ADVANCED_FACE('',(#2944),#3027,.T.);
#3140=ADVANCED_FACE('',(#2945),#3028,.T.);
#3141=ADVANCED_FACE('',(#2946),#160,.T.);
#3142=ADVANCED_FACE('',(#2947),#3029,.F.);
#3143=ADVANCED_FACE('',(#2948),#161,.T.);
#3144=ADVANCED_FACE('',(#2949),#162,.T.);
#3145=ADVANCED_FACE('',(#2950),#3030,.T.);
#3146=ADVANCED_FACE('',(#2951),#3031,.T.);
#3147=ADVANCED_FACE('',(#2952),#82,.F.);
#3148=ADVANCED_FACE('',(#2953),#163,.T.);
#3149=ADVANCED_FACE('',(#2954),#164,.F.);
#3150=ADVANCED_FACE('',(#2955),#165,.T.);
#3151=ADVANCED_FACE('',(#2956),#166,.T.);
#3152=ADVANCED_FACE('',(#2957),#167,.T.);
#3153=ADVANCED_FACE('',(#2958),#168,.T.);
#3154=ADVANCED_FACE('',(#2959),#169,.F.);
#3155=ADVANCED_FACE('',(#2960),#170,.T.);
#3156=ADVANCED_FACE('',(#2961),#171,.F.);
#3157=ADVANCED_FACE('',(#2962),#172,.F.);
#3158=ADVANCED_FACE('',(#2963),#173,.F.);
#3159=ADVANCED_FACE('',(#2964),#174,.T.);
#3160=ADVANCED_FACE('',(#2965),#175,.F.);
#3161=ADVANCED_FACE('',(#2966),#176,.F.);
#3162=ADVANCED_FACE('',(#2967),#177,.F.);
#3163=ADVANCED_FACE('',(#2968),#178,.T.);
#3164=ADVANCED_FACE('',(#2969),#179,.F.);
#3165=ADVANCED_FACE('',(#2970),#180,.F.);
#3166=ADVANCED_FACE('',(#2971),#181,.F.);
#3167=ADVANCED_FACE('',(#2972),#182,.F.);
#3168=ADVANCED_FACE('',(#2973),#183,.F.);
#3169=ADVANCED_FACE('',(#2974),#184,.F.);
#3170=ADVANCED_FACE('',(#2975),#185,.F.);
#3171=ADVANCED_FACE('',(#2976),#186,.F.);
#3172=ADVANCED_FACE('',(#2977),#83,.T.);
#3173=ADVANCED_FACE('',(#2978),#187,.F.);
#3174=ADVANCED_FACE('',(#2979),#188,.F.);
#3175=ADVANCED_FACE('',(#2980),#189,.F.);
#3176=ADVANCED_FACE('',(#2981),#190,.F.);
#3177=ADVANCED_FACE('',(#2982),#191,.F.);
#3178=ADVANCED_FACE('',(#2983),#192,.F.);
#3179=ADVANCED_FACE('',(#2984),#193,.F.);
#3180=ADVANCED_FACE('',(#2985),#194,.F.);
#3181=ADVANCED_FACE('',(#2986),#195,.F.);
#3182=ADVANCED_FACE('',(#2987),#196,.F.);
#3183=ADVANCED_FACE('',(#2988),#197,.F.);
#3184=ADVANCED_FACE('',(#2989),#198,.T.);
#3185=ADVANCED_FACE('',(#2990),#199,.F.);
#3186=ADVANCED_FACE('',(#2991),#200,.F.);
#3187=ADVANCED_FACE('',(#2992),#201,.F.);
#3188=ADVANCED_FACE('',(#2993),#202,.T.);
#3189=ADVANCED_FACE('',(#2994),#203,.F.);
#3190=ADVANCED_FACE('',(#2995),#3032,.F.);
#3191=ADVANCED_FACE('',(#2996),#3033,.T.);
#3192=ADVANCED_FACE('',(#2997),#3034,.F.);
#3193=ADVANCED_FACE('',(#2998),#3035,.F.);
#3194=ADVANCED_FACE('',(#2999),#3036,.F.);
#3195=ADVANCED_FACE('',(#3000),#14,.F.);
#3196=ADVANCED_FACE('',(#3001),#3037,.F.);
#3197=ADVANCED_FACE('',(#3002),#3038,.F.);
#3198=ADVANCED_FACE('',(#3003),#15,.F.);
#3199=ADVANCED_FACE('',(#3004),#3039,.F.);
#3200=ADVANCED_FACE('',(#3005),#204,.T.);
#3201=ADVANCED_FACE('',(#3006),#3040,.F.);
#3202=ADVANCED_FACE('',(#3007),#205,.T.);
#3203=ADVANCED_FACE('',(#3008),#206,.T.);
#3204=ADVANCED_FACE('',(#3009),#3041,.T.);
#3205=ADVANCED_FACE('',(#3010),#3042,.T.);
#3206=CLOSED_SHELL('',(#3043,#3044,#3045,#3046,#3047,#3048,#3049,#3050,
#3051,#3052,#3053,#3054,#3055,#3056,#3057,#3058,#3059,#3060,#3061,#3062,
#3063,#3064,#3065,#3066,#3067,#3068,#3069,#3070,#3071,#3072,#3073,#3074,
#3075,#3076,#3077,#3078,#3079,#3080,#3081,#3082,#3083,#3084,#3085,#3086,
#3087,#3088,#3089,#3090,#3091,#3092,#3093,#3094,#3095,#3096,#3097,#3098,
#3099,#3100,#3101,#3102,#3103,#3104,#3105,#3106,#3107,#3108,#3109,#3110,
#3111,#3112,#3113,#3114,#3115,#3116,#3117,#3118,#3119,#3120,#3121,#3122,
#3123,#3124,#3125,#3126,#3127,#3128,#3129,#3130,#3131,#3132,#3133,#3134,
#3135,#3136,#3137,#3138,#3139,#3140,#3141,#3142,#3143,#3144,#3145,#3146,
#3147,#3148,#3149,#3150,#3151,#3152,#3153,#3154,#3155,#3156,#3157,#3158,
#3159,#3160,#3161,#3162,#3163,#3164,#3165,#3166,#3167,#3168,#3169,#3170,
#3171,#3172,#3173,#3174,#3175,#3176,#3177,#3178,#3179,#3180,#3181,#3182,
#3183,#3184,#3185,#3186,#3187,#3188,#3189,#3190,#3191,#3192,#3193,#3194,
#3195,#3196,#3197,#3198,#3199,#3200,#3201,#3202,#3203,#3204,#3205));
#3207=STYLED_ITEM('',(#3208),#3217);
#3208=PRESENTATION_STYLE_ASSIGNMENT((#3209));
#3209=SURFACE_STYLE_USAGE(.BOTH.,#3210);
#3210=SURFACE_SIDE_STYLE('',(#3213,#3211));
#3211=SURFACE_STYLE_RENDERING_WITH_PROPERTIES(.CONSTANT_SHADING.,#3216,
(#3212));
#3212=SURFACE_STYLE_TRANSPARENT(0.6);
#3213=SURFACE_STYLE_FILL_AREA(#3214);
#3214=FILL_AREA_STYLE('',(#3215));
#3215=FILL_AREA_STYLE_COLOUR('',#3216);
#3216=COLOUR_RGB('',0.52156862745098,0.627450980392157,0.686274509803922);
#3217=MANIFOLD_SOLID_BREP('Offset Surface (25)',#3206);
#3218=SHAPE_DEFINITION_REPRESENTATION(#5504,#3219);
#3219=SHAPE_REPRESENTATION('E07-02',(#3220),#5499);
#3220=AXIS2_PLACEMENT_3D('',#4234,#3440,#3441);
#3221=AXIS2_PLACEMENT_3D('',#4235,#3442,#3443);
#3222=AXIS2_PLACEMENT_3D('',#4236,#3444,#3445);
#3223=AXIS2_PLACEMENT_3D('',#4241,#3447,#3448);
#3224=AXIS2_PLACEMENT_3D('',#4244,#3450,#3451);
#3225=AXIS2_PLACEMENT_3D('',#4245,#3452,#3453);
#3226=AXIS2_PLACEMENT_3D('',#4250,#3455,#3456);
#3227=AXIS2_PLACEMENT_3D('',#4253,#3458,#3459);
#3228=AXIS2_PLACEMENT_3D('',#4256,#3462,#3463);
#3229=AXIS2_PLACEMENT_3D('',#4264,#3468,#3469);
#3230=AXIS2_PLACEMENT_3D('',#4270,#3473,#3474);
#3231=AXIS2_PLACEMENT_3D('',#4274,#3477,#3478);
#3232=AXIS2_PLACEMENT_3D('',#4276,#3480,#3481);
#3233=AXIS2_PLACEMENT_3D('',#4285,#3486,#3487);
#3234=AXIS2_PLACEMENT_3D('',#4289,#3489,#3490);
#3235=AXIS2_PLACEMENT_3D('',#4296,#3494,#3495);
#3236=AXIS2_PLACEMENT_3D('',#4297,#3496,#3497);
#3237=AXIS2_PLACEMENT_3D('',#4303,#3501,#3502);
#3238=AXIS2_PLACEMENT_3D('',#4309,#3506,#3507);
#3239=AXIS2_PLACEMENT_3D('',#4310,#3508,#3509);
#3240=AXIS2_PLACEMENT_3D('',#4311,#3510,#3511);
#3241=AXIS2_PLACEMENT_3D('',#4315,#3514,#3515);
#3242=AXIS2_PLACEMENT_3D('',#4316,#3516,#3517);
#3243=AXIS2_PLACEMENT_3D('',#4317,#3518,#3519);
#3244=AXIS2_PLACEMENT_3D('',#4342,#3532,#3533);
#3245=AXIS2_PLACEMENT_3D('',#4345,#3535,#3536);
#3246=AXIS2_PLACEMENT_3D('',#4347,#3537,#3538);
#3247=AXIS2_PLACEMENT_3D('',#4349,#3539,#3540);
#3248=AXIS2_PLACEMENT_3D('',#4354,#3543,#3544);
#3249=AXIS2_PLACEMENT_3D('',#4356,#3545,#3546);
#3250=AXIS2_PLACEMENT_3D('',#4358,#3547,#3548);
#3251=AXIS2_PLACEMENT_3D('',#4367,#3553,#3554);
#3252=AXIS2_PLACEMENT_3D('',#4371,#3556,#3557);
#3253=AXIS2_PLACEMENT_3D('',#4379,#3561,#3562);
#3254=AXIS2_PLACEMENT_3D('',#4383,#3564,#3565);
#3255=AXIS2_PLACEMENT_3D('',#4466,#3572,#3573);
#3256=AXIS2_PLACEMENT_3D('',#4475,#3578,#3579);
#3257=AXIS2_PLACEMENT_3D('',#4481,#3583,#3584);
#3258=AXIS2_PLACEMENT_3D('',#4487,#3588,#3589);
#3259=AXIS2_PLACEMENT_3D('',#4493,#3593,#3594);
#3260=AXIS2_PLACEMENT_3D('',#4502,#3599,#3600);
#3261=AXIS2_PLACEMENT_3D('',#4511,#3605,#3606);
#3262=AXIS2_PLACEMENT_3D('',#4520,#3611,#3612);
#3263=AXIS2_PLACEMENT_3D('',#4529,#3617,#3618);
#3264=AXIS2_PLACEMENT_3D('',#4538,#3623,#3624);
#3265=AXIS2_PLACEMENT_3D('',#4547,#3629,#3630);
#3266=AXIS2_PLACEMENT_3D('',#4553,#3634,#3635);
#3267=AXIS2_PLACEMENT_3D('',#4556,#3638,#3639);
#3268=AXIS2_PLACEMENT_3D('',#4562,#3643,#3644);
#3269=AXIS2_PLACEMENT_3D('',#4574,#3651,#3652);
#3270=AXIS2_PLACEMENT_3D('',#4578,#3655,#3656);
#3271=AXIS2_PLACEMENT_3D('',#4582,#3659,#3660);
#3272=AXIS2_PLACEMENT_3D('',#4588,#3663,#3664);
#3273=AXIS2_PLACEMENT_3D('',#4592,#3666,#3667);
#3274=AXIS2_PLACEMENT_3D('',#4595,#3669,#3670);
#3275=AXIS2_PLACEMENT_3D('',#4599,#3673,#3674);
#3276=AXIS2_PLACEMENT_3D('',#4600,#3675,#3676);
#3277=AXIS2_PLACEMENT_3D('',#4606,#3680,#3681);
#3278=AXIS2_PLACEMENT_3D('',#4613,#3685,#3686);
#3279=AXIS2_PLACEMENT_3D('',#4614,#3687,#3688);
#3280=AXIS2_PLACEMENT_3D('',#4615,#3689,#3690);
#3281=AXIS2_PLACEMENT_3D('',#4619,#3692,#3693);
#3282=AXIS2_PLACEMENT_3D('',#4624,#3696,#3697);
#3283=AXIS2_PLACEMENT_3D('',#4628,#3700,#3701);
#3284=AXIS2_PLACEMENT_3D('',#4635,#3705,#3706);
#3285=AXIS2_PLACEMENT_3D('',#4641,#3710,#3711);
#3286=AXIS2_PLACEMENT_3D('',#4645,#3714,#3715);
#3287=AXIS2_PLACEMENT_3D('',#4652,#3720,#3721);
#3288=AXIS2_PLACEMENT_3D('',#4656,#3724,#3725);
#3289=AXIS2_PLACEMENT_3D('',#4660,#3728,#3729);
#3290=AXIS2_PLACEMENT_3D('',#4662,#3731,#3732);
#3291=AXIS2_PLACEMENT_3D('',#4666,#3735,#3736);
#3292=AXIS2_PLACEMENT_3D('',#4667,#3737,#3738);
#3293=AXIS2_PLACEMENT_3D('',#4670,#3740,#3741);
#3294=AXIS2_PLACEMENT_3D('',#4673,#3743,#3744);
#3295=AXIS2_PLACEMENT_3D('',#4678,#3747,#3748);
#3296=AXIS2_PLACEMENT_3D('',#4679,#3749,#3750);
#3297=AXIS2_PLACEMENT_3D('',#4686,#3754,#3755);
#3298=AXIS2_PLACEMENT_3D('',#4687,#3756,#3757);
#3299=AXIS2_PLACEMENT_3D('',#4693,#3761,#3762);
#3300=AXIS2_PLACEMENT_3D('',#4697,#3765,#3766);
#3301=AXIS2_PLACEMENT_3D('',#4701,#3768,#3769);
#3302=AXIS2_PLACEMENT_3D('',#4702,#3770,#3771);
#3303=AXIS2_PLACEMENT_3D('',#4704,#3773,#3774);
#3304=AXIS2_PLACEMENT_3D('',#4707,#3777,#3778);
#3305=AXIS2_PLACEMENT_3D('',#4711,#3781,#3782);
#3306=AXIS2_PLACEMENT_3D('',#4712,#3783,#3784);
#3307=AXIS2_PLACEMENT_3D('',#4717,#3787,#3788);
#3308=AXIS2_PLACEMENT_3D('',#4718,#3789,#3790);
#3309=AXIS2_PLACEMENT_3D('',#4721,#3793,#3794);
#3310=AXIS2_PLACEMENT_3D('',#4778,#3819,#3820);
#3311=AXIS2_PLACEMENT_3D('',#4788,#3826,#3827);
#3312=AXIS2_PLACEMENT_3D('',#4798,#3830,#3831);
#3313=AXIS2_PLACEMENT_3D('',#4799,#3832,#3833);
#3314=AXIS2_PLACEMENT_3D('',#4824,#3836,#3837);
#3315=AXIS2_PLACEMENT_3D('',#4825,#3838,#3839);
#3316=AXIS2_PLACEMENT_3D('',#4855,#3842,#3843);
#3317=AXIS2_PLACEMENT_3D('',#4865,#3846,#3847);
#3318=AXIS2_PLACEMENT_3D('',#4893,#3857,#3858);
#3319=AXIS2_PLACEMENT_3D('',#4900,#3860,#3861);
#3320=AXIS2_PLACEMENT_3D('',#4906,#3865,#3866);
#3321=AXIS2_PLACEMENT_3D('',#4999,#3871,#3872);
#3322=AXIS2_PLACEMENT_3D('',#5002,#3875,#3876);
#3323=AXIS2_PLACEMENT_3D('',#5004,#3878,#3879);
#3324=AXIS2_PLACEMENT_3D('',#5006,#3881,#3882);
#3325=AXIS2_PLACEMENT_3D('',#5009,#3885,#3886);
#3326=AXIS2_PLACEMENT_3D('',#5010,#3887,#3888);
#3327=AXIS2_PLACEMENT_3D('',#5011,#3889,#3890);
#3328=AXIS2_PLACEMENT_3D('',#5015,#3893,#3894);
#3329=AXIS2_PLACEMENT_3D('',#5025,#3900,#3901);
#3330=AXIS2_PLACEMENT_3D('',#5036,#3908,#3909);
#3331=AXIS2_PLACEMENT_3D('',#5042,#3913,#3914);
#3332=AXIS2_PLACEMENT_3D('',#5044,#3916,#3917);
#3333=AXIS2_PLACEMENT_3D('',#5046,#3919,#3920);
#3334=AXIS2_PLACEMENT_3D('',#5047,#3921,#3922);
#3335=AXIS2_PLACEMENT_3D('',#5053,#3926,#3927);
#3336=AXIS2_PLACEMENT_3D('',#5055,#3929,#3930);
#3337=AXIS2_PLACEMENT_3D('',#5057,#3932,#3933);
#3338=AXIS2_PLACEMENT_3D('',#5058,#3934,#3935);
#3339=AXIS2_PLACEMENT_3D('',#5067,#3936,#3937);
#3340=AXIS2_PLACEMENT_3D('',#5068,#3938,#3939);
#3341=AXIS2_PLACEMENT_3D('',#5077,#3940,#3941);
#3342=AXIS2_PLACEMENT_3D('',#5078,#3942,#3943);
#3343=AXIS2_PLACEMENT_3D('',#5079,#3944,#3945);
#3344=AXIS2_PLACEMENT_3D('',#5080,#3946,#3947);
#3345=AXIS2_PLACEMENT_3D('',#5081,#3948,#3949);
#3346=AXIS2_PLACEMENT_3D('',#5082,#3950,#3951);
#3347=AXIS2_PLACEMENT_3D('',#5083,#3952,#3953);
#3348=AXIS2_PLACEMENT_3D('',#5084,#3954,#3955);
#3349=AXIS2_PLACEMENT_3D('',#5085,#3956,#3957);
#3350=AXIS2_PLACEMENT_3D('',#5086,#3958,#3959);
#3351=AXIS2_PLACEMENT_3D('',#5087,#3960,#3961);
#3352=AXIS2_PLACEMENT_3D('',#5088,#3962,#3963);
#3353=AXIS2_PLACEMENT_3D('',#5089,#3964,#3965);
#3354=AXIS2_PLACEMENT_3D('',#5090,#3966,#3967);
#3355=AXIS2_PLACEMENT_3D('',#5091,#3968,#3969);
#3356=AXIS2_PLACEMENT_3D('',#5092,#3970,#3971);
#3357=AXIS2_PLACEMENT_3D('',#5093,#3972,#3973);
#3358=AXIS2_PLACEMENT_3D('',#5094,#3974,#3975);
#3359=AXIS2_PLACEMENT_3D('',#5095,#3976,#3977);
#3360=AXIS2_PLACEMENT_3D('',#5096,#3978,#3979);
#3361=AXIS2_PLACEMENT_3D('',#5097,#3980,#3981);
#3362=AXIS2_PLACEMENT_3D('',#5101,#3984,#3985);
#3363=AXIS2_PLACEMENT_3D('',#5104,#3987,#3988);
#3364=AXIS2_PLACEMENT_3D('',#5107,#3990,#3991);
#3365=AXIS2_PLACEMENT_3D('',#5111,#3994,#3995);
#3366=AXIS2_PLACEMENT_3D('',#5112,#3996,#3997);
#3367=AXIS2_PLACEMENT_3D('',#5113,#3998,#3999);
#3368=AXIS2_PLACEMENT_3D('',#5114,#4000,#4001);
#3369=AXIS2_PLACEMENT_3D('',#5115,#4002,#4003);
#3370=AXIS2_PLACEMENT_3D('',#5164,#4004,#4005);
#3371=AXIS2_PLACEMENT_3D('',#5173,#4010,#4011);
#3372=AXIS2_PLACEMENT_3D('',#5179,#4015,#4016);
#3373=AXIS2_PLACEMENT_3D('',#5185,#4020,#4021);
#3374=AXIS2_PLACEMENT_3D('',#5191,#4025,#4026);
#3375=AXIS2_PLACEMENT_3D('',#5192,#4027,#4028);
#3376=AXIS2_PLACEMENT_3D('',#5193,#4029,#4030);
#3377=AXIS2_PLACEMENT_3D('',#5197,#4033,#4034);
#3378=AXIS2_PLACEMENT_3D('',#5203,#4038,#4039);
#3379=AXIS2_PLACEMENT_3D('',#5206,#4041,#4042);
#3380=AXIS2_PLACEMENT_3D('',#5211,#4045,#4046);
#3381=AXIS2_PLACEMENT_3D('',#5216,#4049,#4050);
#3382=AXIS2_PLACEMENT_3D('',#5220,#4052,#4053);
#3383=AXIS2_PLACEMENT_3D('',#5221,#4054,#4055);
#3384=AXIS2_PLACEMENT_3D('',#5225,#4058,#4059);
#3385=AXIS2_PLACEMENT_3D('',#5229,#4062,#4063);
#3386=AXIS2_PLACEMENT_3D('',#5231,#4065,#4066);
#3387=AXIS2_PLACEMENT_3D('',#5234,#4069,#4070);
#3388=AXIS2_PLACEMENT_3D('',#5236,#4072,#4073);
#3389=AXIS2_PLACEMENT_3D('',#5238,#4075,#4076);
#3390=AXIS2_PLACEMENT_3D('',#5239,#4077,#4078);
#3391=AXIS2_PLACEMENT_3D('',#5240,#4079,#4080);
#3392=AXIS2_PLACEMENT_3D('',#5242,#4082,#4083);
#3393=AXIS2_PLACEMENT_3D('',#5252,#4086,#4087);
#3394=AXIS2_PLACEMENT_3D('',#5262,#4090,#4091);
#3395=AXIS2_PLACEMENT_3D('',#5290,#4101,#4102);
#3396=AXIS2_PLACEMENT_3D('',#5297,#4104,#4105);
#3397=AXIS2_PLACEMENT_3D('',#5303,#4109,#4110);
#3398=AXIS2_PLACEMENT_3D('',#5396,#4115,#4116);
#3399=AXIS2_PLACEMENT_3D('',#5399,#4119,#4120);
#3400=AXIS2_PLACEMENT_3D('',#5401,#4122,#4123);
#3401=AXIS2_PLACEMENT_3D('',#5403,#4125,#4126);
#3402=AXIS2_PLACEMENT_3D('',#5406,#4129,#4130);
#3403=AXIS2_PLACEMENT_3D('',#5407,#4131,#4132);
#3404=AXIS2_PLACEMENT_3D('',#5408,#4133,#4134);
#3405=AXIS2_PLACEMENT_3D('',#5412,#4137,#4138);
#3406=AXIS2_PLACEMENT_3D('',#5422,#4144,#4145);
#3407=AXIS2_PLACEMENT_3D('',#5433,#4152,#4153);
#3408=AXIS2_PLACEMENT_3D('',#5439,#4157,#4158);
#3409=AXIS2_PLACEMENT_3D('',#5441,#4160,#4161);
#3410=AXIS2_PLACEMENT_3D('',#5443,#4163,#4164);
#3411=AXIS2_PLACEMENT_3D('',#5444,#4165,#4166);
#3412=AXIS2_PLACEMENT_3D('',#5450,#4170,#4171);
#3413=AXIS2_PLACEMENT_3D('',#5452,#4173,#4174);
#3414=AXIS2_PLACEMENT_3D('',#5454,#4176,#4177);
#3415=AXIS2_PLACEMENT_3D('',#5455,#4178,#4179);
#3416=AXIS2_PLACEMENT_3D('',#5464,#4180,#4181);
#3417=AXIS2_PLACEMENT_3D('',#5465,#4182,#4183);
#3418=AXIS2_PLACEMENT_3D('',#5466,#4184,#4185);
#3419=AXIS2_PLACEMENT_3D('',#5467,#4186,#4187);
#3420=AXIS2_PLACEMENT_3D('',#5468,#4188,#4189);
#3421=AXIS2_PLACEMENT_3D('',#5469,#4190,#4191);
#3422=AXIS2_PLACEMENT_3D('',#5470,#4192,#4193);
#3423=AXIS2_PLACEMENT_3D('',#5471,#4194,#4195);
#3424=AXIS2_PLACEMENT_3D('',#5472,#4196,#4197);
#3425=AXIS2_PLACEMENT_3D('',#5473,#4198,#4199);
#3426=AXIS2_PLACEMENT_3D('',#5474,#4200,#4201);
#3427=AXIS2_PLACEMENT_3D('',#5475,#4202,#4203);
#3428=AXIS2_PLACEMENT_3D('',#5476,#4204,#4205);
#3429=AXIS2_PLACEMENT_3D('',#5477,#4206,#4207);
#3430=AXIS2_PLACEMENT_3D('',#5478,#4208,#4209);
#3431=AXIS2_PLACEMENT_3D('',#5479,#4210,#4211);
#3432=AXIS2_PLACEMENT_3D('',#5483,#4214,#4215);
#3433=AXIS2_PLACEMENT_3D('',#5486,#4217,#4218);
#3434=AXIS2_PLACEMENT_3D('',#5489,#4220,#4221);
#3435=AXIS2_PLACEMENT_3D('',#5493,#4224,#4225);
#3436=AXIS2_PLACEMENT_3D('',#5494,#4226,#4227);
#3437=AXIS2_PLACEMENT_3D('',#5495,#4228,#4229);
#3438=AXIS2_PLACEMENT_3D('',#5496,#4230,#4231);
#3439=AXIS2_PLACEMENT_3D('',#5497,#4232,#4233);
#3440=DIRECTION('',(0.,0.,1.));
#3441=DIRECTION('',(1.,0.,0.));
#3442=DIRECTION('',(-3.4863055968421E-32,1.,1.70070929017334E-16));
#3443=DIRECTION('',(0.,-1.70070929017334E-16,1.));
#3444=DIRECTION('',(0.,-1.,-1.70070929017334E-16));
#3445=DIRECTION('',(0.,1.70070929017334E-16,-1.));
#3446=DIRECTION('',(2.46519032881566E-32,-1.,-1.70070929017334E-16));
#3447=DIRECTION('',(0.,-1.,-1.70070929017334E-16));
#3448=DIRECTION('',(0.,1.70070929017334E-16,-1.));
#3449=DIRECTION('',(-3.4863055968421E-32,1.,1.70070929017334E-16));
#3450=DIRECTION('',(0.,1.,1.70070929017334E-16));
#3451=DIRECTION('',(0.,-1.70070929017334E-16,1.));
#3452=DIRECTION('',(0.,-1.,-1.70070929017334E-16));
#3453=DIRECTION('',(0.,1.70070929017334E-16,-1.));
#3454=DIRECTION('',(0.,-1.,-1.70070929017334E-16));
#3455=DIRECTION('',(0.,-1.,-1.70070929017334E-16));
#3456=DIRECTION('',(0.,1.70070929017334E-16,-1.));
#3457=DIRECTION('',(0.,-1.,-1.70070929017334E-16));
#3458=DIRECTION('',(-0.707106781186548,1.20258307190853E-16,-0.707106781186547));
#3459=DIRECTION('',(0.,-1.,-1.70070929017334E-16));
#3460=DIRECTION('',(-0.707106781186547,-1.20258307190853E-16,0.707106781186548));
#3461=DIRECTION('',(0.707106781186547,1.20258307190853E-16,-0.707106781186548));
#3462=DIRECTION('',(0.,-1.,-1.70070929017334E-16));
#3463=DIRECTION('',(0.,1.70070929017334E-16,-1.));
#3464=DIRECTION('',(-1.,0.,0.));
#3465=DIRECTION('',(0.,1.70070929017334E-16,-1.));
#3466=DIRECTION('',(1.,-4.5386893974767E-31,2.66870383063181E-15));
#3467=DIRECTION('',(0.,-1.70070929017334E-16,1.));
#3468=DIRECTION('',(1.,0.,0.));
#3469=DIRECTION('',(0.,-1.70070929017334E-16,1.));
#3470=DIRECTION('',(0.,1.70070929017334E-16,-1.));
#3471=DIRECTION('',(0.,-0.998437978960577,-0.055871300048579));
#3472=DIRECTION('',(0.,-1.,-1.70070929017334E-16));
#3473=DIRECTION('',(1.,0.,0.));
#3474=DIRECTION('',(0.,-1.70070929017334E-16,1.));
#3475=DIRECTION('',(0.,-1.70070929017334E-16,1.));
#3476=DIRECTION('',(0.,0.998437978960577,0.055871300048579));
#3477=DIRECTION('',(0.,1.70070929017334E-16,-1.));
#3478=DIRECTION('',(1.,0.,0.));
#3479=DIRECTION('',(-1.,0.,0.));
#3480=DIRECTION('',(1.,0.,0.));
#3481=DIRECTION('',(0.,-1.70070929017334E-16,1.));
#3482=DIRECTION('',(0.,-1.70070929017334E-16,1.));
#3483=DIRECTION('',(0.,-1.,-1.70070929017334E-16));
#3484=DIRECTION('',(0.,-1.70070929017334E-16,1.));
#3485=DIRECTION('',(0.,0.998437978960577,0.055871300048579));
#3486=DIRECTION('',(0.,-1.,-1.70070929017334E-16));
#3487=DIRECTION('',(0.,1.70070929017334E-16,-1.));
#3488=DIRECTION('',(0.707106781186547,1.20258307190853E-16,-0.707106781186548));
#3489=DIRECTION('',(0.,-1.,-1.70070929017334E-16));
#3490=DIRECTION('',(0.,1.70070929017334E-16,-1.));
#3491=DIRECTION('',(-1.,0.,0.));
#3492=DIRECTION('',(0.,1.70070929017334E-16,-1.));
#3493=DIRECTION('',(1.,-4.5386893974767E-31,2.66870383063181E-15));
#3494=DIRECTION('',(0.,-1.,-1.70070929017334E-16));
#3495=DIRECTION('',(0.,1.70070929017334E-16,-1.));
#3496=DIRECTION('',(0.,1.70070929017334E-16,-1.));
#3497=DIRECTION('',(1.,0.,0.));
#3498=DIRECTION('',(-3.4863055968421E-32,1.,1.70070929017334E-16));
#3499=DIRECTION('',(-1.,0.,0.));
#3500=DIRECTION('',(0.,-1.,-1.70070929017334E-16));
#3501=DIRECTION('',(-0.707106781186548,1.20258307190853E-16,-0.707106781186547));
#3502=DIRECTION('',(0.,-1.,-1.70070929017334E-16));
#3503=DIRECTION('',(-0.707106781186547,-1.20258307190853E-16,0.707106781186548));
#3504=DIRECTION('',(2.46519032881566E-32,-1.,-1.70070929017334E-16));
#3505=DIRECTION('',(0.,-1.,-1.70070929017334E-16));
#3506=DIRECTION('',(0.,1.,1.70070929017334E-16));
#3507=DIRECTION('',(0.,-1.70070929017334E-16,1.));
#3508=DIRECTION('',(0.,-1.,-1.70070929017334E-16));
#3509=DIRECTION('',(0.,1.70070929017334E-16,-1.));
#3510=DIRECTION('',(1.,0.,0.));
#3511=DIRECTION('',(0.,-1.70070929017334E-16,1.));
#3512=DIRECTION('',(0.,1.70070929017334E-16,-1.));
#3513=DIRECTION('',(0.,-0.998437978960577,-0.055871300048579));
#3514=DIRECTION('',(-3.4863055968421E-32,1.,1.70070929017334E-16));
#3515=DIRECTION('',(0.,-1.70070929017334E-16,1.));
#3516=DIRECTION('',(0.,-1.,-1.70070929017334E-16));
#3517=DIRECTION('',(0.,1.70070929017334E-16,-1.));
#3518=DIRECTION('',(0.,0.,-1.));
#3519=DIRECTION('',(-1.,0.,0.));
#3520=DIRECTION('',(-1.,0.,0.));
#3521=DIRECTION('',(0.,-1.,0.));
#3522=DIRECTION('',(1.,0.,0.));
#3523=DIRECTION('',(0.,1.,0.));
#3524=DIRECTION('',(-1.,0.,0.));
#3525=DIRECTION('',(0.,-1.,0.));
#3526=DIRECTION('',(-1.,0.,0.));
#3527=DIRECTION('',(0.,-1.,0.));
#3528=DIRECTION('',(1.,0.,0.));
#3529=DIRECTION('',(0.,1.,0.));
#3530=DIRECTION('',(-1.,0.,0.));
#3531=DIRECTION('',(0.,-1.,0.));
#3532=DIRECTION('',(0.,1.,0.));
#3533=DIRECTION('',(0.,0.,1.));
#3534=DIRECTION('',(0.,0.,1.));
#3535=DIRECTION('',(0.,1.,0.));
#3536=DIRECTION('',(0.,0.,1.));
#3537=DIRECTION('',(0.,1.,0.));
#3538=DIRECTION('',(0.,0.,1.));
#3539=DIRECTION('',(0.,1.,0.));
#3540=DIRECTION('',(0.,0.,1.));
#3541=DIRECTION('',(0.,0.,-1.));
#3542=DIRECTION('',(0.,0.,-1.));
#3543=DIRECTION('',(0.,-1.,0.));
#3544=DIRECTION('',(0.,0.,1.));
#3545=DIRECTION('',(0.,-1.,0.));
#3546=DIRECTION('',(0.,0.,1.));
#3547=DIRECTION('',(0.,-1.,0.));
#3548=DIRECTION('',(0.,0.,1.));
#3549=DIRECTION('',(0.,0.,1.));
#3550=DIRECTION('',(0.,0.,-1.));
#3551=DIRECTION('',(1.,0.,0.));
#3552=DIRECTION('',(0.,0.,1.));
#3553=DIRECTION('',(0.,-1.,0.));
#3554=DIRECTION('',(0.,0.,1.));
#3555=DIRECTION('',(1.,0.,0.));
#3556=DIRECTION('',(0.,-1.,0.));
#3557=DIRECTION('',(0.,0.,1.));
#3558=DIRECTION('',(0.,0.,-1.));
#3559=DIRECTION('',(-1.,0.,0.));
#3560=DIRECTION('',(0.,0.,-1.));
#3561=DIRECTION('',(0.,1.,0.));
#3562=DIRECTION('',(0.,0.,1.));
#3563=DIRECTION('',(-1.,0.,0.));
#3564=DIRECTION('',(0.,1.,0.));
#3565=DIRECTION('',(0.,0.,1.));
#3566=DIRECTION('',(0.,0.,1.));
#3567=DIRECTION('',(-1.,0.,0.));
#3568=DIRECTION('',(0.,0.,-1.));
#3569=DIRECTION('',(-0.000611317378880608,0.0169846216212756,0.999855564028847));
#3570=DIRECTION('',(0.000611317378880608,-0.0169846216212756,-0.999855564028847));
#3571=DIRECTION('',(0.000611317378880608,-0.0169846216212756,-0.999855564028847));
#3572=DIRECTION('',(0.,-1.,0.));
#3573=DIRECTION('',(0.,0.,-1.));
#3574=DIRECTION('',(0.,0.,-1.));
#3575=DIRECTION('',(1.,0.,0.));
#3576=DIRECTION('',(0.,0.,1.));
#3577=DIRECTION('',(-1.,0.,0.));
#3578=DIRECTION('',(0.,0.,-1.));
#3579=DIRECTION('',(-1.,0.,0.));
#3580=DIRECTION('',(0.,-1.,0.));
#3581=DIRECTION('',(-1.,0.,0.));
#3582=DIRECTION('',(0.,-1.,0.));
#3583=DIRECTION('',(0.,0.707106781186547,0.707106781186547));
#3584=DIRECTION('',(-1.,0.,0.));
#3585=DIRECTION('',(0.,0.707106781186548,-0.707106781186548));
#3586=DIRECTION('',(0.,-0.707106781186548,0.707106781186548));
#3587=DIRECTION('',(1.,0.,0.));
#3588=DIRECTION('',(0.,1.,0.));
#3589=DIRECTION('',(0.,0.,1.));
#3590=DIRECTION('',(0.,0.,1.));
#3591=DIRECTION('',(0.,0.,-1.));
#3592=DIRECTION('',(-1.,0.,0.));
#3593=DIRECTION('',(0.,1.70070929017334E-16,-1.));
#3594=DIRECTION('',(1.,0.,0.));
#3595=DIRECTION('',(-1.,0.,0.));
#3596=DIRECTION('',(1.23259516440783E-32,1.,1.70070929017334E-16));
#3597=DIRECTION('',(-1.,0.,0.));
#3598=DIRECTION('',(0.,-1.,-1.70070929017334E-16));
#3599=DIRECTION('',(-0.707106781186547,1.20258307190853E-16,-0.707106781186548));
#3600=DIRECTION('',(0.,-1.,-1.70070929017334E-16));
#3601=DIRECTION('',(0.707106781186548,1.20258307190853E-16,-0.707106781186547));
#3602=DIRECTION('',(-1.23259516440783E-32,-1.,-1.70070929017334E-16));
#3603=DIRECTION('',(-0.707106781186548,-1.20258307190853E-16,0.707106781186547));
#3604=DIRECTION('',(-1.23259516440783E-32,-1.,-1.70070929017334E-16));
#3605=DIRECTION('',(0.,1.70070929017334E-16,-1.));
#3606=DIRECTION('',(1.,0.,0.));
#3607=DIRECTION('',(-1.,0.,0.));
#3608=DIRECTION('',(-3.4863055968421E-32,1.,1.70070929017334E-16));
#3609=DIRECTION('',(-1.,0.,0.));
#3610=DIRECTION('',(0.,-1.,-1.70070929017334E-16));
#3611=DIRECTION('',(-0.707106781186548,1.20258307190853E-16,-0.707106781186547));
#3612=DIRECTION('',(0.,-1.,-1.70070929017334E-16));
#3613=DIRECTION('',(-0.707106781186547,-1.20258307190853E-16,0.707106781186548));
#3614=DIRECTION('',(2.46519032881566E-32,-1.,-1.70070929017334E-16));
#3615=DIRECTION('',(0.707106781186547,1.20258307190853E-16,-0.707106781186548));
#3616=DIRECTION('',(0.,-1.,-1.70070929017334E-16));
#3617=DIRECTION('',(0.,-1.,0.));
#3618=DIRECTION('',(0.,0.,-1.));
#3619=DIRECTION('',(1.,0.,0.));
#3620=DIRECTION('',(0.,0.,-1.));
#3621=DIRECTION('',(1.,0.,0.));
#3622=DIRECTION('',(0.,0.,-1.));
#3623=DIRECTION('',(0.,-1.,0.));
#3624=DIRECTION('',(0.,0.,-1.));
#3625=DIRECTION('',(1.,0.,2.72113486427734E-15));
#3626=DIRECTION('',(0.,0.,1.));
#3627=DIRECTION('',(1.,0.,0.));
#3628=DIRECTION('',(0.,0.,1.));
#3629=DIRECTION('',(0.,0.707106781186547,0.707106781186547));
#3630=DIRECTION('',(1.,0.,0.));
#3631=DIRECTION('',(0.,-0.707106781186548,0.707106781186548));
#3632=DIRECTION('',(0.,-0.707106781186548,0.707106781186548));
#3633=DIRECTION('',(-1.,0.,0.));
#3634=DIRECTION('',(0.,0.,1.));
#3635=DIRECTION('',(1.,0.,0.));
#3636=DIRECTION('',(0.,-1.,0.));
#3637=DIRECTION('',(0.,-1.,0.));
#3638=DIRECTION('',(1.,0.,0.));
#3639=DIRECTION('',(0.,0.,-1.));
#3640=DIRECTION('',(0.,-1.,0.));
#3641=DIRECTION('',(0.,0.016984624794929,0.99985575085638));
#3642=DIRECTION('',(0.,-1.,0.));
#3643=DIRECTION('',(2.72113486427734E-15,0.,-1.));
#3644=DIRECTION('',(-1.,0.,-2.72113486427734E-15));
#3645=DIRECTION('',(1.,3.76600783058485E-15,2.72113486427734E-15));
#3646=DIRECTION('',(0.,-1.,0.));
#3647=DIRECTION('',(-1.,-3.45657671948744E-15,-2.72113486427734E-15));
#3648=DIRECTION('',(0.,-1.,0.));
#3649=DIRECTION('',(-1.,3.76600783058485E-15,2.72113486427734E-15));
#3650=DIRECTION('',(0.,-1.,0.));
#3651=DIRECTION('',(1.,0.,0.));
#3652=DIRECTION('',(0.,0.,-1.));
#3653=DIRECTION('',(0.,0.016984624794929,0.99985575085638));
#3654=DIRECTION('',(0.,0.785737878312683,0.61855960633126));
#3655=DIRECTION('',(0.,0.61855960633126,-0.785737878312683));
#3656=DIRECTION('',(-1.,0.,0.));
#3657=DIRECTION('',(-1.,-3.77020187831759E-15,-2.96803126590959E-15));
#3658=DIRECTION('',(0.,0.785737878312683,0.61855960633126));
#3659=DIRECTION('',(0.,-0.707106781186548,-0.707106781186548));
#3660=DIRECTION('',(-1.,0.,0.));
#3661=DIRECTION('',(1.,0.,0.));
#3662=DIRECTION('',(0.,0.707106781186548,-0.707106781186548));
#3663=DIRECTION('',(0.,0.707106781186548,0.707106781186548));
#3664=DIRECTION('',(0.,-0.707106781186548,0.707106781186548));
#3665=DIRECTION('',(-1.,-3.6576509170498E-15,3.6576509170498E-15));
#3666=DIRECTION('',(0.,-0.707106781186548,-0.707106781186548));
#3667=DIRECTION('',(0.,-0.707106781186548,0.707106781186548));
#3668=DIRECTION('',(0.,0.707106781186548,-0.707106781186548));
#3669=DIRECTION('',(-1.,0.,0.));
#3670=DIRECTION('',(0.,-1.,0.));
#3671=DIRECTION('',(0.,-0.016984624794929,-0.99985575085638));
#3672=DIRECTION('',(0.,-1.,0.));
#3673=DIRECTION('',(-1.,0.,0.));
#3674=DIRECTION('',(0.,0.,1.));
#3675=DIRECTION('',(0.,0.,1.));
#3676=DIRECTION('',(1.,0.,0.));
#3677=DIRECTION('',(0.,-1.,0.));
#3678=DIRECTION('',(-1.,-3.71978370810862E-15,0.));
#3679=DIRECTION('',(0.,1.,0.));
#3680=DIRECTION('',(1.,0.,0.));
#3681=DIRECTION('',(0.,1.,0.));
#3682=DIRECTION('',(0.,1.,0.));
#3683=DIRECTION('',(0.,-0.016984624794929,-0.99985575085638));
#3684=DIRECTION('',(0.,-0.707106781186548,0.707106781186548));
#3685=DIRECTION('',(1.,0.,0.));
#3686=DIRECTION('',(0.,0.,-1.));
#3687=DIRECTION('',(0.,-0.707106781186548,-0.707106781186548));
#3688=DIRECTION('',(-1.,0.,0.));
#3689=DIRECTION('',(0.,-0.707106781186548,-0.707106781186548));
#3690=DIRECTION('',(0.,-0.707106781186548,0.707106781186548));
#3691=DIRECTION('',(-1.,-3.6576509170498E-15,3.6576509170498E-15));
#3692=DIRECTION('',(0.,-0.707106781186548,-0.707106781186548));
#3693=DIRECTION('',(0.,0.707106781186548,-0.707106781186548));
#3694=DIRECTION('',(0.,0.707106781186548,-0.707106781186548));
#3695=DIRECTION('',(1.,0.,0.));
#3696=DIRECTION('',(0.,0.,1.));
#3697=DIRECTION('',(1.,0.,0.));
#3698=DIRECTION('',(0.,-1.,0.));
#3699=DIRECTION('',(1.,3.71978370810862E-15,0.));
#3700=DIRECTION('',(-1.,0.,0.));
#3701=DIRECTION('',(0.,0.,1.));
#3702=DIRECTION('',(0.,-0.016984624794929,-0.99985575085638));
#3703=DIRECTION('',(0.,0.785737878312683,0.61855960633126));
#3704=DIRECTION('',(0.,-1.,0.));
#3705=DIRECTION('',(0.,0.61855960633126,-0.785737878312683));
#3706=DIRECTION('',(-1.,0.,0.));
#3707=DIRECTION('',(-1.,-3.77020187831759E-15,-2.96803126590959E-15));
#3708=DIRECTION('',(0.,-0.785737878312683,-0.61855960633126));
#3709=DIRECTION('',(-1.,0.,0.));
#3710=DIRECTION('',(1.,0.,0.));
#3711=DIRECTION('',(0.,0.,-1.));
#3712=DIRECTION('',(0.,-1.,0.));
#3713=DIRECTION('',(0.,0.016984624794929,0.99985575085638));
#3714=DIRECTION('',(0.,0.,1.));
#3715=DIRECTION('',(1.,0.,0.));
#3716=DIRECTION('',(0.,-1.,0.));
#3717=DIRECTION('',(-1.,-3.71978370810862E-15,0.));
#3718=DIRECTION('',(-1.,-3.71978370810862E-15,0.));
#3719=DIRECTION('',(0.,-1.,0.));
#3720=DIRECTION('',(1.,0.,0.));
#3721=DIRECTION('',(0.,0.,-1.));
#3722=DIRECTION('',(0.,0.016984624794929,0.99985575085638));
#3723=DIRECTION('',(0.,-1.,0.));
#3724=DIRECTION('',(0.,0.,1.));
#3725=DIRECTION('',(1.,0.,0.));
#3726=DIRECTION('',(1.,3.71978370810862E-15,0.));
#3727=DIRECTION('',(0.,1.,0.));
#3728=DIRECTION('',(-1.,0.,0.));
#3729=DIRECTION('',(0.,0.,1.));
#3730=DIRECTION('',(0.,-0.016984624794929,-0.99985575085638));
#3731=DIRECTION('',(-1.,0.,0.));
#3732=DIRECTION('',(0.,0.,1.));
#3733=DIRECTION('',(0.,0.016984624794929,0.99985575085638));
#3734=DIRECTION('',(0.,-1.70070929017334E-16,1.));
#3735=DIRECTION('',(-1.,0.,0.));
#3736=DIRECTION('',(0.,0.,1.));
#3737=DIRECTION('',(0.,-1.,-1.70070929017334E-16));
#3738=DIRECTION('',(0.,1.70070929017334E-16,-1.));
#3739=DIRECTION('',(1.,-4.5386893974767E-31,2.66870383063181E-15));
#3740=DIRECTION('',(0.,-1.,-1.70070929017334E-16));
#3741=DIRECTION('',(0.,1.70070929017334E-16,-1.));
#3742=DIRECTION('',(0.,1.70070929017334E-16,-1.));
#3743=DIRECTION('',(0.,-1.,-1.70070929017334E-16));
#3744=DIRECTION('',(0.,1.70070929017334E-16,-1.));
#3745=DIRECTION('',(1.,-4.5386893974767E-31,2.66870383063181E-15));
#3746=DIRECTION('',(0.,1.70070929017334E-16,-1.));
#3747=DIRECTION('',(0.,-1.,-1.70070929017334E-16));
#3748=DIRECTION('',(0.,1.70070929017334E-16,-1.));
#3749=DIRECTION('',(0.,-1.,-1.70070929017334E-16));
#3750=DIRECTION('',(0.,1.70070929017334E-16,-1.));
#3751=DIRECTION('',(0.,-1.70070929017334E-16,1.));
#3752=DIRECTION('',(1.,-4.5386893974767E-31,2.66870383063181E-15));
#3753=DIRECTION('',(0.,1.70070929017334E-16,-1.));
#3754=DIRECTION('',(0.,-1.,-1.70070929017334E-16));
#3755=DIRECTION('',(0.,1.70070929017334E-16,-1.));
#3756=DIRECTION('',(0.,-1.,-1.70070929017334E-16));
#3757=DIRECTION('',(0.,1.70070929017334E-16,-1.));
#3758=DIRECTION('',(0.,-1.70070929017334E-16,1.));
#3759=DIRECTION('',(1.,-4.5386893974767E-31,2.66870383063181E-15));
#3760=DIRECTION('',(1.,-4.5386893974767E-31,2.66870383063181E-15));
#3761=DIRECTION('',(1.,0.,0.));
#3762=DIRECTION('',(0.,-1.70070929017334E-16,1.));
#3763=DIRECTION('',(0.,-0.998437978960577,-0.055871300048579));
#3764=DIRECTION('',(0.,1.70070929017334E-16,-1.));
#3765=DIRECTION('',(0.,-1.,-1.70070929017334E-16));
#3766=DIRECTION('',(0.,1.70070929017334E-16,-1.));
#3767=DIRECTION('',(0.,-1.70070929017334E-16,1.));
#3768=DIRECTION('',(0.,-1.,-1.70070929017334E-16));
#3769=DIRECTION('',(0.,1.70070929017334E-16,-1.));
#3770=DIRECTION('',(0.,-1.,-1.70070929017334E-16));
#3771=DIRECTION('',(0.,1.70070929017334E-16,-1.));
#3772=DIRECTION('',(1.,-4.5386893974767E-31,2.66870383063181E-15));
#3773=DIRECTION('',(1.,0.,0.));
#3774=DIRECTION('',(0.,-1.70070929017334E-16,1.));
#3775=DIRECTION('',(0.,-1.,-1.70070929017334E-16));
#3776=DIRECTION('',(0.,0.998437978960577,0.055871300048579));
#3777=DIRECTION('',(1.,0.,0.));
#3778=DIRECTION('',(0.,-1.70070929017334E-16,1.));
#3779=DIRECTION('',(0.,-0.998437978960577,-0.055871300048579));
#3780=DIRECTION('',(0.,1.70070929017334E-16,-1.));
#3781=DIRECTION('',(0.,-1.,-1.70070929017334E-16));
#3782=DIRECTION('',(0.,1.70070929017334E-16,-1.));
#3783=DIRECTION('',(0.,-1.,-1.70070929017334E-16));
#3784=DIRECTION('',(0.,1.70070929017334E-16,-1.));
#3785=DIRECTION('',(1.,-4.5386893974767E-31,2.66870383063181E-15));
#3786=DIRECTION('',(0.,-1.70070929017334E-16,1.));
#3787=DIRECTION('',(0.,-1.,-1.70070929017334E-16));
#3788=DIRECTION('',(0.,1.70070929017334E-16,-1.));
#3789=DIRECTION('',(1.,0.,0.));
#3790=DIRECTION('',(0.,-1.70070929017334E-16,1.));
#3791=DIRECTION('',(0.,-1.,-1.70070929017334E-16));
#3792=DIRECTION('',(0.,0.998437978960577,0.055871300048579));
#3793=DIRECTION('',(3.71924713249427E-15,-0.99985575085638,0.016984624794929));
#3794=DIRECTION('',(-0.94392329338355,0.00560772578989744,0.33011720588212));
#3795=DIRECTION('',(0.,0.016984624794929,0.99985575085638));
#3796=DIRECTION('',(0.,0.016984624794929,0.99985575085638));
#3797=DIRECTION('',(1.23259516440783E-32,-0.016984624794929,-0.99985575085638));
#3798=DIRECTION('',(1.,3.6576509170498E-15,-3.6576509170498E-15));
#3799=DIRECTION('',(-1.23259516440783E-32,-0.016984624794929,-0.99985575085638));
#3800=DIRECTION('',(1.,-3.71978370810862E-15,0.));
#3801=DIRECTION('',(-1.23259516440783E-32,-0.016984624794929,-0.99985575085638));
#3802=DIRECTION('',(-1.,3.6576509170498E-15,-3.6576509170498E-15));
#3803=DIRECTION('',(1.23259516440783E-32,0.016984624794929,0.99985575085638));
#3804=DIRECTION('',(1.,3.76869961152224E-15,2.8795953944799E-15));
#3805=DIRECTION('',(1.,3.71978370810862E-15,0.));
#3806=DIRECTION('',(1.,3.76869961152224E-15,2.8795953944799E-15));
#3807=DIRECTION('',(-1.23259516440783E-32,0.016984624794929,0.99985575085638));
#3808=DIRECTION('',(1.,3.6576509170498E-15,-3.6576509170498E-15));
#3809=DIRECTION('',(1.23259516440783E-32,-0.016984624794929,-0.99985575085638));
#3810=DIRECTION('',(-1.,-3.71978370810862E-15,0.));
#3811=DIRECTION('',(0.,-0.016984624794929,-0.99985575085638));
#3812=DIRECTION('',(1.,-3.71978370810862E-15,0.));
#3813=DIRECTION('',(0.,-0.016984624794929,-0.99985575085638));
#3814=DIRECTION('',(1.,-3.77020187831759E-15,-2.96803126590959E-15));
#3815=DIRECTION('',(0.,0.016984624794929,0.99985575085638));
#3816=DIRECTION('',(1.,-3.71978370810862E-15,0.));
#3817=DIRECTION('',(0.,0.016984624794929,0.99985575085638));
#3818=DIRECTION('',(-1.,3.71978370810862E-15,0.));
#3819=DIRECTION('',(3.71924713249427E-15,-0.99985575085638,0.016984624794929));
#3820=DIRECTION('',(-0.94392329338355,0.00560772578989744,0.33011720588212));
#3821=DIRECTION('',(-1.,-3.71978370810862E-15,0.));
#3822=DIRECTION('',(0.000611317378880608,0.0169846216212756,0.999855564028847));
#3823=DIRECTION('',(-0.000611317378880608,-0.0169846216212756,-0.999855564028847));
#3824=DIRECTION('',(-0.000611317378880608,-0.0169846216212756,-0.999855564028847));
#3825=DIRECTION('',(1.,3.76869961152224E-15,2.8795953944799E-15));
#3826=DIRECTION('',(0.,0.,1.));
#3827=DIRECTION('',(1.,0.,0.));
#3828=DIRECTION('',(1.,0.,0.));
#3829=DIRECTION('',(0.,-1.,0.));
#3830=DIRECTION('',(2.66453525910038E-15,0.055871300048579,-0.998437978960577));
#3831=DIRECTION('',(0.99870337384968,0.0508279569471423,0.0028442668380954));
#3832=DIRECTION('',(2.66453525910038E-15,0.055871300048579,-0.998437978960577));
#3833=DIRECTION('',(-3.64928893339029E-14,-0.998437978960577,-0.055871300048579));
#3834=DIRECTION('',(1.,-2.58990947436433E-31,2.66870383063181E-15));
#3835=DIRECTION('',(1.,-2.58990947436433E-31,2.66870383063181E-15));
#3836=DIRECTION('',(2.66453525910038E-15,0.055871300048579,-0.998437978960577));
#3837=DIRECTION('',(-3.64928893339029E-14,-0.998437978960577,-0.055871300048579));
#3838=DIRECTION('',(0.,0.,-1.));
#3839=DIRECTION('',(-1.,0.,0.));
#3840=DIRECTION('',(-1.,0.,0.));
#3841=DIRECTION('',(-1.,0.,0.));
#3842=DIRECTION('',(0.,0.,-1.));
#3843=DIRECTION('',(-1.,0.,0.));
#3844=DIRECTION('',(0.,-1.,0.));
#3845=DIRECTION('',(-1.,0.,0.));
#3846=DIRECTION('',(1.,0.,0.));
#3847=DIRECTION('',(0.,0.,-1.));
#3848=DIRECTION('',(0.,9.70474671875137E-17,-1.));
#3849=DIRECTION('',(0.,-1.,0.));
#3850=DIRECTION('',(0.,0.,1.));
#3851=DIRECTION('',(0.,-1.,0.));
#3852=DIRECTION('',(0.,9.70474671875137E-17,-1.));
#3853=DIRECTION('',(0.,-1.,0.));
#3854=DIRECTION('',(0.,-1.,0.));
#3855=DIRECTION('',(0.,-9.70474671875137E-17,1.));
#3856=DIRECTION('',(0.,-1.,0.));
#3857=DIRECTION('',(0.,0.,1.));
#3858=DIRECTION('',(1.,0.,0.));
#3859=DIRECTION('',(1.,0.,0.));
#3860=DIRECTION('',(0.,-1.,-9.70474671875137E-17));
#3861=DIRECTION('',(0.,9.70474671875137E-17,-1.));
#3862=DIRECTION('',(0.,9.70474671875137E-17,-1.));
#3863=DIRECTION('',(-1.,0.,0.));
#3864=DIRECTION('',(1.,0.,0.));
#3865=DIRECTION('',(0.,-1.,-9.70474671875137E-17));
#3866=DIRECTION('',(0.,9.70474671875137E-17,-1.));
#3867=DIRECTION('',(0.,9.70474671875137E-17,-1.));
#3868=DIRECTION('',(-1.,0.,0.));
#3869=DIRECTION('',(0.,-9.70474671875137E-17,1.));
#3870=DIRECTION('',(1.,0.,0.));
#3871=DIRECTION('',(1.,0.,0.));
#3872=DIRECTION('',(0.,0.,-1.));
#3873=DIRECTION('',(0.,-1.,0.));
#3874=DIRECTION('',(0.,-1.,0.));
#3875=DIRECTION('',(0.,0.,-1.));
#3876=DIRECTION('',(-1.,0.,0.));
#3877=DIRECTION('',(0.,-1.,0.));
#3878=DIRECTION('',(0.,0.,1.));
#3879=DIRECTION('',(1.,0.,0.));
#3880=DIRECTION('',(0.,-1.,0.));
#3881=DIRECTION('',(1.,0.,0.));
#3882=DIRECTION('',(0.,0.,-1.));
#3883=DIRECTION('',(0.,-1.,0.));
#3884=DIRECTION('',(0.,-1.,0.));
#3885=DIRECTION('',(0.,0.,-1.));
#3886=DIRECTION('',(-1.,0.,0.));
#3887=DIRECTION('',(0.,0.,1.));
#3888=DIRECTION('',(1.,0.,0.));
#3889=DIRECTION('',(0.,0.,-1.));
#3890=DIRECTION('',(-1.,0.,0.));
#3891=DIRECTION('',(0.,-1.,0.));
#3892=DIRECTION('',(-1.,0.,0.));
#3893=DIRECTION('',(1.,0.,0.));
#3894=DIRECTION('',(0.,0.,-1.));
#3895=DIRECTION('',(0.,9.70474671875137E-17,-1.));
#3896=DIRECTION('',(0.,-1.,0.));
#3897=DIRECTION('',(0.,0.,1.));
#3898=DIRECTION('',(0.,-1.,0.));
#3899=DIRECTION('',(0.,9.70474671875137E-17,-1.));
#3900=DIRECTION('',(0.,-1.,-9.70474671875137E-17));
#3901=DIRECTION('',(0.,9.70474671875137E-17,-1.));
#3902=DIRECTION('',(1.,0.,0.));
#3903=DIRECTION('',(-1.,0.,0.));
#3904=DIRECTION('',(0.,9.70474671875137E-17,-1.));
#3905=DIRECTION('',(1.,0.,0.));
#3906=DIRECTION('',(-1.,0.,0.));
#3907=DIRECTION('',(0.,9.70474671875137E-17,-1.));
#3908=DIRECTION('',(-1.,0.,0.));
#3909=DIRECTION('',(0.,0.,1.));
#3910=DIRECTION('',(0.,-1.,0.));
#3911=DIRECTION('',(0.,-1.,0.));
#3912=DIRECTION('',(0.,0.,-1.));
#3913=DIRECTION('',(0.,0.,1.));
#3914=DIRECTION('',(1.,0.,0.));
#3915=DIRECTION('',(-1.,0.,0.));
#3916=DIRECTION('',(0.,1.,0.));
#3917=DIRECTION('',(0.,0.,1.));
#3918=DIRECTION('',(1.,0.,0.));
#3919=DIRECTION('',(0.,0.,-1.));
#3920=DIRECTION('',(-1.,0.,0.));
#3921=DIRECTION('',(-1.,0.,0.));
#3922=DIRECTION('',(0.,0.,1.));
#3923=DIRECTION('',(0.,-1.,0.));
#3924=DIRECTION('',(0.,-1.,0.));
#3925=DIRECTION('',(0.,0.,-1.));
#3926=DIRECTION('',(0.,0.,1.));
#3927=DIRECTION('',(1.,0.,0.));
#3928=DIRECTION('',(-1.,0.,0.));
#3929=DIRECTION('',(0.,1.,0.));
#3930=DIRECTION('',(0.,0.,1.));
#3931=DIRECTION('',(1.,0.,0.));
#3932=DIRECTION('',(0.,0.,-1.));
#3933=DIRECTION('',(-1.,0.,0.));
#3934=DIRECTION('',(1.,3.6576509170498E-15,-3.6576509170498E-15));
#3935=DIRECTION('',(-3.6576509170498E-15,0.,-1.));
#3936=DIRECTION('',(-1.,0.,0.));
#3937=DIRECTION('',(0.,0.,1.));
#3938=DIRECTION('',(1.,3.6576509170498E-15,-3.6576509170498E-15));
#3939=DIRECTION('',(-3.6576509170498E-15,0.,-1.));
#3940=DIRECTION('',(-1.,0.,0.));
#3941=DIRECTION('',(0.,0.,1.));
#3942=DIRECTION('',(-1.,0.,0.));
#3943=DIRECTION('',(0.,0.,1.));
#3944=DIRECTION('',(0.,-0.016984624794929,-0.99985575085638));
#3945=DIRECTION('',(0.,0.99985575085638,-0.016984624794929));
#3946=DIRECTION('',(0.,1.,0.));
#3947=DIRECTION('',(0.,0.,1.));
#3948=DIRECTION('',(0.,1.,0.));
#3949=DIRECTION('',(0.,0.,1.));
#3950=DIRECTION('',(0.,0.016984624794929,0.99985575085638));
#3951=DIRECTION('',(0.,-0.99985575085638,0.016984624794929));
#3952=DIRECTION('',(2.20492108870434E-15,0.0169846247949292,0.99985575085638));
#3953=DIRECTION('',(0.,-0.99985575085638,0.0169846247949292));
#3954=DIRECTION('',(1.,-2.16840434497102E-15,0.));
#3955=DIRECTION('',(2.16840434497102E-15,1.,0.));
#3956=DIRECTION('',(-1.,-3.4699474889073E-14,0.));
#3957=DIRECTION('',(3.4699474889073E-14,-1.,0.));
#3958=DIRECTION('',(0.,-1.,0.));
#3959=DIRECTION('',(0.,0.,-1.));
#3960=DIRECTION('',(0.,1.,0.));
#3961=DIRECTION('',(0.,0.,1.));
#3962=DIRECTION('',(-1.,-3.71978370810862E-15,0.));
#3963=DIRECTION('',(3.71978370810862E-15,-1.,0.));
#3964=DIRECTION('',(1.,3.69395923509717E-15,-5.96311194867026E-15));
#3965=DIRECTION('',(-5.96311194867026E-15,0.,-1.));
#3966=DIRECTION('',(-1.,0.,0.));
#3967=DIRECTION('',(0.,0.,1.));
#3968=DIRECTION('',(0.,0.0169846247949313,0.99985575085638));
#3969=DIRECTION('',(0.,-0.99985575085638,0.0169846247949313));
#3970=DIRECTION('',(0.,0.016984624794929,0.99985575085638));
#3971=DIRECTION('',(0.,-0.99985575085638,0.016984624794929));
#3972=DIRECTION('',(-3.4863055968421E-32,1.,1.70070929017334E-16));
#3973=DIRECTION('',(0.,-1.70070929017334E-16,1.));
#3974=DIRECTION('',(0.,1.,1.70070929017334E-16));
#3975=DIRECTION('',(0.,-1.70070929017334E-16,1.));
#3976=DIRECTION('',(0.,1.,1.70070929017334E-16));
#3977=DIRECTION('',(0.,-1.70070929017334E-16,1.));
#3978=DIRECTION('',(1.23259516440783E-32,1.,1.70070929017334E-16));
#3979=DIRECTION('',(0.,-1.70070929017334E-16,1.));
#3980=DIRECTION('',(1.,0.,0.));
#3981=DIRECTION('',(0.,0.,-1.));
#3982=DIRECTION('',(0.,-1.,0.));
#3983=DIRECTION('',(0.,0.,1.));
#3984=DIRECTION('',(0.,-1.,0.));
#3985=DIRECTION('',(0.,0.,-1.));
#3986=DIRECTION('',(0.,-1.,0.));
#3987=DIRECTION('',(0.,1.,0.));
#3988=DIRECTION('',(1.,0.,6.12323399573677E-17));
#3989=DIRECTION('',(0.,-1.,0.));
#3990=DIRECTION('',(-1.,0.,0.));
#3991=DIRECTION('',(0.,0.,1.));
#3992=DIRECTION('',(0.,0.,-1.));
#3993=DIRECTION('',(0.,-1.,0.));
#3994=DIRECTION('',(0.,1.,0.));
#3995=DIRECTION('',(0.,0.,1.));
#3996=DIRECTION('',(0.,1.,0.));
#3997=DIRECTION('',(0.,0.,1.));
#3998=DIRECTION('',(0.,1.,0.));
#3999=DIRECTION('',(0.,0.,1.));
#4000=DIRECTION('',(0.,-1.,0.));
#4001=DIRECTION('',(0.,0.,-1.));
#4002=DIRECTION('',(0.,-1.,0.));
#4003=DIRECTION('',(0.,0.,-1.));
#4004=DIRECTION('',(0.,-1.,0.));
#4005=DIRECTION('',(0.,0.,-1.));
#4006=DIRECTION('',(0.,0.,-1.));
#4007=DIRECTION('',(1.,0.,0.));
#4008=DIRECTION('',(0.,0.,1.));
#4009=DIRECTION('',(-1.,0.,0.));
#4010=DIRECTION('',(0.,0.,-1.));
#4011=DIRECTION('',(1.,0.,0.));
#4012=DIRECTION('',(0.,-1.,0.));
#4013=DIRECTION('',(0.,-1.,0.));
#4014=DIRECTION('',(1.,0.,0.));
#4015=DIRECTION('',(0.,0.707106781186547,0.707106781186547));
#4016=DIRECTION('',(1.,0.,0.));
#4017=DIRECTION('',(0.,0.707106781186548,-0.707106781186548));
#4018=DIRECTION('',(-1.,0.,0.));
#4019=DIRECTION('',(0.,-0.707106781186548,0.707106781186548));
#4020=DIRECTION('',(0.,1.,0.));
#4021=DIRECTION('',(0.,0.,1.));
#4022=DIRECTION('',(0.,0.,1.));
#4023=DIRECTION('',(1.,0.,0.));
#4024=DIRECTION('',(0.,0.,-1.));
#4025=DIRECTION('',(-1.,0.,0.));
#4026=DIRECTION('',(0.,0.,-1.));
#4027=DIRECTION('',(-1.,0.,0.));
#4028=DIRECTION('',(0.,0.,-1.));
#4029=DIRECTION('',(1.,0.,0.));
#4030=DIRECTION('',(0.,-1.,0.));
#4031=DIRECTION('',(0.,-1.,0.));
#4032=DIRECTION('',(0.,-0.016984624794929,-0.99985575085638));
#4033=DIRECTION('',(0.,0.,1.));
#4034=DIRECTION('',(-1.,0.,0.));
#4035=DIRECTION('',(0.,1.,0.));
#4036=DIRECTION('',(1.,-3.71978370810862E-15,0.));
#4037=DIRECTION('',(0.,-1.,0.));
#4038=DIRECTION('',(-1.,0.,0.));
#4039=DIRECTION('',(0.,1.,0.));
#4040=DIRECTION('',(0.,1.,0.));
#4041=DIRECTION('',(1.,0.,0.));
#4042=DIRECTION('',(0.,0.,-1.));
#4043=DIRECTION('',(0.,-0.707106781186548,0.707106781186548));
#4044=DIRECTION('',(0.,-0.016984624794929,-0.99985575085638));
#4045=DIRECTION('',(0.,-0.707106781186548,-0.707106781186548));
#4046=DIRECTION('',(1.,0.,0.));
#4047=DIRECTION('',(-1.,0.,0.));
#4048=DIRECTION('',(0.,0.707106781186548,-0.707106781186548));
#4049=DIRECTION('',(0.,0.707106781186548,0.707106781186548));
#4050=DIRECTION('',(0.,0.707106781186548,-0.707106781186548));
#4051=DIRECTION('',(1.,-3.6576509170498E-15,3.6576509170498E-15));
#4052=DIRECTION('',(0.,0.707106781186548,0.707106781186548));
#4053=DIRECTION('',(0.,-0.707106781186548,0.707106781186548));
#4054=DIRECTION('',(1.,0.,0.));
#4055=DIRECTION('',(0.,0.,1.));
#4056=DIRECTION('',(0.,-1.,0.));
#4057=DIRECTION('',(0.,0.785737878312683,0.61855960633126));
#4058=DIRECTION('',(0.,0.61855960633126,-0.785737878312683));
#4059=DIRECTION('',(1.,0.,0.));
#4060=DIRECTION('',(1.,0.,0.));
#4061=DIRECTION('',(0.,-0.785737878312683,-0.61855960633126));
#4062=DIRECTION('',(-1.,0.,0.));
#4063=DIRECTION('',(0.,0.,-1.));
#4064=DIRECTION('',(0.,-1.,0.));
#4065=DIRECTION('',(0.,0.,1.));
#4066=DIRECTION('',(-1.,0.,0.));
#4067=DIRECTION('',(0.,-1.,0.));
#4068=DIRECTION('',(0.,-1.,0.));
#4069=DIRECTION('',(-1.,0.,0.));
#4070=DIRECTION('',(0.,0.,-1.));
#4071=DIRECTION('',(0.,-1.,0.));
#4072=DIRECTION('',(0.,0.,1.));
#4073=DIRECTION('',(-1.,0.,0.));
#4074=DIRECTION('',(0.,1.,0.));
#4075=DIRECTION('',(1.,0.,0.));
#4076=DIRECTION('',(0.,0.,1.));
#4077=DIRECTION('',(1.,0.,0.));
#4078=DIRECTION('',(0.,0.,1.));
#4079=DIRECTION('',(-1.,0.,0.));
#4080=DIRECTION('',(0.,0.,1.));
#4081=DIRECTION('',(0.,0.016984624794929,0.99985575085638));
#4082=DIRECTION('',(0.,0.,1.));
#4083=DIRECTION('',(-1.,0.,0.));
#4084=DIRECTION('',(-1.,0.,0.));
#4085=DIRECTION('',(0.,-1.,0.));
#4086=DIRECTION('',(0.,0.,-1.));
#4087=DIRECTION('',(1.,0.,0.));
#4088=DIRECTION('',(0.,-1.,0.));
#4089=DIRECTION('',(1.,0.,0.));
#4090=DIRECTION('',(-1.,0.,0.));
#4091=DIRECTION('',(0.,0.,-1.));
#4092=DIRECTION('',(0.,9.70474671875137E-17,-1.));
#4093=DIRECTION('',(0.,-1.,0.));
#4094=DIRECTION('',(0.,-9.70474671875137E-17,1.));
#4095=DIRECTION('',(0.,-1.,0.));
#4096=DIRECTION('',(0.,-1.,0.));
#4097=DIRECTION('',(0.,9.70474671875137E-17,-1.));
#4098=DIRECTION('',(0.,-1.,0.));
#4099=DIRECTION('',(0.,0.,1.));
#4100=DIRECTION('',(0.,-1.,0.));
#4101=DIRECTION('',(0.,0.,1.));
#4102=DIRECTION('',(-1.,0.,0.));
#4103=DIRECTION('',(-1.,0.,0.));
#4104=DIRECTION('',(0.,-1.,-9.70474671875137E-17));
#4105=DIRECTION('',(0.,9.70474671875137E-17,-1.));
#4106=DIRECTION('',(0.,9.70474671875137E-17,-1.));
#4107=DIRECTION('',(-1.,0.,0.));
#4108=DIRECTION('',(1.,0.,0.));
#4109=DIRECTION('',(0.,-1.,-9.70474671875137E-17));
#4110=DIRECTION('',(0.,9.70474671875137E-17,-1.));
#4111=DIRECTION('',(0.,9.70474671875137E-17,-1.));
#4112=DIRECTION('',(-1.,0.,0.));
#4113=DIRECTION('',(0.,-9.70474671875137E-17,1.));
#4114=DIRECTION('',(1.,0.,0.));
#4115=DIRECTION('',(-1.,0.,0.));
#4116=DIRECTION('',(0.,0.,-1.));
#4117=DIRECTION('',(0.,-1.,0.));
#4118=DIRECTION('',(0.,-1.,0.));
#4119=DIRECTION('',(0.,0.,-1.));
#4120=DIRECTION('',(1.,0.,0.));
#4121=DIRECTION('',(0.,-1.,0.));
#4122=DIRECTION('',(0.,0.,1.));
#4123=DIRECTION('',(-1.,0.,0.));
#4124=DIRECTION('',(0.,-1.,0.));
#4125=DIRECTION('',(-1.,0.,0.));
#4126=DIRECTION('',(0.,0.,-1.));
#4127=DIRECTION('',(0.,-1.,0.));
#4128=DIRECTION('',(0.,-1.,0.));
#4129=DIRECTION('',(0.,0.,-1.));
#4130=DIRECTION('',(1.,0.,0.));
#4131=DIRECTION('',(0.,0.,1.));
#4132=DIRECTION('',(-1.,0.,0.));
#4133=DIRECTION('',(0.,0.,-1.));
#4134=DIRECTION('',(1.,0.,0.));
#4135=DIRECTION('',(0.,-1.,0.));
#4136=DIRECTION('',(1.,0.,0.));
#4137=DIRECTION('',(-1.,0.,0.));
#4138=DIRECTION('',(0.,0.,-1.));
#4139=DIRECTION('',(0.,9.70474671875137E-17,-1.));
#4140=DIRECTION('',(0.,9.70474671875137E-17,-1.));
#4141=DIRECTION('',(0.,-1.,0.));
#4142=DIRECTION('',(0.,0.,1.));
#4143=DIRECTION('',(0.,-1.,0.));
#4144=DIRECTION('',(0.,-1.,-9.70474671875137E-17));
#4145=DIRECTION('',(0.,9.70474671875137E-17,-1.));
#4146=DIRECTION('',(-1.,0.,0.));
#4147=DIRECTION('',(0.,9.70474671875137E-17,-1.));
#4148=DIRECTION('',(1.,0.,0.));
#4149=DIRECTION('',(-1.,0.,0.));
#4150=DIRECTION('',(0.,9.70474671875137E-17,-1.));
#4151=DIRECTION('',(1.,0.,0.));
#4152=DIRECTION('',(1.,0.,0.));
#4153=DIRECTION('',(0.,0.,1.));
#4154=DIRECTION('',(0.,-1.,0.));
#4155=DIRECTION('',(0.,0.,-1.));
#4156=DIRECTION('',(0.,-1.,0.));
#4157=DIRECTION('',(0.,0.,1.));
#4158=DIRECTION('',(-1.,0.,0.));
#4159=DIRECTION('',(1.,0.,0.));
#4160=DIRECTION('',(0.,1.,0.));
#4161=DIRECTION('',(0.,0.,1.));
#4162=DIRECTION('',(-1.,0.,0.));
#4163=DIRECTION('',(0.,0.,-1.));
#4164=DIRECTION('',(1.,0.,0.));
#4165=DIRECTION('',(1.,0.,0.));
#4166=DIRECTION('',(0.,0.,1.));
#4167=DIRECTION('',(0.,-1.,0.));
#4168=DIRECTION('',(0.,0.,-1.));
#4169=DIRECTION('',(0.,-1.,0.));
#4170=DIRECTION('',(0.,0.,1.));
#4171=DIRECTION('',(-1.,0.,0.));
#4172=DIRECTION('',(1.,0.,0.));
#4173=DIRECTION('',(0.,1.,0.));
#4174=DIRECTION('',(0.,0.,1.));
#4175=DIRECTION('',(-1.,0.,0.));
#4176=DIRECTION('',(0.,0.,-1.));
#4177=DIRECTION('',(1.,0.,0.));
#4178=DIRECTION('',(-1.,3.6576509170498E-15,-3.6576509170498E-15));
#4179=DIRECTION('',(3.6576509170498E-15,0.,-1.));
#4180=DIRECTION('',(1.,0.,0.));
#4181=DIRECTION('',(0.,0.,1.));
#4182=DIRECTION('',(0.,-0.016984624794929,-0.99985575085638));
#4183=DIRECTION('',(0.,0.99985575085638,-0.016984624794929));
#4184=DIRECTION('',(0.,1.,0.));
#4185=DIRECTION('',(0.,0.,1.));
#4186=DIRECTION('',(0.,-1.,0.));
#4187=DIRECTION('',(0.,0.,1.));
#4188=DIRECTION('',(0.,0.016984624794929,0.99985575085638));
#4189=DIRECTION('',(0.,-0.99985575085638,0.016984624794929));
#4190=DIRECTION('',(2.20492108870434E-15,-0.0169846247949292,-0.99985575085638));
#4191=DIRECTION('',(0.,-0.99985575085638,0.0169846247949292));
#4192=DIRECTION('',(-1.,-2.16840434497102E-15,0.));
#4193=DIRECTION('',(-2.16840434497102E-15,1.,0.));
#4194=DIRECTION('',(-1.,3.4699474889073E-14,0.));
#4195=DIRECTION('',(-3.4699474889073E-14,-1.,0.));
#4196=DIRECTION('',(0.,-1.,0.));
#4197=DIRECTION('',(0.,0.,-1.));
#4198=DIRECTION('',(0.,-1.,0.));
#4199=DIRECTION('',(0.,0.,1.));
#4200=DIRECTION('',(1.,-3.71978370810862E-15,0.));
#4201=DIRECTION('',(-3.71978370810862E-15,-1.,0.));
#4202=DIRECTION('',(1.,-3.69395923509717E-15,5.96311194867026E-15));
#4203=DIRECTION('',(5.96311194867026E-15,0.,-1.));
#4204=DIRECTION('',(1.,0.,0.));
#4205=DIRECTION('',(0.,0.,1.));
#4206=DIRECTION('',(0.,-0.0169846247949313,-0.99985575085638));
#4207=DIRECTION('',(0.,-0.99985575085638,0.0169846247949313));
#4208=DIRECTION('',(0.,0.016984624794929,0.99985575085638));
#4209=DIRECTION('',(0.,-0.99985575085638,0.016984624794929));
#4210=DIRECTION('',(-1.,0.,0.));
#4211=DIRECTION('',(0.,0.,-1.));
#4212=DIRECTION('',(0.,0.,1.));
#4213=DIRECTION('',(0.,-1.,0.));
#4214=DIRECTION('',(0.,-1.,0.));
#4215=DIRECTION('',(0.,0.,-1.));
#4216=DIRECTION('',(0.,-1.,0.));
#4217=DIRECTION('',(0.,-1.,0.));
#4218=DIRECTION('',(-1.,0.,6.12323399573677E-17));
#4219=DIRECTION('',(0.,-1.,0.));
#4220=DIRECTION('',(1.,0.,0.));
#4221=DIRECTION('',(0.,0.,1.));
#4222=DIRECTION('',(0.,0.,-1.));
#4223=DIRECTION('',(0.,-1.,0.));
#4224=DIRECTION('',(0.,1.,0.));
#4225=DIRECTION('',(0.,0.,1.));
#4226=DIRECTION('',(0.,-1.,0.));
#4227=DIRECTION('',(0.,0.,1.));
#4228=DIRECTION('',(0.,-1.,0.));
#4229=DIRECTION('',(0.,0.,1.));
#4230=DIRECTION('',(0.,-1.,0.));
#4231=DIRECTION('',(0.,0.,-1.));
#4232=DIRECTION('',(0.,-1.,0.));
#4233=DIRECTION('',(0.,0.,-1.));
#4234=CARTESIAN_POINT('',(0.,0.,0.));
#4235=CARTESIAN_POINT('',(-36.4671572875254,2.2,-2.4));
#4236=CARTESIAN_POINT('',(-36.4671572875254,0.2,-2.4));
#4237=CARTESIAN_POINT('',(-36.6085786437627,0.2,-2.54142135623731));
#4238=CARTESIAN_POINT('',(-36.4671572875254,0.2,-2.6));
#4239=CARTESIAN_POINT('',(-36.6085786437627,0.2,-2.54142135623731));
#4240=CARTESIAN_POINT('',(-36.6085786437627,2.2,-2.54142135623731));
#4241=CARTESIAN_POINT('',(-36.4671572875254,2.2,-2.4));
#4242=CARTESIAN_POINT('',(-36.4671592430245,2.2,-2.6));
#4243=CARTESIAN_POINT('',(-36.4671572875254,2.2,-2.6));
#4244=CARTESIAN_POINT('',(-37.4,2.2,-1.46715728752538));
#4245=CARTESIAN_POINT('',(-37.4,2.2,-1.46715728752538));
#4246=CARTESIAN_POINT('',(-37.5414213562373,2.2,-1.60857864376269));
#4247=CARTESIAN_POINT('',(-37.6,2.2,-1.46715728752538));
#4248=CARTESIAN_POINT('',(-37.5414213562373,2.2,-1.60857864376269));
#4249=CARTESIAN_POINT('',(-37.5414213562373,0.199999999999999,-1.60857864376269));
#4250=CARTESIAN_POINT('',(-37.4,0.199999999999999,-1.46715728752538));
#4251=CARTESIAN_POINT('',(-37.6,0.199999999999999,-1.46715728752538));
#4252=CARTESIAN_POINT('',(-37.6,0.199999999999999,-1.46715728752538));
#4253=CARTESIAN_POINT('',(-36.55,2.2,-2.6));
#4254=CARTESIAN_POINT('',(-36.55,2.2,-2.6));
#4255=CARTESIAN_POINT('',(-24.65,0.200000000000002,-14.5));
#4256=CARTESIAN_POINT('',(-13.25,0.2,-3.1));
#4257=CARTESIAN_POINT('',(-13.25,0.2,-2.6));
#4258=CARTESIAN_POINT('',(-32.6,0.2,-2.6));
#4259=CARTESIAN_POINT('',(-32.6,0.2,-3.1));
#4260=CARTESIAN_POINT('',(-32.6,0.199999999999999,0.111348188222349));
#4261=CARTESIAN_POINT('',(-13.25,0.199999999999999,0.111348188222401));
#4262=CARTESIAN_POINT('',(-37.6,0.199999999999999,0.111348188222336));
#4263=CARTESIAN_POINT('',(-37.6,0.2,-3.1));
#4264=CARTESIAN_POINT('',(-32.6,2.2,-3.1));
#4265=CARTESIAN_POINT('',(-32.6,2.2,-3.1));
#4266=CARTESIAN_POINT('',(-32.6,2.2,-2.6));
#4267=CARTESIAN_POINT('',(-32.6,2.2,0.223265605680254));
#4268=CARTESIAN_POINT('',(-32.6,2.98089821666434,0.266963661533533));
#4269=CARTESIAN_POINT('',(-32.6,2.2,-2.6));
#4270=CARTESIAN_POINT('',(-37.6,2.2,-3.1));
#4271=CARTESIAN_POINT('',(-37.6,2.2,-3.1));
#4272=CARTESIAN_POINT('',(-37.6,2.2,0.223265605680241));
#4273=CARTESIAN_POINT('',(-37.6,2.01461485872564,0.212891692556994));
#4274=CARTESIAN_POINT('',(-13.25,2.2,-2.6));
#4275=CARTESIAN_POINT('',(-13.25,2.2,-2.6));
#4276=CARTESIAN_POINT('',(-15.8,2.2,-3.1));
#4277=CARTESIAN_POINT('',(-15.8,2.2,-3.1));
#4278=CARTESIAN_POINT('',(-15.8,2.2,-1.46715728752538));
#4279=CARTESIAN_POINT('',(-15.8,2.2,0.223265605680299));
#4280=CARTESIAN_POINT('',(-15.8,0.199999999999999,-1.46715728752538));
#4281=CARTESIAN_POINT('',(-15.8,0.199999999999999,-1.46715728752538));
#4282=CARTESIAN_POINT('',(-15.8,0.2,-3.1));
#4283=CARTESIAN_POINT('',(-15.8,0.199999999999999,0.111348188222394));
#4284=CARTESIAN_POINT('',(-15.8,2.01461485872563,0.212891692557051));
#4285=CARTESIAN_POINT('',(8.55,0.2,-3.1));
#4286=CARTESIAN_POINT('',(-2.85000000000002,0.200000000000002,-14.5));
#4287=CARTESIAN_POINT('',(-15.7414213562373,0.199999999999999,-1.60857864376269));
#4288=CARTESIAN_POINT('',(-14.8085786437627,0.2,-2.54142135623731));
#4289=CARTESIAN_POINT('',(-14.6671572875254,0.2,-2.4));
#4290=CARTESIAN_POINT('',(-14.6671572875254,0.2,-2.6));
#4291=CARTESIAN_POINT('',(8.55,0.2,-2.6));
#4292=CARTESIAN_POINT('',(-10.8,0.2,-2.6));
#4293=CARTESIAN_POINT('',(-10.8,0.2,-3.1));
#4294=CARTESIAN_POINT('',(-10.8,0.199999999999999,0.111348188222408));
#4295=CARTESIAN_POINT('',(8.54999999999999,0.199999999999999,0.11134818822246));
#4296=CARTESIAN_POINT('',(-15.6,0.199999999999999,-1.46715728752538));
#4297=CARTESIAN_POINT('',(8.55,2.2,-2.6));
#4298=CARTESIAN_POINT('',(-14.6671572875254,2.2,-2.6));
#4299=CARTESIAN_POINT('',(-14.6671592430245,2.2,-2.6));
#4300=CARTESIAN_POINT('',(8.55,2.2,-2.6));
#4301=CARTESIAN_POINT('',(-10.8,2.2,-2.6));
#4302=CARTESIAN_POINT('',(-10.8,2.2,-2.6));
#4303=CARTESIAN_POINT('',(-14.75,2.2,-2.6));
#4304=CARTESIAN_POINT('',(-14.75,2.2,-2.6));
#4305=CARTESIAN_POINT('',(-14.8085786437627,2.2,-2.54142135623731));
#4306=CARTESIAN_POINT('',(-15.7414213562373,2.2,-1.60857864376269));
#4307=CARTESIAN_POINT('',(-14.8085786437627,0.2,-2.54142135623731));
#4308=CARTESIAN_POINT('',(-15.7414213562373,2.2,-1.60857864376269));
#4309=CARTESIAN_POINT('',(-15.6,2.2,-1.46715728752538));
#4310=CARTESIAN_POINT('',(-15.6,2.2,-1.46715728752538));
#4311=CARTESIAN_POINT('',(-10.8,2.2,-3.1));
#4312=CARTESIAN_POINT('',(-10.8,2.2,-3.1));
#4313=CARTESIAN_POINT('',(-10.8,2.2,0.223265605680313));
#4314=CARTESIAN_POINT('',(-10.8,2.98089821666433,0.266963661533591));
#4315=CARTESIAN_POINT('',(-14.6671572875254,2.2,-2.4));
#4316=CARTESIAN_POINT('',(-14.6671572875254,2.2,-2.4));
#4317=CARTESIAN_POINT('',(40.05,4.,-3.1));
#4318=CARTESIAN_POINT('',(40.05,4.,-3.1));
#4319=CARTESIAN_POINT('',(34.25,4.,-3.1));
#4320=CARTESIAN_POINT('',(-34.25,4.,-3.1));
#4321=CARTESIAN_POINT('',(34.25,4.,-3.1));
#4322=CARTESIAN_POINT('',(34.25,3.2,-3.1));
#4323=CARTESIAN_POINT('',(40.05,3.19999999999947,-3.1));
#4324=CARTESIAN_POINT('',(35.25,3.2,-3.1));
#4325=CARTESIAN_POINT('',(35.25,4.,-3.1));
#4326=CARTESIAN_POINT('',(35.25,4.,-3.1));
#4327=CARTESIAN_POINT('',(40.05,4.,-3.1));
#4328=CARTESIAN_POINT('',(40.05,4.,-3.1));
#4329=CARTESIAN_POINT('',(40.05,4.,-3.1));
#4330=CARTESIAN_POINT('',(40.05,2.2,-3.1));
#4331=CARTESIAN_POINT('',(40.05,2.2,-3.1));
#4332=CARTESIAN_POINT('',(-40.05,2.2,-3.1));
#4333=CARTESIAN_POINT('',(-40.05,4.,-3.1));
#4334=CARTESIAN_POINT('',(-40.05,4.,-3.1));
#4335=CARTESIAN_POINT('',(-40.05,4.,-3.1));
#4336=CARTESIAN_POINT('',(-35.25,4.,-3.1));
#4337=CARTESIAN_POINT('',(-35.25,4.,-3.1));
#4338=CARTESIAN_POINT('',(-35.25,3.2,-3.1));
#4339=CARTESIAN_POINT('',(-40.05,3.19999999999947,-3.1));
#4340=CARTESIAN_POINT('',(-34.25,3.2,-3.1));
#4341=CARTESIAN_POINT('',(-34.25,4.,-3.1));
#4342=CARTESIAN_POINT('',(40.05,4.,2.));
#4343=CARTESIAN_POINT('',(35.25,4.,2.));
#4344=CARTESIAN_POINT('',(35.25,4.,-3.05279070905247));
#4345=CARTESIAN_POINT('',(35.75,4.,-3.05279070905247));
#4346=CARTESIAN_POINT('',(35.4722222222222,4.,-2.63705099941092));
#4347=CARTESIAN_POINT('',(34.75,4.,-1.55612775434289));
#4348=CARTESIAN_POINT('',(34.0277777777778,4.,-2.63705099941092));
#4349=CARTESIAN_POINT('',(33.75,4.,-3.05279070905247));
#4350=CARTESIAN_POINT('',(34.25,4.,-3.05279070905247));
#4351=CARTESIAN_POINT('',(34.25,4.,2.));
#4352=CARTESIAN_POINT('',(-34.25,4.,2.));
#4353=CARTESIAN_POINT('',(-34.25,4.,-3.05279070905247));
#4354=CARTESIAN_POINT('',(-33.75,4.,-3.05279070905247));
#4355=CARTESIAN_POINT('',(-34.0277777777778,4.,-2.63705099941092));
#4356=CARTESIAN_POINT('',(-34.75,4.,-1.55612775434289));
#4357=CARTESIAN_POINT('',(-35.4722222222222,4.,-2.63705099941092));
#4358=CARTESIAN_POINT('',(-35.75,4.,-3.05279070905247));
#4359=CARTESIAN_POINT('',(-35.25,4.,-3.05279070905247));
#4360=CARTESIAN_POINT('',(-35.25,4.,2.));
#4361=CARTESIAN_POINT('',(-40.05,4.,2.));
#4362=CARTESIAN_POINT('',(-40.05,4.,2.69289321881345));
#4363=CARTESIAN_POINT('',(-40.05,4.,2.69289321881345));
#4364=CARTESIAN_POINT('',(-38.85,4.,2.69289321881345));
#4365=CARTESIAN_POINT('',(-38.85,4.,2.));
#4366=CARTESIAN_POINT('',(-38.85,4.,2.2));
#4367=CARTESIAN_POINT('',(-38.65,4.,2.2));
#4368=CARTESIAN_POINT('',(-38.65,4.,2.));
#4369=CARTESIAN_POINT('',(-40.05,4.,2.));
#4370=CARTESIAN_POINT('',(-0.800000000000002,4.,2.));
#4371=CARTESIAN_POINT('',(-0.800000000000002,4.,2.2));
#4372=CARTESIAN_POINT('',(-0.600000000000003,4.,2.2));
#4373=CARTESIAN_POINT('',(-0.600000000000003,4.,2.));
#4374=CARTESIAN_POINT('',(-0.600000000000003,4.,2.69289321881345));
#4375=CARTESIAN_POINT('',(40.05,4.,2.69289321881345));
#4376=CARTESIAN_POINT('',(0.600000000000003,4.,2.69289321881345));
#4377=CARTESIAN_POINT('',(0.600000000000003,4.,2.));
#4378=CARTESIAN_POINT('',(0.600000000000003,4.,2.2));
#4379=CARTESIAN_POINT('',(0.800000000000002,4.,2.2));
#4380=CARTESIAN_POINT('',(0.800000000000002,4.,2.));
#4381=CARTESIAN_POINT('',(40.05,4.,2.));
#4382=CARTESIAN_POINT('',(38.65,4.,2.));
#4383=CARTESIAN_POINT('',(38.65,4.,2.2));
#4384=CARTESIAN_POINT('',(38.85,4.,2.2));
#4385=CARTESIAN_POINT('',(38.85,4.,2.));
#4386=CARTESIAN_POINT('',(38.85,4.,2.69289321881345));
#4387=CARTESIAN_POINT('',(40.05,4.,2.69289321881345));
#4388=CARTESIAN_POINT('',(40.05,4.,2.69289321881345));
#4389=CARTESIAN_POINT('',(40.05,4.,2.));
#4390=CARTESIAN_POINT('',(51.9168860014698,1.07698056552299,63.4000000000006));
#4391=CARTESIAN_POINT('',(53.2400770144711,1.076980565523,63.4000000000007));
#4392=CARTESIAN_POINT('',(55.8864250084132,1.3390523420424,63.4000000000007));
#4393=CARTESIAN_POINT('',(59.7017612163719,2.50309172643499,63.4000000000007));
#4394=CARTESIAN_POINT('',(63.2146770736043,4.39285614934098,63.4000000000007));
#4395=CARTESIAN_POINT('',(66.2887126921532,6.934923475423,63.4000000000007));
#4396=CARTESIAN_POINT('',(68.8044428455188,10.0305529042094,63.4000000000007));
#4397=CARTESIAN_POINT('',(70.6641485080123,13.5594816042383,63.4000000000007));
#4398=CARTESIAN_POINT('',(71.795573561882,17.3846283922217,63.4000000000007));
#4399=CARTESIAN_POINT('',(72.0350423287531,20.0331282689452,63.4000000000007));
#4400=CARTESIAN_POINT('',(72.0237448341018,21.3562772065071,63.4000000000007));
#4401=CARTESIAN_POINT('',(51.9298640138301,0.71640414981813,42.1734844179003));
#4402=CARTESIAN_POINT('',(53.274389936931,0.716404149818135,42.1734844179003));
#4403=CARTESIAN_POINT('',(55.9634067935304,0.98348046458555,42.1734844179002));
#4404=CARTESIAN_POINT('',(59.8393490298399,2.16965723946663,42.1734844179002));
#4405=CARTESIAN_POINT('',(63.4062432602309,4.09506058332169,42.1734844179001));
#4406=CARTESIAN_POINT('',(66.5247280445747,6.68444629663407,42.1734844179001));
#4407=CARTESIAN_POINT('',(69.0729486756781,9.83664790346274,42.1734844179));
#4408=CARTESIAN_POINT('',(70.95135191928,13.4284895902887,42.1734844179));
#4409=CARTESIAN_POINT('',(72.0865352769069,17.3196321694647,42.1734844179));
#4410=CARTESIAN_POINT('',(72.3182861363774,20.0118875395122,42.1734844178999));
#4411=CARTESIAN_POINT('',(72.3006367497383,21.3562772065026,42.1734844178999));
#4412=CARTESIAN_POINT('',(51.9428420261903,0.355827734113554,20.9469688358169));
#4413=CARTESIAN_POINT('',(53.308702859391,0.355827734113561,20.9469688358169));
#4414=CARTESIAN_POINT('',(56.0403885786476,0.627908587128988,20.9469688358169));
#4415=CARTESIAN_POINT('',(59.976936843308,1.83622275249854,20.946968835817));
#4416=CARTESIAN_POINT('',(63.5978094468576,3.79726501730264,20.946968835817));
#4417=CARTESIAN_POINT('',(66.7607433969962,6.43396911784536,20.946968835817));
#4418=CARTESIAN_POINT('',(69.3414545058372,9.64274290271631,20.9469688358171));
#4419=CARTESIAN_POINT('',(71.2385553305475,13.2974975763393,20.9469688358172));
#4420=CARTESIAN_POINT('',(72.3774969919317,17.2546359467079,20.9469688358172));
#4421=CARTESIAN_POINT('',(72.6015299440016,19.9906468100792,20.9469688358173));
#4422=CARTESIAN_POINT('',(72.5775286653745,21.3562772064981,20.9469688358173));
#4423=CARTESIAN_POINT('',(51.9558200385505,-0.00474868159131534,-0.279546746283905));
#4424=CARTESIAN_POINT('',(53.3430157818509,-0.00474868159130945,-0.279546746283862));
#4425=CARTESIAN_POINT('',(56.1173703637649,0.272336709672133,-0.279546746283941));
#4426=CARTESIAN_POINT('',(60.1145246567759,1.50278826553017,-0.279546746283916));
#4427=CARTESIAN_POINT('',(63.7893756334842,3.49946945128335,-0.279546746283933));
#4428=CARTESIAN_POINT('',(66.9967587494177,6.18349193905642,-0.279546746283941));
#4429=CARTESIAN_POINT('',(69.6099603359962,9.44883790196968,-0.279546746283951));
#4430=CARTESIAN_POINT('',(71.525758741815,13.1665055623897,-0.279546746283965));
#4431=CARTESIAN_POINT('',(72.6684587069566,17.189639723951,-0.279546746283978));
#4432=CARTESIAN_POINT('',(72.8847737516259,19.9694060806461,-0.279546746283987));
#4433=CARTESIAN_POINT('',(72.854420581011,21.3562772064936,-0.279546746283989));
#4434=CARTESIAN_POINT('',(71.9439117349225,21.3562772065084,69.5200000000033));
#4435=CARTESIAN_POINT('',(72.2604612785092,21.3562772065033,45.2533333333248));
#4436=CARTESIAN_POINT('',(72.5770108220955,21.3562772064981,20.9866666666746));
#4437=CARTESIAN_POINT('',(72.893560365682,21.356277206493,-3.2800000000023));
#4438=CARTESIAN_POINT('',(72.8338782607182,21.356277206494,1.2952261422098));
#4439=CARTESIAN_POINT('',(72.0237448341018,21.3562772065071,63.3999999999989));
#4440=CARTESIAN_POINT('',(72.0237448341018,21.3562772065071,63.3999999999989));
#4441=CARTESIAN_POINT('',(72.0247169473638,21.2424244745961,63.3999999999989));
#4442=CARTESIAN_POINT('',(72.0247185838758,21.1285480569483,63.3999999999989));
#4443=CARTESIAN_POINT('',(72.0237524233125,21.0147423242807,63.3999999999989));
#4444=CARTESIAN_POINT('',(72.0237524233125,21.0147423242807,63.3999999999989));
#4445=CARTESIAN_POINT('',(72.0237524233125,21.0147423242807,63.3999999999989));
#4446=CARTESIAN_POINT('',(72.0017254487481,18.4201466910452,63.3999999999989));
#4447=CARTESIAN_POINT('',(70.9424086997123,13.2170967959724,63.3999999999989));
#4448=CARTESIAN_POINT('',(66.4541716722035,6.54927073994749,63.3999999999989));
#4449=CARTESIAN_POINT('',(59.7815579242307,2.11491657751309,63.399999999999));
#4450=CARTESIAN_POINT('',(54.5271154789441,1.07698056552297,63.3999999999989));
#4451=CARTESIAN_POINT('',(51.9168860014699,1.07698056552296,63.3999999999989));
#4452=CARTESIAN_POINT('',(51.9168860014698,1.07698056552296,63.3999999999989));
#4453=CARTESIAN_POINT('',(51.9567861896192,-0.031591874502013,-1.85975950500916));
#4454=CARTESIAN_POINT('',(51.9189647808086,1.0192245099587,60.000000000002));
#4455=CARTESIAN_POINT('',(51.9189647808086,1.01922450995867,60.));
#4456=CARTESIAN_POINT('',(51.9532034993284,0.0679483006640916,3.99999999999892));
#4457=CARTESIAN_POINT('',(51.9567861896192,-0.031591874502013,-1.85975950500916));
#4458=CARTESIAN_POINT('',(51.9555878275938,0.00170298389843475,0.100251743256728));
#4459=CARTESIAN_POINT('',(72.8338782607182,21.3562772064939,1.29522614220981));
#4460=CARTESIAN_POINT('',(72.8956873892542,18.5846621379095,1.14013014187812));
#4461=CARTESIAN_POINT('',(71.9079023086733,13.0390830883646,0.829806699111237));
#4462=CARTESIAN_POINT('',(67.2973640658559,5.9010666986992,0.430372519059438));
#4463=CARTESIAN_POINT('',(60.2769310575214,1.12758323857475,0.163254548491847));
#4464=CARTESIAN_POINT('',(54.7565413655556,0.00170298389844538,0.100251743256738));
#4465=CARTESIAN_POINT('',(51.9555878275938,0.00170298389843487,0.10025174325673));
#4466=CARTESIAN_POINT('',(-5.50000000000001,6.6,60.2510161155347));
#4467=CARTESIAN_POINT('',(29.9223078068959,6.6,57.3010161155347));
#4468=CARTESIAN_POINT('',(29.9223078068959,6.6,59.8010161155348));
#4469=CARTESIAN_POINT('',(29.9223078068959,6.6,58.5510161155347));
#4470=CARTESIAN_POINT('',(-5.50000000000001,6.6,58.5510161155347));
#4471=CARTESIAN_POINT('',(40.1223078068959,6.6,58.5510161155347));
#4472=CARTESIAN_POINT('',(40.1223078068959,6.6,59.8010161155348));
#4473=CARTESIAN_POINT('',(40.1223078068959,6.6,59.8010161155348));
#4474=CARTESIAN_POINT('',(29.9223078068959,6.6,59.8010161155348));
#4475=CARTESIAN_POINT('',(29.9223078068959,9.,59.8010161155348));
#4476=CARTESIAN_POINT('',(40.1223078068959,9.,59.8010161155348));
#4477=CARTESIAN_POINT('',(40.1223078068959,7.3,59.8010161155348));
#4478=CARTESIAN_POINT('',(29.9223078068959,7.3,59.8010161155348));
#4479=CARTESIAN_POINT('',(29.9223078068959,7.3,59.8010161155348));
#4480=CARTESIAN_POINT('',(29.9223078068959,9.,59.8010161155348));
#4481=CARTESIAN_POINT('',(0.,9.,58.1010161155347));
#4482=CARTESIAN_POINT('',(29.9223078068959,9.,58.1010161155347));
#4483=CARTESIAN_POINT('',(29.9223078068959,9.,58.1010161155347));
#4484=CARTESIAN_POINT('',(40.1223078068959,9.,58.1010161155347));
#4485=CARTESIAN_POINT('',(40.1223078068959,9.,58.1010161155347));
#4486=CARTESIAN_POINT('',(40.1223078068959,9.,58.1010161155347));
#4487=CARTESIAN_POINT('',(0.,9.,0.));
#4488=CARTESIAN_POINT('',(29.9223078068959,9.,57.3010161155347));
#4489=CARTESIAN_POINT('',(29.9223078068959,9.,57.3010161155347));
#4490=CARTESIAN_POINT('',(40.1223078068959,9.,59.8010161155348));
#4491=CARTESIAN_POINT('',(40.1223078068959,9.,57.3010161155347));
#4492=CARTESIAN_POINT('',(40.1223078068959,9.,57.3010161155347));
#4493=CARTESIAN_POINT('',(40.05,2.2,-2.6));
#4494=CARTESIAN_POINT('',(40.05,0.2,-2.6));
#4495=CARTESIAN_POINT('',(31.9828427124746,0.2,-2.6));
#4496=CARTESIAN_POINT('',(35.85,0.2,-2.6));
#4497=CARTESIAN_POINT('',(31.9828427124746,2.2,-2.6));
#4498=CARTESIAN_POINT('',(31.9828427124746,2.2,-2.6));
#4499=CARTESIAN_POINT('',(40.05,2.2,-2.6));
#4500=CARTESIAN_POINT('',(35.85,2.2,-2.6));
#4501=CARTESIAN_POINT('',(35.85,2.2,-2.6));
#4502=CARTESIAN_POINT('',(31.9,2.2,-2.6));
#4503=CARTESIAN_POINT('',(36.225,0.2,-6.925));
#4504=CARTESIAN_POINT('',(30.9085786437627,0.199999999999999,-1.60857864376269));
#4505=CARTESIAN_POINT('',(31.8414213562373,0.2,-2.54142135623731));
#4506=CARTESIAN_POINT('',(30.9085786437627,2.2,-1.60857864376269));
#4507=CARTESIAN_POINT('',(30.9085786437627,2.2,-1.60857864376269));
#4508=CARTESIAN_POINT('',(31.9,2.2,-2.6));
#4509=CARTESIAN_POINT('',(31.8414213562373,2.2,-2.54142135623731));
#4510=CARTESIAN_POINT('',(31.8414213562373,0.2,-2.54142135623731));
#4511=CARTESIAN_POINT('',(40.05,2.2,-2.6));
#4512=CARTESIAN_POINT('',(40.05,0.2,-2.6));
#4513=CARTESIAN_POINT('',(16.8328427124746,0.2,-2.6));
#4514=CARTESIAN_POINT('',(20.7,0.2,-2.6));
#4515=CARTESIAN_POINT('',(16.8328427124746,2.2,-2.6));
#4516=CARTESIAN_POINT('',(16.8328407569755,2.2,-2.6));
#4517=CARTESIAN_POINT('',(40.05,2.2,-2.6));
#4518=CARTESIAN_POINT('',(20.7,2.2,-2.6));
#4519=CARTESIAN_POINT('',(20.7,2.2,-2.6));
#4520=CARTESIAN_POINT('',(16.75,2.2,-2.6));
#4521=CARTESIAN_POINT('',(16.75,2.2,-2.6));
#4522=CARTESIAN_POINT('',(16.6914213562373,2.2,-2.54142135623731));
#4523=CARTESIAN_POINT('',(15.7585786437627,2.2,-1.60857864376269));
#4524=CARTESIAN_POINT('',(16.6914213562373,0.2,-2.54142135623731));
#4525=CARTESIAN_POINT('',(16.6914213562373,0.2,-2.54142135623731));
#4526=CARTESIAN_POINT('',(28.65,0.200000000000002,-14.5));
#4527=CARTESIAN_POINT('',(15.7585786437627,0.199999999999999,-1.60857864376269));
#4528=CARTESIAN_POINT('',(15.7585786437627,2.2,-1.60857864376269));
#4529=CARTESIAN_POINT('',(-5.50000000000001,6.6,60.2510161155347));
#4530=CARTESIAN_POINT('',(5.09999999999999,6.6,59.8010161155347));
#4531=CARTESIAN_POINT('',(-5.09999999999999,6.6,59.8010161155347));
#4532=CARTESIAN_POINT('',(5.09999999999999,6.6,59.8010161155347));
#4533=CARTESIAN_POINT('',(-5.09999999999999,6.6,57.3010161155347));
#4534=CARTESIAN_POINT('',(-5.09999999999999,6.6,58.5510161155347));
#4535=CARTESIAN_POINT('',(-5.50000000000001,6.6,58.5510161155347));
#4536=CARTESIAN_POINT('',(5.09999999999999,6.6,58.5510161155347));
#4537=CARTESIAN_POINT('',(5.09999999999999,6.6,57.3010161155347));
#4538=CARTESIAN_POINT('',(0.,9.,0.));
#4539=CARTESIAN_POINT('',(-8.88178419700125E-15,9.,57.3010161155347));
#4540=CARTESIAN_POINT('',(-5.09999999999999,9.,57.3010161155347));
#4541=CARTESIAN_POINT('',(5.09999999999999,9.,57.3010161155347));
#4542=CARTESIAN_POINT('',(-5.09999999999999,9.,57.3010161155347));
#4543=CARTESIAN_POINT('',(-5.09999999999999,9.,58.1010161155347));
#4544=CARTESIAN_POINT('',(5.09999999999999,9.,58.1010161155347));
#4545=CARTESIAN_POINT('',(5.09999999999999,9.,58.1010161155347));
#4546=CARTESIAN_POINT('',(5.09999999999999,9.,57.3010161155347));
#4547=CARTESIAN_POINT('',(5.09999999999999,7.3,59.8010161155347));
#4548=CARTESIAN_POINT('',(5.09999999999999,9.4,57.7010161155347));
#4549=CARTESIAN_POINT('',(5.09999999999999,7.3,59.8010161155347));
#4550=CARTESIAN_POINT('',(-5.09999999999999,9.4,57.7010161155347));
#4551=CARTESIAN_POINT('',(-5.09999999999999,7.3,59.8010161155347));
#4552=CARTESIAN_POINT('',(-6.93889390390723E-15,7.3,59.8010161155347));
#4553=CARTESIAN_POINT('',(5.09999999999999,9.,59.8010161155347));
#4554=CARTESIAN_POINT('',(5.09999999999999,9.,59.8010161155347));
#4555=CARTESIAN_POINT('',(-5.09999999999999,9.,59.8010161155347));
#4556=CARTESIAN_POINT('',(5.09999999999999,9.,57.3010161155347));
#4557=CARTESIAN_POINT('',(5.09999999999999,9.,58.5510161155347));
#4558=CARTESIAN_POINT('',(5.09999999999999,2.99489905170767,58.5510161155347));
#4559=CARTESIAN_POINT('',(5.09999999999999,1.96682739261724,-1.96980039028132));
#4560=CARTESIAN_POINT('',(5.09999999999999,2.9736652077502,57.3010161155347));
#4561=CARTESIAN_POINT('',(5.09999999999999,9.,57.3010161155347));
#4562=CARTESIAN_POINT('',(-8.88178419700125E-15,9.,57.3010161155347));
#4563=CARTESIAN_POINT('',(-72.5000000000002,2.97366520774991,57.3010161155345));
#4564=CARTESIAN_POINT('',(0.499999999999987,2.97366520775019,57.3010161155347));
#4565=CARTESIAN_POINT('',(0.499999999999993,5.5,57.3010161155347));
#4566=CARTESIAN_POINT('',(0.499999999999993,5.43648648648648,57.3010161155347));
#4567=CARTESIAN_POINT('',(-1.99068860719119E-14,5.43648648648647,57.3010161155347));
#4568=CARTESIAN_POINT('',(-0.499999999999993,5.43648648648648,57.3010161155347));
#4569=CARTESIAN_POINT('',(-0.499999999999993,5.5,57.3010161155347));
#4570=CARTESIAN_POINT('',(-0.499999999999987,2.97366520775019,57.3010161155347));
#4571=CARTESIAN_POINT('',(72.5000000000002,2.97366520774991,57.3010161155345));
#4572=CARTESIAN_POINT('',(-5.09999999999999,2.9736652077502,57.3010161155347));
#4573=CARTESIAN_POINT('',(-5.09999999999999,9.,57.3010161155347));
#4574=CARTESIAN_POINT('',(0.499999999999993,5.5,55.5010161155347));
#4575=CARTESIAN_POINT('',(0.499999999999987,1.96682739261722,-1.96980039028132));
#4576=CARTESIAN_POINT('',(0.499999999999987,2.94028398126787,55.33592052632));
#4577=CARTESIAN_POINT('',(0.499999999999993,4.60085243152599,56.643176540353));
#4578=CARTESIAN_POINT('',(-7.105427357601E-15,3.15,55.5010161155347));
#4579=CARTESIAN_POINT('',(-5.82474675921099E-15,2.94028398126787,55.33592052632));
#4580=CARTESIAN_POINT('',(-0.499999999999987,2.94028398126787,55.33592052632));
#4581=CARTESIAN_POINT('',(-0.499999999999993,4.60085243152599,56.643176540353));
#4582=CARTESIAN_POINT('',(40.05,1.9,5.));
#4583=CARTESIAN_POINT('',(40.05,3.85355339059327,3.04644660940673));
#4584=CARTESIAN_POINT('',(0.600000000000003,3.85355339059327,3.04644660940673));
#4585=CARTESIAN_POINT('',(-0.600000000000003,3.85355339059327,3.04644660940673));
#4586=CARTESIAN_POINT('',(-0.600000000000003,1.9,5.));
#4587=CARTESIAN_POINT('',(-0.600000000000003,2.27881776390008,4.62118223609992));
#4588=CARTESIAN_POINT('',(-0.800000000000003,2.27881776390008,4.62118223609992));
#4589=CARTESIAN_POINT('',(-0.605721861303213,2.23210697204661,4.66789302795339));
#4590=CARTESIAN_POINT('',(40.05,2.23210697204675,4.66789302795325));
#4591=CARTESIAN_POINT('',(0.605721861303213,2.23210697204661,4.66789302795339));
#4592=CARTESIAN_POINT('',(0.800000000000003,2.27881776390008,4.62118223609992));
#4593=CARTESIAN_POINT('',(0.600000000000003,2.27881776390008,4.62118223609992));
#4594=CARTESIAN_POINT('',(0.600000000000003,1.9,5.));
#4595=CARTESIAN_POINT('',(0.600000000000003,2.2,2.));
#4596=CARTESIAN_POINT('',(0.600000000000003,2.23423384041212,1.99660307504101));
#4597=CARTESIAN_POINT('',(0.600000000000003,2.23768895926493,2.2));
#4598=CARTESIAN_POINT('',(0.600000000000003,2.2,2.2));
#4599=CARTESIAN_POINT('',(0.600000000000003,3.5,2.69289321881345));
#4600=CARTESIAN_POINT('',(40.05,2.2,2.));
#4601=CARTESIAN_POINT('',(0.800000000000002,2.2,2.));
#4602=CARTESIAN_POINT('',(0.800000000000002,2.23768895926493,2.));
#4603=CARTESIAN_POINT('',(40.05,2.23768895926507,2.));
#4604=CARTESIAN_POINT('',(38.65,2.23768895926507,2.));
#4605=CARTESIAN_POINT('',(38.65,2.2,2.));
#4606=CARTESIAN_POINT('',(38.85,2.2,2.));
#4607=CARTESIAN_POINT('',(38.85,2.2,2.2));
#4608=CARTESIAN_POINT('',(38.85,2.23768895926507,2.2));
#4609=CARTESIAN_POINT('',(38.85,2.28570363738311,5.026541805985));
#4610=CARTESIAN_POINT('',(38.85,2.27881776390022,4.62118223609978));
#4611=CARTESIAN_POINT('',(38.85,1.9,5.));
#4612=CARTESIAN_POINT('',(38.85,3.85355339059327,3.04644660940673));
#4613=CARTESIAN_POINT('',(38.85,3.5,2.69289321881345));
#4614=CARTESIAN_POINT('',(40.05,1.9,5.));
#4615=CARTESIAN_POINT('',(38.65,2.27881776390022,4.62118223609978));
#4616=CARTESIAN_POINT('',(38.8442781386968,2.23210697204675,4.66789302795325));
#4617=CARTESIAN_POINT('',(40.05,2.23210697204675,4.66789302795325));
#4618=CARTESIAN_POINT('',(40.0557218613032,2.23210697204675,4.66789302795325));
#4619=CARTESIAN_POINT('',(40.25,2.27881776390022,4.62118223609977));
#4620=CARTESIAN_POINT('',(40.05,2.27881776390022,4.62118223609977));
#4621=CARTESIAN_POINT('',(40.05,1.9,5.));
#4622=CARTESIAN_POINT('',(40.05,3.85355339059327,3.04644660940673));
#4623=CARTESIAN_POINT('',(40.05,3.85355339059327,3.04644660940673));
#4624=CARTESIAN_POINT('',(-5.50000000000001,6.6,58.5510161155347));
#4625=CARTESIAN_POINT('',(-5.09999999999999,9.,58.5510161155347));
#4626=CARTESIAN_POINT('',(-5.09999999999999,2.99489905170767,58.5510161155347));
#4627=CARTESIAN_POINT('',(-5.5,2.99489905170763,58.5510161155347));
#4628=CARTESIAN_POINT('',(35.5223078068959,5.5,57.3010161155347));
#4629=CARTESIAN_POINT('',(35.5223078068959,1.96682739261735,-1.96980039028132));
#4630=CARTESIAN_POINT('',(35.5223078068959,2.97366520775032,57.3010161155348));
#4631=CARTESIAN_POINT('',(35.5223078068959,2.94028398126801,55.3359205263201));
#4632=CARTESIAN_POINT('',(35.5223078068959,3.15,55.5010161155347));
#4633=CARTESIAN_POINT('',(35.5223078068959,5.43648648648659,57.3010161155347));
#4634=CARTESIAN_POINT('',(35.5223078068959,5.5,57.3010161155347));
#4635=CARTESIAN_POINT('',(-7.105427357601E-15,3.15,55.5010161155347));
#4636=CARTESIAN_POINT('',(-5.82474675921099E-15,2.94028398126787,55.33592052632));
#4637=CARTESIAN_POINT('',(34.5223078068959,2.940283981268,55.3359205263201));
#4638=CARTESIAN_POINT('',(34.5223078068959,3.15,55.5010161155347));
#4639=CARTESIAN_POINT('',(34.5223078068959,5.43648648648659,57.3010161155347));
#4640=CARTESIAN_POINT('',(40.1223078068959,5.43648648648659,57.3010161155347));
#4641=CARTESIAN_POINT('',(34.5223078068959,5.5,55.5010161155347));
#4642=CARTESIAN_POINT('',(34.5223078068959,5.5,57.3010161155347));
#4643=CARTESIAN_POINT('',(34.5223078068959,2.97366520775032,57.3010161155348));
#4644=CARTESIAN_POINT('',(34.5223078068959,1.96682739261735,-1.96980039028132));
#4645=CARTESIAN_POINT('',(40.1223078068959,9.,57.3010161155347));
#4646=CARTESIAN_POINT('',(40.1223078068959,9.,57.3010161155347));
#4647=CARTESIAN_POINT('',(40.1223078068959,2.97366520775034,57.3010161155347));
#4648=CARTESIAN_POINT('',(-72.5,2.97366520774992,57.3010161155347));
#4649=CARTESIAN_POINT('',(-72.5,2.97366520774992,57.3010161155347));
#4650=CARTESIAN_POINT('',(29.9223078068959,2.9736652077503,57.3010161155347));
#4651=CARTESIAN_POINT('',(29.9223078068959,9.,57.3010161155347));
#4652=CARTESIAN_POINT('',(29.9223078068959,9.,57.3010161155347));
#4653=CARTESIAN_POINT('',(29.9223078068959,1.96682739261733,-1.96980039028132));
#4654=CARTESIAN_POINT('',(29.9223078068959,2.99489905170776,58.5510161155347));
#4655=CARTESIAN_POINT('',(29.9223078068959,9.,58.5510161155347));
#4656=CARTESIAN_POINT('',(-5.50000000000001,6.6,58.5510161155347));
#4657=CARTESIAN_POINT('',(-5.5,2.99489905170763,58.5510161155347));
#4658=CARTESIAN_POINT('',(40.1223078068959,2.9948990517078,58.5510161155347));
#4659=CARTESIAN_POINT('',(40.1223078068959,9.,58.5510161155347));
#4660=CARTESIAN_POINT('',(40.1223078068959,9.,59.8010161155348));
#4661=CARTESIAN_POINT('',(40.1223078068959,1.96682739261737,-1.96980039028132));
#4662=CARTESIAN_POINT('',(40.05,0.,0.));
#4663=CARTESIAN_POINT('',(40.05,2.20216292310716,0.108643141282361));
#4664=CARTESIAN_POINT('',(40.05,2.2,-0.0186844348913245));
#4665=CARTESIAN_POINT('',(40.05,2.2,3.74156043838135E-16));
#4666=CARTESIAN_POINT('',(40.05,3.5,2.69289321881345));
#4667=CARTESIAN_POINT('',(40.05,2.2,-3.1));
#4668=CARTESIAN_POINT('',(40.05,2.2,0.223265605680449));
#4669=CARTESIAN_POINT('',(-40.0500422230078,2.2,0.223265605680235));
#4670=CARTESIAN_POINT('',(-40.25,2.2,-0.0186844348913323));
#4671=CARTESIAN_POINT('',(-40.05,2.2,-0.0186844348913245));
#4672=CARTESIAN_POINT('',(-40.05,2.2,3.74156043838135E-16));
#4673=CARTESIAN_POINT('',(40.25,2.2,-0.0186844348913323));
#4674=CARTESIAN_POINT('',(40.0500422230078,2.2,0.223265605680448));
#4675=CARTESIAN_POINT('',(40.05,2.2,0.223265605680449));
#4676=CARTESIAN_POINT('',(35.85,2.2,0.223265605680437));
#4677=CARTESIAN_POINT('',(35.85,2.2,-3.1));
#4678=CARTESIAN_POINT('',(31.9828427124746,2.2,-2.4));
#4679=CARTESIAN_POINT('',(31.05,2.2,-1.46715728752538));
#4680=CARTESIAN_POINT('',(30.85,2.2,-1.46715728752538));
#4681=CARTESIAN_POINT('',(30.85,2.2,-3.1));
#4682=CARTESIAN_POINT('',(30.85,2.2,0.223265605680424));
#4683=CARTESIAN_POINT('',(40.05,2.2,0.223265605680449));
#4684=CARTESIAN_POINT('',(20.7,2.2,0.223265605680397));
#4685=CARTESIAN_POINT('',(20.7,2.2,-3.1));
#4686=CARTESIAN_POINT('',(16.8328427124746,2.2,-2.4));
#4687=CARTESIAN_POINT('',(15.9,2.2,-1.46715728752538));
#4688=CARTESIAN_POINT('',(15.7,2.2,-1.46715728752538));
#4689=CARTESIAN_POINT('',(15.7,2.2,-3.1));
#4690=CARTESIAN_POINT('',(15.7,2.2,0.223265605680383));
#4691=CARTESIAN_POINT('',(40.05,2.2,0.223265605680449));
#4692=CARTESIAN_POINT('',(40.05,2.2,0.223265605680449));
#4693=CARTESIAN_POINT('',(35.85,2.2,-3.1));
#4694=CARTESIAN_POINT('',(35.85,2.98089821666432,0.266963661533715));
#4695=CARTESIAN_POINT('',(35.85,0.199999999999999,0.111348188222532));
#4696=CARTESIAN_POINT('',(35.85,0.2,-3.1));
#4697=CARTESIAN_POINT('',(40.05,0.2,-3.1));
#4698=CARTESIAN_POINT('',(30.85,0.2,-3.1));
#4699=CARTESIAN_POINT('',(30.85,0.199999999999999,-1.46715728752538));
#4700=CARTESIAN_POINT('',(30.85,0.199999999999999,0.111348188222519));
#4701=CARTESIAN_POINT('',(31.05,0.199999999999999,-1.46715728752538));
#4702=CARTESIAN_POINT('',(31.9828427124746,0.2,-2.4));
#4703=CARTESIAN_POINT('',(40.05,0.199999999999999,0.111348188222543));
#4704=CARTESIAN_POINT('',(30.85,2.2,-3.1));
#4705=CARTESIAN_POINT('',(30.85,0.199999999999999,-1.46715728752538));
#4706=CARTESIAN_POINT('',(30.85,2.01461485872563,0.212891692557175));
#4707=CARTESIAN_POINT('',(20.7,2.2,-3.1));
#4708=CARTESIAN_POINT('',(20.7,2.98089821666433,0.266963661533674));
#4709=CARTESIAN_POINT('',(20.7,0.199999999999999,0.111348188222492));
#4710=CARTESIAN_POINT('',(20.7,0.2,-3.1));
#4711=CARTESIAN_POINT('',(40.05,0.2,-3.1));
#4712=CARTESIAN_POINT('',(16.8328427124746,0.2,-2.4));
#4713=CARTESIAN_POINT('',(40.05,0.199999999999999,0.111348188222543));
#4714=CARTESIAN_POINT('',(15.7,0.199999999999999,0.111348188222479));
#4715=CARTESIAN_POINT('',(15.7,0.2,-3.1));
#4716=CARTESIAN_POINT('',(15.7,0.199999999999999,-1.46715728752538));
#4717=CARTESIAN_POINT('',(15.9,0.199999999999999,-1.46715728752538));
#4718=CARTESIAN_POINT('',(15.7,2.2,-3.1));
#4719=CARTESIAN_POINT('',(15.7,0.199999999999999,-1.46715728752538));
#4720=CARTESIAN_POINT('',(15.7,2.01461485872563,0.212891692557136));
#4721=CARTESIAN_POINT('',(-72.5,1.96682739261695,-1.96980039028132));
#4722=CARTESIAN_POINT('',(-5.09999999999999,1.96682739261724,-1.96980039028132));
#4723=CARTESIAN_POINT('',(-0.499999999999987,1.96682739261722,-1.96980039028132));
#4724=CARTESIAN_POINT('',(0.800000000000004,2.08573248721169,5.02993873094413));
#4725=CARTESIAN_POINT('',(0.800000000000004,2.03771780909365,2.20339692495899));
#4726=CARTESIAN_POINT('',(0.800000000000004,2.08573248721169,5.02993873094413));
#4727=CARTESIAN_POINT('',(-72.5,2.08573248721142,5.0299387309444));
#4728=CARTESIAN_POINT('',(-0.800000000000004,2.08573248721169,5.02993873094413));
#4729=CARTESIAN_POINT('',(-0.800000000000004,2.08573248721169,5.02993873094413));
#4730=CARTESIAN_POINT('',(-0.800000000000004,2.03771780909365,2.20339692495899));
#4731=CARTESIAN_POINT('',(72.5,2.03771780909338,2.20339692495899));
#4732=CARTESIAN_POINT('',(-38.65,2.03771780909379,2.20339692495899));
#4733=CARTESIAN_POINT('',(-38.65,2.03426269024099,2.));
#4734=CARTESIAN_POINT('',(-38.65,2.08573248721183,5.02993873094399));
#4735=CARTESIAN_POINT('',(72.5,2.08573248721142,5.0299387309444));
#4736=CARTESIAN_POINT('',(-40.25,2.08573248721184,5.02993873094398));
#4737=CARTESIAN_POINT('',(-40.25,2.08573248721184,5.02993873094398));
#4738=CARTESIAN_POINT('',(-40.25,2.0038947568341,0.212291809497693));
#4739=CARTESIAN_POINT('',(-72.5,2.00389475683368,0.212291809497583));
#4740=CARTESIAN_POINT('',(-51.9554985566676,2.00389475683414,0.212291809497664));
#4741=CARTESIAN_POINT('',(-51.9168652324774,3.07726910543181,63.3999999999971));
#4742=CARTESIAN_POINT('',(-51.9297430072075,2.71947765589917,42.3374306031588));
#4743=CARTESIAN_POINT('',(-51.9426207819375,2.36168620636681,21.2748612063371));
#4744=CARTESIAN_POINT('',(-51.9554985566676,2.00389475683416,0.212291809498646));
#4745=CARTESIAN_POINT('',(-51.9168652324774,3.07726910543184,63.3999999999989));
#4746=CARTESIAN_POINT('',(-72.5,3.07726910543137,63.3999999999989));
#4747=CARTESIAN_POINT('',(51.9168652324774,3.07726910543184,63.3999999999989));
#4748=CARTESIAN_POINT('',(51.9168652324774,3.07726910543181,63.3999999999972));
#4749=CARTESIAN_POINT('',(51.9297430072075,2.71947765589917,42.3374306031589));
#4750=CARTESIAN_POINT('',(51.9426207819375,2.36168620636681,21.2748612063373));
#4751=CARTESIAN_POINT('',(51.9554985566676,2.00389475683417,0.212291809498905));
#4752=CARTESIAN_POINT('',(51.9554985566676,2.00389475683415,0.212291809497942));
#4753=CARTESIAN_POINT('',(-72.5,2.00389475683368,0.212291809497583));
#4754=CARTESIAN_POINT('',(40.25,2.00389475683411,0.212291809497908));
#4755=CARTESIAN_POINT('',(40.25,2.08573248721184,5.02993873094398));
#4756=CARTESIAN_POINT('',(40.25,2.08573248721184,5.02993873094398));
#4757=CARTESIAN_POINT('',(-72.5,2.08573248721142,5.0299387309444));
#4758=CARTESIAN_POINT('',(38.65,2.08573248721183,5.02993873094399));
#4759=CARTESIAN_POINT('',(38.65,2.03426269024099,2.));
#4760=CARTESIAN_POINT('',(38.65,2.03771780909379,2.20339692495899));
#4761=CARTESIAN_POINT('',(-72.5,2.03771780909338,2.20339692495899));
#4762=CARTESIAN_POINT('',(-40.1223078068959,1.96682739261737,-1.96980039028132));
#4763=CARTESIAN_POINT('',(-40.1223078068959,2.97366520775034,57.3010161155347));
#4764=CARTESIAN_POINT('',(-40.1223078068959,2.9948990517078,58.5510161155347));
#4765=CARTESIAN_POINT('',(72.5,2.97366520774992,57.3010161155347));
#4766=CARTESIAN_POINT('',(-35.5223078068959,2.97366520775032,57.3010161155348));
#4767=CARTESIAN_POINT('',(-35.5223078068959,1.96682739261735,-1.96980039028132));
#4768=CARTESIAN_POINT('',(-35.5223078068959,2.94028398126801,55.3359205263201));
#4769=CARTESIAN_POINT('',(5.82474675921099E-15,2.94028398126787,55.33592052632));
#4770=CARTESIAN_POINT('',(-34.5223078068959,2.940283981268,55.3359205263201));
#4771=CARTESIAN_POINT('',(-34.5223078068959,1.96682739261735,-1.96980039028132));
#4772=CARTESIAN_POINT('',(-34.5223078068959,2.97366520775032,57.3010161155348));
#4773=CARTESIAN_POINT('',(72.5,2.97366520774992,57.3010161155347));
#4774=CARTESIAN_POINT('',(-29.9223078068959,2.9736652077503,57.3010161155347));
#4775=CARTESIAN_POINT('',(-29.9223078068959,1.96682739261733,-1.96980039028132));
#4776=CARTESIAN_POINT('',(-29.9223078068959,2.99489905170776,58.5510161155347));
#4777=CARTESIAN_POINT('',(5.5,2.99489905170763,58.5510161155347));
#4778=CARTESIAN_POINT('',(-72.5,-0.0328841090958097,-1.93583114069146));
#4779=CARTESIAN_POINT('',(72.0224403716969,1.07698056552304,63.3999999999989));
#4780=CARTESIAN_POINT('',(-51.9168860014698,1.07698056552296,63.3999999999989));
#4781=CARTESIAN_POINT('',(-51.9567861896192,-0.031591874502013,-1.85975950500916));
#4782=CARTESIAN_POINT('',(-51.9189647808086,1.0192245099587,60.000000000002));
#4783=CARTESIAN_POINT('',(-51.9189647808086,1.01922450995867,60.));
#4784=CARTESIAN_POINT('',(-51.9532034993284,0.0679483006640916,3.99999999999892));
#4785=CARTESIAN_POINT('',(-51.9567861896192,-0.031591874502013,-1.85975950500916));
#4786=CARTESIAN_POINT('',(-51.9555878275938,0.00170298389843003,0.10025174325645));
#4787=CARTESIAN_POINT('',(-72.5,0.00170298389796571,0.100251743256369));
#4788=CARTESIAN_POINT('',(69.6,21.4,7.50000000000074));
#4789=CARTESIAN_POINT('',(69.6,21.3562772065115,7.50000000000074));
#4790=CARTESIAN_POINT('',(70.7523127654222,21.3562772065115,7.50000000000074));
#4791=CARTESIAN_POINT('',(68.4,21.3562772065115,7.50000000000074));
#4792=CARTESIAN_POINT('',(70.7523127654222,21.3562772065115,7.50000000000074));
#4793=CARTESIAN_POINT('',(70.8272475338464,18.0200408515061,7.50000000000074));
#4794=CARTESIAN_POINT('',(70.0173834973306,14.7368720219796,7.50000000000074));
#4795=CARTESIAN_POINT('',(68.4,11.8180224521806,7.50000000000074));
#4796=CARTESIAN_POINT('',(68.4,11.8180224521806,7.50000000000074));
#4797=CARTESIAN_POINT('',(68.4,21.4,7.50000000000074));
#4798=CARTESIAN_POINT('',(5.46880239673264,2.98089821666433,0.266963661533634));
#4799=CARTESIAN_POINT('',(40.25,2.20411393412768,0.22349581612203));
#4800=CARTESIAN_POINT('',(51.9554985566675,2.00389475683415,0.212291809497944));
#4801=CARTESIAN_POINT('',(54.4676389788701,2.00389475683415,0.21229180949795));
#4802=CARTESIAN_POINT('',(59.4773112097452,3.01372057283757,0.268800358202672));
#4803=CARTESIAN_POINT('',(68.007412188242,8.82215020618796,0.593832580227943));
#4804=CARTESIAN_POINT('',(70.9561964857099,16.3481900603891,1.0149800523117));
#4805=CARTESIAN_POINT('',(70.833194080971,21.3562772065115,1.29522614221078));
#4806=CARTESIAN_POINT('',(70.8331940809709,21.3562772065114,1.29522614221078));
#4807=CARTESIAN_POINT('',(53.0000000000002,21.3562772065115,1.29522614221073));
#4808=CARTESIAN_POINT('',(-72.8338782607182,21.3562772064939,1.29522614220941));
#4809=CARTESIAN_POINT('',(-72.8956873892542,18.5846621379095,1.14013014187772));
#4810=CARTESIAN_POINT('',(-71.9079023086732,13.0390830883642,0.829806699110851));
#4811=CARTESIAN_POINT('',(-67.2973640658561,5.90106669869937,0.430372519059082));
#4812=CARTESIAN_POINT('',(-60.2769310575211,1.12758323857457,0.163254548491524));
#4813=CARTESIAN_POINT('',(-54.7565413655556,0.00170298389844046,0.100251743256438));
#4814=CARTESIAN_POINT('',(-51.9555878275938,0.0017029838984302,0.100251743256445));
#4815=CARTESIAN_POINT('',(-72.8338782607182,21.356277206494,1.29522614220942));
#4816=CARTESIAN_POINT('',(-52.9999999999998,21.3562772065115,1.29522614221045));
#4817=CARTESIAN_POINT('',(-70.8331940809709,21.3562772065115,1.2952261422104));
#4818=CARTESIAN_POINT('',(-51.9554985566676,2.00389475683415,0.21229180949767));
#4819=CARTESIAN_POINT('',(-54.4676389788702,2.00389475683415,0.212291809497663));
#4820=CARTESIAN_POINT('',(-59.4773112097453,3.01372057283757,0.268800358202355));
#4821=CARTESIAN_POINT('',(-68.0074121882421,8.82215020618799,0.593832580227585));
#4822=CARTESIAN_POINT('',(-70.9561964857099,16.3481900603891,1.01498005231132));
#4823=CARTESIAN_POINT('',(-70.8331940809709,21.3562772065115,1.2952261422104));
#4824=CARTESIAN_POINT('',(-40.25,2.20411393412767,0.223495816121814));
#4825=CARTESIAN_POINT('',(72.0224403716969,0.,63.3999999999989));
#4826=CARTESIAN_POINT('',(51.9168652324774,3.07726910543184,63.3999999999989));
#4827=CARTESIAN_POINT('',(54.2736360357829,3.07726910543184,63.3999999999989));
#4828=CARTESIAN_POINT('',(58.9988590463499,4.00494470379781,63.3999999999989));
#4829=CARTESIAN_POINT('',(67.15158632148,9.43375506205138,63.3999999999988));
#4830=CARTESIAN_POINT('',(70.0687321135863,16.5811257316096,63.3999999999989));
#4831=CARTESIAN_POINT('',(70.0234938388385,21.3562772065115,63.3999999999989));
#4832=CARTESIAN_POINT('',(70.0234938388385,21.3562772065115,63.3999999999989));
#4833=CARTESIAN_POINT('',(-51.9168652324774,3.07726910543184,63.3999999999989));
#4834=CARTESIAN_POINT('',(-54.2963174900176,3.07726910543184,63.3999999999989));
#4835=CARTESIAN_POINT('',(-59.0530485693991,4.02361932784513,63.399999999999));
#4836=CARTESIAN_POINT('',(-67.1849837738568,9.48553321116979,63.3999999999988));
#4837=CARTESIAN_POINT('',(-70.0685676386198,16.5984869789889,63.3999999999989));
#4838=CARTESIAN_POINT('',(-70.0234938388385,21.3562772065115,63.3999999999989));
#4839=CARTESIAN_POINT('',(-70.0234938388385,21.3562772065115,63.3999999999989));
#4840=CARTESIAN_POINT('',(72.0224403716969,21.3562772065114,63.3999999999989));
#4841=CARTESIAN_POINT('',(-72.0237448341018,21.3562772065071,63.3999999999989));
#4842=CARTESIAN_POINT('',(-72.0237524233125,21.0147423242807,63.3999999999989));
#4843=CARTESIAN_POINT('',(-72.0247188160827,21.1285754089969,63.3999999999989));
#4844=CARTESIAN_POINT('',(-72.0247168729877,21.2424331854441,63.3999999999989));
#4845=CARTESIAN_POINT('',(-72.0237448341018,21.3562772065071,63.3999999999989));
#4846=CARTESIAN_POINT('',(-72.0237524233125,21.0147423242807,63.3999999999989));
#4847=CARTESIAN_POINT('',(-72.0237524233125,21.0147423242807,63.3999999999989));
#4848=CARTESIAN_POINT('',(-72.0014905846096,18.3924816358045,63.3999999999989));
#4849=CARTESIAN_POINT('',(-70.9308727422701,13.1838826322903,63.3999999999989));
#4850=CARTESIAN_POINT('',(-66.410794134121,6.5070374360215,63.3999999999989));
#4851=CARTESIAN_POINT('',(-59.7588147308935,2.11109356575053,63.399999999999));
#4852=CARTESIAN_POINT('',(-54.5190005664732,1.07698056552297,63.3999999999989));
#4853=CARTESIAN_POINT('',(-51.9168860014698,1.07698056552296,63.3999999999989));
#4854=CARTESIAN_POINT('',(72.0224403716969,21.3562772065114,63.3999999999989));
#4855=CARTESIAN_POINT('',(69.15,21.4,50.0000000000007));
#4856=CARTESIAN_POINT('',(67.85,21.4,50.0000000000007));
#4857=CARTESIAN_POINT('',(67.85,21.3562772065114,50.0000000000007));
#4858=CARTESIAN_POINT('',(67.85,12.1600849474483,50.0000000000007));
#4859=CARTESIAN_POINT('',(67.85,12.1600849474483,50.0000000000007));
#4860=CARTESIAN_POINT('',(69.4310816192123,14.9692040723645,50.0000000000007));
#4861=CARTESIAN_POINT('',(70.2391511639666,18.1329679620212,50.0000000000007));
#4862=CARTESIAN_POINT('',(70.1982272906858,21.3562772065115,50.0000000000007));
#4863=CARTESIAN_POINT('',(70.1982272906858,21.3562772065115,50.0000000000007));
#4864=CARTESIAN_POINT('',(69.15,21.3562772065114,50.0000000000007));
#4865=CARTESIAN_POINT('',(67.85,21.4,49.1000000000007));
#4866=CARTESIAN_POINT('',(67.85,21.3562772065114,49.1000000000007));
#4867=CARTESIAN_POINT('',(67.85,21.3562772065114,49.1000000000007));
#4868=CARTESIAN_POINT('',(67.85,23.65,49.1000000000007));
#4869=CARTESIAN_POINT('',(67.85,23.65,49.1000000000007));
#4870=CARTESIAN_POINT('',(67.85,23.65,44.4000000000007));
#4871=CARTESIAN_POINT('',(67.85,23.65,44.4000000000007));
#4872=CARTESIAN_POINT('',(67.85,23.65,44.4000000000007));
#4873=CARTESIAN_POINT('',(67.85,21.3562772065114,44.4000000000007));
#4874=CARTESIAN_POINT('',(67.85,21.3562772065114,49.1000000000007));
#4875=CARTESIAN_POINT('',(67.85,21.3562772065115,43.5000000000007));
#4876=CARTESIAN_POINT('',(67.85,21.4,43.5000000000007));
#4877=CARTESIAN_POINT('',(67.85,11.9595513882705,43.5000000000007));
#4878=CARTESIAN_POINT('',(67.85,11.9595513882706,43.5000000000007));
#4879=CARTESIAN_POINT('',(67.85,11.9861256660401,44.3666686612483));
#4880=CARTESIAN_POINT('',(67.85,12.0127641198876,45.2333353425794));
#4881=CARTESIAN_POINT('',(67.85,12.0394681757873,46.1000000000008));
#4882=CARTESIAN_POINT('',(67.85,12.0394681757873,46.1000000000008));
#4883=CARTESIAN_POINT('',(67.85,21.4,46.1000000000008));
#4884=CARTESIAN_POINT('',(67.85,21.6562772065115,46.1000000000008));
#4885=CARTESIAN_POINT('',(67.85,21.6562772065115,47.4000000000007));
#4886=CARTESIAN_POINT('',(67.85,21.6562772065115,47.4000000000007));
#4887=CARTESIAN_POINT('',(67.85,21.4,47.4000000000007));
#4888=CARTESIAN_POINT('',(67.85,12.0795737868672,47.4000000000011));
#4889=CARTESIAN_POINT('',(67.85,12.0795737868671,47.4000000000011));
#4890=CARTESIAN_POINT('',(67.85,12.1063440031463,48.2666687286848));
#4891=CARTESIAN_POINT('',(67.85,12.1331805546932,49.1333354108381));
#4892=CARTESIAN_POINT('',(67.85,12.1600849474483,50.0000000000008));
#4893=CARTESIAN_POINT('',(69.15,21.4,43.5000000000007));
#4894=CARTESIAN_POINT('',(69.15,21.3562772065115,43.5000000000007));
#4895=CARTESIAN_POINT('',(70.2829799140246,21.3562772065115,43.5000000000008));
#4896=CARTESIAN_POINT('',(70.2829799140246,21.3562772065115,43.5000000000008));
#4897=CARTESIAN_POINT('',(70.3299220021148,18.0583525859332,43.5000000000008));
#4898=CARTESIAN_POINT('',(69.4912997345958,14.8203394414776,43.5000000000007));
#4899=CARTESIAN_POINT('',(67.85,11.9595513882706,43.5000000000007));
#4900=CARTESIAN_POINT('',(53.,21.6562772065114,66.6669442681541));
#4901=CARTESIAN_POINT('',(66.8,21.6562772065115,46.1000000000008));
#4902=CARTESIAN_POINT('',(66.8,21.6562772065115,46.1000000000008));
#4903=CARTESIAN_POINT('',(66.8,21.6562772065115,47.4000000000007));
#4904=CARTESIAN_POINT('',(66.8,21.6562772065115,47.4000000000007));
#4905=CARTESIAN_POINT('',(67.85,21.6562772065115,46.1000000000008));
#4906=CARTESIAN_POINT('',(53.,21.6562772065114,66.6669442681541));
#4907=CARTESIAN_POINT('',(66.8,21.6562772065115,10.1000000000007));
#4908=CARTESIAN_POINT('',(66.8,21.6562772065115,10.1000000000007));
#4909=CARTESIAN_POINT('',(66.8,21.6562772065115,11.4000000000007));
#4910=CARTESIAN_POINT('',(66.8,21.6562772065115,11.4000000000007));
#4911=CARTESIAN_POINT('',(68.4,21.6562772065115,11.4000000000007));
#4912=CARTESIAN_POINT('',(68.4,21.6562772065115,11.4000000000007));
#4913=CARTESIAN_POINT('',(68.4,21.6562772065115,10.1000000000007));
#4914=CARTESIAN_POINT('',(68.4,21.6562772065115,10.1000000000007));
#4915=CARTESIAN_POINT('',(51.916633346488,3.08371174214544,63.7792669809625));
#4916=CARTESIAN_POINT('',(54.7176794150006,3.07899064623969,63.7790755222965));
#4917=CARTESIAN_POINT('',(59.5130703061412,4.22023709741157,63.7793201174218));
#4918=CARTESIAN_POINT('',(65.0844581384575,8.2818181499429,63.7809677682508));
#4919=CARTESIAN_POINT('',(69.0327410669433,13.9345137919358,63.7835191192814));
#4920=CARTESIAN_POINT('',(70.0768285127501,18.7510989384509,63.7858531512321));
#4921=CARTESIAN_POINT('',(70.0155702494781,21.5533774120598,63.7872564600146));
#4922=CARTESIAN_POINT('',(51.9296656833673,2.72162599359165,42.4638995609692));
#4923=CARTESIAN_POINT('',(54.7801833024652,2.71677981064559,42.4637075133032));
#4924=CARTESIAN_POINT('',(59.6601919304002,3.88172679170356,42.4639525604137));
#4925=CARTESIAN_POINT('',(65.322791563974,8.02576091263867,42.4656030960151));
#4926=CARTESIAN_POINT('',(69.3249489817747,13.7899176415685,42.4681569330938));
#4927=CARTESIAN_POINT('',(70.3682483500217,18.6963909487875,42.4704897776746));
#4928=CARTESIAN_POINT('',(70.2926411187707,21.547745467434,42.4718897563501));
#4929=CARTESIAN_POINT('',(51.9426980202466,2.35954024503817,21.1485321409934));
#4930=CARTESIAN_POINT('',(54.8427317156561,2.35456875853067,21.1483395325009));
#4931=CARTESIAN_POINT('',(59.8074340867253,3.54324969679211,21.1485850666234));
#4932=CARTESIAN_POINT('',(65.5613058750815,7.76985031478196,21.1502385470128));
#4933=CARTESIAN_POINT('',(69.6173369158003,13.6456159965264,21.152795018473));
#4934=CARTESIAN_POINT('',(70.6597842422747,18.6420876909544,21.1551269496122));
#4935=CARTESIAN_POINT('',(70.5697693229372,21.5425713077982,21.1565238791582));
#4936=CARTESIAN_POINT('',(51.9557303571259,1.99745449648438,-0.166835278999958));
#4937=CARTESIAN_POINT('',(54.9053187405678,1.99235751220324,-0.16702842384932));
#4938=CARTESIAN_POINT('',(59.9547807553386,3.20480182399659,-0.166782379235975));
#4939=CARTESIAN_POINT('',(65.7999759818041,7.51406850367882,-0.165125926478271));
#4940=CARTESIAN_POINT('',(69.9098775665831,13.5015724559393,-0.162566725226818));
#4941=CARTESIAN_POINT('',(70.951414554715,18.588138108173,-0.16023549668461));
#4942=CARTESIAN_POINT('',(70.8469391202189,21.5377961923796,-0.158841386563916));
#4943=CARTESIAN_POINT('',(66.8,10.4386510047739,47.4000000000007));
#4944=CARTESIAN_POINT('',(67.1791900641585,10.9669470146113,47.4000000000007));
#4945=CARTESIAN_POINT('',(67.5291653364548,11.5139370981674,47.4000000000007));
#4946=CARTESIAN_POINT('',(67.85,12.0795737868671,47.4000000000007));
#4947=CARTESIAN_POINT('',(66.8,10.4386510047739,47.4000000000007));
#4948=CARTESIAN_POINT('',(66.8,10.40388032425,46.1000000000007));
#4949=CARTESIAN_POINT('',(66.8,10.4154617866298,46.5333335677543));
#4950=CARTESIAN_POINT('',(66.8,10.4270519898659,46.966666901719));
#4951=CARTESIAN_POINT('',(66.8,10.4386510047739,47.4000000000008));
#4952=CARTESIAN_POINT('',(66.8,10.40388032425,46.1000000000008));
#4953=CARTESIAN_POINT('',(67.85,12.0394681757873,46.1000000000008));
#4954=CARTESIAN_POINT('',(67.5289798040253,11.4756680309493,46.1000000000008));
#4955=CARTESIAN_POINT('',(67.1790012628906,10.9304583044672,46.1000000000007));
#4956=CARTESIAN_POINT('',(66.8,10.40388032425,46.1000000000007));
#4957=CARTESIAN_POINT('',(70.2829799140246,21.3562772065116,43.5000000000008));
#4958=CARTESIAN_POINT('',(70.4111924830122,21.3562772065116,33.6666668304432));
#4959=CARTESIAN_POINT('',(70.5393918928782,21.3562772065114,23.8333334892979));
#4960=CARTESIAN_POINT('',(70.6675799374567,21.3562772065114,14.0000000000007));
#4961=CARTESIAN_POINT('',(70.6675799374567,21.3562772065114,14.0000000000007));
#4962=CARTESIAN_POINT('',(68.4,12.0234531279986,14.0000000000007));
#4963=CARTESIAN_POINT('',(69.9566888188892,14.8888004015191,14.0000000000007));
#4964=CARTESIAN_POINT('',(70.7360798272908,18.0960200320587,14.0000000000007));
#4965=CARTESIAN_POINT('',(70.6675799374567,21.3562772065114,14.0000000000007));
#4966=CARTESIAN_POINT('',(68.4,12.0234531279986,14.0000000000007));
#4967=CARTESIAN_POINT('',(68.4,11.9409591552749,11.4000000000011));
#4968=CARTESIAN_POINT('',(68.4,11.9683849031713,12.2666689498878));
#4969=CARTESIAN_POINT('',(68.4,11.9958823313056,13.1333356343406));
#4970=CARTESIAN_POINT('',(68.4,12.0234531279986,14.0000000000007));
#4971=CARTESIAN_POINT('',(68.3999999999999,11.9409591552749,11.4000000000011));
#4972=CARTESIAN_POINT('',(66.8,9.49393590479908,11.4000000000007));
#4973=CARTESIAN_POINT('',(67.3971239078611,10.2679004934792,11.4000000000007));
#4974=CARTESIAN_POINT('',(67.9304648285538,11.0835699492667,11.4000000000007));
#4975=CARTESIAN_POINT('',(68.4,11.9409591552749,11.4000000000007));
#4976=CARTESIAN_POINT('',(66.8,9.49393590479911,11.4000000000007));
#4977=CARTESIAN_POINT('',(66.8,9.46047880082352,10.1000000000007));
#4978=CARTESIAN_POINT('',(66.8,9.47162405966226,10.5333335162969));
#4979=CARTESIAN_POINT('',(66.8,9.48277641080685,10.9666668500638));
#4980=CARTESIAN_POINT('',(66.8,9.49393590479911,11.4000000000007));
#4981=CARTESIAN_POINT('',(66.8,9.4604788008235,10.1000000000007));
#4982=CARTESIAN_POINT('',(68.4,11.8998742530464,10.1000000000007));
#4983=CARTESIAN_POINT('',(67.9300739671504,11.0451535736601,10.1000000000007));
#4984=CARTESIAN_POINT('',(67.3967277007936,10.2320302390253,10.1000000000007));
#4985=CARTESIAN_POINT('',(66.8,9.46047880082349,10.1000000000007));
#4986=CARTESIAN_POINT('',(68.4,11.8998742530464,10.1000000000007));
#4987=CARTESIAN_POINT('',(68.4,11.8180224521806,7.50000000000074));
#4988=CARTESIAN_POINT('',(68.4,11.8452365904335,8.36666887253046));
#4989=CARTESIAN_POINT('',(68.4,11.8725199922333,9.23333555600522));
#4990=CARTESIAN_POINT('',(68.4,11.8998742530464,10.1000000000007));
#4991=CARTESIAN_POINT('',(70.7523127654222,21.3562772065114,7.50000000000075));
#4992=CARTESIAN_POINT('',(70.7792736865818,21.3562772065114,5.43174205369588));
#4993=CARTESIAN_POINT('',(70.8062341201378,21.3562772065115,3.36348410103458));
#4994=CARTESIAN_POINT('',(70.8331940809709,21.3562772065115,1.2952261422108));
#4995=CARTESIAN_POINT('',(70.0234938388385,21.3562772065115,63.3999999999989));
#4996=CARTESIAN_POINT('',(70.0817412579916,21.3562772065115,58.9333333716043));
#4997=CARTESIAN_POINT('',(70.1399856779674,21.3562772065116,54.4666667041041));
#4998=CARTESIAN_POINT('',(70.1982272906858,21.3562772065116,50.0000000000007));
#4999=CARTESIAN_POINT('',(66.8,21.4,10.1000000000007));
#5000=CARTESIAN_POINT('',(66.8,21.4,10.1000000000007));
#5001=CARTESIAN_POINT('',(66.8,21.4,11.4000000000007));
#5002=CARTESIAN_POINT('',(66.8,21.4,11.4000000000007));
#5003=CARTESIAN_POINT('',(68.4,21.4,11.4000000000007));
#5004=CARTESIAN_POINT('',(68.4,21.4,10.1000000000007));
#5005=CARTESIAN_POINT('',(68.4,21.4,10.1000000000007));
#5006=CARTESIAN_POINT('',(66.8,21.4,46.1000000000008));
#5007=CARTESIAN_POINT('',(66.8,21.4,46.1000000000008));
#5008=CARTESIAN_POINT('',(66.8,21.4,47.4000000000007));
#5009=CARTESIAN_POINT('',(66.8,21.4,47.4000000000007));
#5010=CARTESIAN_POINT('',(67.85,21.4,46.1000000000008));
#5011=CARTESIAN_POINT('',(69.6,21.4,14.0000000000007));
#5012=CARTESIAN_POINT('',(68.4,21.4,14.0000000000007));
#5013=CARTESIAN_POINT('',(68.4,21.3562772065115,14.0000000000007));
#5014=CARTESIAN_POINT('',(69.6,21.3562772065115,14.0000000000007));
#5015=CARTESIAN_POINT('',(68.4,21.4,13.1000000000007));
#5016=CARTESIAN_POINT('',(68.4,21.3562772065115,13.1000000000007));
#5017=CARTESIAN_POINT('',(68.4,21.3562772065115,13.1000000000007));
#5018=CARTESIAN_POINT('',(68.4,23.,13.1000000000007));
#5019=CARTESIAN_POINT('',(68.4,23.,13.1000000000007));
#5020=CARTESIAN_POINT('',(68.4,23.,8.40000000000074));
#5021=CARTESIAN_POINT('',(68.4,23.,8.40000000000074));
#5022=CARTESIAN_POINT('',(68.4,23.,8.40000000000074));
#5023=CARTESIAN_POINT('',(68.4,21.3562772065115,8.40000000000074));
#5024=CARTESIAN_POINT('',(68.4,21.3562772065115,13.1000000000007));
#5025=CARTESIAN_POINT('',(53.,21.3562772065114,66.6669442681541));
#5026=CARTESIAN_POINT('',(53.,21.3562772065115,13.1000000000007));
#5027=CARTESIAN_POINT('',(69.6,21.3562772065115,13.1000000000007));
#5028=CARTESIAN_POINT('',(53.,21.3562772065115,44.4000000000007));
#5029=CARTESIAN_POINT('',(69.15,21.3562772065115,44.4000000000007));
#5030=CARTESIAN_POINT('',(69.15,21.3562772065114,66.6669442681541));
#5031=CARTESIAN_POINT('',(69.15,21.3562772065114,49.1000000000007));
#5032=CARTESIAN_POINT('',(53.,21.3562772065114,49.1000000000007));
#5033=CARTESIAN_POINT('',(53.,21.3562772065115,8.40000000000074));
#5034=CARTESIAN_POINT('',(69.6,21.3562772065115,8.40000000000074));
#5035=CARTESIAN_POINT('',(69.6,21.3562772065114,66.6669442681541));
#5036=CARTESIAN_POINT('',(69.6,23.,13.1000000000007));
#5037=CARTESIAN_POINT('',(69.6,23.,13.1000000000007));
#5038=CARTESIAN_POINT('',(69.6,23.,13.1000000000007));
#5039=CARTESIAN_POINT('',(69.6,23.,8.40000000000074));
#5040=CARTESIAN_POINT('',(69.6,23.,8.40000000000074));
#5041=CARTESIAN_POINT('',(69.6,23.,13.1000000000007));
#5042=CARTESIAN_POINT('',(69.6,23.,8.40000000000074));
#5043=CARTESIAN_POINT('',(69.6,23.,8.40000000000074));
#5044=CARTESIAN_POINT('',(0.,23.,0.));
#5045=CARTESIAN_POINT('',(68.4,23.,13.1000000000007));
#5046=CARTESIAN_POINT('',(68.4,23.,13.1000000000007));
#5047=CARTESIAN_POINT('',(69.15,23.65,49.1000000000007));
#5048=CARTESIAN_POINT('',(69.15,23.65,49.1000000000007));
#5049=CARTESIAN_POINT('',(69.15,23.65,49.1000000000007));
#5050=CARTESIAN_POINT('',(69.15,23.65,44.4000000000007));
#5051=CARTESIAN_POINT('',(69.15,23.65,44.4000000000007));
#5052=CARTESIAN_POINT('',(69.15,23.65,49.1000000000007));
#5053=CARTESIAN_POINT('',(69.15,23.65,44.4000000000007));
#5054=CARTESIAN_POINT('',(69.15,23.65,44.4000000000007));
#5055=CARTESIAN_POINT('',(0.,23.65,0.));
#5056=CARTESIAN_POINT('',(67.85,23.65,49.1000000000007));
#5057=CARTESIAN_POINT('',(67.85,23.65,49.1000000000007));
#5058=CARTESIAN_POINT('',(-72.5,2.58566036263961,5.02144641854693));
#5059=CARTESIAN_POINT('',(40.0557218613032,2.23210697204675,4.66789302795325));
#5060=CARTESIAN_POINT('',(40.0819050213015,2.1267839773329,4.7732160226671));
#5061=CARTESIAN_POINT('',(40.1703650111511,2.08359386270753,4.9040415718742));
#5062=CARTESIAN_POINT('',(40.25,2.08573248721184,5.02993873094399));
#5063=CARTESIAN_POINT('',(38.8442781386968,2.23210697204675,4.66789302795325));
#5064=CARTESIAN_POINT('',(38.8180949786985,2.1267839773329,4.7732160226671));
#5065=CARTESIAN_POINT('',(38.7296349888487,2.08359386270753,4.90404157187406));
#5066=CARTESIAN_POINT('',(38.65,2.08573248721183,5.02993873094399));
#5067=CARTESIAN_POINT('',(40.05,3.5,2.69289321881345));
#5068=CARTESIAN_POINT('',(-72.5,2.58566036263961,5.02144641854693));
#5069=CARTESIAN_POINT('',(0.605721861303211,2.23210697204661,4.66789302795339));
#5070=CARTESIAN_POINT('',(0.631905021301536,2.12678397733276,4.77321602266724));
#5071=CARTESIAN_POINT('',(0.72036501115129,2.08359386270739,4.90404157187423));
#5072=CARTESIAN_POINT('',(0.800000000000003,2.08573248721169,5.02993873094413));
#5073=CARTESIAN_POINT('',(-0.605721861303211,2.23210697204661,4.66789302795339));
#5074=CARTESIAN_POINT('',(-0.631905021301536,2.12678397733276,4.77321602266724));
#5075=CARTESIAN_POINT('',(-0.72036501115129,2.08359386270739,4.90404157187423));
#5076=CARTESIAN_POINT('',(-0.800000000000003,2.08573248721169,5.02993873094413));
#5077=CARTESIAN_POINT('',(40.05,3.5,2.69289321881345));
#5078=CARTESIAN_POINT('',(-0.600000000000003,3.5,2.69289321881345));
#5079=CARTESIAN_POINT('',(40.25,2.16679854278865,-1.97319731524031));
#5080=CARTESIAN_POINT('',(38.65,2.2,2.2));
#5081=CARTESIAN_POINT('',(38.65,2.23768895926507,2.2));
#5082=CARTESIAN_POINT('',(38.65,2.16679854278864,-1.97319731524031));
#5083=CARTESIAN_POINT('',(38.65,2.23768895926507,2.2));
#5084=CARTESIAN_POINT('',(38.65,2.23768895926507,2.2));
#5085=CARTESIAN_POINT('',(38.65,2.23768895926507,2.2));
#5086=CARTESIAN_POINT('',(0.800000000000002,2.2,2.2));
#5087=CARTESIAN_POINT('',(0.800000000000002,2.23768895926493,2.2));
#5088=CARTESIAN_POINT('',(-72.5,2.23768895926466,2.2));
#5089=CARTESIAN_POINT('',(0.800000000000003,2.23768895926493,2.2));
#5090=CARTESIAN_POINT('',(0.800000000000003,2.23768895926493,2.2));
#5091=CARTESIAN_POINT('',(0.800000000000003,2.23768895926493,2.2));
#5092=CARTESIAN_POINT('',(0.800000000000003,2.23428165189349,1.99941765500247));
#5093=CARTESIAN_POINT('',(16.8328427124746,2.2,-2.4));
#5094=CARTESIAN_POINT('',(15.9,2.2,-1.46715728752538));
#5095=CARTESIAN_POINT('',(31.05,2.2,-1.46715728752538));
#5096=CARTESIAN_POINT('',(31.9828427124746,2.2,-2.4));
#5097=CARTESIAN_POINT('',(34.25,23.65,-3.6580717089909));
#5098=CARTESIAN_POINT('',(34.25,23.65,-3.05279070905247));
#5099=CARTESIAN_POINT('',(34.25,3.2,-3.05279070905247));
#5100=CARTESIAN_POINT('',(34.25,3.2,-3.6580717089909));
#5101=CARTESIAN_POINT('',(34.75,23.6499999999995,-1.55612775434289));
#5102=CARTESIAN_POINT('',(35.4722222222222,23.6499999999995,-2.63705099941092));
#5103=CARTESIAN_POINT('',(35.4722222222222,3.19999999999947,-2.63705099941092));
#5104=CARTESIAN_POINT('',(34.75,3.19999999999947,-1.55612775434289));
#5105=CARTESIAN_POINT('',(34.0277777777778,3.19999999999947,-2.63705099941092));
#5106=CARTESIAN_POINT('',(34.0277777777778,23.6499999999995,-2.63705099941092));
#5107=CARTESIAN_POINT('',(35.25,23.65,-2.75612775434289));
#5108=CARTESIAN_POINT('',(35.25,3.2,-2.75612775434289));
#5109=CARTESIAN_POINT('',(35.25,3.2,-3.05279070905247));
#5110=CARTESIAN_POINT('',(35.25,23.65,-3.05279070905247));
#5111=CARTESIAN_POINT('',(34.75,3.19999999999947,-1.55612775434289));
#5112=CARTESIAN_POINT('',(33.75,3.19999999999947,-3.05279070905247));
#5113=CARTESIAN_POINT('',(35.75,3.19999999999947,-3.05279070905247));
#5114=CARTESIAN_POINT('',(35.75,23.6499999999995,-3.05279070905247));
#5115=CARTESIAN_POINT('',(33.75,23.6499999999995,-3.05279070905247));
#5116=CARTESIAN_POINT('',(-51.9168860014698,1.07698056552299,63.4000000000006));
#5117=CARTESIAN_POINT('',(-53.2400770144711,1.076980565523,63.4000000000007));
#5118=CARTESIAN_POINT('',(-55.8864250084132,1.3390523420424,63.4000000000007));
#5119=CARTESIAN_POINT('',(-59.7017612163719,2.50309172643499,63.4000000000007));
#5120=CARTESIAN_POINT('',(-63.2146770736043,4.39285614934098,63.4000000000007));
#5121=CARTESIAN_POINT('',(-66.2887126921532,6.934923475423,63.4000000000007));
#5122=CARTESIAN_POINT('',(-68.8044428455188,10.0305529042094,63.4000000000007));
#5123=CARTESIAN_POINT('',(-70.6641485080123,13.5594816042383,63.4000000000007));
#5124=CARTESIAN_POINT('',(-71.795573561882,17.3846283922217,63.4000000000007));
#5125=CARTESIAN_POINT('',(-72.0350423287531,20.0331282689452,63.4000000000007));
#5126=CARTESIAN_POINT('',(-72.0237448341018,21.3562772065071,63.4000000000007));
#5127=CARTESIAN_POINT('',(-51.9298640138301,0.716404149818128,42.1734844179002));
#5128=CARTESIAN_POINT('',(-53.274389936931,0.716404149818133,42.1734844179002));
#5129=CARTESIAN_POINT('',(-55.9634067935304,0.983480464585548,42.1734844179001));
#5130=CARTESIAN_POINT('',(-59.8393490298399,2.16965723946662,42.1734844179001));
#5131=CARTESIAN_POINT('',(-63.4062432602309,4.09506058332168,42.1734844179));
#5132=CARTESIAN_POINT('',(-66.5247280445747,6.68444629663407,42.1734844179));
#5133=CARTESIAN_POINT('',(-69.0729486756781,9.83664790346273,42.1734844178999));
#5134=CARTESIAN_POINT('',(-70.95135191928,13.4284895902887,42.1734844178999));
#5135=CARTESIAN_POINT('',(-72.0865352769069,17.3196321694647,42.1734844178999));
#5136=CARTESIAN_POINT('',(-72.3182861363775,20.0118875395122,42.1734844178998));
#5137=CARTESIAN_POINT('',(-72.3006367497383,21.3562772065026,42.1734844178998));
#5138=CARTESIAN_POINT('',(-51.9428420261903,0.355827734113551,20.9469688358167));
#5139=CARTESIAN_POINT('',(-53.308702859391,0.355827734113557,20.9469688358167));
#5140=CARTESIAN_POINT('',(-56.0403885786476,0.627908587128985,20.9469688358167));
#5141=CARTESIAN_POINT('',(-59.976936843308,1.83622275249854,20.9469688358168));
#5142=CARTESIAN_POINT('',(-63.5978094468576,3.79726501730264,20.9469688358168));
#5143=CARTESIAN_POINT('',(-66.7607433969962,6.43396911784536,20.9469688358168));
#5144=CARTESIAN_POINT('',(-69.3414545058372,9.64274290271631,20.9469688358169));
#5145=CARTESIAN_POINT('',(-71.2385553305475,13.2974975763393,20.946968835817));
#5146=CARTESIAN_POINT('',(-72.3774969919317,17.2546359467079,20.946968835817));
#5147=CARTESIAN_POINT('',(-72.6015299440016,19.9906468100792,20.9469688358171));
#5148=CARTESIAN_POINT('',(-72.5775286653745,21.3562772064981,20.9469688358171));
#5149=CARTESIAN_POINT('',(-51.9558200385505,-0.0047486815913205,-0.279546746284209));
#5150=CARTESIAN_POINT('',(-53.3430157818509,-0.0047486815913146,-0.279546746284166));
#5151=CARTESIAN_POINT('',(-56.1173703637649,0.272336709672128,-0.279546746284244));
#5152=CARTESIAN_POINT('',(-60.1145246567759,1.50278826553017,-0.27954674628422));
#5153=CARTESIAN_POINT('',(-63.7893756334842,3.49946945128335,-0.279546746284236));
#5154=CARTESIAN_POINT('',(-66.9967587494177,6.18349193905642,-0.279546746284245));
#5155=CARTESIAN_POINT('',(-69.6099603359962,9.44883790196968,-0.279546746284254));
#5156=CARTESIAN_POINT('',(-71.5257587418151,13.1665055623897,-0.279546746284269));
#5157=CARTESIAN_POINT('',(-72.6684587069566,17.189639723951,-0.279546746284282));
#5158=CARTESIAN_POINT('',(-72.8847737516258,19.9694060806461,-0.279546746284291));
#5159=CARTESIAN_POINT('',(-72.854420581011,21.3562772064936,-0.279546746284293));
#5160=CARTESIAN_POINT('',(-71.9439117349225,21.3562772065084,69.5200000000033));
#5161=CARTESIAN_POINT('',(-72.2604612785092,21.3562772065033,45.2533333333248));
#5162=CARTESIAN_POINT('',(-72.5770108220955,21.3562772064981,20.9866666666746));
#5163=CARTESIAN_POINT('',(-72.893560365682,21.356277206493,-3.2800000000023));
#5164=CARTESIAN_POINT('',(5.50000000000001,6.6,60.2510161155347));
#5165=CARTESIAN_POINT('',(-29.9223078068959,6.6,57.3010161155347));
#5166=CARTESIAN_POINT('',(-29.9223078068959,6.6,58.5510161155347));
#5167=CARTESIAN_POINT('',(-29.9223078068959,6.6,59.8010161155348));
#5168=CARTESIAN_POINT('',(-29.9223078068959,6.6,59.8010161155348));
#5169=CARTESIAN_POINT('',(-40.1223078068959,6.6,59.8010161155348));
#5170=CARTESIAN_POINT('',(-40.1223078068959,6.6,59.8010161155348));
#5171=CARTESIAN_POINT('',(-40.1223078068959,6.6,58.5510161155347));
#5172=CARTESIAN_POINT('',(5.50000000000001,6.6,58.5510161155347));
#5173=CARTESIAN_POINT('',(-29.9223078068959,9.,59.8010161155348));
#5174=CARTESIAN_POINT('',(-40.1223078068959,9.,59.8010161155348));
#5175=CARTESIAN_POINT('',(-40.1223078068959,7.3,59.8010161155348));
#5176=CARTESIAN_POINT('',(-29.9223078068959,9.,59.8010161155348));
#5177=CARTESIAN_POINT('',(-29.9223078068959,7.3,59.8010161155348));
#5178=CARTESIAN_POINT('',(-29.9223078068959,7.3,59.8010161155348));
#5179=CARTESIAN_POINT('',(0.,9.,58.1010161155347));
#5180=CARTESIAN_POINT('',(-29.9223078068959,9.,58.1010161155347));
#5181=CARTESIAN_POINT('',(-29.9223078068959,9.,58.1010161155347));
#5182=CARTESIAN_POINT('',(-40.1223078068959,9.,58.1010161155347));
#5183=CARTESIAN_POINT('',(-40.1223078068959,9.,58.1010161155347));
#5184=CARTESIAN_POINT('',(-40.1223078068959,9.,58.1010161155347));
#5185=CARTESIAN_POINT('',(0.,9.,0.));
#5186=CARTESIAN_POINT('',(-29.9223078068959,9.,57.3010161155347));
#5187=CARTESIAN_POINT('',(-29.9223078068959,9.,57.3010161155347));
#5188=CARTESIAN_POINT('',(-40.1223078068959,9.,57.3010161155347));
#5189=CARTESIAN_POINT('',(-40.1223078068959,9.,57.3010161155347));
#5190=CARTESIAN_POINT('',(-40.1223078068959,9.,59.8010161155348));
#5191=CARTESIAN_POINT('',(-5.09999999999999,9.,57.3010161155347));
#5192=CARTESIAN_POINT('',(-0.499999999999993,5.5,55.5010161155347));
#5193=CARTESIAN_POINT('',(-0.600000000000003,2.2,2.));
#5194=CARTESIAN_POINT('',(-0.600000000000003,2.2,2.2));
#5195=CARTESIAN_POINT('',(-0.600000000000003,2.23768895926493,2.2));
#5196=CARTESIAN_POINT('',(-0.600000000000003,2.23423384041212,1.99660307504101));
#5197=CARTESIAN_POINT('',(-40.05,2.2,2.));
#5198=CARTESIAN_POINT('',(-38.65,2.2,2.));
#5199=CARTESIAN_POINT('',(-38.65,2.23768895926507,2.));
#5200=CARTESIAN_POINT('',(-40.05,2.23768895926507,2.));
#5201=CARTESIAN_POINT('',(-0.800000000000002,2.23768895926493,2.));
#5202=CARTESIAN_POINT('',(-0.800000000000002,2.2,2.));
#5203=CARTESIAN_POINT('',(-38.85,2.2,2.));
#5204=CARTESIAN_POINT('',(-38.85,2.2,2.2));
#5205=CARTESIAN_POINT('',(-38.85,2.23768895926507,2.2));
#5206=CARTESIAN_POINT('',(-38.85,3.5,2.69289321881345));
#5207=CARTESIAN_POINT('',(-38.85,3.85355339059327,3.04644660940673));
#5208=CARTESIAN_POINT('',(-38.85,1.9,5.));
#5209=CARTESIAN_POINT('',(-38.85,2.27881776390022,4.62118223609978));
#5210=CARTESIAN_POINT('',(-38.85,2.28570363738311,5.026541805985));
#5211=CARTESIAN_POINT('',(-40.05,1.9,5.));
#5212=CARTESIAN_POINT('',(-40.05,3.85355339059327,3.04644660940673));
#5213=CARTESIAN_POINT('',(-40.05,3.85355339059327,3.04644660940673));
#5214=CARTESIAN_POINT('',(-40.05,1.9,5.));
#5215=CARTESIAN_POINT('',(-40.05,2.27881776390022,4.62118223609977));
#5216=CARTESIAN_POINT('',(-40.25,2.27881776390022,4.62118223609977));
#5217=CARTESIAN_POINT('',(-40.0557218613032,2.23210697204675,4.66789302795325));
#5218=CARTESIAN_POINT('',(-40.05,2.23210697204675,4.66789302795325));
#5219=CARTESIAN_POINT('',(-38.8442781386968,2.23210697204675,4.66789302795325));
#5220=CARTESIAN_POINT('',(-38.65,2.27881776390022,4.62118223609978));
#5221=CARTESIAN_POINT('',(-35.5223078068959,5.5,57.3010161155347));
#5222=CARTESIAN_POINT('',(-35.5223078068959,5.5,57.3010161155347));
#5223=CARTESIAN_POINT('',(-35.5223078068959,5.43648648648659,57.3010161155347));
#5224=CARTESIAN_POINT('',(-35.5223078068959,3.15,55.5010161155347));
#5225=CARTESIAN_POINT('',(7.105427357601E-15,3.15,55.5010161155347));
#5226=CARTESIAN_POINT('',(-40.1223078068959,5.43648648648659,57.3010161155347));
#5227=CARTESIAN_POINT('',(-34.5223078068959,5.43648648648659,57.3010161155347));
#5228=CARTESIAN_POINT('',(-34.5223078068959,3.15,55.5010161155347));
#5229=CARTESIAN_POINT('',(-34.5223078068959,5.5,55.5010161155347));
#5230=CARTESIAN_POINT('',(-34.5223078068959,5.5,57.3010161155347));
#5231=CARTESIAN_POINT('',(-40.1223078068959,9.,57.3010161155347));
#5232=CARTESIAN_POINT('',(-40.1223078068959,9.,57.3010161155347));
#5233=CARTESIAN_POINT('',(-29.9223078068959,9.,57.3010161155347));
#5234=CARTESIAN_POINT('',(-29.9223078068959,9.,57.3010161155347));
#5235=CARTESIAN_POINT('',(-29.9223078068959,9.,58.5510161155347));
#5236=CARTESIAN_POINT('',(5.50000000000001,6.6,58.5510161155347));
#5237=CARTESIAN_POINT('',(-40.1223078068959,9.,58.5510161155347));
#5238=CARTESIAN_POINT('',(-40.1223078068959,9.,59.8010161155348));
#5239=CARTESIAN_POINT('',(-40.05,0.,0.));
#5240=CARTESIAN_POINT('',(-40.05,3.5,2.69289321881345));
#5241=CARTESIAN_POINT('',(-40.05,2.20216292310716,0.108643141282361));
#5242=CARTESIAN_POINT('',(-69.6,21.4,7.50000000000074));
#5243=CARTESIAN_POINT('',(-69.6,21.3562772065115,7.50000000000074));
#5244=CARTESIAN_POINT('',(-68.4,21.3562772065115,7.50000000000074));
#5245=CARTESIAN_POINT('',(-70.7523127654222,21.3562772065115,7.50000000000074));
#5246=CARTESIAN_POINT('',(-68.4,21.4,7.50000000000074));
#5247=CARTESIAN_POINT('',(-68.4,11.8180224521806,7.50000000000074));
#5248=CARTESIAN_POINT('',(-70.7523127654222,21.3562772065115,7.50000000000074));
#5249=CARTESIAN_POINT('',(-70.8272475338464,18.0200408515061,7.50000000000074));
#5250=CARTESIAN_POINT('',(-70.0173834973306,14.7368720219796,7.50000000000074));
#5251=CARTESIAN_POINT('',(-68.4,11.8180224521806,7.50000000000074));
#5252=CARTESIAN_POINT('',(-69.15,21.4,50.0000000000007));
#5253=CARTESIAN_POINT('',(-67.85,21.4,50.0000000000007));
#5254=CARTESIAN_POINT('',(-67.85,12.1600849474483,50.0000000000007));
#5255=CARTESIAN_POINT('',(-67.85,21.3562772065114,50.0000000000007));
#5256=CARTESIAN_POINT('',(-69.15,21.3562772065114,50.0000000000007));
#5257=CARTESIAN_POINT('',(-70.1982272906858,21.3562772065115,50.0000000000007));
#5258=CARTESIAN_POINT('',(-67.85,12.1600849474483,50.0000000000007));
#5259=CARTESIAN_POINT('',(-69.4310816192123,14.9692040723645,50.0000000000007));
#5260=CARTESIAN_POINT('',(-70.2391511639666,18.1329679620212,50.0000000000007));
#5261=CARTESIAN_POINT('',(-70.1982272906858,21.3562772065115,50.0000000000007));
#5262=CARTESIAN_POINT('',(-67.85,21.4,49.1000000000007));
#5263=CARTESIAN_POINT('',(-67.85,21.3562772065114,49.1000000000007));
#5264=CARTESIAN_POINT('',(-67.85,21.3562772065114,49.1000000000007));
#5265=CARTESIAN_POINT('',(-67.85,12.0795737868671,47.4000000000011));
#5266=CARTESIAN_POINT('',(-67.85,12.1063440031463,48.2666687286848));
#5267=CARTESIAN_POINT('',(-67.85,12.1331805546932,49.1333354108381));
#5268=CARTESIAN_POINT('',(-67.85,12.1600849474483,50.0000000000008));
#5269=CARTESIAN_POINT('',(-67.85,12.0795737868672,47.4000000000011));
#5270=CARTESIAN_POINT('',(-67.85,21.4,47.4000000000007));
#5271=CARTESIAN_POINT('',(-67.85,21.6562772065115,47.4000000000007));
#5272=CARTESIAN_POINT('',(-67.85,21.6562772065115,47.4000000000007));
#5273=CARTESIAN_POINT('',(-67.85,21.6562772065115,46.1000000000008));
#5274=CARTESIAN_POINT('',(-67.85,21.4,46.1000000000008));
#5275=CARTESIAN_POINT('',(-67.85,12.0394681757873,46.1000000000008));
#5276=CARTESIAN_POINT('',(-67.85,11.9595513882706,43.5000000000007));
#5277=CARTESIAN_POINT('',(-67.85,11.9861256660401,44.3666686612483));
#5278=CARTESIAN_POINT('',(-67.85,12.0127641198876,45.2333353425794));
#5279=CARTESIAN_POINT('',(-67.85,12.0394681757873,46.1000000000008));
#5280=CARTESIAN_POINT('',(-67.85,11.9595513882705,43.5000000000007));
#5281=CARTESIAN_POINT('',(-67.85,21.4,43.5000000000007));
#5282=CARTESIAN_POINT('',(-67.85,21.3562772065115,43.5000000000007));
#5283=CARTESIAN_POINT('',(-67.85,21.3562772065114,49.1000000000007));
#5284=CARTESIAN_POINT('',(-67.85,21.3562772065114,44.4000000000007));
#5285=CARTESIAN_POINT('',(-67.85,23.65,44.4000000000007));
#5286=CARTESIAN_POINT('',(-67.85,23.65,44.4000000000007));
#5287=CARTESIAN_POINT('',(-67.85,23.65,44.4000000000007));
#5288=CARTESIAN_POINT('',(-67.85,23.65,49.1000000000007));
#5289=CARTESIAN_POINT('',(-67.85,23.65,49.1000000000007));
#5290=CARTESIAN_POINT('',(-69.15,21.4,43.5000000000007));
#5291=CARTESIAN_POINT('',(-69.15,21.3562772065115,43.5000000000007));
#5292=CARTESIAN_POINT('',(-70.2829799140246,21.3562772065115,43.5000000000008));
#5293=CARTESIAN_POINT('',(-70.2829799140246,21.3562772065115,43.5000000000008));
#5294=CARTESIAN_POINT('',(-70.3299220021148,18.0583525859332,43.5000000000008));
#5295=CARTESIAN_POINT('',(-69.4912997345958,14.8203394414776,43.5000000000007));
#5296=CARTESIAN_POINT('',(-67.85,11.9595513882706,43.5000000000007));
#5297=CARTESIAN_POINT('',(-53.,21.6562772065114,66.6669442681541));
#5298=CARTESIAN_POINT('',(-66.8,21.6562772065115,46.1000000000008));
#5299=CARTESIAN_POINT('',(-66.8,21.6562772065115,47.4000000000007));
#5300=CARTESIAN_POINT('',(-66.8,21.6562772065115,46.1000000000008));
#5301=CARTESIAN_POINT('',(-67.85,21.6562772065115,46.1000000000008));
#5302=CARTESIAN_POINT('',(-66.8,21.6562772065115,47.4000000000007));
#5303=CARTESIAN_POINT('',(-53.,21.6562772065114,66.6669442681541));
#5304=CARTESIAN_POINT('',(-66.8,21.6562772065115,10.1000000000007));
#5305=CARTESIAN_POINT('',(-66.8,21.6562772065115,11.4000000000007));
#5306=CARTESIAN_POINT('',(-66.8,21.6562772065115,10.1000000000007));
#5307=CARTESIAN_POINT('',(-68.4,21.6562772065115,10.1000000000007));
#5308=CARTESIAN_POINT('',(-68.4,21.6562772065115,10.1000000000007));
#5309=CARTESIAN_POINT('',(-68.4,21.6562772065115,11.4000000000007));
#5310=CARTESIAN_POINT('',(-68.4,21.6562772065115,11.4000000000007));
#5311=CARTESIAN_POINT('',(-66.8,21.6562772065115,11.4000000000007));
#5312=CARTESIAN_POINT('',(-51.9166333793554,3.08371082897047,63.7792132239171));
#5313=CARTESIAN_POINT('',(-54.7176795726345,3.07898973274925,63.7790217652496));
#5314=CARTESIAN_POINT('',(-59.5130706771797,4.2202362436935,63.7792663603761));
#5315=CARTESIAN_POINT('',(-65.0844587395308,8.28181750417016,63.7809140112123));
#5316=CARTESIAN_POINT('',(-69.0327418038872,13.9345134272662,63.7834653622493));
#5317=CARTESIAN_POINT('',(-70.0768292477065,18.7510988004778,63.785799394197));
#5318=CARTESIAN_POINT('',(-70.0155709482465,21.5533773978557,63.7872027029711));
#5319=CARTESIAN_POINT('',(-51.9296657052135,2.72162538662379,42.4638638298118));
#5320=CARTESIAN_POINT('',(-54.7801834073161,2.7167792034677,42.4636717821447));
#5321=CARTESIAN_POINT('',(-59.6601921772245,3.88172622431131,42.4639168292562));
#5322=CARTESIAN_POINT('',(-65.3227919637994,8.02576048365434,42.4655673648624));
#5323=CARTESIAN_POINT('',(-69.3249494719088,13.7899173996762,42.4681212019455));
#5324=CARTESIAN_POINT('',(-70.3682488387271,18.6963908577612,42.470454046525));
#5325=CARTESIAN_POINT('',(-70.2926415833242,21.5477454587637,42.4718540251953));
#5326=CARTESIAN_POINT('',(-51.9426980310717,2.35953994427742,21.1485144357238));
#5327=CARTESIAN_POINT('',(-54.8427317676433,2.35456845766567,21.1483218272309));
#5328=CARTESIAN_POINT('',(-59.8074342091174,3.54324941566608,21.1485673613538));
#5329=CARTESIAN_POINT('',(-65.5613060733303,7.76985010232201,21.1502208417457));
#5330=CARTESIAN_POINT('',(-69.6173371587958,13.6456158768812,21.1527773132081));
#5331=CARTESIAN_POINT('',(-70.6597844845134,18.6420876461453,21.1551092443467));
#5332=CARTESIAN_POINT('',(-70.5697695531641,21.5425713038355,21.1565061738904));
#5333=CARTESIAN_POINT('',(-51.9557303569299,1.99745450193075,-0.166834958381674));
#5334=CARTESIAN_POINT('',(-54.9053187396264,1.9923575176515,-0.167028103231028));
#5335=CARTESIAN_POINT('',(-59.9547807531223,3.2048018290874,-0.16678205861769));
#5336=CARTESIAN_POINT('',(-65.7999759782141,7.51406850752628,-0.16512560586003));
#5337=CARTESIAN_POINT('',(-69.9098775621829,13.5015724581059,-0.162566404608621));
#5338=CARTESIAN_POINT('',(-70.9514145503284,18.5881381089846,-0.160235176066396));
#5339=CARTESIAN_POINT('',(-70.8469391160498,21.5377961924515,-0.158841065945665));
#5340=CARTESIAN_POINT('',(-66.8,10.4386510047739,47.4000000000007));
#5341=CARTESIAN_POINT('',(-67.1791900641585,10.9669470146113,47.4000000000007));
#5342=CARTESIAN_POINT('',(-67.5291653364548,11.5139370981674,47.4000000000007));
#5343=CARTESIAN_POINT('',(-67.85,12.0795737868671,47.4000000000007));
#5344=CARTESIAN_POINT('',(-66.8,10.4386510047739,47.4000000000007));
#5345=CARTESIAN_POINT('',(-70.0234938388385,21.3562772065115,63.3999999999989));
#5346=CARTESIAN_POINT('',(-70.0817412579916,21.3562772065115,58.9333333716043));
#5347=CARTESIAN_POINT('',(-70.1399856779674,21.3562772065116,54.4666667041041));
#5348=CARTESIAN_POINT('',(-70.1982272906858,21.3562772065116,50.0000000000007));
#5349=CARTESIAN_POINT('',(-70.7523127654222,21.3562772065114,7.50000000000075));
#5350=CARTESIAN_POINT('',(-70.7792736865818,21.3562772065114,5.43174205369576));
#5351=CARTESIAN_POINT('',(-70.8062341201378,21.3562772065115,3.36348410103433));
#5352=CARTESIAN_POINT('',(-70.8331940809709,21.3562772065115,1.29522614221042));
#5353=CARTESIAN_POINT('',(-68.4,11.8180224521806,7.50000000000074));
#5354=CARTESIAN_POINT('',(-68.4,11.8452365904335,8.36666887253046));
#5355=CARTESIAN_POINT('',(-68.4,11.8725199922333,9.23333555600522));
#5356=CARTESIAN_POINT('',(-68.4,11.8998742530464,10.1000000000007));
#5357=CARTESIAN_POINT('',(-68.4,11.8998742530464,10.1000000000007));
#5358=CARTESIAN_POINT('',(-68.4,11.8998742530464,10.1000000000007));
#5359=CARTESIAN_POINT('',(-67.9300739671504,11.0451535736601,10.1000000000007));
#5360=CARTESIAN_POINT('',(-67.3967277007936,10.2320302390253,10.1000000000007));
#5361=CARTESIAN_POINT('',(-66.8,9.46047880082349,10.1000000000007));
#5362=CARTESIAN_POINT('',(-66.8,9.4604788008235,10.1000000000007));
#5363=CARTESIAN_POINT('',(-66.8,9.46047880082352,10.1000000000007));
#5364=CARTESIAN_POINT('',(-66.8,9.47162405966226,10.5333335162969));
#5365=CARTESIAN_POINT('',(-66.8,9.48277641080685,10.9666668500638));
#5366=CARTESIAN_POINT('',(-66.8,9.49393590479911,11.4000000000007));
#5367=CARTESIAN_POINT('',(-66.8,9.49393590479911,11.4000000000007));
#5368=CARTESIAN_POINT('',(-66.8,9.49393590479908,11.4000000000007));
#5369=CARTESIAN_POINT('',(-67.3971239078611,10.2679004934792,11.4000000000007));
#5370=CARTESIAN_POINT('',(-67.9304648285538,11.0835699492667,11.4000000000007));
#5371=CARTESIAN_POINT('',(-68.4,11.9409591552749,11.4000000000007));
#5372=CARTESIAN_POINT('',(-68.3999999999999,11.9409591552749,11.4000000000011));
#5373=CARTESIAN_POINT('',(-68.4,11.9409591552749,11.4000000000011));
#5374=CARTESIAN_POINT('',(-68.4,11.9683849031713,12.2666689498878));
#5375=CARTESIAN_POINT('',(-68.4,11.9958823313056,13.1333356343406));
#5376=CARTESIAN_POINT('',(-68.4,12.0234531279986,14.0000000000007));
#5377=CARTESIAN_POINT('',(-68.4,12.0234531279986,14.0000000000007));
#5378=CARTESIAN_POINT('',(-68.4,12.0234531279986,14.0000000000007));
#5379=CARTESIAN_POINT('',(-69.9566888188892,14.8888004015191,14.0000000000007));
#5380=CARTESIAN_POINT('',(-70.7360798272908,18.0960200320587,14.0000000000007));
#5381=CARTESIAN_POINT('',(-70.6675799374567,21.3562772065114,14.0000000000007));
#5382=CARTESIAN_POINT('',(-70.6675799374567,21.3562772065114,14.0000000000007));
#5383=CARTESIAN_POINT('',(-70.2829799140246,21.3562772065116,43.5000000000008));
#5384=CARTESIAN_POINT('',(-70.4111924830122,21.3562772065116,33.6666668304432));
#5385=CARTESIAN_POINT('',(-70.5393918928782,21.3562772065114,23.8333334892979));
#5386=CARTESIAN_POINT('',(-70.6675799374567,21.3562772065114,14.0000000000007));
#5387=CARTESIAN_POINT('',(-67.85,12.0394681757873,46.1000000000008));
#5388=CARTESIAN_POINT('',(-67.5289798040253,11.4756680309493,46.1000000000008));
#5389=CARTESIAN_POINT('',(-67.1790012628906,10.9304583044672,46.1000000000007));
#5390=CARTESIAN_POINT('',(-66.8,10.40388032425,46.1000000000007));
#5391=CARTESIAN_POINT('',(-66.8,10.40388032425,46.1000000000008));
#5392=CARTESIAN_POINT('',(-66.8,10.40388032425,46.1000000000007));
#5393=CARTESIAN_POINT('',(-66.8,10.4154617866298,46.5333335677543));
#5394=CARTESIAN_POINT('',(-66.8,10.4270519898659,46.966666901719));
#5395=CARTESIAN_POINT('',(-66.8,10.4386510047739,47.4000000000008));
#5396=CARTESIAN_POINT('',(-66.8,21.4,10.1000000000007));
#5397=CARTESIAN_POINT('',(-66.8,21.4,10.1000000000007));
#5398=CARTESIAN_POINT('',(-66.8,21.4,11.4000000000007));
#5399=CARTESIAN_POINT('',(-66.8,21.4,11.4000000000007));
#5400=CARTESIAN_POINT('',(-68.4,21.4,11.4000000000007));
#5401=CARTESIAN_POINT('',(-68.4,21.4,10.1000000000007));
#5402=CARTESIAN_POINT('',(-68.4,21.4,10.1000000000007));
#5403=CARTESIAN_POINT('',(-66.8,21.4,46.1000000000008));
#5404=CARTESIAN_POINT('',(-66.8,21.4,46.1000000000008));
#5405=CARTESIAN_POINT('',(-66.8,21.4,47.4000000000007));
#5406=CARTESIAN_POINT('',(-66.8,21.4,47.4000000000007));
#5407=CARTESIAN_POINT('',(-67.85,21.4,46.1000000000008));
#5408=CARTESIAN_POINT('',(-69.6,21.4,14.0000000000007));
#5409=CARTESIAN_POINT('',(-68.4,21.4,14.0000000000007));
#5410=CARTESIAN_POINT('',(-68.4,21.3562772065115,14.0000000000007));
#5411=CARTESIAN_POINT('',(-69.6,21.3562772065115,14.0000000000007));
#5412=CARTESIAN_POINT('',(-68.4,21.4,13.1000000000007));
#5413=CARTESIAN_POINT('',(-68.4,21.3562772065115,13.1000000000007));
#5414=CARTESIAN_POINT('',(-68.4,21.3562772065115,13.1000000000007));
#5415=CARTESIAN_POINT('',(-68.4,21.3562772065115,13.1000000000007));
#5416=CARTESIAN_POINT('',(-68.4,21.3562772065115,8.40000000000074));
#5417=CARTESIAN_POINT('',(-68.4,23.,8.40000000000074));
#5418=CARTESIAN_POINT('',(-68.4,23.,8.40000000000074));
#5419=CARTESIAN_POINT('',(-68.4,23.,8.40000000000074));
#5420=CARTESIAN_POINT('',(-68.4,23.,13.1000000000007));
#5421=CARTESIAN_POINT('',(-68.4,23.,13.1000000000007));
#5422=CARTESIAN_POINT('',(-53.,21.3562772065114,66.6669442681541));
#5423=CARTESIAN_POINT('',(-53.,21.3562772065115,13.1000000000007));
#5424=CARTESIAN_POINT('',(-69.6,21.3562772065115,13.1000000000007));
#5425=CARTESIAN_POINT('',(-69.6,21.3562772065114,66.6669442681541));
#5426=CARTESIAN_POINT('',(-69.6,21.3562772065115,8.40000000000074));
#5427=CARTESIAN_POINT('',(-53.,21.3562772065115,8.40000000000074));
#5428=CARTESIAN_POINT('',(-53.,21.3562772065114,49.1000000000007));
#5429=CARTESIAN_POINT('',(-69.15,21.3562772065114,49.1000000000007));
#5430=CARTESIAN_POINT('',(-69.15,21.3562772065114,66.6669442681541));
#5431=CARTESIAN_POINT('',(-69.15,21.3562772065115,44.4000000000007));
#5432=CARTESIAN_POINT('',(-53.,21.3562772065115,44.4000000000007));
#5433=CARTESIAN_POINT('',(-69.15,23.65,49.1000000000007));
#5434=CARTESIAN_POINT('',(-69.15,23.65,49.1000000000007));
#5435=CARTESIAN_POINT('',(-69.15,23.65,49.1000000000007));
#5436=CARTESIAN_POINT('',(-69.15,23.65,49.1000000000007));
#5437=CARTESIAN_POINT('',(-69.15,23.65,44.4000000000007));
#5438=CARTESIAN_POINT('',(-69.15,23.65,44.4000000000007));
#5439=CARTESIAN_POINT('',(-69.15,23.65,44.4000000000007));
#5440=CARTESIAN_POINT('',(-69.15,23.65,44.4000000000007));
#5441=CARTESIAN_POINT('',(0.,23.65,0.));
#5442=CARTESIAN_POINT('',(-67.85,23.65,49.1000000000007));
#5443=CARTESIAN_POINT('',(-67.85,23.65,49.1000000000007));
#5444=CARTESIAN_POINT('',(-69.6,23.,13.1000000000007));
#5445=CARTESIAN_POINT('',(-69.6,23.,13.1000000000007));
#5446=CARTESIAN_POINT('',(-69.6,23.,13.1000000000007));
#5447=CARTESIAN_POINT('',(-69.6,23.,13.1000000000007));
#5448=CARTESIAN_POINT('',(-69.6,23.,8.40000000000074));
#5449=CARTESIAN_POINT('',(-69.6,23.,8.40000000000074));
#5450=CARTESIAN_POINT('',(-69.6,23.,8.40000000000074));
#5451=CARTESIAN_POINT('',(-69.6,23.,8.40000000000074));
#5452=CARTESIAN_POINT('',(0.,23.,0.));
#5453=CARTESIAN_POINT('',(-68.4,23.,13.1000000000007));
#5454=CARTESIAN_POINT('',(-68.4,23.,13.1000000000007));
#5455=CARTESIAN_POINT('',(72.5,2.58566036263961,5.02144641854693));
#5456=CARTESIAN_POINT('',(-38.8442781386968,2.23210697204675,4.66789302795325));
#5457=CARTESIAN_POINT('',(-38.8180949786985,2.1267839773329,4.7732160226671));
#5458=CARTESIAN_POINT('',(-38.7296349888487,2.08359386270753,4.90404157187406));
#5459=CARTESIAN_POINT('',(-38.65,2.08573248721183,5.02993873094399));
#5460=CARTESIAN_POINT('',(-40.0557218613032,2.23210697204675,4.66789302795325));
#5461=CARTESIAN_POINT('',(-40.0819050213015,2.1267839773329,4.7732160226671));
#5462=CARTESIAN_POINT('',(-40.1703650111511,2.08359386270753,4.9040415718742));
#5463=CARTESIAN_POINT('',(-40.25,2.08573248721184,5.02993873094399));
#5464=CARTESIAN_POINT('',(-40.05,3.5,2.69289321881345));
#5465=CARTESIAN_POINT('',(-40.25,2.16679854278865,-1.97319731524031));
#5466=CARTESIAN_POINT('',(-38.65,2.2,2.2));
#5467=CARTESIAN_POINT('',(-38.65,2.23768895926507,2.2));
#5468=CARTESIAN_POINT('',(-38.65,2.16679854278864,-1.97319731524031));
#5469=CARTESIAN_POINT('',(-38.65,2.23768895926507,2.2));
#5470=CARTESIAN_POINT('',(-38.65,2.23768895926507,2.2));
#5471=CARTESIAN_POINT('',(-38.65,2.23768895926507,2.2));
#5472=CARTESIAN_POINT('',(-0.800000000000002,2.2,2.2));
#5473=CARTESIAN_POINT('',(-0.800000000000002,2.23768895926493,2.2));
#5474=CARTESIAN_POINT('',(72.5,2.23768895926466,2.2));
#5475=CARTESIAN_POINT('',(-0.800000000000003,2.23768895926493,2.2));
#5476=CARTESIAN_POINT('',(-0.800000000000003,2.23768895926493,2.2));
#5477=CARTESIAN_POINT('',(-0.800000000000003,2.23768895926493,2.2));
#5478=CARTESIAN_POINT('',(-0.800000000000003,2.23428165189349,1.99941765500247));
#5479=CARTESIAN_POINT('',(-34.25,23.65,-3.6580717089909));
#5480=CARTESIAN_POINT('',(-34.25,3.2,-3.6580717089909));
#5481=CARTESIAN_POINT('',(-34.25,3.2,-3.05279070905247));
#5482=CARTESIAN_POINT('',(-34.25,23.65,-3.05279070905247));
#5483=CARTESIAN_POINT('',(-34.75,23.6499999999995,-1.55612775434289));
#5484=CARTESIAN_POINT('',(-34.0277777777778,23.6499999999995,-2.63705099941092));
#5485=CARTESIAN_POINT('',(-34.0277777777778,3.19999999999947,-2.63705099941092));
#5486=CARTESIAN_POINT('',(-34.75,3.19999999999947,-1.55612775434289));
#5487=CARTESIAN_POINT('',(-35.4722222222222,3.19999999999947,-2.63705099941092));
#5488=CARTESIAN_POINT('',(-35.4722222222222,23.6499999999995,-2.63705099941092));
#5489=CARTESIAN_POINT('',(-35.25,23.65,-2.75612775434289));
#5490=CARTESIAN_POINT('',(-35.25,3.2,-2.75612775434289));
#5491=CARTESIAN_POINT('',(-35.25,3.2,-3.05279070905247));
#5492=CARTESIAN_POINT('',(-35.25,23.65,-3.05279070905247));
#5493=CARTESIAN_POINT('',(-34.75,3.19999999999947,-1.55612775434289));
#5494=CARTESIAN_POINT('',(-35.75,3.19999999999947,-3.05279070905247));
#5495=CARTESIAN_POINT('',(-33.75,3.19999999999947,-3.05279070905247));
#5496=CARTESIAN_POINT('',(-35.75,23.6499999999995,-3.05279070905247));
#5497=CARTESIAN_POINT('',(-33.75,23.6499999999995,-3.05279070905247));
#5498=MECHANICAL_DESIGN_GEOMETRIC_PRESENTATION_REPRESENTATION('',(#3207),
#5499);
#5499=(
GEOMETRIC_REPRESENTATION_CONTEXT(3)
GLOBAL_UNCERTAINTY_ASSIGNED_CONTEXT((#5500))
GLOBAL_UNIT_ASSIGNED_CONTEXT((#5503,#5502,#5501))
REPRESENTATION_CONTEXT('E07-02','TOP_LEVEL_ASSEMBLY_PART')
);
#5500=UNCERTAINTY_MEASURE_WITH_UNIT(LENGTH_MEASURE(0.005),#5503,
'DISTANCE_ACCURACY_VALUE','Maximum Tolerance applied to model');
#5501=(
NAMED_UNIT(*)
SI_UNIT($,.STERADIAN.)
SOLID_ANGLE_UNIT()
);
#5502=(
NAMED_UNIT(*)
PLANE_ANGLE_UNIT()
SI_UNIT($,.RADIAN.)
);
#5503=(
LENGTH_UNIT()
NAMED_UNIT(*)
SI_UNIT(.MILLI.,.METRE.)
);
#5504=PRODUCT_DEFINITION_SHAPE('','',#5505);
#5505=PRODUCT_DEFINITION('','',#5507,#5506);
#5506=PRODUCT_DEFINITION_CONTEXT('',#5513,'design');
#5507=PRODUCT_DEFINITION_FORMATION_WITH_SPECIFIED_SOURCE('','',#5509,
 .NOT_KNOWN.);
#5508=PRODUCT_RELATED_PRODUCT_CATEGORY('','',(#5509));
#5509=PRODUCT('E07-02','E07-02','E07-02',(#5511));
#5510=PRODUCT_CATEGORY('','');
#5511=PRODUCT_CONTEXT('',#5513,'mechanical');
#5512=APPLICATION_PROTOCOL_DEFINITION('international standard',
'ap242_managed_model_based_3d_engineering',2020,#5513);
#5513=APPLICATION_CONTEXT('managed model based 3d engineering');
ENDSEC;
END-ISO-10303-21;
