ISO-10303-21;
HEADER;
/* Generated by software containing ST-Developer
 * from STEP Tools, Inc. (www.steptools.com) 
 */
/* OPTION: using custom renumber hook */

FILE_DESCRIPTION(
/* description */ (
'CAx-IF Rec.Pracs.---Representation and Presentation of Product Manufa
cturing Information (PMI)---4.0---2014-10-13',
'CAx-IF Rec.Pracs.---3D Tessellated Geometry---0.4---2014-09-14','2;1'),

/* implementation_level */ '2;1');

FILE_NAME(
/* name */ 'H04L',
/* time_stamp */ '2026-04-13T01:14:50+03:00',
/* author */ (''),
/* organization */ (''),
/* preprocessor_version */ 'ST-DEVELOPER v18.102',
/* originating_system */ 'SIEMENS PLM Software NX2206.9140',
/* authorisation */ $);

FILE_SCHEMA (('AP242_MANAGED_MODEL_BASED_3D_ENGINEERING_MIM_LF { 1 0 10303 442 3 1 4 }'));
ENDSEC;

DATA;
#10=SHAPE_REPRESENTATION_RELATIONSHIP('','',#151,#11);
#11=ADVANCED_BREP_SHAPE_REPRESENTATION('',(#149),#2095);
#12=SPHERICAL_SURFACE('',#158,0.4);
#13=SPHERICAL_SURFACE('',#162,0.4);
#14=CIRCLE('',#156,0.4);
#15=CIRCLE('',#157,0.4);
#16=CIRCLE('',#160,0.4);
#17=CIRCLE('',#161,0.4);
#18=ELLIPSE('',#155,0.565685424949238,0.4);
#19=CYLINDRICAL_SURFACE('',#154,0.4);
#20=CYLINDRICAL_SURFACE('',#159,0.4);
#21=PLANE('',#153);
#22=PLANE('',#163);
#23=ORIENTED_EDGE('',*,*,#55,.F.);
#24=ORIENTED_EDGE('',*,*,#56,.F.);
#25=ORIENTED_EDGE('',*,*,#57,.T.);
#26=ORIENTED_EDGE('',*,*,#55,.T.);
#27=ORIENTED_EDGE('',*,*,#56,.T.);
#28=ORIENTED_EDGE('',*,*,#58,.T.);
#29=ORIENTED_EDGE('',*,*,#58,.F.);
#30=ORIENTED_EDGE('',*,*,#59,.F.);
#31=ORIENTED_EDGE('',*,*,#60,.T.);
#32=ORIENTED_EDGE('',*,*,#61,.T.);
#33=ORIENTED_EDGE('',*,*,#62,.T.);
#34=ORIENTED_EDGE('',*,*,#63,.T.);
#35=ORIENTED_EDGE('',*,*,#64,.T.);
#36=ORIENTED_EDGE('',*,*,#65,.T.);
#37=ORIENTED_EDGE('',*,*,#57,.F.);
#38=ORIENTED_EDGE('',*,*,#66,.F.);
#39=ORIENTED_EDGE('',*,*,#67,.T.);
#40=ORIENTED_EDGE('',*,*,#68,.F.);
#41=ORIENTED_EDGE('',*,*,#59,.T.);
#42=ORIENTED_EDGE('',*,*,#65,.F.);
#43=ORIENTED_EDGE('',*,*,#64,.F.);
#44=ORIENTED_EDGE('',*,*,#63,.F.);
#45=ORIENTED_EDGE('',*,*,#62,.F.);
#46=ORIENTED_EDGE('',*,*,#61,.F.);
#47=ORIENTED_EDGE('',*,*,#60,.F.);
#48=ORIENTED_EDGE('',*,*,#68,.T.);
#49=ORIENTED_EDGE('',*,*,#69,.F.);
#50=ORIENTED_EDGE('',*,*,#70,.T.);
#51=ORIENTED_EDGE('',*,*,#66,.T.);
#52=ORIENTED_EDGE('',*,*,#67,.F.);
#53=ORIENTED_EDGE('',*,*,#70,.F.);
#54=ORIENTED_EDGE('',*,*,#69,.T.);
#55=EDGE_CURVE('',#71,#71,#85,.F.);
#56=EDGE_CURVE('',#72,#72,#86,.F.);
#57=EDGE_CURVE('',#73,#73,#87,.T.);
#58=EDGE_CURVE('',#74,#74,#88,.T.);
#59=EDGE_CURVE('',#75,#76,#89,.F.);
#60=EDGE_CURVE('',#75,#77,#90,.F.);
#61=EDGE_CURVE('',#77,#78,#91,.T.);
#62=EDGE_CURVE('',#78,#79,#92,.T.);
#63=EDGE_CURVE('',#79,#80,#93,.F.);
#64=EDGE_CURVE('',#80,#81,#94,.F.);
#65=EDGE_CURVE('',#81,#76,#95,.F.);
#66=EDGE_CURVE('',#82,#83,#18,.F.);
#67=EDGE_CURVE('',#82,#83,#14,.F.);
#68=EDGE_CURVE('',#75,#76,#15,.F.);
#69=EDGE_CURVE('',#84,#84,#16,.F.);
#70=EDGE_CURVE('',#83,#82,#17,.F.);
#71=VERTEX_POINT('',#1707);
#72=VERTEX_POINT('',#1723);
#73=VERTEX_POINT('',#1739);
#74=VERTEX_POINT('',#2025);
#75=VERTEX_POINT('',#2050);
#76=VERTEX_POINT('',#2051);
#77=VERTEX_POINT('',#2056);
#78=VERTEX_POINT('',#2061);
#79=VERTEX_POINT('',#2066);
#80=VERTEX_POINT('',#2071);
#81=VERTEX_POINT('',#2076);
#82=VERTEX_POINT('',#2083);
#83=VERTEX_POINT('',#2084);
#84=VERTEX_POINT('',#2090);
#85=B_SPLINE_CURVE_WITH_KNOTS('',3,(#1689,#1690,#1691,#1692,#1693,#1694,
#1695,#1696,#1697,#1698,#1699,#1700,#1701,#1702,#1703,#1704,#1705,#1706),
 .UNSPECIFIED.,.T.,.F.,(1,1,1,1,1,1,1,1,1,1,1,1,1,1,1,1,1,1,1,1,1,1),(-0.00094456056395807,
-0.000755648451166456,-0.000377824225583228,0.,0.000188912112791614,0.000283368169187421,
0.000377824225583228,0.000566736338374842,0.000755648451166456,0.00113347267674968,
0.00151129690233291,0.00170020901512453,0.00174743704332243,0.00179466507152033,
0.00188912112791614,0.00207803324070775,0.00226694535349937,0.0026447695790826,
0.00302259380466582,0.00321150591745744,0.00330596197385325,0.00340041803024905),
 .UNSPECIFIED.);
#86=B_SPLINE_CURVE_WITH_KNOTS('',3,(#1708,#1709,#1710,#1711,#1712,#1713,
#1714,#1715,#1716,#1717,#1718,#1719,#1720,#1721,#1722),.UNSPECIFIED.,.T.,
 .F.,(1,1,2,1,1,1,1,1,1,1,1,1,1,1,2,1,1),(-0.1875,-0.125,0.,0.125,0.1875,
0.25,0.3125,0.375,0.5,0.625,0.6875,0.75,0.8125,0.875,1.,1.125,1.1875),
 .UNSPECIFIED.);
#87=B_SPLINE_CURVE_WITH_KNOTS('',3,(#1724,#1725,#1726,#1727,#1728,#1729,
#1730,#1731,#1732,#1733,#1734,#1735,#1736,#1737,#1738),.UNSPECIFIED.,.T.,
 .F.,(1,1,2,1,1,1,1,1,1,1,1,1,1,1,2,1,1),(-0.1875,-0.125,0.,0.125,0.1875,
0.25,0.3125,0.375,0.5,0.625,0.6875,0.75,0.8125,0.875,1.,1.125,1.1875),
 .UNSPECIFIED.);
#88=B_SPLINE_CURVE_WITH_KNOTS('',3,(#2010,#2011,#2012,#2013,#2014,#2015,
#2016,#2017,#2018,#2019,#2020,#2021,#2022,#2023,#2024),.UNSPECIFIED.,.T.,
 .F.,(1,1,2,1,1,1,1,1,1,1,1,1,1,1,2,1,1),(-0.1875,-0.125,0.,0.125,0.1875,
0.25,0.3125,0.375,0.5,0.625,0.6875,0.75,0.8125,0.875,1.,1.125,1.1875),
 .UNSPECIFIED.);
#89=B_SPLINE_CURVE_WITH_KNOTS('',3,(#2041,#2042,#2043,#2044,#2045,#2046,
#2047,#2048,#2049),.UNSPECIFIED.,.F.,.F.,(4,1,1,1,1,1,4),(5.0037075531084E-17,
0.00037236930377915,0.00074473860755825,0.00111710791133735,0.0013032925632269,
0.00139638488917167,0.00148947721511645),.UNSPECIFIED.);
#90=B_SPLINE_CURVE_WITH_KNOTS('',3,(#2052,#2053,#2054,#2055),
 .UNSPECIFIED.,.F.,.F.,(4,4),(0.000180654909253103,0.000351420326224554),
 .UNSPECIFIED.);
#91=B_SPLINE_CURVE_WITH_KNOTS('',3,(#2057,#2058,#2059,#2060),
 .UNSPECIFIED.,.F.,.F.,(4,4),(0.,0.578125),.UNSPECIFIED.);
#92=B_SPLINE_CURVE_WITH_KNOTS('',3,(#2062,#2063,#2064,#2065),
 .UNSPECIFIED.,.F.,.F.,(4,4),(0.,1.),.UNSPECIFIED.);
#93=B_SPLINE_CURVE_WITH_KNOTS('',3,(#2067,#2068,#2069,#2070),
 .UNSPECIFIED.,.F.,.F.,(4,4),(3.66743775098512E-6,0.000188343054057583),
 .UNSPECIFIED.);
#94=B_SPLINE_CURVE_WITH_KNOTS('',3,(#2072,#2073,#2074,#2075),
 .UNSPECIFIED.,.F.,.F.,(4,4),(0.,1.),.UNSPECIFIED.);
#95=B_SPLINE_CURVE_WITH_KNOTS('',3,(#2077,#2078,#2079,#2080),
 .UNSPECIFIED.,.F.,.F.,(4,4),(0.,4.36046489159984E-5),.UNSPECIFIED.);
#96=EDGE_LOOP('',(#23));
#97=EDGE_LOOP('',(#24));
#98=EDGE_LOOP('',(#25));
#99=EDGE_LOOP('',(#26));
#100=EDGE_LOOP('',(#27));
#101=EDGE_LOOP('',(#28));
#102=EDGE_LOOP('',(#29));
#103=EDGE_LOOP('',(#30,#31,#32,#33,#34,#35,#36));
#104=EDGE_LOOP('',(#37));
#105=EDGE_LOOP('',(#38,#39));
#106=EDGE_LOOP('',(#40,#41));
#107=EDGE_LOOP('',(#42,#43,#44,#45,#46,#47,#48));
#108=EDGE_LOOP('',(#49));
#109=EDGE_LOOP('',(#50,#51));
#110=EDGE_LOOP('',(#52,#53));
#111=EDGE_LOOP('',(#54));
#112=FACE_BOUND('',#96,.T.);
#113=FACE_BOUND('',#97,.T.);
#114=FACE_BOUND('',#98,.T.);
#115=FACE_BOUND('',#99,.T.);
#116=FACE_BOUND('',#100,.T.);
#117=FACE_BOUND('',#101,.T.);
#118=FACE_BOUND('',#102,.T.);
#119=FACE_BOUND('',#103,.T.);
#120=FACE_BOUND('',#104,.T.);
#121=FACE_BOUND('',#105,.T.);
#122=FACE_BOUND('',#106,.T.);
#123=FACE_BOUND('',#107,.T.);
#124=FACE_BOUND('',#108,.T.);
#125=FACE_BOUND('',#109,.T.);
#126=FACE_BOUND('',#110,.T.);
#127=FACE_BOUND('',#111,.T.);
#128=B_SPLINE_SURFACE_WITH_KNOTS('',3,3,((#189,#190,#191,#192,#193,#194,
#195,#196,#197,#198,#199,#200,#201,#202,#203,#204,#205,#206,#207,#208,#209,
#210,#211,#212,#213,#214,#215,#216,#217,#218,#219,#220,#221,#222,#223,#224,
#225,#226,#227,#228,#229,#230,#231,#232,#233,#234,#235,#236,#237,#238,#239,
#240,#241,#242,#243,#244,#245,#246,#247,#248,#249,#250,#251,#252,#253,#254,
#255,#256,#257,#258,#259,#260,#261,#262,#263,#264,#265,#266,#267,#268,#269,
#270,#271,#272,#273,#274,#275,#276,#277,#278,#279,#280,#281,#282,#283,#284,
#285,#286,#287,#288),(#289,#290,#291,#292,#293,#294,#295,#296,#297,#298,
#299,#300,#301,#302,#303,#304,#305,#306,#307,#308,#309,#310,#311,#312,#313,
#314,#315,#316,#317,#318,#319,#320,#321,#322,#323,#324,#325,#326,#327,#328,
#329,#330,#331,#332,#333,#334,#335,#336,#337,#338,#339,#340,#341,#342,#343,
#344,#345,#346,#347,#348,#349,#350,#351,#352,#353,#354,#355,#356,#357,#358,
#359,#360,#361,#362,#363,#364,#365,#366,#367,#368,#369,#370,#371,#372,#373,
#374,#375,#376,#377,#378,#379,#380,#381,#382,#383,#384,#385,#386,#387,#388),
(#389,#390,#391,#392,#393,#394,#395,#396,#397,#398,#399,#400,#401,#402,
#403,#404,#405,#406,#407,#408,#409,#410,#411,#412,#413,#414,#415,#416,#417,
#418,#419,#420,#421,#422,#423,#424,#425,#426,#427,#428,#429,#430,#431,#432,
#433,#434,#435,#436,#437,#438,#439,#440,#441,#442,#443,#444,#445,#446,#447,
#448,#449,#450,#451,#452,#453,#454,#455,#456,#457,#458,#459,#460,#461,#462,
#463,#464,#465,#466,#467,#468,#469,#470,#471,#472,#473,#474,#475,#476,#477,
#478,#479,#480,#481,#482,#483,#484,#485,#486,#487,#488),(#489,#490,#491,
#492,#493,#494,#495,#496,#497,#498,#499,#500,#501,#502,#503,#504,#505,#506,
#507,#508,#509,#510,#511,#512,#513,#514,#515,#516,#517,#518,#519,#520,#521,
#522,#523,#524,#525,#526,#527,#528,#529,#530,#531,#532,#533,#534,#535,#536,
#537,#538,#539,#540,#541,#542,#543,#544,#545,#546,#547,#548,#549,#550,#551,
#552,#553,#554,#555,#556,#557,#558,#559,#560,#561,#562,#563,#564,#565,#566,
#567,#568,#569,#570,#571,#572,#573,#574,#575,#576,#577,#578,#579,#580,#581,
#582,#583,#584,#585,#586,#587,#588),(#589,#590,#591,#592,#593,#594,#595,
#596,#597,#598,#599,#600,#601,#602,#603,#604,#605,#606,#607,#608,#609,#610,
#611,#612,#613,#614,#615,#616,#617,#618,#619,#620,#621,#622,#623,#624,#625,
#626,#627,#628,#629,#630,#631,#632,#633,#634,#635,#636,#637,#638,#639,#640,
#641,#642,#643,#644,#645,#646,#647,#648,#649,#650,#651,#652,#653,#654,#655,
#656,#657,#658,#659,#660,#661,#662,#663,#664,#665,#666,#667,#668,#669,#670,
#671,#672,#673,#674,#675,#676,#677,#678,#679,#680,#681,#682,#683,#684,#685,
#686,#687,#688),(#689,#690,#691,#692,#693,#694,#695,#696,#697,#698,#699,
#700,#701,#702,#703,#704,#705,#706,#707,#708,#709,#710,#711,#712,#713,#714,
#715,#716,#717,#718,#719,#720,#721,#722,#723,#724,#725,#726,#727,#728,#729,
#730,#731,#732,#733,#734,#735,#736,#737,#738,#739,#740,#741,#742,#743,#744,
#745,#746,#747,#748,#749,#750,#751,#752,#753,#754,#755,#756,#757,#758,#759,
#760,#761,#762,#763,#764,#765,#766,#767,#768,#769,#770,#771,#772,#773,#774,
#775,#776,#777,#778,#779,#780,#781,#782,#783,#784,#785,#786,#787,#788),
(#789,#790,#791,#792,#793,#794,#795,#796,#797,#798,#799,#800,#801,#802,
#803,#804,#805,#806,#807,#808,#809,#810,#811,#812,#813,#814,#815,#816,#817,
#818,#819,#820,#821,#822,#823,#824,#825,#826,#827,#828,#829,#830,#831,#832,
#833,#834,#835,#836,#837,#838,#839,#840,#841,#842,#843,#844,#845,#846,#847,
#848,#849,#850,#851,#852,#853,#854,#855,#856,#857,#858,#859,#860,#861,#862,
#863,#864,#865,#866,#867,#868,#869,#870,#871,#872,#873,#874,#875,#876,#877,
#878,#879,#880,#881,#882,#883,#884,#885,#886,#887,#888),(#889,#890,#891,
#892,#893,#894,#895,#896,#897,#898,#899,#900,#901,#902,#903,#904,#905,#906,
#907,#908,#909,#910,#911,#912,#913,#914,#915,#916,#917,#918,#919,#920,#921,
#922,#923,#924,#925,#926,#927,#928,#929,#930,#931,#932,#933,#934,#935,#936,
#937,#938,#939,#940,#941,#942,#943,#944,#945,#946,#947,#948,#949,#950,#951,
#952,#953,#954,#955,#956,#957,#958,#959,#960,#961,#962,#963,#964,#965,#966,
#967,#968,#969,#970,#971,#972,#973,#974,#975,#976,#977,#978,#979,#980,#981,
#982,#983,#984,#985,#986,#987,#988),(#989,#990,#991,#992,#993,#994,#995,
#996,#997,#998,#999,#1000,#1001,#1002,#1003,#1004,#1005,#1006,#1007,#1008,
#1009,#1010,#1011,#1012,#1013,#1014,#1015,#1016,#1017,#1018,#1019,#1020,
#1021,#1022,#1023,#1024,#1025,#1026,#1027,#1028,#1029,#1030,#1031,#1032,
#1033,#1034,#1035,#1036,#1037,#1038,#1039,#1040,#1041,#1042,#1043,#1044,
#1045,#1046,#1047,#1048,#1049,#1050,#1051,#1052,#1053,#1054,#1055,#1056,
#1057,#1058,#1059,#1060,#1061,#1062,#1063,#1064,#1065,#1066,#1067,#1068,
#1069,#1070,#1071,#1072,#1073,#1074,#1075,#1076,#1077,#1078,#1079,#1080,
#1081,#1082,#1083,#1084,#1085,#1086,#1087,#1088),(#1089,#1090,#1091,#1092,
#1093,#1094,#1095,#1096,#1097,#1098,#1099,#1100,#1101,#1102,#1103,#1104,
#1105,#1106,#1107,#1108,#1109,#1110,#1111,#1112,#1113,#1114,#1115,#1116,
#1117,#1118,#1119,#1120,#1121,#1122,#1123,#1124,#1125,#1126,#1127,#1128,
#1129,#1130,#1131,#1132,#1133,#1134,#1135,#1136,#1137,#1138,#1139,#1140,
#1141,#1142,#1143,#1144,#1145,#1146,#1147,#1148,#1149,#1150,#1151,#1152,
#1153,#1154,#1155,#1156,#1157,#1158,#1159,#1160,#1161,#1162,#1163,#1164,
#1165,#1166,#1167,#1168,#1169,#1170,#1171,#1172,#1173,#1174,#1175,#1176,
#1177,#1178,#1179,#1180,#1181,#1182,#1183,#1184,#1185,#1186,#1187,#1188),
(#1189,#1190,#1191,#1192,#1193,#1194,#1195,#1196,#1197,#1198,#1199,#1200,
#1201,#1202,#1203,#1204,#1205,#1206,#1207,#1208,#1209,#1210,#1211,#1212,
#1213,#1214,#1215,#1216,#1217,#1218,#1219,#1220,#1221,#1222,#1223,#1224,
#1225,#1226,#1227,#1228,#1229,#1230,#1231,#1232,#1233,#1234,#1235,#1236,
#1237,#1238,#1239,#1240,#1241,#1242,#1243,#1244,#1245,#1246,#1247,#1248,
#1249,#1250,#1251,#1252,#1253,#1254,#1255,#1256,#1257,#1258,#1259,#1260,
#1261,#1262,#1263,#1264,#1265,#1266,#1267,#1268,#1269,#1270,#1271,#1272,
#1273,#1274,#1275,#1276,#1277,#1278,#1279,#1280,#1281,#1282,#1283,#1284,
#1285,#1286,#1287,#1288),(#1289,#1290,#1291,#1292,#1293,#1294,#1295,#1296,
#1297,#1298,#1299,#1300,#1301,#1302,#1303,#1304,#1305,#1306,#1307,#1308,
#1309,#1310,#1311,#1312,#1313,#1314,#1315,#1316,#1317,#1318,#1319,#1320,
#1321,#1322,#1323,#1324,#1325,#1326,#1327,#1328,#1329,#1330,#1331,#1332,
#1333,#1334,#1335,#1336,#1337,#1338,#1339,#1340,#1341,#1342,#1343,#1344,
#1345,#1346,#1347,#1348,#1349,#1350,#1351,#1352,#1353,#1354,#1355,#1356,
#1357,#1358,#1359,#1360,#1361,#1362,#1363,#1364,#1365,#1366,#1367,#1368,
#1369,#1370,#1371,#1372,#1373,#1374,#1375,#1376,#1377,#1378,#1379,#1380,
#1381,#1382,#1383,#1384,#1385,#1386,#1387,#1388),(#1389,#1390,#1391,#1392,
#1393,#1394,#1395,#1396,#1397,#1398,#1399,#1400,#1401,#1402,#1403,#1404,
#1405,#1406,#1407,#1408,#1409,#1410,#1411,#1412,#1413,#1414,#1415,#1416,
#1417,#1418,#1419,#1420,#1421,#1422,#1423,#1424,#1425,#1426,#1427,#1428,
#1429,#1430,#1431,#1432,#1433,#1434,#1435,#1436,#1437,#1438,#1439,#1440,
#1441,#1442,#1443,#1444,#1445,#1446,#1447,#1448,#1449,#1450,#1451,#1452,
#1453,#1454,#1455,#1456,#1457,#1458,#1459,#1460,#1461,#1462,#1463,#1464,
#1465,#1466,#1467,#1468,#1469,#1470,#1471,#1472,#1473,#1474,#1475,#1476,
#1477,#1478,#1479,#1480,#1481,#1482,#1483,#1484,#1485,#1486,#1487,#1488),
(#1489,#1490,#1491,#1492,#1493,#1494,#1495,#1496,#1497,#1498,#1499,#1500,
#1501,#1502,#1503,#1504,#1505,#1506,#1507,#1508,#1509,#1510,#1511,#1512,
#1513,#1514,#1515,#1516,#1517,#1518,#1519,#1520,#1521,#1522,#1523,#1524,
#1525,#1526,#1527,#1528,#1529,#1530,#1531,#1532,#1533,#1534,#1535,#1536,
#1537,#1538,#1539,#1540,#1541,#1542,#1543,#1544,#1545,#1546,#1547,#1548,
#1549,#1550,#1551,#1552,#1553,#1554,#1555,#1556,#1557,#1558,#1559,#1560,
#1561,#1562,#1563,#1564,#1565,#1566,#1567,#1568,#1569,#1570,#1571,#1572,
#1573,#1574,#1575,#1576,#1577,#1578,#1579,#1580,#1581,#1582,#1583,#1584,
#1585,#1586,#1587,#1588),(#1589,#1590,#1591,#1592,#1593,#1594,#1595,#1596,
#1597,#1598,#1599,#1600,#1601,#1602,#1603,#1604,#1605,#1606,#1607,#1608,
#1609,#1610,#1611,#1612,#1613,#1614,#1615,#1616,#1617,#1618,#1619,#1620,
#1621,#1622,#1623,#1624,#1625,#1626,#1627,#1628,#1629,#1630,#1631,#1632,
#1633,#1634,#1635,#1636,#1637,#1638,#1639,#1640,#1641,#1642,#1643,#1644,
#1645,#1646,#1647,#1648,#1649,#1650,#1651,#1652,#1653,#1654,#1655,#1656,
#1657,#1658,#1659,#1660,#1661,#1662,#1663,#1664,#1665,#1666,#1667,#1668,
#1669,#1670,#1671,#1672,#1673,#1674,#1675,#1676,#1677,#1678,#1679,#1680,
#1681,#1682,#1683,#1684,#1685,#1686,#1687,#1688)),.UNSPECIFIED.,.T.,.F.,
 .T.,(1,1,2,1,1,1,1,1,1,1,1,1,1,1,2,1,1),(4,1,1,1,1,1,1,1,1,1,1,1,1,1,1,
1,1,1,1,1,1,1,1,1,1,1,1,1,1,1,1,1,1,1,1,1,1,1,1,1,1,1,1,1,1,1,1,1,1,1,1,
1,1,1,1,1,1,1,1,1,1,1,1,1,1,1,1,1,1,1,1,1,1,1,1,1,1,1,1,1,1,1,1,1,1,1,1,
1,1,1,1,1,1,1,1,1,1,4),(-0.1875,-0.125,0.,0.125,0.1875,0.25,0.3125,0.375,
0.5,0.625,0.6875,0.75,0.8125,0.875,1.,1.125,1.1875),(0.,0.015625,0.0234375,
0.03125,0.046875,0.0546875,0.0625,0.0703125,0.078125,0.09375,0.1015625,
0.109375,0.1171875,0.125,0.1328125,0.140625,0.15625,0.171875,0.1875,0.203125,
0.2109375,0.21875,0.2265625,0.234375,0.25,0.265625,0.2734375,0.28125,0.2890625,
0.296875,0.3125,0.328125,0.34375,0.359375,0.3671875,0.375,0.3828125,0.390625,
0.40625,0.4140625,0.421875,0.4296875,0.4375,0.453125,0.4609375,0.46875,
0.4765625,0.484375,0.5,0.5078125,0.515625,0.5234375,0.53125,0.546875,0.5546875,
0.5625,0.5703125,0.578125,0.59375,0.6015625,0.609375,0.6171875,0.625,0.6328125,
0.640625,0.65625,0.671875,0.6875,0.703125,0.7109375,0.71875,0.7265625,0.734375,
0.75,0.765625,0.7734375,0.78125,0.7890625,0.796875,0.8125,0.828125,0.84375,
0.859375,0.8671875,0.875,0.8828125,0.890625,0.90625,0.9140625,0.921875,
0.9296875,0.9375,0.953125,0.9609375,0.96875,0.9765625,0.984375,1.),
 .UNSPECIFIED.);
#129=B_SPLINE_SURFACE_WITH_KNOTS('',3,3,((#1740,#1741,#1742,#1743,#1744,
#1745,#1746,#1747,#1748,#1749,#1750,#1751,#1752,#1753,#1754,#1755,#1756,
#1757),(#1758,#1759,#1760,#1761,#1762,#1763,#1764,#1765,#1766,#1767,#1768,
#1769,#1770,#1771,#1772,#1773,#1774,#1775),(#1776,#1777,#1778,#1779,#1780,
#1781,#1782,#1783,#1784,#1785,#1786,#1787,#1788,#1789,#1790,#1791,#1792,
#1793),(#1794,#1795,#1796,#1797,#1798,#1799,#1800,#1801,#1802,#1803,#1804,
#1805,#1806,#1807,#1808,#1809,#1810,#1811),(#1812,#1813,#1814,#1815,#1816,
#1817,#1818,#1819,#1820,#1821,#1822,#1823,#1824,#1825,#1826,#1827,#1828,
#1829),(#1830,#1831,#1832,#1833,#1834,#1835,#1836,#1837,#1838,#1839,#1840,
#1841,#1842,#1843,#1844,#1845,#1846,#1847),(#1848,#1849,#1850,#1851,#1852,
#1853,#1854,#1855,#1856,#1857,#1858,#1859,#1860,#1861,#1862,#1863,#1864,
#1865),(#1866,#1867,#1868,#1869,#1870,#1871,#1872,#1873,#1874,#1875,#1876,
#1877,#1878,#1879,#1880,#1881,#1882,#1883),(#1884,#1885,#1886,#1887,#1888,
#1889,#1890,#1891,#1892,#1893,#1894,#1895,#1896,#1897,#1898,#1899,#1900,
#1901),(#1902,#1903,#1904,#1905,#1906,#1907,#1908,#1909,#1910,#1911,#1912,
#1913,#1914,#1915,#1916,#1917,#1918,#1919),(#1920,#1921,#1922,#1923,#1924,
#1925,#1926,#1927,#1928,#1929,#1930,#1931,#1932,#1933,#1934,#1935,#1936,
#1937),(#1938,#1939,#1940,#1941,#1942,#1943,#1944,#1945,#1946,#1947,#1948,
#1949,#1950,#1951,#1952,#1953,#1954,#1955),(#1956,#1957,#1958,#1959,#1960,
#1961,#1962,#1963,#1964,#1965,#1966,#1967,#1968,#1969,#1970,#1971,#1972,
#1973),(#1974,#1975,#1976,#1977,#1978,#1979,#1980,#1981,#1982,#1983,#1984,
#1985,#1986,#1987,#1988,#1989,#1990,#1991),(#1992,#1993,#1994,#1995,#1996,
#1997,#1998,#1999,#2000,#2001,#2002,#2003,#2004,#2005,#2006,#2007,#2008,
#2009)),.UNSPECIFIED.,.T.,.F.,.F.,(1,1,2,1,1,1,1,1,1,1,1,1,1,1,2,1,1),(4,
1,1,1,1,1,1,1,1,1,1,1,1,1,1,4),(-0.1875,-0.125,0.,0.125,0.1875,0.25,0.3125,
0.375,0.5,0.625,0.6875,0.75,0.8125,0.875,1.,1.125,1.1875),(0.,0.125,0.25,
0.3125,0.34375,0.359375,0.375,0.40625,0.421875,0.4375,0.4453125,0.46875,
0.5,0.625,0.75,1.),.UNSPECIFIED.);
#130=B_SPLINE_SURFACE_WITH_KNOTS('',3,1,((#2027,#2028),(#2029,#2030),(#2031,
#2032),(#2033,#2034),(#2035,#2036),(#2037,#2038),(#2039,#2040)),
 .SURF_OF_LINEAR_EXTRUSION.,.T.,.F.,.F.,(1,1,1,1,1,1,1,1,1,1,1),(2,2),(-0.75,
-0.5,-0.25,0.,0.25,0.5,0.75,1.,1.25,1.5,1.75),(0.,1.),.UNSPECIFIED.);
#131=ADVANCED_FACE('',(#112,#113,#114),#128,.F.);
#132=ADVANCED_FACE('',(#115,#116,#117),#129,.F.);
#133=ADVANCED_FACE('',(#118),#21,.T.);
#134=ADVANCED_FACE('',(#119,#120),#130,.T.);
#135=ADVANCED_FACE('',(#121,#122),#19,.T.);
#136=ADVANCED_FACE('',(#123),#12,.T.);
#137=ADVANCED_FACE('',(#124,#125),#20,.T.);
#138=ADVANCED_FACE('',(#126),#13,.T.);
#139=ADVANCED_FACE('',(#127),#22,.T.);
#140=CLOSED_SHELL('',(#131,#132,#133,#134,#135,#136,#137,#138,#139));
#141=STYLED_ITEM('',(#142),#149);
#142=PRESENTATION_STYLE_ASSIGNMENT((#143));
#143=SURFACE_STYLE_USAGE(.BOTH.,#144);
#144=SURFACE_SIDE_STYLE('',(#145));
#145=SURFACE_STYLE_FILL_AREA(#146);
#146=FILL_AREA_STYLE('',(#147));
#147=FILL_AREA_STYLE_COLOUR('',#148);
#148=COLOUR_RGB('',0.611764705882353,0.658823529411765,0.670588235294118);
#149=MANIFOLD_SOLID_BREP('Body (1)',#140);
#150=SHAPE_DEFINITION_REPRESENTATION(#2100,#151);
#151=SHAPE_REPRESENTATION('H04L',(#152),#2095);
#152=AXIS2_PLACEMENT_3D('',#188,#164,#165);
#153=AXIS2_PLACEMENT_3D('',#2026,#166,#167);
#154=AXIS2_PLACEMENT_3D('',#2081,#168,#169);
#155=AXIS2_PLACEMENT_3D('',#2082,#170,#171);
#156=AXIS2_PLACEMENT_3D('',#2085,#172,#173);
#157=AXIS2_PLACEMENT_3D('',#2086,#174,#175);
#158=AXIS2_PLACEMENT_3D('',#2087,#176,#177);
#159=AXIS2_PLACEMENT_3D('',#2088,#178,#179);
#160=AXIS2_PLACEMENT_3D('',#2089,#180,#181);
#161=AXIS2_PLACEMENT_3D('',#2091,#182,#183);
#162=AXIS2_PLACEMENT_3D('',#2092,#184,#185);
#163=AXIS2_PLACEMENT_3D('',#2093,#186,#187);
#164=DIRECTION('',(0.,0.,1.));
#165=DIRECTION('',(1.,0.,0.));
#166=DIRECTION('',(0.,0.,1.));
#167=DIRECTION('',(-0.999415183016706,0.0341949112542178,0.));
#168=DIRECTION('',(-9.47246022213137E-16,1.65342408207272E-17,-1.));
#169=DIRECTION('',(-0.999847695156391,0.0174524064372847,9.47390314346801E-16));
#170=DIRECTION('',(-0.0123407149398271,-0.706999085398824,0.707106781186547));
#171=DIRECTION('',(-0.0123407149398284,-0.706999085398824,-0.707106781186547));
#172=DIRECTION('',(-9.47246022213137E-16,1.65342408207272E-17,-1.));
#173=DIRECTION('',(0.999847695156391,-0.0174524064372847,-9.473903143468E-16));
#174=DIRECTION('',(-9.47246022213137E-16,1.65342408207272E-17,-1.));
#175=DIRECTION('',(0.999847695156391,-0.0174524064372847,-9.473903143468E-16));
#176=DIRECTION('',(0.,0.,1.));
#177=DIRECTION('',(-0.0174524064372847,-0.999847695156391,0.));
#178=DIRECTION('',(-0.0174524064372847,-0.999847695156391,0.));
#179=DIRECTION('',(0.,0.,-1.));
#180=DIRECTION('',(-0.0174524064372847,-0.999847695156391,0.));
#181=DIRECTION('',(0.,0.,1.));
#182=DIRECTION('',(-0.0174524064372847,-0.999847695156391,0.));
#183=DIRECTION('',(0.,0.,1.));
#184=DIRECTION('',(0.,0.,1.));
#185=DIRECTION('',(-0.0174524064372847,-0.999847695156391,0.));
#186=DIRECTION('',(0.0174524064372847,0.999847695156391,0.));
#187=DIRECTION('',(0.,0.,1.));
#188=CARTESIAN_POINT('',(0.,0.,0.));
#189=CARTESIAN_POINT('',(-68.9876523301679,-33.0536882549112,-27.9990712405436));
#190=CARTESIAN_POINT('',(-69.0002048239767,-33.7728201435877,-28.0194757598437));
#191=CARTESIAN_POINT('',(-68.7370009558987,-34.8084220068647,-28.0487229053812));
#192=CARTESIAN_POINT('',(-67.9059935310191,-35.9718609645768,-28.0888885146022));
#193=CARTESIAN_POINT('',(-66.7946008652932,-36.8709181901754,-28.1290657802124));
#194=CARTESIAN_POINT('',(-65.4186773743114,-37.3080610072572,-28.1685551979382));
#195=CARTESIAN_POINT('',(-63.9987263597493,-37.1749055458198,-28.2086610806991));
#196=CARTESIAN_POINT('',(-62.9907017193829,-36.8123584157353,-28.2387020637172));
#197=CARTESIAN_POINT('',(-62.1083240618292,-36.2140722723074,-28.2686353073421));
#198=CARTESIAN_POINT('',(-61.1801144383124,-35.1243365556351,-28.3088800369395));
#199=CARTESIAN_POINT('',(-60.710740379329,-33.7574292092255,-28.3484064531189));
#200=CARTESIAN_POINT('',(-60.8077158940222,-32.3320466031773,-28.3885526488411));
#201=CARTESIAN_POINT('',(-61.1457375550347,-31.3158822947981,-28.4186028747859));
#202=CARTESIAN_POINT('',(-61.7284986297101,-30.4194453320337,-28.448657247368));
#203=CARTESIAN_POINT('',(-62.5182684429877,-29.7027621593026,-28.4786657040207));
#204=CARTESIAN_POINT('',(-63.4714318348143,-29.2121454083085,-28.5086916644034));
#205=CARTESIAN_POINT('',(-64.8672060765813,-28.8909371264354,-28.5488913307933));
#206=CARTESIAN_POINT('',(-66.6624163149315,-29.2035442779247,-28.598815052981));
#207=CARTESIAN_POINT('',(-68.3700345850351,-30.5828870490635,-28.6590945933765));
#208=CARTESIAN_POINT('',(-69.1759821245031,-32.6301562413267,-28.7191392805923));
#209=CARTESIAN_POINT('',(-68.9079535551583,-34.4332175761658,-28.7691675338847));
#210=CARTESIAN_POINT('',(-68.1841572858592,-35.6770241891179,-28.8095740311936));
#211=CARTESIAN_POINT('',(-67.4285308260286,-36.4345864878002,-28.8396787297719));
#212=CARTESIAN_POINT('',(-66.4973120239072,-36.9719350472777,-28.8697987815707));
#213=CARTESIAN_POINT('',(-65.1134118532859,-37.3608173488532,-28.9101368776846));
#214=CARTESIAN_POINT('',(-63.2990984663238,-37.1378414616257,-28.9602843945664));
#215=CARTESIAN_POINT('',(-61.8201386318947,-36.0617876999029,-29.0104344000081));
#216=CARTESIAN_POINT('',(-61.0709485047511,-34.8320261170053,-29.0508310293967));
#217=CARTESIAN_POINT('',(-60.7547764994576,-33.8020684023142,-29.0810219275399));
#218=CARTESIAN_POINT('',(-60.7188304022147,-32.7297145529212,-29.1112265113848));
#219=CARTESIAN_POINT('',(-61.0399528153346,-31.3218936803705,-29.1517827766228));
#220=CARTESIAN_POINT('',(-62.0800603234104,-29.8139053851362,-29.2020361474425));
#221=CARTESIAN_POINT('',(-64.0763274042671,-28.8580040624616,-29.2624343801677));
#222=CARTESIAN_POINT('',(-66.2816227218482,-29.0160754746084,-29.3231825550891));
#223=CARTESIAN_POINT('',(-67.820271822125,-30.0221129390102,-29.3735262695208));
#224=CARTESIAN_POINT('',(-68.6302921127547,-31.2194155340075,-29.4140838761388));
#225=CARTESIAN_POINT('',(-68.9973832974134,-32.2380407578282,-29.4444150112017));
#226=CARTESIAN_POINT('',(-69.0872522399284,-33.3123555691438,-29.4747654231171));
#227=CARTESIAN_POINT('',(-68.8353195085931,-34.7399109506582,-29.5155280747898));
#228=CARTESIAN_POINT('',(-68.0642356178236,-35.9866430218944,-29.5556490070912));
#229=CARTESIAN_POINT('',(-66.8862218719705,-36.8275768883712,-29.5962806363845));
#230=CARTESIAN_POINT('',(-65.8730264965547,-37.2185263162723,-29.6267278614982));
#231=CARTESIAN_POINT('',(-64.7979016658335,-37.3428753512426,-29.6571703269899));
#232=CARTESIAN_POINT('',(-63.3634556661252,-37.1181156451643,-29.6979537296115));
#233=CARTESIAN_POINT('',(-62.0926904118996,-36.3777854224471,-29.7382292805777));
#234=CARTESIAN_POINT('',(-61.2221515259823,-35.2177297726695,-29.7789665093214));
#235=CARTESIAN_POINT('',(-60.8057886415767,-34.2109937798432,-29.8095018091355));
#236=CARTESIAN_POINT('',(-60.6537477049421,-33.1367848904616,-29.840007787232));
#237=CARTESIAN_POINT('',(-60.8437924840239,-31.6936012611169,-29.8809183058233));
#238=CARTESIAN_POINT('',(-61.5550904398722,-30.4013956848386,-29.9212854076742));
#239=CARTESIAN_POINT('',(-62.6963109619558,-29.5009238778197,-29.9621314263229));
#240=CARTESIAN_POINT('',(-63.6952420670528,-29.0589038709272,-29.9927557733446));
#241=CARTESIAN_POINT('',(-64.7686046730594,-28.8793836173099,-30.0233414656929));
#242=CARTESIAN_POINT('',(-66.2194965339541,-29.0334917766538,-30.0643674697497));
#243=CARTESIAN_POINT('',(-67.5330329845921,-29.7156807740498,-30.1048452670088));
#244=CARTESIAN_POINT('',(-68.4636457012698,-30.8378591949363,-30.1458213258209));
#245=CARTESIAN_POINT('',(-68.9311985232708,-31.8284625635063,-30.1765385702111));
#246=CARTESIAN_POINT('',(-69.1375527543818,-32.900214059757,-30.2071957361743));
#247=CARTESIAN_POINT('',(-69.0200751245391,-34.3588437030632,-30.2483565189752));
#248=CARTESIAN_POINT('',(-68.3664865131535,-35.6916281625691,-30.2889487065394));
#249=CARTESIAN_POINT('',(-67.2648247848276,-36.6537776635835,-30.3300272258368));
#250=CARTESIAN_POINT('',(-66.2842046685315,-37.1458368149578,-30.3608109236415));
#251=CARTESIAN_POINT('',(-65.212155425718,-37.3737350796828,-30.3916302347269));
#252=CARTESIAN_POINT('',(-64.1196448736335,-37.3205175862792,-30.4224237255872));
#253=CARTESIAN_POINT('',(-63.0732170166233,-36.9840470945122,-30.4532153728515));
#254=CARTESIAN_POINT('',(-61.8295368173086,-36.2042962424954,-30.4943997964999));
#255=CARTESIAN_POINT('',(-60.7508836374368,-34.6735950225017,-30.545680430755));
#256=CARTESIAN_POINT('',(-60.5116873986374,-32.4326951058514,-30.6076013613058));
#257=CARTESIAN_POINT('',(-61.4165014666605,-30.3610355618964,-30.6692904933681));
#258=CARTESIAN_POINT('',(-62.9227896727102,-29.2428419367309,-30.7207526457056));
#259=CARTESIAN_POINT('',(-64.3503217766091,-28.8645425760542,-30.7622309793617));
#260=CARTESIAN_POINT('',(-65.4511548305422,-28.8631368037124,-30.793220364364));
#261=CARTESIAN_POINT('',(-66.5188960700127,-29.1506741076686,-30.8242066599199));
#262=CARTESIAN_POINT('',(-67.8064001481231,-29.8748749875611,-30.8656470588985));
#263=CARTESIAN_POINT('',(-68.9671894557312,-31.358922707043,-30.917307871217));
#264=CARTESIAN_POINT('',(-69.2622284383729,-33.2218463640766,-30.9690516235031));
#265=CARTESIAN_POINT('',(-68.9115051425349,-34.6603247469878,-31.0105995494962));
#266=CARTESIAN_POINT('',(-68.3903380380762,-35.6407753651052,-31.04170650027));
#267=CARTESIAN_POINT('',(-67.6344286496475,-36.4491167328709,-31.0728445032475));
#268=CARTESIAN_POINT('',(-66.3772766204595,-37.2404534497186,-31.1145538382322));
#269=CARTESIAN_POINT('',(-64.5167688356707,-37.5835412153637,-31.1664760566865));
#270=CARTESIAN_POINT('',(-62.3640092999058,-36.8214385110272,-31.2287988600873));
#271=CARTESIAN_POINT('',(-60.8697448602408,-35.0977972377734,-31.2914414325198));
#272=CARTESIAN_POINT('',(-60.4786447263709,-33.2372546243191,-31.3435291725649));
#273=CARTESIAN_POINT('',(-60.7621169390674,-31.7743467999692,-31.3853528213249));
#274=CARTESIAN_POINT('',(-61.2391170982877,-30.762626518591,-31.4166814666094));
#275=CARTESIAN_POINT('',(-61.9590416720904,-29.9115956284797,-31.448046713997));
#276=CARTESIAN_POINT('',(-63.1832555323467,-29.0537445251156,-31.4900656264299));
#277=CARTESIAN_POINT('',(-64.6640530331156,-28.7031638826707,-31.5317305017002));
#278=CARTESIAN_POINT('',(-66.1373685857395,-28.9503064256042,-31.5736860763611));
#279=CARTESIAN_POINT('',(-67.1633680168777,-29.406233315684,-31.6051587607321));
#280=CARTESIAN_POINT('',(-68.0411372278924,-30.1027088547668,-31.6366613816114));
#281=CARTESIAN_POINT('',(-68.9251749998965,-31.3136019289274,-31.6787570818004));
#282=CARTESIAN_POINT('',(-69.3163637786484,-32.7910123371345,-31.7206238785025));
#283=CARTESIAN_POINT('',(-69.1037817782833,-34.2747067974346,-31.7627412901423));
#284=CARTESIAN_POINT('',(-68.6708835655236,-35.3156483987423,-31.7943394294114));
#285=CARTESIAN_POINT('',(-67.9948590432515,-36.2141513558554,-31.8259508478658));
#286=CARTESIAN_POINT('',(-66.8019153056416,-37.1312514587856,-31.8682505401015));
#287=CARTESIAN_POINT('',(-65.7029846772547,-37.4506749724335,-31.8995759075915));
#288=CARTESIAN_POINT('',(-64.9516406649603,-37.4637897309516,-31.9208378327335));
#289=CARTESIAN_POINT('',(-68.9844002923208,-33.0483977028664,-28.1875307583835));
#290=CARTESIAN_POINT('',(-68.9969454020345,-33.767106557022,-28.207923274578));
#291=CARTESIAN_POINT('',(-68.7341189837765,-34.801223306346,-28.2371284779894));
#292=CARTESIAN_POINT('',(-67.9043296204203,-35.9629569360589,-28.2772352138698));
#293=CARTESIAN_POINT('',(-66.7949596257534,-36.86037792895,-28.3173393591555));
#294=CARTESIAN_POINT('',(-65.4227735689854,-37.2963333307928,-28.3567215113961));
#295=CARTESIAN_POINT('',(-64.006713750071,-37.1635427650079,-28.3967174890723));
#296=CARTESIAN_POINT('',(-63.0018646179325,-36.8021377413248,-28.4266638361213));
#297=CARTESIAN_POINT('',(-62.1226876964277,-36.2060218206019,-28.4564884999208));
#298=CARTESIAN_POINT('',(-61.1978954863635,-35.1202982121901,-28.4965850594532));
#299=CARTESIAN_POINT('',(-60.7308331748802,-33.7601231181931,-28.5359168012741));
#300=CARTESIAN_POINT('',(-60.8273609446634,-32.3413216353144,-28.575877638302));
#301=CARTESIAN_POINT('',(-61.1636429906805,-31.330386976016,-28.6057732119576));
#302=CARTESIAN_POINT('',(-61.7431818125346,-30.4389066698606,-28.6356614053094));
#303=CARTESIAN_POINT('',(-62.5282681745152,-29.7264735338851,-28.6654919073949));
#304=CARTESIAN_POINT('',(-63.4755918945003,-29.2388626062895,-28.6953339100671));
#305=CARTESIAN_POINT('',(-64.8627029467446,-28.9196479764976,-28.7352840681066));
#306=CARTESIAN_POINT('',(-66.6446499200815,-29.2299455425096,-28.7848389468331));
#307=CARTESIAN_POINT('',(-68.3393750821773,-30.5988737990937,-28.844663355869));
#308=CARTESIAN_POINT('',(-69.1386312995062,-32.6291456844602,-28.9042095263387));
#309=CARTESIAN_POINT('',(-68.8730919633855,-34.4154616395405,-28.9537731575553));
#310=CARTESIAN_POINT('',(-68.155583641018,-35.6484627395228,-28.9938286252699));
#311=CARTESIAN_POINT('',(-67.4074161775944,-36.398546932601,-29.0236361520967));
#312=CARTESIAN_POINT('',(-66.4855017934871,-36.9305264900725,-29.0534552546966));
#313=CARTESIAN_POINT('',(-65.1151775666993,-37.3155938891021,-29.0933976374933));
#314=CARTESIAN_POINT('',(-63.3214967619498,-37.0951537095191,-29.1429748709983));
#315=CARTESIAN_POINT('',(-61.8601571345197,-36.0319199646636,-29.1925273933602));
#316=CARTESIAN_POINT('',(-61.1193378047244,-34.8158986656061,-29.2324726660292));
#317=CARTESIAN_POINT('',(-60.807032809953,-33.7985380729037,-29.2622943078219));
#318=CARTESIAN_POINT('',(-60.7715468111022,-32.7399100051589,-29.292112282785));
#319=CARTESIAN_POINT('',(-61.0888255472619,-31.3489400543465,-29.3321831095238));
#320=CARTESIAN_POINT('',(-62.1144265904993,-29.8619837957158,-29.3817355924533));
#321=CARTESIAN_POINT('',(-64.082825011081,-28.9194272250905,-29.4412906424976));
#322=CARTESIAN_POINT('',(-66.2563500693695,-29.0752214049271,-29.5011636578641));
#323=CARTESIAN_POINT('',(-67.7706750349985,-30.0653546643087,-29.550711500587));
#324=CARTESIAN_POINT('',(-68.5688033910251,-31.2450796204191,-29.5906736796446));
#325=CARTESIAN_POINT('',(-68.9300931011563,-32.2476065870872,-29.6205254643041));
#326=CARTESIAN_POINT('',(-69.0184820403466,-33.3042290850407,-29.650376051594));
#327=CARTESIAN_POINT('',(-68.7704163783242,-34.7098720473986,-29.6905130124381));
#328=CARTESIAN_POINT('',(-68.0140058873519,-35.932879335456,-29.7298704603938));
#329=CARTESIAN_POINT('',(-66.8553796465051,-36.7599732874125,-29.7698333827903));
#330=CARTESIAN_POINT('',(-65.8597358805059,-37.1441502883694,-29.7997531698442));
#331=CARTESIAN_POINT('',(-64.8043390225998,-37.2662175842231,-29.8296370321724));
#332=CARTESIAN_POINT('',(-63.394475545905,-37.0453096513369,-29.8697215176276));
#333=CARTESIAN_POINT('',(-62.1502188730728,-36.3204229606974,-29.9091569073465));
#334=CARTESIAN_POINT('',(-61.2955117520325,-35.1814642757867,-29.9491532820771));
#335=CARTESIAN_POINT('',(-60.8870361121932,-34.1937990822237,-29.9791101456603));
#336=CARTESIAN_POINT('',(-60.7380498239902,-33.1411720810609,-30.0090032293599));
#337=CARTESIAN_POINT('',(-60.924525816459,-31.7250895088535,-30.049145503163));
#338=CARTESIAN_POINT('',(-61.6196343665756,-30.4622950115627,-30.0885938347788));
#339=CARTESIAN_POINT('',(-62.7382537481178,-29.5796564711826,-30.1286309242239));
#340=CARTESIAN_POINT('',(-63.7166587448595,-29.1467191232547,-30.1586259999555));
#341=CARTESIAN_POINT('',(-64.7666630440069,-28.9711055542451,-30.1885460924558));
#342=CARTESIAN_POINT('',(-66.1879848990085,-29.1220729011669,-30.228735963087));
#343=CARTESIAN_POINT('',(-67.4691918862631,-29.7874714971993,-30.2682174990976));
#344=CARTESIAN_POINT('',(-68.3799252505944,-30.8856784207867,-30.3083182448001));
#345=CARTESIAN_POINT('',(-68.8371318780953,-31.8543613246702,-30.3383557658093));
#346=CARTESIAN_POINT('',(-69.0386651104069,-32.9010737768998,-30.3682966965904));
#347=CARTESIAN_POINT('',(-68.9237658008913,-34.3276903938606,-30.408554110102));
#348=CARTESIAN_POINT('',(-68.2874251203561,-35.6253032273686,-30.4480750867669));
#349=CARTESIAN_POINT('',(-67.2109123290814,-36.5654886021792,-30.4882158580519));
#350=CARTESIAN_POINT('',(-66.2538283716195,-37.0457376936231,-30.5182607070518));
#351=CARTESIAN_POINT('',(-65.2080998310972,-37.2680406534506,-30.548323349619));
#352=CARTESIAN_POINT('',(-64.1431109191186,-37.2161637719963,-30.5783411158225));
#353=CARTESIAN_POINT('',(-63.1227187739956,-36.8880648547469,-30.6083666496359));
#354=CARTESIAN_POINT('',(-61.9088062185895,-36.1269774386463,-30.6485653188609));
#355=CARTESIAN_POINT('',(-60.8591678162659,-34.6374506723322,-30.6984665512626));
#356=CARTESIAN_POINT('',(-60.6261731799411,-32.4546502079902,-30.7587820677899));
#357=CARTESIAN_POINT('',(-61.5068293631315,-30.4383024838268,-30.8188241443958));
#358=CARTESIAN_POINT('',(-62.9705677545076,-29.3516957298384,-30.8688325875189));
#359=CARTESIAN_POINT('',(-64.3616319309528,-28.9830604555968,-30.9092513100752));
#360=CARTESIAN_POINT('',(-65.4313711803929,-28.9816943902843,-30.9393653780844));
#361=CARTESIAN_POINT('',(-66.4693207050626,-29.2612089364436,-30.9694871056665));
#362=CARTESIAN_POINT('',(-67.722607121771,-29.9661629176921,-31.0098261539273));
#363=CARTESIAN_POINT('',(-68.8488299401852,-31.4060180183046,-31.0599485880931));
#364=CARTESIAN_POINT('',(-69.1349496848691,-33.2126241702901,-31.1101280900034));
#365=CARTESIAN_POINT('',(-68.7939265760232,-34.6113176017485,-31.1505268974291));
#366=CARTESIAN_POINT('',(-68.2880984428786,-35.5629116328373,-31.180718309556));
#367=CARTESIAN_POINT('',(-67.5550246464719,-36.346833468353,-31.2109156512014));
#368=CARTESIAN_POINT('',(-66.3329077740148,-37.1161166823165,-31.2514626024374));
#369=CARTESIAN_POINT('',(-64.5313082626583,-37.4483414415957,-31.3017408351654));
#370=CARTESIAN_POINT('',(-62.4447730120807,-36.7096829287704,-31.3621464327484));
#371=CARTESIAN_POINT('',(-60.9964685143753,-35.0390566713165,-31.4228622719222));
#372=CARTESIAN_POINT('',(-60.6182557456728,-33.2398218662531,-31.4732336389248));
#373=CARTESIAN_POINT('',(-60.8931822552167,-31.8210156343926,-31.5137964498635));
#374=CARTESIAN_POINT('',(-61.3550297919967,-30.8414341587206,-31.5441298939423));
#375=CARTESIAN_POINT('',(-62.0514759147704,-30.0181574081465,-31.5744722460828));
#376=CARTESIAN_POINT('',(-63.2388034994504,-29.1861538574278,-31.6152251042472));
#377=CARTESIAN_POINT('',(-64.6653682623193,-28.8484128828542,-31.6553640448377));
#378=CARTESIAN_POINT('',(-66.0924017981926,-29.0877918103887,-31.6960016475232));
#379=CARTESIAN_POINT('',(-67.0850751558885,-29.5289094787848,-31.72645204966));
#380=CARTESIAN_POINT('',(-67.933091879407,-30.2017775826694,-31.7568868712567));
#381=CARTESIAN_POINT('',(-68.7893473202716,-31.374616363873,-31.7976596453002));
#382=CARTESIAN_POINT('',(-69.1658247126344,-32.7964659877452,-31.8379519627314));
#383=CARTESIAN_POINT('',(-68.9601667705209,-34.2318346873834,-31.8786975582668));
#384=CARTESIAN_POINT('',(-68.5417213084577,-35.2380233860227,-31.9092407612579));
#385=CARTESIAN_POINT('',(-67.8893067378003,-36.105146399592,-31.9397481605005));
#386=CARTESIAN_POINT('',(-66.7351186813377,-36.9924522732985,-31.9806736442692));
#387=CARTESIAN_POINT('',(-65.6830765425135,-37.2982468228436,-32.0106624404337));
#388=CARTESIAN_POINT('',(-64.9521010892682,-37.311006046841,-32.0313479654572));
#389=CARTESIAN_POINT('',(-69.0425723444105,-33.0425834434888,-28.3566606924462));
#390=CARTESIAN_POINT('',(-69.055253563914,-33.7690900222744,-28.3772744598815));
#391=CARTESIAN_POINT('',(-68.7879266553737,-34.8209143993627,-28.4069797566055));
#392=CARTESIAN_POINT('',(-67.9477400685599,-35.9972044992832,-28.4475890280853));
#393=CARTESIAN_POINT('',(-66.8247888695895,-36.9056119600879,-28.488184139048));
#394=CARTESIAN_POINT('',(-65.4331777168524,-37.3477388832614,-28.5281237973812));
#395=CARTESIAN_POINT('',(-64.0005821737209,-37.2133976851197,-28.568586819209));
#396=CARTESIAN_POINT('',(-62.9840987585913,-36.8478082638136,-28.5988798892286));
#397=CARTESIAN_POINT('',(-62.0946063017137,-36.2446980115562,-28.6290544909836));
#398=CARTESIAN_POINT('',(-61.1600404166847,-35.1474999232183,-28.6695748113736));
#399=CARTESIAN_POINT('',(-60.687312333524,-33.7708250146688,-28.7093836729778));
#400=CARTESIAN_POINT('',(-60.7847974673335,-32.3379518350845,-28.7497408422519));
#401=CARTESIAN_POINT('',(-61.1244207637346,-31.3169726733848,-28.7799334540579));
#402=CARTESIAN_POINT('',(-61.7095981993874,-30.4168187236943,-28.8101124441141));
#403=CARTESIAN_POINT('',(-62.5022057822392,-29.6975603934075,-28.8402287259632));
#404=CARTESIAN_POINT('',(-63.4581272245993,-29.2055240056508,-28.8703415687386));
#405=CARTESIAN_POINT('',(-64.8567722737802,-28.8836550674269,-28.9106239171962));
#406=CARTESIAN_POINT('',(-66.6542814350291,-29.1966625395715,-28.9606115710536));
#407=CARTESIAN_POINT('',(-68.36199406107,-30.5760815274985,-29.0208944422477));
#408=CARTESIAN_POINT('',(-69.1669658111571,-32.6208720180599,-29.0808664312229));
#409=CARTESIAN_POINT('',(-68.8996027214771,-34.4194565888898,-29.1307704709461));
#410=CARTESIAN_POINT('',(-68.1780515423244,-35.6594051300484,-29.1710516343277));
#411=CARTESIAN_POINT('',(-67.4255186706861,-36.4138659150772,-29.2010330821399));
#412=CARTESIAN_POINT('',(-66.4986119368958,-36.9487262476195,-29.231013661109));
#413=CARTESIAN_POINT('',(-65.1217448754471,-37.3356322132277,-29.2711467552727));
#414=CARTESIAN_POINT('',(-63.3194331624067,-37.1141313103718,-29.3209625465828));
#415=CARTESIAN_POINT('',(-61.8518939087752,-36.0463868743265,-29.3707252918868));
#416=CARTESIAN_POINT('',(-61.1085748961078,-34.8262624593119,-29.4108053484496));
#417=CARTESIAN_POINT('',(-60.7952659205737,-33.8056313122447,-29.4407228592012));
#418=CARTESIAN_POINT('',(-60.7596745230707,-32.7438589629462,-29.4706293979493));
#419=CARTESIAN_POINT('',(-61.077710233777,-31.3495703880728,-29.5107958270479));
#420=CARTESIAN_POINT('',(-62.1055450357728,-29.8593755391656,-29.5604562352701));
#421=CARTESIAN_POINT('',(-64.0769053794675,-28.9154006682294,-29.6201009000374));
#422=CARTESIAN_POINT('',(-66.2523135156184,-29.0713298235383,-29.6800257876146));
#423=CARTESIAN_POINT('',(-67.7671069700779,-30.0617694018299,-29.7295889590229));
#424=CARTESIAN_POINT('',(-68.5650993945003,-31.2412934354888,-29.7695443320034));
#425=CARTESIAN_POINT('',(-68.9261914616266,-32.2432719712531,-29.7993797862879));
#426=CARTESIAN_POINT('',(-69.0145029373213,-33.298968452073,-29.8292042127159));
#427=CARTESIAN_POINT('',(-68.7667121122073,-34.7030540744794,-29.8692967050184));
#428=CARTESIAN_POINT('',(-68.0117003582312,-35.9237998054051,-29.9085813740806));
#429=CARTESIAN_POINT('',(-66.8553508357416,-36.7492685050437,-29.9484657687209));
#430=CARTESIAN_POINT('',(-65.862077525085,-37.132530847108,-29.9783143219445));
#431=CARTESIAN_POINT('',(-64.8096439195538,-37.2542554129245,-30.0081142789385));
#432=CARTESIAN_POINT('',(-63.4038431699318,-37.0339840584407,-30.0480832551072));
#433=CARTESIAN_POINT('',(-62.1645014645813,-36.3119607597284,-30.0873628701677));
#434=CARTESIAN_POINT('',(-61.3130107572607,-35.1772881773319,-30.1272087314824));
#435=CARTESIAN_POINT('',(-60.9062521457017,-34.1937746366544,-30.1570396713214));
#436=CARTESIAN_POINT('',(-60.7579696515622,-33.1461201241912,-30.1867915435371));
#437=CARTESIAN_POINT('',(-60.9435792313074,-31.736617015334,-30.2267473065925));
#438=CARTESIAN_POINT('',(-61.6344850839497,-30.481457502886,-30.2659571295558));
#439=CARTESIAN_POINT('',(-62.7468998051041,-29.603714704953,-30.3057721447664));
#440=CARTESIAN_POINT('',(-63.7194218100351,-29.1733805396344,-30.3355868649341));
#441=CARTESIAN_POINT('',(-64.7624790832969,-28.9989288630197,-30.3653090004762));
#442=CARTESIAN_POINT('',(-66.1746975563933,-29.1489292836894,-30.4052414602052));
#443=CARTESIAN_POINT('',(-67.4454898642754,-29.8089189855294,-30.4444020585822));
#444=CARTESIAN_POINT('',(-68.3495646805687,-30.8990967055731,-30.4842096199652));
#445=CARTESIAN_POINT('',(-68.803200157993,-31.8602134198647,-30.5140125238692));
#446=CARTESIAN_POINT('',(-69.0030244324504,-32.8980499787945,-30.5436995620875));
#447=CARTESIAN_POINT('',(-68.8890624187885,-34.313028911896,-30.583628574089));
#448=CARTESIAN_POINT('',(-68.2592021337007,-35.5974270562351,-30.6227470752167));
#449=CARTESIAN_POINT('',(-67.1924206267331,-36.5291134970267,-30.6625249885209));
#450=CARTESIAN_POINT('',(-66.2446554319544,-37.0046865856214,-30.6922773022468));
#451=CARTESIAN_POINT('',(-65.2095548680004,-37.2247302299989,-30.7220344113526));
#452=CARTESIAN_POINT('',(-64.1558789450452,-37.1734044177471,-30.7517333097672));
#453=CARTESIAN_POINT('',(-63.1463807801531,-36.848808372541,-30.7814382829281));
#454=CARTESIAN_POINT('',(-61.9451784043962,-36.0956898646984,-30.8212160550257));
#455=CARTESIAN_POINT('',(-60.908239074947,-34.6241841701287,-30.8705135562897));
#456=CARTESIAN_POINT('',(-60.6780367756581,-32.4675435980252,-30.9301062181913));
#457=CARTESIAN_POINT('',(-61.5474986927295,-30.4768262315924,-30.9893850832321));
#458=CARTESIAN_POINT('',(-62.9910193939514,-29.4052280876131,-31.0387027914438));
#459=CARTESIAN_POINT('',(-64.3644096807654,-29.0412764356381,-31.0786079819477));
#460=CARTESIAN_POINT('',(-65.4188773731933,-29.0399298722222,-31.1082921426625));
#461=CARTESIAN_POINT('',(-66.4420231724049,-29.3154578501481,-31.1379842599651));
#462=CARTESIAN_POINT('',(-67.6780730463109,-30.0107165460178,-31.1777685222466));
#463=CARTESIAN_POINT('',(-68.7865907432882,-31.4279359754371,-31.2271029917494));
#464=CARTESIAN_POINT('',(-69.0680580693125,-33.2051660066612,-31.2764665553843));
#465=CARTESIAN_POINT('',(-68.7321722206629,-34.5827891589922,-31.3162567847401));
#466=CARTESIAN_POINT('',(-68.2345624997961,-35.5189222230923,-31.345957663708));
#467=CARTESIAN_POINT('',(-67.5138391818514,-36.2896369165811,-31.3756462549118));
#468=CARTESIAN_POINT('',(-66.3108637128883,-37.0468712334778,-31.4155581395911));
#469=CARTESIAN_POINT('',(-64.5418996359861,-37.3730778409496,-31.4649255972227));
#470=CARTESIAN_POINT('',(-62.4926442851915,-36.6476168599294,-31.5242519345231));
#471=CARTESIAN_POINT('',(-61.0706445369979,-35.0073332585259,-31.5838650256605));
#472=CARTESIAN_POINT('',(-60.6999163376743,-33.2437040671322,-31.6332395781126));
#473=CARTESIAN_POINT('',(-60.9698223402332,-31.8508070377317,-31.6730616606436));
#474=CARTESIAN_POINT('',(-61.4226897699827,-30.8902724244894,-31.7028053049449));
#475=CARTESIAN_POINT('',(-62.1051206516549,-30.0835632471638,-31.732537049363));
#476=CARTESIAN_POINT('',(-63.2702628413632,-29.2671058082583,-31.772528434227));
#477=CARTESIAN_POINT('',(-64.663883695325,-28.9371643449233,-31.8117404392609));
#478=CARTESIAN_POINT('',(-66.0625432627603,-29.1717836575197,-31.8515700370698));
#479=CARTESIAN_POINT('',(-67.0346314136769,-29.6037538068981,-31.8813889849426));
#480=CARTESIAN_POINT('',(-67.8641488177811,-30.2619434243421,-31.9111598768426));
#481=CARTESIAN_POINT('',(-68.7030145510078,-31.4109630009742,-31.9511045958615));
#482=CARTESIAN_POINT('',(-69.0702001554644,-32.797720145437,-31.9904024640231));
#483=CARTESIAN_POINT('',(-68.8689509294013,-34.2023186595949,-32.0302745909282));
#484=CARTESIAN_POINT('',(-68.4597702324213,-35.1862294205639,-32.0601415394817));
#485=CARTESIAN_POINT('',(-67.8225818292326,-36.0331153627763,-32.0899369516063));
#486=CARTESIAN_POINT('',(-66.693535534483,-36.9010929886134,-32.1299709526092));
#487=CARTESIAN_POINT('',(-65.6721217415708,-37.1979848707693,-32.1590866780206));
#488=CARTESIAN_POINT('',(-64.9545363943835,-37.2105103695959,-32.1793932828318));
#489=CARTESIAN_POINT('',(-69.2290568501273,-33.0359163449619,-28.476912363955));
#490=CARTESIAN_POINT('',(-69.242173922714,-33.7873929301626,-28.4982346258763));
#491=CARTESIAN_POINT('',(-68.960151298267,-34.8970390668103,-28.5295729067393));
#492=CARTESIAN_POINT('',(-68.0852762763496,-36.1218941681657,-28.5718587963661));
#493=CARTESIAN_POINT('',(-66.9160937463172,-37.0677003031943,-28.6141251874487));
#494=CARTESIAN_POINT('',(-65.4565580336524,-37.5314074477031,-28.6560143010666));
#495=CARTESIAN_POINT('',(-63.9646283420703,-37.3915022083832,-28.6981531894398));
#496=CARTESIAN_POINT('',(-62.9054651436548,-37.0105625343916,-28.7297181952768));
#497=CARTESIAN_POINT('',(-61.9773095124539,-36.3812371561498,-28.7612043830703));
#498=CARTESIAN_POINT('',(-61.0052910014991,-35.2400689740739,-28.8033485508811));
#499=CARTESIAN_POINT('',(-60.5101467532348,-33.7981138904234,-28.8450450981255));
#500=CARTESIAN_POINT('',(-60.6115413973068,-32.3077772578845,-28.8870207374296));
#501=CARTESIAN_POINT('',(-60.9651863544555,-31.2446460306836,-28.9184598790359));
#502=CARTESIAN_POINT('',(-61.5746372419286,-30.3071532463125,-28.9498907086479));
#503=CARTESIAN_POINT('',(-62.4004441911031,-29.557767875477,-28.9812684488719));
#504=CARTESIAN_POINT('',(-63.3953526378518,-29.0456639131699,-29.0126094360129));
#505=CARTESIAN_POINT('',(-64.848067148282,-28.7113520180336,-29.0544490379568));
#506=CARTESIAN_POINT('',(-66.7218859450325,-29.0376475927501,-29.1065588171017));
#507=CARTESIAN_POINT('',(-68.4971720295476,-30.4716496002542,-29.1692270557348));
#508=CARTESIAN_POINT('',(-69.3340503735913,-32.5974892703694,-29.2315761491249));
#509=CARTESIAN_POINT('',(-69.0557513515287,-34.4696412108557,-29.2835214100378));
#510=CARTESIAN_POINT('',(-68.3083163491825,-35.7540697691436,-29.3252475582537));
#511=CARTESIAN_POINT('',(-67.5264075137721,-36.5379817762038,-29.3563993654721));
#512=CARTESIAN_POINT('',(-66.5642554603106,-37.0931799946548,-29.3875199459657));
#513=CARTESIAN_POINT('',(-65.1382509273866,-37.4938938153428,-29.4290853053241));
#514=CARTESIAN_POINT('',(-63.2653126957899,-37.2637130390152,-29.4808532095144));
#515=CARTESIAN_POINT('',(-61.741073317793,-36.1547150268462,-29.5325385976646));
#516=CARTESIAN_POINT('',(-60.9721931393891,-34.8926331186696,-29.5739969224422));
#517=CARTESIAN_POINT('',(-60.6475412178386,-33.8350513416876,-29.6049975579552));
#518=CARTESIAN_POINT('',(-60.610643614984,-32.7343119154525,-29.6360016675687));
#519=CARTESIAN_POINT('',(-60.9392101275114,-31.2938556425219,-29.6774980878931));
#520=CARTESIAN_POINT('',(-62.0048659667687,-29.7488263836511,-29.7289858404961));
#521=CARTESIAN_POINT('',(-64.0447818050859,-28.7720240976788,-29.7907046920085));
#522=CARTESIAN_POINT('',(-66.2937333559635,-28.9332247063514,-29.8526554435081));
#523=CARTESIAN_POINT('',(-67.8618295801651,-29.958516014844,-29.9039626509138));
#524=CARTESIAN_POINT('',(-68.6847549219691,-31.1748937508449,-29.9451664117022));
#525=CARTESIAN_POINT('',(-69.0576051465437,-32.2094994818759,-29.9759733909826));
#526=CARTESIAN_POINT('',(-69.1488327535095,-33.3000560926648,-30.0067826491311));
#527=CARTESIAN_POINT('',(-68.893646003193,-34.746050095805,-30.048071800245));
#528=CARTESIAN_POINT('',(-68.1116692347791,-36.0103943880589,-30.0887595092769));
#529=CARTESIAN_POINT('',(-66.9210146132597,-36.8603520375663,-30.1298271431379));
#530=CARTESIAN_POINT('',(-65.8976394838263,-37.2552294038551,-30.1605802769339));
#531=CARTESIAN_POINT('',(-64.8122939618714,-37.3807605648961,-30.191312144206));
#532=CARTESIAN_POINT('',(-63.3666254480628,-37.1542424315426,-30.2324146193553));
#533=CARTESIAN_POINT('',(-62.0859402947524,-36.4081330131208,-30.2730045709551));
#534=CARTESIAN_POINT('',(-61.2106254147431,-35.2417130078625,-30.3139652943261));
#535=CARTESIAN_POINT('',(-60.7923516538018,-34.2303566507857,-30.3446407343643));
#536=CARTESIAN_POINT('',(-60.6397292403883,-33.1520394762366,-30.3752633818149));
#537=CARTESIAN_POINT('',(-60.830272901233,-31.7050673818963,-30.4162812935781));
#538=CARTESIAN_POINT('',(-61.5427211600279,-30.410772065489,-30.456713676646));
#539=CARTESIAN_POINT('',(-62.6841683221129,-29.5101214298146,-30.4975678070851));
#540=CARTESIAN_POINT('',(-63.6822918449105,-29.0684587724247,-30.5281673959625));
#541=CARTESIAN_POINT('',(-64.7537044110974,-28.8892646636171,-30.5586975215175));
#542=CARTESIAN_POINT('',(-66.2008652111432,-29.042976524012,-30.5996180245913));
#543=CARTESIAN_POINT('',(-67.5084353510399,-29.7220669004745,-30.6399119646636));
#544=CARTESIAN_POINT('',(-68.4343390626151,-30.8385669722313,-30.6806806800056));
#545=CARTESIAN_POINT('',(-68.899009081538,-31.8230625508238,-30.7112085302514));
#546=CARTESIAN_POINT('',(-69.1038364696513,-32.8868840121118,-30.7416388596776));
#547=CARTESIAN_POINT('',(-68.9872707401654,-34.3341912879677,-30.78248013882));
#548=CARTESIAN_POINT('',(-68.3406416227287,-35.65278409049,-30.8226400956526));
#549=CARTESIAN_POINT('',(-67.2502811466547,-36.605063507126,-30.863297216351));
#550=CARTESIAN_POINT('',(-66.2811020008651,-37.0913817664416,-30.89372175838));
#551=CARTESIAN_POINT('',(-65.2226920688295,-37.3163805605693,-30.9241489660572));
#552=CARTESIAN_POINT('',(-64.1452608234488,-37.2638975981993,-30.9545174317383));
#553=CARTESIAN_POINT('',(-63.1138818990157,-36.9322659701064,-30.984866256862));
#554=CARTESIAN_POINT('',(-61.8884484446988,-36.16395528974,-31.0254464402269));
#555=CARTESIAN_POINT('',(-60.8288487947512,-34.6602926601334,-31.0758212438428));
#556=CARTESIAN_POINT('',(-60.5940439792551,-32.4605336082549,-31.1366053629674));
#557=CARTESIAN_POINT('',(-61.4804564563346,-30.431006291074,-31.1970398967493));
#558=CARTESIAN_POINT('',(-62.9522862397226,-29.3383928891346,-31.2473247812908));
#559=CARTESIAN_POINT('',(-64.3488711914775,-28.968294596468,-31.2879039153431));
#560=CARTESIAN_POINT('',(-65.4224913689626,-28.9669235751803,-31.3181272347715));
#561=CARTESIAN_POINT('',(-66.4634577110067,-29.2472505349679,-31.3483365116505));
#562=CARTESIAN_POINT('',(-67.7192547925294,-29.953616725854,-31.3887563697148));
#563=CARTESIAN_POINT('',(-68.8468170693526,-31.3951842993368,-31.4389384163434));
#564=CARTESIAN_POINT('',(-69.1329394014322,-33.2018067885555,-31.4891183720295));
#565=CARTESIAN_POINT('',(-68.7922301293425,-34.5992130303836,-31.5294800012396));
#566=CARTESIAN_POINT('',(-68.2872857884941,-35.5491444187315,-31.5596186623713));
#567=CARTESIAN_POINT('',(-67.555999631155,-36.3311546195579,-31.5897423662084));
#568=CARTESIAN_POINT('',(-66.3374135968082,-37.0982152846385,-31.6301721725756));
#569=CARTESIAN_POINT('',(-64.5435938529926,-37.4290054124237,-31.6802332910335));
#570=CARTESIAN_POINT('',(-62.4682212072281,-36.6942985956305,-31.7403157290561));
#571=CARTESIAN_POINT('',(-61.0294303761117,-35.0346463986959,-31.8006327361808));
#572=CARTESIAN_POINT('',(-60.6543290995409,-33.2502135924074,-31.8505897065129));
#573=CARTESIAN_POINT('',(-60.926957641006,-31.8432664258518,-31.8908134739563));
#574=CARTESIAN_POINT('',(-61.3844113968179,-30.8730041867282,-31.9208583411809));
#575=CARTESIAN_POINT('',(-62.0736372443485,-30.0582626042683,-31.9508861246466));
#576=CARTESIAN_POINT('',(-63.2489409503095,-29.2346846219577,-31.9912262850599));
#577=CARTESIAN_POINT('',(-64.6564975476585,-28.9014438541148,-32.0308303970562));
#578=CARTESIAN_POINT('',(-66.0662480647356,-29.1379236272847,-32.0709758315947));
#579=CARTESIAN_POINT('',(-67.0458467933544,-29.5732312778648,-32.1010251675499));
#580=CARTESIAN_POINT('',(-67.8816944427275,-30.2364436973517,-32.1310232482306));
#581=CARTESIAN_POINT('',(-68.7261151166425,-31.3930720429978,-32.1712324798361));
#582=CARTESIAN_POINT('',(-69.0959843522872,-32.7899645105181,-32.2108175623748));
#583=CARTESIAN_POINT('',(-68.893581451866,-34.2026149775748,-32.2509182588565));
#584=CARTESIAN_POINT('',(-68.4821851029625,-35.1918534673104,-32.2809469324438));
#585=CARTESIAN_POINT('',(-67.8416589827581,-36.0431755631088,-32.3108984187429));
#586=CARTESIAN_POINT('',(-66.7075907764061,-36.915013887068,-32.3511104879216));
#587=CARTESIAN_POINT('',(-65.6807513602631,-37.2134828220344,-32.3803808724509));
#588=CARTESIAN_POINT('',(-64.9610715262075,-37.2260448802653,-32.400746748145));
#589=CARTESIAN_POINT('',(-69.3788317200611,-33.0323643452248,-28.5099593640854));
#590=CARTESIAN_POINT('',(-69.3922987754616,-33.8038914324,-28.5318505353555));
#591=CARTESIAN_POINT('',(-69.0984328983132,-34.960136027704,-28.5645048353862));
#592=CARTESIAN_POINT('',(-68.195493463347,-36.2242822719406,-28.6081471800985));
#593=CARTESIAN_POINT('',(-66.988774702769,-37.2004532099182,-28.6517705201256));
#594=CARTESIAN_POINT('',(-65.4738342745508,-37.6817629127054,-28.6952497657317));
#595=CARTESIAN_POINT('',(-63.93329803753,-37.5372996098183,-28.7387615242905));
#596=CARTESIAN_POINT('',(-62.8390460169314,-37.143739855651,-28.771372241382));
#597=CARTESIAN_POINT('',(-61.8789957351317,-36.4927886720192,-28.803940403927));
#598=CARTESIAN_POINT('',(-60.8759755442098,-35.3152239292085,-28.8474287230972));
#599=CARTESIAN_POINT('',(-60.3621873494048,-33.8189740949108,-28.8906952940277));
#600=CARTESIAN_POINT('',(-60.4668484642908,-32.2806256452006,-28.9340231960863));
#601=CARTESIAN_POINT('',(-60.8322533828069,-31.1821414972024,-28.966507801747));
#602=CARTESIAN_POINT('',(-61.4621326659633,-30.2132245670256,-28.9989921722384));
#603=CARTESIAN_POINT('',(-62.3159721293535,-29.4384008584745,-29.031435048751));
#604=CARTESIAN_POINT('',(-63.3439132693411,-28.9092941527004,-29.0638166112509));
#605=CARTESIAN_POINT('',(-64.8426276257413,-28.5643963540216,-29.1069810538507));
#606=CARTESIAN_POINT('',(-66.7817128376,-28.9020570310971,-29.1609058529338));
#607=CARTESIAN_POINT('',(-68.6151762646793,-30.3830522678931,-29.2256277727278));
#608=CARTESIAN_POINT('',(-69.4797257900117,-32.579182315721,-29.2900384239042));
#609=CARTESIAN_POINT('',(-69.1918772371583,-34.5155751308901,-29.3437661304214));
#610=CARTESIAN_POINT('',(-68.4217077076059,-35.8390718033433,-29.3867614515404));
#611=CARTESIAN_POINT('',(-67.6138895022765,-36.6489595575175,-29.4189455065865));
#612=CARTESIAN_POINT('',(-66.6205329584218,-37.2221639501607,-29.451075388938));
#613=CARTESIAN_POINT('',(-65.150823077089,-37.6351591744074,-29.493914677285));
#614=CARTESIAN_POINT('',(-63.2146927908249,-37.3972122069926,-29.5474292062046));
#615=CARTESIAN_POINT('',(-61.6393697082751,-36.2510469836748,-29.6008467901871));
#616=CARTESIAN_POINT('',(-60.8473178302926,-34.9509297825598,-29.6435545422145));
#617=CARTESIAN_POINT('',(-60.512332490143,-33.8596859987368,-29.6755419038866));
#618=CARTESIAN_POINT('',(-60.4742400037372,-32.7233004780991,-29.707550043511));
#619=CARTESIAN_POINT('',(-60.8124846043163,-31.240414857951,-29.7502687612833));
#620=CARTESIAN_POINT('',(-61.9131330462963,-29.6446519634552,-29.8034472008844));
#621=CARTESIAN_POINT('',(-64.0170022039075,-28.6372259883539,-29.867100997625));
#622=CARTESIAN_POINT('',(-66.335184940437,-28.8033889579372,-29.9309588262142));
#623=CARTESIAN_POINT('',(-67.9538911809296,-29.8617713542247,-29.9839219642717));
#624=CARTESIAN_POINT('',(-68.8006612723384,-31.1133943561888,-30.0263196284544));
#625=CARTESIAN_POINT('',(-69.1848209433659,-32.1793821740305,-30.0580610577085));
#626=CARTESIAN_POINT('',(-69.2788671282916,-33.3036327391974,-30.0898222020114));
#627=CARTESIAN_POINT('',(-69.016494037446,-34.7903475293558,-30.13227410119));
#628=CARTESIAN_POINT('',(-68.2081248953946,-36.0973645048854,-30.1743350546233));
#629=CARTESIAN_POINT('',(-66.9836536750589,-36.9714623847542,-30.2165690785301));
#630=CARTESIAN_POINT('',(-65.9304254708816,-37.3778587954203,-30.2482193179675));
#631=CARTESIAN_POINT('',(-64.8122606687024,-37.5071858373745,-30.2798804724973));
#632=CARTESIAN_POINT('',(-63.3266081895003,-37.274402717879,-30.322119750398));
#633=CARTESIAN_POINT('',(-62.0041202937741,-36.503939601164,-30.3640345953855));
#634=CARTESIAN_POINT('',(-61.1045311351695,-35.3051723745646,-30.4061312437057));
#635=CARTESIAN_POINT('',(-60.6744462747342,-34.26525761466,-30.4376728883881));
#636=CARTESIAN_POINT('',(-60.5173450485544,-33.1552964592595,-30.4691941791066));
#637=CARTESIAN_POINT('',(-60.7130126858062,-31.6694133308795,-30.51131511792));
#638=CARTESIAN_POINT('',(-61.448035131201,-30.3341077886386,-30.5530286160005));
#639=CARTESIAN_POINT('',(-62.620166268432,-29.4092461840834,-30.5949809725903));
#640=CARTESIAN_POINT('',(-63.6455463396981,-28.9555226951903,-30.6264161686428));
#641=CARTESIAN_POINT('',(-64.747355412363,-28.7712447605428,-30.6578124490186));
#642=CARTESIAN_POINT('',(-66.2322358198905,-28.928963052731,-30.6997995269428));
#643=CARTESIAN_POINT('',(-67.5799091040964,-29.6288811144819,-30.7413292811747));
#644=CARTESIAN_POINT('',(-68.5298456868166,-30.7743612000593,-30.7831561943296));
#645=CARTESIAN_POINT('',(-69.0067634326979,-31.7848060169226,-30.8144886946695));
#646=CARTESIAN_POINT('',(-69.217187336519,-32.8776943602001,-30.8457504745096));
#647=CARTESIAN_POINT('',(-69.0976859414451,-34.3614515444803,-30.8876203264434));
#648=CARTESIAN_POINT('',(-68.4319358542086,-35.7190354355189,-30.9289678223165));
#649=CARTESIAN_POINT('',(-67.3143901916448,-36.6950573612606,-30.9706386182468));
#650=CARTESIAN_POINT('',(-66.3202898167098,-37.1938806861573,-31.0018454893083));
#651=CARTESIAN_POINT('',(-65.2345189849099,-37.4246959123374,-31.0330592691389));
#652=CARTESIAN_POINT('',(-64.1289708628191,-37.3708433433325,-31.0642202368094));
#653=CARTESIAN_POINT('',(-63.0714651361564,-37.0308108513524,-31.0953378557615));
#654=CARTESIAN_POINT('',(-61.816786633089,-36.2441643868407,-31.1368864878306));
#655=CARTESIAN_POINT('',(-60.7294453661712,-34.7011340274269,-31.1885801655203));
#656=CARTESIAN_POINT('',(-60.488903141371,-32.4476242974604,-31.2508495325938));
#657=CARTESIAN_POINT('',(-61.39688531818,-30.3687110612447,-31.3127546624928));
#658=CARTESIAN_POINT('',(-62.9054733597671,-29.2488101522895,-31.3642953884301));
#659=CARTESIAN_POINT('',(-64.3327109178327,-28.8705888469504,-31.4057651637705));
#660=CARTESIAN_POINT('',(-65.4319689561341,-28.8691850859157,-31.4367102107458));
#661=CARTESIAN_POINT('',(-66.4970770281214,-29.1560132912149,-31.4676200906844));
#662=CARTESIAN_POINT('',(-67.7800276816071,-29.8776529410688,-31.5089139303344));
#663=CARTESIAN_POINT('',(-68.9342996025944,-31.3533683019666,-31.5602846870117));
#664=CARTESIAN_POINT('',(-69.2271072766633,-33.2022031172847,-31.6116371137955));
#665=CARTESIAN_POINT('',(-68.8793180030664,-34.6286477185259,-31.652837465104));
#666=CARTESIAN_POINT('',(-68.3634113816085,-35.5992020025009,-31.6836304329262));
#667=CARTESIAN_POINT('',(-67.6160895401337,-36.3983601671517,-31.7144146910413));
#668=CARTESIAN_POINT('',(-66.373375664014,-37.1806085316114,-31.7556450022095));
#669=CARTESIAN_POINT('',(-64.5400971539992,-37.5186750707297,-31.8068073182518));
#670=CARTESIAN_POINT('',(-62.421820586966,-36.7687797510487,-31.8681318330629));
#671=CARTESIAN_POINT('',(-60.9543182382638,-35.0760086794257,-31.929652484785));
#672=CARTESIAN_POINT('',(-60.5714334070879,-33.2545479261417,-31.9806460893031));
#673=CARTESIAN_POINT('',(-60.8490819275373,-31.8216942819663,-32.0216105072527));
#674=CARTESIAN_POINT('',(-61.3152445229883,-30.8329605402237,-32.052227357825));
#675=CARTESIAN_POINT('',(-62.0177161315369,-30.002560995528,-32.0828322247606));
#676=CARTESIAN_POINT('',(-63.2134201392595,-29.1646877810334,-32.1238725883991));
#677=CARTESIAN_POINT('',(-64.6501698063346,-28.8245355177739,-32.1642980994107));
#678=CARTESIAN_POINT('',(-66.0841943076995,-29.0650871506301,-32.2051347836671));
#679=CARTESIAN_POINT('',(-67.0808926531707,-29.5079934166641,-32.2357086528994));
#680=CARTESIAN_POINT('',(-67.9317073378858,-30.183081593329,-32.2662438916784));
#681=CARTESIAN_POINT('',(-68.7898200043275,-31.3584642721574,-32.3071051022272));
#682=CARTESIAN_POINT('',(-69.1667338829626,-32.7819623823789,-32.3474441343982));
#683=CARTESIAN_POINT('',(-68.9611025830597,-34.2171451354167,-32.3881844514954));
#684=CARTESIAN_POINT('',(-68.5431209585334,-35.2222184961447,-32.4186937980217));
#685=CARTESIAN_POINT('',(-67.8920618193559,-36.087540008211,-32.4491378162622));
#686=CARTESIAN_POINT('',(-66.7410680234159,-36.9723902282587,-32.4899500371563));
#687=CARTESIAN_POINT('',(-65.6942695830486,-37.2766606046283,-32.5197893600265));
#688=CARTESIAN_POINT('',(-64.9661287062336,-37.28937035091,-32.5403946707262));
#689=CARTESIAN_POINT('',(-69.5296602027337,-33.0305264070367,-28.481948234488));
#690=CARTESIAN_POINT('',(-69.5434796332869,-33.8222410531892,-28.5044122039378));
#691=CARTESIAN_POINT('',(-69.2376482152114,-35.0255652623675,-28.5383961117721));
#692=CARTESIAN_POINT('',(-68.3062497330629,-36.3295551508362,-28.5834139856718));
#693=CARTESIAN_POINT('',(-67.0613394260744,-37.3366210072491,-28.6284179645599));
#694=CARTESIAN_POINT('',(-65.4897834082344,-37.8359179734999,-28.6735220946041));
#695=CARTESIAN_POINT('',(-63.8993799352491,-37.6867783861865,-28.7184423309897));
#696=CARTESIAN_POINT('',(-62.769010274207,-37.2802285260596,-28.7521294200069));
#697=CARTESIAN_POINT('',(-61.7760283501025,-36.6069484165959,-28.7858147355799));
#698=CARTESIAN_POINT('',(-60.7408992871953,-35.3916872486049,-28.8306952110454));
#699=CARTESIAN_POINT('',(-60.207718173442,-33.8389615122602,-28.8755948773091));
#700=CARTESIAN_POINT('',(-60.3157908219499,-32.2504690576449,-28.9203350956306));
#701=CARTESIAN_POINT('',(-60.6935193116702,-31.1149376589708,-28.9539152704274));
#702=CARTESIAN_POINT('',(-61.3448709533356,-30.1129906986809,-28.9875070214404));
#703=CARTESIAN_POINT('',(-62.22826030072,-29.3113517026135,-29.0210726889206));
#704=CARTESIAN_POINT('',(-63.291126102285,-28.7642684105167,-29.0545544263894));
#705=CARTESIAN_POINT('',(-64.8386470514613,-28.4081387941553,-29.0991245467045));
#706=CARTESIAN_POINT('',(-66.8472957824699,-28.7579128455334,-29.1549838656173));
#707=CARTESIAN_POINT('',(-68.7431137306944,-30.2892754621445,-29.2219069224815));
#708=CARTESIAN_POINT('',(-69.6375023279049,-32.5612027667295,-29.2885406435849));
#709=CARTESIAN_POINT('',(-69.3392977690725,-34.5672617149148,-29.3442013264691));
#710=CARTESIAN_POINT('',(-68.5443565093969,-35.9333273298292,-29.38857954895));
#711=CARTESIAN_POINT('',(-67.7082123283147,-36.7716136280519,-29.4218921311287));
#712=CARTESIAN_POINT('',(-66.6806367986004,-37.3645636730773,-29.4551288184804));
#713=CARTESIAN_POINT('',(-65.1628231614487,-37.7910762735585,-29.4993702411482));
#714=CARTESIAN_POINT('',(-63.1568161653945,-37.5445415828353,-29.5548161582772));
#715=CARTESIAN_POINT('',(-61.524700688717,-36.3570556502489,-29.6101595138785));
#716=CARTESIAN_POINT('',(-60.7067650951415,-35.014451505025,-29.6542629261371));
#717=CARTESIAN_POINT('',(-60.3601934814943,-33.8854644309245,-29.6873566476297));
#718=CARTESIAN_POINT('',(-60.3207570463819,-32.7089858632118,-29.7204940728931));
#719=CARTESIAN_POINT('',(-60.6699250301782,-31.178211443454,-29.764592363093));
#720=CARTESIAN_POINT('',(-61.8102659574984,-29.5249008408251,-29.8196885671263));
#721=CARTESIAN_POINT('',(-63.9871174730741,-28.4825276719444,-29.8855504879618));
#722=CARTESIAN_POINT('',(-66.3848244949918,-28.6543907924286,-29.9515989325473));
#723=CARTESIAN_POINT('',(-68.0620214159407,-29.7510170065215,-30.0064758520598));
#724=CARTESIAN_POINT('',(-68.9364890699828,-31.0435801725774,-30.050260329465));
#725=CARTESIAN_POINT('',(-69.3338377804304,-32.1461656772955,-30.0830915112185));
#726=CARTESIAN_POINT('',(-69.4311820427651,-33.309842247823,-30.1159664775504));
#727=CARTESIAN_POINT('',(-69.1603697374445,-34.8443771285894,-30.1597838394785));
#728=CARTESIAN_POINT('',(-68.3208542546511,-36.2017532704427,-30.203465395084));
#729=CARTESIAN_POINT('',(-67.0562851671962,-37.1044753107279,-30.2470824602992));
#730=CARTESIAN_POINT('',(-65.9675174233143,-37.5245849331322,-30.2798006876015));
#731=CARTESIAN_POINT('',(-64.8101417660133,-37.6584471061293,-30.312572108651));
#732=CARTESIAN_POINT('',(-63.2765409431979,-37.4181510822654,-30.3561746282512));
#733=CARTESIAN_POINT('',(-61.9036619120675,-36.618330788548,-30.3996865665929));
#734=CARTESIAN_POINT('',(-60.9746692144049,-35.3803812322911,-30.443159165736));
#735=CARTESIAN_POINT('',(-60.5302179024964,-34.3057294092884,-30.4757544199486));
#736=CARTESIAN_POINT('',(-60.3676482020975,-33.1571320566405,-30.508372922763));
#737=CARTESIAN_POINT('',(-60.5695960504666,-31.6235575477495,-30.5518457887112));
#738=CARTESIAN_POINT('',(-61.3324378133346,-30.2377130198815,-30.595138069934));
#739=CARTESIAN_POINT('',(-62.5425753649654,-29.282862728661,-30.6384507339151));
#740=CARTESIAN_POINT('',(-63.6018621438488,-28.8141357594896,-30.6709254118449));
#741=CARTESIAN_POINT('',(-64.7416354730676,-28.6235082902796,-30.7034034916655));
#742=CARTESIAN_POINT('',(-66.273815737865,-28.7862505915876,-30.7467280394512));
#743=CARTESIAN_POINT('',(-67.6720664400698,-29.5124361833023,-30.7898163819283));
#744=CARTESIAN_POINT('',(-68.6524765135885,-30.6946626975177,-30.8329850815523));
#745=CARTESIAN_POINT('',(-69.1449940022522,-31.7381586628758,-30.8653424524286));
#746=CARTESIAN_POINT('',(-69.3625763549406,-32.8682261724976,-30.8976677324149));
#747=CARTESIAN_POINT('',(-69.2393039561708,-34.3988050179158,-30.9408588355884));
#748=CARTESIAN_POINT('',(-68.5488448215916,-35.8067750903136,-30.9837409271794));
#749=CARTESIAN_POINT('',(-67.3959660844471,-36.8136555810784,-31.0267292149937));
#750=CARTESIAN_POINT('',(-66.3693191088502,-37.3288102583875,-31.0589577913035));
#751=CARTESIAN_POINT('',(-65.2476598543809,-37.5672547136397,-31.0912032928296));
#752=CARTESIAN_POINT('',(-64.1050782463731,-37.5115981993193,-31.1234080859423));
#753=CARTESIAN_POINT('',(-63.0130105273022,-37.1604525756464,-31.1555427082855));
#754=CARTESIAN_POINT('',(-61.7194426938673,-36.3494236464905,-31.1983791590865));
#755=CARTESIAN_POINT('',(-60.594959446061,-34.7536856359801,-31.2518386168925));
#756=CARTESIAN_POINT('',(-60.3466705833819,-32.4276018544137,-31.3161133625978));
#757=CARTESIAN_POINT('',(-61.284049261575,-30.2813824778498,-31.3800227105126));
#758=CARTESIAN_POINT('',(-62.843181079514,-29.123960377212,-31.4332902583874));
#759=CARTESIAN_POINT('',(-64.3128863194615,-28.7344850364215,-31.4759939735278));
#760=CARTESIAN_POINT('',(-65.4478561568456,-28.7330356711426,-31.5079443379641));
#761=CARTESIAN_POINT('',(-66.5467580390106,-29.0289643782391,-31.5398349283515));
#762=CARTESIAN_POINT('',(-67.8679482867138,-29.772113200957,-31.5823595711253));
#763=CARTESIAN_POINT('',(-69.0601288892268,-31.2962941119747,-31.6354174498915));
#764=CARTESIAN_POINT('',(-69.3625116080421,-33.2055873020321,-31.6884491420356));
#765=CARTESIAN_POINT('',(-69.0044996141062,-34.67396000556,-31.7308605130657));
#766=CARTESIAN_POINT('',(-68.472661109489,-35.6744862976638,-31.7626044087207));
#767=CARTESIAN_POINT('',(-67.7019051857712,-36.4987039977332,-31.7943539816392));
#768=CARTESIAN_POINT('',(-66.423712589084,-37.3032850742279,-31.8367613929566));
#769=CARTESIAN_POINT('',(-64.5318898931337,-37.6521474799952,-31.8895575339343));
#770=CARTESIAN_POINT('',(-62.3492537041993,-36.8794680819784,-31.9527452722016));
#771=CARTESIAN_POINT('',(-60.8381494883519,-35.1364020452826,-32.0160938019407));
#772=CARTESIAN_POINT('',(-60.4433057845861,-33.2580505110057,-32.0686801204283));
#773=CARTESIAN_POINT('',(-60.7287429669585,-31.7850021177224,-32.110793681913));
#774=CARTESIAN_POINT('',(-61.2085236302866,-30.7673843699724,-32.1423049464801));
#775=CARTESIAN_POINT('',(-61.9318476748844,-29.9123349274156,-32.1738182999977));
#776=CARTESIAN_POINT('',(-63.1599025986179,-29.0517922514032,-32.2159690499429));
#777=CARTESIAN_POINT('',(-64.6434159499689,-28.7005686279691,-32.2577103405068));
#778=CARTESIAN_POINT('',(-66.1167091327066,-28.9477074184474,-32.2996652781409));
#779=CARTESIAN_POINT('',(-67.1413042558151,-29.4030102713463,-32.3310948851553));
#780=CARTESIAN_POINT('',(-68.0167253470332,-30.0976226692061,-32.3625132333958));
#781=CARTESIAN_POINT('',(-68.8975310752938,-31.3040887160288,-32.4044550316264));
#782=CARTESIAN_POINT('',(-69.2862558711246,-32.7721933511388,-32.4460581217048));
#783=CARTESIAN_POINT('',(-69.0751528780512,-34.2455652304038,-32.4878825077883));
#784=CARTESIAN_POINT('',(-68.6459034978816,-35.2777328947273,-32.5192143111915));
#785=CARTESIAN_POINT('',(-67.9766620604318,-36.1672204661991,-32.5505085474643));
#786=CARTESIAN_POINT('',(-66.7961864005681,-37.074735477206,-32.5923661435351));
#787=CARTESIAN_POINT('',(-65.7142377505627,-37.3892228801813,-32.6232074343238));
#788=CARTESIAN_POINT('',(-64.9710367155124,-37.4021955025028,-32.6442389252443));
#789=CARTESIAN_POINT('',(-69.7201858229954,-33.0304335637381,-28.368012441254));
#790=CARTESIAN_POINT('',(-69.7344502824088,-33.8476438962133,-28.3911998207373));
#791=CARTESIAN_POINT('',(-69.4134541139228,-35.1106353279741,-28.4268688317029));
#792=CARTESIAN_POINT('',(-68.4458535838624,-36.4653093278343,-28.4736364821581));
#793=CARTESIAN_POINT('',(-67.1521984924573,-37.511807107807,-28.5204026034564));
#794=CARTESIAN_POINT('',(-65.5080736268701,-38.0341598258817,-28.5675894812415));
#795=CARTESIAN_POINT('',(-63.8535006474009,-37.8790027632058,-28.6143221567024));
#796=CARTESIAN_POINT('',(-62.6765051873465,-37.4556834225098,-28.6493987800427));
#797=CARTESIAN_POINT('',(-61.6408827240758,-36.7534913800284,-28.684530607363));
#798=CARTESIAN_POINT('',(-60.5640544182417,-35.4892745093338,-28.7312190524008));
#799=CARTESIAN_POINT('',(-60.005584467883,-33.8629028271243,-28.7782483145832));
#800=CARTESIAN_POINT('',(-60.1181230126959,-32.2087689481369,-28.82483733719));
#801=CARTESIAN_POINT('',(-60.512034879537,-31.0245869092346,-28.859856219014));
#802=CARTESIAN_POINT('',(-61.1916640754826,-29.9791417710896,-28.8949063106557));
#803=CARTESIAN_POINT('',(-62.1140726363274,-29.1420944658792,-28.9299545700964));
#804=CARTESIAN_POINT('',(-63.223182056111,-28.5712084407787,-28.9648930452667));
#805=CARTESIAN_POINT('',(-64.8355376983175,-28.2001584743128,-29.0113304682962));
#806=CARTESIAN_POINT('',(-66.9369775375772,-28.5660906131474,-29.0697702523884));
#807=CARTESIAN_POINT('',(-68.91639044487,-30.164977748858,-29.1396442414371));
#808=CARTESIAN_POINT('',(-69.8510005451777,-32.539075778118,-29.2092745441473));
#809=CARTESIAN_POINT('',(-69.5387668314786,-34.6395105861692,-29.2675538065167));
#810=CARTESIAN_POINT('',(-68.7101280899139,-36.0634835882744,-29.3138132174881));
#811=CARTESIAN_POINT('',(-67.8353390926394,-36.9405137068147,-29.3486654367824));
#812=CARTESIAN_POINT('',(-66.7609561948594,-37.5604733780908,-29.3834160973781));
#813=CARTESIAN_POINT('',(-65.1771350660589,-38.0055343867727,-29.4295815147088));
#814=CARTESIAN_POINT('',(-63.0748626653108,-37.7471688490882,-29.4876882020453));
#815=CARTESIAN_POINT('',(-61.3641514781355,-36.502498665809,-29.5456966572777));
#816=CARTESIAN_POINT('',(-60.5102528254549,-35.1008627916709,-29.5917392119752));
#817=CARTESIAN_POINT('',(-60.1475329611789,-33.9192713913318,-29.6263749111944));
#818=CARTESIAN_POINT('',(-60.1062185837328,-32.686769531944,-29.6610903232497));
#819=CARTESIAN_POINT('',(-60.470693678729,-31.0888877731615,-29.7071218303056));
#820=CARTESIAN_POINT('',(-61.6668819667452,-29.3546074961524,-29.7649163305289));
#821=CARTESIAN_POINT('',(-63.9469197080968,-28.2628241803796,-29.8339002112155));
#822=CARTESIAN_POINT('',(-66.4576491615784,-28.4427885357502,-29.9030620285942));
#823=CARTESIAN_POINT('',(-68.2183750116617,-29.5940296922984,-29.9606719666711));
#824=CARTESIAN_POINT('',(-69.1325529848718,-30.9452892499606,-30.006444734397));
#825=CARTESIAN_POINT('',(-69.5488690010609,-32.1005062992749,-30.0408431014611));
#826=CARTESIAN_POINT('',(-69.6509685070149,-33.3210281882045,-30.0753240019296));
#827=CARTESIAN_POINT('',(-69.3679548988238,-34.9247007133018,-30.1211155315502));
#828=CARTESIAN_POINT('',(-68.4832406379862,-36.3551567973544,-30.1671488638375));
#829=CARTESIAN_POINT('',(-67.1602747489589,-37.2995658283976,-30.212780130671));
#830=CARTESIAN_POINT('',(-66.0195948423147,-37.7397061682978,-30.2470583545388));
#831=CARTESIAN_POINT('',(-64.8047924868955,-37.880210318383,-30.2814558288853));
#832=CARTESIAN_POINT('',(-63.2007766566051,-37.6288811455635,-30.3270603503741));
#833=CARTESIAN_POINT('',(-61.7536135357175,-36.7857839708238,-30.3729266438047));
#834=CARTESIAN_POINT('',(-60.7811234701811,-35.4898710447869,-30.418434720344));
#835=CARTESIAN_POINT('',(-60.3153559978829,-34.3636782542845,-30.4525932631511));
#836=CARTESIAN_POINT('',(-60.1446505477841,-33.157599707145,-30.4868441487147));
#837=CARTESIAN_POINT('',(-60.3559671967016,-31.5528793365083,-30.5323338156026));
#838=CARTESIAN_POINT('',(-61.1604689799847,-30.0913516012789,-30.5779903582061));
#839=CARTESIAN_POINT('',(-62.4277240693581,-29.0914331296074,-30.6233473457572));
#840=CARTESIAN_POINT('',(-63.5381189434987,-28.6000911867881,-30.657388850505));
#841=CARTESIAN_POINT('',(-64.7352735481281,-28.3998666801399,-30.6915020217908));
#842=CARTESIAN_POINT('',(-66.339141032316,-28.5702233224795,-30.7368536263358));
#843=CARTESIAN_POINT('',(-67.8143434731283,-29.3363740247041,-30.7823133052707));
#844=CARTESIAN_POINT('',(-68.8412853339881,-30.5747108485077,-30.8275308585376));
#845=CARTESIAN_POINT('',(-69.3576939663931,-31.6688249394668,-30.861457827685));
#846=CARTESIAN_POINT('',(-69.5862702019981,-32.8559918863139,-30.895416421858));
#847=CARTESIAN_POINT('',(-69.4571901616614,-34.4586797635411,-30.9406423556068));
#848=CARTESIAN_POINT('',(-68.72852921409,-35.944550187619,-30.9858970331506));
#849=CARTESIAN_POINT('',(-67.5208204154214,-36.9993171711062,-31.0309298121934));
#850=CARTESIAN_POINT('',(-66.4435125002279,-37.5398926801232,-31.064748740393));
#851=CARTESIAN_POINT('',(-65.2658367020962,-37.7902452386478,-31.0986046075778));
#852=CARTESIAN_POINT('',(-64.0653002618912,-37.7317656752555,-31.1324429149776));
#853=CARTESIAN_POINT('',(-62.9189987483702,-37.3631816095851,-31.1661733930286));
#854=CARTESIAN_POINT('',(-61.5642093508947,-36.5137685630744,-31.211037193651));
#855=CARTESIAN_POINT('',(-60.3810108394808,-34.8347085661149,-31.2672880546757));
#856=CARTESIAN_POINT('',(-60.1204130970343,-32.3933095614359,-31.3347492103893));
#857=CARTESIAN_POINT('',(-61.1047619058433,-30.1395475163722,-31.4018609251692));
#858=CARTESIAN_POINT('',(-62.7450769368913,-28.9218590264708,-31.457902087591));
#859=CARTESIAN_POINT('',(-64.2832933722086,-28.5142280579807,-31.5025964621449));
#860=CARTESIAN_POINT('',(-65.4760541212301,-28.5127048932598,-31.5361736898044));
#861=CARTESIAN_POINT('',(-66.6297969431781,-28.8234019874793,-31.5696557871093));
#862=CARTESIAN_POINT('',(-68.0132546567742,-29.6015752845696,-31.6141846088786));
#863=CARTESIAN_POINT('',(-69.2674335650163,-31.2050198859282,-31.6700017160555));
#864=CARTESIAN_POINT('',(-69.5855546978715,-33.2136879571501,-31.7257936014126));
#865=CARTESIAN_POINT('',(-69.2106654334665,-34.7512821495854,-31.7702043137831));
#866=CARTESIAN_POINT('',(-68.6524314790142,-35.8014651350701,-31.8035236771751));
#867=CARTESIAN_POINT('',(-67.842736280141,-36.6673230468113,-31.8368772667711));
#868=CARTESIAN_POINT('',(-66.5053970068365,-37.5091350514674,-31.8812470251165));
#869=CARTESIAN_POINT('',(-64.5155168265982,-37.8760797912428,-31.9367797104731));
#870=CARTESIAN_POINT('',(-62.2244703514447,-37.0650218512046,-32.0031059474173));
#871=CARTESIAN_POINT('',(-60.6394633588177,-35.2367086033164,-32.0695526302841));
#872=CARTESIAN_POINT('',(-60.224232213498,-33.261369877,-32.1248542016287));
#873=CARTESIAN_POINT('',(-60.523011173214,-31.7194689133676,-32.1689362164024));
#874=CARTESIAN_POINT('',(-61.0262074277654,-30.6521865521304,-32.2019853814029));
#875=CARTESIAN_POINT('',(-61.7855017167408,-29.7546162814144,-32.2350658652207));
#876=CARTESIAN_POINT('',(-63.0695545435544,-28.8548338414172,-32.2791386412615));
#877=CARTESIAN_POINT('',(-64.6343954449809,-28.4843558197692,-32.3231682273068));
#878=CARTESIAN_POINT('',(-66.1762914944567,-28.7430024551949,-32.3670767672716));
#879=CARTESIAN_POINT('',(-67.2498095300687,-29.2200453507043,-32.4000070918663));
#880=CARTESIAN_POINT('',(-68.1685325180615,-29.9490161101028,-32.4329795197217));
#881=CARTESIAN_POINT('',(-69.0894166420674,-31.2103787386874,-32.4768297523934));
#882=CARTESIAN_POINT('',(-69.4991060363774,-32.7576607880776,-32.520676568852));
#883=CARTESIAN_POINT('',(-69.2782452524425,-34.2991361766759,-32.5644341990186));
#884=CARTESIAN_POINT('',(-68.8288206442932,-35.3798169406173,-32.5972386341969));
#885=CARTESIAN_POINT('',(-68.1269028033302,-36.3127346602822,-32.6300608438361));
#886=CARTESIAN_POINT('',(-66.8932458456133,-37.2611338908859,-32.6738041554365));
#887=CARTESIAN_POINT('',(-65.7476060274891,-37.5941342519891,-32.7064609832533));
#888=CARTESIAN_POINT('',(-64.9769997053581,-37.607585235376,-32.7282680032961));
#889=CARTESIAN_POINT('',(-69.8265008183377,-33.0359729359846,-28.1073810846233));
#890=CARTESIAN_POINT('',(-69.8410133838447,-33.867397257046,-28.1309717692708));
#891=CARTESIAN_POINT('',(-69.5114298411031,-35.1641765690714,-28.167595007036));
#892=CARTESIAN_POINT('',(-68.5229941963527,-36.5480204456294,-28.2153696943113));
#893=CARTESIAN_POINT('',(-67.2008811424124,-37.6175391952668,-28.2631645817287));
#894=CARTESIAN_POINT('',(-65.513622241038,-38.1535959703182,-28.3115894193048));
#895=CARTESIAN_POINT('',(-63.8202882154572,-37.9948041026893,-28.3594168832163));
#896=CARTESIAN_POINT('',(-62.6147610128161,-37.5612230074915,-28.3953438048134));
#897=CARTESIAN_POINT('',(-61.5527320968414,-36.8411263698353,-28.4313714285937));
#898=CARTESIAN_POINT('',(-60.4497766941489,-35.5462357915015,-28.4791926758797));
#899=CARTESIAN_POINT('',(-59.8752090104949,-33.8729844203092,-28.5275775428161));
#900=CARTESIAN_POINT('',(-59.9906320761818,-32.1764527680944,-28.5753607074693));
#901=CARTESIAN_POINT('',(-60.3951204879609,-30.9604754074377,-28.611319847276));
#902=CARTESIAN_POINT('',(-61.0934232072153,-29.8863055701896,-28.6473329768613));
#903=CARTESIAN_POINT('',(-62.0418492921491,-29.0256484467799,-28.6833698101));
#904=CARTESIAN_POINT('',(-63.1820987937551,-28.4387338520759,-28.7192892407613));
#905=CARTESIAN_POINT('',(-64.8386163116279,-28.0575209525349,-28.7669985691003));
#906=CARTESIAN_POINT('',(-67.0041738219129,-28.4346181583188,-28.8272214272454));
#907=CARTESIAN_POINT('',(-69.0423476301776,-30.0809698974483,-28.8991696972771));
#908=CARTESIAN_POINT('',(-70.0057457913324,-32.5281954036109,-28.9709447675118));
#909=CARTESIAN_POINT('',(-69.6833067833252,-34.6972824886288,-29.0311288755095));
#910=CARTESIAN_POINT('',(-68.8298289622057,-36.163940169725,-29.0787749476779));
#911=CARTESIAN_POINT('',(-67.9262922233595,-37.0697916786541,-29.1147724975566));
#912=CARTESIAN_POINT('',(-66.816804303922,-37.7100082785652,-29.1506586217709));
#913=CARTESIAN_POINT('',(-65.1829976573564,-38.1691154472278,-29.198281023256));
#914=CARTESIAN_POINT('',(-63.0069458147814,-37.9016825474114,-29.2584269700893));
#915=CARTESIAN_POINT('',(-61.2351789858404,-36.6125898237312,-29.3185057592791));
#916=CARTESIAN_POINT('',(-60.3530173510049,-35.1645615474337,-29.3660722652063));
#917=CARTESIAN_POINT('',(-59.9774923009364,-33.9412561443548,-29.4019307167675));
#918=CARTESIAN_POINT('',(-59.9346777831886,-32.6640016873114,-29.4379066582544));
#919=CARTESIAN_POINT('',(-60.3114792171003,-31.012080482827,-29.4854949245088));
#920=CARTESIAN_POINT('',(-61.5531499015979,-29.2118580594526,-29.5454869319306));
#921=CARTESIAN_POINT('',(-63.918349126857,-28.0792956435841,-29.617047423319));
#922=CARTESIAN_POINT('',(-66.523673442548,-28.2660403803994,-29.6888149983893));
#923=CARTESIAN_POINT('',(-68.3552014989201,-29.4635751799074,-29.748741543972));
#924=CARTESIAN_POINT('',(-69.3033859896737,-30.8651002582891,-29.7962170134413));
#925=CARTESIAN_POINT('',(-69.7360731875544,-32.0657449814666,-29.8319680594685));
#926=CARTESIAN_POINT('',(-69.8423040431448,-33.3356540110575,-29.8678441934817));
#927=CARTESIAN_POINT('',(-69.5486164427066,-34.9998098048185,-29.9153627723254));
#928=CARTESIAN_POINT('',(-68.6239933927091,-36.4947926776752,-29.9634726333112));
#929=CARTESIAN_POINT('',(-67.2490116180262,-37.4763336352316,-30.0108980134908));
#930=CARTESIAN_POINT('',(-66.0617570093209,-37.934445191313,-30.0465758395209));
#931=CARTESIAN_POINT('',(-64.7951028938544,-38.0809465206458,-30.0824415112068));
#932=CARTESIAN_POINT('',(-63.127093066449,-37.8195902907009,-30.1298654758466));
#933=CARTESIAN_POINT('',(-61.6118118440526,-36.9368084542242,-30.1778906999372));
#934=CARTESIAN_POINT('',(-60.5991078885723,-35.5873076288027,-30.2252806021592));
#935=CARTESIAN_POINT('',(-60.113497279596,-34.4131355379049,-30.2608944046698));
#936=CARTESIAN_POINT('',(-59.9351714653055,-33.1532171293681,-30.2966742643918));
#937=CARTESIAN_POINT('',(-60.1553174864381,-31.4814472691332,-30.3440646106769));
#938=CARTESIAN_POINT('',(-60.9994188868607,-29.9479794338859,-30.3919684840441));
#939=CARTESIAN_POINT('',(-62.3213943190764,-28.9048842710786,-30.4392839959127));
#940=CARTESIAN_POINT('',(-63.481072297414,-28.3917349003539,-30.4748363785154));
#941=CARTESIAN_POINT('',(-64.7338896083318,-28.1822007875261,-30.5105356702793));
#942=CARTESIAN_POINT('',(-66.4077073637496,-28.3599872789367,-30.557865216936));
#943=CARTESIAN_POINT('',(-67.9586181741531,-29.165457344336,-30.6056579168036));
#944=CARTESIAN_POINT('',(-69.0316887421324,-30.4594184238426,-30.6529065755798));
#945=CARTESIAN_POINT('',(-69.5719288373725,-31.6040241945681,-30.6883992220874));
#946=CARTESIAN_POINT('',(-69.8115349210548,-32.8484773725555,-30.7239964736372));
#947=CARTESIAN_POINT('',(-69.6765948822005,-34.5239243576993,-30.7712755823311));
#948=CARTESIAN_POINT('',(-68.9090833260533,-36.0890181440728,-30.8189431403364));
#949=CARTESIAN_POINT('',(-67.645197601093,-37.1928479208026,-30.8660706322038));
#950=CARTESIAN_POINT('',(-66.5156678954115,-37.759627471001,-30.9015289106374));
#951=CARTESIAN_POINT('',(-65.279936521331,-38.0223215941552,-30.9370537616562));
#952=CARTESIAN_POINT('',(-64.0190290773472,-37.9609012870884,-30.9725936855296));
#953=CARTESIAN_POINT('',(-62.8159357233937,-37.5740562602341,-31.0079952910324));
#954=CARTESIAN_POINT('',(-61.3966384477273,-36.6841986741955,-31.0549952676472));
#955=CARTESIAN_POINT('',(-60.1510808079064,-34.9166457346374,-31.1142107661625));
#956=CARTESIAN_POINT('',(-59.8772845336386,-32.3515968389453,-31.1850886368561));
#957=CARTESIAN_POINT('',(-60.9125190438597,-29.9813270463713,-31.2556696773963));
#958=CARTESIAN_POINT('',(-62.6416252105373,-28.6977244230169,-31.3147443781075));
#959=CARTESIAN_POINT('',(-64.2553646440093,-28.2700796826191,-31.3616331468244));
#960=CARTESIAN_POINT('',(-65.5121819004455,-28.2684747172418,-31.3970136195474));
#961=CARTESIAN_POINT('',(-66.7270126499577,-28.5956224807308,-31.4322685139574));
#962=CARTESIAN_POINT('',(-68.1802444779852,-29.4130426244324,-31.4790431283339));
#963=CARTESIAN_POINT('',(-69.5044206997365,-31.10597750004,-31.5379754589647));
#964=CARTESIAN_POINT('',(-69.8404634303524,-33.2278054260764,-31.5969104229305));
#965=CARTESIAN_POINT('',(-69.4462125353168,-34.8448106170121,-31.6436147827607));
#966=CARTESIAN_POINT('',(-68.8575199499879,-35.9522941942159,-31.6787521333649));
#967=CARTESIAN_POINT('',(-68.0026725276881,-36.8664362132867,-31.7139656681991));
#968=CARTESIAN_POINT('',(-66.5963806005992,-37.7516516929377,-31.7606231127336));
#969=CARTESIAN_POINT('',(-64.4913147627924,-38.1398372951339,-31.819370347862));
#970=CARTESIAN_POINT('',(-62.071762951413,-37.2832869242726,-31.8894168390531));
#971=CARTESIAN_POINT('',(-60.3982932580419,-35.352931522333,-31.9595720563613));
#972=CARTESIAN_POINT('',(-59.958437799088,-33.2604499446697,-32.018153158282));
#973=CARTESIAN_POINT('',(-60.2734495889774,-31.6347766280219,-32.0646301738958));
#974=CARTESIAN_POINT('',(-60.8052985444389,-30.5067217113322,-32.099561204732));
#975=CARTESIAN_POINT('',(-61.6088210375867,-29.5568687858292,-32.1345685967508));
#976=CARTESIAN_POINT('',(-62.9620819772181,-28.6085897082183,-32.1810168152912));
#977=CARTESIAN_POINT('',(-64.6281350431047,-28.2141495812714,-32.2278941858619));
#978=CARTESIAN_POINT('',(-66.2559722452629,-28.4872124868429,-32.2742500701457));
#979=CARTESIAN_POINT('',(-67.3911166925568,-28.9916405225115,-32.3090707940379));
#980=CARTESIAN_POINT('',(-68.3646553620094,-29.764105381288,-32.3440105244708));
#981=CARTESIAN_POINT('',(-69.3365330714122,-31.0953154545624,-32.3902889460168));
#982=CARTESIAN_POINT('',(-69.7730855212616,-32.744051737831,-32.4370107684728));
#983=CARTESIAN_POINT('',(-69.5396404517818,-34.3733578680615,-32.4832616367009));
#984=CARTESIAN_POINT('',(-69.0640522793615,-35.5169512097993,-32.5179758047523));
#985=CARTESIAN_POINT('',(-68.3195458967768,-36.5064732823028,-32.5527894868399));
#986=CARTESIAN_POINT('',(-67.0162266843582,-37.5084268080029,-32.5990028997882));
#987=CARTESIAN_POINT('',(-65.7866571683951,-37.8658228118251,-32.6340521703673));
#988=CARTESIAN_POINT('',(-64.9797331331287,-37.8799077232528,-32.6568869280182));
#989=CARTESIAN_POINT('',(-69.7292395280444,-33.0451625121731,-27.8433393075528));
#990=CARTESIAN_POINT('',(-69.7435245448503,-33.8635505768758,-27.8665601037991));
#991=CARTESIAN_POINT('',(-69.421477552388,-35.1306765803503,-27.9023458820525));
#992=CARTESIAN_POINT('',(-68.4504859271798,-36.490098229974,-27.9492774364614));
#993=CARTESIAN_POINT('',(-67.1511996998409,-37.5411512977453,-27.9962471254555));
#994=CARTESIAN_POINT('',(-65.496669780991,-38.0668097914136,-28.0437326313965));
#995=CARTESIAN_POINT('',(-63.8312636749297,-37.9106368556861,-28.0907712836837));
#996=CARTESIAN_POINT('',(-62.6454275690317,-37.4841378796416,-28.1261113744841));
#997=CARTESIAN_POINT('',(-61.6008942254184,-36.7759039160066,-28.1615454890959));
#998=CARTESIAN_POINT('',(-60.5145518072386,-35.5005172968275,-28.2086464410384));
#999=CARTESIAN_POINT('',(-59.9496459293177,-33.8554029583136,-28.2562176785313));
#1000=CARTESIAN_POINT('',(-60.063431000322,-32.1829471683068,-28.303322741549));
#1001=CARTESIAN_POINT('',(-60.4621859722586,-30.9842057354148,-28.3387721768527));
#1002=CARTESIAN_POINT('',(-61.1507859514507,-29.9249612169806,-28.3742849130906));
#1003=CARTESIAN_POINT('',(-62.086233286334,-29.0760817680376,-28.4098285997798));
#1004=CARTESIAN_POINT('',(-63.2116004094166,-28.4968275013118,-28.4452792150085));
#1005=CARTESIAN_POINT('',(-64.8480744556537,-28.1202271880288,-28.4924112717165));
#1006=CARTESIAN_POINT('',(-66.9864393539257,-28.492589235333,-28.551877919598));
#1007=CARTESIAN_POINT('',(-69.001746799521,-30.1204704810259,-28.6230189987859));
#1008=CARTESIAN_POINT('',(-69.9549856058531,-32.5418891782795,-28.694037176974));
#1009=CARTESIAN_POINT('',(-69.635821842607,-34.6889432867182,-28.7536099517287));
#1010=CARTESIAN_POINT('',(-68.7896773955255,-36.1429989422022,-28.8008466325105));
#1011=CARTESIAN_POINT('',(-67.8941224795862,-37.0408481795985,-28.836526180856));
#1012=CARTESIAN_POINT('',(-66.793835991408,-37.6757552047661,-28.8721146869535));
#1013=CARTESIAN_POINT('',(-65.1722193027139,-38.1314369393016,-28.9193817740145));
#1014=CARTESIAN_POINT('',(-63.0125055920764,-37.8660119668314,-28.9790761358278));
#1015=CARTESIAN_POINT('',(-61.2527395769542,-36.5856507316966,-29.0387479897755));
#1016=CARTESIAN_POINT('',(-60.3755365429049,-35.1457617734852,-29.0860471259776));
#1017=CARTESIAN_POINT('',(-60.0020508836615,-33.9290998628043,-29.121710838474));
#1018=CARTESIAN_POINT('',(-59.9594555878094,-32.6583852935868,-29.1575025734227));
#1019=CARTESIAN_POINT('',(-60.3346315169091,-31.0135904045177,-29.2048855459897));
#1020=CARTESIAN_POINT('',(-61.5712059443623,-29.220756732703,-29.2646313249273));
#1021=CARTESIAN_POINT('',(-63.9288303074251,-28.0918214972162,-29.3359626344121));
#1022=CARTESIAN_POINT('',(-66.5280084722937,-28.2781256895239,-29.4075609045181));
#1023=CARTESIAN_POINT('',(-68.3564529502103,-29.4736443077922,-29.4673865571856));
#1024=CARTESIAN_POINT('',(-69.3037381852102,-30.8738401833626,-29.5148170010406));
#1025=CARTESIAN_POINT('',(-69.7362055630039,-32.0738749374244,-29.5505498842978));
#1026=CARTESIAN_POINT('',(-69.8424254126325,-33.3436523991183,-29.5864223013933));
#1027=CARTESIAN_POINT('',(-69.5486458458001,-35.0083293126255,-29.633955760376));
#1028=CARTESIAN_POINT('',(-68.6230806969741,-36.5048354241827,-29.6821146405202));
#1029=CARTESIAN_POINT('',(-67.2461398051296,-37.4877749120834,-29.7296075938691));
#1030=CARTESIAN_POINT('',(-66.056596046876,-37.9467697545753,-29.7653542104338));
#1031=CARTESIAN_POINT('',(-64.7868708229432,-38.0936262885905,-29.8013068414298));
#1032=CARTESIAN_POINT('',(-63.1144170090922,-37.831573741679,-29.848857155119));
#1033=CARTESIAN_POINT('',(-61.59345373935,-36.9454816231789,-29.897062465647));
#1034=CARTESIAN_POINT('',(-60.5768878861579,-35.590834541419,-29.9446330869765));
#1035=CARTESIAN_POINT('',(-60.0891622481468,-34.4115484599737,-29.9804020018857));
#1036=CARTESIAN_POINT('',(-59.9099526270551,-33.1453857257749,-30.0163591914211));
#1037=CARTESIAN_POINT('',(-60.1312048126715,-31.465215748041,-30.0639876592841));
#1038=CARTESIAN_POINT('',(-60.9807780592344,-29.9218072823775,-30.112202067173));
#1039=CARTESIAN_POINT('',(-62.3109549440627,-28.8722408226461,-30.1598111215077));
#1040=CARTESIAN_POINT('',(-63.4784947038365,-28.3556126687832,-30.1956045236578));
#1041=CARTESIAN_POINT('',(-64.7406790623263,-28.1445119141268,-30.2315707314049));
#1042=CARTESIAN_POINT('',(-66.4268697310012,-28.3236126088486,-30.2792501395524));
#1043=CARTESIAN_POINT('',(-67.9920777128372,-29.136507952047,-30.3274834195092));
#1044=CARTESIAN_POINT('',(-69.0743638843006,-30.4415816578694,-30.3751378530009));
#1045=CARTESIAN_POINT('',(-69.6195764229902,-31.5967225360723,-30.4109571786631));
#1046=CARTESIAN_POINT('',(-69.8615743662206,-32.8535984254126,-30.446909778561));
#1047=CARTESIAN_POINT('',(-69.7253162569742,-34.5454108798671,-30.4946507012121));
#1048=CARTESIAN_POINT('',(-68.9486369018801,-36.1291994533765,-30.5428876403356));
#1049=CARTESIAN_POINT('',(-67.6709132174518,-37.2451147781968,-30.5905311189805));
#1050=CARTESIAN_POINT('',(-66.528080406767,-37.8185696091179,-30.6264070094511));
#1051=CARTESIAN_POINT('',(-65.2771275170313,-38.0844995509881,-30.6623694491621));
#1052=CARTESIAN_POINT('',(-63.9999705626467,-38.0222877108685,-30.6983673815637));
#1053=CARTESIAN_POINT('',(-62.7811853735833,-37.6303971001826,-30.7342307269259));
#1054=CARTESIAN_POINT('',(-61.3435225654602,-36.7290248662557,-30.7818388774666));
#1055=CARTESIAN_POINT('',(-60.0795466306804,-34.9353347891171,-30.8419300066897));
#1056=CARTESIAN_POINT('',(-59.8016835665265,-32.3321863431875,-30.913860650685));
#1057=CARTESIAN_POINT('',(-60.8532881620638,-29.9244356529581,-30.9855577839018));
#1058=CARTESIAN_POINT('',(-62.6120622916977,-28.6188090059699,-31.045646086939));
#1059=CARTESIAN_POINT('',(-64.2518057923286,-28.1842731266938,-31.0932904291179));
#1060=CARTESIAN_POINT('',(-65.5311319959845,-28.1826394172164,-31.1293045478138));
#1061=CARTESIAN_POINT('',(-66.7678152421788,-28.5156719473029,-31.1651936107806));
#1062=CARTESIAN_POINT('',(-68.2465352584776,-29.3474287977278,-31.212788603678));
#1063=CARTESIAN_POINT('',(-69.5969476093939,-31.0739060805578,-31.2728885706195));
#1064=CARTESIAN_POINT('',(-69.9398999876177,-33.2393626344975,-31.3330353442622));
#1065=CARTESIAN_POINT('',(-69.5380053081244,-34.8877185193753,-31.3806452139195));
#1066=CARTESIAN_POINT('',(-68.9370675080961,-36.0182385242781,-31.4165134458237));
#1067=CARTESIAN_POINT('',(-68.0637977985618,-36.9520806517065,-31.452485845733));
#1068=CARTESIAN_POINT('',(-66.6289203075945,-37.8552898232449,-31.5000916917589));
#1069=CARTESIAN_POINT('',(-64.4750389202169,-38.2524772785738,-31.5602012493939));
#1070=CARTESIAN_POINT('',(-61.9996233899231,-37.3761504809674,-31.6318650060126));
#1071=CARTESIAN_POINT('',(-60.2866634711235,-35.4002429126026,-31.7036757330426));
#1072=CARTESIAN_POINT('',(-59.835553775625,-33.2542226504446,-31.763755703659));
#1073=CARTESIAN_POINT('',(-60.1581240561726,-31.5895424236698,-31.8113479032107));
#1074=CARTESIAN_POINT('',(-60.7035053592199,-30.4327853142397,-31.8471677180634));
#1075=CARTESIAN_POINT('',(-61.5281638845946,-29.4579472486622,-31.8830959522144));
#1076=CARTESIAN_POINT('',(-62.9149084619713,-28.4862049702847,-31.9306934356733));
#1077=CARTESIAN_POINT('',(-64.6307338340644,-28.0799811881948,-31.9789712387333));
#1078=CARTESIAN_POINT('',(-66.3014794690685,-28.3602418045268,-32.0265490255176));
#1079=CARTESIAN_POINT('',(-67.4677776178175,-28.8785137174801,-32.0623253938118));
#1080=CARTESIAN_POINT('',(-68.4693318208582,-29.6732078064616,-32.0982705852728));
#1081=CARTESIAN_POINT('',(-69.4675622254213,-31.0405139573761,-32.145803857222));
#1082=CARTESIAN_POINT('',(-69.9182082627619,-32.7424777716461,-32.1940340393099));
#1083=CARTESIAN_POINT('',(-69.678070833198,-34.4184925487328,-32.2416108188758));
#1084=CARTESIAN_POINT('',(-69.1884096263062,-35.595925732277,-32.2773522069297));
#1085=CARTESIAN_POINT('',(-68.4207614500317,-36.6162055204818,-32.31324801681));
#1086=CARTESIAN_POINT('',(-67.0792082984301,-37.6475521755095,-32.3608171381705));
#1087=CARTESIAN_POINT('',(-65.8030304685603,-38.0184957054528,-32.3971949935789));
#1088=CARTESIAN_POINT('',(-64.9757178795995,-38.032936500409,-32.4206067171671));
#1089=CARTESIAN_POINT('',(-69.5427550223277,-33.0518296107,-27.723087636044));
#1090=CARTESIAN_POINT('',(-69.5566041860503,-33.8452476689877,-27.7455999378044));
#1091=CARTESIAN_POINT('',(-69.2492529094946,-35.0545519129027,-27.7797527319187));
#1092=CARTESIAN_POINT('',(-68.3129497193902,-36.3654085610914,-27.8250076681806));
#1093=CARTESIAN_POINT('',(-67.0598948231132,-37.379062954639,-27.8703060770548));
#1094=CARTESIAN_POINT('',(-65.473289464191,-37.8831412269719,-27.9158421277111));
#1095=CARTESIAN_POINT('',(-63.8672175065803,-37.7325323324226,-27.9612049134529));
#1096=CARTESIAN_POINT('',(-62.7240611839683,-37.3213836090637,-27.9952730684359));
#1097=CARTESIAN_POINT('',(-61.7181910146782,-36.639364771413,-28.0293955970092));
#1098=CARTESIAN_POINT('',(-60.6693012224242,-35.4079482459718,-28.0748727015309));
#1099=CARTESIAN_POINT('',(-60.1268115096068,-33.828114082559,-28.1205562533836));
#1100=CARTESIAN_POINT('',(-60.2366870703487,-32.2131217455068,-28.1660428463713));
#1101=CARTESIAN_POINT('',(-60.6214203815378,-31.0565323781159,-28.2002457518748));
#1102=CARTESIAN_POINT('',(-61.2857469089096,-30.0346266943625,-28.2345066485568));
#1103=CARTESIAN_POINT('',(-62.1879948774701,-29.2158742859682,-28.2687888768711));
#1104=CARTESIAN_POINT('',(-63.2743749961641,-28.6566875937927,-28.3030113477342));
#1105=CARTESIAN_POINT('',(-64.8567795811519,-28.2925302374221,-28.3485861509559));
#1106=CARTESIAN_POINT('',(-66.9188348439224,-28.6516041821544,-28.4059306735499));
#1107=CARTESIAN_POINT('',(-68.8665688310433,-30.2249024082701,-28.4746863852988));
#1108=CARTESIAN_POINT('',(-69.787901043419,-32.56527192597,-28.543327459072));
#1109=CARTESIAN_POINT('',(-69.4796732125555,-34.6387586647522,-28.6008590126369));
#1110=CARTESIAN_POINT('',(-68.6594125886674,-36.048334303107,-28.6466507085845));
#1111=CARTESIAN_POINT('',(-67.7932336365002,-36.9167323184719,-28.6811598975238));
#1112=CARTESIAN_POINT('',(-66.7281924679932,-37.5313014577308,-28.7156084020968));
#1113=CARTESIAN_POINT('',(-65.1557132507744,-37.9731753371864,-28.7614432239631));
#1114=CARTESIAN_POINT('',(-63.0666260586932,-37.7164302381879,-28.8191854728961));
#1115=CARTESIAN_POINT('',(-61.3635601679364,-36.4773225791769,-28.8769346839976));
#1116=CARTESIAN_POINT('',(-60.5119182996235,-35.0793911141276,-28.9228555519851));
#1117=CARTESIAN_POINT('',(-60.1497755863966,-33.8996798333614,-28.9574361397199));
#1118=CARTESIAN_POINT('',(-60.1084864958961,-32.6679323410805,-28.9921303038033));
#1119=CARTESIAN_POINT('',(-60.4731316231747,-31.0693051500687,-29.0381832851445));
#1120=CARTESIAN_POINT('',(-61.6718850133664,-29.3313058882175,-29.0961017197014));
#1121=CARTESIAN_POINT('',(-63.9609538818067,-28.2351980677669,-29.1653588424411));
#1122=CARTESIAN_POINT('',(-66.4865886319485,-28.4162308067108,-29.2349312486246));
#1123=CARTESIAN_POINT('',(-68.2617303401231,-29.5768976947781,-29.2930128652947));
#1124=CARTESIAN_POINT('',(-69.1840826577415,-30.9402398680065,-29.3391949213418));
#1125=CARTESIAN_POINT('',(-69.6047918780867,-32.1076474268016,-29.3739562796031));
#1126=CARTESIAN_POINT('',(-69.7080955964443,-33.3425647585265,-29.4088438649781));
#1127=CARTESIAN_POINT('',(-69.4217119548144,-34.9653332912999,-29.4551806651495));
#1128=CARTESIAN_POINT('',(-68.5231118204262,-36.4182408415288,-29.5019365053239));
#1129=CARTESIAN_POINT('',(-67.1804760276115,-37.3766913795607,-29.548246219452));
#1130=CARTESIAN_POINT('',(-66.0210340881347,-37.8240711978282,-29.5830882554444));
#1131=CARTESIAN_POINT('',(-64.7842207806256,-37.967121136619,-29.6181089761622));
#1132=CARTESIAN_POINT('',(-63.1516347309611,-37.711315368577,-29.6645257908708));
#1133=CARTESIAN_POINT('',(-61.6720149091788,-36.8493093697865,-29.7114207648596));
#1134=CARTESIAN_POINT('',(-60.6792732286755,-35.5264097108884,-29.7578765241328));
#1135=CARTESIAN_POINT('',(-60.2030627400467,-34.3749664458423,-29.7928009388429));
#1136=CARTESIAN_POINT('',(-60.028193038229,-33.1394663737295,-29.8278873531433));
#1137=CARTESIAN_POINT('',(-60.2445111427459,-31.4967653814787,-29.8744536722984));
#1138=CARTESIAN_POINT('',(-61.0725419831563,-29.9924927197745,-29.9214455200828));
#1139=CARTESIAN_POINT('',(-62.3736864270539,-28.9658340977845,-29.9680154591889));
#1140=CARTESIAN_POINT('',(-63.515624668961,-28.4605344359929,-30.0030239926294));
#1141=CARTESIAN_POINT('',(-64.7494537345257,-28.2541761135293,-30.0381822103636));
#1142=CARTESIAN_POINT('',(-66.4007020762513,-28.4295653685261,-30.0848735751663));
#1143=CARTESIAN_POINT('',(-67.9291322260726,-29.2233600371018,-30.1319735134278));
#1144=CARTESIAN_POINT('',(-68.9895895022541,-30.5021113912112,-30.1786667929605));
#1145=CARTESIAN_POINT('',(-69.5237674994452,-31.6338734051131,-30.2137611722808));
#1146=CARTESIAN_POINT('',(-69.7607623290197,-32.8647643920952,-30.2489704809709));
#1147=CARTESIAN_POINT('',(-69.6271079355972,-34.5242485037954,-30.295799136481));
#1148=CARTESIAN_POINT('',(-68.8671974128521,-36.0738424191216,-30.3429946198997));
#1149=CARTESIAN_POINT('',(-67.6130526975302,-37.1691647680975,-30.3897588911504));
#1150=CARTESIAN_POINT('',(-66.4916338378563,-37.7318744282977,-30.424962553318));
#1151=CARTESIAN_POINT('',(-65.2639903162021,-37.9928492204177,-30.4602548944576));
#1152=CARTESIAN_POINT('',(-64.0105886842431,-37.9317945304163,-30.4955832595926));
#1153=CARTESIAN_POINT('',(-62.8136842547207,-37.5469395026172,-30.530802752992));
#1154=CARTESIAN_POINT('',(-61.4002525251576,-36.6607594412141,-30.5776084922653));
#1155=CARTESIAN_POINT('',(-60.1589369108763,-34.8992262991124,-30.6366223191365));
#1156=CARTESIAN_POINT('',(-59.8856763629295,-32.3391963329577,-30.707361505909));
#1157=CARTESIAN_POINT('',(-60.9203303984587,-29.9702555934765,-30.7779029703847));
#1158=CARTESIAN_POINT('',(-62.6507954459265,-28.6856442044484,-30.8370240970919));
#1159=CARTESIAN_POINT('',(-64.2673442816164,-28.2572549658639,-30.8839944957225));
#1160=CARTESIAN_POINT('',(-65.5275180002152,-28.2556457142583,-30.9194694557048));
#1161=CARTESIAN_POINT('',(-66.746380703577,-28.5838792624831,-30.9548413590952));
#1162=CARTESIAN_POINT('',(-68.2053535122592,-29.4045286178915,-31.0018007562098));
#1163=CARTESIAN_POINT('',(-69.5367212833295,-31.1066577566582,-31.0610531460254));
#1164=CARTESIAN_POINT('',(-69.875018655498,-33.2427218526032,-31.120383527617));
#1165=CARTESIAN_POINT('',(-69.4779473994448,-34.8712946479839,-31.16742199742));
#1166=CARTESIAN_POINT('',(-68.8843442193981,-35.9880163286389,-31.2028524471604));
#1167=CARTESIAN_POINT('',(-68.0216373492582,-36.9105629487297,-31.2383897344363));
#1168=CARTESIAN_POINT('',(-66.6023704236747,-37.8039457720841,-31.2854776587744));
#1169=CARTESIAN_POINT('',(-64.4733447032104,-38.1965497070996,-31.3448935555831));
#1170=CARTESIAN_POINT('',(-62.0240464678864,-37.3294687452662,-31.4158012114796));
#1171=CARTESIAN_POINT('',(-60.3278776320097,-35.3729297724327,-31.4869080225223));
#1172=CARTESIAN_POINT('',(-59.8811410137584,-33.2477131251694,-31.5464055752587));
#1173=CARTESIAN_POINT('',(-60.2009887553998,-31.5970830355497,-31.593596089898));
#1174=CARTESIAN_POINT('',(-60.7417837323847,-30.450053552001,-31.6291146818273));
#1175=CARTESIAN_POINT('',(-61.559647291901,-29.4832478915576,-31.6647468769308));
#1176=CARTESIAN_POINT('',(-62.936230353025,-28.5186261565853,-31.7119955848404));
#1177=CARTESIAN_POINT('',(-64.6381199817309,-28.1157016790033,-31.7598812809379));
#1178=CARTESIAN_POINT('',(-66.2977746670933,-28.3941018347618,-31.8071432309927));
#1179=CARTESIAN_POINT('',(-67.45656223814,-28.9090362465133,-31.8426892112045));
#1180=CARTESIAN_POINT('',(-68.4517861959118,-29.698707533452,-31.8784072138848));
#1181=CARTESIAN_POINT('',(-69.4444616597866,-31.0584049153525,-31.9256759732473));
#1182=CARTESIAN_POINT('',(-69.8924240659391,-32.7502334065651,-31.9736189409582));
#1183=CARTESIAN_POINT('',(-69.6534403107333,-34.4181962307529,-32.0209671509474));
#1184=CARTESIAN_POINT('',(-69.1659947557649,-35.5903016855305,-32.0565468139676));
#1185=CARTESIAN_POINT('',(-68.4016842965062,-36.6061453201493,-32.0922865496734));
#1186=CARTESIAN_POINT('',(-67.0651530565071,-37.6336312770549,-32.1396776028581));
#1187=CARTESIAN_POINT('',(-65.7944008498679,-38.0029977541876,-32.1759007991486));
#1188=CARTESIAN_POINT('',(-64.9691827477755,-38.0174019897396,-32.1992532518539));
#1189=CARTESIAN_POINT('',(-69.3929801523939,-33.0553816104371,-27.6900406359135));
#1190=CARTESIAN_POINT('',(-69.4064793333027,-33.8287491667503,-27.7119840283251));
#1191=CARTESIAN_POINT('',(-69.1109713094484,-34.9914549520091,-27.7448208032718));
#1192=CARTESIAN_POINT('',(-68.2027325323927,-36.2630204573166,-27.7887192844482));
#1193=CARTESIAN_POINT('',(-66.9872138666614,-37.2463100479151,-27.8326607443779));
#1194=CARTESIAN_POINT('',(-65.4560132232926,-37.7327857619695,-27.8766066630459));
#1195=CARTESIAN_POINT('',(-63.8985478111207,-37.5867349309875,-27.9205965786023));
#1196=CARTESIAN_POINT('',(-62.7904803106916,-37.1882062878043,-27.9536190223306));
#1197=CARTESIAN_POINT('',(-61.8165047920004,-36.5278132555436,-27.9866595761525));
#1198=CARTESIAN_POINT('',(-60.7986166797135,-35.3327932908373,-28.0307925293148));
#1199=CARTESIAN_POINT('',(-60.2747709134369,-33.8072538780715,-28.0749060574814));
#1200=CARTESIAN_POINT('',(-60.3813800033647,-32.2402733581907,-28.1190403877146));
#1201=CARTESIAN_POINT('',(-60.7543533531863,-31.1190369115971,-28.1521978291637));
#1202=CARTESIAN_POINT('',(-61.3982514848748,-30.1285553736494,-28.1854051849663));
#1203=CARTESIAN_POINT('',(-62.2724669392197,-29.3352413029706,-28.2186222769921));
#1204=CARTESIAN_POINT('',(-63.3258143646749,-28.7930573542622,-28.2518041724962));
#1205=CARTESIAN_POINT('',(-64.8622191036926,-28.4394859014341,-28.296054135062));
#1206=CARTESIAN_POINT('',(-66.8590079513548,-28.7871947438074,-28.3515836377177));
#1207=CARTESIAN_POINT('',(-68.7485645959117,-30.3134997406312,-28.4182856683058));
#1208=CARTESIAN_POINT('',(-69.6422256269986,-32.5835788806184,-28.4848651842927));
#1209=CARTESIAN_POINT('',(-69.3435473269259,-34.5928247447178,-28.5406142922533));
#1210=CARTESIAN_POINT('',(-68.5460212302441,-35.9633322689073,-28.5851368152978));
#1211=CARTESIAN_POINT('',(-67.7057516479958,-36.8057545371582,-28.6186137564094));
#1212=CARTESIAN_POINT('',(-66.671914969882,-37.402317502225,-28.6520529591245));
#1213=CARTESIAN_POINT('',(-65.143141101072,-37.8319099781218,-28.6966138520022));
#1214=CARTESIAN_POINT('',(-63.1172459636582,-37.5829310702105,-28.752609476206));
#1215=CARTESIAN_POINT('',(-61.4652637774542,-36.3809906223483,-28.8086264914752));
#1216=CARTESIAN_POINT('',(-60.6367936087201,-35.0210944502373,-28.8532979322128));
#1217=CARTESIAN_POINT('',(-60.2849843140922,-33.8750451763123,-28.8868917937885));
#1218=CARTESIAN_POINT('',(-60.2448901071428,-32.678943778434,-28.920581927861));
#1219=CARTESIAN_POINT('',(-60.5998571463698,-31.1227459346396,-28.9654126117543));
#1220=CARTESIAN_POINT('',(-61.7636179338388,-29.4354803084134,-29.0216403593131));
#1221=CARTESIAN_POINT('',(-63.9887334829851,-28.3699961770918,-29.0889625368246));
#1222=CARTESIAN_POINT('',(-66.4451370474751,-28.546066555125,-29.1566278659185));
#1223=CARTESIAN_POINT('',(-68.1696687393586,-29.6736423553973,-29.2130535519367));
#1224=CARTESIAN_POINT('',(-69.0681763073722,-31.0017392626626,-29.2580417045896));
#1225=CARTESIAN_POINT('',(-69.4775760812645,-32.137764734647,-29.2918686128772));
#1226=CARTESIAN_POINT('',(-69.5780612216623,-33.338988111994,-29.3258043120977));
#1227=CARTESIAN_POINT('',(-69.2988639205614,-34.9210358577491,-29.3709783642045));
#1228=CARTESIAN_POINT('',(-68.4266561598106,-36.3312707247023,-29.4163609599775));
#1229=CARTESIAN_POINT('',(-67.1178369658124,-37.2655810323728,-29.4615042840598));
#1230=CARTESIAN_POINT('',(-65.9882481010794,-37.701441806263,-29.4954492144108));
#1231=CARTESIAN_POINT('',(-64.7842540737947,-37.8406958641406,-29.5295406478709));
#1232=CARTESIAN_POINT('',(-63.1916519895237,-37.5911550822407,-29.5748206598282));
#1233=CARTESIAN_POINT('',(-61.7538349101572,-36.7535027817434,-29.6203907404292));
#1234=CARTESIAN_POINT('',(-60.7853675082491,-35.4629503441863,-29.6657105747532));
#1235=CARTESIAN_POINT('',(-60.3209681191143,-34.340065481968,-29.6997687848191));
#1236=CARTESIAN_POINT('',(-60.1505772300629,-33.1362093907066,-29.7339565558516));
#1237=CARTESIAN_POINT('',(-60.3617713581727,-31.5324194324954,-29.7794198479566));
#1238=CARTESIAN_POINT('',(-61.1672280119832,-30.0691569966249,-29.8251305807283));
#1239=CARTESIAN_POINT('',(-62.4376884807348,-29.0667093435156,-29.8706022936837));
#1240=CARTESIAN_POINT('',(-63.5523701741735,-28.5734705132273,-29.9047752199491));
#1241=CARTESIAN_POINT('',(-64.7558027332601,-28.3721960166036,-29.9390672828625));
#1242=CARTESIAN_POINT('',(-66.369331467504,-28.543578839807,-29.9846920728148));
#1243=CARTESIAN_POINT('',(-67.8576584730162,-29.3165458230944,-30.0305561969167));
#1244=CARTESIAN_POINT('',(-68.8940828780526,-30.5663171633832,-30.0761912786365));
#1245=CARTESIAN_POINT('',(-69.4160131482853,-31.6721299390143,-30.1104810078628));
#1246=CARTESIAN_POINT('',(-69.6474114621519,-32.8739540440069,-30.1448588661389));
#1247=CARTESIAN_POINT('',(-69.5166927343175,-34.4969882472828,-30.1906589488577));
#1248=CARTESIAN_POINT('',(-68.7759031813722,-36.0075910740928,-30.2366668932357));
#1249=CARTESIAN_POINT('',(-67.5489436525402,-37.0791709139629,-30.2824174892547));
#1250=CARTESIAN_POINT('',(-66.4524460220116,-37.6293755085819,-30.3168388223896));
#1251=CARTESIAN_POINT('',(-65.2521634001218,-37.8845338686496,-30.3513445913759));
#1252=CARTESIAN_POINT('',(-64.0268786448728,-37.8248487852831,-30.3858804545215));
#1253=CARTESIAN_POINT('',(-62.85610101758,-37.4483946213711,-30.4203311540925));
#1254=CARTESIAN_POINT('',(-61.4719143367674,-36.5805503441134,-30.4661684446617));
#1255=CARTESIAN_POINT('',(-60.2583403394562,-34.8583849318189,-30.5238633974591));
#1256=CARTESIAN_POINT('',(-59.9908172008136,-32.3521056437522,-30.5931173362826));
#1257=CARTESIAN_POINT('',(-61.0039015366133,-30.0325508233058,-30.6621882046412));
#1258=CARTESIAN_POINT('',(-62.697608325882,-28.7752269412935,-30.7200534899527));
#1259=CARTESIAN_POINT('',(-64.2835045552612,-28.3549607153815,-30.7661332472951));
#1260=CARTESIAN_POINT('',(-65.5180404130437,-28.3533842035229,-30.8008864797306));
#1261=CARTESIAN_POINT('',(-66.7127613864622,-28.6751165062361,-30.8355577800613));
#1262=CARTESIAN_POINT('',(-68.1445806231814,-29.4804924026767,-30.8816431955901));
#1263=CARTESIAN_POINT('',(-69.4492387500877,-31.1484737540284,-30.9397068753572));
#1264=CARTESIAN_POINT('',(-69.7808507802669,-33.242325523874,-30.997864785851));
#1265=CARTESIAN_POINT('',(-69.390859525721,-34.8418599598416,-31.0440645335556));
#1266=CARTESIAN_POINT('',(-68.8082186262837,-35.9379587448695,-31.0788406766056));
#1267=CARTESIAN_POINT('',(-67.9615474402795,-36.8433574011359,-31.1137174096034));
#1268=CARTESIAN_POINT('',(-66.5664083564688,-37.7215525251112,-31.1600048291405));
#1269=CARTESIAN_POINT('',(-64.4768414022037,-38.1068800487937,-31.2183195283647));
#1270=CARTESIAN_POINT('',(-62.0704470881486,-37.254987589848,-31.2879851074728));
#1271=CARTESIAN_POINT('',(-60.4029897698576,-35.3315674917029,-31.3578882739181));
#1272=CARTESIAN_POINT('',(-59.9640367062114,-33.2433787914351,-31.4163491924685));
#1273=CARTESIAN_POINT('',(-60.2788644688685,-31.6186551794352,-31.4627990566016));
#1274=CARTESIAN_POINT('',(-60.8109506062143,-30.4900971985054,-31.4977456651833));
#1275=CARTESIAN_POINT('',(-61.6155684047126,-29.538949500298,-31.5328007768169));
#1276=CARTESIAN_POINT('',(-62.9717511640751,-28.5886229975096,-31.5793492815012));
#1277=CARTESIAN_POINT('',(-64.6444477230547,-28.1926100153442,-31.6264135785835));
#1278=CARTESIAN_POINT('',(-66.2798284241294,-28.4669383114164,-31.6729842789203));
#1279=CARTESIAN_POINT('',(-67.4215163783237,-28.974274107714,-31.7080057258549));
#1280=CARTESIAN_POINT('',(-68.4017733007535,-29.7520696374748,-31.743186570437));
#1281=CARTESIAN_POINT('',(-69.3807567721016,-31.0930126861929,-31.7898033508563));
#1282=CARTESIAN_POINT('',(-69.8216745352637,-32.7582355347042,-31.8369923689348));
#1283=CARTESIAN_POINT('',(-69.5859191795396,-34.403666072911,-31.8837009583086));
#1284=CARTESIAN_POINT('',(-69.105058900194,-35.5599366566963,-31.9187999483896));
#1285=CARTESIAN_POINT('',(-68.3512814599084,-36.5617808750471,-31.9540471521541));
#1286=CARTESIAN_POINT('',(-67.0316758094973,-37.5762549358641,-32.0008380536234));
#1287=CARTESIAN_POINT('',(-65.7808826270825,-37.9398199715937,-32.0364923115729));
#1288=CARTESIAN_POINT('',(-64.9641255677494,-37.954076519095,-32.0596053292727));
#1289=CARTESIAN_POINT('',(-69.2421516697212,-33.0572195486251,-27.718051765511));
#1290=CARTESIAN_POINT('',(-69.2552984754774,-33.8103995459611,-27.7394223597429));
#1291=CARTESIAN_POINT('',(-68.9717559925503,-34.9260257173455,-27.7709295268859));
#1292=CARTESIAN_POINT('',(-68.0919762626768,-36.157747578421,-27.8134524788749));
#1293=CARTESIAN_POINT('',(-66.914649143356,-37.1101422505841,-27.8560132999436));
#1294=CARTESIAN_POINT('',(-65.440064089609,-37.5786307011751,-27.8983343341736));
#1295=CARTESIAN_POINT('',(-63.9324659134015,-37.4372561546193,-27.9409157719031));
#1296=CARTESIAN_POINT('',(-62.8605160534161,-37.0517176173957,-27.9728618437058));
#1297=CARTESIAN_POINT('',(-61.9194721770296,-36.4136535109669,-28.0047852444996));
#1298=CARTESIAN_POINT('',(-60.9336929367281,-35.2563299714408,-28.0475260413665));
#1299=CARTESIAN_POINT('',(-60.4292400893996,-33.7872664607222,-28.0900064741999));
#1300=CARTESIAN_POINT('',(-60.5324376457056,-32.2704299457464,-28.1327284881703));
#1301=CARTESIAN_POINT('',(-60.8930874243231,-31.1862407498288,-28.1647903604833));
#1302=CARTESIAN_POINT('',(-61.5155131975025,-30.228789241994,-28.1968903357643));
#1303=CARTESIAN_POINT('',(-62.3601787678532,-29.4622904588317,-28.2289846368224));
#1304=CARTESIAN_POINT('',(-63.3786015317309,-28.9380830964459,-28.2610663573577));
#1305=CARTESIAN_POINT('',(-64.8661996779726,-28.5957434613005,-28.3039106422082));
#1306=CARTESIAN_POINT('',(-66.793425006485,-28.9313389293711,-28.3575056250343));
#1307=CARTESIAN_POINT('',(-68.6206271298966,-30.4072765463798,-28.4220065185521));
#1308=CARTESIAN_POINT('',(-69.4844490891054,-32.6015584296099,-28.4863629646119));
#1309=CARTESIAN_POINT('',(-69.1961267950117,-34.5411381606932,-28.5401790962057));
#1310=CARTESIAN_POINT('',(-68.423372428453,-35.8690767424214,-28.5833187178882));
#1311=CARTESIAN_POINT('',(-67.6114288219575,-36.6831004666238,-28.6156671318672));
#1312=CARTESIAN_POINT('',(-66.6118111297034,-37.2599177793083,-28.6479995295821));
#1313=CARTESIAN_POINT('',(-65.1311410167123,-37.6759928789707,-28.6911582881391));
#1314=CARTESIAN_POINT('',(-63.1751225890886,-37.4356016943678,-28.7452225241334));
#1315=CARTESIAN_POINT('',(-61.5799327970123,-36.2749819557742,-28.7993137677837));
#1316=CARTESIAN_POINT('',(-60.7773463438712,-34.9575727277721,-28.8425895482902));
#1317=CARTESIAN_POINT('',(-60.4371233227409,-33.8492667441245,-28.8750770500454));
#1318=CARTESIAN_POINT('',(-60.3983730644982,-32.6932583933213,-28.9076378984789));
#1319=CARTESIAN_POINT('',(-60.7424167205079,-31.1849493491366,-28.9510890099446));
#1320=CARTESIAN_POINT('',(-61.8664850226367,-29.5552314310435,-29.0053989930712));
#1321=CARTESIAN_POINT('',(-64.0186182138185,-28.5246944935013,-29.0705130464878));
#1322=CARTESIAN_POINT('',(-66.3954974929203,-28.6950647206336,-29.1359877595854));
#1323=CARTESIAN_POINT('',(-68.0615385043475,-29.7843967031006,-29.1904996641487));
#1324=CARTESIAN_POINT('',(-68.9323485097277,-31.071553446274,-29.234101003579));
#1325=CARTESIAN_POINT('',(-69.3285592442,-32.170981231382,-29.2668381593672));
#1326=CARTESIAN_POINT('',(-69.4257463071887,-33.3327786033683,-29.2996600365588));
#1327=CARTESIAN_POINT('',(-69.1549882205629,-34.8670062585156,-29.3434686259159));
#1328=CARTESIAN_POINT('',(-68.3139268005542,-36.2268819591451,-29.3872306195167));
#1329=CARTESIAN_POINT('',(-67.0452054736751,-37.1325681063991,-29.4309909022908));
#1330=CARTESIAN_POINT('',(-65.9511561486467,-37.5547156685511,-29.4638678447768));
#1331=CARTESIAN_POINT('',(-64.7863729764837,-37.6894345953858,-29.4968490117172));
#1332=CARTESIAN_POINT('',(-63.2417192358261,-37.4474067178543,-29.540765781975));
#1333=CARTESIAN_POINT('',(-61.8542932918637,-36.6391115943594,-29.5847387692218));
#1334=CARTESIAN_POINT('',(-60.9152294290137,-35.3877414864598,-29.6286826527229));
#1335=CARTESIAN_POINT('',(-60.4651964913521,-34.2995936873396,-29.6616872532586));
#1336=CARTESIAN_POINT('',(-60.3002740765198,-33.1343737933256,-29.6947778121952));
#1337=CARTESIAN_POINT('',(-60.5051879935123,-31.5782752156255,-29.7388891771654));
#1338=CARTESIAN_POINT('',(-61.2828253298496,-30.1655517653819,-29.7830211267948));
#1339=CARTESIAN_POINT('',(-62.5152793842015,-29.193092798938,-29.8271325323589));
#1340=CARTESIAN_POINT('',(-63.5960543700228,-28.714857448928,-29.8602659767469));
#1341=CARTESIAN_POINT('',(-64.7615226725555,-28.5199324868669,-29.8934762402156));
#1342=CARTESIAN_POINT('',(-66.3277515495294,-28.6862913009504,-29.9377635603064));
#1343=CARTESIAN_POINT('',(-67.7655011370428,-29.4329907542741,-29.982069096163));
#1344=CARTESIAN_POINT('',(-68.7714520512808,-30.6460156659248,-30.0263623914138));
#1345=CARTESIAN_POINT('',(-69.277782578731,-31.7187772930611,-30.0596272501037));
#1346=CARTESIAN_POINT('',(-69.5020224437304,-32.8834222317094,-30.0929416082336));
#1347=CARTESIAN_POINT('',(-69.3750747195919,-34.4596347738473,-30.1374204397126));
#1348=CARTESIAN_POINT('',(-68.6589942139892,-35.9198514192981,-30.1818937883729));
#1349=CARTESIAN_POINT('',(-67.4673677597378,-36.9605726941451,-30.2263268925078));
#1350=CARTESIAN_POINT('',(-66.4034167298712,-37.4944459363518,-30.2597265203945));
#1351=CARTESIAN_POINT('',(-65.2390225306508,-37.7419750673473,-30.2932005676851));
#1352=CARTESIAN_POINT('',(-64.0507712613188,-37.6840939292962,-30.3266926053886));
#1353=CARTESIAN_POINT('',(-62.9145556264342,-37.3187528970771,-30.3601263015686));
#1354=CARTESIAN_POINT('',(-61.5692582759891,-36.4752910844636,-30.4046757734058));
#1355=CARTESIAN_POINT('',(-60.3928262595665,-34.8058333232657,-30.4606049460869));
#1356=CARTESIAN_POINT('',(-60.1330497588027,-32.372128086799,-30.5278535062785));
#1357=CARTESIAN_POINT('',(-61.1167375932183,-30.1198794067007,-30.5949201566214));
#1358=CARTESIAN_POINT('',(-62.7599006061351,-28.900076716371,-30.6510586199954));
#1359=CARTESIAN_POINT('',(-64.3033291536324,-28.4910645259104,-30.6959044375379));
#1360=CARTESIAN_POINT('',(-65.5021532123322,-28.489533618296,-30.7296523525122));
#1361=CARTESIAN_POINT('',(-66.663080375573,-28.8021654192119,-30.7633429423941));
#1362=CARTESIAN_POINT('',(-68.0566600180747,-29.5860321427886,-30.8081975547993));
#1363=CARTESIAN_POINT('',(-69.3234094634553,-31.2055479440202,-30.8645741124773));
#1364=CARTESIAN_POINT('',(-69.6454464488881,-33.2389413391266,-30.9210527576109));
#1365=CARTESIAN_POINT('',(-69.2656779146811,-34.7965476728075,-30.9660414855938));
#1366=CARTESIAN_POINT('',(-68.6989688984032,-35.8626744497066,-30.999866700811));
#1367=CARTESIAN_POINT('',(-67.875731794642,-36.7430135705543,-31.0337781190055));
#1368=CARTESIAN_POINT('',(-66.5160714313989,-37.5988759824948,-31.0788884383935));
#1369=CARTESIAN_POINT('',(-64.4850486630692,-37.9734076395282,-31.1355693126823));
#1370=CARTESIAN_POINT('',(-62.1430139709153,-37.1442992589183,-31.2033716683341));
#1371=CARTESIAN_POINT('',(-60.5191585197696,-35.271174125846,-31.2714469567624));
#1372=CARTESIAN_POINT('',(-60.0921643287132,-33.2398762065711,-31.3283151613433));
#1373=CARTESIAN_POINT('',(-60.3992034294473,-31.6553473436791,-31.3736158819414));
#1374=CARTESIAN_POINT('',(-60.9176714989159,-30.5556733687567,-31.4076680765282));
#1375=CARTESIAN_POINT('',(-61.7014368613651,-29.6291755684103,-31.4418147015798));
#1376=CARTESIAN_POINT('',(-63.0252687047167,-28.7015185271398,-31.4872528199573));
#1377=CARTESIAN_POINT('',(-64.6512015794205,-28.316576905149,-31.5330013374873));
#1378=CARTESIAN_POINT('',(-66.2473135991222,-28.5843180435991,-31.5784537844465));
#1379=CARTESIAN_POINT('',(-67.3611047756793,-29.0792572530319,-31.6126194935991));
#1380=CARTESIAN_POINT('',(-68.3167552916061,-29.8375285615976,-31.6469172287197));
#1381=CARTESIAN_POINT('',(-69.2730457011354,-31.1473882423215,-31.6924534214571));
#1382=CARTESIAN_POINT('',(-69.7021525471016,-32.7680045659444,-31.7383783816281));
#1383=CARTESIAN_POINT('',(-69.4718688845481,-34.3752459779239,-31.7840029020157));
#1384=CARTESIAN_POINT('',(-69.0022763608458,-35.5044222581137,-31.8182794352199));
#1385=CARTESIAN_POINT('',(-68.2666812188325,-36.4821004170591,-31.852676420952));
#1386=CARTESIAN_POINT('',(-66.9765574323451,-37.4739096869168,-31.8984219472446));
#1387=CARTESIAN_POINT('',(-65.7609144595684,-37.8272576960407,-31.9330742372756));
#1388=CARTESIAN_POINT('',(-64.9592175584706,-37.8412513675021,-31.9557610747546));
#1389=CARTESIAN_POINT('',(-69.0516260494595,-33.0573123919238,-27.8319875587449));
#1390=CARTESIAN_POINT('',(-69.0643278263555,-33.784996702937,-27.8526347429434));
#1391=CARTESIAN_POINT('',(-68.7959500938388,-34.840955651739,-27.882456806955));
#1392=CARTESIAN_POINT('',(-67.9523724118774,-36.0219934014229,-27.9232299823886));
#1393=CARTESIAN_POINT('',(-66.8237900769731,-36.9349561500262,-27.9640286610471));
#1394=CARTESIAN_POINT('',(-65.4217738709733,-37.3803888487933,-28.0042669475362));
#1395=CARTESIAN_POINT('',(-63.9783452012497,-37.2450317776,-28.0450359461903));
#1396=CARTESIAN_POINT('',(-62.9530211402765,-36.8762627209455,-28.07559248367));
#1397=CARTESIAN_POINT('',(-62.0546178030564,-36.2671105475344,-28.1060693727165));
#1398=CARTESIAN_POINT('',(-61.1105378056816,-35.1587427107119,-28.1470022000112));
#1399=CARTESIAN_POINT('',(-60.6313737949587,-33.7633251458581,-28.1873530369258));
#1400=CARTESIAN_POINT('',(-60.7301054549596,-32.3121300552543,-28.2282262466109));
#1401=CARTESIAN_POINT('',(-61.0745718564562,-31.2765914995649,-28.2588494118967));
#1402=CARTESIAN_POINT('',(-61.6687200753555,-30.3626381695854,-28.289491046549));
#1403=CARTESIAN_POINT('',(-62.4743664322458,-29.631547695566,-28.3201027556466));
#1404=CARTESIAN_POINT('',(-63.4465455779049,-29.1311430661839,-28.3507277384804));
#1405=CARTESIAN_POINT('',(-64.8693090311164,-28.8037237811429,-28.3917047206165));
#1406=CARTESIAN_POINT('',(-66.7037432513776,-29.1231611617571,-28.4427192382632));
#1407=CARTESIAN_POINT('',(-68.447350415721,-30.5315742596663,-28.5042691995965));
#1408=CARTESIAN_POINT('',(-69.2709508718326,-32.6236854182214,-28.5656290640496));
#1409=CARTESIAN_POINT('',(-68.9966577326055,-34.4688892894387,-28.6168266161581));
#1410=CARTESIAN_POINT('',(-68.257600847936,-35.7389204839762,-28.6580850493501));
#1411=CARTESIAN_POINT('',(-67.4843020576329,-36.514200387861,-28.6888938262135));
#1412=CARTESIAN_POINT('',(-66.5314917334444,-37.0640080742948,-28.7197122506844));
#1413=CARTESIAN_POINT('',(-65.1168291121021,-37.4615347657565,-28.7609470145784));
#1414=CARTESIAN_POINT('',(-63.2570760891723,-37.2329744281149,-28.8123504803652));
#1415=CARTESIAN_POINT('',(-61.7404820075939,-36.129538940214,-28.8637766243845));
#1416=CARTESIAN_POINT('',(-60.9738586135578,-34.8711614411263,-28.9051132624521));
#1417=CARTESIAN_POINT('',(-60.6497838430563,-33.8154597837172,-28.9360587864807));
#1418=CARTESIAN_POINT('',(-60.6129115271472,-32.7154747245891,-28.9670416481223));
#1419=CARTESIAN_POINT('',(-60.9416480719571,-31.2742730194291,-29.008559542732));
#1420=CARTESIAN_POINT('',(-62.0098690133899,-29.7255247757163,-29.0601712296685));
#1421=CARTESIAN_POINT('',(-64.0588159787958,-28.7443979850661,-29.122163323234));
#1422=CARTESIAN_POINT('',(-66.3226728263336,-28.906666977312,-29.1845246635385));
#1423=CARTESIAN_POINT('',(-67.9051849086265,-29.9413840173237,-29.2363035495373));
#1424=CARTESIAN_POINT('',(-68.7362845948388,-31.1698443688908,-29.277916598647));
#1425=CARTESIAN_POINT('',(-69.1135280235696,-32.2166406094026,-29.3090865691246));
#1426=CARTESIAN_POINT('',(-69.2059598429389,-33.3215926629869,-29.3403025121795));
#1427=CARTESIAN_POINT('',(-68.9474030591836,-34.7866826738032,-29.3821369338443));
#1428=CARTESIAN_POINT('',(-68.1515404172191,-36.0734784322333,-29.4235471507633));
#1429=CARTESIAN_POINT('',(-66.9412158919124,-36.9374775887294,-29.4652932319189));
#1430=CARTESIAN_POINT('',(-65.8990787296463,-37.3395944333855,-29.4966101778395));
#1431=CARTESIAN_POINT('',(-64.7917222556015,-37.4676713831321,-29.5279652914829));
#1432=CARTESIAN_POINT('',(-63.3174835224189,-37.2366766545562,-29.569880059852));
#1433=CARTESIAN_POINT('',(-62.0043416682138,-36.4716584120835,-29.6114986920101));
#1434=CARTESIAN_POINT('',(-61.1087751732375,-35.278251673964,-29.6534070981149));
#1435=CARTESIAN_POINT('',(-60.6800583959657,-34.2416448423435,-29.6848484100561));
#1436=CARTESIAN_POINT('',(-60.5232717308332,-33.1339061428211,-29.7163065862434));
#1437=CARTESIAN_POINT('',(-60.7188168472773,-31.6489534268666,-29.758401150274));
#1438=CARTESIAN_POINT('',(-61.4547941631994,-30.3119131839846,-29.8001688385227));
#1439=CARTESIAN_POINT('',(-62.6301306798087,-29.3845223979916,-29.8422359205168));
#1440=CARTESIAN_POINT('',(-63.6597975703729,-28.9289020216295,-29.8738025380869));
#1441=CARTESIAN_POINT('',(-64.767884597495,-28.7435740970065,-29.9053777100903));
#1442=CARTESIAN_POINT('',(-66.2624262550785,-28.9023185700585,-29.9476379734218));
#1443=CARTESIAN_POINT('',(-67.6232241039842,-29.6090529128722,-29.9895721728206));
#1444=CARTESIAN_POINT('',(-68.5826432308811,-30.7659675149348,-30.0318166144284));
#1445=CARTESIAN_POINT('',(-69.0650826145901,-31.7881110164702,-30.0635118748472));
#1446=CARTESIAN_POINT('',(-69.2783285966728,-32.8956565178932,-30.0951929187904));
#1447=CARTESIAN_POINT('',(-69.1571885141012,-34.399760028222,-30.1376369196942));
#1448=CARTESIAN_POINT('',(-68.4793098214908,-35.7820763219926,-30.1797376824016));
#1449=CARTESIAN_POINT('',(-67.3425134287635,-36.7749111041173,-30.222126295308));
#1450=CARTESIAN_POINT('',(-66.3292233384935,-37.283363514616,-30.253935571305));
#1451=CARTESIAN_POINT('',(-65.2208456829355,-37.5189845423392,-30.2857992529369));
#1452=CARTESIAN_POINT('',(-64.0905492458007,-37.4639264533601,-30.3176577763533));
#1453=CARTESIAN_POINT('',(-63.0085674053663,-37.1160238631384,-30.3494956168254));
#1454=CARTESIAN_POINT('',(-61.7244916189617,-36.3109461678797,-30.3920177388413));
#1455=CARTESIAN_POINT('',(-60.6067748661467,-34.7248103931309,-30.4451555083036));
#1456=CARTESIAN_POINT('',(-60.3593072451504,-32.4064203797768,-30.5092176584871));
#1457=CARTESIAN_POINT('',(-61.2960249489499,-30.2617143681783,-30.5730819419648));
#1458=CARTESIAN_POINT('',(-62.8580047487578,-29.1021780671121,-30.6264467907918));
#1459=CARTESIAN_POINT('',(-64.3329221008853,-28.7113215043512,-30.6693019489207));
#1460=CARTESIAN_POINT('',(-65.4739552479477,-28.7098643961788,-30.7014230006719));
#1461=CARTESIAN_POINT('',(-66.5800414714055,-29.0077278099718,-30.7335220836363));
#1462=CARTESIAN_POINT('',(-67.9113536480143,-29.756570059176,-30.776372517046));
#1463=CARTESIAN_POINT('',(-69.1161047876657,-31.2968221700668,-30.8299898463134));
#1464=CARTESIAN_POINT('',(-69.4224033590587,-33.2308406840086,-30.8837082982339));
#1465=CARTESIAN_POINT('',(-69.0595120953209,-34.7192255287821,-30.9266976848764));
#1466=CARTESIAN_POINT('',(-68.519198528878,-35.7356956123004,-30.9589474323566));
#1467=CARTESIAN_POINT('',(-67.7349007002722,-36.5743945214762,-30.9912548338736));
#1468=CARTESIAN_POINT('',(-66.4343870136463,-37.3930260052553,-31.0344028062336));
#1469=CARTESIAN_POINT('',(-64.5014217296048,-37.7494753282806,-31.0883471361434));
#1470=CARTESIAN_POINT('',(-62.2677973236699,-36.9587454896921,-31.1530109931184));
#1471=CARTESIAN_POINT('',(-60.7178446493038,-35.1708675678121,-31.217988128419));
#1472=CARTESIAN_POINT('',(-60.3112378998012,-33.2365568405769,-31.2721410801429));
#1473=CARTESIAN_POINT('',(-60.6049352231918,-31.7208805480339,-31.3154733474519));
#1474=CARTESIAN_POINT('',(-61.0999877014372,-30.6708711865988,-31.3479876416054));
#1475=CARTESIAN_POINT('',(-61.8477828195088,-29.7868942144115,-31.3805671363567));
#1476=CARTESIAN_POINT('',(-63.1156167597801,-28.8984769371258,-31.4240832286387));
#1477=CARTESIAN_POINT('',(-64.6602220844084,-28.5327897133489,-31.4675434506873));
#1478=CARTESIAN_POINT('',(-66.1877312373722,-28.7890230068517,-31.5110422953158));
#1479=CARTESIAN_POINT('',(-67.2525995014257,-29.2622221736738,-31.543707286888));
#1480=CARTESIAN_POINT('',(-68.1649481205778,-29.986135120701,-31.5764509423937));
#1481=CARTESIAN_POINT('',(-69.0811601343618,-31.2410982196629,-31.62007870069));
#1482=CARTESIAN_POINT('',(-69.4893023818488,-32.7825371290055,-31.663759934481));
#1483=CARTESIAN_POINT('',(-69.2687765101568,-34.3216750316518,-31.7074512107853));
#1484=CARTESIAN_POINT('',(-68.8193592144342,-35.4023382122237,-31.7402551122144));
#1485=CARTESIAN_POINT('',(-68.1164404759341,-36.336586222976,-31.7731241245802));
#1486=CARTESIAN_POINT('',(-66.8794979872999,-37.287511273237,-31.8169839353432));
#1487=CARTESIAN_POINT('',(-65.7275461826419,-37.6223463242329,-31.8498206883461));
#1488=CARTESIAN_POINT('',(-64.9532545686248,-37.6358616346289,-31.8717319967028));
#1489=CARTESIAN_POINT('',(-68.9876523301679,-33.0536882549112,-27.9990712405436));
#1490=CARTESIAN_POINT('',(-69.0002048239767,-33.7728201435877,-28.0194757598437));
#1491=CARTESIAN_POINT('',(-68.7370009558987,-34.8084220068647,-28.0487229053812));
#1492=CARTESIAN_POINT('',(-67.9059935310191,-35.9718609645768,-28.0888885146022));
#1493=CARTESIAN_POINT('',(-66.7946008652932,-36.8709181901754,-28.1290657802124));
#1494=CARTESIAN_POINT('',(-65.4186773743114,-37.3080610072572,-28.1685551979382));
#1495=CARTESIAN_POINT('',(-63.9987263597493,-37.1749055458198,-28.2086610806991));
#1496=CARTESIAN_POINT('',(-62.9907017193829,-36.8123584157353,-28.2387020637172));
#1497=CARTESIAN_POINT('',(-62.1083240618292,-36.2140722723074,-28.2686353073421));
#1498=CARTESIAN_POINT('',(-61.1801144383124,-35.1243365556351,-28.3088800369395));
#1499=CARTESIAN_POINT('',(-60.710740379329,-33.7574292092255,-28.3484064531189));
#1500=CARTESIAN_POINT('',(-60.8077158940222,-32.3320466031773,-28.3885526488411));
#1501=CARTESIAN_POINT('',(-61.1457375550347,-31.3158822947981,-28.4186028747859));
#1502=CARTESIAN_POINT('',(-61.7284986297101,-30.4194453320337,-28.448657247368));
#1503=CARTESIAN_POINT('',(-62.5182684429877,-29.7027621593026,-28.4786657040207));
#1504=CARTESIAN_POINT('',(-63.4714318348143,-29.2121454083085,-28.5086916644034));
#1505=CARTESIAN_POINT('',(-64.8672060765813,-28.8909371264354,-28.5488913307933));
#1506=CARTESIAN_POINT('',(-66.6624163149315,-29.2035442779247,-28.598815052981));
#1507=CARTESIAN_POINT('',(-68.3700345850351,-30.5828870490635,-28.6590945933765));
#1508=CARTESIAN_POINT('',(-69.1759821245031,-32.6301562413267,-28.7191392805923));
#1509=CARTESIAN_POINT('',(-68.9079535551583,-34.4332175761658,-28.7691675338847));
#1510=CARTESIAN_POINT('',(-68.1841572858592,-35.6770241891179,-28.8095740311936));
#1511=CARTESIAN_POINT('',(-67.4285308260286,-36.4345864878002,-28.8396787297719));
#1512=CARTESIAN_POINT('',(-66.4973120239072,-36.9719350472777,-28.8697987815707));
#1513=CARTESIAN_POINT('',(-65.1134118532859,-37.3608173488532,-28.9101368776846));
#1514=CARTESIAN_POINT('',(-63.2990984663238,-37.1378414616257,-28.9602843945664));
#1515=CARTESIAN_POINT('',(-61.8201386318947,-36.0617876999029,-29.0104344000081));
#1516=CARTESIAN_POINT('',(-61.0709485047511,-34.8320261170053,-29.0508310293967));
#1517=CARTESIAN_POINT('',(-60.7547764994576,-33.8020684023142,-29.0810219275399));
#1518=CARTESIAN_POINT('',(-60.7188304022147,-32.7297145529212,-29.1112265113848));
#1519=CARTESIAN_POINT('',(-61.0399528153346,-31.3218936803705,-29.1517827766228));
#1520=CARTESIAN_POINT('',(-62.0800603234104,-29.8139053851362,-29.2020361474425));
#1521=CARTESIAN_POINT('',(-64.0763274042671,-28.8580040624616,-29.2624343801677));
#1522=CARTESIAN_POINT('',(-66.2816227218482,-29.0160754746084,-29.3231825550891));
#1523=CARTESIAN_POINT('',(-67.820271822125,-30.0221129390102,-29.3735262695208));
#1524=CARTESIAN_POINT('',(-68.6302921127547,-31.2194155340075,-29.4140838761388));
#1525=CARTESIAN_POINT('',(-68.9973832974134,-32.2380407578282,-29.4444150112017));
#1526=CARTESIAN_POINT('',(-69.0872522399284,-33.3123555691438,-29.4747654231171));
#1527=CARTESIAN_POINT('',(-68.8353195085931,-34.7399109506582,-29.5155280747898));
#1528=CARTESIAN_POINT('',(-68.0642356178236,-35.9866430218944,-29.5556490070912));
#1529=CARTESIAN_POINT('',(-66.8862218719705,-36.8275768883712,-29.5962806363845));
#1530=CARTESIAN_POINT('',(-65.8730264965547,-37.2185263162723,-29.6267278614982));
#1531=CARTESIAN_POINT('',(-64.7979016658335,-37.3428753512426,-29.6571703269899));
#1532=CARTESIAN_POINT('',(-63.3634556661252,-37.1181156451643,-29.6979537296115));
#1533=CARTESIAN_POINT('',(-62.0926904118996,-36.3777854224471,-29.7382292805777));
#1534=CARTESIAN_POINT('',(-61.2221515259823,-35.2177297726695,-29.7789665093214));
#1535=CARTESIAN_POINT('',(-60.8057886415767,-34.2109937798432,-29.8095018091355));
#1536=CARTESIAN_POINT('',(-60.6537477049421,-33.1367848904616,-29.840007787232));
#1537=CARTESIAN_POINT('',(-60.8437924840239,-31.6936012611169,-29.8809183058233));
#1538=CARTESIAN_POINT('',(-61.5550904398722,-30.4013956848386,-29.9212854076742));
#1539=CARTESIAN_POINT('',(-62.6963109619558,-29.5009238778197,-29.9621314263229));
#1540=CARTESIAN_POINT('',(-63.6952420670528,-29.0589038709272,-29.9927557733446));
#1541=CARTESIAN_POINT('',(-64.7686046730594,-28.8793836173099,-30.0233414656929));
#1542=CARTESIAN_POINT('',(-66.2194965339541,-29.0334917766538,-30.0643674697497));
#1543=CARTESIAN_POINT('',(-67.5330329845921,-29.7156807740498,-30.1048452670088));
#1544=CARTESIAN_POINT('',(-68.4636457012698,-30.8378591949363,-30.1458213258209));
#1545=CARTESIAN_POINT('',(-68.9311985232708,-31.8284625635063,-30.1765385702111));
#1546=CARTESIAN_POINT('',(-69.1375527543818,-32.900214059757,-30.2071957361743));
#1547=CARTESIAN_POINT('',(-69.0200751245391,-34.3588437030632,-30.2483565189752));
#1548=CARTESIAN_POINT('',(-68.3664865131535,-35.6916281625691,-30.2889487065394));
#1549=CARTESIAN_POINT('',(-67.2648247848276,-36.6537776635835,-30.3300272258368));
#1550=CARTESIAN_POINT('',(-66.2842046685315,-37.1458368149578,-30.3608109236415));
#1551=CARTESIAN_POINT('',(-65.212155425718,-37.3737350796828,-30.3916302347269));
#1552=CARTESIAN_POINT('',(-64.1196448736335,-37.3205175862792,-30.4224237255872));
#1553=CARTESIAN_POINT('',(-63.0732170166233,-36.9840470945122,-30.4532153728515));
#1554=CARTESIAN_POINT('',(-61.8295368173086,-36.2042962424954,-30.4943997964999));
#1555=CARTESIAN_POINT('',(-60.7508836374368,-34.6735950225017,-30.545680430755));
#1556=CARTESIAN_POINT('',(-60.5116873986374,-32.4326951058514,-30.6076013613058));
#1557=CARTESIAN_POINT('',(-61.4165014666605,-30.3610355618964,-30.6692904933681));
#1558=CARTESIAN_POINT('',(-62.9227896727102,-29.2428419367309,-30.7207526457056));
#1559=CARTESIAN_POINT('',(-64.3503217766091,-28.8645425760542,-30.7622309793617));
#1560=CARTESIAN_POINT('',(-65.4511548305422,-28.8631368037124,-30.793220364364));
#1561=CARTESIAN_POINT('',(-66.5188960700127,-29.1506741076686,-30.8242066599199));
#1562=CARTESIAN_POINT('',(-67.8064001481231,-29.8748749875611,-30.8656470588985));
#1563=CARTESIAN_POINT('',(-68.9671894557312,-31.358922707043,-30.917307871217));
#1564=CARTESIAN_POINT('',(-69.2622284383729,-33.2218463640766,-30.9690516235031));
#1565=CARTESIAN_POINT('',(-68.9115051425349,-34.6603247469878,-31.0105995494962));
#1566=CARTESIAN_POINT('',(-68.3903380380762,-35.6407753651052,-31.04170650027));
#1567=CARTESIAN_POINT('',(-67.6344286496475,-36.4491167328709,-31.0728445032475));
#1568=CARTESIAN_POINT('',(-66.3772766204595,-37.2404534497186,-31.1145538382322));
#1569=CARTESIAN_POINT('',(-64.5167688356707,-37.5835412153637,-31.1664760566865));
#1570=CARTESIAN_POINT('',(-62.3640092999058,-36.8214385110272,-31.2287988600873));
#1571=CARTESIAN_POINT('',(-60.8697448602408,-35.0977972377734,-31.2914414325198));
#1572=CARTESIAN_POINT('',(-60.4786447263709,-33.2372546243191,-31.3435291725649));
#1573=CARTESIAN_POINT('',(-60.7621169390674,-31.7743467999692,-31.3853528213249));
#1574=CARTESIAN_POINT('',(-61.2391170982877,-30.762626518591,-31.4166814666094));
#1575=CARTESIAN_POINT('',(-61.9590416720904,-29.9115956284797,-31.448046713997));
#1576=CARTESIAN_POINT('',(-63.1832555323467,-29.0537445251156,-31.4900656264299));
#1577=CARTESIAN_POINT('',(-64.6640530331156,-28.7031638826707,-31.5317305017002));
#1578=CARTESIAN_POINT('',(-66.1373685857395,-28.9503064256042,-31.5736860763611));
#1579=CARTESIAN_POINT('',(-67.1633680168777,-29.406233315684,-31.6051587607321));
#1580=CARTESIAN_POINT('',(-68.0411372278924,-30.1027088547668,-31.6366613816114));
#1581=CARTESIAN_POINT('',(-68.9251749998965,-31.3136019289274,-31.6787570818004));
#1582=CARTESIAN_POINT('',(-69.3163637786484,-32.7910123371345,-31.7206238785025));
#1583=CARTESIAN_POINT('',(-69.1037817782833,-34.2747067974346,-31.7627412901423));
#1584=CARTESIAN_POINT('',(-68.6708835655236,-35.3156483987423,-31.7943394294114));
#1585=CARTESIAN_POINT('',(-67.9948590432515,-36.2141513558554,-31.8259508478658));
#1586=CARTESIAN_POINT('',(-66.8019153056416,-37.1312514587856,-31.8682505401015));
#1587=CARTESIAN_POINT('',(-65.7029846772547,-37.4506749724335,-31.8995759075915));
#1588=CARTESIAN_POINT('',(-64.9516406649603,-37.4637897309516,-31.9208378327335));
#1589=CARTESIAN_POINT('',(-68.9844002923208,-33.0483977028664,-28.1875307583835));
#1590=CARTESIAN_POINT('',(-68.9969454020345,-33.767106557022,-28.207923274578));
#1591=CARTESIAN_POINT('',(-68.7341189837765,-34.801223306346,-28.2371284779894));
#1592=CARTESIAN_POINT('',(-67.9043296204203,-35.9629569360589,-28.2772352138698));
#1593=CARTESIAN_POINT('',(-66.7949596257534,-36.86037792895,-28.3173393591555));
#1594=CARTESIAN_POINT('',(-65.4227735689854,-37.2963333307928,-28.3567215113961));
#1595=CARTESIAN_POINT('',(-64.006713750071,-37.1635427650079,-28.3967174890723));
#1596=CARTESIAN_POINT('',(-63.0018646179325,-36.8021377413248,-28.4266638361213));
#1597=CARTESIAN_POINT('',(-62.1226876964277,-36.2060218206019,-28.4564884999208));
#1598=CARTESIAN_POINT('',(-61.1978954863635,-35.1202982121901,-28.4965850594532));
#1599=CARTESIAN_POINT('',(-60.7308331748802,-33.7601231181931,-28.5359168012741));
#1600=CARTESIAN_POINT('',(-60.8273609446634,-32.3413216353144,-28.575877638302));
#1601=CARTESIAN_POINT('',(-61.1636429906805,-31.330386976016,-28.6057732119576));
#1602=CARTESIAN_POINT('',(-61.7431818125346,-30.4389066698606,-28.6356614053094));
#1603=CARTESIAN_POINT('',(-62.5282681745152,-29.7264735338851,-28.6654919073949));
#1604=CARTESIAN_POINT('',(-63.4755918945003,-29.2388626062895,-28.6953339100671));
#1605=CARTESIAN_POINT('',(-64.8627029467446,-28.9196479764976,-28.7352840681066));
#1606=CARTESIAN_POINT('',(-66.6446499200815,-29.2299455425096,-28.7848389468331));
#1607=CARTESIAN_POINT('',(-68.3393750821773,-30.5988737990937,-28.844663355869));
#1608=CARTESIAN_POINT('',(-69.1386312995062,-32.6291456844602,-28.9042095263387));
#1609=CARTESIAN_POINT('',(-68.8730919633855,-34.4154616395405,-28.9537731575553));
#1610=CARTESIAN_POINT('',(-68.155583641018,-35.6484627395228,-28.9938286252699));
#1611=CARTESIAN_POINT('',(-67.4074161775944,-36.398546932601,-29.0236361520967));
#1612=CARTESIAN_POINT('',(-66.4855017934871,-36.9305264900725,-29.0534552546966));
#1613=CARTESIAN_POINT('',(-65.1151775666993,-37.3155938891021,-29.0933976374933));
#1614=CARTESIAN_POINT('',(-63.3214967619498,-37.0951537095191,-29.1429748709983));
#1615=CARTESIAN_POINT('',(-61.8601571345197,-36.0319199646636,-29.1925273933602));
#1616=CARTESIAN_POINT('',(-61.1193378047244,-34.8158986656061,-29.2324726660292));
#1617=CARTESIAN_POINT('',(-60.807032809953,-33.7985380729037,-29.2622943078219));
#1618=CARTESIAN_POINT('',(-60.7715468111022,-32.7399100051589,-29.292112282785));
#1619=CARTESIAN_POINT('',(-61.0888255472619,-31.3489400543465,-29.3321831095238));
#1620=CARTESIAN_POINT('',(-62.1144265904993,-29.8619837957158,-29.3817355924533));
#1621=CARTESIAN_POINT('',(-64.082825011081,-28.9194272250905,-29.4412906424976));
#1622=CARTESIAN_POINT('',(-66.2563500693695,-29.0752214049271,-29.5011636578641));
#1623=CARTESIAN_POINT('',(-67.7706750349985,-30.0653546643087,-29.550711500587));
#1624=CARTESIAN_POINT('',(-68.5688033910251,-31.2450796204191,-29.5906736796446));
#1625=CARTESIAN_POINT('',(-68.9300931011563,-32.2476065870872,-29.6205254643041));
#1626=CARTESIAN_POINT('',(-69.0184820403466,-33.3042290850407,-29.650376051594));
#1627=CARTESIAN_POINT('',(-68.7704163783242,-34.7098720473986,-29.6905130124381));
#1628=CARTESIAN_POINT('',(-68.0140058873519,-35.932879335456,-29.7298704603938));
#1629=CARTESIAN_POINT('',(-66.8553796465051,-36.7599732874125,-29.7698333827903));
#1630=CARTESIAN_POINT('',(-65.8597358805059,-37.1441502883694,-29.7997531698442));
#1631=CARTESIAN_POINT('',(-64.8043390225998,-37.2662175842231,-29.8296370321724));
#1632=CARTESIAN_POINT('',(-63.394475545905,-37.0453096513369,-29.8697215176276));
#1633=CARTESIAN_POINT('',(-62.1502188730728,-36.3204229606974,-29.9091569073465));
#1634=CARTESIAN_POINT('',(-61.2955117520325,-35.1814642757867,-29.9491532820771));
#1635=CARTESIAN_POINT('',(-60.8870361121932,-34.1937990822237,-29.9791101456603));
#1636=CARTESIAN_POINT('',(-60.7380498239902,-33.1411720810609,-30.0090032293599));
#1637=CARTESIAN_POINT('',(-60.924525816459,-31.7250895088535,-30.049145503163));
#1638=CARTESIAN_POINT('',(-61.6196343665756,-30.4622950115627,-30.0885938347788));
#1639=CARTESIAN_POINT('',(-62.7382537481178,-29.5796564711826,-30.1286309242239));
#1640=CARTESIAN_POINT('',(-63.7166587448595,-29.1467191232547,-30.1586259999555));
#1641=CARTESIAN_POINT('',(-64.7666630440069,-28.9711055542451,-30.1885460924558));
#1642=CARTESIAN_POINT('',(-66.1879848990085,-29.1220729011669,-30.228735963087));
#1643=CARTESIAN_POINT('',(-67.4691918862631,-29.7874714971993,-30.2682174990976));
#1644=CARTESIAN_POINT('',(-68.3799252505944,-30.8856784207867,-30.3083182448001));
#1645=CARTESIAN_POINT('',(-68.8371318780953,-31.8543613246702,-30.3383557658093));
#1646=CARTESIAN_POINT('',(-69.0386651104069,-32.9010737768998,-30.3682966965904));
#1647=CARTESIAN_POINT('',(-68.9237658008913,-34.3276903938606,-30.408554110102));
#1648=CARTESIAN_POINT('',(-68.2874251203561,-35.6253032273686,-30.4480750867669));
#1649=CARTESIAN_POINT('',(-67.2109123290814,-36.5654886021792,-30.4882158580519));
#1650=CARTESIAN_POINT('',(-66.2538283716195,-37.0457376936231,-30.5182607070518));
#1651=CARTESIAN_POINT('',(-65.2080998310972,-37.2680406534506,-30.548323349619));
#1652=CARTESIAN_POINT('',(-64.1431109191186,-37.2161637719963,-30.5783411158225));
#1653=CARTESIAN_POINT('',(-63.1227187739956,-36.8880648547469,-30.6083666496359));
#1654=CARTESIAN_POINT('',(-61.9088062185895,-36.1269774386463,-30.6485653188609));
#1655=CARTESIAN_POINT('',(-60.8591678162659,-34.6374506723322,-30.6984665512626));
#1656=CARTESIAN_POINT('',(-60.6261731799411,-32.4546502079902,-30.7587820677899));
#1657=CARTESIAN_POINT('',(-61.5068293631315,-30.4383024838268,-30.8188241443958));
#1658=CARTESIAN_POINT('',(-62.9705677545076,-29.3516957298384,-30.8688325875189));
#1659=CARTESIAN_POINT('',(-64.3616319309528,-28.9830604555968,-30.9092513100752));
#1660=CARTESIAN_POINT('',(-65.4313711803929,-28.9816943902843,-30.9393653780844));
#1661=CARTESIAN_POINT('',(-66.4693207050626,-29.2612089364436,-30.9694871056665));
#1662=CARTESIAN_POINT('',(-67.722607121771,-29.9661629176921,-31.0098261539273));
#1663=CARTESIAN_POINT('',(-68.8488299401852,-31.4060180183046,-31.0599485880931));
#1664=CARTESIAN_POINT('',(-69.1349496848691,-33.2126241702901,-31.1101280900034));
#1665=CARTESIAN_POINT('',(-68.7939265760232,-34.6113176017485,-31.1505268974291));
#1666=CARTESIAN_POINT('',(-68.2880984428786,-35.5629116328373,-31.180718309556));
#1667=CARTESIAN_POINT('',(-67.5550246464719,-36.346833468353,-31.2109156512014));
#1668=CARTESIAN_POINT('',(-66.3329077740148,-37.1161166823165,-31.2514626024374));
#1669=CARTESIAN_POINT('',(-64.5313082626583,-37.4483414415957,-31.3017408351654));
#1670=CARTESIAN_POINT('',(-62.4447730120807,-36.7096829287704,-31.3621464327484));
#1671=CARTESIAN_POINT('',(-60.9964685143753,-35.0390566713165,-31.4228622719222));
#1672=CARTESIAN_POINT('',(-60.6182557456728,-33.2398218662531,-31.4732336389248));
#1673=CARTESIAN_POINT('',(-60.8931822552167,-31.8210156343926,-31.5137964498635));
#1674=CARTESIAN_POINT('',(-61.3550297919967,-30.8414341587206,-31.5441298939423));
#1675=CARTESIAN_POINT('',(-62.0514759147704,-30.0181574081465,-31.5744722460828));
#1676=CARTESIAN_POINT('',(-63.2388034994504,-29.1861538574278,-31.6152251042472));
#1677=CARTESIAN_POINT('',(-64.6653682623193,-28.8484128828542,-31.6553640448377));
#1678=CARTESIAN_POINT('',(-66.0924017981926,-29.0877918103887,-31.6960016475232));
#1679=CARTESIAN_POINT('',(-67.0850751558885,-29.5289094787848,-31.72645204966));
#1680=CARTESIAN_POINT('',(-67.933091879407,-30.2017775826694,-31.7568868712567));
#1681=CARTESIAN_POINT('',(-68.7893473202716,-31.374616363873,-31.7976596453002));
#1682=CARTESIAN_POINT('',(-69.1658247126344,-32.7964659877452,-31.8379519627314));
#1683=CARTESIAN_POINT('',(-68.9601667705209,-34.2318346873834,-31.8786975582668));
#1684=CARTESIAN_POINT('',(-68.5417213084577,-35.2380233860227,-31.9092407612579));
#1685=CARTESIAN_POINT('',(-67.8893067378003,-36.105146399592,-31.9397481605005));
#1686=CARTESIAN_POINT('',(-66.7351186813377,-36.9924522732985,-31.9806736442692));
#1687=CARTESIAN_POINT('',(-65.6830765425135,-37.2982468228436,-32.0106624404337));
#1688=CARTESIAN_POINT('',(-64.9521010892682,-37.311006046841,-32.0313479654572));
#1689=CARTESIAN_POINT('',(-69.4190496822518,-32.1184988952618,-28.4987848749139));
#1690=CARTESIAN_POINT('',(-69.3550552526817,-31.8404321875517,-28.4973175767816));
#1691=CARTESIAN_POINT('',(-69.3058657805027,-31.5702214916197,-28.5018407583486));
#1692=CARTESIAN_POINT('',(-69.194785107988,-31.5627948711126,-28.4645438668429));
#1693=CARTESIAN_POINT('',(-69.2017781009211,-31.7212382086192,-28.4637950964867));
#1694=CARTESIAN_POINT('',(-69.2050644528251,-31.8640680393443,-28.4655714429009));
#1695=CARTESIAN_POINT('',(-69.2358819581967,-32.1218712876231,-28.4757745451212));
#1696=CARTESIAN_POINT('',(-69.2714063469765,-32.4332179916869,-28.4879927515491));
#1697=CARTESIAN_POINT('',(-69.3372313228676,-32.7454952751518,-28.4955516180751));
#1698=CARTESIAN_POINT('',(-69.3327454663564,-32.9526274494327,-28.4989003578975));
#1699=CARTESIAN_POINT('',(-69.3972229043214,-33.0407678167564,-28.4999851603759));
#1700=CARTESIAN_POINT('',(-69.4130606647039,-32.9522081471212,-28.4986749278663));
#1701=CARTESIAN_POINT('',(-69.4259669455079,-32.8588807751248,-28.4974310172979));
#1702=CARTESIAN_POINT('',(-69.4347776568021,-32.6915419232138,-28.4957637364544));
#1703=CARTESIAN_POINT('',(-69.4352018532172,-32.4432662250073,-28.4947114289341));
#1704=CARTESIAN_POINT('',(-69.4190496822518,-32.1184988952618,-28.4987848749139));
#1705=CARTESIAN_POINT('',(-69.3550552526817,-31.8404321875517,-28.4973175767816));
#1706=CARTESIAN_POINT('',(-69.3058657805027,-31.5702214916197,-28.5018407583486));
#1707=CARTESIAN_POINT('',(-69.340582701442,-31.7560325600916,-28.4991385134445));
#1708=CARTESIAN_POINT('',(-68.9844002923208,-33.0483977028664,-28.1875307583835));
#1709=CARTESIAN_POINT('',(-68.9876523301679,-33.0536882549112,-27.9990712405436));
#1710=CARTESIAN_POINT('',(-69.0516260494595,-33.0573123919238,-27.8319875587449));
#1711=CARTESIAN_POINT('',(-69.2421516697212,-33.0572195486251,-27.718051765511));
#1712=CARTESIAN_POINT('',(-69.3929801523939,-33.0553816104371,-27.6900406359135));
#1713=CARTESIAN_POINT('',(-69.5427550223277,-33.0518296107,-27.723087636044));
#1714=CARTESIAN_POINT('',(-69.7292395280444,-33.0451625121731,-27.8433393075528));
#1715=CARTESIAN_POINT('',(-69.8265008183377,-33.0359729359846,-28.1073810846234));
#1716=CARTESIAN_POINT('',(-69.7201858229954,-33.0304335637381,-28.368012441254));
#1717=CARTESIAN_POINT('',(-69.5296602027337,-33.0305264070367,-28.481948234488));
#1718=CARTESIAN_POINT('',(-69.3788317200611,-33.0323643452248,-28.5099593640854));
#1719=CARTESIAN_POINT('',(-69.2290568501273,-33.0359163449619,-28.476912363955));
#1720=CARTESIAN_POINT('',(-69.0425723444105,-33.0425834434888,-28.3566606924462));
#1721=CARTESIAN_POINT('',(-68.9844002923208,-33.0483977028664,-28.1875307583835));
#1722=CARTESIAN_POINT('',(-68.9876523301679,-33.0536882549112,-27.9990712405436));
#1723=CARTESIAN_POINT('',(-68.9860263112443,-33.0510429788888,-28.0933009994636));
#1724=CARTESIAN_POINT('',(-64.9516406649603,-37.4637897309516,-31.9208378327335));
#1725=CARTESIAN_POINT('',(-64.9521010892682,-37.311006046841,-32.0313479654572));
#1726=CARTESIAN_POINT('',(-64.9545363943835,-37.2105103695959,-32.1793932828318));
#1727=CARTESIAN_POINT('',(-64.9610715262075,-37.2260448802653,-32.400746748145));
#1728=CARTESIAN_POINT('',(-64.9661287062336,-37.28937035091,-32.5403946707262));
#1729=CARTESIAN_POINT('',(-64.9710367155124,-37.4021955025028,-32.6442389252443));
#1730=CARTESIAN_POINT('',(-64.9769997053581,-37.607585235376,-32.7282680032961));
#1731=CARTESIAN_POINT('',(-64.9797331331287,-37.8799077232528,-32.6568869280182));
#1732=CARTESIAN_POINT('',(-64.9757178795995,-38.032936500409,-32.4206067171671));
#1733=CARTESIAN_POINT('',(-64.9691827477755,-38.0174019897396,-32.1992532518539));
#1734=CARTESIAN_POINT('',(-64.9641255677494,-37.954076519095,-32.0596053292727));
#1735=CARTESIAN_POINT('',(-64.9592175584706,-37.8412513675021,-31.9557610747546));
#1736=CARTESIAN_POINT('',(-64.9532545686248,-37.6358616346289,-31.8717319967028));
#1737=CARTESIAN_POINT('',(-64.9516406649603,-37.4637897309516,-31.9208378327335));
#1738=CARTESIAN_POINT('',(-64.9521010892682,-37.311006046841,-32.0313479654572));
#1739=CARTESIAN_POINT('',(-64.9518708771142,-37.3873978888963,-31.9760928990954));
#1740=CARTESIAN_POINT('',(-68.9844002923208,-33.0483977028664,-28.1875307583835));
#1741=CARTESIAN_POINT('',(-68.9763410030685,-32.5866813308347,-28.1875307583835));
#1742=CARTESIAN_POINT('',(-68.9601356546601,-31.6582775423069,-28.1875307583835));
#1743=CARTESIAN_POINT('',(-68.9398826203931,-30.4979819862409,-28.1873877291617));
#1744=CARTESIAN_POINT('',(-68.9256941128662,-29.6851229344277,-28.1877453312359));
#1745=CARTESIAN_POINT('',(-68.9186191290225,-29.2797973814833,-28.1872091767579));
#1746=CARTESIAN_POINT('',(-68.914295533169,-29.0320987409315,-28.1882340670562));
#1747=CARTESIAN_POINT('',(-68.9098597602371,-28.7779734798584,-28.1021691998881));
#1748=CARTESIAN_POINT('',(-68.9062337201449,-28.5702377821037,-27.9103781656718));
#1749=CARTESIAN_POINT('',(-68.9046179185146,-28.477668568699,-27.6621963410055));
#1750=CARTESIAN_POINT('',(-68.904353033314,-28.4624933057225,-27.5002815190368));
#1751=CARTESIAN_POINT('',(-68.9043801788636,-28.4640484732195,-27.3221772134307));
#1752=CARTESIAN_POINT('',(-68.9043801788636,-28.4640484732195,-27.0904244599047));
#1753=CARTESIAN_POINT('',(-68.9043801788636,-28.4640484732195,-26.4230364669105));
#1754=CARTESIAN_POINT('',(-68.9043801788636,-28.4640484732195,-25.3784291735283));
#1755=CARTESIAN_POINT('',(-68.9043801788636,-28.4640484732195,-23.5213495408488));
#1756=CARTESIAN_POINT('',(-68.9043801788636,-28.4640484732195,-22.1285398163392));
#1757=CARTESIAN_POINT('',(-68.9043801788636,-28.4640484732195,-21.1999999999995));
#1758=CARTESIAN_POINT('',(-68.9876523301679,-33.0536882549112,-27.9990712405436));
#1759=CARTESIAN_POINT('',(-68.9794997315871,-32.5866261950233,-27.9990712405436));
#1760=CARTESIAN_POINT('',(-68.9632945858692,-31.6582340186265,-27.9990712405436));
#1761=CARTESIAN_POINT('',(-68.9430408282296,-30.4978970205758,-27.9989282062132));
#1762=CARTESIAN_POINT('',(-68.9288542930313,-29.6851509633868,-27.9992857585776));
#1763=CARTESIAN_POINT('',(-68.9217732291043,-29.2794770827059,-27.9987491433404));
#1764=CARTESIAN_POINT('',(-68.9179894037669,-29.0627018743084,-27.9996460832973));
#1765=CARTESIAN_POINT('',(-68.9147356637064,-28.8762952310885,-27.9365155510542));
#1766=CARTESIAN_POINT('',(-68.9121998683909,-28.7310196147565,-27.8023905017542));
#1767=CARTESIAN_POINT('',(-68.9110106707586,-28.6628905280314,-27.6197336503629));
#1768=CARTESIAN_POINT('',(-68.9108021774965,-28.6509459570485,-27.4922891976901));
#1769=CARTESIAN_POINT('',(-68.9108279794845,-28.6524241519506,-27.323000116538));
#1770=CARTESIAN_POINT('',(-68.9108279794845,-28.6524241519506,-27.0904244599047));
#1771=CARTESIAN_POINT('',(-68.9108279794845,-28.6524241519506,-26.4230364669105));
#1772=CARTESIAN_POINT('',(-68.9108279794845,-28.6524241519506,-25.3784291735283));
#1773=CARTESIAN_POINT('',(-68.9108279794845,-28.6524241519506,-23.5213495408488));
#1774=CARTESIAN_POINT('',(-68.9108279794845,-28.6524241519506,-22.1285398163392));
#1775=CARTESIAN_POINT('',(-68.9108279794845,-28.6524241519506,-21.1999999999995));
#1776=CARTESIAN_POINT('',(-69.0516260494595,-33.0573123919238,-27.8319875587449));
#1777=CARTESIAN_POINT('',(-69.0433907250691,-32.5855109735838,-27.8319875587449));
#1778=CARTESIAN_POINT('',(-69.0271857590518,-31.6571290922233,-27.8319875587449));
#1779=CARTESIAN_POINT('',(-69.0069313600875,-30.4967553527044,-27.8318445198855));
#1780=CARTESIAN_POINT('',(-68.9927465735082,-29.6841094738353,-27.8322020281783));
#1781=CARTESIAN_POINT('',(-68.9856601191255,-29.2781267741497,-27.831665004443));
#1782=CARTESIAN_POINT('',(-68.9823548413625,-29.0887675379326,-27.8324485067006));
#1783=CARTESIAN_POINT('',(-68.980149063254,-28.9623985947285,-27.7896510049289));
#1784=CARTESIAN_POINT('',(-68.9785798527702,-28.8724985863211,-27.706651232743));
#1785=CARTESIAN_POINT('',(-68.9777688719957,-28.8260375288687,-27.582087248775));
#1786=CARTESIAN_POINT('',(-68.9776103744718,-28.8169572118073,-27.4852033975562));
#1787=CARTESIAN_POINT('',(-68.9776349852904,-28.8183671646557,-27.3237296826672));
#1788=CARTESIAN_POINT('',(-68.9776349852904,-28.8183671646557,-27.0904244599047));
#1789=CARTESIAN_POINT('',(-68.9776349852904,-28.8183671646557,-26.4230364669105));
#1790=CARTESIAN_POINT('',(-68.9776349852904,-28.8183671646557,-25.3784291735283));
#1791=CARTESIAN_POINT('',(-68.9776349852904,-28.8183671646557,-23.5213495408488));
#1792=CARTESIAN_POINT('',(-68.9776349852904,-28.8183671646557,-22.1285398163392));
#1793=CARTESIAN_POINT('',(-68.9776349852904,-28.8183671646557,-21.1999999999995));
#1794=CARTESIAN_POINT('',(-69.2421516697212,-33.0572195486251,-27.718051765511));
#1795=CARTESIAN_POINT('',(-69.2338599338931,-32.5821863211769,-27.718051765511));
#1796=CARTESIAN_POINT('',(-69.2176550904151,-31.65381146009,-27.718051765511));
#1797=CARTESIAN_POINT('',(-69.197400254126,-30.4934126662493,-27.717908723563));
#1798=CARTESIAN_POINT('',(-69.183216659945,-29.6808350998341,-27.7182662018031));
#1799=CARTESIAN_POINT('',(-69.1761265297643,-29.2746418138252,-27.7177288995095));
#1800=CARTESIAN_POINT('',(-69.1731475776898,-29.1039777637807,-27.7184350476287));
#1801=CARTESIAN_POINT('',(-69.1716564138092,-29.0185490422765,-27.6895028134322));
#1802=CARTESIAN_POINT('',(-69.1707463257984,-28.9664101350537,-27.6413658054589));
#1803=CARTESIAN_POINT('',(-69.1701932543376,-28.9347246922897,-27.5564158451937));
#1804=CARTESIAN_POINT('',(-69.1700688493357,-28.927597534502,-27.4803715297744));
#1805=CARTESIAN_POINT('',(-69.1700926478856,-28.9289609525097,-27.3242271800574));
#1806=CARTESIAN_POINT('',(-69.1700926478856,-28.9289609525097,-27.0904244599047));
#1807=CARTESIAN_POINT('',(-69.1700926478856,-28.9289609525097,-26.4230364669105));
#1808=CARTESIAN_POINT('',(-69.1700926478856,-28.9289609525097,-25.3784291735283));
#1809=CARTESIAN_POINT('',(-69.1700926478856,-28.9289609525097,-23.5213495408488));
#1810=CARTESIAN_POINT('',(-69.1700926478856,-28.9289609525097,-22.1285398163392));
#1811=CARTESIAN_POINT('',(-69.1700926478856,-28.9289609525097,-21.1999999999995));
#1812=CARTESIAN_POINT('',(-69.3929801523939,-33.0553816104371,-27.6900406359135));
#1813=CARTESIAN_POINT('',(-69.3846745478064,-32.5795538422989,-27.6900406359135));
#1814=CARTESIAN_POINT('',(-69.3684697344547,-31.6511807071471,-27.6900406359135));
#1815=CARTESIAN_POINT('',(-69.3482147906492,-30.4907757536982,-27.6898975932063));
#1816=CARTESIAN_POINT('',(-69.3340314896195,-29.6782149819087,-27.6902550640579));
#1817=CARTESIAN_POINT('',(-69.3269404557434,-29.2719699232248,-27.6897176932807));
#1818=CARTESIAN_POINT('',(-69.324041730882,-29.1059020871344,-27.6904048238749));
#1819=CARTESIAN_POINT('',(-69.3227262550023,-29.0305385244642,-27.6648813675167));
#1820=CARTESIAN_POINT('',(-69.3219782123372,-28.9876831888829,-27.625315374663));
#1821=CARTESIAN_POINT('',(-69.3214885479149,-28.9596303329135,-27.5501045272816));
#1822=CARTESIAN_POINT('',(-69.3213725245639,-28.9529833595873,-27.4791836144513));
#1823=CARTESIAN_POINT('',(-69.3213961234174,-28.9543353369984,-27.3243494898555));
#1824=CARTESIAN_POINT('',(-69.3213961234174,-28.9543353369984,-27.0904244599047));
#1825=CARTESIAN_POINT('',(-69.3213961234174,-28.9543353369984,-26.4230364669105));
#1826=CARTESIAN_POINT('',(-69.3213961234174,-28.9543353369984,-25.3784291735283));
#1827=CARTESIAN_POINT('',(-69.3213961234174,-28.9543353369984,-23.5213495408488));
#1828=CARTESIAN_POINT('',(-69.3213961234174,-28.9543353369984,-22.1285398163392));
#1829=CARTESIAN_POINT('',(-69.3213961234174,-28.9543353369984,-21.1999999999995));
#1830=CARTESIAN_POINT('',(-69.5427550223277,-33.0518296107,-27.723087636044));
#1831=CARTESIAN_POINT('',(-69.5344657798397,-32.5769392266181,-27.723087636044));
#1832=CARTESIAN_POINT('',(-69.5182609309456,-31.6485640552407,-27.723087636044));
#1833=CARTESIAN_POINT('',(-69.4980061139859,-30.4881663687809,-27.7229445942326));
#1834=CARTESIAN_POINT('',(-69.4838224671018,-29.6755857830102,-27.7233020738009));
#1835=CARTESIAN_POINT('',(-69.4767324993885,-29.2694018047476,-27.7227647838194));
#1836=CARTESIAN_POINT('',(-69.4737391239807,-29.0979114424926,-27.7234743509293));
#1837=CARTESIAN_POINT('',(-69.4722163747253,-29.0106731960778,-27.6939292830444));
#1838=CARTESIAN_POINT('',(-69.4712771540307,-28.9568652785172,-27.6442513688992));
#1839=CARTESIAN_POINT('',(-69.4707126831855,-28.9245267654537,-27.5575505006094));
#1840=CARTESIAN_POINT('',(-69.4705867713214,-28.917313279595,-27.4805850944488));
#1841=CARTESIAN_POINT('',(-69.4706106057729,-28.9186787544053,-27.3242051910724));
#1842=CARTESIAN_POINT('',(-69.4706106057729,-28.9186787544053,-27.0904244599047));
#1843=CARTESIAN_POINT('',(-69.4706106057729,-28.9186787544053,-26.4230364669105));
#1844=CARTESIAN_POINT('',(-69.4706106057729,-28.9186787544053,-25.3784291735283));
#1845=CARTESIAN_POINT('',(-69.4706106057729,-28.9186787544053,-23.5213495408488));
#1846=CARTESIAN_POINT('',(-69.4706106057729,-28.9186787544053,-22.1285398163392));
#1847=CARTESIAN_POINT('',(-69.4706106057729,-28.9186787544053,-21.1999999999995));
#1848=CARTESIAN_POINT('',(-69.7292395280444,-33.0451625121731,-27.8433393075528));
#1849=CARTESIAN_POINT('',(-69.7210098240869,-32.5736830882138,-27.8433393075528));
#1850=CARTESIAN_POINT('',(-69.7048048458606,-31.6453005074035,-27.8433393075528));
#1851=CARTESIAN_POINT('',(-69.6845504904683,-30.4849292641183,-27.843196269001));
#1852=CARTESIAN_POINT('',(-69.6703655850869,-29.672276579084,-27.843553780288));
#1853=CARTESIAN_POINT('',(-69.6632794969344,-29.2663148607159,-27.8430167843063));
#1854=CARTESIAN_POINT('',(-69.6599417064102,-29.0750929696532,-27.8438079935779));
#1855=CARTESIAN_POINT('',(-69.6576647292432,-28.9446450351184,-27.7996290555586));
#1856=CARTESIAN_POINT('',(-69.656029848503,-28.8509827802457,-27.713155806506));
#1857=CARTESIAN_POINT('',(-69.6551931714863,-28.8030495860603,-27.5846449641051));
#1858=CARTESIAN_POINT('',(-69.655031277227,-28.7937746701566,-27.485684810357));
#1859=CARTESIAN_POINT('',(-69.6550559689742,-28.7951892594042,-27.3236801155799));
#1860=CARTESIAN_POINT('',(-69.6550559689742,-28.7951892594042,-27.0904244599047));
#1861=CARTESIAN_POINT('',(-69.6550559689742,-28.7951892594042,-26.4230364669105));
#1862=CARTESIAN_POINT('',(-69.6550559689742,-28.7951892594042,-25.3784291735283));
#1863=CARTESIAN_POINT('',(-69.6550559689742,-28.7951892594042,-23.5213495408488));
#1864=CARTESIAN_POINT('',(-69.6550559689742,-28.7951892594042,-22.1285398163392));
#1865=CARTESIAN_POINT('',(-69.6550559689742,-28.7951892594042,-21.1999999999995));
#1866=CARTESIAN_POINT('',(-69.8265008183377,-33.0359729359846,-28.1073810846234));
#1867=CARTESIAN_POINT('',(-69.8184018456971,-32.5719831041531,-28.1073810846234));
#1868=CARTESIAN_POINT('',(-69.8021965834906,-31.6435842541316,-28.1073810846234));
#1869=CARTESIAN_POINT('',(-69.7819432415815,-30.4832710732643,-28.1072380532289));
#1870=CARTESIAN_POINT('',(-69.7677555728634,-29.6704600767702,-28.1075956341621));
#1871=CARTESIAN_POINT('',(-69.7606780032299,-29.2649863840302,-28.1070592837285));
#1872=CARTESIAN_POINT('',(-69.7565839655928,-29.0304391248845,-28.1080297582125));
#1873=CARTESIAN_POINT('',(-69.7526508976986,-28.8051138161334,-28.0317186009298));
#1874=CARTESIAN_POINT('',(-69.7494885262189,-28.6239416754038,-27.8644522494202));
#1875=CARTESIAN_POINT('',(-69.7480541543814,-28.5417665678659,-27.6441374451694));
#1876=CARTESIAN_POINT('',(-69.7478132520262,-28.5279652811803,-27.4968824763359));
#1877=CARTESIAN_POINT('',(-69.7478398261745,-28.5294877131145,-27.3225271846942));
#1878=CARTESIAN_POINT('',(-69.7478398261745,-28.5294877131145,-27.0904244599047));
#1879=CARTESIAN_POINT('',(-69.7478398261745,-28.5294877131145,-26.4230364669105));
#1880=CARTESIAN_POINT('',(-69.7478398261745,-28.5294877131145,-25.3784291735283));
#1881=CARTESIAN_POINT('',(-69.7478398261745,-28.5294877131145,-23.5213495408488));
#1882=CARTESIAN_POINT('',(-69.7478398261745,-28.5294877131145,-22.1285398163392));
#1883=CARTESIAN_POINT('',(-69.7478398261745,-28.5294877131145,-21.1999999999995));
#1884=CARTESIAN_POINT('',(-69.7201858229954,-33.0304335637381,-28.368012441254));
#1885=CARTESIAN_POINT('',(-69.7122158931179,-32.5738365868499,-28.368012441254));
#1886=CARTESIAN_POINT('',(-69.6960103505993,-31.6454216777538,-28.368012441254));
#1887=CARTESIAN_POINT('',(-69.675758009083,-30.4851658093577,-28.3678694169244));
#1888=CARTESIAN_POINT('',(-69.6615676127199,-29.6721985461886,-28.3682270666042));
#1889=CARTESIAN_POINT('',(-69.6544984515784,-29.2672065756327,-28.3676913533806));
#1890=CARTESIAN_POINT('',(-69.6496579346789,-28.9898935481859,-28.368838777649));
#1891=CARTESIAN_POINT('',(-69.6440901664819,-28.6709163218108,-28.2608104277648));
#1892=CARTESIAN_POINT('',(-69.6394200336621,-28.4033645917505,-28.0137945149042));
#1893=CARTESIAN_POINT('',(-69.6373956869587,-28.2873898467851,-27.7028615085398));
#1894=CARTESIAN_POINT('',(-69.6370767969932,-28.2691206528971,-27.5079355108503));
#1895=CARTESIAN_POINT('',(-69.637105229229,-28.2707495345986,-27.3213891453121));
#1896=CARTESIAN_POINT('',(-69.637105229229,-28.2707495345986,-27.0904244599047));
#1897=CARTESIAN_POINT('',(-69.637105229229,-28.2707495345986,-26.4230364669105));
#1898=CARTESIAN_POINT('',(-69.637105229229,-28.2707495345986,-25.3784291735283));
#1899=CARTESIAN_POINT('',(-69.637105229229,-28.2707495345986,-23.5213495408488));
#1900=CARTESIAN_POINT('',(-69.637105229229,-28.2707495345986,-22.1285398163392));
#1901=CARTESIAN_POINT('',(-69.637105229229,-28.2707495345986,-21.1999999999995));
#1902=CARTESIAN_POINT('',(-69.5296602027337,-33.0305264070367,-28.481948234488));
#1903=CARTESIAN_POINT('',(-69.5217466842939,-32.5771612392567,-28.481948234488));
#1904=CARTESIAN_POINT('',(-69.505541019236,-31.6487393098872,-28.481948234488));
#1905=CARTESIAN_POINT('',(-69.4852891150446,-30.4885084958128,-28.4818052132468));
#1906=CARTESIAN_POINT('',(-69.4710975262831,-29.6754729201897,-28.4821628929794));
#1907=CARTESIAN_POINT('',(-69.4640320409396,-29.2706915359572,-28.4816274583141));
#1908=CARTESIAN_POINT('',(-69.4588651983516,-28.9746833223377,-28.4828522367209));
#1909=CARTESIAN_POINT('',(-69.4525828159267,-28.6147658742629,-28.3609586192615));
#1910=CARTESIAN_POINT('',(-69.4472535606339,-28.3094530430179,-28.0790799421883));
#1911=CARTESIAN_POINT('',(-69.4449713046167,-28.1787026833641,-27.7285329121211));
#1912=CARTESIAN_POINT('',(-69.4446183221293,-28.1584803302024,-27.5127673786321));
#1913=CARTESIAN_POINT('',(-69.4446475666338,-28.1601557467447,-27.3208916479219));
#1914=CARTESIAN_POINT('',(-69.4446475666338,-28.1601557467447,-27.0904244599047));
#1915=CARTESIAN_POINT('',(-69.4446475666338,-28.1601557467447,-26.4230364669105));
#1916=CARTESIAN_POINT('',(-69.4446475666338,-28.1601557467447,-25.3784291735283));
#1917=CARTESIAN_POINT('',(-69.4446475666338,-28.1601557467447,-23.5213495408488));
#1918=CARTESIAN_POINT('',(-69.4446475666338,-28.1601557467447,-22.1285398163392));
#1919=CARTESIAN_POINT('',(-69.4446475666338,-28.1601557467447,-21.1999999999995));
#1920=CARTESIAN_POINT('',(-69.3788317200611,-33.0323643452248,-28.5099593640854));
#1921=CARTESIAN_POINT('',(-69.3709320703806,-32.5797937181347,-28.5099593640854));
#1922=CARTESIAN_POINT('',(-69.3547263751964,-31.65137006283,-28.5099593640854));
#1923=CARTESIAN_POINT('',(-69.3344745785214,-30.4911454083639,-28.5098163436036));
#1924=CARTESIAN_POINT('',(-69.3202826966086,-29.6780930381151,-28.5101740307246));
#1925=CARTESIAN_POINT('',(-69.3132181149605,-29.2733634265576,-28.5096386645429));
#1926=CARTESIAN_POINT('',(-69.3079710451595,-28.9727589989841,-28.5108824604747));
#1927=CARTESIAN_POINT('',(-69.3015129747336,-28.6027763920752,-28.385580065177));
#1928=CARTESIAN_POINT('',(-69.296021674095,-28.2881799891887,-28.0951303729842));
#1929=CARTESIAN_POINT('',(-69.2936760110395,-28.1537970427404,-27.7348442300332));
#1930=CARTESIAN_POINT('',(-69.2933146469011,-28.1330945051171,-27.5139552939552));
#1931=CARTESIAN_POINT('',(-69.293344091102,-28.134781362256,-27.3207693381238));
#1932=CARTESIAN_POINT('',(-69.293344091102,-28.134781362256,-27.0904244599047));
#1933=CARTESIAN_POINT('',(-69.293344091102,-28.134781362256,-26.4230364669105));
#1934=CARTESIAN_POINT('',(-69.293344091102,-28.134781362256,-25.3784291735283));
#1935=CARTESIAN_POINT('',(-69.293344091102,-28.134781362256,-23.5213495408488));
#1936=CARTESIAN_POINT('',(-69.293344091102,-28.134781362256,-22.1285398163392));
#1937=CARTESIAN_POINT('',(-69.293344091102,-28.134781362256,-21.1999999999995));
#1938=CARTESIAN_POINT('',(-69.2290568501273,-33.0359163449619,-28.476912363955));
#1939=CARTESIAN_POINT('',(-69.2211408383473,-32.5824083338155,-28.476912363955));
#1940=CARTESIAN_POINT('',(-69.2049351787055,-31.6539867147364,-28.476912363955));
#1941=CARTESIAN_POINT('',(-69.1846832551847,-30.4937547932812,-28.4767693425773));
#1942=CARTESIAN_POINT('',(-69.1704917191263,-29.6807222370137,-28.4771270209816));
#1943=CARTESIAN_POINT('',(-69.1634260713155,-29.2759315450348,-28.4765915740042));
#1944=CARTESIAN_POINT('',(-69.1582736520607,-28.9807496436258,-28.4778129334203));
#1945=CARTESIAN_POINT('',(-69.1520228550106,-28.6226417204616,-28.3565321496493));
#1946=CARTESIAN_POINT('',(-69.1467227324016,-28.3189978995544,-28.076194378748));
#1947=CARTESIAN_POINT('',(-69.1444518757689,-28.1889006102001,-27.7273982567054));
#1948=CARTESIAN_POINT('',(-69.1441004001436,-28.1687645851094,-27.5125538139577));
#1949=CARTESIAN_POINT('',(-69.1441296087465,-28.170437944849,-27.3209136369069));
#1950=CARTESIAN_POINT('',(-69.1441296087465,-28.170437944849,-27.0904244599047));
#1951=CARTESIAN_POINT('',(-69.1441296087465,-28.170437944849,-26.4230364669105));
#1952=CARTESIAN_POINT('',(-69.1441296087465,-28.170437944849,-25.3784291735283));
#1953=CARTESIAN_POINT('',(-69.1441296087465,-28.170437944849,-23.5213495408488));
#1954=CARTESIAN_POINT('',(-69.1441296087465,-28.170437944849,-22.1285398163392));
#1955=CARTESIAN_POINT('',(-69.1441296087465,-28.170437944849,-21.1999999999995));
#1956=CARTESIAN_POINT('',(-69.0425723444105,-33.0425834434888,-28.3566606924462));
#1957=CARTESIAN_POINT('',(-69.0345967941001,-32.5856644722198,-28.3566606924462));
#1958=CARTESIAN_POINT('',(-69.0183912637904,-31.6572502625737,-28.3566606924462));
#1959=CARTESIAN_POINT('',(-68.9981388787023,-30.4969918979438,-28.3565176678089));
#1960=CARTESIAN_POINT('',(-68.9839486011412,-29.6840314409399,-28.3568753144945));
#1961=CARTESIAN_POINT('',(-68.9768790737695,-29.2790184890665,-28.3563395735173));
#1962=CARTESIAN_POINT('',(-68.9720710696312,-29.0035681164652,-28.3574792907717));
#1963=CARTESIAN_POINT('',(-68.9665745004928,-28.688669881421,-28.2508323771351));
#1964=CARTESIAN_POINT('',(-68.9619700379292,-28.4248803978259,-28.0072899411411));
#1965=CARTESIAN_POINT('',(-68.9599713874681,-28.3103777895935,-27.7003037932097));
#1966=CARTESIAN_POINT('',(-68.959655894238,-28.2923031945478,-27.5074540980495));
#1967=CARTESIAN_POINT('',(-68.9596842455452,-28.2939274398501,-27.3214387123994));
#1968=CARTESIAN_POINT('',(-68.9596842455452,-28.2939274398501,-27.0904244599047));
#1969=CARTESIAN_POINT('',(-68.9596842455452,-28.2939274398501,-26.4230364669105));
#1970=CARTESIAN_POINT('',(-68.9596842455452,-28.2939274398501,-25.3784291735283));
#1971=CARTESIAN_POINT('',(-68.9596842455452,-28.2939274398501,-23.5213495408488));
#1972=CARTESIAN_POINT('',(-68.9596842455452,-28.2939274398501,-22.1285398163392));
#1973=CARTESIAN_POINT('',(-68.9596842455452,-28.2939274398501,-21.1999999999995));
#1974=CARTESIAN_POINT('',(-68.9844002923208,-33.0483977028664,-28.1875307583835));
#1975=CARTESIAN_POINT('',(-68.9763410030685,-32.5866813308347,-28.1875307583835));
#1976=CARTESIAN_POINT('',(-68.9601356546601,-31.6582775423069,-28.1875307583835));
#1977=CARTESIAN_POINT('',(-68.9398826203931,-30.4979819862409,-28.1873877291617));
#1978=CARTESIAN_POINT('',(-68.9256941128662,-29.6851229344277,-28.1877453312359));
#1979=CARTESIAN_POINT('',(-68.9186191290225,-29.2797973814833,-28.1872091767579));
#1980=CARTESIAN_POINT('',(-68.914295533169,-29.0320987409315,-28.1882340670562));
#1981=CARTESIAN_POINT('',(-68.9098597602371,-28.7779734798584,-28.1021691998881));
#1982=CARTESIAN_POINT('',(-68.9062337201449,-28.5702377821037,-27.9103781656718));
#1983=CARTESIAN_POINT('',(-68.9046179185146,-28.477668568699,-27.6621963410055));
#1984=CARTESIAN_POINT('',(-68.904353033314,-28.4624933057225,-27.5002815190368));
#1985=CARTESIAN_POINT('',(-68.9043801788636,-28.4640484732195,-27.3221772134307));
#1986=CARTESIAN_POINT('',(-68.9043801788636,-28.4640484732195,-27.0904244599047));
#1987=CARTESIAN_POINT('',(-68.9043801788636,-28.4640484732195,-26.4230364669105));
#1988=CARTESIAN_POINT('',(-68.9043801788636,-28.4640484732195,-25.3784291735283));
#1989=CARTESIAN_POINT('',(-68.9043801788636,-28.4640484732195,-23.5213495408488));
#1990=CARTESIAN_POINT('',(-68.9043801788636,-28.4640484732195,-22.1285398163392));
#1991=CARTESIAN_POINT('',(-68.9043801788636,-28.4640484732195,-21.1999999999995));
#1992=CARTESIAN_POINT('',(-68.9876523301679,-33.0536882549112,-27.9990712405436));
#1993=CARTESIAN_POINT('',(-68.9794997315871,-32.5866261950233,-27.9990712405436));
#1994=CARTESIAN_POINT('',(-68.9632945858692,-31.6582340186265,-27.9990712405436));
#1995=CARTESIAN_POINT('',(-68.9430408282296,-30.4978970205758,-27.9989282062132));
#1996=CARTESIAN_POINT('',(-68.9288542930313,-29.6851509633868,-27.9992857585776));
#1997=CARTESIAN_POINT('',(-68.9217732291043,-29.2794770827059,-27.9987491433404));
#1998=CARTESIAN_POINT('',(-68.9179894037669,-29.0627018743084,-27.9996460832973));
#1999=CARTESIAN_POINT('',(-68.9147356637064,-28.8762952310885,-27.9365155510542));
#2000=CARTESIAN_POINT('',(-68.9121998683909,-28.7310196147565,-27.8023905017542));
#2001=CARTESIAN_POINT('',(-68.9110106707586,-28.6628905280314,-27.6197336503629));
#2002=CARTESIAN_POINT('',(-68.9108021774965,-28.6509459570485,-27.4922891976901));
#2003=CARTESIAN_POINT('',(-68.9108279794845,-28.6524241519506,-27.323000116538));
#2004=CARTESIAN_POINT('',(-68.9108279794845,-28.6524241519506,-27.0904244599047));
#2005=CARTESIAN_POINT('',(-68.9108279794845,-28.6524241519506,-26.4230364669105));
#2006=CARTESIAN_POINT('',(-68.9108279794845,-28.6524241519506,-25.3784291735283));
#2007=CARTESIAN_POINT('',(-68.9108279794845,-28.6524241519506,-23.5213495408488));
#2008=CARTESIAN_POINT('',(-68.9108279794845,-28.6524241519506,-22.1285398163392));
#2009=CARTESIAN_POINT('',(-68.9108279794845,-28.6524241519506,-21.1999999999995));
#2010=CARTESIAN_POINT('',(-68.9043801788636,-28.4640484732195,-21.1999999999995));
#2011=CARTESIAN_POINT('',(-68.9108279794845,-28.6524241519506,-21.1999999999995));
#2012=CARTESIAN_POINT('',(-68.9776349852904,-28.8183671646557,-21.1999999999995));
#2013=CARTESIAN_POINT('',(-69.1700926478856,-28.9289609525097,-21.1999999999995));
#2014=CARTESIAN_POINT('',(-69.3213961234174,-28.9543353369984,-21.1999999999995));
#2015=CARTESIAN_POINT('',(-69.4706106057729,-28.9186787544053,-21.1999999999995));
#2016=CARTESIAN_POINT('',(-69.6550559689742,-28.7951892594042,-21.1999999999995));
#2017=CARTESIAN_POINT('',(-69.7478398261745,-28.5294877131145,-21.1999999999995));
#2018=CARTESIAN_POINT('',(-69.637105229229,-28.2707495345986,-21.1999999999995));
#2019=CARTESIAN_POINT('',(-69.4446475666338,-28.1601557467447,-21.1999999999995));
#2020=CARTESIAN_POINT('',(-69.293344091102,-28.134781362256,-21.1999999999995));
#2021=CARTESIAN_POINT('',(-69.1441296087465,-28.170437944849,-21.1999999999995));
#2022=CARTESIAN_POINT('',(-68.9596842455452,-28.2939274398501,-21.1999999999995));
#2023=CARTESIAN_POINT('',(-68.9043801788636,-28.4640484732195,-21.1999999999995));
#2024=CARTESIAN_POINT('',(-68.9108279794845,-28.6524241519506,-21.1999999999995));
#2025=CARTESIAN_POINT('',(-68.9076040791741,-28.558236312585,-21.1999999999995));
#2026=CARTESIAN_POINT('',(-69.3073701162725,-28.5445583493188,-21.1999999999995));
#2027=CARTESIAN_POINT('',(-44.8477542606735,-38.4590026179076,-32.5176093729385));
#2028=CARTESIAN_POINT('',(-64.9636620758152,-38.1078781409042,-31.9483589109251));
#2029=CARTESIAN_POINT('',(-44.8293349320339,-37.6213595928465,-32.3833898106567));
#2030=CARTESIAN_POINT('',(-64.9452427471756,-37.2702351158431,-31.8141393486434));
#2031=CARTESIAN_POINT('',(-44.8506843830261,-37.4866932061042,-33.2208915510872));
#2032=CARTESIAN_POINT('',(-64.9665921981677,-37.1355687291008,-32.6516410890738));
#2033=CARTESIAN_POINT('',(-44.8691037116656,-38.3243362311652,-33.355111113369));
#2034=CARTESIAN_POINT('',(-64.9850115268073,-37.9732117541618,-32.7858606513556));
#2035=CARTESIAN_POINT('',(-44.8477542606735,-38.4590026179076,-32.5176093729385));
#2036=CARTESIAN_POINT('',(-64.9636620758152,-38.1078781409042,-31.9483589109251));
#2037=CARTESIAN_POINT('',(-44.8293349320339,-37.6213595928465,-32.3833898106567));
#2038=CARTESIAN_POINT('',(-64.9452427471756,-37.2702351158431,-31.8141393486434));
#2039=CARTESIAN_POINT('',(-44.8506843830261,-37.4866932061042,-33.2208915510872));
#2040=CARTESIAN_POINT('',(-64.9665921981677,-37.1355687291008,-32.6516410890738));
#2041=CARTESIAN_POINT('',(-44.9816363689066,-37.5709981979585,-32.8671758310063));
#2042=CARTESIAN_POINT('',(-45.0211754094944,-37.5723297510044,-32.989872937379));
#2043=CARTESIAN_POINT('',(-45.2603021371234,-37.6207122391257,-33.1236861547242));
#2044=CARTESIAN_POINT('',(-45.4233260563378,-37.9673295086605,-33.3207732377211));
#2045=CARTESIAN_POINT('',(-45.2833615441446,-38.2587362132731,-33.1607788461026));
#2046=CARTESIAN_POINT('',(-45.1272634978683,-38.3402162956261,-33.022614072352));
#2047=CARTESIAN_POINT('',(-45.0541171804602,-38.3652004994747,-32.9386011170032));
#2048=CARTESIAN_POINT('',(-44.9778298342982,-38.3708194807911,-32.8966726819815));
#2049=CARTESIAN_POINT('',(-44.9892849340477,-38.3702140453589,-32.8671758310064));
#2050=CARTESIAN_POINT('',(-44.9892849340476,-38.3702140453589,-32.8671758310063));
#2051=CARTESIAN_POINT('',(-44.9816363689067,-37.5709981979585,-32.8671758310063));
#2052=CARTESIAN_POINT('',(-44.9745520154896,-38.3362117157073,-32.7046556584706));
#2053=CARTESIAN_POINT('',(-45.0199516716257,-38.3505161363689,-32.7386022391722));
#2054=CARTESIAN_POINT('',(-45.0103830817872,-38.3690989467151,-32.812848157452));
#2055=CARTESIAN_POINT('',(-44.9892849340476,-38.3702140453589,-32.8671758310063));
#2056=CARTESIAN_POINT('',(-44.9745520154432,-38.3362117156928,-32.7046556584361));
#2057=CARTESIAN_POINT('',(-44.9745520154432,-38.3362117156928,-32.7046556584361));
#2058=CARTESIAN_POINT('',(-44.9734647360588,-38.2739215214763,-32.5645482908598));
#2059=CARTESIAN_POINT('',(-44.9708904285151,-38.1264395410746,-32.4671758310064));
#2060=CARTESIAN_POINT('',(-44.9681732338637,-37.9707715637482,-32.4671758310064));
#2061=CARTESIAN_POINT('',(-44.9679596172804,-37.97076914693,-32.4667172939515));
#2062=CARTESIAN_POINT('',(-44.9681732338637,-37.9707715637482,-32.4671758310064));
#2063=CARTESIAN_POINT('',(-44.9662260025925,-37.8592147589347,-32.4671758310064));
#2064=CARTESIAN_POINT('',(-44.9642941616701,-37.7485396666134,-32.5163957729862));
#2065=CARTESIAN_POINT('',(-44.9629898289092,-37.6738144927909,-32.5992399612137));
#2066=CARTESIAN_POINT('',(-44.9629898289092,-37.6738144927909,-32.5992399612137));
#2067=CARTESIAN_POINT('',(-44.9614907673247,-37.5879333121116,-32.7514597226862));
#2068=CARTESIAN_POINT('',(-45.0061778653454,-37.5995143178398,-32.7105641888563));
#2069=CARTESIAN_POINT('',(-45.001433319601,-37.6414706485151,-32.6343433801281));
#2070=CARTESIAN_POINT('',(-44.9629898290054,-37.6738144928416,-32.5992399611556));
#2071=CARTESIAN_POINT('',(-44.9614907673243,-37.5879333121116,-32.7514597226861));
#2072=CARTESIAN_POINT('',(-44.9612229106527,-37.5725878136706,-32.8297406312421));
#2073=CARTESIAN_POINT('',(-44.961266414043,-37.5750801212333,-32.8032228420879));
#2074=CARTESIAN_POINT('',(-44.9613562938058,-37.5802293293967,-32.7769555497657));
#2075=CARTESIAN_POINT('',(-44.9614907673243,-37.587933312111,-32.7514597226881));
#2076=CARTESIAN_POINT('',(-44.9612229106527,-37.5725878136706,-32.8297406312421));
#2077=CARTESIAN_POINT('',(-44.9816363689067,-37.5709981979585,-32.8671758310063));
#2078=CARTESIAN_POINT('',(-44.9771701535632,-37.5708477895885,-32.8533163217479));
#2079=CARTESIAN_POINT('',(-44.9755063294317,-37.5720614496949,-32.8326874621755));
#2080=CARTESIAN_POINT('',(-44.9612229106573,-37.5725878136724,-32.8297406312218));
#2081=CARTESIAN_POINT('',(-44.9681732338637,-37.9707715637482,-32.8671758310063));
#2082=CARTESIAN_POINT('',(-44.9681732338637,-37.9707715637482,-40.3671758310063));
#2083=CARTESIAN_POINT('',(-45.3681123119262,-37.9637906011733,-40.3671758310063));
#2084=CARTESIAN_POINT('',(-44.5682341558011,-37.9777525263231,-40.3671758310063));
#2085=CARTESIAN_POINT('',(-44.9681732338637,-37.9707715637482,-40.3671758310063));
#2086=CARTESIAN_POINT('',(-44.9681732338637,-37.9707715637482,-32.8671758310063));
#2087=CARTESIAN_POINT('',(-44.9681732338637,-37.9707715637482,-32.8671758310063));
#2088=CARTESIAN_POINT('',(-44.86345879524,-31.9716853928098,-40.3671758310063));
#2089=CARTESIAN_POINT('',(-44.86345879524,-31.9716853928098,-40.3671758310063));
#2090=CARTESIAN_POINT('',(-44.86345879524,-31.9716853928098,-39.9671758310064));
#2091=CARTESIAN_POINT('',(-44.9681732338637,-37.9707715637482,-40.3671758310063));
#2092=CARTESIAN_POINT('',(-44.9681732338637,-37.9707715637482,-40.3671758310063));
#2093=CARTESIAN_POINT('',(-44.86345879524,-31.9716853928098,-40.3671758310063));
#2094=MECHANICAL_DESIGN_GEOMETRIC_PRESENTATION_REPRESENTATION('',(#141),
#2095);
#2095=(
GEOMETRIC_REPRESENTATION_CONTEXT(3)
GLOBAL_UNCERTAINTY_ASSIGNED_CONTEXT((#2096))
GLOBAL_UNIT_ASSIGNED_CONTEXT((#2099,#2098,#2097))
REPRESENTATION_CONTEXT('H04L','TOP_LEVEL_ASSEMBLY_PART')
);
#2096=UNCERTAINTY_MEASURE_WITH_UNIT(LENGTH_MEASURE(0.005),#2099,
'DISTANCE_ACCURACY_VALUE','Maximum Tolerance applied to model');
#2097=(
NAMED_UNIT(*)
SI_UNIT($,.STERADIAN.)
SOLID_ANGLE_UNIT()
);
#2098=(
NAMED_UNIT(*)
PLANE_ANGLE_UNIT()
SI_UNIT($,.RADIAN.)
);
#2099=(
LENGTH_UNIT()
NAMED_UNIT(*)
SI_UNIT(.MILLI.,.METRE.)
);
#2100=PRODUCT_DEFINITION_SHAPE('','',#2101);
#2101=PRODUCT_DEFINITION('','',#2103,#2102);
#2102=PRODUCT_DEFINITION_CONTEXT('',#2109,'design');
#2103=PRODUCT_DEFINITION_FORMATION_WITH_SPECIFIED_SOURCE('','',#2105,
 .NOT_KNOWN.);
#2104=PRODUCT_RELATED_PRODUCT_CATEGORY('','',(#2105));
#2105=PRODUCT('H04L','H04L','H04L',(#2107));
#2106=PRODUCT_CATEGORY('','');
#2107=PRODUCT_CONTEXT('',#2109,'mechanical');
#2108=APPLICATION_PROTOCOL_DEFINITION('international standard',
'ap242_managed_model_based_3d_engineering',2020,#2109);
#2109=APPLICATION_CONTEXT('managed model based 3d engineering');
ENDSEC;
END-ISO-10303-21;
