ISO-10303-21;
HEADER;
/* Generated by software containing ST-Developer
 * from STEP Tools, Inc. (www.steptools.com) 
 */
/* OPTION: using custom renumber hook */

FILE_DESCRIPTION(
/* description */ (
'CAx-IF Rec.Pracs.---Representation and Presentation of Product Manufa
cturing Information (PMI)---4.0---2014-10-13',
'CAx-IF Rec.Pracs.---3D Tessellated Geometry---0.4---2014-09-14','2;1'),

/* implementation_level */ '2;1');

FILE_NAME(
/* name */ 'H04R',
/* time_stamp */ '2026-04-13T01:14:50+03:00',
/* author */ (''),
/* organization */ (''),
/* preprocessor_version */ 'ST-DEVELOPER v18.102',
/* originating_system */ 'SIEMENS PLM Software NX2206.9140',
/* authorisation */ $);

FILE_SCHEMA (('AP242_MANAGED_MODEL_BASED_3D_ENGINEERING_MIM_LF { 1 0 10303 442 3 1 4 }'));
ENDSEC;

DATA;
#10=SHAPE_REPRESENTATION_RELATIONSHIP('','',#151,#11);
#11=ADVANCED_BREP_SHAPE_REPRESENTATION('',(#149),#2095);
#12=SPHERICAL_SURFACE('',#158,0.4);
#13=SPHERICAL_SURFACE('',#162,0.4);
#14=CIRCLE('',#156,0.4);
#15=CIRCLE('',#157,0.4);
#16=CIRCLE('',#160,0.4);
#17=CIRCLE('',#161,0.4);
#18=ELLIPSE('',#155,0.565685424949238,0.4);
#19=CYLINDRICAL_SURFACE('',#154,0.4);
#20=CYLINDRICAL_SURFACE('',#159,0.4);
#21=PLANE('',#153);
#22=PLANE('',#163);
#23=ORIENTED_EDGE('',*,*,#55,.F.);
#24=ORIENTED_EDGE('',*,*,#56,.F.);
#25=ORIENTED_EDGE('',*,*,#57,.T.);
#26=ORIENTED_EDGE('',*,*,#55,.T.);
#27=ORIENTED_EDGE('',*,*,#56,.T.);
#28=ORIENTED_EDGE('',*,*,#58,.T.);
#29=ORIENTED_EDGE('',*,*,#58,.F.);
#30=ORIENTED_EDGE('',*,*,#59,.F.);
#31=ORIENTED_EDGE('',*,*,#60,.T.);
#32=ORIENTED_EDGE('',*,*,#61,.T.);
#33=ORIENTED_EDGE('',*,*,#62,.T.);
#34=ORIENTED_EDGE('',*,*,#63,.T.);
#35=ORIENTED_EDGE('',*,*,#64,.T.);
#36=ORIENTED_EDGE('',*,*,#65,.T.);
#37=ORIENTED_EDGE('',*,*,#57,.F.);
#38=ORIENTED_EDGE('',*,*,#66,.F.);
#39=ORIENTED_EDGE('',*,*,#67,.T.);
#40=ORIENTED_EDGE('',*,*,#68,.F.);
#41=ORIENTED_EDGE('',*,*,#59,.T.);
#42=ORIENTED_EDGE('',*,*,#60,.F.);
#43=ORIENTED_EDGE('',*,*,#68,.T.);
#44=ORIENTED_EDGE('',*,*,#65,.F.);
#45=ORIENTED_EDGE('',*,*,#64,.F.);
#46=ORIENTED_EDGE('',*,*,#63,.F.);
#47=ORIENTED_EDGE('',*,*,#62,.F.);
#48=ORIENTED_EDGE('',*,*,#61,.F.);
#49=ORIENTED_EDGE('',*,*,#69,.F.);
#50=ORIENTED_EDGE('',*,*,#70,.T.);
#51=ORIENTED_EDGE('',*,*,#66,.T.);
#52=ORIENTED_EDGE('',*,*,#67,.F.);
#53=ORIENTED_EDGE('',*,*,#70,.F.);
#54=ORIENTED_EDGE('',*,*,#69,.T.);
#55=EDGE_CURVE('',#71,#71,#85,.T.);
#56=EDGE_CURVE('',#72,#72,#86,.T.);
#57=EDGE_CURVE('',#73,#73,#87,.F.);
#58=EDGE_CURVE('',#74,#74,#88,.F.);
#59=EDGE_CURVE('',#75,#76,#89,.T.);
#60=EDGE_CURVE('',#75,#77,#90,.T.);
#61=EDGE_CURVE('',#77,#78,#91,.T.);
#62=EDGE_CURVE('',#78,#79,#92,.T.);
#63=EDGE_CURVE('',#79,#80,#93,.F.);
#64=EDGE_CURVE('',#80,#81,#94,.F.);
#65=EDGE_CURVE('',#81,#76,#95,.T.);
#66=EDGE_CURVE('',#82,#83,#18,.T.);
#67=EDGE_CURVE('',#82,#83,#14,.T.);
#68=EDGE_CURVE('',#75,#76,#15,.T.);
#69=EDGE_CURVE('',#84,#84,#16,.T.);
#70=EDGE_CURVE('',#83,#82,#17,.T.);
#71=VERTEX_POINT('',#1707);
#72=VERTEX_POINT('',#1723);
#73=VERTEX_POINT('',#1739);
#74=VERTEX_POINT('',#2025);
#75=VERTEX_POINT('',#2050);
#76=VERTEX_POINT('',#2051);
#77=VERTEX_POINT('',#2056);
#78=VERTEX_POINT('',#2061);
#79=VERTEX_POINT('',#2066);
#80=VERTEX_POINT('',#2071);
#81=VERTEX_POINT('',#2076);
#82=VERTEX_POINT('',#2083);
#83=VERTEX_POINT('',#2084);
#84=VERTEX_POINT('',#2090);
#85=B_SPLINE_CURVE_WITH_KNOTS('',3,(#1689,#1690,#1691,#1692,#1693,#1694,
#1695,#1696,#1697,#1698,#1699,#1700,#1701,#1702,#1703,#1704,#1705,#1706),
 .UNSPECIFIED.,.T.,.F.,(1,1,1,1,1,1,1,1,1,1,1,1,1,1,1,1,1,1,1,1,1,1),(-0.000944560563959046,
-0.000755648451167237,-0.000377824225583618,0.,0.000188912112791809,0.000283368169187714,
0.000377824225583618,0.000566736338375427,0.000755648451167237,0.00113347267675085,
0.00151129690233447,0.00170020901512628,0.00174743704332423,0.00179466507152219,
0.00188912112791809,0.0020780332407099,0.00226694535350171,0.00264476957908533,
0.00302259380466895,0.00321150591746076,0.00330596197385666,0.00340041803025256),
 .UNSPECIFIED.);
#86=B_SPLINE_CURVE_WITH_KNOTS('',3,(#1708,#1709,#1710,#1711,#1712,#1713,
#1714,#1715,#1716,#1717,#1718,#1719,#1720,#1721,#1722),.UNSPECIFIED.,.T.,
 .F.,(1,1,2,1,1,1,1,1,1,1,1,1,1,1,2,1,1),(-0.1875,-0.125,0.,0.125,0.1875,
0.25,0.3125,0.375,0.5,0.625,0.6875,0.75,0.8125,0.875,1.,1.125,1.1875),
 .UNSPECIFIED.);
#87=B_SPLINE_CURVE_WITH_KNOTS('',3,(#1724,#1725,#1726,#1727,#1728,#1729,
#1730,#1731,#1732,#1733,#1734,#1735,#1736,#1737,#1738),.UNSPECIFIED.,.T.,
 .F.,(1,1,2,1,1,1,1,1,1,1,1,1,1,1,2,1,1),(-0.1875,-0.125,0.,0.125,0.1875,
0.25,0.3125,0.375,0.5,0.625,0.6875,0.75,0.8125,0.875,1.,1.125,1.1875),
 .UNSPECIFIED.);
#88=B_SPLINE_CURVE_WITH_KNOTS('',3,(#2010,#2011,#2012,#2013,#2014,#2015,
#2016,#2017,#2018,#2019,#2020,#2021,#2022,#2023,#2024),.UNSPECIFIED.,.T.,
 .F.,(1,1,2,1,1,1,1,1,1,1,1,1,1,1,2,1,1),(-0.1875,-0.125,0.,0.125,0.1875,
0.25,0.3125,0.375,0.5,0.625,0.6875,0.75,0.8125,0.875,1.,1.125,1.1875),
 .UNSPECIFIED.);
#89=B_SPLINE_CURVE_WITH_KNOTS('',3,(#2041,#2042,#2043,#2044,#2045,#2046,
#2047,#2048,#2049),.UNSPECIFIED.,.F.,.F.,(4,1,1,1,1,1,4),(5.46172157761471E-17,
0.000372369303779116,0.000744738607558177,0.00111710791133724,0.00130329256322677,
0.00139638488917153,0.0014894772151163),.UNSPECIFIED.);
#90=B_SPLINE_CURVE_WITH_KNOTS('',3,(#2052,#2053,#2054,#2055),
 .UNSPECIFIED.,.F.,.F.,(4,4),(0.,4.36046489159984E-5),.UNSPECIFIED.);
#91=B_SPLINE_CURVE_WITH_KNOTS('',3,(#2057,#2058,#2059,#2060),
 .UNSPECIFIED.,.F.,.F.,(4,4),(0.,1.),.UNSPECIFIED.);
#92=B_SPLINE_CURVE_WITH_KNOTS('',3,(#2062,#2063,#2064,#2065),
 .UNSPECIFIED.,.F.,.F.,(4,4),(3.66743775098512E-6,0.000188343054057583),
 .UNSPECIFIED.);
#93=B_SPLINE_CURVE_WITH_KNOTS('',3,(#2067,#2068,#2069,#2070),
 .UNSPECIFIED.,.F.,.F.,(4,4),(0.,1.),.UNSPECIFIED.);
#94=B_SPLINE_CURVE_WITH_KNOTS('',3,(#2072,#2073,#2074,#2075),
 .UNSPECIFIED.,.F.,.F.,(4,4),(0.,0.578125),.UNSPECIFIED.);
#95=B_SPLINE_CURVE_WITH_KNOTS('',3,(#2077,#2078,#2079,#2080),
 .UNSPECIFIED.,.F.,.F.,(4,4),(0.000180654909253103,0.000351420326224554),
 .UNSPECIFIED.);
#96=EDGE_LOOP('',(#23));
#97=EDGE_LOOP('',(#24));
#98=EDGE_LOOP('',(#25));
#99=EDGE_LOOP('',(#26));
#100=EDGE_LOOP('',(#27));
#101=EDGE_LOOP('',(#28));
#102=EDGE_LOOP('',(#29));
#103=EDGE_LOOP('',(#30,#31,#32,#33,#34,#35,#36));
#104=EDGE_LOOP('',(#37));
#105=EDGE_LOOP('',(#38,#39));
#106=EDGE_LOOP('',(#40,#41));
#107=EDGE_LOOP('',(#42,#43,#44,#45,#46,#47,#48));
#108=EDGE_LOOP('',(#49));
#109=EDGE_LOOP('',(#50,#51));
#110=EDGE_LOOP('',(#52,#53));
#111=EDGE_LOOP('',(#54));
#112=FACE_BOUND('',#96,.T.);
#113=FACE_BOUND('',#97,.T.);
#114=FACE_BOUND('',#98,.T.);
#115=FACE_BOUND('',#99,.T.);
#116=FACE_BOUND('',#100,.T.);
#117=FACE_BOUND('',#101,.T.);
#118=FACE_BOUND('',#102,.T.);
#119=FACE_BOUND('',#103,.T.);
#120=FACE_BOUND('',#104,.T.);
#121=FACE_BOUND('',#105,.T.);
#122=FACE_BOUND('',#106,.T.);
#123=FACE_BOUND('',#107,.T.);
#124=FACE_BOUND('',#108,.T.);
#125=FACE_BOUND('',#109,.T.);
#126=FACE_BOUND('',#110,.T.);
#127=FACE_BOUND('',#111,.T.);
#128=B_SPLINE_SURFACE_WITH_KNOTS('',3,3,((#189,#190,#191,#192,#193,#194,
#195,#196,#197,#198,#199,#200,#201,#202,#203,#204,#205,#206,#207,#208,#209,
#210,#211,#212,#213,#214,#215,#216,#217,#218,#219,#220,#221,#222,#223,#224,
#225,#226,#227,#228,#229,#230,#231,#232,#233,#234,#235,#236,#237,#238,#239,
#240,#241,#242,#243,#244,#245,#246,#247,#248,#249,#250,#251,#252,#253,#254,
#255,#256,#257,#258,#259,#260,#261,#262,#263,#264,#265,#266,#267,#268,#269,
#270,#271,#272,#273,#274,#275,#276,#277,#278,#279,#280,#281,#282,#283,#284,
#285,#286,#287,#288),(#289,#290,#291,#292,#293,#294,#295,#296,#297,#298,
#299,#300,#301,#302,#303,#304,#305,#306,#307,#308,#309,#310,#311,#312,#313,
#314,#315,#316,#317,#318,#319,#320,#321,#322,#323,#324,#325,#326,#327,#328,
#329,#330,#331,#332,#333,#334,#335,#336,#337,#338,#339,#340,#341,#342,#343,
#344,#345,#346,#347,#348,#349,#350,#351,#352,#353,#354,#355,#356,#357,#358,
#359,#360,#361,#362,#363,#364,#365,#366,#367,#368,#369,#370,#371,#372,#373,
#374,#375,#376,#377,#378,#379,#380,#381,#382,#383,#384,#385,#386,#387,#388),
(#389,#390,#391,#392,#393,#394,#395,#396,#397,#398,#399,#400,#401,#402,
#403,#404,#405,#406,#407,#408,#409,#410,#411,#412,#413,#414,#415,#416,#417,
#418,#419,#420,#421,#422,#423,#424,#425,#426,#427,#428,#429,#430,#431,#432,
#433,#434,#435,#436,#437,#438,#439,#440,#441,#442,#443,#444,#445,#446,#447,
#448,#449,#450,#451,#452,#453,#454,#455,#456,#457,#458,#459,#460,#461,#462,
#463,#464,#465,#466,#467,#468,#469,#470,#471,#472,#473,#474,#475,#476,#477,
#478,#479,#480,#481,#482,#483,#484,#485,#486,#487,#488),(#489,#490,#491,
#492,#493,#494,#495,#496,#497,#498,#499,#500,#501,#502,#503,#504,#505,#506,
#507,#508,#509,#510,#511,#512,#513,#514,#515,#516,#517,#518,#519,#520,#521,
#522,#523,#524,#525,#526,#527,#528,#529,#530,#531,#532,#533,#534,#535,#536,
#537,#538,#539,#540,#541,#542,#543,#544,#545,#546,#547,#548,#549,#550,#551,
#552,#553,#554,#555,#556,#557,#558,#559,#560,#561,#562,#563,#564,#565,#566,
#567,#568,#569,#570,#571,#572,#573,#574,#575,#576,#577,#578,#579,#580,#581,
#582,#583,#584,#585,#586,#587,#588),(#589,#590,#591,#592,#593,#594,#595,
#596,#597,#598,#599,#600,#601,#602,#603,#604,#605,#606,#607,#608,#609,#610,
#611,#612,#613,#614,#615,#616,#617,#618,#619,#620,#621,#622,#623,#624,#625,
#626,#627,#628,#629,#630,#631,#632,#633,#634,#635,#636,#637,#638,#639,#640,
#641,#642,#643,#644,#645,#646,#647,#648,#649,#650,#651,#652,#653,#654,#655,
#656,#657,#658,#659,#660,#661,#662,#663,#664,#665,#666,#667,#668,#669,#670,
#671,#672,#673,#674,#675,#676,#677,#678,#679,#680,#681,#682,#683,#684,#685,
#686,#687,#688),(#689,#690,#691,#692,#693,#694,#695,#696,#697,#698,#699,
#700,#701,#702,#703,#704,#705,#706,#707,#708,#709,#710,#711,#712,#713,#714,
#715,#716,#717,#718,#719,#720,#721,#722,#723,#724,#725,#726,#727,#728,#729,
#730,#731,#732,#733,#734,#735,#736,#737,#738,#739,#740,#741,#742,#743,#744,
#745,#746,#747,#748,#749,#750,#751,#752,#753,#754,#755,#756,#757,#758,#759,
#760,#761,#762,#763,#764,#765,#766,#767,#768,#769,#770,#771,#772,#773,#774,
#775,#776,#777,#778,#779,#780,#781,#782,#783,#784,#785,#786,#787,#788),
(#789,#790,#791,#792,#793,#794,#795,#796,#797,#798,#799,#800,#801,#802,
#803,#804,#805,#806,#807,#808,#809,#810,#811,#812,#813,#814,#815,#816,#817,
#818,#819,#820,#821,#822,#823,#824,#825,#826,#827,#828,#829,#830,#831,#832,
#833,#834,#835,#836,#837,#838,#839,#840,#841,#842,#843,#844,#845,#846,#847,
#848,#849,#850,#851,#852,#853,#854,#855,#856,#857,#858,#859,#860,#861,#862,
#863,#864,#865,#866,#867,#868,#869,#870,#871,#872,#873,#874,#875,#876,#877,
#878,#879,#880,#881,#882,#883,#884,#885,#886,#887,#888),(#889,#890,#891,
#892,#893,#894,#895,#896,#897,#898,#899,#900,#901,#902,#903,#904,#905,#906,
#907,#908,#909,#910,#911,#912,#913,#914,#915,#916,#917,#918,#919,#920,#921,
#922,#923,#924,#925,#926,#927,#928,#929,#930,#931,#932,#933,#934,#935,#936,
#937,#938,#939,#940,#941,#942,#943,#944,#945,#946,#947,#948,#949,#950,#951,
#952,#953,#954,#955,#956,#957,#958,#959,#960,#961,#962,#963,#964,#965,#966,
#967,#968,#969,#970,#971,#972,#973,#974,#975,#976,#977,#978,#979,#980,#981,
#982,#983,#984,#985,#986,#987,#988),(#989,#990,#991,#992,#993,#994,#995,
#996,#997,#998,#999,#1000,#1001,#1002,#1003,#1004,#1005,#1006,#1007,#1008,
#1009,#1010,#1011,#1012,#1013,#1014,#1015,#1016,#1017,#1018,#1019,#1020,
#1021,#1022,#1023,#1024,#1025,#1026,#1027,#1028,#1029,#1030,#1031,#1032,
#1033,#1034,#1035,#1036,#1037,#1038,#1039,#1040,#1041,#1042,#1043,#1044,
#1045,#1046,#1047,#1048,#1049,#1050,#1051,#1052,#1053,#1054,#1055,#1056,
#1057,#1058,#1059,#1060,#1061,#1062,#1063,#1064,#1065,#1066,#1067,#1068,
#1069,#1070,#1071,#1072,#1073,#1074,#1075,#1076,#1077,#1078,#1079,#1080,
#1081,#1082,#1083,#1084,#1085,#1086,#1087,#1088),(#1089,#1090,#1091,#1092,
#1093,#1094,#1095,#1096,#1097,#1098,#1099,#1100,#1101,#1102,#1103,#1104,
#1105,#1106,#1107,#1108,#1109,#1110,#1111,#1112,#1113,#1114,#1115,#1116,
#1117,#1118,#1119,#1120,#1121,#1122,#1123,#1124,#1125,#1126,#1127,#1128,
#1129,#1130,#1131,#1132,#1133,#1134,#1135,#1136,#1137,#1138,#1139,#1140,
#1141,#1142,#1143,#1144,#1145,#1146,#1147,#1148,#1149,#1150,#1151,#1152,
#1153,#1154,#1155,#1156,#1157,#1158,#1159,#1160,#1161,#1162,#1163,#1164,
#1165,#1166,#1167,#1168,#1169,#1170,#1171,#1172,#1173,#1174,#1175,#1176,
#1177,#1178,#1179,#1180,#1181,#1182,#1183,#1184,#1185,#1186,#1187,#1188),
(#1189,#1190,#1191,#1192,#1193,#1194,#1195,#1196,#1197,#1198,#1199,#1200,
#1201,#1202,#1203,#1204,#1205,#1206,#1207,#1208,#1209,#1210,#1211,#1212,
#1213,#1214,#1215,#1216,#1217,#1218,#1219,#1220,#1221,#1222,#1223,#1224,
#1225,#1226,#1227,#1228,#1229,#1230,#1231,#1232,#1233,#1234,#1235,#1236,
#1237,#1238,#1239,#1240,#1241,#1242,#1243,#1244,#1245,#1246,#1247,#1248,
#1249,#1250,#1251,#1252,#1253,#1254,#1255,#1256,#1257,#1258,#1259,#1260,
#1261,#1262,#1263,#1264,#1265,#1266,#1267,#1268,#1269,#1270,#1271,#1272,
#1273,#1274,#1275,#1276,#1277,#1278,#1279,#1280,#1281,#1282,#1283,#1284,
#1285,#1286,#1287,#1288),(#1289,#1290,#1291,#1292,#1293,#1294,#1295,#1296,
#1297,#1298,#1299,#1300,#1301,#1302,#1303,#1304,#1305,#1306,#1307,#1308,
#1309,#1310,#1311,#1312,#1313,#1314,#1315,#1316,#1317,#1318,#1319,#1320,
#1321,#1322,#1323,#1324,#1325,#1326,#1327,#1328,#1329,#1330,#1331,#1332,
#1333,#1334,#1335,#1336,#1337,#1338,#1339,#1340,#1341,#1342,#1343,#1344,
#1345,#1346,#1347,#1348,#1349,#1350,#1351,#1352,#1353,#1354,#1355,#1356,
#1357,#1358,#1359,#1360,#1361,#1362,#1363,#1364,#1365,#1366,#1367,#1368,
#1369,#1370,#1371,#1372,#1373,#1374,#1375,#1376,#1377,#1378,#1379,#1380,
#1381,#1382,#1383,#1384,#1385,#1386,#1387,#1388),(#1389,#1390,#1391,#1392,
#1393,#1394,#1395,#1396,#1397,#1398,#1399,#1400,#1401,#1402,#1403,#1404,
#1405,#1406,#1407,#1408,#1409,#1410,#1411,#1412,#1413,#1414,#1415,#1416,
#1417,#1418,#1419,#1420,#1421,#1422,#1423,#1424,#1425,#1426,#1427,#1428,
#1429,#1430,#1431,#1432,#1433,#1434,#1435,#1436,#1437,#1438,#1439,#1440,
#1441,#1442,#1443,#1444,#1445,#1446,#1447,#1448,#1449,#1450,#1451,#1452,
#1453,#1454,#1455,#1456,#1457,#1458,#1459,#1460,#1461,#1462,#1463,#1464,
#1465,#1466,#1467,#1468,#1469,#1470,#1471,#1472,#1473,#1474,#1475,#1476,
#1477,#1478,#1479,#1480,#1481,#1482,#1483,#1484,#1485,#1486,#1487,#1488),
(#1489,#1490,#1491,#1492,#1493,#1494,#1495,#1496,#1497,#1498,#1499,#1500,
#1501,#1502,#1503,#1504,#1505,#1506,#1507,#1508,#1509,#1510,#1511,#1512,
#1513,#1514,#1515,#1516,#1517,#1518,#1519,#1520,#1521,#1522,#1523,#1524,
#1525,#1526,#1527,#1528,#1529,#1530,#1531,#1532,#1533,#1534,#1535,#1536,
#1537,#1538,#1539,#1540,#1541,#1542,#1543,#1544,#1545,#1546,#1547,#1548,
#1549,#1550,#1551,#1552,#1553,#1554,#1555,#1556,#1557,#1558,#1559,#1560,
#1561,#1562,#1563,#1564,#1565,#1566,#1567,#1568,#1569,#1570,#1571,#1572,
#1573,#1574,#1575,#1576,#1577,#1578,#1579,#1580,#1581,#1582,#1583,#1584,
#1585,#1586,#1587,#1588),(#1589,#1590,#1591,#1592,#1593,#1594,#1595,#1596,
#1597,#1598,#1599,#1600,#1601,#1602,#1603,#1604,#1605,#1606,#1607,#1608,
#1609,#1610,#1611,#1612,#1613,#1614,#1615,#1616,#1617,#1618,#1619,#1620,
#1621,#1622,#1623,#1624,#1625,#1626,#1627,#1628,#1629,#1630,#1631,#1632,
#1633,#1634,#1635,#1636,#1637,#1638,#1639,#1640,#1641,#1642,#1643,#1644,
#1645,#1646,#1647,#1648,#1649,#1650,#1651,#1652,#1653,#1654,#1655,#1656,
#1657,#1658,#1659,#1660,#1661,#1662,#1663,#1664,#1665,#1666,#1667,#1668,
#1669,#1670,#1671,#1672,#1673,#1674,#1675,#1676,#1677,#1678,#1679,#1680,
#1681,#1682,#1683,#1684,#1685,#1686,#1687,#1688)),.UNSPECIFIED.,.T.,.F.,
 .T.,(1,1,2,1,1,1,1,1,1,1,1,1,1,1,2,1,1),(4,1,1,1,1,1,1,1,1,1,1,1,1,1,1,
1,1,1,1,1,1,1,1,1,1,1,1,1,1,1,1,1,1,1,1,1,1,1,1,1,1,1,1,1,1,1,1,1,1,1,1,
1,1,1,1,1,1,1,1,1,1,1,1,1,1,1,1,1,1,1,1,1,1,1,1,1,1,1,1,1,1,1,1,1,1,1,1,
1,1,1,1,1,1,1,1,1,1,4),(-0.1875,-0.125,0.,0.125,0.1875,0.25,0.3125,0.375,
0.5,0.625,0.6875,0.75,0.8125,0.875,1.,1.125,1.1875),(0.,0.015625,0.0234375,
0.03125,0.046875,0.0546875,0.0625,0.0703125,0.078125,0.09375,0.1015625,
0.109375,0.1171875,0.125,0.1328125,0.140625,0.15625,0.171875,0.1875,0.203125,
0.2109375,0.21875,0.2265625,0.234375,0.25,0.265625,0.2734375,0.28125,0.2890625,
0.296875,0.3125,0.328125,0.34375,0.359375,0.3671875,0.375,0.3828125,0.390625,
0.40625,0.4140625,0.421875,0.4296875,0.4375,0.453125,0.4609375,0.46875,
0.4765625,0.484375,0.5,0.5078125,0.515625,0.5234375,0.53125,0.546875,0.5546875,
0.5625,0.5703125,0.578125,0.59375,0.6015625,0.609375,0.6171875,0.625,0.6328125,
0.640625,0.65625,0.671875,0.6875,0.703125,0.7109375,0.71875,0.7265625,0.734375,
0.75,0.765625,0.7734375,0.78125,0.7890625,0.796875,0.8125,0.828125,0.84375,
0.859375,0.8671875,0.875,0.8828125,0.890625,0.90625,0.9140625,0.921875,
0.9296875,0.9375,0.953125,0.9609375,0.96875,0.9765625,0.984375,1.),
 .UNSPECIFIED.);
#129=B_SPLINE_SURFACE_WITH_KNOTS('',3,3,((#1740,#1741,#1742,#1743,#1744,
#1745,#1746,#1747,#1748,#1749,#1750,#1751,#1752,#1753,#1754,#1755,#1756,
#1757),(#1758,#1759,#1760,#1761,#1762,#1763,#1764,#1765,#1766,#1767,#1768,
#1769,#1770,#1771,#1772,#1773,#1774,#1775),(#1776,#1777,#1778,#1779,#1780,
#1781,#1782,#1783,#1784,#1785,#1786,#1787,#1788,#1789,#1790,#1791,#1792,
#1793),(#1794,#1795,#1796,#1797,#1798,#1799,#1800,#1801,#1802,#1803,#1804,
#1805,#1806,#1807,#1808,#1809,#1810,#1811),(#1812,#1813,#1814,#1815,#1816,
#1817,#1818,#1819,#1820,#1821,#1822,#1823,#1824,#1825,#1826,#1827,#1828,
#1829),(#1830,#1831,#1832,#1833,#1834,#1835,#1836,#1837,#1838,#1839,#1840,
#1841,#1842,#1843,#1844,#1845,#1846,#1847),(#1848,#1849,#1850,#1851,#1852,
#1853,#1854,#1855,#1856,#1857,#1858,#1859,#1860,#1861,#1862,#1863,#1864,
#1865),(#1866,#1867,#1868,#1869,#1870,#1871,#1872,#1873,#1874,#1875,#1876,
#1877,#1878,#1879,#1880,#1881,#1882,#1883),(#1884,#1885,#1886,#1887,#1888,
#1889,#1890,#1891,#1892,#1893,#1894,#1895,#1896,#1897,#1898,#1899,#1900,
#1901),(#1902,#1903,#1904,#1905,#1906,#1907,#1908,#1909,#1910,#1911,#1912,
#1913,#1914,#1915,#1916,#1917,#1918,#1919),(#1920,#1921,#1922,#1923,#1924,
#1925,#1926,#1927,#1928,#1929,#1930,#1931,#1932,#1933,#1934,#1935,#1936,
#1937),(#1938,#1939,#1940,#1941,#1942,#1943,#1944,#1945,#1946,#1947,#1948,
#1949,#1950,#1951,#1952,#1953,#1954,#1955),(#1956,#1957,#1958,#1959,#1960,
#1961,#1962,#1963,#1964,#1965,#1966,#1967,#1968,#1969,#1970,#1971,#1972,
#1973),(#1974,#1975,#1976,#1977,#1978,#1979,#1980,#1981,#1982,#1983,#1984,
#1985,#1986,#1987,#1988,#1989,#1990,#1991),(#1992,#1993,#1994,#1995,#1996,
#1997,#1998,#1999,#2000,#2001,#2002,#2003,#2004,#2005,#2006,#2007,#2008,
#2009)),.UNSPECIFIED.,.T.,.F.,.F.,(1,1,2,1,1,1,1,1,1,1,1,1,1,1,2,1,1),(4,
1,1,1,1,1,1,1,1,1,1,1,1,1,1,4),(-0.1875,-0.125,0.,0.125,0.1875,0.25,0.3125,
0.375,0.5,0.625,0.6875,0.75,0.8125,0.875,1.,1.125,1.1875),(0.,0.125,0.25,
0.3125,0.34375,0.359375,0.375,0.40625,0.421875,0.4375,0.4453125,0.46875,
0.5,0.625,0.75,1.),.UNSPECIFIED.);
#130=B_SPLINE_SURFACE_WITH_KNOTS('',3,1,((#2027,#2028),(#2029,#2030),(#2031,
#2032),(#2033,#2034),(#2035,#2036),(#2037,#2038),(#2039,#2040)),
 .SURF_OF_LINEAR_EXTRUSION.,.T.,.F.,.F.,(1,1,1,1,1,1,1,1,1,1,1),(2,2),(-0.75,
-0.5,-0.25,0.,0.25,0.5,0.75,1.,1.25,1.5,1.75),(0.,1.),.UNSPECIFIED.);
#131=ADVANCED_FACE('',(#112,#113,#114),#128,.T.);
#132=ADVANCED_FACE('',(#115,#116,#117),#129,.T.);
#133=ADVANCED_FACE('',(#118),#21,.T.);
#134=ADVANCED_FACE('',(#119,#120),#130,.F.);
#135=ADVANCED_FACE('',(#121,#122),#19,.T.);
#136=ADVANCED_FACE('',(#123),#12,.T.);
#137=ADVANCED_FACE('',(#124,#125),#20,.T.);
#138=ADVANCED_FACE('',(#126),#13,.T.);
#139=ADVANCED_FACE('',(#127),#22,.T.);
#140=CLOSED_SHELL('',(#131,#132,#133,#134,#135,#136,#137,#138,#139));
#141=STYLED_ITEM('',(#142),#149);
#142=PRESENTATION_STYLE_ASSIGNMENT((#143));
#143=SURFACE_STYLE_USAGE(.BOTH.,#144);
#144=SURFACE_SIDE_STYLE('',(#145));
#145=SURFACE_STYLE_FILL_AREA(#146);
#146=FILL_AREA_STYLE('',(#147));
#147=FILL_AREA_STYLE_COLOUR('',#148);
#148=COLOUR_RGB('',0.611764705882353,0.658823529411765,0.670588235294118);
#149=MANIFOLD_SOLID_BREP('Unite (17)',#140);
#150=SHAPE_DEFINITION_REPRESENTATION(#2100,#151);
#151=SHAPE_REPRESENTATION('H04R',(#152),#2095);
#152=AXIS2_PLACEMENT_3D('',#188,#164,#165);
#153=AXIS2_PLACEMENT_3D('',#2026,#166,#167);
#154=AXIS2_PLACEMENT_3D('',#2081,#168,#169);
#155=AXIS2_PLACEMENT_3D('',#2082,#170,#171);
#156=AXIS2_PLACEMENT_3D('',#2085,#172,#173);
#157=AXIS2_PLACEMENT_3D('',#2086,#174,#175);
#158=AXIS2_PLACEMENT_3D('',#2087,#176,#177);
#159=AXIS2_PLACEMENT_3D('',#2088,#178,#179);
#160=AXIS2_PLACEMENT_3D('',#2089,#180,#181);
#161=AXIS2_PLACEMENT_3D('',#2091,#182,#183);
#162=AXIS2_PLACEMENT_3D('',#2092,#184,#185);
#163=AXIS2_PLACEMENT_3D('',#2093,#186,#187);
#164=DIRECTION('',(0.,0.,1.));
#165=DIRECTION('',(1.,0.,0.));
#166=DIRECTION('',(0.,0.,1.));
#167=DIRECTION('',(-0.0167475032300062,0.999859750732852,0.));
#168=DIRECTION('',(0.,9.473903143468E-16,-1.));
#169=DIRECTION('',(0.,1.,9.47390314346801E-16));
#170=DIRECTION('',(-0.707106781186548,6.69906115705078E-16,-0.707106781186547));
#171=DIRECTION('',(0.707106781186548,6.69906115705078E-16,-0.707106781186547));
#172=DIRECTION('',(0.,-9.473903143468E-16,1.));
#173=DIRECTION('',(0.,-1.,-9.473903143468E-16));
#174=DIRECTION('',(0.,-9.473903143468E-16,1.));
#175=DIRECTION('',(0.,-1.,-9.473903143468E-16));
#176=DIRECTION('',(0.,0.,1.));
#177=DIRECTION('',(1.,0.,0.));
#178=DIRECTION('',(1.,0.,0.));
#179=DIRECTION('',(0.,0.,-1.));
#180=DIRECTION('',(-1.,0.,0.));
#181=DIRECTION('',(0.,0.,1.));
#182=DIRECTION('',(-1.,0.,0.));
#183=DIRECTION('',(0.,0.,1.));
#184=DIRECTION('',(0.,0.,1.));
#185=DIRECTION('',(1.,0.,0.));
#186=DIRECTION('',(-1.,0.,0.));
#187=DIRECTION('',(0.,0.,1.));
#188=CARTESIAN_POINT('',(0.,0.,0.));
#189=CARTESIAN_POINT('',(0.00286329836800854,4.10163574968875,4.30092875945586));
#190=CARTESIAN_POINT('',(0.722104730998356,4.10163574968875,4.28052424015571));
#191=CARTESIAN_POINT('',(1.752955326214,3.82039822420953,4.25127709461822));
#192=CARTESIAN_POINT('',(2.90171400720617,2.96921255623088,4.21111148539723));
#193=CARTESIAN_POINT('',(3.78123782552098,1.8422984488796,4.17093421978708));
#194=CARTESIAN_POINT('',(4.1943008876432,0.458955323595019,4.13144480206123));
#195=CARTESIAN_POINT('',(4.03638414420034,-0.958455542317434,4.09133891930034));
#196=CARTESIAN_POINT('',(3.65629977607728,-1.95999933578175,4.06129793628223));
#197=CARTESIAN_POINT('',(3.04270514101608,-2.8318010700034,4.03136469265739));
#198=CARTESIAN_POINT('',(1.93693590476309,-3.7408508120621,3.99111996305995));
#199=CARTESIAN_POINT('',(0.562045038114605,-4.18629756053125,3.95159354688058));
#200=CARTESIAN_POINT('',(-0.861428019161784,-4.06446045910924,3.91144735115839));
#201=CARTESIAN_POINT('',(-1.8715382693823,-3.708755767916,3.88139712521356));
#202=CARTESIAN_POINT('',(-2.75766811732424,-3.11043846835545,3.85134275263149));
#203=CARTESIAN_POINT('',(-3.46045875196356,-2.30828109482846,3.8213342959788));
#204=CARTESIAN_POINT('',(-3.9343657847349,-1.34670043145983,3.79130833559603));
#205=CARTESIAN_POINT('',(-4.23116552566886,0.0544670846157591,3.75110866920613));
#206=CARTESIAN_POINT('',(-3.88727524704278,1.84394815668839,3.70118494701846));
#207=CARTESIAN_POINT('',(-2.4783405083994,3.52723349760019,3.64090540662293));
#208=CARTESIAN_POINT('',(-0.4173174011245,4.29732851332434,3.58086071940712));
#209=CARTESIAN_POINT('',(1.38079157521102,3.99787300678187,3.5308324661148));
#210=CARTESIAN_POINT('',(2.6117767637218,3.25247955662174,3.4904259688059));
#211=CARTESIAN_POINT('',(3.35603618190499,2.48374689722281,3.46032127022761));
#212=CARTESIAN_POINT('',(3.87705089157757,1.54329189877688,3.43020121842878));
#213=CARTESIAN_POINT('',(4.24172157624857,0.152815570871287,3.38986312231489));
#214=CARTESIAN_POINT('',(3.9871155146949,-1.65733002156448,3.33971560543311));
#215=CARTESIAN_POINT('',(2.88541423303702,-3.11728487564936,3.28956559999139));
#216=CARTESIAN_POINT('',(1.64276477818728,-3.84489859854211,3.24916897060274));
#217=CARTESIAN_POINT('',(0.607445968704371,-4.1430472086578,3.21897807245952));
#218=CARTESIAN_POINT('',(-0.465371901902196,-4.16027267591176,3.18877348861468));
#219=CARTESIAN_POINT('',(-1.86737399764516,-3.81462930923212,3.14821722337665));
#220=CARTESIAN_POINT('',(-3.35698023998864,-2.74836218993661,3.09796385255701));
#221=CARTESIAN_POINT('',(-4.27789630980921,-0.735716371828224,3.03756561983179));
#222=CARTESIAN_POINT('',(-4.08136126250746,1.46648434206352,2.97681744491031));
#223=CARTESIAN_POINT('',(-3.04862389302195,2.9873413239099,2.9264737304787));
#224=CARTESIAN_POINT('',(-1.83736684967468,3.77634243300957,2.88591612386069));
#225=CARTESIAN_POINT('',(-0.812490142855197,4.12560024648945,2.85558498879779));
#226=CARTESIAN_POINT('',(0.263229474421976,4.19670612280048,2.82523457688238));
#227=CARTESIAN_POINT('',(1.68617059991515,3.91989748531056,2.78447192520969));
#228=CARTESIAN_POINT('',(2.91925551835928,3.12717255952684,2.74435099290823));
#229=CARTESIAN_POINT('',(3.73950213185374,1.93466191124845,2.70371936361496));
#230=CARTESIAN_POINT('',(4.11270931877123,0.914797842083634,2.67327213850125));
#231=CARTESIAN_POINT('',(4.2182758992646,-0.162333431816763,2.64282967300957));
#232=CARTESIAN_POINT('',(3.96851589057897,-1.59263836071013,2.60204627038792));
#233=CARTESIAN_POINT('',(3.20612051203736,-2.85028952728778,2.56177071942176));
#234=CARTESIAN_POINT('',(2.03104854589761,-3.70045006322643,2.52103349067803));
#235=CARTESIAN_POINT('',(1.01719934955523,-4.09917956782617,2.49049819086395));
#236=CARTESIAN_POINT('',(-0.0594994128307331,-4.23244981775365,2.4599922127675));
#237=CARTESIAN_POINT('',(-1.49914649959259,-4.0172469561493,2.41908169417615));
#238=CARTESIAN_POINT('',(-2.77874140567929,-3.28350523750714,2.37871459232525));
#239=CARTESIAN_POINT('',(-3.65915902209443,-2.1267431288753,2.33786857367659));
#240=CARTESIAN_POINT('',(-4.08367795554989,-1.12024985301033,2.30724422665484));
#241=CARTESIAN_POINT('',(-4.2444381069085,-0.0439176648977149,2.27665853430656));
#242=CARTESIAN_POINT('',(-4.06503186453075,1.40406365990681,2.23563253024981));
#243=CARTESIAN_POINT('',(-3.36002239581661,2.70549421293155,2.19515473299068));
#244=CARTESIAN_POINT('',(-2.22177345677182,3.61638047888847,2.15417867417858));
#245=CARTESIAN_POINT('',(-1.22316104001253,4.06657367772368,2.12346142978834));
#246=CARTESIAN_POINT('',(-0.147971398794446,4.25419183737346,2.09280426382515));
#247=CARTESIAN_POINT('',(1.30838582080876,4.11127550256633,2.05164348102424));
#248=CARTESIAN_POINT('',(2.62956059669728,3.43452613981135,2.01105129346001));
#249=CARTESIAN_POINT('',(3.57233690944325,2.31624037575754,1.96997277416271));
#250=CARTESIAN_POINT('',(4.04720693699534,1.32718199635399,1.93918907635792));
#251=CARTESIAN_POINT('',(4.25636065260432,0.251318658690338,1.90836976527253));
#252=CARTESIAN_POINT('',(4.18408432629076,-0.840096725420896,1.87757627441227));
#253=CARTESIAN_POINT('',(3.8294023963416,-1.88049298662346,1.84678462714797));
#254=CARTESIAN_POINT('',(3.02806509183986,-3.11037523863071,1.80560020349952));
#255=CARTESIAN_POINT('',(1.47877191135613,-4.1621497145733,1.7543195692445));
#256=CARTESIAN_POINT('',(-0.765961255360651,-4.36220042649624,1.69239863869369));
#257=CARTESIAN_POINT('',(-2.82151409266742,-3.42136872167753,1.63070950663136));
#258=CARTESIAN_POINT('',(-3.91324905754406,-1.89579476099548,1.57924735429388));
#259=CARTESIAN_POINT('',(-4.26657693091629,-0.461877842952982,1.53776902063777));
#260=CARTESIAN_POINT('',(-4.24877030327535,0.638812082884274,1.50677963563545));
#261=CARTESIAN_POINT('',(-3.94264213856218,1.70137248229773,1.47579334007957));
#262=CARTESIAN_POINT('',(-3.19608151351052,2.97604141920274,1.43435294110098));
#263=CARTESIAN_POINT('',(-1.69200125490005,4.11075372900417,1.38269212878244));
#264=CARTESIAN_POINT('',(0.175787810077232,4.37323527495558,1.33094837649639));
#265=CARTESIAN_POINT('',(1.60792614025725,3.99746048658457,1.2894004505033));
#266=CARTESIAN_POINT('',(2.5791318108679,3.45926153572108,1.2582934997295));
#267=CARTESIAN_POINT('',(3.37415762645136,2.68935977386329,1.22715549675193));
#268=CARTESIAN_POINT('',(4.14343349071732,1.41858848500726,1.18544616176722));
#269=CARTESIAN_POINT('',(4.45399866439403,-0.447623642564017,1.13352394331293));
#270=CARTESIAN_POINT('',(3.65444119761081,-2.58675477648145,1.07120113991217));
#271=CARTESIAN_POINT('',(1.90498393294581,-4.05070994438176,1.0085585674797));
#272=CARTESIAN_POINT('',(0.0378990506492536,-4.409279565923,0.956470827434538));
#273=CARTESIAN_POINT('',(-1.41983869348355,-4.10031926548675,0.914647178674579));
#274=CARTESIAN_POINT('',(-2.42308008431313,-3.60573480214965,0.883318533390096));
#275=CARTESIAN_POINT('',(-3.26141694203162,-2.87106733936166,0.851953286002477));
#276=CARTESIAN_POINT('',(-4.09777191266226,-1.63206836668725,0.809934373569513));
#277=CARTESIAN_POINT('',(-4.42245568014249,-0.145377922689184,0.768269498299267));
#278=CARTESIAN_POINT('',(-4.14963787638059,1.32340000473273,0.726313923638374));
#279=CARTESIAN_POINT('',(-3.67587426709783,2.34128614979659,0.694841239267396));
#280=CARTESIAN_POINT('',(-2.96418561958438,3.2067664981272,0.663338618388024));
#281=CARTESIAN_POINT('',(-1.73804838380112,4.0695366288144,0.621242918199035));
#282=CARTESIAN_POINT('',(-0.254035806794727,4.43488146070184,0.579376121496958));
#283=CARTESIAN_POINT('',(1.22572261218109,4.19643779885513,0.537258709857183));
#284=CARTESIAN_POINT('',(2.2589505574859,3.74543858268652,0.50566057058805));
#285=CARTESIAN_POINT('',(3.14551841352234,3.05383598343087,0.474049152133707));
#286=CARTESIAN_POINT('',(4.04165909869926,1.84506833319033,0.431749459897946));
#287=CARTESIAN_POINT('',(4.34185497862589,0.7407303682752,0.400424092407967));
#288=CARTESIAN_POINT('',(4.34185497862589,-0.0107280947828985,0.379162167265934));
#289=CARTESIAN_POINT('',(-0.00248320378634882,4.09847654000725,4.11246924161593));
#290=CARTESIAN_POINT('',(0.716335129883071,4.09847654000724,4.09207672542145));
#291=CARTESIAN_POINT('',(1.74570742474341,3.81764232567299,4.06287152201004));
#292=CARTESIAN_POINT('',(2.89278229557094,2.96770429577834,4.02276478612964));
#293=CARTESIAN_POINT('',(3.77070543086175,1.84284110762173,3.98266064084399));
#294=CARTESIAN_POINT('',(4.18264648581499,0.463255570575021,3.94327848860337));
#295=CARTESIAN_POINT('',(4.02516249317724,-0.950271060645041,3.90328251092712));
#296=CARTESIAN_POINT('',(3.64627547776756,-1.94865976203178,3.87333616387815));
#297=CARTESIAN_POINT('',(3.03490659542232,-2.81729912330091,3.84351150007863));
#298=CARTESIAN_POINT('',(1.93320849845487,-3.7230019933396,3.80341494054627));
#299=CARTESIAN_POINT('',(0.565089204421225,-4.1662548404043,3.76408319872532));
#300=CARTESIAN_POINT('',(-0.85181154624871,-4.04498027213492,3.7241223616975));
#301=CARTESIAN_POINT('',(-1.85672330435734,-3.6911062009467,3.69422678804187));
#302=CARTESIAN_POINT('',(-2.73795348667888,-3.09609716902837,3.6643385946901));
#303=CARTESIAN_POINT('',(-3.43657646935942,-2.29869670685485,3.63450809260451));
#304=CARTESIAN_POINT('',(-3.9075800528601,-1.34300728476915,3.60466608993233));
#305=CARTESIAN_POINT('',(-4.20253763886024,0.0494635672031476,3.56471593189288));
#306=CARTESIAN_POINT('',(-3.86118806984215,1.82572370214639,3.51516105316638));
#307=CARTESIAN_POINT('',(-2.46289127533376,3.49629965707406,3.45533664413046));
#308=CARTESIAN_POINT('',(-0.418979665856904,4.26000101368817,3.39579047366075));
#309=CARTESIAN_POINT('',(1.36242992423223,3.96332660842108,3.34622684244416));
#310=CARTESIAN_POINT('',(2.58272098531066,3.22440872971189,3.30617137472956));
#311=CARTESIAN_POINT('',(3.31963361427836,2.46326444161694,3.27636384790274));
#312=CARTESIAN_POINT('',(3.8354425241547,1.53220614608245,3.24654474530286));
#313=CARTESIAN_POINT('',(4.19653582019761,0.155370273558063,3.20660236250617));
#314=CARTESIAN_POINT('',(3.94482516829839,-1.63419013330775,3.15702512900115));
#315=CARTESIAN_POINT('',(2.85624946597129,-3.07675120418144,3.1074726066393));
#316=CARTESIAN_POINT('',(1.62748429280739,-3.79623520565703,3.06752733397028));
#317=CARTESIAN_POINT('',(0.604828175349807,-4.09073724430787,3.03770569217752));
#318=CARTESIAN_POINT('',(-0.454257974287461,-4.10774223116495,3.0078877172145));
#319=CARTESIAN_POINT('',(-1.83947879618168,-3.76623604516989,2.96781689047568));
#320=CARTESIAN_POINT('',(-3.30830937792288,-2.71484024095897,2.91826440754613));
#321=CARTESIAN_POINT('',(-4.21636910335059,-0.730291736630216,2.85870935750182));
#322=CARTESIAN_POINT('',(-4.02266540900328,1.44018329991715,2.79883634213535));
#323=CARTESIAN_POINT('',(-3.00625433693457,2.93699741844932,2.74928849941243));
#324=CARTESIAN_POINT('',(-1.81277979819064,3.71441517624327,2.70932632035485));
#325=CARTESIAN_POINT('',(-0.804100146372629,4.05815335211505,2.67947453569538));
#326=CARTESIAN_POINT('',(0.253904022547924,4.12808822395669,2.6496239484055));
#327=CARTESIAN_POINT('',(1.65500355591748,3.8555284912514,2.60948698756131));
#328=CARTESIAN_POINT('',(2.86462339071925,3.07788878499365,2.57012953960564));
#329=CARTESIAN_POINT('',(3.67137055619663,1.90500422872394,2.53016661720914));
#330=CARTESIAN_POINT('',(4.03811266546454,0.902807290928228,2.50024683015524));
#331=CARTESIAN_POINT('',(4.14174215496099,-0.154559192984441,2.4703629678271));
#332=CARTESIAN_POINT('',(3.89626235700662,-1.56035256561293,2.43027848237188));
#333=CARTESIAN_POINT('',(3.14977079695456,-2.79176871498115,2.39084309265297));
#334=CARTESIAN_POINT('',(1.99606888490701,-3.62646809010278,2.35084671792236));
#335=CARTESIAN_POINT('',(1.00142523465064,-4.01764438274154,2.32088985433918));
#336=CARTESIAN_POINT('',(-0.0536416155766128,-4.14823710536007,2.29099677063952));
#337=CARTESIAN_POINT('',(-1.46625405673804,-3.93707546548927,2.2508544968365));
#338=CARTESIAN_POINT('',(-2.71672490737567,-3.22003398095822,2.21140616522064));
#339=CARTESIAN_POINT('',(-3.5797064175356,-2.08618080402204,2.17136907577556));
#340=CARTESIAN_POINT('',(-3.99550230534506,-1.10036902454241,2.14137400004397));
#341=CARTESIAN_POINT('',(-4.15276402576788,-0.0474597667533139,2.11145390754365));
#342=CARTESIAN_POINT('',(-3.9770141852126,1.3710108705482,2.07126403691243));
#343=CARTESIAN_POINT('',(-3.28935678753742,2.64040991703226,2.03178250090185));
#344=CARTESIAN_POINT('',(-2.17542263735342,3.53183821867821,1.99168175519938));
#345=CARTESIAN_POINT('',(-1.19890791267922,3.97206936364776,1.96164423419015));
#346=CARTESIAN_POINT('',(-0.148837639944976,4.15530425033263,1.93170330340909));
#347=CARTESIAN_POINT('',(1.275556426946,4.01552454750907,1.89144588989746));
#348=CARTESIAN_POINT('',(2.56186595154511,3.35663431817308,1.85192491323254));
#349=CARTESIAN_POINT('',(3.48312039280097,2.26387698772309,1.81178414194753));
#350=CARTESIAN_POINT('',(3.94659292176183,1.29855729644861,1.78173929294769));
#351=CARTESIAN_POINT('',(4.15061154425957,0.249108303841079,1.75167665038041));
#352=CARTESIAN_POINT('',(4.0801559445625,-0.814813028748047,1.72165888417694));
#353=CARTESIAN_POINT('',(3.73429869992526,-1.82932364754946,1.6916333503636));
#354=CARTESIAN_POINT('',(2.95214150582826,-3.02976851127363,1.65143468113853));
#355=CARTESIAN_POINT('',(1.44452288564584,-4.05325122205958,1.60153344873686));
#356=CARTESIAN_POINT('',(-0.742011444703609,-4.24811525129746,1.54121793220954));
#357=CARTESIAN_POINT('',(-2.74268249970164,-3.33240307630834,1.48117585560364));
#358=CARTESIAN_POINT('',(-3.80357800089416,-1.84992371667098,1.43116741248056));
#359=CARTESIAN_POINT('',(-4.14787971281034,-0.452637833404461,1.39074868992428));
#360=CARTESIAN_POINT('',(-4.13057604590133,0.616962330693682,1.36063462191501));
#361=CARTESIAN_POINT('',(-3.83298935419538,1.64987556915859,1.33051289433292));
#362=CARTESIAN_POINT('',(-3.10626987692598,2.89066796087501,1.29017384607214));
#363=CARTESIAN_POINT('',(-1.64697877485351,3.99159031367226,1.24005141190634));
#364=CARTESIAN_POINT('',(0.164345700338498,4.24613685609663,1.18987190999608));
#365=CARTESIAN_POINT('',(1.55687443011249,3.88075512047505,1.14947310257039));
#366=CARTESIAN_POINT('',(2.49949561065419,3.35839642161133,1.11928169044342));
#367=CARTESIAN_POINT('',(3.27050414923391,2.61175295340609,1.08908434879809));
#368=CARTESIAN_POINT('',(4.01834131726577,1.37639637195259,1.04853739756204));
#369=CARTESIAN_POINT('',(4.31907323019557,-0.430726868599587,0.998259164834088));
#370=CARTESIAN_POINT('',(3.54411215740072,-2.50405296116795,0.937853567251032));
#371=CARTESIAN_POINT('',(1.84846394567878,-3.92298042663341,0.877137728077258));
#372=CARTESIAN_POINT('',(0.0429024498319144,-4.26973461460526,0.82676636107463));
#373=CARTESIAN_POINT('',(-1.37088956178245,-3.97008839468619,0.786203550135978));
#374=CARTESIAN_POINT('',(-2.34226149152707,-3.49121514547126,0.755870106057173));
#375=CARTESIAN_POINT('',(-3.15325819226808,-2.78050693435393,0.725527753916636));
#376=CARTESIAN_POINT('',(-3.96441330123409,-1.57883972129167,0.684774895752245));
#377=CARTESIAN_POINT('',(-4.27720584817068,-0.146597838387048,0.644635955161785));
#378=CARTESIAN_POINT('',(-4.01295820993855,1.27604061503094,0.603998352476263));
#379=CARTESIAN_POINT('',(-3.55458318700201,2.26086421893077,0.573547950339506));
#380=CARTESIAN_POINT('',(-2.8670176316643,3.09700861776715,0.543113128742735));
#381=CARTESIAN_POINT('',(-1.67941376151976,3.93266478768576,0.502340354699256));
#382=CARTESIAN_POINT('',(-0.251210255766184,4.28427014318966,0.462048037268093));
#383=CARTESIAN_POINT('',(1.18035060427393,4.05359288584339,0.421302441732687));
#384=CARTESIAN_POINT('',(2.17908317522509,3.61765074092961,0.390759238741576));
#385=CARTESIAN_POINT('',(3.03468791750661,2.95020215290745,0.360251839498952));
#386=CARTESIAN_POINT('',(3.90171529116442,1.78070426213413,0.319326355730223));
#387=CARTESIAN_POINT('',(4.18910259972256,0.723485503658464,0.289337559565731));
#388=CARTESIAN_POINT('',(4.18910259972256,-0.00760129764783768,0.268652034542239));
#389=CARTESIAN_POINT('',(-0.00728133532778793,4.15674120502949,3.9433393075533));
#390=CARTESIAN_POINT('',(0.719335910783884,4.15674120502949,3.92272554011795));
#391=CARTESIAN_POINT('',(1.76633459206548,3.87109814514258,3.89302024339394));
#392=CARTESIAN_POINT('',(2.92778225951001,3.01051042990358,3.85241097191412));
#393=CARTESIAN_POINT('',(3.81645316472477,1.87187636562325,3.81181586095142));
#394=CARTESIAN_POINT('',(4.23422578638618,0.472760983245085,3.77187620261826));
#395=CARTESIAN_POINT('',(4.07490280938063,-0.957271791454997,3.73141318079048));
#396=CARTESIAN_POINT('',(3.69162898741664,-1.96721997606725,3.70112011077088));
#397=CARTESIAN_POINT('',(3.07308680789156,-2.84605123368641,3.6709455090159));
#398=CARTESIAN_POINT('',(1.95974540446894,-3.76132603282455,3.6304251886259));
#399=CARTESIAN_POINT('',(0.57502992753442,-4.20995582717251,3.59061632702167));
#400=CARTESIAN_POINT('',(-0.855923668347516,-4.08747845571791,3.55025915774755));
#401=CARTESIAN_POINT('',(-1.87082008617129,-3.73008834229582,3.52006654594152));
#402=CARTESIAN_POINT('',(-2.76062418361029,-3.12929017941473,3.48988755588538));
#403=CARTESIAN_POINT('',(-3.46594005768836,-2.32425052582328,3.45977127403626));
#404=CARTESIAN_POINT('',(-3.94121837638582,-1.35988745590795,3.42965843126086));
#405=CARTESIAN_POINT('',(-4.23862857055158,0.0441619603869476,3.38937608280328));
#406=CARTESIAN_POINT('',(-3.89429791050428,1.83593461866237,3.33938842894585));
#407=CARTESIAN_POINT('',(-2.48528531994277,3.51931297097417,3.27910555775172));
#408=CARTESIAN_POINT('',(-0.426757566724165,4.28847560524446,3.21913356877655));
#409=CARTESIAN_POINT('',(1.36688694165649,3.98976360731601,3.16922952905338));
#410=CARTESIAN_POINT('',(2.59405382820259,3.24668223800118,3.12894836567172));
#411=CARTESIAN_POINT('',(3.33526619566632,2.4810968245029,3.09896691785952));
#412=CARTESIAN_POINT('',(3.8538683133417,1.544996663187,3.06898633889049));
#413=CARTESIAN_POINT('',(4.21668570773079,0.16158686509603,3.02885324472674));
#414=CARTESIAN_POINT('',(3.96376386399261,-1.63658462335798,2.9790374534167));
#415=CARTESIAN_POINT('',(2.87056995907962,-3.08526565378394,2.92927470811269));
#416=CARTESIAN_POINT('',(1.63765866940165,-3.80717734817049,2.88919465154982));
#417=CARTESIAN_POINT('',(0.611714973820222,-4.10262613562884,2.85927714079827));
#418=CARTESIAN_POINT('',(-0.45051681794156,-4.11968162980584,2.82937060205019));
#419=CARTESIAN_POINT('',(-1.83904254742682,-3.77736066657914,2.78920417295154));
#420=CARTESIAN_POINT('',(-3.31107224172582,-2.72367492262821,2.73954376472932));
#421=CARTESIAN_POINT('',(-4.22049835876438,-0.736140193548245,2.67989909996201));
#422=CARTESIAN_POINT('',(-4.02662684526206,1.43621527841281,2.61997421238484));
#423=CARTESIAN_POINT('',(-3.00990132467978,2.93349246842028,2.57041104097658));
#424=CARTESIAN_POINT('',(-1.81663005011946,3.71077782189329,2.53045566799608));
#425=CARTESIAN_POINT('',(-0.808502195022532,4.05432795630115,2.50062021371153));
#426=CARTESIAN_POINT('',(0.248574745876872,4.12420153767274,2.47079578728359));
#427=CARTESIAN_POINT('',(1.64812197305082,3.85194377934662,2.43070329498107));
#428=CARTESIAN_POINT('',(2.85550500649348,3.07574206666488,2.39141862591885));
#429=CARTESIAN_POINT('',(3.66066690140082,1.90516224656119,2.35153423127861));
#430=CARTESIAN_POINT('',(4.02653586123322,0.905351366074941,2.321685678055));
#431=CARTESIAN_POINT('',(4.12987438877677,-0.149046335316548,2.29188572106101));
#432=CARTESIAN_POINT('',(3.88510197663488,-1.55078870947033,2.25191674489229));
#433=CARTESIAN_POINT('',(3.14155915041173,-2.77734061300991,2.21263712983172));
#434=CARTESIAN_POINT('',(1.99219882224369,-3.60889886709028,2.17279126851706));
#435=CARTESIAN_POINT('',(1.0017361588314,-3.99843084929402,2.14296032867802));
#436=CARTESIAN_POINT('',(-0.0483466771303793,-4.1284066669341,2.11320845646233));
#437=CARTESIAN_POINT('',(-1.45439577801265,-3.91822613529653,2.07325269340697));
#438=CARTESIAN_POINT('',(-2.69730615383712,-3.20551995700715,2.03404287044362));
#439=CARTESIAN_POINT('',(-3.5555009534502,-2.07795593794599,1.99422785523311));
#440=CARTESIAN_POINT('',(-3.96879672749178,-1.09807168606985,1.9644131350654));
#441=CARTESIAN_POINT('',(-4.12501797480084,-0.0521286739190394,1.93469099952323));
#442=CARTESIAN_POINT('',(-3.95039378915103,1.35725684315642,1.89475853979425));
#443=CARTESIAN_POINT('',(-3.26832622308481,2.61633719469382,1.85559794141731));
#444=CARTESIAN_POINT('',(-2.16253626124462,3.50124809135456,1.81579038003429));
#445=CARTESIAN_POINT('',(-1.19364889895752,3.938040678367,1.78598747613031));
#446=CARTESIAN_POINT('',(-0.152482993108647,4.11972177317755,1.75630043791195));
#447=CARTESIAN_POINT('',(1.26029152046694,3.98108232904161,1.7163714259105));
#448=CARTESIAN_POINT('',(2.53350146705351,3.32890213628378,1.6772529247828));
#449=CARTESIAN_POINT('',(3.44642810304802,2.24602293486999,1.63747501147853));
#450=CARTESIAN_POINT('',(3.90538797617144,1.29010219448821,1.60772269775263));
#451=CARTESIAN_POINT('',(4.10733311109055,0.251318990248149,1.57796558864687));
#452=CARTESIAN_POINT('',(4.03762593554799,-0.801300693824262,1.5482666902323));
#453=CARTESIAN_POINT('',(3.69546115562032,-1.80498012514733,1.51856171707139));
#454=CARTESIAN_POINT('',(2.92149347929921,-2.99285582167003,1.47878394497374));
#455=CARTESIAN_POINT('',(1.4321148155458,-4.00395590478034,1.42948644370976));
#456=CARTESIAN_POINT('',(-0.728214873842668,-4.19648457534056,1.36989378180815));
#457=CARTESIAN_POINT('',(-2.70345484161982,-3.29241227294978,1.31061491676733));
#458=CARTESIAN_POINT('',(-3.74969686603303,-1.83040946057634,1.2612972085557));
#459=CARTESIAN_POINT('',(-4.0896241209261,-0.450876515601429,1.22139201805178));
#460=CARTESIAN_POINT('',(-4.07256748051057,0.60345407706156,1.19170785733694));
#461=CARTESIAN_POINT('',(-3.77922511049781,1.62163541995657,1.16201574003439));
#462=CARTESIAN_POINT('',(-3.06250026111897,2.84536310014049,1.12223147775285));
#463=CARTESIAN_POINT('',(-1.62615037969257,3.9289780750103,1.07289700825009));
#464=CARTESIAN_POINT('',(0.155721252962099,4.17938559136004,1.02353344461517));
#465=CARTESIAN_POINT('',(1.52727257026718,3.81950806058023,0.983743215259352));
#466=CARTESIAN_POINT('',(2.45457856967168,3.30563635337003,0.954042336291468));
#467=CARTESIAN_POINT('',(3.21259752330595,2.57157197899959,0.924353745087679));
#468=CARTESIAN_POINT('',(3.94872169293003,1.35556416796049,0.884441860408321));
#469=CARTESIAN_POINT('',(4.24400593751243,-0.41882357744084,0.835074402776787));
#470=CARTESIAN_POINT('',(3.48289101043762,-2.45510577682455,0.775748065476347));
#471=CARTESIAN_POINT('',(1.81803991461237,-3.84826205148472,0.716134974338913));
#472=CARTESIAN_POINT('',(0.048209233274507,-4.1881542136551,0.666760421886815));
#473=CARTESIAN_POINT('',(-1.33976514190523,-3.8939799140053,0.626938339355862));
#474=CARTESIAN_POINT('',(-2.29224983462728,-3.42441781769146,0.59719469505455));
#475=CARTESIAN_POINT('',(-3.08692608512556,-2.72801185710862,0.567462950636467));
#476=CARTESIAN_POINT('',(-3.88292463855642,-1.54879797713672,0.527471565772507));
#477=CARTESIAN_POINT('',(-4.18849381264563,-0.149631105862561,0.488259560738609));
#478=CARTESIAN_POINT('',(-3.92950025846866,1.24472076734465,0.448429962929643));
#479=CARTESIAN_POINT('',(-3.4806306227337,2.20912194591171,0.418611015056907));
#480=CARTESIAN_POINT('',(-2.80806417587316,3.02702601778092,0.388840123156831));
#481=CARTESIAN_POINT('',(-1.64457937476545,3.84571083103759,0.348895404138011));
#482=CARTESIAN_POINT('',(-0.25162516772574,4.1886382620331,0.309597535976356));
#483=CARTESIAN_POINT('',(1.14924713598669,3.96290606305158,0.269725409071309));
#484=CARTESIAN_POINT('',(2.1258668547511,3.53661607577523,0.239858460517768));
#485=CARTESIAN_POINT('',(2.96150334114297,2.88474452179716,0.210063048393144));
#486=CARTESIAN_POINT('',(3.80964419496101,1.74072188796235,0.170029047390282));
#487=CARTESIAN_POINT('',(4.08866473039062,0.714282183522747,0.140913321978861));
#488=CARTESIAN_POINT('',(4.08866473039062,-0.00341247203685613,0.12060671716767));
#489=CARTESIAN_POINT('',(-0.0106928150352377,4.34331366516605,3.82308763604451));
#490=CARTESIAN_POINT('',(0.74089824112368,4.34331366516605,3.80176537412318));
#491=CARTESIAN_POINT('',(1.84545339982378,4.04196799875244,3.77042709326015));
#492=CARTESIAN_POINT('',(3.05485327535021,3.14584955548274,3.72814120363331));
#493=CARTESIAN_POINT('',(3.98011031080975,1.9603385045334,3.68587481255075));
#494=CARTESIAN_POINT('',(4.41827442000731,0.492932280673193,3.64398569893289));
#495=CARTESIAN_POINT('',(4.25235272557969,-0.996328499691206,3.60184681055967));
#496=CARTESIAN_POINT('',(3.85298612392336,-2.04868206840291,3.57028180472267));
#497=CARTESIAN_POINT('',(3.20755804567214,-2.96571309472313,3.53879561692919));
#498=CARTESIAN_POINT('',(2.04959960692001,-3.91766743162375,3.4966514491184));
#499=CARTESIAN_POINT('',(0.599222681347152,-4.38757068083654,3.45495490187396));
#500=CARTESIAN_POINT('',(-0.889117385165086,-4.26018151902055,3.41297926256984));
#501=CARTESIAN_POINT('',(-1.94591473680401,-3.8880362254385,3.38154012096355));
#502=CARTESIAN_POINT('',(-2.87262835189147,-3.26231665518263,3.35010929135161));
#503=CARTESIAN_POINT('',(-3.60748726918955,-2.42355690233641,3.3187315511276));
#504=CARTESIAN_POINT('',(-4.10214968900223,-1.41986253847471,3.28739056398655));
#505=CARTESIAN_POINT('',(-4.41105730274417,0.0384652635698881,3.24555096204265));
#506=CARTESIAN_POINT('',(-4.05210877719349,1.90630402565292,3.19344118289781));
#507=CARTESIAN_POINT('',(-2.5873421608514,3.65629293963178,3.13077294426467));
#508=CARTESIAN_POINT('',(-0.447220725415892,4.45594280510681,3.0684238508746));
#509=CARTESIAN_POINT('',(1.41978908961776,4.14501261275547,3.01647858996161));
#510=CARTESIAN_POINT('',(2.69097748376857,3.37527507914153,2.97475244174572));
#511=CARTESIAN_POINT('',(3.4611239064406,2.57980418127575,2.94360063452736));
#512=CARTESIAN_POINT('',(3.99944569682229,1.60810912327062,2.91248005403373));
#513=CARTESIAN_POINT('',(4.37521127616453,0.175328357280343,2.87091469467539));
#514=CARTESIAN_POINT('',(4.11237827823432,-1.6933074082894,2.81914679048504));
#515=CARTESIAN_POINT('',(2.97694752670154,-3.19795995319976,2.76746140233483));
#516=CARTESIAN_POINT('',(1.70163903033751,-3.94469666100961,2.72600307755728));
#517=CARTESIAN_POINT('',(0.638552370897149,-4.25084178948745,2.69500244204423));
#518=CARTESIAN_POINT('',(-0.462663359353332,-4.26852322081022,2.66399833243073));
#519=CARTESIAN_POINT('',(-1.89716596749833,-3.91486732222385,2.62250191210638));
#520=CARTESIAN_POINT('',(-3.42336165210046,-2.82240930892914,2.57101415950339));
#521=CARTESIAN_POINT('',(-4.36441372604523,-0.765756609170963,2.50929530799096));
#522=CARTESIAN_POINT('',(-4.16398805248244,1.48003907695189,2.44734455649139));
#523=CARTESIAN_POINT('',(-3.11148584818471,3.03000267187085,2.39603734908569));
#524=CARTESIAN_POINT('',(-1.88093134487192,3.83157395952942,2.35483358829726));
#525=CARTESIAN_POINT('',(-0.839976055645465,4.18631103748857,2.32402660901685));
#526=CARTESIAN_POINT('',(0.252006599364464,4.25849191283364,2.2932173508684));
#527=CARTESIAN_POINT('',(1.69332674773023,3.97810795364655,2.25192819975451));
#528=CARTESIAN_POINT('',(2.94383109783752,3.17418443361695,2.21124049072256));
#529=CARTESIAN_POINT('',(3.7728795062969,1.96887734820985,2.17017285686159));
#530=CARTESIAN_POINT('',(4.14983637215351,0.938766523476074,2.1394197230656));
#531=CARTESIAN_POINT('',(4.25640652301656,-0.148604515941846,2.1086878557935));
#532=CARTESIAN_POINT('',(4.00469249499542,-1.59009956090483,2.06758538064415));
#533=CARTESIAN_POINT('',(3.23634567483808,-2.85756825484625,2.02699542904433));
#534=CARTESIAN_POINT('',(2.05482696994971,-3.71239298415136,1.98603470567336));
#535=CARTESIAN_POINT('',(1.03632476366675,-4.11295243777625,1.95535926563518));
#536=CARTESIAN_POINT('',(-0.0444918063440642,-4.24673237645836,1.9247366181846));
#537=CARTESIAN_POINT('',(-1.48791807441271,-4.03096459124237,1.88371870642131));
#538=CARTESIAN_POINT('',(-2.76958232679624,-3.29603627385629,1.84328632335341));
#539=CARTESIAN_POINT('',(-3.65017478921703,-2.13904443875099,1.80243219291431));
#540=CARTESIAN_POINT('',(-4.07435052185048,-1.13336485879544,1.77183260403701));
#541=CARTESIAN_POINT('',(-4.23481861096021,-0.0589881055138235,1.74130247848196));
#542=CARTESIAN_POINT('',(-4.05587372316376,1.38526964307078,1.70038197540818));
#543=CARTESIAN_POINT('',(-3.35406652992804,2.68078887244419,1.66008803533585));
#544=CARTESIAN_POINT('',(-2.22157725864384,3.58706595135984,1.61931931999389));
#545=CARTESIAN_POINT('',(-1.22912201346701,4.03448338181487,1.58879146974804));
#546=CARTESIAN_POINT('',(-0.161887846513455,4.22071332920568,1.55836114032186));
#547=CARTESIAN_POINT('',(1.28316464494645,4.07890635842717,1.51751986117944));
#548=CARTESIAN_POINT('',(2.59027138522647,3.40936310822218,1.47735990434691));
#549=CARTESIAN_POINT('',(3.52337635090325,2.30254913190897,1.43670278364844));
#550=CARTESIAN_POINT('',(3.9927060332296,1.32503017287811,1.40627824161948));
#551=CARTESIAN_POINT('',(4.19919875863994,0.262854671398731,1.37585103394229));
#552=CARTESIAN_POINT('',(4.12792002167673,-0.813496521994353,1.34548256826121));
#553=CARTESIAN_POINT('',(3.778338858507,-1.83893059246071,1.3151337431375));
#554=CARTESIAN_POINT('',(2.9887584328721,-3.0507685370632,1.27455355977253));
#555=CARTESIAN_POINT('',(1.46683225461539,-4.0839642734954,1.22417875615663));
#556=CARTESIAN_POINT('',(-0.736689672378151,-4.28034223804324,1.16339463703208));
#557=CARTESIAN_POINT('',(-2.75043785189738,-3.35864463026246,1.1029601032502));
#558=CARTESIAN_POINT('',(-3.81719787193728,-1.86797028050998,1.05267521870863));
#559=CARTESIAN_POINT('',(-4.16286602863899,-0.465138929582351,1.01209608465638));
#560=CARTESIAN_POINT('',(-4.14549958541677,0.608341657970233,0.981872765227996));
#561=CARTESIAN_POINT('',(-3.84704795309415,1.64425707576085,0.951663488348985));
#562=CARTESIAN_POINT('',(-3.11887266413071,2.88753510344854,0.911243630284671));
#563=CARTESIAN_POINT('',(-1.65784597323333,3.98976682387634,0.861061583656019));
#564=CARTESIAN_POINT('',(0.153494881859981,4.24431566817832,0.810881627969918));
#565=CARTESIAN_POINT('',(1.5447420952555,3.87927018607063,0.770519998759852));
#566=CARTESIAN_POINT('',(2.48571631058715,3.35782416201409,0.740381337628131));
#567=CARTESIAN_POINT('',(3.25484470423231,2.61300142323588,0.71025763379107));
#568=CARTESIAN_POINT('',(4.00052128350811,1.38121393095541,0.66982782742382));
#569=CARTESIAN_POINT('',(4.29995455911036,-0.418105689180163,0.619766708966005));
#570=CARTESIAN_POINT('',(3.52913939480124,-2.48033984365946,0.559684270943341));
#571=CARTESIAN_POINT('',(1.84462960857202,-3.88994661527794,0.499367263818686));
#572=CARTESIAN_POINT('',(0.0539221601092377,-4.23384811551214,0.449410293486556));
#573=CARTESIAN_POINT('',(-1.34805269746615,-3.93670648290782,0.409186526043112));
#574=CARTESIAN_POINT('',(-2.31018349207853,-3.4623889885708,0.379141658818522));
#575=CARTESIAN_POINT('',(-3.1127723358309,-2.7590489122366,0.349113875352881));
#576=CARTESIAN_POINT('',(-3.91571300526202,-1.56955079304266,0.308773714939592));
#577=CARTESIAN_POINT('',(-4.22433776910151,-0.156392720059257,0.269169602943247));
#578=CARTESIAN_POINT('',(-3.96329047394727,1.24901594407024,0.229024168404719));
#579=CARTESIAN_POINT('',(-3.51095276767345,2.22086830901471,0.1989748324496));
#580=CARTESIAN_POINT('',(-2.83325380575389,3.04501400204315,0.16897675176883));
#581=CARTESIAN_POINT('',(-1.66206444740195,3.86912011861441,0.128767520163346));
#582=CARTESIAN_POINT('',(-0.258929625141316,4.21455388629063,0.0891824376246969));
#583=CARTESIAN_POINT('',(1.14997327072468,3.98752766270663,0.0490817411429499));
#584=CARTESIAN_POINT('',(2.131881238359,3.55892937927349,0.0190530675557027));
#585=CARTESIAN_POINT('',(2.97189495149525,2.90364319507469,-0.0108984187434407));
#586=CARTESIAN_POINT('',(3.82380827098996,1.75453203602612,-0.0511104879221288));
#587=CARTESIAN_POINT('',(4.10431092885552,0.722640011337941,-0.080380872451398));
#588=CARTESIAN_POINT('',(4.10431092885552,0.00285054986094246,-0.100746748145535));
#589=CARTESIAN_POINT('',(-0.0116303418814133,4.49312771460477,3.79004063591409));
#590=CARTESIAN_POINT('',(0.760014270505777,4.49312771460477,3.76814946464392));
#591=CARTESIAN_POINT('',(1.91095409743148,4.17912734403472,3.73549516461323));
#592=CARTESIAN_POINT('',(3.15914934006476,3.25426303706735,3.69185281990093));
#593=CARTESIAN_POINT('',(4.11411145621523,2.03069153363958,3.6482294798739));
#594=CARTESIAN_POINT('',(4.56890849712194,0.507581825631087,3.60475023426774));
#595=CARTESIAN_POINT('',(4.39758113215571,-1.03019854798178,3.561238475709));
#596=CARTESIAN_POINT('',(3.98498398803689,-2.11741534391039,3.52862775861742));
#597=CARTESIAN_POINT('',(3.31737675970511,-3.06595874077451,3.49605959607251));
#598=CARTESIAN_POINT('',(2.12248624967165,-4.0482748283653,3.45257127690223));
#599=CARTESIAN_POINT('',(0.617497461072572,-4.53587161049986,3.40930470597179));
#600=CARTESIAN_POINT('',(-0.91879010240247,-4.40437855362205,3.36597680391312));
#601=CARTESIAN_POINT('',(-2.01072975079212,-4.0198580962291,3.33349219825244));
#602=CARTESIAN_POINT('',(-2.96850620097137,-3.37316481466898,3.30100782776105));
#603=CARTESIAN_POINT('',(-3.72831034677138,-2.50593285688593,3.26856495124851));
#604=CARTESIAN_POINT('',(-4.23939642046282,-1.46891409203504,3.23618338874858));
#605=CARTESIAN_POINT('',(-4.55808551745498,0.0355912994714647,3.19301894614876));
#606=CARTESIAN_POINT('',(-4.18663456450219,1.96848818788599,3.13909414706562));
#607=CARTESIAN_POINT('',(-2.67386654153686,3.77582543880049,3.07437222727165));
#608=CARTESIAN_POINT('',(-0.462982505251182,4.60191553486879,3.00996157609524));
#609=CARTESIAN_POINT('',(1.46809173797626,4.28031610831163,2.95623386957807));
#610=CARTESIAN_POINT('',(2.7779455238204,3.48716567746295,2.91323854845906));
#611=CARTESIAN_POINT('',(3.57361155652002,2.66533601650456,2.88105449341293));
#612=CARTESIAN_POINT('',(4.12939218521729,1.66212696963092,2.84892461106149));
#613=CARTESIAN_POINT('',(4.5166745340971,0.185433171721539,2.80608532271447));
#614=CARTESIAN_POINT('',(4.24497367448656,-1.74624948533627,2.75257079379489));
#615=CARTESIAN_POINT('',(3.07148983897709,-3.30132929722871,2.69915320981241));
#616=CARTESIAN_POINT('',(1.75774744071518,-4.07057036806392,2.65644545778498));
#617=CARTESIAN_POINT('',(0.660823558299128,-4.38645985828615,2.62445809611285));
#618=CARTESIAN_POINT('',(-0.476053690874544,-4.40471388104618,2.59244995648842));
#619=CARTESIAN_POINT('',(-1.95281027811564,-4.04064087421529,2.54973123871616));
#620=CARTESIAN_POINT('',(-3.52912116623938,-2.91231016371181,2.49655279911504));
#621=CARTESIAN_POINT('',(-4.49967612585558,-0.791179427990692,2.43289900237444));
#622=CARTESIAN_POINT('',(-4.29308059638352,1.52375029439969,2.36904117378524));
#623=CARTESIAN_POINT('',(-3.20660907764976,3.12373867834543,2.31607803572773));
#624=CARTESIAN_POINT('',(-1.94039852813701,3.94853596923129,2.27368037154507));
#625=CARTESIAN_POINT('',(-0.867868554687564,4.31403307822605,2.24193894229096));
#626=CARTESIAN_POINT('',(0.257852113915956,4.38844406166158,2.21017779798805));
#627=CARTESIAN_POINT('',(1.73976142839115,4.10016418073444,2.16772589880949));
#628=CARTESIAN_POINT('',(3.03247135208627,3.26910756574145,2.12566494537617));
#629=CARTESIAN_POINT('',(3.88506613320614,2.029567726838,2.08343092146933));
#630=CARTESIAN_POINT('',(4.27301928103989,0.969407339083977,2.051780682032));
#631=CARTESIAN_POINT('',(4.38281195926771,-0.150844229279433,2.02011952750214));
#632=CARTESIAN_POINT('',(4.12413608287723,-1.63220781079985,1.9778802496015));
#633=CARTESIAN_POINT('',(3.33070971516208,-2.94104784975604,1.93596540461393));
#634=CARTESIAN_POINT('',(2.11642507099516,-3.81957862371227,1.89386875629381));
#635=CARTESIAN_POINT('',(1.0691626793586,-4.23144896509011,1.86232711161134));
#636=CARTESIAN_POINT('',(-0.0433712180328032,-4.36915477077858,1.83080582089288));
#637=CARTESIAN_POINT('',(-1.52561316808337,-4.14758469838093,1.78868488207945));
#638=CARTESIAN_POINT('',(-2.84788742636499,-3.38936990542355,1.74697138399894));
#639=CARTESIAN_POINT('',(-3.75215166101336,-2.20127622882113,1.70501902740917));
#640=CARTESIAN_POINT('',(-4.187910695865,-1.16813376116815,1.6735838313567));
#641=CARTESIAN_POINT('',(-4.35293134433803,-0.0632764059488178,1.64218755098091));
#642=CARTESIAN_POINT('',(-4.16932233702678,1.41862528336255,1.60020047305667));
#643=CARTESIAN_POINT('',(-3.44599073428615,2.75387805591318,1.55867071882478));
#644=CARTESIAN_POINT('',(-2.28410643154281,3.68367857467141,1.5168438056699));
#645=CARTESIAN_POINT('',(-1.26549214798096,4.14288899004368,1.48551130532998));
#646=CARTESIAN_POINT('',(-0.169097853398088,4.3342073137276,1.45424952548987));
#647=CARTESIAN_POINT('',(1.31234776055954,4.18882898586062,1.4123796735561));
#648=CARTESIAN_POINT('',(2.65810594388778,3.499487189748,1.37103217768295));
#649=CARTESIAN_POINT('',(3.61447535564748,2.36507780346172,1.32936138175269));
#650=CARTESIAN_POINT('',(4.09587326355292,1.36242316742243,1.29815451069113));
#651=CARTESIAN_POINT('',(4.30770402160168,0.272789422640016,1.26694073086058));
#652=CARTESIAN_POINT('',(4.2345651794412,-0.831650462194999,1.23577976319008));
#653=CARTESIAN_POINT('',(3.87612845630514,-1.8830607403614,1.20466214423792));
#654=CARTESIAN_POINT('',(3.06770464267657,-3.12381927599455,1.16311351216884));
#655=CARTESIAN_POINT('',(1.50593257253403,-4.18406534259318,1.11141983447919));
#656=CARTESIAN_POINT('',(-0.75143197765801,-4.38524176392972,1.04915046740571));
#657=CARTESIAN_POINT('',(-2.81418211133091,-3.44111583845789,0.987245337506711));
#658=CARTESIAN_POINT('',(-3.90758396230513,-1.91321259630396,0.935704611569379));
#659=CARTESIAN_POINT('',(-4.26083893276151,-0.479591541487346,0.89423483622891));
#660=CARTESIAN_POINT('',(-4.24305778193269,0.619523573498491,0.863289789253709));
#661=CARTESIAN_POINT('',(-3.93768456298652,1.67946358195094,0.832379909315081));
#662=CARTESIAN_POINT('',(-3.193764246103,2.94962448736748,0.791086069665022));
#663=CARTESIAN_POINT('',(-1.6981288210983,4.07796582288623,0.739715312987778));
#664=CARTESIAN_POINT('',(0.155534606258198,4.33846228429582,0.688362886203972));
#665=CARTESIAN_POINT('',(1.57569219332021,3.9658310897487,0.647162534895478));
#666=CARTESIAN_POINT('',(2.5370948451354,3.43306453553472,0.616369567073311));
#667=CARTESIAN_POINT('',(3.32308872960998,2.67190928169894,0.585585308958174));
#668=CARTESIAN_POINT('',(4.08352960620364,1.41573256053037,0.544354997789916));
#669=CARTESIAN_POINT('',(4.38954953448099,-0.423166806931184,0.493192681747612));
#670=CARTESIAN_POINT('',(3.60279940389494,-2.52803327227869,0.43186816693656));
#671=CARTESIAN_POINT('',(1.88467470206805,-3.96576918451791,0.370347515214423));
#672=CARTESIAN_POINT('',(0.0568091043868841,-4.31680682710361,0.319353910696349));
#673=CARTESIAN_POINT('',(-1.37098067441271,-4.01419384970544,0.278389492746741));
#674=CARTESIAN_POINT('',(-2.35142816813572,-3.53084646995645,0.247772642174509));
#675=CARTESIAN_POINT('',(-3.16944141893567,-2.81398938087692,0.217167775238899));
#676=CARTESIAN_POINT('',(-3.98631910895981,-1.60384458078398,0.176127411600378));
#677=CARTESIAN_POINT('',(-4.30134482624371,-0.161377262093227,0.135701900588797));
#678=CARTESIAN_POINT('',(-4.03580265212742,1.26823062552846,0.0948652163323866));
#679=CARTESIAN_POINT('',(-3.57556905824248,2.25704738884559,0.0642913471000281));
#680=CARTESIAN_POINT('',(-2.88573493709636,3.09595057712304,0.0337561083210352));
#681=CARTESIAN_POINT('',(-1.6955551437193,3.93341929261901,-0.00710510222770702));
#682=CARTESIAN_POINT('',(-0.265695784953012,4.2854322978625,-0.0474441343987082));
#683=CARTESIAN_POINT('',(1.16567962177786,4.05478492388476,-0.0881844514959139));
#684=CARTESIAN_POINT('',(2.16330511977029,3.61932601119374,-0.118693798022254));
#685=CARTESIAN_POINT('',(3.01713229046744,2.9532640887491,-0.149137816262732));
#686=CARTESIAN_POINT('',(3.88176013200725,1.78700282906276,-0.189950037156802));
#687=CARTESIAN_POINT('',(4.16771501468551,0.735053570892938,-0.219789360027056));
#688=CARTESIAN_POINT('',(4.16771501468551,0.00680177780251001,-0.240394670726767));
#689=CARTESIAN_POINT('',(-0.0108356801606618,4.6439653018132,3.8180517655115));
#690=CARTESIAN_POINT('',(0.780999566335187,4.6439653018132,3.79558779606167));
#691=CARTESIAN_POINT('',(1.97880300919848,4.31717956016953,3.76160388822738));
#692=CARTESIAN_POINT('',(3.2663391488256,3.36316517299762,3.71658601432761));
#693=CARTESIAN_POINT('',(4.2515249435752,2.10086874924345,3.67158203543953));
#694=CARTESIAN_POINT('',(4.72331843011735,0.520838153409099,3.62647790539537));
#695=CARTESIAN_POINT('',(4.54644518967566,-1.06672024873032,3.5815576690098));
#696=CARTESIAN_POINT('',(4.12022957831272,-2.18982247560205,3.54787057999261));
#697=CARTESIAN_POINT('',(3.42972208854644,-3.17090280563336,3.51418526441958));
#698=CARTESIAN_POINT('',(2.19658051759673,-4.18466498153931,3.46930478895401));
#699=CARTESIAN_POINT('',(0.634785975400557,-4.6906660885901,3.42440512269032));
#700=CARTESIAN_POINT('',(-0.951578416333407,-4.55488688412959,3.37966490436886));
#701=CARTESIAN_POINT('',(-2.08034459694989,-4.15739816879588,3.3460847295721));
#702=CARTESIAN_POINT('',(-3.07077130228069,-3.4886593455608,3.3124929785591));
#703=CARTESIAN_POINT('',(-3.85687093491332,-2.59141401307748,3.27892731107883));
#704=CARTESIAN_POINT('',(-4.38532133761766,-1.51916217115336,3.24544557361006));
#705=CARTESIAN_POINT('',(-4.71438874913828,0.0343384018958486,3.20087545329495));
#706=CARTESIAN_POINT('',(-4.32961221599905,2.0365768070677,3.14501613438218));
#707=CARTESIAN_POINT('',(-2.7653962479683,3.90538005024813,3.07809307751792));
#708=CARTESIAN_POINT('',(-0.478205735604669,4.75998182902765,3.01145935641452));
#709=CARTESIAN_POINT('',(1.52234329292399,4.42681213209304,2.95579867353038));
#710=CARTESIAN_POINT('',(2.87432721147095,3.60815081349026,2.91142045104946));
#711=CARTESIAN_POINT('',(3.69789310654171,2.7575038680294,2.87810786887081));
#712=CARTESIAN_POINT('',(4.27281917661361,1.71973643786262,2.84487118151903));
#713=CARTESIAN_POINT('',(4.67277731666833,0.194710299825356,2.8006297588513));
#714=CARTESIAN_POINT('',(4.39127052496147,-1.80668854802367,2.74518384172227));
#715=CARTESIAN_POINT('',(3.17548110958274,-3.41783095847463,2.68984048612094));
#716=CARTESIAN_POINT('',(1.81880650505463,-4.21221030327072,2.64573707386238));
#717=CARTESIAN_POINT('',(0.683942872492874,-4.53902559110281,2.61264335236974));
#718=CARTESIAN_POINT('',(-0.493044772529599,-4.55792363772668,2.57950592710638));
#719=CARTESIAN_POINT('',(-2.01749222636072,-4.18209313656815,2.53540763690643));
#720=CARTESIAN_POINT('',(-3.65064932843618,-3.01307164009038,2.4803114328732));
#721=CARTESIAN_POINT('',(-4.65487244143097,-0.818359749341692,2.41444951203766));
#722=CARTESIAN_POINT('',(-4.44118973906836,1.57598266515275,2.34840106745216));
#723=CARTESIAN_POINT('',(-3.31545942411979,3.2337853744888,2.29352414793969));
#724=CARTESIAN_POINT('',(-2.00783155678017,4.08556150515176,2.2497396705345));
#725=CARTESIAN_POINT('',(-0.898479289982839,4.46360692710594,2.21690848878096));
#726=CARTESIAN_POINT('',(0.266718938597192,4.54062740696756,2.18403352244909));
#727=CARTESIAN_POINT('',(1.79629377584785,4.2430750212415,2.14021616052096));
#728=CARTESIAN_POINT('',(3.13881161732404,3.37999792060648,2.09653460491542));
#729=CARTESIAN_POINT('',(4.01932639498781,2.09986676120168,2.05291753970029));
#730=CARTESIAN_POINT('',(4.42037041547977,1.00393291804237,2.02019931239796));
#731=CARTESIAN_POINT('',(4.53401321024769,-0.155602682389888,1.9874278913485));
#732=CARTESIAN_POINT('',(4.26698875975979,-1.68477618649804,1.94382537174826));
#733=CARTESIAN_POINT('',(3.4433302397066,-3.04348733265956,1.90031343340654));
#734=CARTESIAN_POINT('',(2.18935607102645,-3.95073334143001,1.85684083426347));
#735=CARTESIAN_POINT('',(1.10711117776458,-4.37636170085732,1.82424558005088));
#736=CARTESIAN_POINT('',(-0.0441484704289836,-4.51886085327222,1.79162707723651));
#737=CARTESIAN_POINT('',(-1.57396493256535,-4.29017919690761,1.74815421128826));
#738=CARTESIAN_POINT('',(-2.9462849651063,-3.50326729657574,1.70486193006542));
#739=CARTESIAN_POINT('',(-3.87987001560647,-2.27664961938638,1.66154926608432));
#740=CARTESIAN_POINT('',(-4.33003849199142,-1.20934376143607,1.62907458815453));
#741=CARTESIAN_POINT('',(-4.50074514032663,-0.0664171171450869,1.59659650833399));
#742=CARTESIAN_POINT('',(-4.31128739274292,1.46268954438973,1.55327196054826));
#743=CARTESIAN_POINT('',(-3.56080956305518,2.84805360014448,1.51018361807113));
#744=CARTESIAN_POINT('',(-2.36165259258585,3.80768165483317,1.4670149184472));
#745=CARTESIAN_POINT('',(-1.30971994132792,4.28191261499472,1.43465754757089));
#746=CARTESIAN_POINT('',(-0.176027210808759,4.47973943135743,1.40233226758455));
#747=CARTESIAN_POINT('',(1.35216712003197,4.32977352347647,1.35914116441107));
#748=CARTESIAN_POINT('',(2.747872578323,3.61484708321282,1.31625907282008));
#749=CARTESIAN_POINT('',(3.73447920801864,2.4445714475255,1.27327078500581));
#750=CARTESIAN_POINT('',(4.23163796448944,1.40909014642916,1.241042208696));
#751=CARTESIAN_POINT('',(4.450470450303,0.283440296551449,1.20879670716981));
#752=CARTESIAN_POINT('',(4.37488161412867,-0.857995950634459,1.17659191405714));
#753=CARTESIAN_POINT('',(4.00473026194473,-1.94376900635916,1.144457291714));
#754=CARTESIAN_POINT('',(3.17124898483981,-3.22298541664354,1.10162084091295));
#755=CARTESIAN_POINT('',(1.55612907428483,-4.31944793187777,1.04816138310696));
#756=CARTESIAN_POINT('',(-0.7739336716003,-4.5271032193974,0.983886637401656));
#757=CARTESIAN_POINT('',(-2.90346665488022,-3.55241061565388,0.91997728948688));
#758=CARTESIAN_POINT('',(-4.03350187235006,-1.97331646012277,0.866709741612097));
#759=CARTESIAN_POINT('',(-4.3972680009691,-0.497037781457222,0.824006026471686));
#760=CARTESIAN_POINT('',(-4.37890919060654,0.637784489435244,0.79205566203536));
#761=CARTESIAN_POINT('',(-4.06384707260325,1.7313543354482,0.760165071647969));
#762=CARTESIAN_POINT('',(-3.29775348586672,3.03937362417995,0.717640428874179));
#763=CARTESIAN_POINT('',(-1.75299829456253,4.20477202706962,0.664582550107935));
#764=CARTESIAN_POINT('',(0.161281407002546,4.47378693077146,0.611550857963836));
#765=CARTESIAN_POINT('',(1.62318229942788,4.0902028265729,0.569139486933717));
#766=CARTESIAN_POINT('',(2.61427434478963,3.54098373203502,0.53739559127875));
#767=CARTESIAN_POINT('',(3.42491496686647,2.75596061588321,0.50564601836024));
#768=CARTESIAN_POINT('',(4.20706596506355,1.46392081816079,0.463238607042896));
#769=CARTESIAN_POINT('',(4.52285837879969,-0.43370223252575,0.410442466065151));
#770=CARTESIAN_POINT('',(3.71220440972378,-2.60252088049688,0.347254727797852));
#771=CARTESIAN_POINT('',(1.94303144548401,-4.08297425093361,0.283906198058722));
#772=CARTESIAN_POINT('',(0.0580750204464997,-4.44497606368252,0.231319879571135));
#773=CARTESIAN_POINT('',(-1.40976745471251,-4.13387411551419,0.189206318086507));
#774=CARTESIAN_POINT('',(-2.41885688721345,-3.63640664657341,0.157695053519362));
#775=CARTESIAN_POINT('',(-3.26115235638642,-2.89827009733568,0.126181700001804));
#776=CARTESIAN_POINT('',(-4.10013145392487,-1.6553836717769,0.084030950056511));
#777=CARTESIAN_POINT('',(-4.42541070633701,-0.165966569268321,0.0422896594926818));
#778=CARTESIAN_POINT('',(-4.15259704486711,1.30278905716382,0.000334721858546612));
#779=CARTESIAN_POINT('',(-3.67948188627591,2.31928199903148,-0.0310948851558215));
#780=CARTESIAN_POINT('',(-2.96969707656098,3.1824471014933,-0.0625132333963203));
#781=CARTESIAN_POINT('',(-1.74804260079901,4.04206294297326,-0.104455031626891));
#782=CARTESIAN_POINT('',(-0.273377382006777,4.4051065753505,-0.146058121705375));
#783=CARTESIAN_POINT('',(1.19608584034934,4.16832184941519,-0.187882507788826));
#784=CARTESIAN_POINT('',(2.22060486589246,3.72112403641618,-0.219214311192031));
#785=CARTESIAN_POINT('',(3.09827709052778,3.03646082906059,-0.250508547464862));
#786=CARTESIAN_POINT('',(3.98505174159763,1.84032664053755,-0.292366143535643));
#787=CARTESIAN_POINT('',(4.28060863903398,0.753054214576006,-0.323207434324359));
#788=CARTESIAN_POINT('',(4.28060863903398,0.00973996916575326,-0.344238925244833));
#789=CARTESIAN_POINT('',(-0.00760337875733623,4.83446352443914,3.93198755874548));
#790=CARTESIAN_POINT('',(0.809731437769285,4.83446352443914,3.9088001792622));
#791=CARTESIAN_POINT('',(2.06692835422036,4.49147400543047,3.87313116829652));
#792=CARTESIAN_POINT('',(3.40450907294934,3.50037852438187,3.82636351784133));
#793=CARTESIAN_POINT('',(4.42827007179652,2.18865655832141,3.77959739654309));
#794=CARTESIAN_POINT('',(4.92184929763425,0.535665788975194,3.73241051875798));
#795=CARTESIAN_POINT('',(4.73783958601268,-1.11594732689562,3.68567784329706));
#796=CARTESIAN_POINT('',(4.29404331575892,-2.28537558365401,3.65060121995675));
#797=CARTESIAN_POINT('',(3.57388411638217,-3.30858537568503,3.61546939263648));
#798=CARTESIAN_POINT('',(2.29106654678381,-4.3631860487001,3.56878094759864));
#799=CARTESIAN_POINT('',(0.655195924302326,-4.89318684176441,3.52175168541623));
#800=CARTESIAN_POINT('',(-0.996721953659342,-4.75179682035921,3.47516266280942));
#801=CARTESIAN_POINT('',(-2.17384892590087,-4.33727812196465,3.4401437809855));
#802=CARTESIAN_POINT('',(-3.20727367273332,-3.63950690337869,3.40509368934376));
#803=CARTESIAN_POINT('',(-4.02809524247969,-2.70263034004777,3.37004542990307));
#804=CARTESIAN_POINT('',(-4.57953769049597,-1.58372650806146,3.33510695473278));
#805=CARTESIAN_POINT('',(-4.9223916582655,0.0348592793944098,3.28866953170329));
#806=CARTESIAN_POINT('',(-4.51984007048985,2.12959266277269,3.23022974761109));
#807=CARTESIAN_POINT('',(-2.88665093446909,4.08079966775236,3.16035575856238));
#808=CARTESIAN_POINT('',(-0.496603296507147,4.97383369868634,3.09072545585217));
#809=CARTESIAN_POINT('',(1.59806237547419,4.62498989772905,3.03244619348278));
#810=CARTESIAN_POINT('',(3.00735675948653,3.77162560626986,2.98618678251137));
#811=CARTESIAN_POINT('',(3.86898612896444,2.88166355751021,2.95133456321711));
#812=CARTESIAN_POINT('',(4.47010081037846,1.79662450529167,2.91658390262136));
#813=CARTESIAN_POINT('',(4.88745254404925,0.205277214507588,2.87041848529065));
#814=CARTESIAN_POINT('',(4.59243664430784,-1.89216589959829,2.81231179795416));
#815=CARTESIAN_POINT('',(3.31810000339089,-3.58089404725481,2.75430334272172));
#816=CARTESIAN_POINT('',(1.90177501884248,-4.41020072808211,2.70826078802426));
#817=CARTESIAN_POINT('',(0.714033246102652,-4.75224373500438,2.67362508880505));
#818=CARTESIAN_POINT('',(-0.51900193258914,-4.77204169668592,2.63890967674972));
#819=CARTESIAN_POINT('',(-2.11027935874614,-4.37973523111909,2.59287816969387));
#820=CARTESIAN_POINT('',(-3.8234191322909,-3.15346176410247,2.53508366947052));
#821=CARTESIAN_POINT('',(-4.87524401882209,-0.854717037374233,2.46609978878391));
#822=CARTESIAN_POINT('',(-4.65148880201822,1.65248920877654,2.39693797140522));
#823=CARTESIAN_POINT('',(-3.46969408191409,3.39285496321318,2.33932803332838));
#824=CARTESIAN_POINT('',(-2.10268572208298,4.28331097168738,2.29355526560242));
#825=CARTESIAN_POINT('',(-0.940378901599799,4.67940226346283,2.25915689853834));
#826=CARTESIAN_POINT('',(0.281738978009252,4.76018517509638,2.22467599806986));
#827=CARTESIAN_POINT('',(1.880227987496,4.44922672654829,2.1788844684493));
#828=CARTESIAN_POINT('',(3.29502581329747,3.5396823110083,2.13285113616197));
#829=CARTESIAN_POINT('',(4.21620206787295,2.20043570584096,2.08721986932843));
#830=CARTESIAN_POINT('',(4.63636776292189,1.05224802217019,2.05294164546067));
#831=CARTESIAN_POINT('',(4.75564928909673,-0.164821448499611,2.01854417111413));
#832=CARTESIAN_POINT('',(4.47636445872547,-1.76420668053632,1.97293964962532));
#833=CARTESIAN_POINT('',(3.60813921280241,-3.19643531691139,1.92707335619477));
#834=CARTESIAN_POINT('',(2.29545136870104,-4.1461604684079,1.88156527965548));
#835=CARTESIAN_POINT('',(1.16130133958367,-4.59220222775752,1.84740673684833));
#836=CARTESIAN_POINT('',(-0.0475727368475336,-4.74183270558942,1.81315585128471));
#837=CARTESIAN_POINT('',(-1.64836071675522,-4.5025420090946,1.76766618439689));
#838=CARTESIAN_POINT('',(-3.09562536213015,-3.67265557927516,1.72200964179331));
#839=CARTESIAN_POINT('',(-4.07327489049571,-2.38814251541819,1.67665265424226));
#840=CARTESIAN_POINT('',(-4.54516293690785,-1.26934166050954,1.6426111494945));
#841=CARTESIAN_POINT('',(-4.72446371966561,-0.0688749888561835,1.60849797820865));
#842=CARTESIAN_POINT('',(-4.52614167626221,1.53177508518388,1.5631463736637));
#843=CARTESIAN_POINT('',(-3.73436182992618,2.99338167207181,1.51768669472873));
#844=CARTESIAN_POINT('',(-2.47829100407569,3.99855516715675,1.47246914146188));
#845=CARTESIAN_POINT('',(-1.37533097865167,4.49579022422163,1.43854217231446));
#846=CARTESIAN_POINT('',(-0.184355637715062,4.70361272649355,1.40458357814144));
#847=CARTESIAN_POINT('',(1.41583538505881,4.54658158544671,1.35935764439264));
#848=CARTESIAN_POINT('',(2.88876261686213,3.79209960191278,1.31410296684885));
#849=CARTESIAN_POINT('',(3.92229152941662,2.5661665210515,1.26907018780603));
#850=CARTESIAN_POINT('',(4.4439830905712,1.47958834157806,1.23525125960651));
#851=CARTESIAN_POINT('',(4.67374424250816,0.297722654570691,1.20139539242162));
#852=CARTESIAN_POINT('',(4.59432133593942,-0.901610329011017,1.16755708502191));
#853=CARTESIAN_POINT('',(4.2057876874938,-2.04130457633889,1.13382660697087));
#854=CARTESIAN_POINT('',(3.33285967550271,-3.38106333110615,1.0889628063485));
#855=CARTESIAN_POINT('',(1.63340574619622,-4.53477799815635,1.03271194532372));
#856=CARTESIAN_POINT('',(-0.812169479307026,-4.75272776259922,0.965250789610205));
#857=CARTESIAN_POINT('',(-3.04840901000749,-3.72919530365814,0.898139074830287));
#858=CARTESIAN_POINT('',(-4.23728459544684,-2.06787850609469,0.842097912408512));
#859=CARTESIAN_POINT('',(-4.61800790134833,-0.522782207252507,0.797403537854581));
#860=CARTESIAN_POINT('',(-4.59871428870955,0.66982346141942,0.763826310195021));
#861=CARTESIAN_POINT('',(-4.26792892650969,1.81796815078023,0.730344212890164));
#862=CARTESIAN_POINT('',(-3.46572948267519,3.18763416040612,0.685815391120862));
#863=CARTESIAN_POINT('',(-1.84064065364415,4.41363808424319,0.629998283943958));
#864=CARTESIAN_POINT('',(0.173273467008263,4.69665467413239,0.574206398586883));
#865=CARTESIAN_POINT('',(1.70409075658911,4.29498778839614,0.529795686216346));
#866=CARTESIAN_POINT('',(2.74437126825824,3.71851063538278,0.496476322824354));
#867=CARTESIAN_POINT('',(3.59596617594463,2.89382745281756,0.463122733228324));
#868=CARTESIAN_POINT('',(4.41431018001271,1.54200021751298,0.41875297488295));
#869=CARTESIAN_POINT('',(4.74647083465987,-0.453980963074331,0.363220289526348));
#870=CARTESIAN_POINT('',(3.89555214842328,-2.73052358793897,0.296894052582164));
#871=CARTESIAN_POINT('',(2.03985517525713,-4.28338071042704,0.230447369715322));
#872=CARTESIAN_POINT('',(0.0575705198829568,-4.66407419972906,0.175145798370782));
#873=CARTESIAN_POINT('',(-1.4788811929244,-4.33843086319246,0.131063783597047));
#874=CARTESIAN_POINT('',(-2.53721901633639,-3.81668460231625,0.0980146185965795));
#875=CARTESIAN_POINT('',(-3.42140107021588,-3.04184119636827,0.064934134778777));
#876=CARTESIAN_POINT('',(-4.29863665716884,-1.74228056817162,0.0208613587379271));
#877=CARTESIAN_POINT('',(-4.6417480137983,-0.171212266583997,-0.0231682273073378));
#878=CARTESIAN_POINT('',(-4.35623097496847,1.36593493845,-0.0670767672721147));
#879=CARTESIAN_POINT('',(-3.86052526232737,2.43096392556504,-0.100007091866827));
#880=CARTESIAN_POINT('',(-3.11563160171671,3.33682469362289,-0.132979519722257));
#881=CARTESIAN_POINT('',(-1.8383894407562,4.23555474925745,-0.176829752393955));
#882=CARTESIAN_POINT('',(-0.284192984093953,4.6181779506893,-0.220676568852498));
#883=CARTESIAN_POINT('',(1.25319307816906,4.37044834992663,-0.264434199019184));
#884=CARTESIAN_POINT('',(2.32586570827135,3.90223171140072,-0.297238634197483));
#885=CARTESIAN_POINT('',(3.2463911846028,3.18413911670855,-0.330060843836675));
#886=CARTESIAN_POINT('',(4.17311568677976,1.93411820208439,-0.373804155437001));
#887=CARTESIAN_POINT('',(4.48607115857839,0.78284121280782,-0.406460983253853));
#888=CARTESIAN_POINT('',(4.48607115857839,0.0121175057231574,-0.428268003296633));
#889=CARTESIAN_POINT('',(-0.000209397674871666,4.9406656521168,4.19261891537611));
#890=CARTESIAN_POINT('',(0.83134157262699,4.9406656521168,4.16902823072864));
#891=CARTESIAN_POINT('',(2.12217135293908,4.58850038693216,4.1324049929635));
#892=CARTESIAN_POINT('',(3.48855388276264,3.57606387993861,4.08463030568812));
#893=CARTESIAN_POINT('',(4.53483568514068,2.23548651430928,4.03683541827079));
#894=CARTESIAN_POINT('',(5.04136408803709,0.539129109926298,3.98841058069462));
#895=CARTESIAN_POINT('',(4.85304365153022,-1.15117571246771,3.94058311678319));
#896=CARTESIAN_POINT('',(4.39848924212167,-2.34895227397989,3.90465619518607));
#897=CARTESIAN_POINT('',(3.65996731838147,-3.39825201861209,3.86862857140576));
#898=CARTESIAN_POINT('',(2.34602473218469,-4.47844047918964,3.82080732411981));
#899=CARTESIAN_POINT('',(0.663000616539964,-5.0237183904006,3.77242245718338));
#900=CARTESIAN_POINT('',(-1.03125823543226,-4.8787043442775,3.72463929253012));
#901=CARTESIAN_POINT('',(-2.23999110068567,-4.45305580692603,3.68868015272347));
#902=CARTESIAN_POINT('',(-3.30181027379205,-3.73611259397576,3.65266702313818));
#903=CARTESIAN_POINT('',(-4.14578399744314,-2.77281042100757,3.61663018989951));
#904=CARTESIAN_POINT('',(-4.71270910446967,-1.62249151287283,3.58071075923813));
#905=CARTESIAN_POINT('',(-5.06495372644724,0.0404267918204064,3.53300143089916));
#906=CARTESIAN_POINT('',(-4.65011976456147,2.1990732235058,3.47277857275402));
#907=CARTESIAN_POINT('',(-2.96844773508447,4.20820380833733,3.40083030272236));
#908=CARTESIAN_POINT('',(-0.504781336950454,5.12874526510861,3.32905523248763));
#909=CARTESIAN_POINT('',(1.65834804897926,4.76849957671846,3.26887112448997));
#910=CARTESIAN_POINT('',(3.10988710918729,3.88955503845021,3.22122505232153));
#911=CARTESIAN_POINT('',(3.99983176214667,2.97034662392003,3.18522750244288));
#912=CARTESIAN_POINT('',(4.62058761986136,1.84985436455706,3.14934137822857));
#913=CARTESIAN_POINT('',(5.05111100664267,0.208284029751525,3.10171897674343));
#914=CARTESIAN_POINT('',(4.74574149696697,-1.96276904192565,3.04157302991013));
#915=CARTESIAN_POINT('',(3.4259235135417,-3.71176825204784,2.98149424072033));
#916=CARTESIAN_POINT('',(1.96271993556987,-4.56852395138287,2.93392773479319));
#917=CARTESIAN_POINT('',(0.73304703202789,-4.92264218407592,2.89806928323192));
#918=CARTESIAN_POINT('',(-0.544760109340327,-4.94315901705715,2.86209334174506));
#919=CARTESIAN_POINT('',(-2.18985362645326,-4.53758497156585,2.8145050754907));
#920=CARTESIAN_POINT('',(-3.96813172578591,-3.26468518611738,2.75451306806891));
#921=CARTESIAN_POINT('',(-5.05924322872845,-0.880080252559061,2.68295257668046));
#922=CARTESIAN_POINT('',(-4.82705775518273,1.72158811457256,2.61118500161011));
#923=CARTESIAN_POINT('',(-3.59774077398394,3.5319373563066,2.55125845602744));
#924=CARTESIAN_POINT('',(-2.17988105354995,4.45551744866973,2.50378298655816));
#925=CARTESIAN_POINT('',(-0.971867761541615,4.86718460649867,2.46803194053099));
#926=CARTESIAN_POINT('',(0.29970183882111,4.95123631409244,2.43215580651773));
#927=CARTESIAN_POINT('',(1.95847861822569,4.62854992041065,2.38463722767408));
#928=CARTESIAN_POINT('',(3.43709690067992,3.6779766462683,2.33652736668827));
#929=CARTESIAN_POINT('',(4.39449162401864,2.28607403624348,2.28910198650864));
#930=CARTESIAN_POINT('',(4.83181295751552,1.09100510309529,2.25342416047858));
#931=CARTESIAN_POINT('',(4.9561858115477,-0.178012895557366,2.2175584887927));
#932=CARTESIAN_POINT('',(4.66575860197325,-1.84120738183696,2.17013452415285));
#933=CARTESIAN_POINT('',(3.75666591368608,-3.34085115215813,2.12210930006228));
#934=CARTESIAN_POINT('',(2.38969650274502,-4.3298488310281,2.07471939784028));
#935=CARTESIAN_POINT('',(1.2072281702258,-4.79489335059889,2.03910559532961));
#936=CARTESIAN_POINT('',(-0.055610561224132,-4.95120339686055,2.00332573560767));
#937=CARTESIAN_POINT('',(-1.72328372497558,-4.70191449796289,1.95593538932259));
#938=CARTESIAN_POINT('',(-3.24178640492952,-3.83117895435278,1.90803151595533));
#939=CARTESIAN_POINT('',(-4.26165104674808,-2.49120034466444,1.86071600408672));
#940=CARTESIAN_POINT('',(-4.75448309092377,-1.32274329951907,1.82516362148408));
#941=CARTESIAN_POINT('',(-4.94212061378955,-0.0664599242463075,1.78946432972014));
#942=CARTESIAN_POINT('',(-4.73514905235321,1.60400009851284,1.74213478306344));
#943=CARTESIAN_POINT('',(-3.90273453813515,3.14061730673345,1.69434208319583));
#944=CARTESIAN_POINT('',(-2.59024287148012,4.19094170619414,1.64709342441969));
#945=CARTESIAN_POINT('',(-1.4363829400416,4.7111233951299,1.61160077791211));
#946=CARTESIAN_POINT('',(-0.187937595543578,4.92897428299067,1.57600352636225));
#947=CARTESIAN_POINT('',(1.48489918250638,4.764814214409,1.5287244176684));
#948=CARTESIAN_POINT('',(3.03635967389228,3.97010490111711,1.48105685966309));
#949=CARTESIAN_POINT('',(4.11796348463829,2.68714718617341,1.43392936779563));
#950=CARTESIAN_POINT('',(4.66494370005939,1.54789784626672,1.39847108936201));
#951=CARTESIAN_POINT('',(4.90603132743852,0.307770035453885,1.36294623834322));
#952=CARTESIAN_POINT('',(4.82261450578981,-0.95187343405645,1.32740631446983));
#953=CARTESIAN_POINT('',(4.41483152311156,-2.14803217442784,1.29200470896709));
#954=CARTESIAN_POINT('',(3.5003393137832,-3.55158312798188,1.24500473235224));
#955=CARTESIAN_POINT('',(1.71131760292794,-4.76610301104056,1.18578923383697));
#956=CARTESIAN_POINT('',(-0.858119027252817,-4.99509130895053,1.11491136314339));
#957=CARTESIAN_POINT('',(-3.20996048282649,-3.91864755817359,1.04433032260315));
#958=CARTESIAN_POINT('',(-4.46319054369001,-2.16740278805359,0.985255621891938));
#959=CARTESIAN_POINT('',(-4.86260651524562,-0.54644570509343,0.93836685317509));
#960=CARTESIAN_POINT('',(-4.84227675060228,0.710208142495202,0.902986380452087));
#961=CARTESIAN_POINT('',(-4.49397709330915,1.91914435166663,0.867731486042065));
#962=CARTESIAN_POINT('',(-3.65131905414438,3.35788889686991,0.820956871665521));
#963=CARTESIAN_POINT('',(-1.93553195910173,4.65231765264786,0.762024541034802));
#964=CARTESIAN_POINT('',(0.19183755657925,4.95127819897306,0.703089577068931));
#965=CARTESIAN_POINT('',(1.80171584293382,4.52886671845503,0.656385217238737));
#966=CARTESIAN_POINT('',(2.89875664275882,3.92093554034625,0.62124786663456));
#967=CARTESIAN_POINT('',(3.79784028891654,3.05026433739121,0.586034331800355));
#968=CARTESIAN_POINT('',(4.65837776768138,1.62873745503885,0.539376887265872));
#969=CARTESIAN_POINT('',(5.00976578275146,-0.482782543947296,0.480629652137448));
#970=CARTESIAN_POINT('',(4.11111886705217,-2.88701698066027,0.410583160946328));
#971=CARTESIAN_POINT('',(2.15185139434095,-4.52654244944834,0.340427943638171));
#972=CARTESIAN_POINT('',(0.0520119755137696,-4.92981207732948,0.281846841717453));
#973=CARTESIAN_POINT('',(-1.56791602942409,-4.58647635380506,0.235369826103613));
#974=CARTESIAN_POINT('',(-2.68651709375213,-4.03502112862588,0.200438795267456));
#975=CARTESIAN_POINT('',(-3.62220195092199,-3.2150437965342,0.165431403248629));
#976=CARTESIAN_POINT('',(-4.54671894110213,-1.84543921322014,0.118983184708272));
#977=CARTESIAN_POINT('',(-4.91202235765516,-0.172755965874509,0.0721058141375246));
#978=CARTESIAN_POINT('',(-4.61059136442105,1.45006770398215,0.0257499298537477));
#979=CARTESIAN_POINT('',(-4.08642915332637,2.57623578018169,-0.00907079403838806));
#980=CARTESIAN_POINT('',(-3.29709135214758,3.53614480430567,-0.0440105244713133));
#981=CARTESIAN_POINT('',(-1.94912242382346,4.48464167277371,-0.0902889460172962));
#982=CARTESIAN_POINT('',(-0.293018360290649,4.89235321784702,-0.137010768473329));
#983=CARTESIAN_POINT('',(1.33196544049119,4.63050839038648,-0.183261636701445));
#984=CARTESIAN_POINT('',(2.46708444934203,4.13503419654942,-0.21797580475284));
#985=CARTESIAN_POINT('',(3.44346238485706,3.37337166450483,-0.252789486840457));
#986=CARTESIAN_POINT('',(4.42251725156944,2.05276445375327,-0.299002899788761));
#987=CARTESIAN_POINT('',(4.75839987531371,0.817144786865227,-0.334052170367889));
#988=CARTESIAN_POINT('',(4.75839987531371,0.0100978344389449,-0.356886928018715));
#989=CARTESIAN_POINT('',(0.00728133532778443,4.84325879497051,4.4566606924467));
#990=CARTESIAN_POINT('',(0.8257940634836,4.84325879497051,4.43343989620031));
#991=CARTESIAN_POINT('',(2.08710658252593,4.49914645380508,4.39765411794699));
#992=CARTESIAN_POINT('',(3.42937504515749,3.50457753617572,4.35072256353806));
#993=CARTESIAN_POINT('',(4.45759236113788,2.18714579109657,4.30375287454401));
#994=CARTESIAN_POINT('',(4.95429526586502,0.523693859488441,4.25626736860301));
#995=CARTESIAN_POINT('',(4.76908077178603,-1.13873300360749,4.20922871631572));
#996=CARTESIAN_POINT('',(4.32195105991321,-2.31694506744781,4.17388862551537));
#997=CARTESIAN_POINT('',(3.5955953432912,-3.34895893658751,4.13845451090357));
#998=CARTESIAN_POINT('',(2.30144368225952,-4.41287733391262,4.09135355896103));
#999=CARTESIAN_POINT('',(0.646720935647423,-4.94898596986063,4.04378232146819));
#1000=CARTESIAN_POINT('',(-1.0234943079362,-4.80602985067813,3.99667725845043));
#1001=CARTESIAN_POINT('',(-2.21509393286263,-4.3864146883551,3.96122782314671));
#1002=CARTESIAN_POINT('',(-3.26215939651645,-3.67943322042296,3.92571508690883));
#1003=CARTESIAN_POINT('',(-4.09458374991869,-2.72931336954059,3.89017140021965));
#1004=CARTESIAN_POINT('',(-4.65410942899084,-1.59400826442816,3.85472078499093));
#1005=CARTESIAN_POINT('',(-5.00209197404301,0.0487891206170392,3.80758872828297));
#1006=CARTESIAN_POINT('',(-4.59246702596629,2.18032972176629,3.7481220804015));
#1007=CARTESIAN_POINT('',(-2.92966174983538,4.16691978114478,3.67698100121357));
#1008=CARTESIAN_POINT('',(-0.491975535297799,5.07775382133028,3.6059628230255));
#1009=CARTESIAN_POINT('',(1.64918139068441,4.72116740732792,3.5463900482708));
#1010=CARTESIAN_POINT('',(3.08824832965414,3.84977506186216,3.499153367489));
#1011=CARTESIAN_POINT('',(3.9703312318828,2.93868691346379,3.4634738191435));
#1012=CARTESIAN_POINT('',(4.58593891064617,1.82748734879403,3.42788531304593));
#1013=CARTESIAN_POINT('',(5.01325012910968,0.198164897338847,3.38061822598496));
#1014=CARTESIAN_POINT('',(4.71017338068222,-1.95658757394147,3.32092386417167));
#1015=CARTESIAN_POINT('',(3.39929499903467,-3.6937401835139,3.26125201022399));
#1016=CARTESIAN_POINT('',(1.94431603900763,-4.54568008796903,3.21395287402182));
#1017=CARTESIAN_POINT('',(0.721321208305164,-4.89787518537553,3.17828916152551));
#1018=CARTESIAN_POINT('',(-0.549943215344115,-4.91828696662998,3.14249742657672));
#1019=CARTESIAN_POINT('',(-2.18793987138473,-4.51446254973149,3.09511445400977));
#1020=CARTESIAN_POINT('',(-3.95891928644958,-3.24678719663814,3.03536867507212));
#1021=CARTESIAN_POINT('',(-5.04653636102126,-0.869819274614073,2.96403736558732));
#1022=CARTESIAN_POINT('',(-4.81489863000824,1.72571156634546,2.89243909548138));
#1023=CARTESIAN_POINT('',(-3.58765133883958,3.53301288648241,2.83261344281391));
#1024=CARTESIAN_POINT('',(-2.17113631294971,4.45571705784055,2.78518299895883));
#1025=CARTESIAN_POINT('',(-0.963736733545387,4.86717507449108,2.74945011570164));
#1026=CARTESIAN_POINT('',(0.307701126878243,4.95121807397572,2.7135776986062));
#1027=CARTESIAN_POINT('',(1.96699734162513,4.628430633113,2.66604423962342));
#1028=CARTESIAN_POINT('',(3.44712218889153,3.6768888194475,2.61788535947929));
#1029=CARTESIAN_POINT('',(4.40588103826266,2.28300298292411,2.57039240613039));
#1030=CARTESIAN_POINT('',(4.84404557247294,1.08562983340276,2.53464578956565));
#1031=CARTESIAN_POINT('',(4.96871997885499,-0.186465005147994,2.49869315856971));
#1032=CARTESIAN_POINT('',(4.67751900010869,-1.85409064862581,2.45114284488047));
#1033=CARTESIAN_POINT('',(3.76501736857045,-3.35935782850214,2.40293753435245));
#1034=CARTESIAN_POINT('',(2.3928350856823,-4.35212700234096,2.35536691302299));
#1035=CARTESIAN_POINT('',(1.20521662915468,-4.81919697737583,2.31959799811371));
#1036=CARTESIAN_POINT('',(-0.0638809014715991,-4.97628171732121,2.28364080857841));
#1037=CARTESIAN_POINT('',(-1.73993359811133,-4.72574022014925,2.23601234071536));
#1038=CARTESIAN_POINT('',(-3.26827989759263,-3.84936017586529,2.18779793282647));
#1039=CARTESIAN_POINT('',(-4.29447171564101,-2.50106842298122,2.14018887849181));
#1040=CARTESIAN_POINT('',(-4.79064480611441,-1.32469008064984,2.10439547634169));
#1041=CARTESIAN_POINT('',(-4.97968525468025,-0.0590137427818698,2.06842926859461));
#1042=CARTESIAN_POINT('',(-4.77118375298126,1.62379437276945,2.02074986044708));
#1043=CARTESIAN_POINT('',(-3.93109557182316,3.17457698592815,1.97251658049025));
#1044=CARTESIAN_POINT('',(-2.60733213690152,4.23392164322076,1.9248621469986));
#1045=CARTESIAN_POINT('',(-1.44285192142957,4.75889115530123,1.88904282133636));
#1046=CARTESIAN_POINT('',(-0.181944013912779,4.97891673221076,1.8530902214385));
#1047=CARTESIAN_POINT('',(1.50723273740753,4.81315317716354,1.80534929878741));
#1048=CARTESIAN_POINT('',(3.07722516846935,4.00895119220157,1.75711235966387));
#1049=CARTESIAN_POINT('',(4.17067118092549,2.71194670348083,1.70946888101896));
#1050=CARTESIAN_POINT('',(4.72409348919627,1.55927978498591,1.67359299054835));
#1051=CARTESIAN_POINT('',(4.96815079038268,0.303876304005036,1.63763055083732));
#1052=CARTESIAN_POINT('',(4.88365896317551,-0.972000386870354,1.60163261843573));
#1053=CARTESIAN_POINT('',(4.4705573048485,-2.18376051482951,1.56576927307352));
#1054=CARTESIAN_POINT('',(3.54423167863164,-3.60547324536562,1.51816112253291));
#1055=CARTESIAN_POINT('',(1.72875536743899,-4.83795246223964,1.4580699933098));
#1056=CARTESIAN_POINT('',(-0.878845985503196,-5.07034200180807,1.38613934931442));
#1057=CARTESIAN_POINT('',(-3.26787693282763,-3.97687652709867,1.31444221609765));
#1058=CARTESIAN_POINT('',(-4.54260988561182,-2.19558394038498,1.25435391306048));
#1059=CARTESIAN_POINT('',(-4.94846211294282,-0.548506483854815,1.20670957088151));
#1060=CARTESIAN_POINT('',(-4.92776825272631,0.730653384385529,1.17069545218568));
#1061=CARTESIAN_POINT('',(-4.57320334646049,1.96133605865952,1.1348063892189));
#1062=CARTESIAN_POINT('',(-3.71576595390117,3.42531470012695,1.08721139632149));
#1063=CARTESIAN_POINT('',(-1.96598367671759,4.74539019345659,1.02711142937997));
#1064=CARTESIAN_POINT('',(0.205128411993711,5.05049791047048,0.966964655737254));
#1065=CARTESIAN_POINT('',(1.84621921499475,4.61989666462727,0.919354786080001));
#1066=CARTESIAN_POINT('',(2.96607922549538,3.99932009572559,0.883486554175741));
#1067=CARTESIAN_POINT('',(3.88453846634442,3.10988559704168,0.84751415426651));
#1068=CARTESIAN_POINT('',(4.76256800959111,1.65946347130668,0.799908308240523));
#1069=CARTESIAN_POINT('',(5.12210455795653,-0.501021746405257,0.739798750605573));
#1070=CARTESIAN_POINT('',(4.20270927123013,-2.96076624748014,0.668134993986851));
#1071=CARTESIAN_POINT('',(2.19720737044491,-4.63898093222159,0.59632426695691));
#1072=CARTESIAN_POINT('',(0.0436410078136622,-5.05256870369067,0.536244296340493));
#1073=CARTESIAN_POINT('',(-1.61515605245889,-4.70099487625338,0.488652096788738));
#1074=CARTESIAN_POINT('',(-2.76221876601422,-4.13550844219721,0.452832281936088));
#1075=CARTESIAN_POINT('',(-3.72251608327583,-3.29396224617918,0.416904047785023));
#1076=CARTESIAN_POINT('',(-4.66990833060851,-1.89046963552394,0.369306564326148));
#1077=CARTESIAN_POINT('',(-5.04612496107964,-0.167816009396325,0.3210287612662));
#1078=CARTESIAN_POINT('',(-4.73674849792155,1.4977839407706,0.273450974481871));
#1079=CARTESIAN_POINT('',(-4.19820081097189,2.6548593645925,0.237674606187677));
#1080=CARTESIAN_POINT('',(-3.38614822672884,3.64239170184278,0.201729414726632));
#1081=CARTESIAN_POINT('',(-2.00162880042538,4.61660728841025,0.154196142777452));
#1082=CARTESIAN_POINT('',(-0.292059345684869,5.0374813259484,0.105965960689586));
#1083=CARTESIAN_POINT('',(1.37950919021169,4.76812997939362,0.0583891811236491));
#1084=CARTESIAN_POINT('',(2.54821727857986,4.25799430780329,0.0226477930698012));
#1085=CARTESIAN_POINT('',(3.55494436525787,3.47265671052076,-0.0132480168105337));
#1086=CARTESIAN_POINT('',(4.56272061033556,2.1133084029609,-0.0608171381710716));
#1087=CARTESIAN_POINT('',(4.91133526960938,0.830851083905982,-0.0971949935793992));
#1088=CARTESIAN_POINT('',(4.91133526960938,0.00341247203685835,-0.120606717167678));
#1089=CARTESIAN_POINT('',(0.0106928150352342,4.65668633483395,4.57691236395549));
#1090=CARTESIAN_POINT('',(0.804231733143804,4.65668633483395,4.55440006219508));
#1091=CARTESIAN_POINT('',(2.00798777476763,4.32827660019522,4.52024726808078));
#1092=CARTESIAN_POINT('',(3.3023040293173,3.36923841059656,4.47499233181887));
#1093=CARTESIAN_POINT('',(4.29393521505291,2.09868365218643,4.42969392294468));
#1094=CARTESIAN_POINT('',(4.77024663224389,0.503522562060333,4.38415787228837));
#1095=CARTESIAN_POINT('',(4.59163085558697,-1.09967629537128,4.33879508654654));
#1096=CARTESIAN_POINT('',(4.16059392340649,-2.23548297511216,4.30472693156359));
#1097=CARTESIAN_POINT('',(3.46112410551062,-3.22929707555079,4.27060440299028));
#1098=CARTESIAN_POINT('',(2.21158947980846,-4.25653593511342,4.22512729846853));
#1099=CARTESIAN_POINT('',(0.622528181834691,-4.7713711161966,4.1794437466159));
#1100=CARTESIAN_POINT('',(-0.990300591118626,-4.6333267873755,4.13395715362815));
#1101=CARTESIAN_POINT('',(-2.13999928222991,-4.22846680521242,4.09975424812469));
#1102=CARTESIAN_POINT('',(-3.15015522823528,-3.54640674465506,4.06549335144261));
#1103=CARTESIAN_POINT('',(-3.9530365384175,-2.63000699302746,4.03121112312831));
#1104=CARTESIAN_POINT('',(-4.49317811637443,-1.5340331818614,3.99698865226525));
#1105=CARTESIAN_POINT('',(-4.82966324185042,0.054485817434099,3.9514138490436));
#1106=CARTESIAN_POINT('',(-4.43465615927708,2.10996031477575,3.89406932644954));
#1107=CARTESIAN_POINT('',(-2.82760490892675,4.02993981248717,3.82531361470063));
#1108=CARTESIAN_POINT('',(-0.47151237660607,4.91028662146793,3.75667254092745));
#1109=CARTESIAN_POINT('',(1.59627924272314,4.56591840188847,3.69914098736257));
#1110=CARTESIAN_POINT('',(2.99132467408817,3.72118222072182,3.653349291415));
#1111=CARTESIAN_POINT('',(3.84447352110853,2.83997955669094,3.61884010247566));
#1112=CARTESIAN_POINT('',(4.44036152716559,1.76437488871042,3.5843915979027));
#1113=CARTESIAN_POINT('',(4.85472456067594,0.184423405154534,3.53855677603632));
#1114=CARTESIAN_POINT('',(4.56155896644051,-1.89986478901005,3.48081452710334));
#1115=CARTESIAN_POINT('',(3.29291743141275,-3.58104588409808,3.42306531600185));
#1116=CARTESIAN_POINT('',(1.88033567807176,-4.40816077512991,3.37714444801437));
#1117=CARTESIAN_POINT('',(0.694483811228237,-4.74965953151692,3.34256386027955));
#1118=CARTESIAN_POINT('',(-0.537796673932343,-4.7694453756256,3.30786969619619));
#1119=CARTESIAN_POINT('',(-2.12981645131322,-4.37695589408678,3.26181671485494));
#1120=CARTESIAN_POINT('',(-3.84662987607494,-3.1480528103372,3.20389828029806));
#1121=CARTESIAN_POINT('',(-4.90262099374041,-0.840202858991354,3.13464115755837));
#1122=CARTESIAN_POINT('',(-4.67753742278786,1.68188776780638,3.06506875137483));
#1123=CARTESIAN_POINT('',(-3.48606681533465,3.43650268303184,3.0069871347048));
#1124=CARTESIAN_POINT('',(-2.10683501819725,4.33492092020443,2.96080507865766));
#1125=CARTESIAN_POINT('',(-0.932262872922454,4.73519199330366,2.92604372039632));
#1126=CARTESIAN_POINT('',(0.304269273390651,4.81692769881483,2.89115613502139));
#1127=CARTESIAN_POINT('',(1.92179256694572,4.50226645881307,2.84481933484999));
#1128=CARTESIAN_POINT('',(3.35879609754749,3.57844645249543,2.79806349467559));
#1129=CARTESIAN_POINT('',(4.29366843336659,2.21928788127544,2.75175378054741));
#1130=CARTESIAN_POINT('',(4.72074506155264,1.05221467600162,2.71691174455505));
#1131=CARTESIAN_POINT('',(4.84218784461519,-0.186906824522696,2.68189102383722));
#1132=CARTESIAN_POINT('',(4.55792848174815,-1.8147797971913,2.63547420912862));
#1133=CARTESIAN_POINT('',(3.6702308441441,-3.2791301866658,2.58857923513985));
#1134=CARTESIAN_POINT('',(2.33020693797628,-4.24863288527988,2.5421234758667));
#1135=CARTESIAN_POINT('',(1.17062802431933,-4.7046753888936,2.50719906115656));
#1136=CARTESIAN_POINT('',(-0.0677357722579146,-4.85795600779695,2.47211264685614));
#1137=CARTESIAN_POINT('',(-1.70641130171126,-4.61300176420341,2.42554632770102));
#1138=CARTESIAN_POINT('',(-3.19600372463351,-3.75884385901615,2.37855447991668));
#1139=CARTESIAN_POINT('',(-4.19979787987417,-2.43997992217622,2.33198454081061));
#1140=CARTESIAN_POINT('',(-4.6850910117557,-1.28939690792425,2.29697600737009));
#1141=CARTESIAN_POINT('',(-4.86988461852088,-0.0521543111870857,2.26181778963588));
#1142=CARTESIAN_POINT('',(-4.66570381896853,1.59578157285509,2.21512642483315));
#1143=CARTESIAN_POINT('',(-3.84535526497993,3.11012530817778,2.16802648657171));
#1144=CARTESIAN_POINT('',(-2.5482911395023,4.14810378321548,2.121333207039));
#1145=CARTESIAN_POINT('',(-1.40737880692007,4.66244845185336,2.08623882771864));
#1146=CARTESIAN_POINT('',(-0.172539160507971,4.87792517618262,2.0510295190286));
#1147=CARTESIAN_POINT('',(1.48435961292802,4.71532914777799,2.00420086351847));
#1148=CARTESIAN_POINT('',(3.02045525029639,3.92849022026317,1.95700538009977));
#1149=CARTESIAN_POINT('',(4.09372293307025,2.65542050644185,1.91024110884905));
#1150=CARTESIAN_POINT('',(4.63677543213811,1.52435180659601,1.8750374466815));
#1151=CARTESIAN_POINT('',(4.87628514283328,0.292340622854454,1.8397451055419));
#1152=CARTESIAN_POINT('',(4.79336487704677,-0.959804558700262,1.80441674040682));
#1153=CARTESIAN_POINT('',(4.38767960196182,-2.14981004751614,1.76919724700741));
#1154=CARTESIAN_POINT('',(3.47696672505875,-3.54756052997245,1.72239150773412));
#1155=CARTESIAN_POINT('',(1.6940379283694,-4.75794409352458,1.66337768086293));
#1156=CARTESIAN_POINT('',(-0.870371186967713,-4.98648433910539,1.5926384940905));
#1157=CARTESIAN_POINT('',(-3.22089392255007,-3.910644169786,1.52209702961477));
#1158=CARTESIAN_POINT('',(-4.47510887970757,-2.15802312045134,1.46297590290755));
#1159=CARTESIAN_POINT('',(-4.87522020522992,-0.534244069873892,1.41600550427692));
#1160=CARTESIAN_POINT('',(-4.85483614782011,0.725765803476856,1.38053054429463));
#1161=CARTESIAN_POINT('',(-4.50538050386416,1.93871440285524,1.34515864090431));
#1162=CARTESIAN_POINT('',(-3.65939355088943,3.3831426968189,1.29819924378967));
#1163=CARTESIAN_POINT('',(-1.93428808317683,4.68460144459055,1.23894685397404));
#1164=CARTESIAN_POINT('',(0.207354783095829,4.9855678336522,1.17961647238251));
#1165=CARTESIAN_POINT('',(1.82874969000643,4.56013453913687,1.1325780025795));
#1166=CARTESIAN_POINT('',(2.93494148457991,3.94713228708153,1.09714755283908));
#1167=CARTESIAN_POINT('',(3.84229128541806,3.06845615280539,1.06161026556312));
#1168=CARTESIAN_POINT('',(4.71076841901303,1.63381370831176,1.01452234122503));
#1169=CARTESIAN_POINT('',(5.0661559363586,-0.501739634665934,0.955106444416359));
#1170=CARTESIAN_POINT('',(4.15646088686651,-2.93553218064522,0.884198788519862));
#1171=CARTESIAN_POINT('',(2.17061767648525,-4.59729636842838,0.813091977477141));
#1172=CARTESIAN_POINT('',(0.037928080978932,-5.00687480183363,0.753594424740756));
#1173=CARTESIAN_POINT('',(-1.60686849689796,-4.65826830735086,0.706403910101492));
#1174=CARTESIAN_POINT('',(-2.74428510856297,-4.09753727131787,0.670885318172121));
#1175=CARTESIAN_POINT('',(-3.69666983257049,-3.2629251910512,0.635253123068614));
#1176=CARTESIAN_POINT('',(-4.63711996390291,-1.869716819618,0.588004415159066));
#1177=CARTESIAN_POINT('',(-5.01028100462375,-0.161054395199629,0.540118719061566));
#1178=CARTESIAN_POINT('',(-4.70295828244294,1.493488764045,0.4928567690068));
#1179=CARTESIAN_POINT('',(-4.16787866603214,2.64311300148949,0.457310788794989));
#1180=CARTESIAN_POINT('',(-3.36095859684811,3.62440371758056,0.421592786114637));
#1181=CARTESIAN_POINT('',(-1.98414372778888,4.59319800083344,0.374324026752122));
#1182=CARTESIAN_POINT('',(-0.284754888269293,5.01156570169087,0.326381059041249));
#1183=CARTESIAN_POINT('',(1.3787830554737,4.74350837973857,0.279032849052012));
#1184=CARTESIAN_POINT('',(2.54220289497196,4.23568100430503,0.243453186031871));
#1185=CARTESIAN_POINT('',(3.5445527549056,3.45375803724322,0.207713450326055));
#1186=CARTESIAN_POINT('',(4.54855653430661,2.09949825489713,0.160322397141344));
#1187=CARTESIAN_POINT('',(4.89568907114449,0.822493256090788,0.124099200850864));
#1188=CARTESIAN_POINT('',(4.89568907114449,-0.00285054986094058,0.100746748145532));
#1189=CARTESIAN_POINT('',(0.0116303418814098,4.50687228539524,4.60995936408592));
#1190=CARTESIAN_POINT('',(0.785115703761708,4.50687228539523,4.58801597167435));
#1191=CARTESIAN_POINT('',(1.94248707715993,4.19111725491295,4.55517919672771));
#1192=CARTESIAN_POINT('',(3.19800796460275,3.26082492901195,4.51128071555126));
#1193=CARTESIAN_POINT('',(4.15993406964743,2.02833062308025,4.46733925562153));
#1194=CARTESIAN_POINT('',(4.61961255512927,0.48887301710244,4.42339333695353));
#1195=CARTESIAN_POINT('',(4.44640244901096,-1.06580624708071,4.3794034213972));
#1196=CARTESIAN_POINT('',(4.02859605929297,-2.16674969960468,4.34638097766883));
#1197=CARTESIAN_POINT('',(3.35130539147765,-3.12905142949942,4.31334042384697));
#1198=CARTESIAN_POINT('',(2.13870283705681,-4.12592853837188,4.2692074706847));
#1199=CARTESIAN_POINT('',(0.604253402109272,-4.62307018653329,4.22509394251807));
#1200=CARTESIAN_POINT('',(-0.960627873881243,-4.48912975277401,4.18095961228487));
#1201=CARTESIAN_POINT('',(-2.0751842682418,-4.09664493442183,4.1478021708358));
#1202=CARTESIAN_POINT('',(-3.05427737915538,-3.43555858516871,4.11459481503317));
#1203=CARTESIAN_POINT('',(-3.83221346083568,-2.54763103847795,4.0813777230074));
#1204=CARTESIAN_POINT('',(-4.35593138491385,-1.48498162830107,4.04819582750322));
#1205=CARTESIAN_POINT('',(-4.68263502713962,0.0573597815325224,4.00394586493749));
#1206=CARTESIAN_POINT('',(-4.30013037196839,2.04777615254267,3.94841636228174));
#1207=CARTESIAN_POINT('',(-2.7410805282413,3.91040731331846,3.88171433169365));
#1208=CARTESIAN_POINT('',(-0.455750596770783,4.76431389170596,3.81513481570681));
#1209=CARTESIAN_POINT('',(1.54797659436464,4.43061490633233,3.75938570774611));
#1210=CARTESIAN_POINT('',(2.90435663403635,3.6092916224004,3.71486318470167));
#1211=CARTESIAN_POINT('',(3.73198587102912,2.75444772146214,3.6813862435901));
#1212=CARTESIAN_POINT('',(4.31041503877059,1.71035704235012,3.64794704087493));
#1213=CARTESIAN_POINT('',(4.71326130274339,0.174318590713339,3.60338614799724));
#1214=CARTESIAN_POINT('',(4.42896357018829,-1.84692271196319,3.54739052379348));
#1215=CARTESIAN_POINT('',(3.1983751191372,-3.47767654006915,3.49137350852428));
#1216=CARTESIAN_POINT('',(1.8242272676941,-4.28228706807561,3.44670206778666));
#1217=CARTESIAN_POINT('',(0.67221262382626,-4.61404146271823,3.41310820621094));
#1218=CARTESIAN_POINT('',(-0.524406342411133,-4.63325471538966,3.3794180721385));
#1219=CARTESIAN_POINT('',(-2.07417214069591,-4.25118234209535,3.33458738824515));
#1220=CARTESIAN_POINT('',(-3.74087036193603,-3.05815195555454,3.27835964068641));
#1221=CARTESIAN_POINT('',(-4.76735859393007,-0.814780040171628,3.21103746317489));
#1222=CARTESIAN_POINT('',(-4.54844487888679,1.63817655035859,3.14337213408098));
#1223=CARTESIAN_POINT('',(-3.39094358586961,3.34276667655727,3.08694644806276));
#1224=CARTESIAN_POINT('',(-2.04736783493216,4.21795891050256,3.04195829540984));
#1225=CARTESIAN_POINT('',(-0.904370373880357,4.6074699525662,3.00813138712221));
#1226=CARTESIAN_POINT('',(0.29842375883916,4.68697554998689,2.97419568790174));
#1227=CARTESIAN_POINT('',(1.87535788628481,4.38021023172519,2.92902163579501));
#1228=CARTESIAN_POINT('',(3.27015584329875,3.48352332037095,2.88363904002197));
#1229=CARTESIAN_POINT('',(4.18148180645736,2.1585975026473,2.83849571593967));
#1230=CARTESIAN_POINT('',(4.59756215266628,1.02157386039372,2.80455078558865));
#1231=CARTESIAN_POINT('',(4.71578240836406,-0.18466711118511,2.77045935212858));
#1232=CARTESIAN_POINT('',(4.43848489386636,-1.77267154729629,2.72517934017127));
#1233=CARTESIAN_POINT('',(3.57586680382011,-3.19565059175602,2.67960925957024));
#1234=CARTESIAN_POINT('',(2.26860883693084,-4.14144724571898,2.63428942524625));
#1235=CARTESIAN_POINT('',(1.13779010862748,-4.58617886157976,2.6002312151804));
#1236=CARTESIAN_POINT('',(-0.0688563605691759,-4.73553361347674,2.56604344414786));
#1237=CARTESIAN_POINT('',(-1.6687162080406,-4.49638165706487,2.52058015204288));
#1238=CARTESIAN_POINT('',(-3.11769862506476,-3.6655102274489,2.47486941927116));
#1239=CARTESIAN_POINT('',(-4.09782100807786,-2.37774813210608,2.42939770631575));
#1240=CARTESIAN_POINT('',(-4.5715308377412,-1.25462800555154,2.39522478005039));
#1241=CARTESIAN_POINT('',(-4.75177188514308,-0.0478660107520914,2.36093271713693));
#1242=CARTESIAN_POINT('',(-4.55225520510553,1.56242593256332,2.31530792718466));
#1243=CARTESIAN_POINT('',(-3.75343106062183,3.03703612470879,2.26944380308277));
#1244=CARTESIAN_POINT('',(-2.48576196660334,4.05149115990392,2.22380872136299));
#1245=CARTESIAN_POINT('',(-1.37100867240613,4.55404284362456,2.18951899213669));
#1246=CARTESIAN_POINT('',(-0.165329153623339,4.76443119166072,2.15514113386058));
#1247=CARTESIAN_POINT('',(1.45517649731493,4.60540652034455,2.1093410511418));
#1248=CARTESIAN_POINT('',(2.95262069163509,3.83836613873736,2.06333310676372));
#1249=CARTESIAN_POINT('',(4.00262392832603,2.59289183488911,2.0175825107448));
#1250=CARTESIAN_POINT('',(4.5336082018148,1.4869588120517,1.98316117760985));
#1251=CARTESIAN_POINT('',(4.76777987987155,0.28240587161317,1.9486554086236));
#1252=CARTESIAN_POINT('',(4.68671971928232,-0.941650618499619,1.91411954547794));
#1253=CARTESIAN_POINT('',(4.28989000416369,-2.10567989961545,1.87966884590699));
#1254=CARTESIAN_POINT('',(3.39802051525429,-3.47450979104111,1.83383155533781));
#1255=CARTESIAN_POINT('',(1.65493761045076,-4.65784302442681,1.77613660254037));
#1256=CARTESIAN_POINT('',(-0.855628881687857,-4.88158481321892,1.70688266371686));
#1257=CARTESIAN_POINT('',(-3.15714966311655,-3.82817296159057,1.63781179535826));
#1258=CARTESIAN_POINT('',(-4.38472278933973,-2.11278080465736,1.5799465100468));
#1259=CARTESIAN_POINT('',(-4.77724730110741,-0.519791457968899,1.53386675270438));
#1260=CARTESIAN_POINT('',(-4.7572779513042,0.7145838879486,1.49911352026891));
#1261=CARTESIAN_POINT('',(-4.4147438939718,1.90350789666516,1.46444221993821));
#1262=CARTESIAN_POINT('',(-3.58450196891715,3.32105331289997,1.41835680440931));
#1263=CARTESIAN_POINT('',(-1.89400523531187,4.59640244558067,1.36029312464227));
#1264=CARTESIAN_POINT('',(0.205315058697613,4.8914212175347,1.30213521414845));
#1265=CARTESIAN_POINT('',(1.79779959194173,4.47357363545882,1.25593546644387));
#1266=CARTESIAN_POINT('',(2.88356295003168,3.87189191356092,1.2211593233939));
#1267=CARTESIAN_POINT('',(3.77404726004041,3.00954829434234,1.18628259039601));
#1268=CARTESIAN_POINT('',(4.62776009631752,1.5992950787368,1.13999517085893));
#1269=CARTESIAN_POINT('',(4.97656096098798,-0.496678516914915,1.08168047163475));
#1270=CARTESIAN_POINT('',(4.08280087777282,-2.887838752026,1.01201489252664));
#1271=CARTESIAN_POINT('',(2.13057258298923,-4.52147379918842,0.942111726081398));
#1272=CARTESIAN_POINT('',(0.0350411367012855,-4.92391609024216,0.883650807530956));
#1273=CARTESIAN_POINT('',(-1.58394051995141,-4.58078094055325,0.837200943397856));
#1274=CARTESIAN_POINT('',(-2.70304043250579,-4.02907978993223,0.802254334816127));
#1275=CARTESIAN_POINT('',(-3.64000074946573,-3.20798472241089,0.767199223182588));
#1276=CARTESIAN_POINT('',(-4.56651386020513,-1.83542303187668,0.720650718498273));
#1277=CARTESIAN_POINT('',(-4.93327394748157,-0.156069853165659,0.67358642141601));
#1278=CARTESIAN_POINT('',(-4.6304461042628,1.47427408258679,0.627015721079125));
#1279=CARTESIAN_POINT('',(-4.10326237546312,2.60693392165861,0.591994274144553));
#1280=CARTESIAN_POINT('',(-3.30847746550566,3.57346714250067,0.556813429562424));
#1281=CARTESIAN_POINT('',(-1.95065303147154,4.52889882682884,0.510196649143168));
#1282=CARTESIAN_POINT('',(-0.277988728457599,4.94068729011901,0.463007631064647));
#1283=CARTESIAN_POINT('',(1.36307670442052,4.67625111856046,0.416299041690868));
#1284=CARTESIAN_POINT('',(2.51077901356067,4.17528437238479,0.381200051609819));
#1285=CARTESIAN_POINT('',(3.49931541593341,3.40413714356882,0.345952847845339));
#1286=CARTESIAN_POINT('',(4.49060467328933,2.06702746186049,0.299161946376009));
#1287=CARTESIAN_POINT('',(4.83228498531451,0.810079696535793,0.263507688426513));
#1288=CARTESIAN_POINT('',(4.83228498531451,-0.00680177780250768,0.240394670726756));
#1289=CARTESIAN_POINT('',(0.0108356801606583,4.3560346981868,4.5819482344885));
#1290=CARTESIAN_POINT('',(0.764130407932298,4.3560346981868,4.5605776402566));
#1291=CARTESIAN_POINT('',(1.87463816539293,4.05306503877813,4.52907047311355));
#1292=CARTESIAN_POINT('',(3.09081815584191,3.15192279308168,4.48654752112457));
#1293=CARTESIAN_POINT('',(4.02252058228746,1.95815340747638,4.4439867000559));
#1294=CARTESIAN_POINT('',(4.46520262213386,0.475616689324428,4.40166566582589));
#1295=CARTESIAN_POINT('',(4.29753839149101,-1.02928454633217,4.3590842280964));
#1296=CARTESIAN_POINT('',(3.89335046901713,-2.09434256791301,4.32713815629365));
#1297=CARTESIAN_POINT('',(3.23896006263632,-3.02410736464057,4.29521475549989));
#1298=CARTESIAN_POINT('',(2.06460856913174,-3.98953838519786,4.25247395863292));
#1299=CARTESIAN_POINT('',(0.586964887781286,-4.46827570844305,4.20999352579954));
#1300=CARTESIAN_POINT('',(-0.927839559950305,-4.33862142226646,4.16727151182913));
#1301=CARTESIAN_POINT('',(-2.00556942208403,-3.95910486185503,4.13520963951614));
#1302=CARTESIAN_POINT('',(-2.95201227784605,-3.32006405427689,4.10310966423512));
#1303=CARTESIAN_POINT('',(-3.70365287269373,-2.46214988228639,4.07101536317708));
#1304=CARTESIAN_POINT('',(-4.210006467759,-1.43473354918275,4.03893364264174));
#1305=CARTESIAN_POINT('',(-4.52633179545632,0.0586126791081385,3.9960893577913));
#1306=CARTESIAN_POINT('',(-4.15715272047153,1.97968753336097,3.94249437496517));
#1307=CARTESIAN_POINT('',(-2.64955082180986,3.78085270187082,3.87799348144737));
#1308=CARTESIAN_POINT('',(-0.440527366417295,4.6062475975471,3.81363703538753));
#1309=CARTESIAN_POINT('',(1.49372503941691,4.28411888255091,3.7598209037938));
#1310=CARTESIAN_POINT('',(2.80797494638579,3.48830648637309,3.71668128211126));
#1311=CARTESIAN_POINT('',(3.60770432100742,2.6622798699373,3.68433286813221));
#1312=CARTESIAN_POINT('',(4.16698804737426,1.65274757411842,3.65200047041739));
#1313=CARTESIAN_POINT('',(4.55715852017215,0.165041462609522,3.6088417118604));
#1314=CARTESIAN_POINT('',(4.28266671971337,-1.78648364927578,3.55477747586611));
#1315=CARTESIAN_POINT('',(3.09438384853155,-3.36117487882321,3.50068623221574));
#1316=CARTESIAN_POINT('',(1.76316820335465,-4.1406471328688,3.45741045170926));
#1317=CARTESIAN_POINT('',(0.649093309632514,-4.46147572990157,3.42492294995404));
#1318=CARTESIAN_POINT('',(-0.507415260756076,-4.48004495870915,3.39236210152053));
#1319=CARTESIAN_POINT('',(-2.00949019245083,-4.10973007974248,3.34891099005488));
#1320=CARTESIAN_POINT('',(-3.61934219973922,-2.95739047917596,3.29460100692824));
#1321=CARTESIAN_POINT('',(-4.61216227835467,-0.787599718820626,3.22948695351167));
#1322=CARTESIAN_POINT('',(-4.40033573620194,1.58594417960552,3.16401224041406));
#1323=CARTESIAN_POINT('',(-3.28209323939956,3.23271998041389,3.1095003358508));
#1324=CARTESIAN_POINT('',(-1.979934806289,4.08093337458208,3.06589899642041));
#1325=CARTESIAN_POINT('',(-0.873759638585081,4.45789610368629,3.03316184063221));
#1326=CARTESIAN_POINT('',(0.289556934157923,4.53479220468091,3.00033996344069));
#1327=CARTESIAN_POINT('',(1.8188255388281,4.23729939121813,2.95653137408353));
#1328=CARTESIAN_POINT('',(3.16381557806098,3.37263296550591,2.91276938048273));
#1329=CARTESIAN_POINT('',(4.04722154467568,2.08829846828362,2.86900909770871));
#1330=CARTESIAN_POINT('',(4.45021101822639,0.987048281435331,2.83613215522269));
#1331=CARTESIAN_POINT('',(4.56458115738407,-0.179908658074654,2.80315098828222));
#1332=CARTESIAN_POINT('',(4.29563221698379,-1.7201031715981,2.75923421802451));
#1333=CARTESIAN_POINT('',(3.46324627927558,-3.0932111088525,2.71526123077764));
#1334=CARTESIAN_POINT('',(2.19567783689955,-4.01029252800123,2.67131734727658));
#1335=CARTESIAN_POINT('',(1.0998416102215,-4.44126612581254,2.63831274674086));
#1336=CARTESIAN_POINT('',(-0.0680791081729946,-4.58582753098309,2.60522218780423));
#1337=CARTESIAN_POINT('',(-1.62036444355862,-4.35378715853818,2.56111082283407));
#1338=CARTESIAN_POINT('',(-3.01930108632345,-3.55161283629669,2.51697887320467));
#1339=CARTESIAN_POINT('',(-3.97010265348474,-2.30237474154084,2.4728674676406));
#1340=CARTESIAN_POINT('',(-4.42940304161477,-1.21341800528362,2.43973402325256));
#1341=CARTESIAN_POINT('',(-4.60395808915447,-0.0447252995558225,2.40652375978385));
#1342=CARTESIAN_POINT('',(-4.41029014938937,1.51836167153615,2.36223643969308));
#1343=CARTESIAN_POINT('',(-3.6386122318528,2.94286058047749,2.31793090383643));
#1344=CARTESIAN_POINT('',(-2.40821580556029,3.92748807974215,2.27363760858569));
#1345=CARTESIAN_POINT('',(-1.32678087905916,4.41501921867351,2.24037274989578));
#1346=CARTESIAN_POINT('',(-0.158399796212666,4.61889907403087,2.20705839176591));
#1347=CARTESIAN_POINT('',(1.4153571378425,4.46446198272868,2.16257956028683));
#1348=CARTESIAN_POINT('',(2.86285405719986,3.72300624527253,2.11810621162659));
#1349=CARTESIAN_POINT('',(3.88262007595487,2.51339819082533,2.07367310749169));
#1350=CARTESIAN_POINT('',(4.39784350087827,1.44029183304497,2.04027347960498));
#1351=CARTESIAN_POINT('',(4.62501345117023,0.271754997701736,2.00679943231438));
#1352=CARTESIAN_POINT('',(4.54640328459484,-0.915305130060156,1.97330739461089));
#1353=CARTESIAN_POINT('',(4.16128819852409,-2.04497163361769,1.93987369843091));
#1354=CARTESIAN_POINT('',(3.29447617309104,-3.3753436503921,1.8953242265937));
#1355=CARTESIAN_POINT('',(1.60474110869996,-4.52246043514221,1.8393950539126));
#1356=CARTESIAN_POINT('',(-0.833127187745564,-4.73972335775123,1.77214649372091));
#1357=CARTESIAN_POINT('',(-3.06786511956723,-3.71687818439457,1.70507984337809));
#1358=CARTESIAN_POINT('',(-4.25880487929479,-2.05267694083854,1.64894138000408));
#1359=CARTESIAN_POINT('',(-4.64081823289982,-0.502345217999021,1.60409556246161));
#1360=CARTESIAN_POINT('',(-4.62142654263034,0.696322972011844,1.57034764748726));
#1361=CARTESIAN_POINT('',(-4.28858138435505,1.85161714316789,1.53665705760532));
#1362=CARTESIAN_POINT('',(-3.48051272915342,3.23130417608749,1.49180244520016));
#1363=CARTESIAN_POINT('',(-1.83913576184763,4.46959624139727,1.43542588752212));
#1364=CARTESIAN_POINT('',(0.199568257953264,4.75609657105906,1.37894724238858));
#1365=CARTESIAN_POINT('',(1.75030948583405,4.34920189863461,1.33395851440564));
#1366=CARTESIAN_POINT('',(2.80638345037744,3.76397271706061,1.30013329918846));
#1367=CARTESIAN_POINT('',(3.6722210227839,2.92549696015806,1.26622188099395));
#1368=CARTESIAN_POINT('',(4.50422373745759,1.55110682110638,1.22111156160595));
#1369=CARTESIAN_POINT('',(4.84325211666927,-0.486143091320347,1.16443068731721));
#1370=CARTESIAN_POINT('',(3.97339587194397,-2.8133511438078,1.09662833166535));
#1371=CARTESIAN_POINT('',(2.07221583957326,-4.40426873277271,1.0285530432371));
#1372=CARTESIAN_POINT('',(0.0337752206416697,-4.79574685366325,0.971684838656173));
#1373=CARTESIAN_POINT('',(-1.5451537396516,-4.46110067474448,0.926384118058094));
#1374=CARTESIAN_POINT('',(-2.63561171342805,-3.92351961331526,0.892331923471278));
#1375=CARTESIAN_POINT('',(-3.54828981201497,-3.12370400595212,0.858185298419688));
#1376=CARTESIAN_POINT('',(-4.45270151524006,-1.78388394088376,0.812747180042144));
#1377=CARTESIAN_POINT('',(-4.80920806738826,-0.151480545990565,0.766998662512129));
#1378=CARTESIAN_POINT('',(-4.5136517115231,1.43971565095142,0.721546215552969));
#1379=CARTESIAN_POINT('',(-3.99934954742968,2.54469931147272,0.687380506400407));
#1380=CARTESIAN_POINT('',(-3.22451532604103,3.48697061813041,0.653082771279784));
#1381=CARTESIAN_POINT('',(-1.89816557439182,4.42025517647458,0.607546578542356));
#1382=CARTESIAN_POINT('',(-0.270307131403832,4.821013012631,0.561621618371317));
#1383=CARTESIAN_POINT('',(1.33267048584904,4.56271419303001,0.515997097983785));
#1384=CARTESIAN_POINT('',(2.4534792674385,4.07348634716235,0.481720564779601));
#1385=CARTESIAN_POINT('',(3.41817061587307,3.32094040325733,0.447323579047473));
#1386=CARTESIAN_POINT('',(4.38731306369894,2.0137036503857,0.401578052754854));
#1387=CARTESIAN_POINT('',(4.71939136096603,0.792079052852723,0.366925762723822));
#1388=CARTESIAN_POINT('',(4.71939136096603,-0.00973996916575115,0.344238925244826));
#1389=CARTESIAN_POINT('',(0.00760337875733273,4.16553647556086,4.46801244125452));
#1390=CARTESIAN_POINT('',(0.735398536498198,4.16553647556086,4.44736525705606));
#1391=CARTESIAN_POINT('',(1.78651282037105,3.87877059351718,4.41754319304442));
#1392=CARTESIAN_POINT('',(2.95264823171816,3.01470944169742,4.37677001761085));
#1393=CARTESIAN_POINT('',(3.84577545406613,1.87036559839842,4.33597133895234));
#1394=CARTESIAN_POINT('',(4.26667175461695,0.460789053758331,4.29573305246329));
#1395=CARTESIAN_POINT('',(4.10614399515398,-0.980057468166862,4.25496405380914));
#1396=CARTESIAN_POINT('',(3.71953673157092,-1.99878945986105,4.2244075163295));
#1397=CARTESIAN_POINT('',(3.09479803480058,-2.88642479458889,4.19393062728299));
#1398=CARTESIAN_POINT('',(1.97012253994465,-3.81101731803707,4.15299779998829));
#1399=CARTESIAN_POINT('',(0.566554938879517,-4.26575495526872,4.11264696307363));
#1400=CARTESIAN_POINT('',(-0.882696022624369,-4.14171148603683,4.07177375338856));
#1401=CARTESIAN_POINT('',(-1.91206509313305,-3.77922490868626,4.04115058810275));
#1402=CARTESIAN_POINT('',(-2.81550990739342,-3.169216496459,4.01050895345045));
#1403=CARTESIAN_POINT('',(-3.53242856512735,-2.3509335553161,3.97989724435283));
#1404=CARTESIAN_POINT('',(-4.01579011488069,-1.37016921227465,3.94927226151902));
#1405=CARTESIAN_POINT('',(-4.31832888632909,0.0580918016095775,3.90829527938296));
#1406=CARTESIAN_POINT('',(-3.96692486598072,1.88667167765597,3.85728076173626));
#1407=CARTESIAN_POINT('',(-2.52829613530906,3.60543308436659,3.79573080040291));
#1408=CARTESIAN_POINT('',(-0.422129805514816,4.3923957278884,3.73437093594988));
#1409=CARTESIAN_POINT('',(1.41800595686671,4.08594111691489,3.6831733838414));
#1410=CARTESIAN_POINT('',(2.6749453983702,3.32483169359348,3.64191495064936));
#1411=CARTESIAN_POINT('',(3.43661129858469,2.53812018045648,3.61110617378591));
#1412=CARTESIAN_POINT('',(3.96970641360941,1.57585950668936,3.58028774931506));
#1413=CARTESIAN_POINT('',(4.34248329279123,0.154474547927289,3.53905298542106));
#1414=CARTESIAN_POINT('',(4.08150060036699,-1.70100629770116,3.48764951963422));
#1415=CARTESIAN_POINT('',(2.95176495472339,-3.19811179004303,3.43622337561497));
#1416=CARTESIAN_POINT('',(1.68019968956679,-3.9426567080574,3.39488673754738));
#1417=CARTESIAN_POINT('',(0.619002936022733,-4.24825758599998,3.36394121351873));
#1418=CARTESIAN_POINT('',(-0.481458100696535,-4.2659268997499,3.3329583518772));
#1419=CARTESIAN_POINT('',(-1.91670306006541,-3.91208798519154,3.29144045726744));
#1420=CARTESIAN_POINT('',(-3.4465723958845,-2.81700035516386,3.23982877033092));
#1421=CARTESIAN_POINT('',(-4.39179070096354,-0.751242430788083,3.17783667676542));
#1422=CARTESIAN_POINT('',(-4.19003667325207,1.50943763598173,3.115475336461));
#1423=CARTESIAN_POINT('',(-3.12785858160526,3.07365039168951,3.06369645046211));
#1424=CARTESIAN_POINT('',(-1.88508064098619,3.88318390804647,3.0220834013525));
#1425=CARTESIAN_POINT('',(-0.83186002696812,4.2421007673294,2.99091343087484));
#1426=CARTESIAN_POINT('',(0.274536894745862,4.31523443655208,2.95969748781994));
#1427=CARTESIAN_POINT('',(1.73489132717995,4.03114768591133,2.9178630661552));
#1428=CARTESIAN_POINT('',(3.00760138208754,3.21294857510408,2.87645284923618));
#1429=CARTESIAN_POINT('',(3.85034587179053,1.98772952364434,2.83470676808057));
#1430=CARTESIAN_POINT('',(4.23421367078427,0.938733177307502,2.80338982215999));
#1431=CARTESIAN_POINT('',(4.34294507853502,-0.170689891964931,2.77203470851659));
#1432=CARTESIAN_POINT('',(4.08625651801809,-1.64067267755981,2.73011994014745));
#1433=CARTESIAN_POINT('',(3.29843730617976,-2.94026312460065,2.68850130798941));
#1434=CARTESIAN_POINT('',(2.08958253922495,-3.81486540102333,2.64659290188458));
#1435=CARTESIAN_POINT('',(1.04565144840241,-4.22542559891234,2.61515158994341));
#1436=CARTESIAN_POINT('',(-0.0646548417544452,-4.36285567866589,2.58369341375603));
#1437=CARTESIAN_POINT('',(-1.54596865936875,-4.14142434635118,2.54159884972545));
#1438=CARTESIAN_POINT('',(-2.86996068929959,-3.38222455359728,2.49983116147679));
#1439=CARTESIAN_POINT('',(-3.77669777859549,-2.19088184550902,2.45776407948266));
#1440=CARTESIAN_POINT('',(-4.21427859669834,-1.15342010621015,2.42619746191259));
#1441=CARTESIAN_POINT('',(-4.38023950981549,-0.0422674278447259,2.39462228990919));
#1442=CARTESIAN_POINT('',(-4.19543586587008,1.44927613074199,2.35236202657764));
#1443=CARTESIAN_POINT('',(-3.46505996498179,2.79753250855015,2.31042782717883));
#1444=CARTESIAN_POINT('',(-2.29157739407044,3.73661456741856,2.26818338557102));
#1445=CARTESIAN_POINT('',(-1.26116984173541,4.2011416094466,2.23648812515222));
#1446=CARTESIAN_POINT('',(-0.150071369306364,4.39502577889475,2.20480708120902));
#1447=CARTESIAN_POINT('',(1.35168887281567,4.24765392075845,2.16236308030527));
#1448=CARTESIAN_POINT('',(2.72196401866072,3.54575372657257,2.12026231759782));
#1449=CARTESIAN_POINT('',(3.69480775455688,2.39180311729932,2.07787370469147));
#1450=CARTESIAN_POINT('',(4.18549837479651,1.36979363789606,2.04606442869448));
#1451=CARTESIAN_POINT('',(4.40173965896506,0.257472639682493,2.01420074706257));
#1452=CARTESIAN_POINT('',(4.32696356278408,-0.871690751683598,1.98234222364613));
#1453=CARTESIAN_POINT('',(3.96023077297502,-1.94743606363796,1.95050438317405));
#1454=CARTESIAN_POINT('',(3.13286548242813,-3.2172657359295,1.90798226115816));
#1455=CARTESIAN_POINT('',(1.52746443678857,-4.30713036886363,1.85484449169585));
#1456=CARTESIAN_POINT('',(-0.794891380038838,-4.51409881454941,1.79078234151237));
#1457=CARTESIAN_POINT('',(-2.92292276443996,-3.54009349639031,1.72691805803469));
#1458=CARTESIAN_POINT('',(-4.055022156198,-1.95811489486662,1.67355320920768));
#1459=CARTESIAN_POINT('',(-4.42007833252058,-0.476600792203736,1.63069805107872));
#1460=CARTESIAN_POINT('',(-4.40162144452733,0.664284000027668,1.5985769993276));
#1461=CARTESIAN_POINT('',(-4.08449953044861,1.76500332783586,1.56647791636313));
#1462=CARTESIAN_POINT('',(-3.31253673234496,3.08304363986131,1.52362748295348));
#1463=CARTESIAN_POINT('',(-1.75149340276602,4.26073018422369,1.4700101536861));
#1464=CARTESIAN_POINT('',(0.187576197947547,4.53322882769812,1.41629170176554));
#1465=CARTESIAN_POINT('',(1.66940102867282,4.14441693681136,1.37330231512301));
#1466=CARTESIAN_POINT('',(2.67628652690883,3.58644581371284,1.34105256764286));
#1467=CARTESIAN_POINT('',(3.50116981370574,2.7876301232237,1.30874516612587));
#1468=CARTESIAN_POINT('',(4.29697952250842,1.47302742175419,1.2655971937659));
#1469=CARTESIAN_POINT('',(4.61963966080908,-0.465864360771766,1.21165286385602));
#1470=CARTESIAN_POINT('',(3.79004813324446,-2.68534843636571,1.14698900688104));
#1471=CARTESIAN_POINT('',(1.97539210980014,-4.20386227327927,1.08201187158051));
#1472=CARTESIAN_POINT('',(0.0342797212052124,-4.5766487176167,1.02785891985653));
#1473=CARTESIAN_POINT('',(-1.47604000143972,-4.25654392706621,0.984526652547562));
#1474=CARTESIAN_POINT('',(-2.51724958430511,-3.74324165757242,0.952012358394067));
#1475=CARTESIAN_POINT('',(-3.3880410981855,-2.98013290691953,0.919432863642722));
#1476=CARTESIAN_POINT('',(-4.25419631199608,-1.69698704448904,0.875916771360736));
#1477=CARTESIAN_POINT('',(-4.59287075992696,-0.146234848674889,0.832456549312156));
#1478=CARTESIAN_POINT('',(-4.31001778142173,1.37656976966524,0.788957704683638));
#1479=CARTESIAN_POINT('',(-3.81830617137822,2.43301738493915,0.756292713111421));
#1480=CARTESIAN_POINT('',(-3.07858080088529,3.33259302600081,0.723549057605729));
#1481=CARTESIAN_POINT('',(-1.80781873443462,4.22676337019039,0.679921299309428));
#1482=CARTESIAN_POINT('',(-0.259491529316656,4.60794163729219,0.636240065518449));
#1483=CARTESIAN_POINT('',(1.27556324802931,4.36058769251856,0.592548789214151));
#1484=CARTESIAN_POINT('',(2.34821842505961,3.8923786721778,0.559744887785062));
#1485=CARTESIAN_POINT('',(3.27005652179804,3.17326211560937,0.526875875419295));
#1486=CARTESIAN_POINT('',(4.1992491185168,1.91991208883885,0.483016064656221));
#1487=CARTESIAN_POINT('',(4.5139288414216,0.762292054620908,0.450179311653324));
#1488=CARTESIAN_POINT('',(4.5139288414216,-0.0121175057231556,0.428268003296634));
#1489=CARTESIAN_POINT('',(0.00286329836800854,4.10163574968875,4.30092875945586));
#1490=CARTESIAN_POINT('',(0.722104730998356,4.10163574968875,4.28052424015571));
#1491=CARTESIAN_POINT('',(1.752955326214,3.82039822420953,4.25127709461822));
#1492=CARTESIAN_POINT('',(2.90171400720617,2.96921255623088,4.21111148539723));
#1493=CARTESIAN_POINT('',(3.78123782552098,1.8422984488796,4.17093421978708));
#1494=CARTESIAN_POINT('',(4.1943008876432,0.458955323595019,4.13144480206123));
#1495=CARTESIAN_POINT('',(4.03638414420034,-0.958455542317434,4.09133891930034));
#1496=CARTESIAN_POINT('',(3.65629977607728,-1.95999933578175,4.06129793628223));
#1497=CARTESIAN_POINT('',(3.04270514101608,-2.8318010700034,4.03136469265739));
#1498=CARTESIAN_POINT('',(1.93693590476309,-3.7408508120621,3.99111996305995));
#1499=CARTESIAN_POINT('',(0.562045038114605,-4.18629756053125,3.95159354688058));
#1500=CARTESIAN_POINT('',(-0.861428019161784,-4.06446045910924,3.91144735115839));
#1501=CARTESIAN_POINT('',(-1.8715382693823,-3.708755767916,3.88139712521356));
#1502=CARTESIAN_POINT('',(-2.75766811732424,-3.11043846835545,3.85134275263149));
#1503=CARTESIAN_POINT('',(-3.46045875196356,-2.30828109482846,3.8213342959788));
#1504=CARTESIAN_POINT('',(-3.9343657847349,-1.34670043145983,3.79130833559603));
#1505=CARTESIAN_POINT('',(-4.23116552566886,0.0544670846157591,3.75110866920613));
#1506=CARTESIAN_POINT('',(-3.88727524704278,1.84394815668839,3.70118494701846));
#1507=CARTESIAN_POINT('',(-2.4783405083994,3.52723349760019,3.64090540662293));
#1508=CARTESIAN_POINT('',(-0.4173174011245,4.29732851332434,3.58086071940712));
#1509=CARTESIAN_POINT('',(1.38079157521102,3.99787300678187,3.5308324661148));
#1510=CARTESIAN_POINT('',(2.6117767637218,3.25247955662174,3.4904259688059));
#1511=CARTESIAN_POINT('',(3.35603618190499,2.48374689722281,3.46032127022761));
#1512=CARTESIAN_POINT('',(3.87705089157757,1.54329189877688,3.43020121842878));
#1513=CARTESIAN_POINT('',(4.24172157624857,0.152815570871287,3.38986312231489));
#1514=CARTESIAN_POINT('',(3.9871155146949,-1.65733002156448,3.33971560543311));
#1515=CARTESIAN_POINT('',(2.88541423303702,-3.11728487564936,3.28956559999139));
#1516=CARTESIAN_POINT('',(1.64276477818728,-3.84489859854211,3.24916897060274));
#1517=CARTESIAN_POINT('',(0.607445968704371,-4.1430472086578,3.21897807245952));
#1518=CARTESIAN_POINT('',(-0.465371901902196,-4.16027267591176,3.18877348861468));
#1519=CARTESIAN_POINT('',(-1.86737399764516,-3.81462930923212,3.14821722337665));
#1520=CARTESIAN_POINT('',(-3.35698023998864,-2.74836218993661,3.09796385255701));
#1521=CARTESIAN_POINT('',(-4.27789630980921,-0.735716371828224,3.03756561983179));
#1522=CARTESIAN_POINT('',(-4.08136126250746,1.46648434206352,2.97681744491031));
#1523=CARTESIAN_POINT('',(-3.04862389302195,2.9873413239099,2.9264737304787));
#1524=CARTESIAN_POINT('',(-1.83736684967468,3.77634243300957,2.88591612386069));
#1525=CARTESIAN_POINT('',(-0.812490142855197,4.12560024648945,2.85558498879779));
#1526=CARTESIAN_POINT('',(0.263229474421976,4.19670612280048,2.82523457688238));
#1527=CARTESIAN_POINT('',(1.68617059991515,3.91989748531056,2.78447192520969));
#1528=CARTESIAN_POINT('',(2.91925551835928,3.12717255952684,2.74435099290823));
#1529=CARTESIAN_POINT('',(3.73950213185374,1.93466191124845,2.70371936361496));
#1530=CARTESIAN_POINT('',(4.11270931877123,0.914797842083634,2.67327213850125));
#1531=CARTESIAN_POINT('',(4.2182758992646,-0.162333431816763,2.64282967300957));
#1532=CARTESIAN_POINT('',(3.96851589057897,-1.59263836071013,2.60204627038792));
#1533=CARTESIAN_POINT('',(3.20612051203736,-2.85028952728778,2.56177071942176));
#1534=CARTESIAN_POINT('',(2.03104854589761,-3.70045006322643,2.52103349067803));
#1535=CARTESIAN_POINT('',(1.01719934955523,-4.09917956782617,2.49049819086395));
#1536=CARTESIAN_POINT('',(-0.0594994128307331,-4.23244981775365,2.4599922127675));
#1537=CARTESIAN_POINT('',(-1.49914649959259,-4.0172469561493,2.41908169417615));
#1538=CARTESIAN_POINT('',(-2.77874140567929,-3.28350523750714,2.37871459232525));
#1539=CARTESIAN_POINT('',(-3.65915902209443,-2.1267431288753,2.33786857367659));
#1540=CARTESIAN_POINT('',(-4.08367795554989,-1.12024985301033,2.30724422665484));
#1541=CARTESIAN_POINT('',(-4.2444381069085,-0.0439176648977149,2.27665853430656));
#1542=CARTESIAN_POINT('',(-4.06503186453075,1.40406365990681,2.23563253024981));
#1543=CARTESIAN_POINT('',(-3.36002239581661,2.70549421293155,2.19515473299068));
#1544=CARTESIAN_POINT('',(-2.22177345677182,3.61638047888847,2.15417867417858));
#1545=CARTESIAN_POINT('',(-1.22316104001253,4.06657367772368,2.12346142978834));
#1546=CARTESIAN_POINT('',(-0.147971398794446,4.25419183737346,2.09280426382515));
#1547=CARTESIAN_POINT('',(1.30838582080876,4.11127550256633,2.05164348102424));
#1548=CARTESIAN_POINT('',(2.62956059669728,3.43452613981135,2.01105129346001));
#1549=CARTESIAN_POINT('',(3.57233690944325,2.31624037575754,1.96997277416271));
#1550=CARTESIAN_POINT('',(4.04720693699534,1.32718199635399,1.93918907635792));
#1551=CARTESIAN_POINT('',(4.25636065260432,0.251318658690338,1.90836976527253));
#1552=CARTESIAN_POINT('',(4.18408432629076,-0.840096725420896,1.87757627441227));
#1553=CARTESIAN_POINT('',(3.8294023963416,-1.88049298662346,1.84678462714797));
#1554=CARTESIAN_POINT('',(3.02806509183986,-3.11037523863071,1.80560020349952));
#1555=CARTESIAN_POINT('',(1.47877191135613,-4.1621497145733,1.7543195692445));
#1556=CARTESIAN_POINT('',(-0.765961255360651,-4.36220042649624,1.69239863869369));
#1557=CARTESIAN_POINT('',(-2.82151409266742,-3.42136872167753,1.63070950663136));
#1558=CARTESIAN_POINT('',(-3.91324905754406,-1.89579476099548,1.57924735429388));
#1559=CARTESIAN_POINT('',(-4.26657693091629,-0.461877842952982,1.53776902063777));
#1560=CARTESIAN_POINT('',(-4.24877030327535,0.638812082884274,1.50677963563545));
#1561=CARTESIAN_POINT('',(-3.94264213856218,1.70137248229773,1.47579334007957));
#1562=CARTESIAN_POINT('',(-3.19608151351052,2.97604141920274,1.43435294110098));
#1563=CARTESIAN_POINT('',(-1.69200125490005,4.11075372900417,1.38269212878244));
#1564=CARTESIAN_POINT('',(0.175787810077232,4.37323527495558,1.33094837649639));
#1565=CARTESIAN_POINT('',(1.60792614025725,3.99746048658457,1.2894004505033));
#1566=CARTESIAN_POINT('',(2.5791318108679,3.45926153572108,1.2582934997295));
#1567=CARTESIAN_POINT('',(3.37415762645136,2.68935977386329,1.22715549675193));
#1568=CARTESIAN_POINT('',(4.14343349071732,1.41858848500726,1.18544616176722));
#1569=CARTESIAN_POINT('',(4.45399866439403,-0.447623642564017,1.13352394331293));
#1570=CARTESIAN_POINT('',(3.65444119761081,-2.58675477648145,1.07120113991217));
#1571=CARTESIAN_POINT('',(1.90498393294581,-4.05070994438176,1.0085585674797));
#1572=CARTESIAN_POINT('',(0.0378990506492536,-4.409279565923,0.956470827434538));
#1573=CARTESIAN_POINT('',(-1.41983869348355,-4.10031926548675,0.914647178674579));
#1574=CARTESIAN_POINT('',(-2.42308008431313,-3.60573480214965,0.883318533390096));
#1575=CARTESIAN_POINT('',(-3.26141694203162,-2.87106733936166,0.851953286002477));
#1576=CARTESIAN_POINT('',(-4.09777191266226,-1.63206836668725,0.809934373569513));
#1577=CARTESIAN_POINT('',(-4.42245568014249,-0.145377922689184,0.768269498299267));
#1578=CARTESIAN_POINT('',(-4.14963787638059,1.32340000473273,0.726313923638374));
#1579=CARTESIAN_POINT('',(-3.67587426709783,2.34128614979659,0.694841239267396));
#1580=CARTESIAN_POINT('',(-2.96418561958438,3.2067664981272,0.663338618388024));
#1581=CARTESIAN_POINT('',(-1.73804838380112,4.0695366288144,0.621242918199035));
#1582=CARTESIAN_POINT('',(-0.254035806794727,4.43488146070184,0.579376121496958));
#1583=CARTESIAN_POINT('',(1.22572261218109,4.19643779885513,0.537258709857183));
#1584=CARTESIAN_POINT('',(2.2589505574859,3.74543858268652,0.50566057058805));
#1585=CARTESIAN_POINT('',(3.14551841352234,3.05383598343087,0.474049152133707));
#1586=CARTESIAN_POINT('',(4.04165909869926,1.84506833319033,0.431749459897946));
#1587=CARTESIAN_POINT('',(4.34185497862589,0.7407303682752,0.400424092407967));
#1588=CARTESIAN_POINT('',(4.34185497862589,-0.0107280947828985,0.379162167265934));
#1589=CARTESIAN_POINT('',(-0.00248320378634882,4.09847654000725,4.11246924161593));
#1590=CARTESIAN_POINT('',(0.716335129883071,4.09847654000724,4.09207672542145));
#1591=CARTESIAN_POINT('',(1.74570742474341,3.81764232567299,4.06287152201004));
#1592=CARTESIAN_POINT('',(2.89278229557094,2.96770429577834,4.02276478612964));
#1593=CARTESIAN_POINT('',(3.77070543086175,1.84284110762173,3.98266064084399));
#1594=CARTESIAN_POINT('',(4.18264648581499,0.463255570575021,3.94327848860337));
#1595=CARTESIAN_POINT('',(4.02516249317724,-0.950271060645041,3.90328251092712));
#1596=CARTESIAN_POINT('',(3.64627547776756,-1.94865976203178,3.87333616387815));
#1597=CARTESIAN_POINT('',(3.03490659542232,-2.81729912330091,3.84351150007863));
#1598=CARTESIAN_POINT('',(1.93320849845487,-3.7230019933396,3.80341494054627));
#1599=CARTESIAN_POINT('',(0.565089204421225,-4.1662548404043,3.76408319872532));
#1600=CARTESIAN_POINT('',(-0.85181154624871,-4.04498027213492,3.7241223616975));
#1601=CARTESIAN_POINT('',(-1.85672330435734,-3.6911062009467,3.69422678804187));
#1602=CARTESIAN_POINT('',(-2.73795348667888,-3.09609716902837,3.6643385946901));
#1603=CARTESIAN_POINT('',(-3.43657646935942,-2.29869670685485,3.63450809260451));
#1604=CARTESIAN_POINT('',(-3.9075800528601,-1.34300728476915,3.60466608993233));
#1605=CARTESIAN_POINT('',(-4.20253763886024,0.0494635672031476,3.56471593189288));
#1606=CARTESIAN_POINT('',(-3.86118806984215,1.82572370214639,3.51516105316638));
#1607=CARTESIAN_POINT('',(-2.46289127533376,3.49629965707406,3.45533664413046));
#1608=CARTESIAN_POINT('',(-0.418979665856904,4.26000101368817,3.39579047366075));
#1609=CARTESIAN_POINT('',(1.36242992423223,3.96332660842108,3.34622684244416));
#1610=CARTESIAN_POINT('',(2.58272098531066,3.22440872971189,3.30617137472956));
#1611=CARTESIAN_POINT('',(3.31963361427836,2.46326444161694,3.27636384790274));
#1612=CARTESIAN_POINT('',(3.8354425241547,1.53220614608245,3.24654474530286));
#1613=CARTESIAN_POINT('',(4.19653582019761,0.155370273558063,3.20660236250617));
#1614=CARTESIAN_POINT('',(3.94482516829839,-1.63419013330775,3.15702512900115));
#1615=CARTESIAN_POINT('',(2.85624946597129,-3.07675120418144,3.1074726066393));
#1616=CARTESIAN_POINT('',(1.62748429280739,-3.79623520565703,3.06752733397028));
#1617=CARTESIAN_POINT('',(0.604828175349807,-4.09073724430787,3.03770569217752));
#1618=CARTESIAN_POINT('',(-0.454257974287461,-4.10774223116495,3.0078877172145));
#1619=CARTESIAN_POINT('',(-1.83947879618168,-3.76623604516989,2.96781689047568));
#1620=CARTESIAN_POINT('',(-3.30830937792288,-2.71484024095897,2.91826440754613));
#1621=CARTESIAN_POINT('',(-4.21636910335059,-0.730291736630216,2.85870935750182));
#1622=CARTESIAN_POINT('',(-4.02266540900328,1.44018329991715,2.79883634213535));
#1623=CARTESIAN_POINT('',(-3.00625433693457,2.93699741844932,2.74928849941243));
#1624=CARTESIAN_POINT('',(-1.81277979819064,3.71441517624327,2.70932632035485));
#1625=CARTESIAN_POINT('',(-0.804100146372629,4.05815335211505,2.67947453569538));
#1626=CARTESIAN_POINT('',(0.253904022547924,4.12808822395669,2.6496239484055));
#1627=CARTESIAN_POINT('',(1.65500355591748,3.8555284912514,2.60948698756131));
#1628=CARTESIAN_POINT('',(2.86462339071925,3.07788878499365,2.57012953960564));
#1629=CARTESIAN_POINT('',(3.67137055619663,1.90500422872394,2.53016661720914));
#1630=CARTESIAN_POINT('',(4.03811266546454,0.902807290928228,2.50024683015524));
#1631=CARTESIAN_POINT('',(4.14174215496099,-0.154559192984441,2.4703629678271));
#1632=CARTESIAN_POINT('',(3.89626235700662,-1.56035256561293,2.43027848237188));
#1633=CARTESIAN_POINT('',(3.14977079695456,-2.79176871498115,2.39084309265297));
#1634=CARTESIAN_POINT('',(1.99606888490701,-3.62646809010278,2.35084671792236));
#1635=CARTESIAN_POINT('',(1.00142523465064,-4.01764438274154,2.32088985433918));
#1636=CARTESIAN_POINT('',(-0.0536416155766128,-4.14823710536007,2.29099677063952));
#1637=CARTESIAN_POINT('',(-1.46625405673804,-3.93707546548927,2.2508544968365));
#1638=CARTESIAN_POINT('',(-2.71672490737567,-3.22003398095822,2.21140616522064));
#1639=CARTESIAN_POINT('',(-3.5797064175356,-2.08618080402204,2.17136907577556));
#1640=CARTESIAN_POINT('',(-3.99550230534506,-1.10036902454241,2.14137400004397));
#1641=CARTESIAN_POINT('',(-4.15276402576788,-0.0474597667533139,2.11145390754365));
#1642=CARTESIAN_POINT('',(-3.9770141852126,1.3710108705482,2.07126403691243));
#1643=CARTESIAN_POINT('',(-3.28935678753742,2.64040991703226,2.03178250090185));
#1644=CARTESIAN_POINT('',(-2.17542263735342,3.53183821867821,1.99168175519938));
#1645=CARTESIAN_POINT('',(-1.19890791267922,3.97206936364776,1.96164423419015));
#1646=CARTESIAN_POINT('',(-0.148837639944976,4.15530425033263,1.93170330340909));
#1647=CARTESIAN_POINT('',(1.275556426946,4.01552454750907,1.89144588989746));
#1648=CARTESIAN_POINT('',(2.56186595154511,3.35663431817308,1.85192491323254));
#1649=CARTESIAN_POINT('',(3.48312039280097,2.26387698772309,1.81178414194753));
#1650=CARTESIAN_POINT('',(3.94659292176183,1.29855729644861,1.78173929294769));
#1651=CARTESIAN_POINT('',(4.15061154425957,0.249108303841079,1.75167665038041));
#1652=CARTESIAN_POINT('',(4.0801559445625,-0.814813028748047,1.72165888417694));
#1653=CARTESIAN_POINT('',(3.73429869992526,-1.82932364754946,1.6916333503636));
#1654=CARTESIAN_POINT('',(2.95214150582826,-3.02976851127363,1.65143468113853));
#1655=CARTESIAN_POINT('',(1.44452288564584,-4.05325122205958,1.60153344873686));
#1656=CARTESIAN_POINT('',(-0.742011444703609,-4.24811525129746,1.54121793220954));
#1657=CARTESIAN_POINT('',(-2.74268249970164,-3.33240307630834,1.48117585560364));
#1658=CARTESIAN_POINT('',(-3.80357800089416,-1.84992371667098,1.43116741248056));
#1659=CARTESIAN_POINT('',(-4.14787971281034,-0.452637833404461,1.39074868992428));
#1660=CARTESIAN_POINT('',(-4.13057604590133,0.616962330693682,1.36063462191501));
#1661=CARTESIAN_POINT('',(-3.83298935419538,1.64987556915859,1.33051289433292));
#1662=CARTESIAN_POINT('',(-3.10626987692598,2.89066796087501,1.29017384607214));
#1663=CARTESIAN_POINT('',(-1.64697877485351,3.99159031367226,1.24005141190634));
#1664=CARTESIAN_POINT('',(0.164345700338498,4.24613685609663,1.18987190999608));
#1665=CARTESIAN_POINT('',(1.55687443011249,3.88075512047505,1.14947310257039));
#1666=CARTESIAN_POINT('',(2.49949561065419,3.35839642161133,1.11928169044342));
#1667=CARTESIAN_POINT('',(3.27050414923391,2.61175295340609,1.08908434879809));
#1668=CARTESIAN_POINT('',(4.01834131726577,1.37639637195259,1.04853739756204));
#1669=CARTESIAN_POINT('',(4.31907323019557,-0.430726868599587,0.998259164834088));
#1670=CARTESIAN_POINT('',(3.54411215740072,-2.50405296116795,0.937853567251032));
#1671=CARTESIAN_POINT('',(1.84846394567878,-3.92298042663341,0.877137728077258));
#1672=CARTESIAN_POINT('',(0.0429024498319144,-4.26973461460526,0.82676636107463));
#1673=CARTESIAN_POINT('',(-1.37088956178245,-3.97008839468619,0.786203550135978));
#1674=CARTESIAN_POINT('',(-2.34226149152707,-3.49121514547126,0.755870106057173));
#1675=CARTESIAN_POINT('',(-3.15325819226808,-2.78050693435393,0.725527753916636));
#1676=CARTESIAN_POINT('',(-3.96441330123409,-1.57883972129167,0.684774895752245));
#1677=CARTESIAN_POINT('',(-4.27720584817068,-0.146597838387048,0.644635955161785));
#1678=CARTESIAN_POINT('',(-4.01295820993855,1.27604061503094,0.603998352476263));
#1679=CARTESIAN_POINT('',(-3.55458318700201,2.26086421893077,0.573547950339506));
#1680=CARTESIAN_POINT('',(-2.8670176316643,3.09700861776715,0.543113128742735));
#1681=CARTESIAN_POINT('',(-1.67941376151976,3.93266478768576,0.502340354699256));
#1682=CARTESIAN_POINT('',(-0.251210255766184,4.28427014318966,0.462048037268093));
#1683=CARTESIAN_POINT('',(1.18035060427393,4.05359288584339,0.421302441732687));
#1684=CARTESIAN_POINT('',(2.17908317522509,3.61765074092961,0.390759238741576));
#1685=CARTESIAN_POINT('',(3.03468791750661,2.95020215290745,0.360251839498952));
#1686=CARTESIAN_POINT('',(3.90171529116442,1.78070426213413,0.319326355730223));
#1687=CARTESIAN_POINT('',(4.18910259972256,0.723485503658464,0.289337559565731));
#1688=CARTESIAN_POINT('',(4.18910259972256,-0.00760129764783768,0.268652034542239));
#1689=CARTESIAN_POINT('',(-0.924654705487799,4.54928870266682,3.8012151250855));
#1690=CARTESIAN_POINT('',(-1.20379591908559,4.49015695295791,3.80268242321793));
#1691=CARTESIAN_POINT('',(-1.4748239352817,4.44569079946282,3.79815924165084));
#1692=CARTESIAN_POINT('',(-1.4841880497216,4.33475665747211,3.83545613315662));
#1693=CARTESIAN_POINT('',(-1.3256467993481,4.33898336781519,3.83620490351275));
#1694=CARTESIAN_POINT('',(-1.18278136754885,4.33977649493467,3.83442855709854));
#1695=CARTESIAN_POINT('',(-0.924479544324487,4.36609001958114,3.82422545487828));
#1696=CARTESIAN_POINT('',(-0.612560273800788,4.39617524860216,3.81200724845035));
#1697=CARTESIAN_POINT('',(-0.299181747444783,4.45654020895871,3.80444838192432));
#1698=CARTESIAN_POINT('',(-0.0921594093901201,4.44844008077277,3.80109964210201));
#1699=CARTESIAN_POINT('',(-0.00290717981614528,4.51136943699791,3.80001483962359));
#1700=CARTESIAN_POINT('',(-0.0911769543538124,4.52875036456119,3.80132507213312));
#1701=CARTESIAN_POINT('',(-0.184264866481057,4.54328346690406,3.80256898270159));
#1702=CARTESIAN_POINT('',(-0.351424463759972,4.55501330194051,3.80423626354506));
#1703=CARTESIAN_POINT('',(-0.599654945126805,4.55977044214206,3.80528857106539));
#1704=CARTESIAN_POINT('',(-0.924654705487799,4.54928870266682,3.8012151250855));
#1705=CARTESIAN_POINT('',(-1.20379591908559,4.49015695295791,3.80268242321793));
#1706=CARTESIAN_POINT('',(-1.4748239352817,4.44569079946282,3.79815924165084));
#1707=CARTESIAN_POINT('',(-1.28843527292045,4.47715958255942,3.80086148655497));
#1708=CARTESIAN_POINT('',(-0.00248320378634884,4.09847654000724,4.11246924161593));
#1709=CARTESIAN_POINT('',(0.00286329836800853,4.10163574968875,4.30092875945586));
#1710=CARTESIAN_POINT('',(0.00760337875733271,4.16553647556086,4.46801244125451));
#1711=CARTESIAN_POINT('',(0.0108356801606583,4.3560346981868,4.5819482344885));
#1712=CARTESIAN_POINT('',(0.0116303418814098,4.50687228539523,4.60995936408592));
#1713=CARTESIAN_POINT('',(0.0106928150352342,4.65668633483395,4.57691236395549));
#1714=CARTESIAN_POINT('',(0.00728133532778442,4.84325879497051,4.4566606924467));
#1715=CARTESIAN_POINT('',(-0.000209397674871668,4.9406656521168,4.19261891537611));
#1716=CARTESIAN_POINT('',(-0.00760337875733624,4.83446352443914,3.93198755874548));
#1717=CARTESIAN_POINT('',(-0.0108356801606618,4.6439653018132,3.8180517655115));
#1718=CARTESIAN_POINT('',(-0.0116303418814133,4.49312771460477,3.79004063591408));
#1719=CARTESIAN_POINT('',(-0.0106928150352377,4.34331366516605,3.82308763604451));
#1720=CARTESIAN_POINT('',(-0.00728133532778794,4.15674120502949,3.9433393075533));
#1721=CARTESIAN_POINT('',(-0.00248320378634884,4.09847654000724,4.11246924161593));
#1722=CARTESIAN_POINT('',(0.00286329836800853,4.10163574968875,4.30092875945586));
#1723=CARTESIAN_POINT('',(0.000190047290829845,4.100056144848,4.20669900053589));
#1724=CARTESIAN_POINT('',(4.34185497862589,-0.0107280947828985,0.379162167265934));
#1725=CARTESIAN_POINT('',(4.18910259972256,-0.00760129764783768,0.268652034542239));
#1726=CARTESIAN_POINT('',(4.08866473039062,-0.00341247203685613,0.12060671716767));
#1727=CARTESIAN_POINT('',(4.10431092885552,0.00285054986094246,-0.100746748145535));
#1728=CARTESIAN_POINT('',(4.16771501468551,0.00680177780251001,-0.240394670726767));
#1729=CARTESIAN_POINT('',(4.28060863903398,0.00973996916575326,-0.344238925244833));
#1730=CARTESIAN_POINT('',(4.48607115857839,0.0121175057231574,-0.428268003296633));
#1731=CARTESIAN_POINT('',(4.75839987531371,0.0100978344389449,-0.356886928018715));
#1732=CARTESIAN_POINT('',(4.91133526960938,0.00341247203685835,-0.120606717167678));
#1733=CARTESIAN_POINT('',(4.89568907114449,-0.00285054986094058,0.100746748145532));
#1734=CARTESIAN_POINT('',(4.83228498531451,-0.00680177780250768,0.240394670726756));
#1735=CARTESIAN_POINT('',(4.71939136096603,-0.00973996916575115,0.344238925244826));
#1736=CARTESIAN_POINT('',(4.5139288414216,-0.0121175057231556,0.428268003296634));
#1737=CARTESIAN_POINT('',(4.34185497862589,-0.0107280947828985,0.379162167265934));
#1738=CARTESIAN_POINT('',(4.18910259972256,-0.00760129764783768,0.268652034542239));
#1739=CARTESIAN_POINT('',(4.26547878917422,-0.00916469621536808,0.323907100904087));
#1740=CARTESIAN_POINT('',(-0.00248320378634884,4.09847654000724,4.11246924161593));
#1741=CARTESIAN_POINT('',(-0.464269908169874,4.09847654000724,4.11246924161593));
#1742=CARTESIAN_POINT('',(-1.3928151186307,4.09847654000724,4.11246924161593));
#1743=CARTESIAN_POINT('',(-2.55328742024916,4.09847654000724,4.11261227083777));
#1744=CARTESIAN_POINT('',(-3.36627029329173,4.09847654000724,4.11225466876353));
#1745=CARTESIAN_POINT('',(-3.77165758868473,4.09847654000724,4.11279082324158));
#1746=CARTESIAN_POINT('',(-4.01939396068595,4.09847654000724,4.1117659329433));
#1747=CARTESIAN_POINT('',(-4.27355793216292,4.09847654000724,4.19783080011135));
#1748=CARTESIAN_POINT('',(-4.48132527389017,4.09847654000724,4.38962183432768));
#1749=CARTESIAN_POINT('',(-4.57390858818207,4.09847654000724,4.63780365899397));
#1750=CARTESIAN_POINT('',(-4.58908616277665,4.09847654000724,4.79971848096262));
#1751=CARTESIAN_POINT('',(-4.58753075838407,4.09847654000724,4.97782278656877));
#1752=CARTESIAN_POINT('',(-4.58753075838407,4.09847654000724,5.20957554009474));
#1753=CARTESIAN_POINT('',(-4.58753075838407,4.09847654000724,5.87696353308893));
#1754=CARTESIAN_POINT('',(-4.58753075838407,4.09847654000724,6.92157082647115));
#1755=CARTESIAN_POINT('',(-4.58753075838407,4.09847654000724,8.77865045915064));
#1756=CARTESIAN_POINT('',(-4.58753075838407,4.09847654000724,10.1714601836603));
#1757=CARTESIAN_POINT('',(-4.58753075838407,4.09847654000724,11.1));
#1758=CARTESIAN_POINT('',(0.00286329836800853,4.10163574968875,4.30092875945586));
#1759=CARTESIAN_POINT('',(-0.464269908169874,4.10163574968875,4.30092875945586));
#1760=CARTESIAN_POINT('',(-1.39280350473089,4.10163574968875,4.30092875945586));
#1761=CARTESIAN_POINT('',(-2.5533172546468,4.10163574968875,4.30107179378624));
#1762=CARTESIAN_POINT('',(-3.36618711585286,4.10163574968875,4.30071424142185));
#1763=CARTESIAN_POINT('',(-3.77192279204253,4.10163574968875,4.3012508566591));
#1764=CARTESIAN_POINT('',(-3.98873102138342,4.10163574968875,4.30035391670215));
#1765=CARTESIAN_POINT('',(-4.17516605956268,4.10163574968875,4.36348444894528));
#1766=CARTESIAN_POINT('',(-4.32046380544515,4.10163574968875,4.49760949824529));
#1767=CARTESIAN_POINT('',(-4.38860327014072,4.10163574968875,4.68026634963661));
#1768=CARTESIAN_POINT('',(-4.40054966061683,4.10163574968875,4.8077108023094));
#1769=CARTESIAN_POINT('',(-4.39907124054414,4.10163574968875,4.97699988346145));
#1770=CARTESIAN_POINT('',(-4.39907124054414,4.10163574968875,5.20957554009474));
#1771=CARTESIAN_POINT('',(-4.39907124054415,4.10163574968875,5.87696353308893));
#1772=CARTESIAN_POINT('',(-4.39907124054415,4.10163574968875,6.92157082647115));
#1773=CARTESIAN_POINT('',(-4.39907124054415,4.10163574968875,8.77865045915064));
#1774=CARTESIAN_POINT('',(-4.39907124054415,4.10163574968875,10.1714601836603));
#1775=CARTESIAN_POINT('',(-4.39907124054415,4.10163574968875,11.1));
#1776=CARTESIAN_POINT('',(0.00760337875733271,4.16553647556086,4.46801244125451));
#1777=CARTESIAN_POINT('',(-0.464269908169874,4.16553647556086,4.46801244125451));
#1778=CARTESIAN_POINT('',(-1.39279320812628,4.16553647556086,4.46801244125451));
#1779=CARTESIAN_POINT('',(-2.55334370510714,4.16553647556086,4.468155480114));
#1780=CARTESIAN_POINT('',(-3.36611337273344,4.16553647556086,4.46779797182119));
#1781=CARTESIAN_POINT('',(-3.77215791496947,4.16553647556086,4.46833499555647));
#1782=CARTESIAN_POINT('',(-3.96154599590868,4.16553647556086,4.46755149329882));
#1783=CARTESIAN_POINT('',(-4.08793418864663,4.16553647556086,4.51034899507058));
#1784=CARTESIAN_POINT('',(-4.1778478913465,4.16553647556086,4.59334876725646));
#1785=CARTESIAN_POINT('',(-4.22431602612093,4.16553647556086,4.71791275122443));
#1786=CARTESIAN_POINT('',(-4.23339772636928,4.16553647556086,4.81479660244326));
#1787=CARTESIAN_POINT('',(-4.23198755874549,4.16553647556086,4.9762703173323));
#1788=CARTESIAN_POINT('',(-4.23198755874549,4.16553647556086,5.20957554009474));
#1789=CARTESIAN_POINT('',(-4.23198755874549,4.16553647556086,5.87696353308893));
#1790=CARTESIAN_POINT('',(-4.23198755874549,4.16553647556086,6.92157082647115));
#1791=CARTESIAN_POINT('',(-4.23198755874549,4.16553647556086,8.77865045915064));
#1792=CARTESIAN_POINT('',(-4.23198755874549,4.16553647556086,10.1714601836603));
#1793=CARTESIAN_POINT('',(-4.23198755874549,4.16553647556086,11.1));
#1794=CARTESIAN_POINT('',(0.0108356801606583,4.3560346981868,4.5819482344885));
#1795=CARTESIAN_POINT('',(-0.464269908169874,4.3560346981868,4.5819482344885));
#1796=CARTESIAN_POINT('',(-1.39278618678344,4.3560346981868,4.5819482344885));
#1797=CARTESIAN_POINT('',(-2.55336174190252,4.3560346981868,4.58209127643642));
#1798=CARTESIAN_POINT('',(-3.3660630866689,4.3560346981868,4.58173379819639));
#1799=CARTESIAN_POINT('',(-3.77231824730654,4.3560346981868,4.58227110048998));
#1800=CARTESIAN_POINT('',(-3.94300829427194,4.3560346981868,4.58156495237078));
#1801=CARTESIAN_POINT('',(-4.02845002896621,4.3560346981868,4.61049718656722));
#1802=CARTESIAN_POINT('',(-4.08059687840676,4.3560346981868,4.65863419454057));
#1803=CARTESIAN_POINT('',(-4.11228714775222,4.3560346981868,4.7435841548058));
#1804=CARTESIAN_POINT('',(-4.119415391206,4.3560346981868,4.81962847022507));
#1805=CARTESIAN_POINT('',(-4.1180517655115,4.3560346981868,4.97577281994208));
#1806=CARTESIAN_POINT('',(-4.1180517655115,4.3560346981868,5.20957554009474));
#1807=CARTESIAN_POINT('',(-4.1180517655115,4.3560346981868,5.87696353308893));
#1808=CARTESIAN_POINT('',(-4.1180517655115,4.3560346981868,6.92157082647115));
#1809=CARTESIAN_POINT('',(-4.1180517655115,4.3560346981868,8.77865045915064));
#1810=CARTESIAN_POINT('',(-4.1180517655115,4.3560346981868,10.1714601836603));
#1811=CARTESIAN_POINT('',(-4.1180517655115,4.3560346981868,11.1));
#1812=CARTESIAN_POINT('',(0.0116303418814098,4.50687228539523,4.60995936408592));
#1813=CARTESIAN_POINT('',(-0.464269908169874,4.50687228539523,4.60995936408592));
#1814=CARTESIAN_POINT('',(-1.39278446058538,4.50687228539523,4.60995936408591));
#1815=CARTESIAN_POINT('',(-2.55336617625101,4.50687228539523,4.61010240679313));
#1816=CARTESIAN_POINT('',(-3.36605072383338,4.50687228539523,4.60974493594158));
#1817=CARTESIAN_POINT('',(-3.77235766503248,4.50687228539523,4.61028230671877));
#1818=CARTESIAN_POINT('',(-3.93845079791153,4.50687228539523,4.60959517612457));
#1819=CARTESIAN_POINT('',(-4.01382584056582,4.50687228539523,4.6351186324828));
#1820=CARTESIAN_POINT('',(-4.05668770421652,4.50687228539523,4.67468462533648));
#1821=CARTESIAN_POINT('',(-4.08474483342264,4.50687228539523,4.74989547271789));
#1822=CARTESIAN_POINT('',(-4.09139281926921,4.50687228539523,4.82081638554818));
#1823=CARTESIAN_POINT('',(-4.09004063591409,4.50687228539523,4.97565051014394));
#1824=CARTESIAN_POINT('',(-4.09004063591409,4.50687228539523,5.20957554009474));
#1825=CARTESIAN_POINT('',(-4.09004063591409,4.50687228539523,5.87696353308893));
#1826=CARTESIAN_POINT('',(-4.09004063591409,4.50687228539523,6.92157082647115));
#1827=CARTESIAN_POINT('',(-4.09004063591409,4.50687228539523,8.77865045915064));
#1828=CARTESIAN_POINT('',(-4.09004063591409,4.50687228539523,10.1714601836603));
#1829=CARTESIAN_POINT('',(-4.09004063591409,4.50687228539523,11.1));
#1830=CARTESIAN_POINT('',(0.0106928150352342,4.65668633483395,4.57691236395549));
#1831=CARTESIAN_POINT('',(-0.464269908169874,4.65668633483395,4.57691236395549));
#1832=CARTESIAN_POINT('',(-1.39278649712115,4.65668633483395,4.57691236395549));
#1833=CARTESIAN_POINT('',(-2.55336094469065,4.65668633483395,4.57705540576691));
#1834=CARTESIAN_POINT('',(-3.36606530927255,4.65668633483395,4.57669792619857));
#1835=CARTESIAN_POINT('',(-3.77231116074605,4.65668633483395,4.57723521618011));
#1836=CARTESIAN_POINT('',(-3.94382764579241,4.65668633483395,4.57652564907012));
#1837=CARTESIAN_POINT('',(-4.03107918103873,4.65668633483395,4.60607071695503));
#1838=CARTESIAN_POINT('',(-4.08489529505413,4.65668633483395,4.6557486311003));
#1839=CARTESIAN_POINT('',(-4.11723873418006,4.65668633483395,4.74244949939009));
#1840=CARTESIAN_POINT('',(-4.1244533188549,4.65668633483395,4.81941490555069));
#1841=CARTESIAN_POINT('',(-4.12308763604451,4.65668633483395,4.97579480892707));
#1842=CARTESIAN_POINT('',(-4.12308763604451,4.65668633483395,5.20957554009474));
#1843=CARTESIAN_POINT('',(-4.12308763604451,4.65668633483395,5.87696353308893));
#1844=CARTESIAN_POINT('',(-4.12308763604451,4.65668633483395,6.92157082647115));
#1845=CARTESIAN_POINT('',(-4.12308763604451,4.65668633483395,8.77865045915064));
#1846=CARTESIAN_POINT('',(-4.12308763604451,4.65668633483395,10.1714601836603));
#1847=CARTESIAN_POINT('',(-4.12308763604451,4.65668633483395,11.1));
#1848=CARTESIAN_POINT('',(0.00728133532778442,4.84325879497051,4.4566606924467));
#1849=CARTESIAN_POINT('',(-0.464269908169874,4.84325879497051,4.4566606924467));
#1850=CARTESIAN_POINT('',(-1.39279390768274,4.84325879497051,4.4566606924467));
#1851=CARTESIAN_POINT('',(-2.55334190804965,4.84325879497051,4.45680373099848));
#1852=CARTESIAN_POINT('',(-3.36611838287781,4.84325879497051,4.45644621971142));
#1853=CARTESIAN_POINT('',(-3.77214194060036,4.84325879497051,4.45698321569315));
#1854=CARTESIAN_POINT('',(-3.96339296011967,4.84325879497051,4.45619200642154));
#1855=CARTESIAN_POINT('',(-4.09386076553323,4.84325879497051,4.50037094444086));
#1856=CARTESIAN_POINT('',(-4.18753728779394,4.84325879497051,4.58684419349342));
#1857=CARTESIAN_POINT('',(-4.23547778354909,4.84325879497051,4.71535503589435));
#1858=CARTESIAN_POINT('',(-4.24475411228257,4.84325879497051,4.81431518964246));
#1859=CARTESIAN_POINT('',(-4.2433393075533,4.84325879497051,4.97631988441956));
#1860=CARTESIAN_POINT('',(-4.2433393075533,4.84325879497051,5.20957554009474));
#1861=CARTESIAN_POINT('',(-4.2433393075533,4.84325879497051,5.87696353308893));
#1862=CARTESIAN_POINT('',(-4.2433393075533,4.84325879497051,6.92157082647115));
#1863=CARTESIAN_POINT('',(-4.2433393075533,4.84325879497051,8.77865045915064));
#1864=CARTESIAN_POINT('',(-4.2433393075533,4.84325879497051,10.1714601836603));
#1865=CARTESIAN_POINT('',(-4.2433393075533,4.84325879497051,11.1));
#1866=CARTESIAN_POINT('',(-0.000209397674871668,4.9406656521168,4.19261891537611));
#1867=CARTESIAN_POINT('',(-0.464269908169874,4.9406656521168,4.19261891537611));
#1868=CARTESIAN_POINT('',(-1.39281017937217,4.9406656521168,4.19261891537611));
#1869=CARTESIAN_POINT('',(-2.55330010847666,4.9406656521168,4.19276194677056));
#1870=CARTESIAN_POINT('',(-3.36623491887994,4.9406656521168,4.19240436583735));
#1871=CARTESIAN_POINT('',(-3.77177037663437,4.9406656521168,4.192940716271));
#1872=CARTESIAN_POINT('',(-4.0063533639053,4.9406656521168,4.19197024178696));
#1873=CARTESIAN_POINT('',(-4.23171299601987,4.9406656521168,4.26828139906969));
#1874=CARTESIAN_POINT('',(-4.41291273434731,4.9406656521168,4.43554775057921));
#1875=CARTESIAN_POINT('',(-4.49510035945862,4.9406656521168,4.65586255483004));
#1876=CARTESIAN_POINT('',(-4.50890374846722,4.9406656521168,4.80311752366353));
#1877=CARTESIAN_POINT('',(-4.50738108462389,4.9406656521168,4.97747281530521));
#1878=CARTESIAN_POINT('',(-4.50738108462389,4.9406656521168,5.20957554009474));
#1879=CARTESIAN_POINT('',(-4.50738108462389,4.9406656521168,5.87696353308893));
#1880=CARTESIAN_POINT('',(-4.50738108462389,4.9406656521168,6.92157082647115));
#1881=CARTESIAN_POINT('',(-4.50738108462389,4.9406656521168,8.77865045915064));
#1882=CARTESIAN_POINT('',(-4.50738108462389,4.9406656521168,10.1714601836603));
#1883=CARTESIAN_POINT('',(-4.50738108462389,4.9406656521168,11.1));
#1884=CARTESIAN_POINT('',(-0.00760337875733624,4.83446352443914,3.93198755874548));
#1885=CARTESIAN_POINT('',(-0.464269908169874,4.83446352443914,3.93198755874548));
#1886=CARTESIAN_POINT('',(-1.39282624089296,4.83446352443914,3.93198755874548));
#1887=CARTESIAN_POINT('',(-2.55325884879596,4.83446352443914,3.93213058307504));
#1888=CARTESIAN_POINT('',(-3.36634994967798,4.83446352443914,3.93177293339524));
#1889=CARTESIAN_POINT('',(-3.77140361186857,4.83446352443914,3.93230864661887));
#1890=CARTESIAN_POINT('',(-4.04875888186641,4.83446352443914,3.93116122235048));
#1891=CARTESIAN_POINT('',(-4.36778469741842,4.83446352443914,4.03918957223465));
#1892=CARTESIAN_POINT('',(-4.63537718311042,4.83446352443914,4.2862054850953));
#1893=CARTESIAN_POINT('',(-4.75136959428182,4.83446352443914,4.59713849145968));
#1894=CARTESIAN_POINT('',(-4.76964157108038,4.83446352443914,4.79206448914919));
#1895=CARTESIAN_POINT('',(-4.76801244125452,4.83446352443914,4.97861085468732));
#1896=CARTESIAN_POINT('',(-4.76801244125452,4.83446352443914,5.20957554009474));
#1897=CARTESIAN_POINT('',(-4.76801244125452,4.83446352443914,5.87696353308893));
#1898=CARTESIAN_POINT('',(-4.76801244125452,4.83446352443914,6.92157082647115));
#1899=CARTESIAN_POINT('',(-4.76801244125452,4.83446352443914,8.77865045915064));
#1900=CARTESIAN_POINT('',(-4.76801244125452,4.83446352443914,10.1714601836603));
#1901=CARTESIAN_POINT('',(-4.76801244125452,4.83446352443914,11.1));
#1902=CARTESIAN_POINT('',(-0.0108356801606618,4.6439653018132,3.8180517655115));
#1903=CARTESIAN_POINT('',(-0.464269908169874,4.6439653018132,3.8180517655115));
#1904=CARTESIAN_POINT('',(-1.3928332622358,4.6439653018132,3.8180517655115));
#1905=CARTESIAN_POINT('',(-2.55324081200057,4.6439653018132,3.81819478675262));
#1906=CARTESIAN_POINT('',(-3.36640023574252,4.6439653018132,3.81783710702004));
#1907=CARTESIAN_POINT('',(-3.7712432795315,4.6439653018132,3.81837254168536));
#1908=CARTESIAN_POINT('',(-4.06729658350314,4.6439653018132,3.81714776327853));
#1909=CARTESIAN_POINT('',(-4.42726885709884,4.6439653018132,3.939041380738));
#1910=CARTESIAN_POINT('',(-4.73262819605016,4.6439653018132,4.22092005781118));
#1911=CARTESIAN_POINT('',(-4.86339847265054,4.6439653018132,4.57146708787831));
#1912=CARTESIAN_POINT('',(-4.88362390624366,4.6439653018132,4.78723262136739));
#1913=CARTESIAN_POINT('',(-4.8819482344885,4.6439653018132,4.97910835207754));
#1914=CARTESIAN_POINT('',(-4.8819482344885,4.6439653018132,5.20957554009474));
#1915=CARTESIAN_POINT('',(-4.8819482344885,4.6439653018132,5.87696353308893));
#1916=CARTESIAN_POINT('',(-4.8819482344885,4.6439653018132,6.92157082647115));
#1917=CARTESIAN_POINT('',(-4.8819482344885,4.6439653018132,8.77865045915064));
#1918=CARTESIAN_POINT('',(-4.8819482344885,4.6439653018132,10.1714601836603));
#1919=CARTESIAN_POINT('',(-4.8819482344885,4.6439653018132,11.1));
#1920=CARTESIAN_POINT('',(-0.0116303418814133,4.49312771460477,3.79004063591408));
#1921=CARTESIAN_POINT('',(-0.464269908169874,4.49312771460477,3.79004063591408));
#1922=CARTESIAN_POINT('',(-1.39283498843385,4.49312771460477,3.79004063591408));
#1923=CARTESIAN_POINT('',(-2.55323637765208,4.49312771460477,3.79018365639591));
#1924=CARTESIAN_POINT('',(-3.36641259857803,4.49312771460477,3.78982596927485));
#1925=CARTESIAN_POINT('',(-3.77120386180556,4.49312771460477,3.79036133545658));
#1926=CARTESIAN_POINT('',(-4.07185407986356,4.49312771460477,3.78911753952474));
#1927=CARTESIAN_POINT('',(-4.44189304549923,4.49312771460477,3.91441993482243));
#1928=CARTESIAN_POINT('',(-4.7565373702404,4.49312771460477,4.20486962701528));
#1929=CARTESIAN_POINT('',(-4.8909407869801,4.49312771460477,4.56515576996623));
#1930=CARTESIAN_POINT('',(-4.91164647818045,4.49312771460477,4.78604470604427));
#1931=CARTESIAN_POINT('',(-4.90995936408592,4.49312771460477,4.97923066187568));
#1932=CARTESIAN_POINT('',(-4.90995936408592,4.49312771460477,5.20957554009474));
#1933=CARTESIAN_POINT('',(-4.90995936408592,4.49312771460477,5.87696353308893));
#1934=CARTESIAN_POINT('',(-4.90995936408592,4.49312771460477,6.92157082647115));
#1935=CARTESIAN_POINT('',(-4.90995936408592,4.49312771460477,8.77865045915064));
#1936=CARTESIAN_POINT('',(-4.90995936408592,4.49312771460477,10.1714601836603));
#1937=CARTESIAN_POINT('',(-4.90995936408592,4.49312771460477,11.1));
#1938=CARTESIAN_POINT('',(-0.0106928150352377,4.34331366516605,3.82308763604451));
#1939=CARTESIAN_POINT('',(-0.464269908169874,4.34331366516605,3.82308763604451));
#1940=CARTESIAN_POINT('',(-1.39283295189809,4.34331366516605,3.82308763604451));
#1941=CARTESIAN_POINT('',(-2.55324160921244,4.34331366516605,3.82323065742213));
#1942=CARTESIAN_POINT('',(-3.36639801313886,4.34331366516605,3.82287297901786));
#1943=CARTESIAN_POINT('',(-3.771250366092,4.34331366516605,3.82340842599524));
#1944=CARTESIAN_POINT('',(-4.06647723198267,4.34331366516605,3.82218706657918));
#1945=CARTESIAN_POINT('',(-4.42463970502632,4.34331366516605,3.9434678503502));
#1946=CARTESIAN_POINT('',(-4.72832977940279,4.34331366516605,4.22380562125146));
#1947=CARTESIAN_POINT('',(-4.85844688622269,4.34331366516605,4.57260174329403));
#1948=CARTESIAN_POINT('',(-4.87858597859476,4.34331366516605,4.78744618604176));
#1949=CARTESIAN_POINT('',(-4.87691236395549,4.34331366516605,4.97908636309254));
#1950=CARTESIAN_POINT('',(-4.87691236395549,4.34331366516605,5.20957554009474));
#1951=CARTESIAN_POINT('',(-4.87691236395549,4.34331366516605,5.87696353308893));
#1952=CARTESIAN_POINT('',(-4.87691236395549,4.34331366516605,6.92157082647115));
#1953=CARTESIAN_POINT('',(-4.87691236395549,4.34331366516605,8.77865045915064));
#1954=CARTESIAN_POINT('',(-4.87691236395549,4.34331366516605,10.1714601836603));
#1955=CARTESIAN_POINT('',(-4.87691236395549,4.34331366516605,11.1));
#1956=CARTESIAN_POINT('',(-0.00728133532778794,4.15674120502949,3.9433393075533));
#1957=CARTESIAN_POINT('',(-0.464269908169874,4.15674120502949,3.9433393075533));
#1958=CARTESIAN_POINT('',(-1.3928255413365,4.15674120502949,3.9433393075533));
#1959=CARTESIAN_POINT('',(-2.55326064585344,4.15674120502949,3.94348233219056));
#1960=CARTESIAN_POINT('',(-3.36634493953361,4.15674120502949,3.94312468550501));
#1961=CARTESIAN_POINT('',(-3.77141958623768,4.15674120502949,3.9436604264822));
#1962=CARTESIAN_POINT('',(-4.04691191765541,4.15674120502949,3.94252070922776));
#1963=CARTESIAN_POINT('',(-4.36185812053183,4.15674120502949,4.04916762286437));
#1964=CARTESIAN_POINT('',(-4.62568778666299,4.15674120502949,4.29271005885833));
#1965=CARTESIAN_POINT('',(-4.74020783685366,4.15674120502949,4.59969620678976));
#1966=CARTESIAN_POINT('',(-4.75828518516709,4.15674120502949,4.79254590194999));
#1967=CARTESIAN_POINT('',(-4.7566606924467,4.15674120502949,4.97856128760005));
#1968=CARTESIAN_POINT('',(-4.7566606924467,4.15674120502949,5.20957554009474));
#1969=CARTESIAN_POINT('',(-4.75666069244671,4.15674120502949,5.87696353308893));
#1970=CARTESIAN_POINT('',(-4.75666069244671,4.15674120502949,6.92157082647115));
#1971=CARTESIAN_POINT('',(-4.75666069244671,4.15674120502949,8.77865045915064));
#1972=CARTESIAN_POINT('',(-4.75666069244671,4.15674120502949,10.1714601836603));
#1973=CARTESIAN_POINT('',(-4.75666069244671,4.15674120502949,11.1));
#1974=CARTESIAN_POINT('',(-0.00248320378634884,4.09847654000724,4.11246924161593));
#1975=CARTESIAN_POINT('',(-0.464269908169874,4.09847654000724,4.11246924161593));
#1976=CARTESIAN_POINT('',(-1.3928151186307,4.09847654000724,4.11246924161593));
#1977=CARTESIAN_POINT('',(-2.55328742024916,4.09847654000724,4.11261227083777));
#1978=CARTESIAN_POINT('',(-3.36627029329173,4.09847654000724,4.11225466876353));
#1979=CARTESIAN_POINT('',(-3.77165758868473,4.09847654000724,4.11279082324158));
#1980=CARTESIAN_POINT('',(-4.01939396068595,4.09847654000724,4.1117659329433));
#1981=CARTESIAN_POINT('',(-4.27355793216292,4.09847654000724,4.19783080011135));
#1982=CARTESIAN_POINT('',(-4.48132527389017,4.09847654000724,4.38962183432768));
#1983=CARTESIAN_POINT('',(-4.57390858818207,4.09847654000724,4.63780365899397));
#1984=CARTESIAN_POINT('',(-4.58908616277665,4.09847654000724,4.79971848096262));
#1985=CARTESIAN_POINT('',(-4.58753075838407,4.09847654000724,4.97782278656877));
#1986=CARTESIAN_POINT('',(-4.58753075838407,4.09847654000724,5.20957554009474));
#1987=CARTESIAN_POINT('',(-4.58753075838407,4.09847654000724,5.87696353308893));
#1988=CARTESIAN_POINT('',(-4.58753075838407,4.09847654000724,6.92157082647115));
#1989=CARTESIAN_POINT('',(-4.58753075838407,4.09847654000724,8.77865045915064));
#1990=CARTESIAN_POINT('',(-4.58753075838407,4.09847654000724,10.1714601836603));
#1991=CARTESIAN_POINT('',(-4.58753075838407,4.09847654000724,11.1));
#1992=CARTESIAN_POINT('',(0.00286329836800853,4.10163574968875,4.30092875945586));
#1993=CARTESIAN_POINT('',(-0.464269908169874,4.10163574968875,4.30092875945586));
#1994=CARTESIAN_POINT('',(-1.39280350473089,4.10163574968875,4.30092875945586));
#1995=CARTESIAN_POINT('',(-2.5533172546468,4.10163574968875,4.30107179378624));
#1996=CARTESIAN_POINT('',(-3.36618711585286,4.10163574968875,4.30071424142185));
#1997=CARTESIAN_POINT('',(-3.77192279204253,4.10163574968875,4.3012508566591));
#1998=CARTESIAN_POINT('',(-3.98873102138342,4.10163574968875,4.30035391670215));
#1999=CARTESIAN_POINT('',(-4.17516605956268,4.10163574968875,4.36348444894528));
#2000=CARTESIAN_POINT('',(-4.32046380544515,4.10163574968875,4.49760949824529));
#2001=CARTESIAN_POINT('',(-4.38860327014072,4.10163574968875,4.68026634963661));
#2002=CARTESIAN_POINT('',(-4.40054966061683,4.10163574968875,4.8077108023094));
#2003=CARTESIAN_POINT('',(-4.39907124054414,4.10163574968875,4.97699988346145));
#2004=CARTESIAN_POINT('',(-4.39907124054414,4.10163574968875,5.20957554009474));
#2005=CARTESIAN_POINT('',(-4.39907124054415,4.10163574968875,5.87696353308893));
#2006=CARTESIAN_POINT('',(-4.39907124054415,4.10163574968875,6.92157082647115));
#2007=CARTESIAN_POINT('',(-4.39907124054415,4.10163574968875,8.77865045915064));
#2008=CARTESIAN_POINT('',(-4.39907124054415,4.10163574968875,10.1714601836603));
#2009=CARTESIAN_POINT('',(-4.39907124054415,4.10163574968875,11.1));
#2010=CARTESIAN_POINT('',(-4.58753075838407,4.09847654000724,11.1));
#2011=CARTESIAN_POINT('',(-4.39907124054415,4.10163574968875,11.1));
#2012=CARTESIAN_POINT('',(-4.23198755874549,4.16553647556086,11.1));
#2013=CARTESIAN_POINT('',(-4.1180517655115,4.3560346981868,11.1));
#2014=CARTESIAN_POINT('',(-4.09004063591409,4.50687228539523,11.1));
#2015=CARTESIAN_POINT('',(-4.12308763604451,4.65668633483395,11.1));
#2016=CARTESIAN_POINT('',(-4.2433393075533,4.84325879497051,11.1));
#2017=CARTESIAN_POINT('',(-4.50738108462389,4.9406656521168,11.1));
#2018=CARTESIAN_POINT('',(-4.76801244125452,4.83446352443914,11.1));
#2019=CARTESIAN_POINT('',(-4.8819482344885,4.6439653018132,11.1));
#2020=CARTESIAN_POINT('',(-4.90995936408592,4.49312771460477,11.1));
#2021=CARTESIAN_POINT('',(-4.87691236395549,4.34331366516605,11.1));
#2022=CARTESIAN_POINT('',(-4.75666069244671,4.15674120502949,11.1));
#2023=CARTESIAN_POINT('',(-4.58753075838407,4.09847654000724,11.1));
#2024=CARTESIAN_POINT('',(-4.39907124054415,4.10163574968875,11.1));
#2025=CARTESIAN_POINT('',(-4.49330099946411,4.100056144848,11.1));
#2026=CARTESIAN_POINT('',(-4.50000000015103,4.50000000901683,11.1));
#2027=CARTESIAN_POINT('',(4.98605509334215,-20.1289214395898,-0.217609372939032));
#2028=CARTESIAN_POINT('',(4.98605509334214,-0.00994940755920729,0.351641089074345));
#2029=CARTESIAN_POINT('',(4.14821818376133,-20.1327190763537,-0.0833898106572434));
#2030=CARTESIAN_POINT('',(4.14821818376133,-0.0137470443230675,0.485860651356133));
#2031=CARTESIAN_POINT('',(4.01394490665789,-20.1090226244714,-0.920891551087737));
#2032=CARTESIAN_POINT('',(4.01394490665788,0.00994940755915871,-0.35164108907436));
#2033=CARTESIAN_POINT('',(4.85178181623867,-20.1052249877076,-1.05511111336951));
#2034=CARTESIAN_POINT('',(4.85178181623866,0.0137470443230397,-0.485860651356133));
#2035=CARTESIAN_POINT('',(4.98605509334215,-20.1289214395898,-0.217609372939032));
#2036=CARTESIAN_POINT('',(4.98605509334214,-0.00994940755920729,0.351641089074345));
#2037=CARTESIAN_POINT('',(4.14821818376133,-20.1327190763537,-0.0833898106572434));
#2038=CARTESIAN_POINT('',(4.14821818376133,-0.0137470443230675,0.485860651356133));
#2039=CARTESIAN_POINT('',(4.01394490665789,-20.1090226244714,-0.920891551087737));
#2040=CARTESIAN_POINT('',(4.01394490665788,0.00994940755915871,-0.35164108907436));
#2041=CARTESIAN_POINT('',(4.10052248573498,-19.9795619081951,-0.567175831006894));
#2042=CARTESIAN_POINT('',(4.10254388738541,-19.9400521284,-0.689872937379668));
#2043=CARTESIAN_POINT('',(4.15509234346007,-19.7018062117766,-0.82368615472466));
#2044=CARTESIAN_POINT('',(4.50450198120281,-19.5448564273609,-1.02077323772163));
#2045=CARTESIAN_POINT('',(4.79342158560929,-19.6898853705285,-0.86077884610314));
#2046=CARTESIAN_POINT('',(4.8721649716035,-19.84738166583,-0.722614072352579));
#2047=CARTESIAN_POINT('',(4.89586879097598,-19.9209528771797,-0.638601117003801));
#2048=CARTESIAN_POINT('',(4.90015551872309,-19.997326669155,-0.596672681982118));
#2049=CARTESIAN_POINT('',(4.89975009455826,-19.9858627477675,-0.567175831006946));
#2050=CARTESIAN_POINT('',(4.10052248573499,-19.979561908195,-0.567175831006894));
#2051=CARTESIAN_POINT('',(4.89975009455826,-19.9858627477676,-0.567175831006894));
#2052=CARTESIAN_POINT('',(4.10052248573498,-19.979561908195,-0.567175831006894));
#2053=CARTESIAN_POINT('',(4.10029415406754,-19.9840248183243,-0.553316321748481));
#2054=CARTESIAN_POINT('',(4.10147859159264,-19.9857095703367,-0.532687462175801));
#2055=CARTESIAN_POINT('',(4.1017555953726,-19.9999999999953,-0.5297406312218));
#2056=CARTESIAN_POINT('',(4.10175559537064,-20.,-0.529740631242665));
#2057=CARTESIAN_POINT('',(4.10175559537064,-20.,-0.529740631242665));
#2058=CARTESIAN_POINT('',(4.10424828258169,-20.,-0.503222842088421));
#2059=CARTESIAN_POINT('',(4.1093982751139,-20.,-0.476955549766219));
#2060=CARTESIAN_POINT('',(4.11710343136083,-20.,-0.451459722688606));
#2061=CARTESIAN_POINT('',(4.11710343136143,-20.,-0.451459722686614));
#2062=CARTESIAN_POINT('',(4.11710343136147,-20.,-0.451459722686478));
#2063=CARTESIAN_POINT('',(4.12946257064317,-19.9555218244575,-0.410564188858233));
#2064=CARTESIAN_POINT('',(4.17132970742624,-19.9609978865214,-0.334343380128093));
#2065=CARTESIAN_POINT('',(4.20299769420548,-19.999999999905,-0.29923996115606));
#2066=CARTESIAN_POINT('',(4.20299769415298,-20.,-0.299239961214247));
#2067=CARTESIAN_POINT('',(4.50000000000002,-20.,-0.167175831006894));
#2068=CARTESIAN_POINT('',(4.38842620195664,-20.,-0.167175831006894));
#2069=CARTESIAN_POINT('',(4.27773425071504,-20.,-0.216395772986757));
#2070=CARTESIAN_POINT('',(4.20299769415298,-20.,-0.299239961214248));
#2071=CARTESIAN_POINT('',(4.49999385542649,-20.0002135418692,-0.166717293952087));
#2072=CARTESIAN_POINT('',(4.86549581872815,-20.,-0.404655658436672));
#2073=CARTESIAN_POINT('',(4.80319613596817,-20.,-0.264548290860357));
#2074=CARTESIAN_POINT('',(4.65569168992493,-20.,-0.167175831006894));
#2075=CARTESIAN_POINT('',(4.50000000000002,-20.,-0.167175831006894));
#2076=CARTESIAN_POINT('',(4.86549581872816,-20.,-0.404655658436666));
#2077=CARTESIAN_POINT('',(4.86549581874361,-19.9999999999542,-0.404655658471394));
#2078=CARTESIAN_POINT('',(4.88059039402292,-19.954856904968,-0.438602239171454));
#2079=CARTESIAN_POINT('',(4.89900337919882,-19.9647483522236,-0.512848157453025));
#2080=CARTESIAN_POINT('',(4.89975009455826,-19.9858627477676,-0.567175831006894));
#2081=CARTESIAN_POINT('',(4.50000000000002,-20.,-0.567175831006894));
#2082=CARTESIAN_POINT('',(4.50000000000002,-20.,-8.06717583100689));
#2083=CARTESIAN_POINT('',(4.50000000000002,-20.4,-8.06717583100689));
#2084=CARTESIAN_POINT('',(4.50000000000002,-19.6,-8.06717583100689));
#2085=CARTESIAN_POINT('',(4.50000000000002,-20.,-8.06717583100689));
#2086=CARTESIAN_POINT('',(4.50000000000002,-20.,-0.567175831006894));
#2087=CARTESIAN_POINT('',(4.50000000000002,-20.,-0.567175831006894));
#2088=CARTESIAN_POINT('',(-1.49999999999998,-20.,-8.06717583100689));
#2089=CARTESIAN_POINT('',(-1.49999999999998,-20.,-8.06717583100689));
#2090=CARTESIAN_POINT('',(-1.49999999999998,-20.,-7.66717583100689));
#2091=CARTESIAN_POINT('',(4.50000000000002,-20.,-8.06717583100689));
#2092=CARTESIAN_POINT('',(4.50000000000002,-20.,-8.06717583100689));
#2093=CARTESIAN_POINT('',(-1.49999999999998,-20.,-8.06717583100689));
#2094=MECHANICAL_DESIGN_GEOMETRIC_PRESENTATION_REPRESENTATION('',(#141),
#2095);
#2095=(
GEOMETRIC_REPRESENTATION_CONTEXT(3)
GLOBAL_UNCERTAINTY_ASSIGNED_CONTEXT((#2096))
GLOBAL_UNIT_ASSIGNED_CONTEXT((#2099,#2098,#2097))
REPRESENTATION_CONTEXT('H04R','TOP_LEVEL_ASSEMBLY_PART')
);
#2096=UNCERTAINTY_MEASURE_WITH_UNIT(LENGTH_MEASURE(0.005),#2099,
'DISTANCE_ACCURACY_VALUE','Maximum Tolerance applied to model');
#2097=(
NAMED_UNIT(*)
SI_UNIT($,.STERADIAN.)
SOLID_ANGLE_UNIT()
);
#2098=(
NAMED_UNIT(*)
PLANE_ANGLE_UNIT()
SI_UNIT($,.RADIAN.)
);
#2099=(
LENGTH_UNIT()
NAMED_UNIT(*)
SI_UNIT(.MILLI.,.METRE.)
);
#2100=PRODUCT_DEFINITION_SHAPE('','',#2101);
#2101=PRODUCT_DEFINITION('','',#2103,#2102);
#2102=PRODUCT_DEFINITION_CONTEXT('',#2109,'design');
#2103=PRODUCT_DEFINITION_FORMATION_WITH_SPECIFIED_SOURCE('','',#2105,
 .NOT_KNOWN.);
#2104=PRODUCT_RELATED_PRODUCT_CATEGORY('','',(#2105));
#2105=PRODUCT('H04R','H04R','H04R',(#2107));
#2106=PRODUCT_CATEGORY('','');
#2107=PRODUCT_CONTEXT('',#2109,'mechanical');
#2108=APPLICATION_PROTOCOL_DEFINITION('international standard',
'ap242_managed_model_based_3d_engineering',2020,#2109);
#2109=APPLICATION_CONTEXT('managed model based 3d engineering');
ENDSEC;
END-ISO-10303-21;
