ISO-10303-21;
HEADER;
/* Generated by software containing ST-Developer
 * from STEP Tools, Inc. (www.steptools.com) 
 */
/* OPTION: using custom renumber hook */

FILE_DESCRIPTION(
/* description */ (
'CAx-IF Rec.Pracs.---Representation and Presentation of Product Manufa
cturing Information (PMI)---4.0---2014-10-13',
'CAx-IF Rec.Pracs.---3D Tessellated Geometry---0.4---2014-09-14','2;1'),

/* implementation_level */ '2;1');

FILE_NAME(
/* name */ 'M01L-03',
/* time_stamp */ '2026-04-13T01:14:53+03:00',
/* author */ (''),
/* organization */ (''),
/* preprocessor_version */ 'ST-DEVELOPER v18.102',
/* originating_system */ 'SIEMENS PLM Software NX2206.9140',
/* authorisation */ $);

FILE_SCHEMA (('AP242_MANAGED_MODEL_BASED_3D_ENGINEERING_MIM_LF { 1 0 10303 442 3 1 4 }'));
ENDSEC;

DATA;
#10=CONSTRUCTIVE_GEOMETRY_REPRESENTATION_RELATIONSHIP(
'supplemental geometry','',#1329,#11);
#11=CONSTRUCTIVE_GEOMETRY_REPRESENTATION('supplemental geometry',(#1461,
#1239,#1240),#2238);
#12=SHAPE_REPRESENTATION_RELATIONSHIP('','',#1329,#13);
#13=ADVANCED_BREP_SHAPE_REPRESENTATION('',(#1327),#2238);
#14=ELLIPSE('',#1403,6.00342969222465,6.00342668228178);
#15=ELLIPSE('',#1404,1.90000095260453,1.9);
#16=ELLIPSE('',#1407,6.00342969222465,6.00342668228178);
#17=ELLIPSE('',#1408,1.90000095260453,1.9);
#18=ELLIPSE('',#1442,6.00342969222465,6.00342668228178);
#19=ELLIPSE('',#1443,1.90000095260453,1.9);
#20=ELLIPSE('',#1446,6.00342969222465,6.00342668228178);
#21=ELLIPSE('',#1447,1.90000095260453,1.9);
#22=B_SPLINE_CURVE_WITH_KNOTS('',3,(#2065,#2066,#2067,#2068),
 .UNSPECIFIED.,.F.,.F.,(4,4),(0.,1.),.UNSPECIFIED.);
#23=B_SPLINE_CURVE_WITH_KNOTS('',3,(#2079,#2080,#2081,#2082),
 .UNSPECIFIED.,.F.,.F.,(4,4),(0.,1.),.UNSPECIFIED.);
#24=B_SPLINE_CURVE_WITH_KNOTS('',3,(#2170,#2171,#2172,#2173),
 .UNSPECIFIED.,.F.,.F.,(4,4),(0.,1.),.UNSPECIFIED.);
#25=B_SPLINE_CURVE_WITH_KNOTS('',3,(#2184,#2185,#2186,#2187),
 .UNSPECIFIED.,.F.,.F.,(4,4),(0.,1.),.UNSPECIFIED.);
#26=CYLINDRICAL_SURFACE('',#1347,4.4);
#27=CYLINDRICAL_SURFACE('',#1351,3.5);
#28=CYLINDRICAL_SURFACE('',#1354,5.);
#29=CYLINDRICAL_SURFACE('',#1357,5.);
#30=CYLINDRICAL_SURFACE('',#1361,5.);
#31=CYLINDRICAL_SURFACE('',#1364,5.);
#32=CYLINDRICAL_SURFACE('',#1367,6.6);
#33=CYLINDRICAL_SURFACE('',#1369,5.);
#34=CYLINDRICAL_SURFACE('',#1372,3.);
#35=CYLINDRICAL_SURFACE('',#1374,114.05);
#36=CYLINDRICAL_SURFACE('',#1377,9.51884386245002);
#37=CYLINDRICAL_SURFACE('',#1385,1.55);
#38=CYLINDRICAL_SURFACE('',#1390,4.5);
#39=CYLINDRICAL_SURFACE('',#1392,1.55);
#40=CYLINDRICAL_SURFACE('',#1411,6.00342668228178);
#41=CYLINDRICAL_SURFACE('',#1413,1.9);
#42=CYLINDRICAL_SURFACE('',#1416,6.00342668228178);
#43=CYLINDRICAL_SURFACE('',#1418,1.9);
#44=CYLINDRICAL_SURFACE('',#1422,4.5);
#45=CYLINDRICAL_SURFACE('',#1424,1.55);
#46=CYLINDRICAL_SURFACE('',#1429,4.5);
#47=CYLINDRICAL_SURFACE('',#1431,1.55);
#48=CYLINDRICAL_SURFACE('',#1450,6.00342668228178);
#49=CYLINDRICAL_SURFACE('',#1452,1.9);
#50=CYLINDRICAL_SURFACE('',#1455,6.00342668228178);
#51=CYLINDRICAL_SURFACE('',#1457,1.9);
#52=LINE('',#1853,#169);
#53=LINE('',#1856,#170);
#54=LINE('',#1858,#171);
#55=LINE('',#1860,#172);
#56=LINE('',#1864,#173);
#57=LINE('',#1868,#174);
#58=LINE('',#1872,#175);
#59=LINE('',#1876,#176);
#60=LINE('',#1878,#177);
#61=LINE('',#1882,#178);
#62=LINE('',#1886,#179);
#63=LINE('',#1892,#180);
#64=LINE('',#1898,#181);
#65=LINE('',#1902,#182);
#66=LINE('',#1905,#183);
#67=LINE('',#1908,#184);
#68=LINE('',#1910,#185);
#69=LINE('',#1912,#186);
#70=LINE('',#1915,#187);
#71=LINE('',#1918,#188);
#72=LINE('',#1920,#189);
#73=LINE('',#1922,#190);
#74=LINE('',#1924,#191);
#75=LINE('',#1927,#192);
#76=LINE('',#1928,#193);
#77=LINE('',#1932,#194);
#78=LINE('',#1936,#195);
#79=LINE('',#1938,#196);
#80=LINE('',#1942,#197);
#81=LINE('',#1944,#198);
#82=LINE('',#1946,#199);
#83=LINE('',#1950,#200);
#84=LINE('',#1952,#201);
#85=LINE('',#1954,#202);
#86=LINE('',#1958,#203);
#87=LINE('',#1960,#204);
#88=LINE('',#1962,#205);
#89=LINE('',#1964,#206);
#90=LINE('',#1966,#207);
#91=LINE('',#1970,#208);
#92=LINE('',#1972,#209);
#93=LINE('',#1974,#210);
#94=LINE('',#1978,#211);
#95=LINE('',#1980,#212);
#96=LINE('',#1982,#213);
#97=LINE('',#1986,#214);
#98=LINE('',#1990,#215);
#99=LINE('',#1992,#216);
#100=LINE('',#1994,#217);
#101=LINE('',#1998,#218);
#102=LINE('',#2002,#219);
#103=LINE('',#2004,#220);
#104=LINE('',#2006,#221);
#105=LINE('',#2011,#222);
#106=LINE('',#2013,#223);
#107=LINE('',#2015,#224);
#108=LINE('',#2017,#225);
#109=LINE('',#2019,#226);
#110=LINE('',#2021,#227);
#111=LINE('',#2023,#228);
#112=LINE('',#2025,#229);
#113=LINE('',#2045,#230);
#114=LINE('',#2048,#231);
#115=LINE('',#2050,#232);
#116=LINE('',#2052,#233);
#117=LINE('',#2054,#234);
#118=LINE('',#2057,#235);
#119=LINE('',#2059,#236);
#120=LINE('',#2061,#237);
#121=LINE('',#2063,#238);
#122=LINE('',#2069,#239);
#123=LINE('',#2071,#240);
#124=LINE('',#2073,#241);
#125=LINE('',#2075,#242);
#126=LINE('',#2077,#243);
#127=LINE('',#2083,#244);
#128=LINE('',#2085,#245);
#129=LINE('',#2089,#246);
#130=LINE('',#2093,#247);
#131=LINE('',#2095,#248);
#132=LINE('',#2096,#249);
#133=LINE('',#2098,#250);
#134=LINE('',#2100,#251);
#135=LINE('',#2104,#252);
#136=LINE('',#2108,#253);
#137=LINE('',#2110,#254);
#138=LINE('',#2111,#255);
#139=LINE('',#2113,#256);
#140=LINE('',#2115,#257);
#141=LINE('',#2150,#258);
#142=LINE('',#2153,#259);
#143=LINE('',#2155,#260);
#144=LINE('',#2157,#261);
#145=LINE('',#2159,#262);
#146=LINE('',#2162,#263);
#147=LINE('',#2164,#264);
#148=LINE('',#2166,#265);
#149=LINE('',#2168,#266);
#150=LINE('',#2174,#267);
#151=LINE('',#2176,#268);
#152=LINE('',#2178,#269);
#153=LINE('',#2180,#270);
#154=LINE('',#2182,#271);
#155=LINE('',#2188,#272);
#156=LINE('',#2190,#273);
#157=LINE('',#2194,#274);
#158=LINE('',#2198,#275);
#159=LINE('',#2200,#276);
#160=LINE('',#2201,#277);
#161=LINE('',#2203,#278);
#162=LINE('',#2205,#279);
#163=LINE('',#2209,#280);
#164=LINE('',#2213,#281);
#165=LINE('',#2215,#282);
#166=LINE('',#2216,#283);
#167=LINE('',#2218,#284);
#168=LINE('',#2220,#285);
#169=VECTOR('',#1470,1000.);
#170=VECTOR('',#1471,1000.);
#171=VECTOR('',#1472,1000.);
#172=VECTOR('',#1473,1000.);
#173=VECTOR('',#1476,1000.);
#174=VECTOR('',#1479,1000.);
#175=VECTOR('',#1482,1000.);
#176=VECTOR('',#1485,1000.);
#177=VECTOR('',#1486,1000.);
#178=VECTOR('',#1489,1000.);
#179=VECTOR('',#1492,1000.);
#180=VECTOR('',#1497,1000.);
#181=VECTOR('',#1502,1000.);
#182=VECTOR('',#1505,1000.);
#183=VECTOR('',#1508,1000.);
#184=VECTOR('',#1509,1000.);
#185=VECTOR('',#1510,1000.);
#186=VECTOR('',#1511,1000.);
#187=VECTOR('',#1514,1000.);
#188=VECTOR('',#1515,1000.);
#189=VECTOR('',#1516,1000.);
#190=VECTOR('',#1517,1000.);
#191=VECTOR('',#1520,1000.);
#192=VECTOR('',#1521,1000.);
#193=VECTOR('',#1522,1000.);
#194=VECTOR('',#1527,1000.);
#195=VECTOR('',#1532,1000.);
#196=VECTOR('',#1533,1000.);
#197=VECTOR('',#1538,1000.);
#198=VECTOR('',#1541,1000.);
#199=VECTOR('',#1542,1000.);
#200=VECTOR('',#1547,1000.);
#201=VECTOR('',#1550,1000.);
#202=VECTOR('',#1551,1000.);
#203=VECTOR('',#1556,1000.);
#204=VECTOR('',#1559,1000.);
#205=VECTOR('',#1560,1000.);
#206=VECTOR('',#1563,1000.);
#207=VECTOR('',#1564,1000.);
#208=VECTOR('',#1569,1000.);
#209=VECTOR('',#1572,1000.);
#210=VECTOR('',#1573,1000.);
#211=VECTOR('',#1578,1000.);
#212=VECTOR('',#1581,1000.);
#213=VECTOR('',#1582,1000.);
#214=VECTOR('',#1587,1000.);
#215=VECTOR('',#1592,1000.);
#216=VECTOR('',#1595,1000.);
#217=VECTOR('',#1596,1000.);
#218=VECTOR('',#1601,1000.);
#219=VECTOR('',#1606,1000.);
#220=VECTOR('',#1609,1000.);
#221=VECTOR('',#1610,1000.);
#222=VECTOR('',#1619,1000.);
#223=VECTOR('',#1620,1000.);
#224=VECTOR('',#1621,1000.);
#225=VECTOR('',#1624,1000.);
#226=VECTOR('',#1625,1000.);
#227=VECTOR('',#1628,1000.);
#228=VECTOR('',#1629,1000.);
#229=VECTOR('',#1632,1000.);
#230=VECTOR('',#1661,1000.);
#231=VECTOR('',#1662,1000.);
#232=VECTOR('',#1663,1000.);
#233=VECTOR('',#1664,1000.);
#234=VECTOR('',#1667,1000.);
#235=VECTOR('',#1668,1000.);
#236=VECTOR('',#1669,1000.);
#237=VECTOR('',#1670,1000.);
#238=VECTOR('',#1673,1000.);
#239=VECTOR('',#1674,1000.);
#240=VECTOR('',#1675,1000.);
#241=VECTOR('',#1678,1000.);
#242=VECTOR('',#1679,1000.);
#243=VECTOR('',#1682,1000.);
#244=VECTOR('',#1683,1000.);
#245=VECTOR('',#1686,1000.);
#246=VECTOR('',#1689,1000.);
#247=VECTOR('',#1694,1000.);
#248=VECTOR('',#1695,1000.);
#249=VECTOR('',#1696,1000.);
#250=VECTOR('',#1697,1000.);
#251=VECTOR('',#1698,1000.);
#252=VECTOR('',#1703,1000.);
#253=VECTOR('',#1708,1000.);
#254=VECTOR('',#1709,1000.);
#255=VECTOR('',#1710,1000.);
#256=VECTOR('',#1711,1000.);
#257=VECTOR('',#1714,1000.);
#258=VECTOR('',#1767,1000.);
#259=VECTOR('',#1768,1000.);
#260=VECTOR('',#1769,1000.);
#261=VECTOR('',#1770,1000.);
#262=VECTOR('',#1773,1000.);
#263=VECTOR('',#1774,1000.);
#264=VECTOR('',#1775,1000.);
#265=VECTOR('',#1776,1000.);
#266=VECTOR('',#1779,1000.);
#267=VECTOR('',#1780,1000.);
#268=VECTOR('',#1781,1000.);
#269=VECTOR('',#1784,1000.);
#270=VECTOR('',#1785,1000.);
#271=VECTOR('',#1788,1000.);
#272=VECTOR('',#1789,1000.);
#273=VECTOR('',#1792,1000.);
#274=VECTOR('',#1795,1000.);
#275=VECTOR('',#1800,1000.);
#276=VECTOR('',#1801,1000.);
#277=VECTOR('',#1802,1000.);
#278=VECTOR('',#1803,1000.);
#279=VECTOR('',#1804,1000.);
#280=VECTOR('',#1809,1000.);
#281=VECTOR('',#1814,1000.);
#282=VECTOR('',#1815,1000.);
#283=VECTOR('',#1816,1000.);
#284=VECTOR('',#1817,1000.);
#285=VECTOR('',#1820,1000.);
#286=ORIENTED_EDGE('',*,*,#634,.T.);
#287=ORIENTED_EDGE('',*,*,#635,.F.);
#288=ORIENTED_EDGE('',*,*,#636,.F.);
#289=ORIENTED_EDGE('',*,*,#637,.F.);
#290=ORIENTED_EDGE('',*,*,#638,.F.);
#291=ORIENTED_EDGE('',*,*,#639,.F.);
#292=ORIENTED_EDGE('',*,*,#640,.F.);
#293=ORIENTED_EDGE('',*,*,#641,.F.);
#294=ORIENTED_EDGE('',*,*,#642,.F.);
#295=ORIENTED_EDGE('',*,*,#643,.F.);
#296=ORIENTED_EDGE('',*,*,#644,.F.);
#297=ORIENTED_EDGE('',*,*,#645,.F.);
#298=ORIENTED_EDGE('',*,*,#646,.F.);
#299=ORIENTED_EDGE('',*,*,#647,.F.);
#300=ORIENTED_EDGE('',*,*,#648,.F.);
#301=ORIENTED_EDGE('',*,*,#649,.F.);
#302=ORIENTED_EDGE('',*,*,#650,.F.);
#303=ORIENTED_EDGE('',*,*,#651,.F.);
#304=ORIENTED_EDGE('',*,*,#652,.F.);
#305=ORIENTED_EDGE('',*,*,#653,.F.);
#306=ORIENTED_EDGE('',*,*,#654,.F.);
#307=ORIENTED_EDGE('',*,*,#655,.F.);
#308=ORIENTED_EDGE('',*,*,#656,.F.);
#309=ORIENTED_EDGE('',*,*,#657,.F.);
#310=ORIENTED_EDGE('',*,*,#658,.F.);
#311=ORIENTED_EDGE('',*,*,#659,.F.);
#312=ORIENTED_EDGE('',*,*,#660,.F.);
#313=ORIENTED_EDGE('',*,*,#661,.F.);
#314=ORIENTED_EDGE('',*,*,#662,.F.);
#315=ORIENTED_EDGE('',*,*,#663,.F.);
#316=ORIENTED_EDGE('',*,*,#664,.F.);
#317=ORIENTED_EDGE('',*,*,#665,.F.);
#318=ORIENTED_EDGE('',*,*,#666,.F.);
#319=ORIENTED_EDGE('',*,*,#667,.F.);
#320=ORIENTED_EDGE('',*,*,#668,.F.);
#321=ORIENTED_EDGE('',*,*,#669,.F.);
#322=ORIENTED_EDGE('',*,*,#670,.F.);
#323=ORIENTED_EDGE('',*,*,#671,.T.);
#324=ORIENTED_EDGE('',*,*,#659,.T.);
#325=ORIENTED_EDGE('',*,*,#672,.F.);
#326=ORIENTED_EDGE('',*,*,#673,.F.);
#327=ORIENTED_EDGE('',*,*,#674,.T.);
#328=ORIENTED_EDGE('',*,*,#639,.T.);
#329=ORIENTED_EDGE('',*,*,#671,.F.);
#330=ORIENTED_EDGE('',*,*,#675,.F.);
#331=ORIENTED_EDGE('',*,*,#676,.F.);
#332=ORIENTED_EDGE('',*,*,#677,.T.);
#333=ORIENTED_EDGE('',*,*,#640,.T.);
#334=ORIENTED_EDGE('',*,*,#674,.F.);
#335=ORIENTED_EDGE('',*,*,#678,.F.);
#336=ORIENTED_EDGE('',*,*,#679,.T.);
#337=ORIENTED_EDGE('',*,*,#641,.T.);
#338=ORIENTED_EDGE('',*,*,#677,.F.);
#339=ORIENTED_EDGE('',*,*,#680,.F.);
#340=ORIENTED_EDGE('',*,*,#681,.T.);
#341=ORIENTED_EDGE('',*,*,#642,.T.);
#342=ORIENTED_EDGE('',*,*,#679,.F.);
#343=ORIENTED_EDGE('',*,*,#682,.F.);
#344=ORIENTED_EDGE('',*,*,#683,.T.);
#345=ORIENTED_EDGE('',*,*,#643,.T.);
#346=ORIENTED_EDGE('',*,*,#681,.F.);
#347=ORIENTED_EDGE('',*,*,#684,.F.);
#348=ORIENTED_EDGE('',*,*,#685,.T.);
#349=ORIENTED_EDGE('',*,*,#644,.T.);
#350=ORIENTED_EDGE('',*,*,#683,.F.);
#351=ORIENTED_EDGE('',*,*,#686,.F.);
#352=ORIENTED_EDGE('',*,*,#687,.T.);
#353=ORIENTED_EDGE('',*,*,#645,.T.);
#354=ORIENTED_EDGE('',*,*,#685,.F.);
#355=ORIENTED_EDGE('',*,*,#688,.F.);
#356=ORIENTED_EDGE('',*,*,#689,.T.);
#357=ORIENTED_EDGE('',*,*,#646,.T.);
#358=ORIENTED_EDGE('',*,*,#687,.F.);
#359=ORIENTED_EDGE('',*,*,#690,.F.);
#360=ORIENTED_EDGE('',*,*,#691,.T.);
#361=ORIENTED_EDGE('',*,*,#647,.T.);
#362=ORIENTED_EDGE('',*,*,#689,.F.);
#363=ORIENTED_EDGE('',*,*,#692,.F.);
#364=ORIENTED_EDGE('',*,*,#693,.T.);
#365=ORIENTED_EDGE('',*,*,#648,.T.);
#366=ORIENTED_EDGE('',*,*,#691,.F.);
#367=ORIENTED_EDGE('',*,*,#694,.F.);
#368=ORIENTED_EDGE('',*,*,#695,.T.);
#369=ORIENTED_EDGE('',*,*,#649,.T.);
#370=ORIENTED_EDGE('',*,*,#693,.F.);
#371=ORIENTED_EDGE('',*,*,#696,.F.);
#372=ORIENTED_EDGE('',*,*,#697,.T.);
#373=ORIENTED_EDGE('',*,*,#650,.T.);
#374=ORIENTED_EDGE('',*,*,#695,.F.);
#375=ORIENTED_EDGE('',*,*,#698,.F.);
#376=ORIENTED_EDGE('',*,*,#699,.T.);
#377=ORIENTED_EDGE('',*,*,#651,.T.);
#378=ORIENTED_EDGE('',*,*,#697,.F.);
#379=ORIENTED_EDGE('',*,*,#700,.F.);
#380=ORIENTED_EDGE('',*,*,#701,.T.);
#381=ORIENTED_EDGE('',*,*,#652,.T.);
#382=ORIENTED_EDGE('',*,*,#699,.F.);
#383=ORIENTED_EDGE('',*,*,#702,.F.);
#384=ORIENTED_EDGE('',*,*,#703,.T.);
#385=ORIENTED_EDGE('',*,*,#653,.T.);
#386=ORIENTED_EDGE('',*,*,#701,.F.);
#387=ORIENTED_EDGE('',*,*,#704,.F.);
#388=ORIENTED_EDGE('',*,*,#705,.T.);
#389=ORIENTED_EDGE('',*,*,#654,.T.);
#390=ORIENTED_EDGE('',*,*,#703,.F.);
#391=ORIENTED_EDGE('',*,*,#706,.F.);
#392=ORIENTED_EDGE('',*,*,#707,.T.);
#393=ORIENTED_EDGE('',*,*,#655,.T.);
#394=ORIENTED_EDGE('',*,*,#705,.F.);
#395=ORIENTED_EDGE('',*,*,#708,.F.);
#396=ORIENTED_EDGE('',*,*,#709,.T.);
#397=ORIENTED_EDGE('',*,*,#656,.T.);
#398=ORIENTED_EDGE('',*,*,#707,.F.);
#399=ORIENTED_EDGE('',*,*,#710,.F.);
#400=ORIENTED_EDGE('',*,*,#711,.T.);
#401=ORIENTED_EDGE('',*,*,#657,.T.);
#402=ORIENTED_EDGE('',*,*,#709,.F.);
#403=ORIENTED_EDGE('',*,*,#712,.F.);
#404=ORIENTED_EDGE('',*,*,#672,.T.);
#405=ORIENTED_EDGE('',*,*,#658,.T.);
#406=ORIENTED_EDGE('',*,*,#711,.F.);
#407=ORIENTED_EDGE('',*,*,#670,.T.);
#408=ORIENTED_EDGE('',*,*,#712,.T.);
#409=ORIENTED_EDGE('',*,*,#710,.T.);
#410=ORIENTED_EDGE('',*,*,#708,.T.);
#411=ORIENTED_EDGE('',*,*,#706,.T.);
#412=ORIENTED_EDGE('',*,*,#704,.T.);
#413=ORIENTED_EDGE('',*,*,#702,.T.);
#414=ORIENTED_EDGE('',*,*,#700,.T.);
#415=ORIENTED_EDGE('',*,*,#698,.T.);
#416=ORIENTED_EDGE('',*,*,#696,.T.);
#417=ORIENTED_EDGE('',*,*,#694,.T.);
#418=ORIENTED_EDGE('',*,*,#692,.T.);
#419=ORIENTED_EDGE('',*,*,#690,.T.);
#420=ORIENTED_EDGE('',*,*,#688,.T.);
#421=ORIENTED_EDGE('',*,*,#686,.T.);
#422=ORIENTED_EDGE('',*,*,#684,.T.);
#423=ORIENTED_EDGE('',*,*,#682,.T.);
#424=ORIENTED_EDGE('',*,*,#680,.T.);
#425=ORIENTED_EDGE('',*,*,#678,.T.);
#426=ORIENTED_EDGE('',*,*,#676,.T.);
#427=ORIENTED_EDGE('',*,*,#673,.T.);
#428=ORIENTED_EDGE('',*,*,#638,.T.);
#429=ORIENTED_EDGE('',*,*,#713,.F.);
#430=ORIENTED_EDGE('',*,*,#714,.T.);
#431=ORIENTED_EDGE('',*,*,#715,.T.);
#432=ORIENTED_EDGE('',*,*,#635,.T.);
#433=ORIENTED_EDGE('',*,*,#715,.F.);
#434=ORIENTED_EDGE('',*,*,#716,.T.);
#435=ORIENTED_EDGE('',*,*,#717,.T.);
#436=ORIENTED_EDGE('',*,*,#636,.T.);
#437=ORIENTED_EDGE('',*,*,#717,.F.);
#438=ORIENTED_EDGE('',*,*,#718,.T.);
#439=ORIENTED_EDGE('',*,*,#719,.T.);
#440=ORIENTED_EDGE('',*,*,#637,.T.);
#441=ORIENTED_EDGE('',*,*,#719,.F.);
#442=ORIENTED_EDGE('',*,*,#720,.T.);
#443=ORIENTED_EDGE('',*,*,#713,.T.);
#444=ORIENTED_EDGE('',*,*,#714,.F.);
#445=ORIENTED_EDGE('',*,*,#720,.F.);
#446=ORIENTED_EDGE('',*,*,#718,.F.);
#447=ORIENTED_EDGE('',*,*,#716,.F.);
#448=ORIENTED_EDGE('',*,*,#721,.T.);
#449=ORIENTED_EDGE('',*,*,#722,.F.);
#450=ORIENTED_EDGE('',*,*,#675,.T.);
#451=ORIENTED_EDGE('',*,*,#721,.F.);
#452=ORIENTED_EDGE('',*,*,#722,.T.);
#453=ORIENTED_EDGE('',*,*,#723,.F.);
#454=ORIENTED_EDGE('',*,*,#660,.T.);
#455=ORIENTED_EDGE('',*,*,#724,.T.);
#456=ORIENTED_EDGE('',*,*,#725,.F.);
#457=ORIENTED_EDGE('',*,*,#723,.T.);
#458=ORIENTED_EDGE('',*,*,#724,.F.);
#459=ORIENTED_EDGE('',*,*,#725,.T.);
#460=ORIENTED_EDGE('',*,*,#726,.F.);
#461=ORIENTED_EDGE('',*,*,#727,.T.);
#462=ORIENTED_EDGE('',*,*,#728,.T.);
#463=ORIENTED_EDGE('',*,*,#729,.T.);
#464=ORIENTED_EDGE('',*,*,#730,.F.);
#465=ORIENTED_EDGE('',*,*,#731,.T.);
#466=ORIENTED_EDGE('',*,*,#732,.T.);
#467=ORIENTED_EDGE('',*,*,#733,.T.);
#468=ORIENTED_EDGE('',*,*,#734,.T.);
#469=ORIENTED_EDGE('',*,*,#735,.F.);
#470=ORIENTED_EDGE('',*,*,#736,.F.);
#471=ORIENTED_EDGE('',*,*,#737,.T.);
#472=ORIENTED_EDGE('',*,*,#738,.T.);
#473=ORIENTED_EDGE('',*,*,#736,.T.);
#474=ORIENTED_EDGE('',*,*,#733,.F.);
#475=ORIENTED_EDGE('',*,*,#739,.F.);
#476=ORIENTED_EDGE('',*,*,#740,.T.);
#477=ORIENTED_EDGE('',*,*,#739,.T.);
#478=ORIENTED_EDGE('',*,*,#741,.F.);
#479=ORIENTED_EDGE('',*,*,#742,.F.);
#480=ORIENTED_EDGE('',*,*,#661,.T.);
#481=ORIENTED_EDGE('',*,*,#743,.T.);
#482=ORIENTED_EDGE('',*,*,#744,.F.);
#483=ORIENTED_EDGE('',*,*,#745,.F.);
#484=ORIENTED_EDGE('',*,*,#746,.T.);
#485=ORIENTED_EDGE('',*,*,#745,.T.);
#486=ORIENTED_EDGE('',*,*,#747,.T.);
#487=ORIENTED_EDGE('',*,*,#748,.F.);
#488=ORIENTED_EDGE('',*,*,#729,.F.);
#489=ORIENTED_EDGE('',*,*,#749,.T.);
#490=ORIENTED_EDGE('',*,*,#750,.T.);
#491=ORIENTED_EDGE('',*,*,#751,.F.);
#492=ORIENTED_EDGE('',*,*,#662,.T.);
#493=ORIENTED_EDGE('',*,*,#751,.T.);
#494=ORIENTED_EDGE('',*,*,#752,.T.);
#495=ORIENTED_EDGE('',*,*,#753,.F.);
#496=ORIENTED_EDGE('',*,*,#663,.T.);
#497=ORIENTED_EDGE('',*,*,#754,.F.);
#498=ORIENTED_EDGE('',*,*,#743,.F.);
#499=ORIENTED_EDGE('',*,*,#664,.T.);
#500=ORIENTED_EDGE('',*,*,#753,.T.);
#501=ORIENTED_EDGE('',*,*,#755,.F.);
#502=ORIENTED_EDGE('',*,*,#756,.T.);
#503=ORIENTED_EDGE('',*,*,#731,.F.);
#504=ORIENTED_EDGE('',*,*,#757,.F.);
#505=ORIENTED_EDGE('',*,*,#758,.F.);
#506=ORIENTED_EDGE('',*,*,#759,.T.);
#507=ORIENTED_EDGE('',*,*,#742,.T.);
#508=ORIENTED_EDGE('',*,*,#727,.F.);
#509=ORIENTED_EDGE('',*,*,#734,.F.);
#510=ORIENTED_EDGE('',*,*,#760,.T.);
#511=ORIENTED_EDGE('',*,*,#755,.T.);
#512=ORIENTED_EDGE('',*,*,#752,.F.);
#513=ORIENTED_EDGE('',*,*,#750,.F.);
#514=ORIENTED_EDGE('',*,*,#754,.T.);
#515=ORIENTED_EDGE('',*,*,#761,.F.);
#516=ORIENTED_EDGE('',*,*,#728,.F.);
#517=ORIENTED_EDGE('',*,*,#741,.T.);
#518=ORIENTED_EDGE('',*,*,#732,.F.);
#519=ORIENTED_EDGE('',*,*,#756,.F.);
#520=ORIENTED_EDGE('',*,*,#760,.F.);
#521=ORIENTED_EDGE('',*,*,#749,.F.);
#522=ORIENTED_EDGE('',*,*,#761,.T.);
#523=ORIENTED_EDGE('',*,*,#744,.T.);
#524=ORIENTED_EDGE('',*,*,#758,.T.);
#525=ORIENTED_EDGE('',*,*,#762,.F.);
#526=ORIENTED_EDGE('',*,*,#747,.F.);
#527=ORIENTED_EDGE('',*,*,#763,.T.);
#528=ORIENTED_EDGE('',*,*,#746,.F.);
#529=ORIENTED_EDGE('',*,*,#748,.T.);
#530=ORIENTED_EDGE('',*,*,#762,.T.);
#531=ORIENTED_EDGE('',*,*,#757,.T.);
#532=ORIENTED_EDGE('',*,*,#730,.T.);
#533=ORIENTED_EDGE('',*,*,#735,.T.);
#534=ORIENTED_EDGE('',*,*,#726,.T.);
#535=ORIENTED_EDGE('',*,*,#763,.F.);
#536=ORIENTED_EDGE('',*,*,#737,.F.);
#537=ORIENTED_EDGE('',*,*,#738,.F.);
#538=ORIENTED_EDGE('',*,*,#740,.F.);
#539=ORIENTED_EDGE('',*,*,#759,.F.);
#540=ORIENTED_EDGE('',*,*,#764,.T.);
#541=ORIENTED_EDGE('',*,*,#634,.F.);
#542=ORIENTED_EDGE('',*,*,#765,.T.);
#543=ORIENTED_EDGE('',*,*,#766,.F.);
#544=ORIENTED_EDGE('',*,*,#764,.F.);
#545=ORIENTED_EDGE('',*,*,#765,.F.);
#546=ORIENTED_EDGE('',*,*,#766,.T.);
#547=ORIENTED_EDGE('',*,*,#767,.F.);
#548=ORIENTED_EDGE('',*,*,#665,.T.);
#549=ORIENTED_EDGE('',*,*,#768,.T.);
#550=ORIENTED_EDGE('',*,*,#769,.F.);
#551=ORIENTED_EDGE('',*,*,#767,.T.);
#552=ORIENTED_EDGE('',*,*,#768,.F.);
#553=ORIENTED_EDGE('',*,*,#769,.T.);
#554=ORIENTED_EDGE('',*,*,#770,.F.);
#555=ORIENTED_EDGE('',*,*,#771,.T.);
#556=ORIENTED_EDGE('',*,*,#772,.T.);
#557=ORIENTED_EDGE('',*,*,#773,.T.);
#558=ORIENTED_EDGE('',*,*,#774,.F.);
#559=ORIENTED_EDGE('',*,*,#775,.T.);
#560=ORIENTED_EDGE('',*,*,#776,.T.);
#561=ORIENTED_EDGE('',*,*,#777,.T.);
#562=ORIENTED_EDGE('',*,*,#778,.T.);
#563=ORIENTED_EDGE('',*,*,#779,.F.);
#564=ORIENTED_EDGE('',*,*,#780,.F.);
#565=ORIENTED_EDGE('',*,*,#781,.T.);
#566=ORIENTED_EDGE('',*,*,#782,.T.);
#567=ORIENTED_EDGE('',*,*,#780,.T.);
#568=ORIENTED_EDGE('',*,*,#777,.F.);
#569=ORIENTED_EDGE('',*,*,#783,.F.);
#570=ORIENTED_EDGE('',*,*,#784,.T.);
#571=ORIENTED_EDGE('',*,*,#783,.T.);
#572=ORIENTED_EDGE('',*,*,#785,.F.);
#573=ORIENTED_EDGE('',*,*,#786,.F.);
#574=ORIENTED_EDGE('',*,*,#666,.T.);
#575=ORIENTED_EDGE('',*,*,#787,.T.);
#576=ORIENTED_EDGE('',*,*,#788,.F.);
#577=ORIENTED_EDGE('',*,*,#789,.F.);
#578=ORIENTED_EDGE('',*,*,#790,.T.);
#579=ORIENTED_EDGE('',*,*,#789,.T.);
#580=ORIENTED_EDGE('',*,*,#791,.T.);
#581=ORIENTED_EDGE('',*,*,#792,.F.);
#582=ORIENTED_EDGE('',*,*,#773,.F.);
#583=ORIENTED_EDGE('',*,*,#793,.T.);
#584=ORIENTED_EDGE('',*,*,#794,.T.);
#585=ORIENTED_EDGE('',*,*,#795,.F.);
#586=ORIENTED_EDGE('',*,*,#667,.T.);
#587=ORIENTED_EDGE('',*,*,#795,.T.);
#588=ORIENTED_EDGE('',*,*,#796,.T.);
#589=ORIENTED_EDGE('',*,*,#797,.F.);
#590=ORIENTED_EDGE('',*,*,#668,.T.);
#591=ORIENTED_EDGE('',*,*,#798,.F.);
#592=ORIENTED_EDGE('',*,*,#787,.F.);
#593=ORIENTED_EDGE('',*,*,#669,.T.);
#594=ORIENTED_EDGE('',*,*,#797,.T.);
#595=ORIENTED_EDGE('',*,*,#799,.F.);
#596=ORIENTED_EDGE('',*,*,#800,.T.);
#597=ORIENTED_EDGE('',*,*,#775,.F.);
#598=ORIENTED_EDGE('',*,*,#801,.F.);
#599=ORIENTED_EDGE('',*,*,#802,.F.);
#600=ORIENTED_EDGE('',*,*,#803,.T.);
#601=ORIENTED_EDGE('',*,*,#786,.T.);
#602=ORIENTED_EDGE('',*,*,#771,.F.);
#603=ORIENTED_EDGE('',*,*,#778,.F.);
#604=ORIENTED_EDGE('',*,*,#804,.T.);
#605=ORIENTED_EDGE('',*,*,#799,.T.);
#606=ORIENTED_EDGE('',*,*,#796,.F.);
#607=ORIENTED_EDGE('',*,*,#794,.F.);
#608=ORIENTED_EDGE('',*,*,#798,.T.);
#609=ORIENTED_EDGE('',*,*,#805,.F.);
#610=ORIENTED_EDGE('',*,*,#772,.F.);
#611=ORIENTED_EDGE('',*,*,#785,.T.);
#612=ORIENTED_EDGE('',*,*,#776,.F.);
#613=ORIENTED_EDGE('',*,*,#800,.F.);
#614=ORIENTED_EDGE('',*,*,#804,.F.);
#615=ORIENTED_EDGE('',*,*,#793,.F.);
#616=ORIENTED_EDGE('',*,*,#805,.T.);
#617=ORIENTED_EDGE('',*,*,#788,.T.);
#618=ORIENTED_EDGE('',*,*,#802,.T.);
#619=ORIENTED_EDGE('',*,*,#806,.F.);
#620=ORIENTED_EDGE('',*,*,#791,.F.);
#621=ORIENTED_EDGE('',*,*,#807,.T.);
#622=ORIENTED_EDGE('',*,*,#790,.F.);
#623=ORIENTED_EDGE('',*,*,#792,.T.);
#624=ORIENTED_EDGE('',*,*,#806,.T.);
#625=ORIENTED_EDGE('',*,*,#801,.T.);
#626=ORIENTED_EDGE('',*,*,#774,.T.);
#627=ORIENTED_EDGE('',*,*,#779,.T.);
#628=ORIENTED_EDGE('',*,*,#770,.T.);
#629=ORIENTED_EDGE('',*,*,#807,.F.);
#630=ORIENTED_EDGE('',*,*,#781,.F.);
#631=ORIENTED_EDGE('',*,*,#782,.F.);
#632=ORIENTED_EDGE('',*,*,#784,.F.);
#633=ORIENTED_EDGE('',*,*,#803,.F.);
#634=EDGE_CURVE('',#808,#808,#929,.F.);
#635=EDGE_CURVE('',#809,#810,#52,.F.);
#636=EDGE_CURVE('',#811,#809,#53,.F.);
#637=EDGE_CURVE('',#812,#811,#54,.F.);
#638=EDGE_CURVE('',#810,#812,#55,.F.);
#639=EDGE_CURVE('',#813,#814,#930,.F.);
#640=EDGE_CURVE('',#815,#813,#56,.F.);
#641=EDGE_CURVE('',#816,#815,#931,.F.);
#642=EDGE_CURVE('',#817,#816,#57,.F.);
#643=EDGE_CURVE('',#818,#817,#932,.F.);
#644=EDGE_CURVE('',#819,#818,#58,.F.);
#645=EDGE_CURVE('',#820,#819,#933,.F.);
#646=EDGE_CURVE('',#821,#820,#59,.F.);
#647=EDGE_CURVE('',#822,#821,#60,.F.);
#648=EDGE_CURVE('',#823,#822,#934,.F.);
#649=EDGE_CURVE('',#824,#823,#61,.F.);
#650=EDGE_CURVE('',#825,#824,#935,.F.);
#651=EDGE_CURVE('',#826,#825,#62,.F.);
#652=EDGE_CURVE('',#827,#826,#936,.F.);
#653=EDGE_CURVE('',#828,#827,#937,.F.);
#654=EDGE_CURVE('',#829,#828,#63,.F.);
#655=EDGE_CURVE('',#830,#829,#938,.F.);
#656=EDGE_CURVE('',#831,#830,#939,.F.);
#657=EDGE_CURVE('',#832,#831,#64,.F.);
#658=EDGE_CURVE('',#833,#832,#940,.F.);
#659=EDGE_CURVE('',#814,#833,#65,.F.);
#660=EDGE_CURVE('',#834,#834,#941,.T.);
#661=EDGE_CURVE('',#835,#836,#66,.F.);
#662=EDGE_CURVE('',#837,#835,#67,.F.);
#663=EDGE_CURVE('',#838,#837,#68,.F.);
#664=EDGE_CURVE('',#836,#838,#69,.F.);
#665=EDGE_CURVE('',#839,#839,#942,.T.);
#666=EDGE_CURVE('',#840,#841,#70,.F.);
#667=EDGE_CURVE('',#842,#840,#71,.F.);
#668=EDGE_CURVE('',#843,#842,#72,.F.);
#669=EDGE_CURVE('',#841,#843,#73,.F.);
#670=EDGE_CURVE('',#844,#845,#74,.F.);
#671=EDGE_CURVE('',#844,#814,#75,.F.);
#672=EDGE_CURVE('',#845,#833,#76,.F.);
#673=EDGE_CURVE('',#846,#844,#943,.F.);
#674=EDGE_CURVE('',#846,#813,#77,.F.);
#675=EDGE_CURVE('',#847,#847,#944,.F.);
#676=EDGE_CURVE('',#848,#846,#78,.F.);
#677=EDGE_CURVE('',#848,#815,#79,.F.);
#678=EDGE_CURVE('',#849,#848,#945,.F.);
#679=EDGE_CURVE('',#849,#816,#80,.F.);
#680=EDGE_CURVE('',#850,#849,#81,.F.);
#681=EDGE_CURVE('',#850,#817,#82,.F.);
#682=EDGE_CURVE('',#851,#850,#946,.F.);
#683=EDGE_CURVE('',#851,#818,#83,.F.);
#684=EDGE_CURVE('',#852,#851,#84,.F.);
#685=EDGE_CURVE('',#852,#819,#85,.F.);
#686=EDGE_CURVE('',#853,#852,#947,.F.);
#687=EDGE_CURVE('',#853,#820,#86,.F.);
#688=EDGE_CURVE('',#854,#853,#87,.F.);
#689=EDGE_CURVE('',#854,#821,#88,.F.);
#690=EDGE_CURVE('',#855,#854,#89,.F.);
#691=EDGE_CURVE('',#855,#822,#90,.F.);
#692=EDGE_CURVE('',#856,#855,#948,.F.);
#693=EDGE_CURVE('',#856,#823,#91,.F.);
#694=EDGE_CURVE('',#857,#856,#92,.F.);
#695=EDGE_CURVE('',#857,#824,#93,.F.);
#696=EDGE_CURVE('',#858,#857,#949,.F.);
#697=EDGE_CURVE('',#858,#825,#94,.F.);
#698=EDGE_CURVE('',#859,#858,#95,.F.);
#699=EDGE_CURVE('',#859,#826,#96,.F.);
#700=EDGE_CURVE('',#860,#859,#950,.F.);
#701=EDGE_CURVE('',#860,#827,#97,.F.);
#702=EDGE_CURVE('',#861,#860,#951,.F.);
#703=EDGE_CURVE('',#861,#828,#98,.F.);
#704=EDGE_CURVE('',#862,#861,#99,.F.);
#705=EDGE_CURVE('',#862,#829,#100,.F.);
#706=EDGE_CURVE('',#863,#862,#952,.F.);
#707=EDGE_CURVE('',#863,#830,#101,.F.);
#708=EDGE_CURVE('',#864,#863,#953,.F.);
#709=EDGE_CURVE('',#864,#831,#102,.F.);
#710=EDGE_CURVE('',#865,#864,#103,.F.);
#711=EDGE_CURVE('',#865,#832,#104,.F.);
#712=EDGE_CURVE('',#845,#865,#954,.F.);
#713=EDGE_CURVE('',#866,#812,#105,.T.);
#714=EDGE_CURVE('',#866,#867,#106,.T.);
#715=EDGE_CURVE('',#867,#810,#107,.T.);
#716=EDGE_CURVE('',#867,#868,#108,.T.);
#717=EDGE_CURVE('',#868,#809,#109,.T.);
#718=EDGE_CURVE('',#868,#869,#110,.T.);
#719=EDGE_CURVE('',#869,#811,#111,.T.);
#720=EDGE_CURVE('',#869,#866,#112,.T.);
#721=EDGE_CURVE('',#870,#870,#955,.F.);
#722=EDGE_CURVE('',#871,#871,#956,.F.);
#723=EDGE_CURVE('',#872,#872,#957,.F.);
#724=EDGE_CURVE('',#873,#873,#958,.F.);
#725=EDGE_CURVE('',#874,#874,#959,.F.);
#726=EDGE_CURVE('',#875,#876,#113,.F.);
#727=EDGE_CURVE('',#875,#877,#114,.F.);
#728=EDGE_CURVE('',#877,#878,#115,.F.);
#729=EDGE_CURVE('',#878,#876,#116,.F.);
#730=EDGE_CURVE('',#879,#880,#117,.F.);
#731=EDGE_CURVE('',#879,#881,#118,.F.);
#732=EDGE_CURVE('',#881,#882,#119,.F.);
#733=EDGE_CURVE('',#882,#880,#120,.F.);
#734=EDGE_CURVE('',#883,#875,#121,.F.);
#735=EDGE_CURVE('',#880,#875,#22,.T.);
#736=EDGE_CURVE('',#884,#880,#122,.F.);
#737=EDGE_CURVE('',#884,#883,#123,.F.);
#738=EDGE_CURVE('',#885,#884,#124,.F.);
#739=EDGE_CURVE('',#885,#882,#125,.F.);
#740=EDGE_CURVE('',#886,#885,#126,.F.);
#741=EDGE_CURVE('',#877,#882,#23,.T.);
#742=EDGE_CURVE('',#886,#877,#127,.F.);
#743=EDGE_CURVE('',#836,#887,#128,.F.);
#744=EDGE_CURVE('',#888,#887,#14,.F.);
#745=EDGE_CURVE('',#835,#888,#129,.F.);
#746=EDGE_CURVE('',#889,#889,#15,.F.);
#747=EDGE_CURVE('',#888,#890,#130,.F.);
#748=EDGE_CURVE('',#876,#890,#131,.F.);
#749=EDGE_CURVE('',#878,#891,#132,.F.);
#750=EDGE_CURVE('',#891,#892,#133,.F.);
#751=EDGE_CURVE('',#837,#892,#134,.F.);
#752=EDGE_CURVE('',#892,#893,#16,.T.);
#753=EDGE_CURVE('',#838,#893,#135,.F.);
#754=EDGE_CURVE('',#894,#894,#17,.T.);
#755=EDGE_CURVE('',#895,#893,#136,.F.);
#756=EDGE_CURVE('',#895,#881,#137,.F.);
#757=EDGE_CURVE('',#896,#879,#138,.F.);
#758=EDGE_CURVE('',#887,#896,#139,.F.);
#759=EDGE_CURVE('',#883,#886,#140,.F.);
#760=EDGE_CURVE('',#891,#895,#960,.F.);
#761=EDGE_CURVE('',#897,#897,#961,.F.);
#762=EDGE_CURVE('',#890,#896,#962,.F.);
#763=EDGE_CURVE('',#898,#898,#963,.F.);
#764=EDGE_CURVE('',#899,#899,#964,.F.);
#765=EDGE_CURVE('',#900,#900,#965,.F.);
#766=EDGE_CURVE('',#901,#901,#966,.F.);
#767=EDGE_CURVE('',#902,#902,#967,.F.);
#768=EDGE_CURVE('',#903,#903,#968,.F.);
#769=EDGE_CURVE('',#904,#904,#969,.F.);
#770=EDGE_CURVE('',#905,#906,#141,.F.);
#771=EDGE_CURVE('',#905,#907,#142,.F.);
#772=EDGE_CURVE('',#907,#908,#143,.F.);
#773=EDGE_CURVE('',#908,#906,#144,.F.);
#774=EDGE_CURVE('',#909,#910,#145,.F.);
#775=EDGE_CURVE('',#909,#911,#146,.F.);
#776=EDGE_CURVE('',#911,#912,#147,.F.);
#777=EDGE_CURVE('',#912,#910,#148,.F.);
#778=EDGE_CURVE('',#913,#905,#149,.F.);
#779=EDGE_CURVE('',#910,#905,#24,.T.);
#780=EDGE_CURVE('',#914,#910,#150,.F.);
#781=EDGE_CURVE('',#914,#913,#151,.F.);
#782=EDGE_CURVE('',#915,#914,#152,.F.);
#783=EDGE_CURVE('',#915,#912,#153,.F.);
#784=EDGE_CURVE('',#916,#915,#154,.F.);
#785=EDGE_CURVE('',#907,#912,#25,.T.);
#786=EDGE_CURVE('',#916,#907,#155,.F.);
#787=EDGE_CURVE('',#841,#917,#156,.F.);
#788=EDGE_CURVE('',#918,#917,#18,.F.);
#789=EDGE_CURVE('',#840,#918,#157,.F.);
#790=EDGE_CURVE('',#919,#919,#19,.F.);
#791=EDGE_CURVE('',#918,#920,#158,.F.);
#792=EDGE_CURVE('',#906,#920,#159,.F.);
#793=EDGE_CURVE('',#908,#921,#160,.F.);
#794=EDGE_CURVE('',#921,#922,#161,.F.);
#795=EDGE_CURVE('',#842,#922,#162,.F.);
#796=EDGE_CURVE('',#922,#923,#20,.T.);
#797=EDGE_CURVE('',#843,#923,#163,.F.);
#798=EDGE_CURVE('',#924,#924,#21,.T.);
#799=EDGE_CURVE('',#925,#923,#164,.F.);
#800=EDGE_CURVE('',#925,#911,#165,.F.);
#801=EDGE_CURVE('',#926,#909,#166,.F.);
#802=EDGE_CURVE('',#917,#926,#167,.F.);
#803=EDGE_CURVE('',#913,#916,#168,.F.);
#804=EDGE_CURVE('',#921,#925,#970,.F.);
#805=EDGE_CURVE('',#927,#927,#971,.F.);
#806=EDGE_CURVE('',#920,#926,#972,.F.);
#807=EDGE_CURVE('',#928,#928,#973,.F.);
#808=VERTEX_POINT('',#1852);
#809=VERTEX_POINT('',#1854);
#810=VERTEX_POINT('',#1855);
#811=VERTEX_POINT('',#1857);
#812=VERTEX_POINT('',#1859);
#813=VERTEX_POINT('',#1862);
#814=VERTEX_POINT('',#1863);
#815=VERTEX_POINT('',#1865);
#816=VERTEX_POINT('',#1867);
#817=VERTEX_POINT('',#1869);
#818=VERTEX_POINT('',#1871);
#819=VERTEX_POINT('',#1873);
#820=VERTEX_POINT('',#1875);
#821=VERTEX_POINT('',#1877);
#822=VERTEX_POINT('',#1879);
#823=VERTEX_POINT('',#1881);
#824=VERTEX_POINT('',#1883);
#825=VERTEX_POINT('',#1885);
#826=VERTEX_POINT('',#1887);
#827=VERTEX_POINT('',#1889);
#828=VERTEX_POINT('',#1891);
#829=VERTEX_POINT('',#1893);
#830=VERTEX_POINT('',#1895);
#831=VERTEX_POINT('',#1897);
#832=VERTEX_POINT('',#1899);
#833=VERTEX_POINT('',#1901);
#834=VERTEX_POINT('',#1904);
#835=VERTEX_POINT('',#1906);
#836=VERTEX_POINT('',#1907);
#837=VERTEX_POINT('',#1909);
#838=VERTEX_POINT('',#1911);
#839=VERTEX_POINT('',#1914);
#840=VERTEX_POINT('',#1916);
#841=VERTEX_POINT('',#1917);
#842=VERTEX_POINT('',#1919);
#843=VERTEX_POINT('',#1921);
#844=VERTEX_POINT('',#1925);
#845=VERTEX_POINT('',#1926);
#846=VERTEX_POINT('',#1931);
#847=VERTEX_POINT('',#1934);
#848=VERTEX_POINT('',#1937);
#849=VERTEX_POINT('',#1941);
#850=VERTEX_POINT('',#1945);
#851=VERTEX_POINT('',#1949);
#852=VERTEX_POINT('',#1953);
#853=VERTEX_POINT('',#1957);
#854=VERTEX_POINT('',#1961);
#855=VERTEX_POINT('',#1965);
#856=VERTEX_POINT('',#1969);
#857=VERTEX_POINT('',#1973);
#858=VERTEX_POINT('',#1977);
#859=VERTEX_POINT('',#1981);
#860=VERTEX_POINT('',#1985);
#861=VERTEX_POINT('',#1989);
#862=VERTEX_POINT('',#1993);
#863=VERTEX_POINT('',#1997);
#864=VERTEX_POINT('',#2001);
#865=VERTEX_POINT('',#2005);
#866=VERTEX_POINT('',#2012);
#867=VERTEX_POINT('',#2014);
#868=VERTEX_POINT('',#2018);
#869=VERTEX_POINT('',#2022);
#870=VERTEX_POINT('',#2029);
#871=VERTEX_POINT('',#2031);
#872=VERTEX_POINT('',#2036);
#873=VERTEX_POINT('',#2039);
#874=VERTEX_POINT('',#2041);
#875=VERTEX_POINT('',#2046);
#876=VERTEX_POINT('',#2047);
#877=VERTEX_POINT('',#2049);
#878=VERTEX_POINT('',#2051);
#879=VERTEX_POINT('',#2055);
#880=VERTEX_POINT('',#2056);
#881=VERTEX_POINT('',#2058);
#882=VERTEX_POINT('',#2060);
#883=VERTEX_POINT('',#2064);
#884=VERTEX_POINT('',#2070);
#885=VERTEX_POINT('',#2074);
#886=VERTEX_POINT('',#2078);
#887=VERTEX_POINT('',#2086);
#888=VERTEX_POINT('',#2088);
#889=VERTEX_POINT('',#2091);
#890=VERTEX_POINT('',#2094);
#891=VERTEX_POINT('',#2097);
#892=VERTEX_POINT('',#2099);
#893=VERTEX_POINT('',#2103);
#894=VERTEX_POINT('',#2106);
#895=VERTEX_POINT('',#2109);
#896=VERTEX_POINT('',#2112);
#897=VERTEX_POINT('',#2120);
#898=VERTEX_POINT('',#2126);
#899=VERTEX_POINT('',#2131);
#900=VERTEX_POINT('',#2134);
#901=VERTEX_POINT('',#2136);
#902=VERTEX_POINT('',#2141);
#903=VERTEX_POINT('',#2144);
#904=VERTEX_POINT('',#2146);
#905=VERTEX_POINT('',#2151);
#906=VERTEX_POINT('',#2152);
#907=VERTEX_POINT('',#2154);
#908=VERTEX_POINT('',#2156);
#909=VERTEX_POINT('',#2160);
#910=VERTEX_POINT('',#2161);
#911=VERTEX_POINT('',#2163);
#912=VERTEX_POINT('',#2165);
#913=VERTEX_POINT('',#2169);
#914=VERTEX_POINT('',#2175);
#915=VERTEX_POINT('',#2179);
#916=VERTEX_POINT('',#2183);
#917=VERTEX_POINT('',#2191);
#918=VERTEX_POINT('',#2193);
#919=VERTEX_POINT('',#2196);
#920=VERTEX_POINT('',#2199);
#921=VERTEX_POINT('',#2202);
#922=VERTEX_POINT('',#2204);
#923=VERTEX_POINT('',#2208);
#924=VERTEX_POINT('',#2211);
#925=VERTEX_POINT('',#2214);
#926=VERTEX_POINT('',#2217);
#927=VERTEX_POINT('',#2225);
#928=VERTEX_POINT('',#2231);
#929=CIRCLE('',#1332,4.5);
#930=CIRCLE('',#1333,4.4);
#931=CIRCLE('',#1334,3.5);
#932=CIRCLE('',#1335,5.);
#933=CIRCLE('',#1336,5.);
#934=CIRCLE('',#1337,5.);
#935=CIRCLE('',#1338,5.);
#936=CIRCLE('',#1339,6.6);
#937=CIRCLE('',#1340,5.);
#938=CIRCLE('',#1341,3.);
#939=CIRCLE('',#1342,114.05);
#940=CIRCLE('',#1343,9.51884386245002);
#941=CIRCLE('',#1344,4.5);
#942=CIRCLE('',#1345,4.5);
#943=CIRCLE('',#1348,4.4);
#944=CIRCLE('',#1349,4.4);
#945=CIRCLE('',#1352,3.5);
#946=CIRCLE('',#1355,5.);
#947=CIRCLE('',#1358,5.);
#948=CIRCLE('',#1362,5.);
#949=CIRCLE('',#1365,5.);
#950=CIRCLE('',#1368,6.6);
#951=CIRCLE('',#1370,5.);
#952=CIRCLE('',#1373,3.);
#953=CIRCLE('',#1375,114.05);
#954=CIRCLE('',#1378,9.51884386245002);
#955=CIRCLE('',#1386,1.55);
#956=CIRCLE('',#1387,1.55);
#957=CIRCLE('',#1391,4.5);
#958=CIRCLE('',#1393,1.55);
#959=CIRCLE('',#1394,1.55);
#960=CIRCLE('',#1412,6.00342668228178);
#961=CIRCLE('',#1414,1.9);
#962=CIRCLE('',#1417,6.00342668228178);
#963=CIRCLE('',#1419,1.9);
#964=CIRCLE('',#1423,4.5);
#965=CIRCLE('',#1425,1.55);
#966=CIRCLE('',#1426,1.55);
#967=CIRCLE('',#1430,4.5);
#968=CIRCLE('',#1432,1.55);
#969=CIRCLE('',#1433,1.55);
#970=CIRCLE('',#1451,6.00342668228178);
#971=CIRCLE('',#1453,1.9);
#972=CIRCLE('',#1456,6.00342668228178);
#973=CIRCLE('',#1458,1.9);
#974=EDGE_LOOP('',(#286));
#975=EDGE_LOOP('',(#287,#288,#289,#290));
#976=EDGE_LOOP('',(#291,#292,#293,#294,#295,#296,#297,#298,#299,#300,#301,
#302,#303,#304,#305,#306,#307,#308,#309,#310,#311));
#977=EDGE_LOOP('',(#312));
#978=EDGE_LOOP('',(#313,#314,#315,#316));
#979=EDGE_LOOP('',(#317));
#980=EDGE_LOOP('',(#318,#319,#320,#321));
#981=EDGE_LOOP('',(#322,#323,#324,#325));
#982=EDGE_LOOP('',(#326,#327,#328,#329));
#983=EDGE_LOOP('',(#330));
#984=EDGE_LOOP('',(#331,#332,#333,#334));
#985=EDGE_LOOP('',(#335,#336,#337,#338));
#986=EDGE_LOOP('',(#339,#340,#341,#342));
#987=EDGE_LOOP('',(#343,#344,#345,#346));
#988=EDGE_LOOP('',(#347,#348,#349,#350));
#989=EDGE_LOOP('',(#351,#352,#353,#354));
#990=EDGE_LOOP('',(#355,#356,#357,#358));
#991=EDGE_LOOP('',(#359,#360,#361,#362));
#992=EDGE_LOOP('',(#363,#364,#365,#366));
#993=EDGE_LOOP('',(#367,#368,#369,#370));
#994=EDGE_LOOP('',(#371,#372,#373,#374));
#995=EDGE_LOOP('',(#375,#376,#377,#378));
#996=EDGE_LOOP('',(#379,#380,#381,#382));
#997=EDGE_LOOP('',(#383,#384,#385,#386));
#998=EDGE_LOOP('',(#387,#388,#389,#390));
#999=EDGE_LOOP('',(#391,#392,#393,#394));
#1000=EDGE_LOOP('',(#395,#396,#397,#398));
#1001=EDGE_LOOP('',(#399,#400,#401,#402));
#1002=EDGE_LOOP('',(#403,#404,#405,#406));
#1003=EDGE_LOOP('',(#407,#408,#409,#410,#411,#412,#413,#414,#415,#416,#417,
#418,#419,#420,#421,#422,#423,#424,#425,#426,#427));
#1004=EDGE_LOOP('',(#428,#429,#430,#431));
#1005=EDGE_LOOP('',(#432,#433,#434,#435));
#1006=EDGE_LOOP('',(#436,#437,#438,#439));
#1007=EDGE_LOOP('',(#440,#441,#442,#443));
#1008=EDGE_LOOP('',(#444,#445,#446,#447));
#1009=EDGE_LOOP('',(#448));
#1010=EDGE_LOOP('',(#449));
#1011=EDGE_LOOP('',(#450));
#1012=EDGE_LOOP('',(#451));
#1013=EDGE_LOOP('',(#452));
#1014=EDGE_LOOP('',(#453));
#1015=EDGE_LOOP('',(#454));
#1016=EDGE_LOOP('',(#455));
#1017=EDGE_LOOP('',(#456));
#1018=EDGE_LOOP('',(#457));
#1019=EDGE_LOOP('',(#458));
#1020=EDGE_LOOP('',(#459));
#1021=EDGE_LOOP('',(#460,#461,#462,#463));
#1022=EDGE_LOOP('',(#464,#465,#466,#467));
#1023=EDGE_LOOP('',(#468,#469,#470,#471));
#1024=EDGE_LOOP('',(#472,#473,#474,#475));
#1025=EDGE_LOOP('',(#476,#477,#478,#479));
#1026=EDGE_LOOP('',(#480,#481,#482,#483));
#1027=EDGE_LOOP('',(#484));
#1028=EDGE_LOOP('',(#485,#486,#487,#488,#489,#490,#491,#492));
#1029=EDGE_LOOP('',(#493,#494,#495,#496));
#1030=EDGE_LOOP('',(#497));
#1031=EDGE_LOOP('',(#498,#499,#500,#501,#502,#503,#504,#505));
#1032=EDGE_LOOP('',(#506,#507,#508,#509));
#1033=EDGE_LOOP('',(#510,#511,#512,#513));
#1034=EDGE_LOOP('',(#514));
#1035=EDGE_LOOP('',(#515));
#1036=EDGE_LOOP('',(#516,#517,#518,#519,#520,#521));
#1037=EDGE_LOOP('',(#522));
#1038=EDGE_LOOP('',(#523,#524,#525,#526));
#1039=EDGE_LOOP('',(#527));
#1040=EDGE_LOOP('',(#528));
#1041=EDGE_LOOP('',(#529,#530,#531,#532,#533,#534));
#1042=EDGE_LOOP('',(#535));
#1043=EDGE_LOOP('',(#536,#537,#538,#539));
#1044=EDGE_LOOP('',(#540));
#1045=EDGE_LOOP('',(#541));
#1046=EDGE_LOOP('',(#542));
#1047=EDGE_LOOP('',(#543));
#1048=EDGE_LOOP('',(#544));
#1049=EDGE_LOOP('',(#545));
#1050=EDGE_LOOP('',(#546));
#1051=EDGE_LOOP('',(#547));
#1052=EDGE_LOOP('',(#548));
#1053=EDGE_LOOP('',(#549));
#1054=EDGE_LOOP('',(#550));
#1055=EDGE_LOOP('',(#551));
#1056=EDGE_LOOP('',(#552));
#1057=EDGE_LOOP('',(#553));
#1058=EDGE_LOOP('',(#554,#555,#556,#557));
#1059=EDGE_LOOP('',(#558,#559,#560,#561));
#1060=EDGE_LOOP('',(#562,#563,#564,#565));
#1061=EDGE_LOOP('',(#566,#567,#568,#569));
#1062=EDGE_LOOP('',(#570,#571,#572,#573));
#1063=EDGE_LOOP('',(#574,#575,#576,#577));
#1064=EDGE_LOOP('',(#578));
#1065=EDGE_LOOP('',(#579,#580,#581,#582,#583,#584,#585,#586));
#1066=EDGE_LOOP('',(#587,#588,#589,#590));
#1067=EDGE_LOOP('',(#591));
#1068=EDGE_LOOP('',(#592,#593,#594,#595,#596,#597,#598,#599));
#1069=EDGE_LOOP('',(#600,#601,#602,#603));
#1070=EDGE_LOOP('',(#604,#605,#606,#607));
#1071=EDGE_LOOP('',(#608));
#1072=EDGE_LOOP('',(#609));
#1073=EDGE_LOOP('',(#610,#611,#612,#613,#614,#615));
#1074=EDGE_LOOP('',(#616));
#1075=EDGE_LOOP('',(#617,#618,#619,#620));
#1076=EDGE_LOOP('',(#621));
#1077=EDGE_LOOP('',(#622));
#1078=EDGE_LOOP('',(#623,#624,#625,#626,#627,#628));
#1079=EDGE_LOOP('',(#629));
#1080=EDGE_LOOP('',(#630,#631,#632,#633));
#1081=FACE_BOUND('',#974,.T.);
#1082=FACE_BOUND('',#975,.T.);
#1083=FACE_BOUND('',#976,.T.);
#1084=FACE_BOUND('',#977,.T.);
#1085=FACE_BOUND('',#978,.T.);
#1086=FACE_BOUND('',#979,.T.);
#1087=FACE_BOUND('',#980,.T.);
#1088=FACE_BOUND('',#981,.T.);
#1089=FACE_BOUND('',#982,.T.);
#1090=FACE_BOUND('',#983,.T.);
#1091=FACE_BOUND('',#984,.T.);
#1092=FACE_BOUND('',#985,.T.);
#1093=FACE_BOUND('',#986,.T.);
#1094=FACE_BOUND('',#987,.T.);
#1095=FACE_BOUND('',#988,.T.);
#1096=FACE_BOUND('',#989,.T.);
#1097=FACE_BOUND('',#990,.T.);
#1098=FACE_BOUND('',#991,.T.);
#1099=FACE_BOUND('',#992,.T.);
#1100=FACE_BOUND('',#993,.T.);
#1101=FACE_BOUND('',#994,.T.);
#1102=FACE_BOUND('',#995,.T.);
#1103=FACE_BOUND('',#996,.T.);
#1104=FACE_BOUND('',#997,.T.);
#1105=FACE_BOUND('',#998,.T.);
#1106=FACE_BOUND('',#999,.T.);
#1107=FACE_BOUND('',#1000,.T.);
#1108=FACE_BOUND('',#1001,.T.);
#1109=FACE_BOUND('',#1002,.T.);
#1110=FACE_BOUND('',#1003,.T.);
#1111=FACE_BOUND('',#1004,.T.);
#1112=FACE_BOUND('',#1005,.T.);
#1113=FACE_BOUND('',#1006,.T.);
#1114=FACE_BOUND('',#1007,.T.);
#1115=FACE_BOUND('',#1008,.T.);
#1116=FACE_BOUND('',#1009,.T.);
#1117=FACE_BOUND('',#1010,.T.);
#1118=FACE_BOUND('',#1011,.T.);
#1119=FACE_BOUND('',#1012,.T.);
#1120=FACE_BOUND('',#1013,.T.);
#1121=FACE_BOUND('',#1014,.T.);
#1122=FACE_BOUND('',#1015,.T.);
#1123=FACE_BOUND('',#1016,.T.);
#1124=FACE_BOUND('',#1017,.T.);
#1125=FACE_BOUND('',#1018,.T.);
#1126=FACE_BOUND('',#1019,.T.);
#1127=FACE_BOUND('',#1020,.T.);
#1128=FACE_BOUND('',#1021,.T.);
#1129=FACE_BOUND('',#1022,.T.);
#1130=FACE_BOUND('',#1023,.T.);
#1131=FACE_BOUND('',#1024,.T.);
#1132=FACE_BOUND('',#1025,.T.);
#1133=FACE_BOUND('',#1026,.T.);
#1134=FACE_BOUND('',#1027,.T.);
#1135=FACE_BOUND('',#1028,.T.);
#1136=FACE_BOUND('',#1029,.T.);
#1137=FACE_BOUND('',#1030,.T.);
#1138=FACE_BOUND('',#1031,.T.);
#1139=FACE_BOUND('',#1032,.T.);
#1140=FACE_BOUND('',#1033,.T.);
#1141=FACE_BOUND('',#1034,.T.);
#1142=FACE_BOUND('',#1035,.T.);
#1143=FACE_BOUND('',#1036,.T.);
#1144=FACE_BOUND('',#1037,.T.);
#1145=FACE_BOUND('',#1038,.T.);
#1146=FACE_BOUND('',#1039,.T.);
#1147=FACE_BOUND('',#1040,.T.);
#1148=FACE_BOUND('',#1041,.T.);
#1149=FACE_BOUND('',#1042,.T.);
#1150=FACE_BOUND('',#1043,.T.);
#1151=FACE_BOUND('',#1044,.T.);
#1152=FACE_BOUND('',#1045,.T.);
#1153=FACE_BOUND('',#1046,.T.);
#1154=FACE_BOUND('',#1047,.T.);
#1155=FACE_BOUND('',#1048,.T.);
#1156=FACE_BOUND('',#1049,.T.);
#1157=FACE_BOUND('',#1050,.T.);
#1158=FACE_BOUND('',#1051,.T.);
#1159=FACE_BOUND('',#1052,.T.);
#1160=FACE_BOUND('',#1053,.T.);
#1161=FACE_BOUND('',#1054,.T.);
#1162=FACE_BOUND('',#1055,.T.);
#1163=FACE_BOUND('',#1056,.T.);
#1164=FACE_BOUND('',#1057,.T.);
#1165=FACE_BOUND('',#1058,.T.);
#1166=FACE_BOUND('',#1059,.T.);
#1167=FACE_BOUND('',#1060,.T.);
#1168=FACE_BOUND('',#1061,.T.);
#1169=FACE_BOUND('',#1062,.T.);
#1170=FACE_BOUND('',#1063,.T.);
#1171=FACE_BOUND('',#1064,.T.);
#1172=FACE_BOUND('',#1065,.T.);
#1173=FACE_BOUND('',#1066,.T.);
#1174=FACE_BOUND('',#1067,.T.);
#1175=FACE_BOUND('',#1068,.T.);
#1176=FACE_BOUND('',#1069,.T.);
#1177=FACE_BOUND('',#1070,.T.);
#1178=FACE_BOUND('',#1071,.T.);
#1179=FACE_BOUND('',#1072,.T.);
#1180=FACE_BOUND('',#1073,.T.);
#1181=FACE_BOUND('',#1074,.T.);
#1182=FACE_BOUND('',#1075,.T.);
#1183=FACE_BOUND('',#1076,.T.);
#1184=FACE_BOUND('',#1077,.T.);
#1185=FACE_BOUND('',#1078,.T.);
#1186=FACE_BOUND('',#1079,.T.);
#1187=FACE_BOUND('',#1080,.T.);
#1188=PLANE('',#1331);
#1189=PLANE('',#1346);
#1190=PLANE('',#1350);
#1191=PLANE('',#1353);
#1192=PLANE('',#1356);
#1193=PLANE('',#1359);
#1194=PLANE('',#1360);
#1195=PLANE('',#1363);
#1196=PLANE('',#1366);
#1197=PLANE('',#1371);
#1198=PLANE('',#1376);
#1199=PLANE('',#1379);
#1200=PLANE('',#1380);
#1201=PLANE('',#1381);
#1202=PLANE('',#1382);
#1203=PLANE('',#1383);
#1204=PLANE('',#1384);
#1205=PLANE('',#1388);
#1206=PLANE('',#1389);
#1207=PLANE('',#1395);
#1208=PLANE('',#1396);
#1209=PLANE('',#1397);
#1210=PLANE('',#1398);
#1211=PLANE('',#1399);
#1212=PLANE('',#1400);
#1213=PLANE('',#1401);
#1214=PLANE('',#1402);
#1215=PLANE('',#1405);
#1216=PLANE('',#1406);
#1217=PLANE('',#1409);
#1218=PLANE('',#1410);
#1219=PLANE('',#1415);
#1220=PLANE('',#1420);
#1221=PLANE('',#1421);
#1222=PLANE('',#1427);
#1223=PLANE('',#1428);
#1224=PLANE('',#1434);
#1225=PLANE('',#1435);
#1226=PLANE('',#1436);
#1227=PLANE('',#1437);
#1228=PLANE('',#1438);
#1229=PLANE('',#1439);
#1230=PLANE('',#1440);
#1231=PLANE('',#1441);
#1232=PLANE('',#1444);
#1233=PLANE('',#1445);
#1234=PLANE('',#1448);
#1235=PLANE('',#1449);
#1236=PLANE('',#1454);
#1237=PLANE('',#1459);
#1238=PLANE('',#1460);
#1239=PLANE('DATUM_PLANE(4)',#1462);
#1240=PLANE('DATUM_PLANE(7)',#1463);
#1241=ADVANCED_FACE('',(#1081,#1082,#1083,#1084,#1085,#1086,#1087),#1188,
 .F.);
#1242=ADVANCED_FACE('',(#1088),#1189,.T.);
#1243=ADVANCED_FACE('',(#1089,#1090),#26,.T.);
#1244=ADVANCED_FACE('',(#1091),#1190,.T.);
#1245=ADVANCED_FACE('',(#1092),#27,.T.);
#1246=ADVANCED_FACE('',(#1093),#1191,.T.);
#1247=ADVANCED_FACE('',(#1094),#28,.F.);
#1248=ADVANCED_FACE('',(#1095),#1192,.T.);
#1249=ADVANCED_FACE('',(#1096),#29,.F.);
#1250=ADVANCED_FACE('',(#1097),#1193,.T.);
#1251=ADVANCED_FACE('',(#1098),#1194,.T.);
#1252=ADVANCED_FACE('',(#1099),#30,.T.);
#1253=ADVANCED_FACE('',(#1100),#1195,.T.);
#1254=ADVANCED_FACE('',(#1101),#31,.T.);
#1255=ADVANCED_FACE('',(#1102),#1196,.T.);
#1256=ADVANCED_FACE('',(#1103),#32,.F.);
#1257=ADVANCED_FACE('',(#1104),#33,.T.);
#1258=ADVANCED_FACE('',(#1105),#1197,.T.);
#1259=ADVANCED_FACE('',(#1106),#34,.T.);
#1260=ADVANCED_FACE('',(#1107),#35,.T.);
#1261=ADVANCED_FACE('',(#1108),#1198,.T.);
#1262=ADVANCED_FACE('',(#1109),#36,.F.);
#1263=ADVANCED_FACE('',(#1110),#1199,.T.);
#1264=ADVANCED_FACE('',(#1111),#1200,.F.);
#1265=ADVANCED_FACE('',(#1112),#1201,.F.);
#1266=ADVANCED_FACE('',(#1113),#1202,.F.);
#1267=ADVANCED_FACE('',(#1114),#1203,.F.);
#1268=ADVANCED_FACE('',(#1115),#1204,.T.);
#1269=ADVANCED_FACE('',(#1116,#1117),#37,.F.);
#1270=ADVANCED_FACE('',(#1118,#1119),#1205,.T.);
#1271=ADVANCED_FACE('',(#1120),#1206,.F.);
#1272=ADVANCED_FACE('',(#1121,#1122),#38,.T.);
#1273=ADVANCED_FACE('',(#1123,#1124),#39,.F.);
#1274=ADVANCED_FACE('',(#1125,#1126),#1207,.T.);
#1275=ADVANCED_FACE('',(#1127),#1208,.F.);
#1276=ADVANCED_FACE('',(#1128),#1209,.T.);
#1277=ADVANCED_FACE('',(#1129),#1210,.T.);
#1278=ADVANCED_FACE('',(#1130),#1211,.F.);
#1279=ADVANCED_FACE('',(#1131),#1212,.F.);
#1280=ADVANCED_FACE('',(#1132),#1213,.F.);
#1281=ADVANCED_FACE('',(#1133,#1134),#1214,.F.);
#1282=ADVANCED_FACE('',(#1135),#1215,.F.);
#1283=ADVANCED_FACE('',(#1136,#1137),#1216,.F.);
#1284=ADVANCED_FACE('',(#1138),#1217,.F.);
#1285=ADVANCED_FACE('',(#1139),#1218,.F.);
#1286=ADVANCED_FACE('',(#1140),#40,.T.);
#1287=ADVANCED_FACE('',(#1141,#1142),#41,.F.);
#1288=ADVANCED_FACE('',(#1143,#1144),#1219,.F.);
#1289=ADVANCED_FACE('',(#1145),#42,.T.);
#1290=ADVANCED_FACE('',(#1146,#1147),#43,.F.);
#1291=ADVANCED_FACE('',(#1148,#1149),#1220,.T.);
#1292=ADVANCED_FACE('',(#1150),#1221,.F.);
#1293=ADVANCED_FACE('',(#1151,#1152),#44,.T.);
#1294=ADVANCED_FACE('',(#1153,#1154),#45,.F.);
#1295=ADVANCED_FACE('',(#1155,#1156),#1222,.F.);
#1296=ADVANCED_FACE('',(#1157),#1223,.F.);
#1297=ADVANCED_FACE('',(#1158,#1159),#46,.T.);
#1298=ADVANCED_FACE('',(#1160,#1161),#47,.F.);
#1299=ADVANCED_FACE('',(#1162,#1163),#1224,.T.);
#1300=ADVANCED_FACE('',(#1164),#1225,.F.);
#1301=ADVANCED_FACE('',(#1165),#1226,.T.);
#1302=ADVANCED_FACE('',(#1166),#1227,.T.);
#1303=ADVANCED_FACE('',(#1167),#1228,.F.);
#1304=ADVANCED_FACE('',(#1168),#1229,.F.);
#1305=ADVANCED_FACE('',(#1169),#1230,.F.);
#1306=ADVANCED_FACE('',(#1170,#1171),#1231,.F.);
#1307=ADVANCED_FACE('',(#1172),#1232,.F.);
#1308=ADVANCED_FACE('',(#1173,#1174),#1233,.F.);
#1309=ADVANCED_FACE('',(#1175),#1234,.F.);
#1310=ADVANCED_FACE('',(#1176),#1235,.F.);
#1311=ADVANCED_FACE('',(#1177),#48,.T.);
#1312=ADVANCED_FACE('',(#1178,#1179),#49,.F.);
#1313=ADVANCED_FACE('',(#1180,#1181),#1236,.F.);
#1314=ADVANCED_FACE('',(#1182),#50,.T.);
#1315=ADVANCED_FACE('',(#1183,#1184),#51,.F.);
#1316=ADVANCED_FACE('',(#1185,#1186),#1237,.T.);
#1317=ADVANCED_FACE('',(#1187),#1238,.F.);
#1318=CLOSED_SHELL('',(#1241,#1242,#1243,#1244,#1245,#1246,#1247,#1248,
#1249,#1250,#1251,#1252,#1253,#1254,#1255,#1256,#1257,#1258,#1259,#1260,
#1261,#1262,#1263,#1264,#1265,#1266,#1267,#1268,#1269,#1270,#1271,#1272,
#1273,#1274,#1275,#1276,#1277,#1278,#1279,#1280,#1281,#1282,#1283,#1284,
#1285,#1286,#1287,#1288,#1289,#1290,#1291,#1292,#1293,#1294,#1295,#1296,
#1297,#1298,#1299,#1300,#1301,#1302,#1303,#1304,#1305,#1306,#1307,#1308,
#1309,#1310,#1311,#1312,#1313,#1314,#1315,#1316,#1317));
#1319=STYLED_ITEM('',(#1320),#1327);
#1320=PRESENTATION_STYLE_ASSIGNMENT((#1321));
#1321=SURFACE_STYLE_USAGE(.BOTH.,#1322);
#1322=SURFACE_SIDE_STYLE('',(#1323));
#1323=SURFACE_STYLE_FILL_AREA(#1324);
#1324=FILL_AREA_STYLE('',(#1325));
#1325=FILL_AREA_STYLE_COLOUR('',#1326);
#1326=COLOUR_RGB('',0.611764705882353,0.658823529411765,0.670588235294118);
#1327=MANIFOLD_SOLID_BREP('Body (9)',#1318);
#1328=SHAPE_DEFINITION_REPRESENTATION(#2243,#1329);
#1329=SHAPE_REPRESENTATION('M01L-03',(#1330),#2238);
#1330=AXIS2_PLACEMENT_3D('',#1849,#1464,#1465);
#1331=AXIS2_PLACEMENT_3D('',#1850,#1466,#1467);
#1332=AXIS2_PLACEMENT_3D('',#1851,#1468,#1469);
#1333=AXIS2_PLACEMENT_3D('',#1861,#1474,#1475);
#1334=AXIS2_PLACEMENT_3D('',#1866,#1477,#1478);
#1335=AXIS2_PLACEMENT_3D('',#1870,#1480,#1481);
#1336=AXIS2_PLACEMENT_3D('',#1874,#1483,#1484);
#1337=AXIS2_PLACEMENT_3D('',#1880,#1487,#1488);
#1338=AXIS2_PLACEMENT_3D('',#1884,#1490,#1491);
#1339=AXIS2_PLACEMENT_3D('',#1888,#1493,#1494);
#1340=AXIS2_PLACEMENT_3D('',#1890,#1495,#1496);
#1341=AXIS2_PLACEMENT_3D('',#1894,#1498,#1499);
#1342=AXIS2_PLACEMENT_3D('',#1896,#1500,#1501);
#1343=AXIS2_PLACEMENT_3D('',#1900,#1503,#1504);
#1344=AXIS2_PLACEMENT_3D('',#1903,#1506,#1507);
#1345=AXIS2_PLACEMENT_3D('',#1913,#1512,#1513);
#1346=AXIS2_PLACEMENT_3D('',#1923,#1518,#1519);
#1347=AXIS2_PLACEMENT_3D('',#1929,#1523,#1524);
#1348=AXIS2_PLACEMENT_3D('',#1930,#1525,#1526);
#1349=AXIS2_PLACEMENT_3D('',#1933,#1528,#1529);
#1350=AXIS2_PLACEMENT_3D('',#1935,#1530,#1531);
#1351=AXIS2_PLACEMENT_3D('',#1939,#1534,#1535);
#1352=AXIS2_PLACEMENT_3D('',#1940,#1536,#1537);
#1353=AXIS2_PLACEMENT_3D('',#1943,#1539,#1540);
#1354=AXIS2_PLACEMENT_3D('',#1947,#1543,#1544);
#1355=AXIS2_PLACEMENT_3D('',#1948,#1545,#1546);
#1356=AXIS2_PLACEMENT_3D('',#1951,#1548,#1549);
#1357=AXIS2_PLACEMENT_3D('',#1955,#1552,#1553);
#1358=AXIS2_PLACEMENT_3D('',#1956,#1554,#1555);
#1359=AXIS2_PLACEMENT_3D('',#1959,#1557,#1558);
#1360=AXIS2_PLACEMENT_3D('',#1963,#1561,#1562);
#1361=AXIS2_PLACEMENT_3D('',#1967,#1565,#1566);
#1362=AXIS2_PLACEMENT_3D('',#1968,#1567,#1568);
#1363=AXIS2_PLACEMENT_3D('',#1971,#1570,#1571);
#1364=AXIS2_PLACEMENT_3D('',#1975,#1574,#1575);
#1365=AXIS2_PLACEMENT_3D('',#1976,#1576,#1577);
#1366=AXIS2_PLACEMENT_3D('',#1979,#1579,#1580);
#1367=AXIS2_PLACEMENT_3D('',#1983,#1583,#1584);
#1368=AXIS2_PLACEMENT_3D('',#1984,#1585,#1586);
#1369=AXIS2_PLACEMENT_3D('',#1987,#1588,#1589);
#1370=AXIS2_PLACEMENT_3D('',#1988,#1590,#1591);
#1371=AXIS2_PLACEMENT_3D('',#1991,#1593,#1594);
#1372=AXIS2_PLACEMENT_3D('',#1995,#1597,#1598);
#1373=AXIS2_PLACEMENT_3D('',#1996,#1599,#1600);
#1374=AXIS2_PLACEMENT_3D('',#1999,#1602,#1603);
#1375=AXIS2_PLACEMENT_3D('',#2000,#1604,#1605);
#1376=AXIS2_PLACEMENT_3D('',#2003,#1607,#1608);
#1377=AXIS2_PLACEMENT_3D('',#2007,#1611,#1612);
#1378=AXIS2_PLACEMENT_3D('',#2008,#1613,#1614);
#1379=AXIS2_PLACEMENT_3D('',#2009,#1615,#1616);
#1380=AXIS2_PLACEMENT_3D('',#2010,#1617,#1618);
#1381=AXIS2_PLACEMENT_3D('',#2016,#1622,#1623);
#1382=AXIS2_PLACEMENT_3D('',#2020,#1626,#1627);
#1383=AXIS2_PLACEMENT_3D('',#2024,#1630,#1631);
#1384=AXIS2_PLACEMENT_3D('',#2026,#1633,#1634);
#1385=AXIS2_PLACEMENT_3D('',#2027,#1635,#1636);
#1386=AXIS2_PLACEMENT_3D('',#2028,#1637,#1638);
#1387=AXIS2_PLACEMENT_3D('',#2030,#1639,#1640);
#1388=AXIS2_PLACEMENT_3D('',#2032,#1641,#1642);
#1389=AXIS2_PLACEMENT_3D('',#2033,#1643,#1644);
#1390=AXIS2_PLACEMENT_3D('',#2034,#1645,#1646);
#1391=AXIS2_PLACEMENT_3D('',#2035,#1647,#1648);
#1392=AXIS2_PLACEMENT_3D('',#2037,#1649,#1650);
#1393=AXIS2_PLACEMENT_3D('',#2038,#1651,#1652);
#1394=AXIS2_PLACEMENT_3D('',#2040,#1653,#1654);
#1395=AXIS2_PLACEMENT_3D('',#2042,#1655,#1656);
#1396=AXIS2_PLACEMENT_3D('',#2043,#1657,#1658);
#1397=AXIS2_PLACEMENT_3D('',#2044,#1659,#1660);
#1398=AXIS2_PLACEMENT_3D('',#2053,#1665,#1666);
#1399=AXIS2_PLACEMENT_3D('',#2062,#1671,#1672);
#1400=AXIS2_PLACEMENT_3D('',#2072,#1676,#1677);
#1401=AXIS2_PLACEMENT_3D('',#2076,#1680,#1681);
#1402=AXIS2_PLACEMENT_3D('',#2084,#1684,#1685);
#1403=AXIS2_PLACEMENT_3D('',#2087,#1687,#1688);
#1404=AXIS2_PLACEMENT_3D('',#2090,#1690,#1691);
#1405=AXIS2_PLACEMENT_3D('',#2092,#1692,#1693);
#1406=AXIS2_PLACEMENT_3D('',#2101,#1699,#1700);
#1407=AXIS2_PLACEMENT_3D('',#2102,#1701,#1702);
#1408=AXIS2_PLACEMENT_3D('',#2105,#1704,#1705);
#1409=AXIS2_PLACEMENT_3D('',#2107,#1706,#1707);
#1410=AXIS2_PLACEMENT_3D('',#2114,#1712,#1713);
#1411=AXIS2_PLACEMENT_3D('',#2116,#1715,#1716);
#1412=AXIS2_PLACEMENT_3D('',#2117,#1717,#1718);
#1413=AXIS2_PLACEMENT_3D('',#2118,#1719,#1720);
#1414=AXIS2_PLACEMENT_3D('',#2119,#1721,#1722);
#1415=AXIS2_PLACEMENT_3D('',#2121,#1723,#1724);
#1416=AXIS2_PLACEMENT_3D('',#2122,#1725,#1726);
#1417=AXIS2_PLACEMENT_3D('',#2123,#1727,#1728);
#1418=AXIS2_PLACEMENT_3D('',#2124,#1729,#1730);
#1419=AXIS2_PLACEMENT_3D('',#2125,#1731,#1732);
#1420=AXIS2_PLACEMENT_3D('',#2127,#1733,#1734);
#1421=AXIS2_PLACEMENT_3D('',#2128,#1735,#1736);
#1422=AXIS2_PLACEMENT_3D('',#2129,#1737,#1738);
#1423=AXIS2_PLACEMENT_3D('',#2130,#1739,#1740);
#1424=AXIS2_PLACEMENT_3D('',#2132,#1741,#1742);
#1425=AXIS2_PLACEMENT_3D('',#2133,#1743,#1744);
#1426=AXIS2_PLACEMENT_3D('',#2135,#1745,#1746);
#1427=AXIS2_PLACEMENT_3D('',#2137,#1747,#1748);
#1428=AXIS2_PLACEMENT_3D('',#2138,#1749,#1750);
#1429=AXIS2_PLACEMENT_3D('',#2139,#1751,#1752);
#1430=AXIS2_PLACEMENT_3D('',#2140,#1753,#1754);
#1431=AXIS2_PLACEMENT_3D('',#2142,#1755,#1756);
#1432=AXIS2_PLACEMENT_3D('',#2143,#1757,#1758);
#1433=AXIS2_PLACEMENT_3D('',#2145,#1759,#1760);
#1434=AXIS2_PLACEMENT_3D('',#2147,#1761,#1762);
#1435=AXIS2_PLACEMENT_3D('',#2148,#1763,#1764);
#1436=AXIS2_PLACEMENT_3D('',#2149,#1765,#1766);
#1437=AXIS2_PLACEMENT_3D('',#2158,#1771,#1772);
#1438=AXIS2_PLACEMENT_3D('',#2167,#1777,#1778);
#1439=AXIS2_PLACEMENT_3D('',#2177,#1782,#1783);
#1440=AXIS2_PLACEMENT_3D('',#2181,#1786,#1787);
#1441=AXIS2_PLACEMENT_3D('',#2189,#1790,#1791);
#1442=AXIS2_PLACEMENT_3D('',#2192,#1793,#1794);
#1443=AXIS2_PLACEMENT_3D('',#2195,#1796,#1797);
#1444=AXIS2_PLACEMENT_3D('',#2197,#1798,#1799);
#1445=AXIS2_PLACEMENT_3D('',#2206,#1805,#1806);
#1446=AXIS2_PLACEMENT_3D('',#2207,#1807,#1808);
#1447=AXIS2_PLACEMENT_3D('',#2210,#1810,#1811);
#1448=AXIS2_PLACEMENT_3D('',#2212,#1812,#1813);
#1449=AXIS2_PLACEMENT_3D('',#2219,#1818,#1819);
#1450=AXIS2_PLACEMENT_3D('',#2221,#1821,#1822);
#1451=AXIS2_PLACEMENT_3D('',#2222,#1823,#1824);
#1452=AXIS2_PLACEMENT_3D('',#2223,#1825,#1826);
#1453=AXIS2_PLACEMENT_3D('',#2224,#1827,#1828);
#1454=AXIS2_PLACEMENT_3D('',#2226,#1829,#1830);
#1455=AXIS2_PLACEMENT_3D('',#2227,#1831,#1832);
#1456=AXIS2_PLACEMENT_3D('',#2228,#1833,#1834);
#1457=AXIS2_PLACEMENT_3D('',#2229,#1835,#1836);
#1458=AXIS2_PLACEMENT_3D('',#2230,#1837,#1838);
#1459=AXIS2_PLACEMENT_3D('',#2232,#1839,#1840);
#1460=AXIS2_PLACEMENT_3D('',#2233,#1841,#1842);
#1461=AXIS2_PLACEMENT_3D('DATUM_CSYS(0)',#2234,#1843,#1844);
#1462=AXIS2_PLACEMENT_3D('',#2235,#1845,#1846);
#1463=AXIS2_PLACEMENT_3D('',#2236,#1847,#1848);
#1464=DIRECTION('',(0.,0.,1.));
#1465=DIRECTION('',(1.,0.,0.));
#1466=DIRECTION('',(-2.09608290977327E-18,1.11034322578785E-16,1.));
#1467=DIRECTION('',(-0.999940541632226,0.0109047329289864,-3.30675791377731E-18));
#1468=DIRECTION('',(2.09608290977327E-18,-1.11034322578785E-16,-1.));
#1469=DIRECTION('',(-0.871989661335022,0.489524290025362,-5.61817605554498E-17));
#1470=DIRECTION('',(-0.999824111170872,-0.0187549119266862,-1.32752914001525E-20));
#1471=DIRECTION('',(0.0187549119266847,-0.999824111170871,1.11054104732157E-16));
#1472=DIRECTION('',(0.999824111170872,0.018754911926683,1.3275291400503E-20));
#1473=DIRECTION('',(-0.0187549119266847,0.999824111170871,-1.11054104732157E-16));
#1474=DIRECTION('',(-2.09608290977327E-18,1.11034322578785E-16,1.));
#1475=DIRECTION('',(0.999940541632226,-0.0109047329289864,3.30675791377731E-18));
#1476=DIRECTION('',(-0.999979315564308,0.00643183049672707,-2.81019349562678E-18));
#1477=DIRECTION('',(2.09608290977327E-18,-1.11034322578785E-16,-1.));
#1478=DIRECTION('',(-0.999940541632226,0.0109047329289864,-3.30675791377731E-18));
#1479=DIRECTION('',(-0.50369870839639,0.863879396188964,-9.69760577999555E-17));
#1480=DIRECTION('',(-2.09608290977327E-18,1.11034322578785E-16,1.));
#1481=DIRECTION('',(-0.999940541632226,0.0109047329289866,-3.30675791377732E-18));
#1482=DIRECTION('',(-0.999979315564308,0.00643183049672701,-2.81019349562677E-18));
#1483=DIRECTION('',(-2.09608290977327E-18,1.11034322578785E-16,1.));
#1484=DIRECTION('',(-0.999940541632226,0.0109047329289866,-3.30675791377732E-18));
#1485=DIRECTION('',(-0.0149380093470651,-0.999888421713516,1.10990622253232E-16));
#1486=DIRECTION('',(-0.999979315564308,0.00643183049672706,-2.81019349562678E-18));
#1487=DIRECTION('',(2.09608290977327E-18,-1.11034322578785E-16,-1.));
#1488=DIRECTION('',(-0.999940541632226,0.0109047329289864,-3.30675791377731E-18));
#1489=DIRECTION('',(0.0149380093470653,0.999888421713517,-1.10990622253232E-16));
#1490=DIRECTION('',(2.09608290977327E-18,-1.11034322578785E-16,-1.));
#1491=DIRECTION('',(-0.781130995313684,-0.624367174153362,6.76888708929773E-17));
#1492=DIRECTION('',(0.999824111170872,0.0187549119266876,1.32752913999968E-20));
#1493=DIRECTION('',(-2.09608290977327E-18,1.11034322578785E-16,1.));
#1494=DIRECTION('',(0.622910079763817,0.78229344400208,-8.55557514400769E-17));
#1495=DIRECTION('',(2.09608290977327E-18,-1.11034322578785E-16,-1.));
#1496=DIRECTION('',(-0.999940541632226,0.0109047329289864,-3.30675791377731E-18));
#1497=DIRECTION('',(0.999979315564308,-0.00643183049672727,2.8101934956268E-18));
#1498=DIRECTION('',(2.09608290977327E-18,-1.11034322578785E-16,-1.));
#1499=DIRECTION('',(-0.999940541632226,0.0109047329289864,-3.30675791377731E-18));
#1500=DIRECTION('',(2.09608290977327E-18,-1.11034322578785E-16,-1.));
#1501=DIRECTION('',(-0.999940541632226,0.0109047329289864,-3.30675791377731E-18));
#1502=DIRECTION('',(0.162898787296729,-0.986642784951704,1.09892662618433E-16));
#1503=DIRECTION('',(-2.09608290977327E-18,1.11034322578785E-16,1.));
#1504=DIRECTION('',(-0.999940541632226,0.0109047329289866,-3.30675791377732E-18));
#1505=DIRECTION('',(0.759260505131304,-0.650786820201329,7.38511466931274E-17));
#1506=DIRECTION('',(2.09608290977327E-18,-1.11034322578785E-16,-1.));
#1507=DIRECTION('',(-0.999940541632226,0.0109047329289864,-3.30675791377731E-18));
#1508=DIRECTION('',(0.0119060374124209,0.999929120624624,-1.11001496493812E-16));
#1509=DIRECTION('',(-0.999940541632226,0.0109047329289864,-3.30675791377731E-18));
#1510=DIRECTION('',(-0.0119060374124209,-0.999929120624624,1.11001496493812E-16));
#1511=DIRECTION('',(0.999940541632226,-0.0109047329289864,3.30675791377731E-18));
#1512=DIRECTION('',(2.09608290977327E-18,-1.11034322578785E-16,-1.));
#1513=DIRECTION('',(-0.999940541632226,0.0109047329289864,-3.30675791377731E-18));
#1514=DIRECTION('',(0.0119060374124209,0.999929120624624,-1.11001496493812E-16));
#1515=DIRECTION('',(-0.999940541632226,0.0109047329289864,-3.30675791377731E-18));
#1516=DIRECTION('',(-0.0119060374124209,-0.999929120624624,1.11001496493812E-16));
#1517=DIRECTION('',(0.999940541632226,-0.0109047329289864,3.30675791377731E-18));
#1518=DIRECTION('',(0.65078682020133,0.759260505131304,-8.29398727163503E-17));
#1519=DIRECTION('',(0.759260505131304,-0.650786820201329,7.38511466931274E-17));
#1520=DIRECTION('',(0.759260505131304,-0.650786820201329,7.38511466931274E-17));
#1521=DIRECTION('',(-2.09608290977327E-18,1.11034322578785E-16,1.));
#1522=DIRECTION('',(-2.09608290977327E-18,1.11034322578785E-16,1.));
#1523=DIRECTION('',(-2.09608290977327E-18,1.11034322578785E-16,1.));
#1524=DIRECTION('',(-0.999940541632226,0.0109047329289864,-3.30675791377731E-18));
#1525=DIRECTION('',(2.09608290977327E-18,-1.11034322578785E-16,-1.));
#1526=DIRECTION('',(0.351602312859608,0.936149461139499,-1.03207733651097E-16));
#1527=DIRECTION('',(-2.09608290977327E-18,1.11034322578785E-16,1.));
#1528=DIRECTION('',(-2.09608290977327E-18,1.11034322578785E-16,1.));
#1529=DIRECTION('',(0.999940541632226,-0.0109047329289864,3.30675791377731E-18));
#1530=DIRECTION('',(-0.00643183049672707,-0.999979315564308,1.11018544246497E-16));
#1531=DIRECTION('',(-0.999979315564308,0.00643183049672707,-2.81019349562678E-18));
#1532=DIRECTION('',(-0.999979315564308,0.00643183049672707,-2.81019349562678E-18));
#1533=DIRECTION('',(-2.09608290977327E-18,1.11034322578785E-16,1.));
#1534=DIRECTION('',(-2.09608290977327E-18,1.11034322578785E-16,1.));
#1535=DIRECTION('',(-0.999940541632226,0.0109047329289864,-3.30675791377731E-18));
#1536=DIRECTION('',(2.09608290977327E-18,-1.11034322578785E-16,-1.));
#1537=DIRECTION('',(-0.999940541632226,0.0109047329289864,-3.30675791377731E-18));
#1538=DIRECTION('',(-2.09608290977327E-18,1.11034322578785E-16,1.));
#1539=DIRECTION('',(-0.863879396188964,-0.50369870839639,5.41170820321449E-17));
#1540=DIRECTION('',(-0.50369870839639,0.863879396188964,-9.69760577999555E-17));
#1541=DIRECTION('',(-0.50369870839639,0.863879396188964,-9.69760577999555E-17));
#1542=DIRECTION('',(-2.09608290977327E-18,1.11034322578785E-16,1.));
#1543=DIRECTION('',(-2.09608290977327E-18,1.11034322578785E-16,1.));
#1544=DIRECTION('',(-0.999940541632226,0.0109047329289864,-3.30675791377731E-18));
#1545=DIRECTION('',(-2.09608290977327E-18,1.11034322578785E-16,1.));
#1546=DIRECTION('',(-0.999940541632226,0.0109047329289866,-3.30675791377732E-18));
#1547=DIRECTION('',(-2.09608290977327E-18,1.11034322578785E-16,1.));
#1548=DIRECTION('',(-0.00643183049672701,-0.999979315564308,1.11018544246497E-16));
#1549=DIRECTION('',(-0.999979315564308,0.00643183049672702,-2.81019349562677E-18));
#1550=DIRECTION('',(-0.999979315564308,0.00643183049672701,-2.81019349562677E-18));
#1551=DIRECTION('',(-2.09608290977327E-18,1.11034322578785E-16,1.));
#1552=DIRECTION('',(-2.09608290977327E-18,1.11034322578785E-16,1.));
#1553=DIRECTION('',(-0.999940541632226,0.0109047329289864,-3.30675791377731E-18));
#1554=DIRECTION('',(-2.09608290977327E-18,1.11034322578785E-16,1.));
#1555=DIRECTION('',(-0.999940541632226,0.0109047329289866,-3.30675791377732E-18));
#1556=DIRECTION('',(-2.09608290977327E-18,1.11034322578785E-16,1.));
#1557=DIRECTION('',(0.999888421713517,-0.0149380093470651,3.7544807809608E-18));
#1558=DIRECTION('',(-0.0149380093470651,-0.999888421713517,1.10990622253232E-16));
#1559=DIRECTION('',(-0.0149380093470651,-0.999888421713516,1.10990622253232E-16));
#1560=DIRECTION('',(-2.09608290977327E-18,1.11034322578785E-16,1.));
#1561=DIRECTION('',(-0.00643183049672706,-0.999979315564308,1.11018544246497E-16));
#1562=DIRECTION('',(-0.999979315564308,0.00643183049672706,-2.81019349562678E-18));
#1563=DIRECTION('',(-0.999979315564308,0.00643183049672706,-2.81019349562678E-18));
#1564=DIRECTION('',(-2.09608290977327E-18,1.11034322578785E-16,1.));
#1565=DIRECTION('',(-2.09608290977327E-18,1.11034322578785E-16,1.));
#1566=DIRECTION('',(-0.999940541632226,0.0109047329289864,-3.30675791377731E-18));
#1567=DIRECTION('',(2.09608290977327E-18,-1.11034322578785E-16,-1.));
#1568=DIRECTION('',(-0.999940541632226,0.0109047329289864,-3.30675791377731E-18));
#1569=DIRECTION('',(-2.09608290977327E-18,1.11034322578785E-16,1.));
#1570=DIRECTION('',(-0.999888421713517,0.0149380093470653,-3.75448078096082E-18));
#1571=DIRECTION('',(0.0149380093470653,0.999888421713517,-1.10990622253232E-16));
#1572=DIRECTION('',(0.0149380093470653,0.999888421713517,-1.10990622253232E-16));
#1573=DIRECTION('',(-2.09608290977327E-18,1.11034322578785E-16,1.));
#1574=DIRECTION('',(-2.09608290977327E-18,1.11034322578785E-16,1.));
#1575=DIRECTION('',(-0.999940541632226,0.0109047329289864,-3.30675791377731E-18));
#1576=DIRECTION('',(2.09608290977327E-18,-1.11034322578785E-16,-1.));
#1577=DIRECTION('',(-0.781130995313684,-0.624367174153362,6.76888708929773E-17));
#1578=DIRECTION('',(-2.09608290977327E-18,1.11034322578785E-16,1.));
#1579=DIRECTION('',(-0.0187549119266876,0.999824111170871,-1.11054104732157E-16));
#1580=DIRECTION('',(0.999824111170872,0.0187549119266876,1.32752913999972E-20));
#1581=DIRECTION('',(0.999824111170872,0.0187549119266876,1.32752913999968E-20));
#1582=DIRECTION('',(-2.09608290977327E-18,1.11034322578785E-16,1.));
#1583=DIRECTION('',(-2.09608290977327E-18,1.11034322578785E-16,1.));
#1584=DIRECTION('',(-0.999940541632226,0.0109047329289864,-3.30675791377731E-18));
#1585=DIRECTION('',(-2.09608290977327E-18,1.11034322578785E-16,1.));
#1586=DIRECTION('',(0.622910079763817,0.78229344400208,-8.55557514400769E-17));
#1587=DIRECTION('',(-2.09608290977327E-18,1.11034322578785E-16,1.));
#1588=DIRECTION('',(-2.09608290977327E-18,1.11034322578785E-16,1.));
#1589=DIRECTION('',(-0.999940541632226,0.0109047329289864,-3.30675791377731E-18));
#1590=DIRECTION('',(2.09608290977327E-18,-1.11034322578785E-16,-1.));
#1591=DIRECTION('',(-0.999940541632226,0.0109047329289864,-3.30675791377731E-18));
#1592=DIRECTION('',(-2.09608290977327E-18,1.11034322578785E-16,1.));
#1593=DIRECTION('',(0.00643183049672727,0.999979315564308,-1.11018544246497E-16));
#1594=DIRECTION('',(0.999979315564308,-0.00643183049672727,2.8101934956268E-18));
#1595=DIRECTION('',(0.999979315564308,-0.00643183049672727,2.8101934956268E-18));
#1596=DIRECTION('',(-2.09608290977327E-18,1.11034322578785E-16,1.));
#1597=DIRECTION('',(-2.09608290977327E-18,1.11034322578785E-16,1.));
#1598=DIRECTION('',(-0.999940541632226,0.0109047329289864,-3.30675791377731E-18));
#1599=DIRECTION('',(2.09608290977327E-18,-1.11034322578785E-16,-1.));
#1600=DIRECTION('',(-0.999940541632226,0.0109047329289864,-3.30675791377731E-18));
#1601=DIRECTION('',(-2.09608290977327E-18,1.11034322578785E-16,1.));
#1602=DIRECTION('',(-2.09608290977327E-18,1.11034322578785E-16,1.));
#1603=DIRECTION('',(-0.999940541632226,0.0109047329289864,-3.30675791377731E-18));
#1604=DIRECTION('',(2.09608290977327E-18,-1.11034322578785E-16,-1.));
#1605=DIRECTION('',(-0.999940541632226,0.0109047329289864,-3.30675791377731E-18));
#1606=DIRECTION('',(-2.09608290977327E-18,1.11034322578785E-16,1.));
#1607=DIRECTION('',(0.986642784951705,0.162898787296729,-1.60192714168095E-17));
#1608=DIRECTION('',(0.162898787296729,-0.986642784951704,1.09892662618433E-16));
#1609=DIRECTION('',(0.162898787296729,-0.986642784951704,1.09892662618433E-16));
#1610=DIRECTION('',(-2.09608290977327E-18,1.11034322578785E-16,1.));
#1611=DIRECTION('',(-2.09608290977327E-18,1.11034322578785E-16,1.));
#1612=DIRECTION('',(-0.999940541632226,0.0109047329289864,-3.30675791377731E-18));
#1613=DIRECTION('',(-2.09608290977327E-18,1.11034322578785E-16,1.));
#1614=DIRECTION('',(-0.999940541632226,0.0109047329289866,-3.30675791377732E-18));
#1615=DIRECTION('',(-2.09608290977327E-18,1.11034322578785E-16,1.));
#1616=DIRECTION('',(-0.999940541632226,0.0109047329289864,-3.30675791377731E-18));
#1617=DIRECTION('',(0.999824111170872,0.0187549119266847,1.32752914003181E-20));
#1618=DIRECTION('',(0.0187549119266847,-0.999824111170871,1.11054104732157E-16));
#1619=DIRECTION('',(2.09608290977327E-18,-1.11034322578785E-16,-1.));
#1620=DIRECTION('',(-0.0187549119266847,0.999824111170871,-1.11054104732157E-16));
#1621=DIRECTION('',(2.09608290977327E-18,-1.11034322578785E-16,-1.));
#1622=DIRECTION('',(-0.0187549119266862,0.999824111170871,-1.11054104732157E-16));
#1623=DIRECTION('',(0.999824111170872,0.0187549119266862,1.32752914001525E-20));
#1624=DIRECTION('',(-0.999824111170872,-0.0187549119266862,-1.32752914001525E-20));
#1625=DIRECTION('',(2.09608290977327E-18,-1.11034322578785E-16,-1.));
#1626=DIRECTION('',(-0.999824111170872,-0.0187549119266847,-1.32752914003119E-20));
#1627=DIRECTION('',(-0.0187549119266847,0.999824111170871,-1.11054104732157E-16));
#1628=DIRECTION('',(0.0187549119266847,-0.999824111170871,1.11054104732157E-16));
#1629=DIRECTION('',(2.09608290977327E-18,-1.11034322578785E-16,-1.));
#1630=DIRECTION('',(0.018754911926683,-0.999824111170871,1.11054104732157E-16));
#1631=DIRECTION('',(-0.999824111170872,-0.018754911926683,-1.32752914005034E-20));
#1632=DIRECTION('',(0.999824111170872,0.018754911926683,1.3275291400503E-20));
#1633=DIRECTION('',(2.09608290977327E-18,-1.11034322578785E-16,-1.));
#1634=DIRECTION('',(0.999940541632226,-0.0109047329289864,3.30675791377731E-18));
#1635=DIRECTION('',(-2.09608290977327E-18,1.11034322578785E-16,1.));
#1636=DIRECTION('',(-0.999940541632226,0.0109047329289864,-3.30675791377731E-18));
#1637=DIRECTION('',(-2.09608290977327E-18,1.11034322578785E-16,1.));
#1638=DIRECTION('',(-0.999940541632226,0.0109047329289866,-3.30675791377732E-18));
#1639=DIRECTION('',(-2.09608290977327E-18,1.11034322578785E-16,1.));
#1640=DIRECTION('',(-0.999940541632226,0.0109047329289866,-3.30675791377732E-18));
#1641=DIRECTION('',(2.09608290977327E-18,-1.11034322578785E-16,-1.));
#1642=DIRECTION('',(0.999940541632226,-0.0109047329289864,3.30675791377731E-18));
#1643=DIRECTION('',(-2.09608290977327E-18,1.11034322578785E-16,1.));
#1644=DIRECTION('',(-0.999940541632226,0.0109047329289864,-3.30675791377731E-18));
#1645=DIRECTION('',(-2.09608290977327E-18,1.11034322578785E-16,1.));
#1646=DIRECTION('',(-0.999940541632226,0.0109047329289864,-3.30675791377731E-18));
#1647=DIRECTION('',(-2.09608290977327E-18,1.11034322578785E-16,1.));
#1648=DIRECTION('',(-0.300393240848474,0.953815443811092,-1.06535900807101E-16));
#1649=DIRECTION('',(-2.09608290977327E-18,1.11034322578785E-16,1.));
#1650=DIRECTION('',(-0.999940541632226,0.0109047329289864,-3.30675791377731E-18));
#1651=DIRECTION('',(-2.09608290977327E-18,1.11034322578785E-16,1.));
#1652=DIRECTION('',(-0.999940541632226,0.0109047329289866,-3.30675791377732E-18));
#1653=DIRECTION('',(-2.09608290977327E-18,1.11034322578785E-16,1.));
#1654=DIRECTION('',(-0.999940541632226,0.0109047329289866,-3.30675791377732E-18));
#1655=DIRECTION('',(2.09608290977327E-18,-1.11034322578785E-16,-1.));
#1656=DIRECTION('',(0.999940541632226,-0.0109047329289864,3.30675791377731E-18));
#1657=DIRECTION('',(-2.09608290977327E-18,1.11034322578785E-16,1.));
#1658=DIRECTION('',(-0.999940541632226,0.0109047329289864,-3.30675791377731E-18));
#1659=DIRECTION('',(2.09608290977327E-18,-1.11034322578785E-16,-1.));
#1660=DIRECTION('',(0.999940541632226,-0.0109047329289864,3.30675791377731E-18));
#1661=DIRECTION('',(-0.0109047329289864,-0.999940541632225,1.11004863434869E-16));
#1662=DIRECTION('',(0.999929120624625,-0.011906037412423,3.41791313941195E-18));
#1663=DIRECTION('',(-0.0109047329289864,-0.999940541632225,1.11004863434869E-16));
#1664=DIRECTION('',(-0.999940541632226,0.0109047329289864,-3.30675791377731E-18));
#1665=DIRECTION('',(2.09608290977327E-18,-1.11034322578785E-16,-1.));
#1666=DIRECTION('',(0.999940541632226,-0.0109047329289864,3.30675791377731E-18));
#1667=DIRECTION('',(-0.0109047329289864,-0.999940541632225,1.11004863434869E-16));
#1668=DIRECTION('',(0.999940541632226,-0.0109047329289864,3.30675791377731E-18));
#1669=DIRECTION('',(-0.0109047329289864,-0.999940541632225,1.11004863434869E-16));
#1670=DIRECTION('',(-0.999929120624625,0.0119060374124197,-3.41791313941158E-18));
#1671=DIRECTION('',(0.999929120624625,-0.0119060374124209,3.41791313941171E-18));
#1672=DIRECTION('',(-0.0119060374124209,-0.999929120624624,1.11001496493812E-16));
#1673=DIRECTION('',(-2.09608290977327E-18,1.11034322578785E-16,1.));
#1674=DIRECTION('',(-2.09608290977327E-18,1.11034322578785E-16,1.));
#1675=DIRECTION('',(-0.0119060374124209,-0.999929120624624,1.11001496493812E-16));
#1676=DIRECTION('',(-0.0119060374124197,-0.999929120624624,1.11001496493812E-16));
#1677=DIRECTION('',(-0.999929120624625,0.0119060374124197,-3.41791313941158E-18));
#1678=DIRECTION('',(-0.999929120624625,0.0119060374124197,-3.41791313941158E-18));
#1679=DIRECTION('',(-2.09608290977327E-18,1.11034322578785E-16,1.));
#1680=DIRECTION('',(-0.999929120624625,0.0119060374124209,-3.41791313941171E-18));
#1681=DIRECTION('',(0.0119060374124209,0.999929120624624,-1.11001496493812E-16));
#1682=DIRECTION('',(0.0119060374124209,0.999929120624624,-1.11001496493812E-16));
#1683=DIRECTION('',(-2.09608290977327E-18,1.11034322578785E-16,1.));
#1684=DIRECTION('',(-0.999929120624625,0.0119060374124209,-3.41791313941172E-18));
#1685=DIRECTION('',(0.0119060374124209,0.999929120624624,-1.11001496493812E-16));
#1686=DIRECTION('',(-2.09608290977327E-18,1.11034322578785E-16,1.));
#1687=DIRECTION('',(0.999929120624625,-0.0119060374124209,3.41791313941172E-18));
#1688=DIRECTION('',(0.0119060374124209,0.999929120624624,-1.11001496493812E-16));
#1689=DIRECTION('',(-2.09608290977327E-18,1.11034322578785E-16,1.));
#1690=DIRECTION('',(0.999929120624625,-0.0119060374124209,3.41791313941172E-18));
#1691=DIRECTION('',(0.0119060374124209,0.999929120624624,-1.11001496493812E-16));
#1692=DIRECTION('',(-0.0109047329289864,-0.999940541632225,1.11004863434869E-16));
#1693=DIRECTION('',(2.09608290977327E-18,-1.11034322578785E-16,-1.));
#1694=DIRECTION('',(0.999940541632225,-0.0109047329289864,3.30675791377731E-18));
#1695=DIRECTION('',(-2.09608290977327E-18,1.11034322578785E-16,1.));
#1696=DIRECTION('',(-2.09608290977327E-18,1.11034322578785E-16,1.));
#1697=DIRECTION('',(0.999940541632225,-0.0109047329289864,3.30675791377731E-18));
#1698=DIRECTION('',(-2.09608290977327E-18,1.11034322578785E-16,1.));
#1699=DIRECTION('',(0.999929120624625,-0.0119060374124209,3.41791313941172E-18));
#1700=DIRECTION('',(-0.0119060374124209,-0.999929120624624,1.11001496493812E-16));
#1701=DIRECTION('',(-0.999929120624625,0.0119060374124209,-3.41791313941172E-18));
#1702=DIRECTION('',(0.0119060374124209,0.999929120624624,-1.11001496493812E-16));
#1703=DIRECTION('',(-2.09608290977327E-18,1.11034322578785E-16,1.));
#1704=DIRECTION('',(-0.999929120624625,0.0119060374124209,-3.41791313941172E-18));
#1705=DIRECTION('',(0.0119060374124209,0.999929120624624,-1.11001496493812E-16));
#1706=DIRECTION('',(0.0109047329289864,0.999940541632225,-1.11004863434869E-16));
#1707=DIRECTION('',(-2.09608290977327E-18,1.11034322578785E-16,1.));
#1708=DIRECTION('',(0.999940541632225,-0.0109047329289864,3.30675791377731E-18));
#1709=DIRECTION('',(2.09608290977327E-18,-1.11034322578785E-16,-1.));
#1710=DIRECTION('',(2.09608290977327E-18,-1.11034322578785E-16,-1.));
#1711=DIRECTION('',(0.999940541632225,-0.0109047329289864,3.30675791377731E-18));
#1712=DIRECTION('',(0.011906037412423,0.999929120624624,-1.11001496493812E-16));
#1713=DIRECTION('',(0.999929120624625,-0.011906037412423,3.41791313941195E-18));
#1714=DIRECTION('',(0.999929120624625,-0.011906037412423,3.41791313941195E-18));
#1715=DIRECTION('',(0.999940541632225,-0.0109047329289864,3.30675791377731E-18));
#1716=DIRECTION('',(-2.09608290977327E-18,1.11034322578785E-16,1.));
#1717=DIRECTION('',(0.999940541632226,-0.0109047329289864,3.30675791377731E-18));
#1718=DIRECTION('',(0.0109047329289864,0.999940541632225,-1.72237203392237E-16));
#1719=DIRECTION('',(0.999940541632225,-0.0109047329289864,3.30675791377731E-18));
#1720=DIRECTION('',(-2.09608290977327E-18,1.11034322578785E-16,1.));
#1721=DIRECTION('',(0.999940541632226,-0.0109047329289864,3.30675791377731E-18));
#1722=DIRECTION('',(0.0109047329289864,0.999940541632225,-1.72237203392237E-16));
#1723=DIRECTION('',(-0.999940541632226,0.0109047329289864,-3.30675791377731E-18));
#1724=DIRECTION('',(2.09608290977327E-18,-1.11034322578785E-16,-1.));
#1725=DIRECTION('',(0.999940541632225,-0.0109047329289864,3.30675791377731E-18));
#1726=DIRECTION('',(-2.09608290977327E-18,1.11034322578785E-16,1.));
#1727=DIRECTION('',(0.999940541632226,-0.0109047329289864,3.30675791377731E-18));
#1728=DIRECTION('',(0.0109047329289864,0.999940541632225,-1.72237203392237E-16));
#1729=DIRECTION('',(0.999940541632225,-0.0109047329289864,3.30675791377731E-18));
#1730=DIRECTION('',(-2.09608290977327E-18,1.11034322578785E-16,1.));
#1731=DIRECTION('',(0.999940541632226,-0.0109047329289864,3.30675791377731E-18));
#1732=DIRECTION('',(0.0109047329289864,0.999940541632225,-1.72237203392237E-16));
#1733=DIRECTION('',(-0.999940541632226,0.0109047329289864,-3.30675791377731E-18));
#1734=DIRECTION('',(2.09608290977327E-18,-1.11034322578785E-16,-1.));
#1735=DIRECTION('',(-2.09608290977327E-18,1.11034322578785E-16,1.));
#1736=DIRECTION('',(-0.999940541632226,0.0109047329289864,-3.30675791377731E-18));
#1737=DIRECTION('',(-2.09608290977327E-18,1.11034322578785E-16,1.));
#1738=DIRECTION('',(-0.999940541632226,0.0109047329289864,-3.30675791377731E-18));
#1739=DIRECTION('',(2.09608290977327E-18,-1.11034322578785E-16,-1.));
#1740=DIRECTION('',(-0.871989661335022,0.489524290025362,-5.61817605554498E-17));
#1741=DIRECTION('',(-2.09608290977327E-18,1.11034322578785E-16,1.));
#1742=DIRECTION('',(-0.999940541632226,0.0109047329289864,-3.30675791377731E-18));
#1743=DIRECTION('',(-2.09608290977327E-18,1.11034322578785E-16,1.));
#1744=DIRECTION('',(-0.999940541632226,0.0109047329289866,-3.30675791377732E-18));
#1745=DIRECTION('',(-2.09608290977327E-18,1.11034322578785E-16,1.));
#1746=DIRECTION('',(-0.999940541632226,0.0109047329289866,-3.30675791377732E-18));
#1747=DIRECTION('',(-2.09608290977327E-18,1.11034322578785E-16,1.));
#1748=DIRECTION('',(-0.999940541632226,0.0109047329289864,-3.30675791377731E-18));
#1749=DIRECTION('',(-2.09608290977327E-18,1.11034322578785E-16,1.));
#1750=DIRECTION('',(-0.999940541632226,0.0109047329289864,-3.30675791377731E-18));
#1751=DIRECTION('',(-2.09608290977327E-18,1.11034322578785E-16,1.));
#1752=DIRECTION('',(-0.999940541632226,0.0109047329289864,-3.30675791377731E-18));
#1753=DIRECTION('',(-2.09608290977327E-18,1.11034322578785E-16,1.));
#1754=DIRECTION('',(-0.287958768688016,0.957642807906832,-1.06934805902146E-16));
#1755=DIRECTION('',(-2.09608290977327E-18,1.11034322578785E-16,1.));
#1756=DIRECTION('',(-0.999940541632226,0.0109047329289864,-3.30675791377731E-18));
#1757=DIRECTION('',(-2.09608290977327E-18,1.11034322578785E-16,1.));
#1758=DIRECTION('',(-0.999940541632226,0.0109047329289866,-3.30675791377732E-18));
#1759=DIRECTION('',(-2.09608290977327E-18,1.11034322578785E-16,1.));
#1760=DIRECTION('',(-0.999940541632226,0.0109047329289866,-3.30675791377732E-18));
#1761=DIRECTION('',(2.09608290977327E-18,-1.11034322578785E-16,-1.));
#1762=DIRECTION('',(0.999940541632226,-0.0109047329289864,3.30675791377731E-18));
#1763=DIRECTION('',(-2.09608290977327E-18,1.11034322578785E-16,1.));
#1764=DIRECTION('',(-0.999940541632226,0.0109047329289864,-3.30675791377731E-18));
#1765=DIRECTION('',(2.09608290977327E-18,-1.11034322578785E-16,-1.));
#1766=DIRECTION('',(0.999940541632226,-0.0109047329289864,3.30675791377731E-18));
#1767=DIRECTION('',(-0.0109047329289864,-0.999940541632225,1.11004863434869E-16));
#1768=DIRECTION('',(0.999929120624625,-0.011906037412423,3.41791313941195E-18));
#1769=DIRECTION('',(-0.0109047329289864,-0.999940541632225,1.11004863434869E-16));
#1770=DIRECTION('',(-0.999940541632226,0.0109047329289864,-3.30675791377731E-18));
#1771=DIRECTION('',(2.09608290977327E-18,-1.11034322578785E-16,-1.));
#1772=DIRECTION('',(0.999940541632226,-0.0109047329289864,3.30675791377731E-18));
#1773=DIRECTION('',(-0.0109047329289864,-0.999940541632225,1.11004863434869E-16));
#1774=DIRECTION('',(0.999940541632226,-0.0109047329289864,3.30675791377731E-18));
#1775=DIRECTION('',(-0.0109047329289864,-0.999940541632225,1.11004863434869E-16));
#1776=DIRECTION('',(-0.999929120624625,0.0119060374124197,-3.41791313941158E-18));
#1777=DIRECTION('',(0.999929120624625,-0.0119060374124209,3.41791313941171E-18));
#1778=DIRECTION('',(-0.0119060374124209,-0.999929120624624,1.11001496493812E-16));
#1779=DIRECTION('',(-2.09608290977327E-18,1.11034322578785E-16,1.));
#1780=DIRECTION('',(-2.09608290977327E-18,1.11034322578785E-16,1.));
#1781=DIRECTION('',(-0.0119060374124209,-0.999929120624624,1.11001496493812E-16));
#1782=DIRECTION('',(-0.0119060374124197,-0.999929120624624,1.11001496493812E-16));
#1783=DIRECTION('',(-0.999929120624625,0.0119060374124197,-3.41791313941158E-18));
#1784=DIRECTION('',(-0.999929120624625,0.0119060374124197,-3.41791313941158E-18));
#1785=DIRECTION('',(-2.09608290977327E-18,1.11034322578785E-16,1.));
#1786=DIRECTION('',(-0.999929120624625,0.0119060374124209,-3.41791313941171E-18));
#1787=DIRECTION('',(0.0119060374124209,0.999929120624624,-1.11001496493812E-16));
#1788=DIRECTION('',(0.0119060374124209,0.999929120624624,-1.11001496493812E-16));
#1789=DIRECTION('',(-2.09608290977327E-18,1.11034322578785E-16,1.));
#1790=DIRECTION('',(-0.999929120624625,0.0119060374124209,-3.41791313941172E-18));
#1791=DIRECTION('',(0.0119060374124209,0.999929120624624,-1.11001496493812E-16));
#1792=DIRECTION('',(-2.09608290977327E-18,1.11034322578785E-16,1.));
#1793=DIRECTION('',(0.999929120624625,-0.0119060374124209,3.41791313941172E-18));
#1794=DIRECTION('',(0.0119060374124209,0.999929120624624,-1.11001496493812E-16));
#1795=DIRECTION('',(-2.09608290977327E-18,1.11034322578785E-16,1.));
#1796=DIRECTION('',(0.999929120624625,-0.0119060374124209,3.41791313941172E-18));
#1797=DIRECTION('',(0.0119060374124209,0.999929120624624,-1.11001496493812E-16));
#1798=DIRECTION('',(-0.0109047329289864,-0.999940541632225,1.11004863434869E-16));
#1799=DIRECTION('',(2.09608290977327E-18,-1.11034322578785E-16,-1.));
#1800=DIRECTION('',(0.999940541632225,-0.0109047329289864,3.30675791377731E-18));
#1801=DIRECTION('',(-2.09608290977327E-18,1.11034322578785E-16,1.));
#1802=DIRECTION('',(-2.09608290977327E-18,1.11034322578785E-16,1.));
#1803=DIRECTION('',(0.999940541632225,-0.0109047329289864,3.30675791377731E-18));
#1804=DIRECTION('',(-2.09608290977327E-18,1.11034322578785E-16,1.));
#1805=DIRECTION('',(0.999929120624625,-0.0119060374124209,3.41791313941172E-18));
#1806=DIRECTION('',(-0.0119060374124209,-0.999929120624624,1.11001496493812E-16));
#1807=DIRECTION('',(-0.999929120624625,0.0119060374124209,-3.41791313941172E-18));
#1808=DIRECTION('',(0.0119060374124209,0.999929120624624,-1.11001496493812E-16));
#1809=DIRECTION('',(-2.09608290977327E-18,1.11034322578785E-16,1.));
#1810=DIRECTION('',(-0.999929120624625,0.0119060374124209,-3.41791313941172E-18));
#1811=DIRECTION('',(0.0119060374124209,0.999929120624624,-1.11001496493812E-16));
#1812=DIRECTION('',(0.0109047329289864,0.999940541632225,-1.11004863434869E-16));
#1813=DIRECTION('',(-2.09608290977327E-18,1.11034322578785E-16,1.));
#1814=DIRECTION('',(0.999940541632225,-0.0109047329289864,3.30675791377731E-18));
#1815=DIRECTION('',(2.09608290977327E-18,-1.11034322578785E-16,-1.));
#1816=DIRECTION('',(2.09608290977327E-18,-1.11034322578785E-16,-1.));
#1817=DIRECTION('',(0.999940541632225,-0.0109047329289864,3.30675791377731E-18));
#1818=DIRECTION('',(0.011906037412423,0.999929120624624,-1.11001496493812E-16));
#1819=DIRECTION('',(0.999929120624625,-0.011906037412423,3.41791313941195E-18));
#1820=DIRECTION('',(0.999929120624625,-0.011906037412423,3.41791313941195E-18));
#1821=DIRECTION('',(0.999940541632225,-0.0109047329289864,3.30675791377731E-18));
#1822=DIRECTION('',(-2.09608290977327E-18,1.11034322578785E-16,1.));
#1823=DIRECTION('',(0.999940541632226,-0.0109047329289864,3.30675791377731E-18));
#1824=DIRECTION('',(0.0109047329289864,0.999940541632225,-1.72237203392237E-16));
#1825=DIRECTION('',(0.999940541632225,-0.0109047329289864,3.30675791377731E-18));
#1826=DIRECTION('',(-2.09608290977327E-18,1.11034322578785E-16,1.));
#1827=DIRECTION('',(0.999940541632226,-0.0109047329289864,3.30675791377731E-18));
#1828=DIRECTION('',(0.0109047329289864,0.999940541632225,-1.72237203392237E-16));
#1829=DIRECTION('',(-0.999940541632226,0.0109047329289864,-3.30675791377731E-18));
#1830=DIRECTION('',(2.09608290977327E-18,-1.11034322578785E-16,-1.));
#1831=DIRECTION('',(0.999940541632225,-0.0109047329289864,3.30675791377731E-18));
#1832=DIRECTION('',(-2.09608290977327E-18,1.11034322578785E-16,1.));
#1833=DIRECTION('',(0.999940541632226,-0.0109047329289864,3.30675791377731E-18));
#1834=DIRECTION('',(0.0109047329289864,0.999940541632225,-1.72237203392237E-16));
#1835=DIRECTION('',(0.999940541632225,-0.0109047329289864,3.30675791377731E-18));
#1836=DIRECTION('',(-2.09608290977327E-18,1.11034322578785E-16,1.));
#1837=DIRECTION('',(0.999940541632226,-0.0109047329289864,3.30675791377731E-18));
#1838=DIRECTION('',(0.0109047329289864,0.999940541632225,-1.72237203392237E-16));
#1839=DIRECTION('',(-0.999940541632226,0.0109047329289864,-3.30675791377731E-18));
#1840=DIRECTION('',(2.09608290977327E-18,-1.11034322578785E-16,-1.));
#1841=DIRECTION('',(-2.09608290977327E-18,1.11034322578785E-16,1.));
#1842=DIRECTION('',(-0.999940541632226,0.0109047329289864,-3.30675791377731E-18));
#1843=DIRECTION('',(0.,0.,1.));
#1844=DIRECTION('',(1.,0.,0.));
#1845=DIRECTION('',(0.,0.,1.));
#1846=DIRECTION('',(-1.,0.,0.));
#1847=DIRECTION('',(1.,0.,0.));
#1848=DIRECTION('',(0.,-1.,0.));
#1849=CARTESIAN_POINT('',(0.,0.,0.));
#1850=CARTESIAN_POINT('',(213.339235149226,0.520032591539395,-3.09999999999987));
#1851=CARTESIAN_POINT('',(149.217391011066,-0.882288325972563,-3.09999999999987));
#1852=CARTESIAN_POINT('',(145.293437535058,1.32057097914157,-3.09999999999987));
#1853=CARTESIAN_POINT('',(136.21724974582,22.5676767585914,-3.09999999999987));
#1854=CARTESIAN_POINT('',(134.017636701244,22.5264159523527,-3.09999999999987));
#1855=CARTESIAN_POINT('',(136.21724974582,22.5676767585914,-3.09999999999987));
#1856=CARTESIAN_POINT('',(134.017636701244,22.5264159523527,-3.09999999999987));
#1857=CARTESIAN_POINT('',(134.126415190419,16.7274361075617,-3.09999999999987));
#1858=CARTESIAN_POINT('',(134.126415190419,16.7274361075617,-3.09999999999987));
#1859=CARTESIAN_POINT('',(136.326028234995,16.7686969138004,-3.09999999999987));
#1860=CARTESIAN_POINT('',(136.326028234995,16.7686969138004,-3.09999999999987));
#1861=CARTESIAN_POINT('',(213.339235149226,0.520032591539395,-3.09999999999987));
#1862=CARTESIAN_POINT('',(213.310935095054,-3.87987639694365,-3.09999999999987));
#1863=CARTESIAN_POINT('',(216.202697158112,3.86077881411713,-3.09999999999987));
#1864=CARTESIAN_POINT('',(213.31093509504,-3.87987639694356,-3.09999999999987));
#1865=CARTESIAN_POINT('',(196.518556635664,-3.77186843097214,-3.09999999999987));
#1866=CARTESIAN_POINT('',(196.541068042403,-0.271940826497066,-3.09999999999987));
#1867=CARTESIAN_POINT('',(193.517490155742,-2.03488630588444,-3.09999999999987));
#1868=CARTESIAN_POINT('',(193.517490155742,-2.03488630588443,-3.09999999999987));
#1869=CARTESIAN_POINT('',(190.662189495983,2.86215902850501,-3.09999999999987));
#1870=CARTESIAN_POINT('',(186.342792515038,0.34366548652306,-3.09999999999987));
#1871=CARTESIAN_POINT('',(186.374951667521,5.3435620643446,-3.09999999999987));
#1872=CARTESIAN_POINT('',(186.374951667521,5.3435620643446,-3.09999999999987));
#1873=CARTESIAN_POINT('',(173.149433950067,5.42862811207792,-3.09999999999987));
#1874=CARTESIAN_POINT('',(173.117274797583,0.428731534256383,-3.09999999999987));
#1875=CARTESIAN_POINT('',(168.117832689015,0.503421580991713,-3.09999999999987));
#1876=CARTESIAN_POINT('',(168.117832689015,0.503421580991713,-3.09999999999987));
#1877=CARTESIAN_POINT('',(168.013374387158,-6.48858412420249,-3.09999999999986));
#1878=CARTESIAN_POINT('',(168.013374387158,-6.48858412420249,-3.09999999999986));
#1879=CARTESIAN_POINT('',(135.855408954912,-6.28174526307756,-3.09999999999987));
#1880=CARTESIAN_POINT('',(135.887568107396,-1.28184868525602,-3.09999999999987));
#1881=CARTESIAN_POINT('',(130.888125998828,-1.20715863852072,-3.09999999999987));
#1882=CARTESIAN_POINT('',(130.888125998829,-1.20715863852069,-3.09999999999987));
#1883=CARTESIAN_POINT('',(131.507416030262,40.2455488625866,-3.09999999999987));
#1884=CARTESIAN_POINT('',(136.506858138829,40.1708588158513,-3.09999999999987));
#1885=CARTESIAN_POINT('',(136.413083579196,45.1699793717057,-3.09999999999987));
#1886=CARTESIAN_POINT('',(136.413083579196,45.1699793717057,-3.09999999999987));
#1887=CARTESIAN_POINT('',(139.562628290074,45.2290591968486,-3.09999999999987));
#1888=CARTESIAN_POINT('',(139.438845871358,51.8278983305764,-3.09999999999987));
#1889=CARTESIAN_POINT('',(145.59079676392,49.437605416413,-3.09999999999987));
#1890=CARTESIAN_POINT('',(150.251365621936,47.6267774511733,-3.09999999999987));
#1891=CARTESIAN_POINT('',(150.28352477442,52.6266740289948,-3.09999999999987));
#1892=CARTESIAN_POINT('',(150.28352477442,52.6266740289948,-3.09999999999987));
#1893=CARTESIAN_POINT('',(197.612435185492,52.3222562029251,-3.09999999999987));
#1894=CARTESIAN_POINT('',(197.593139694002,49.3223182562321,-3.09999999999987));
#1895=CARTESIAN_POINT('',(200.32910709124,50.5529613406637,-3.09999999999987));
#1896=CARTESIAN_POINT('',(96.3167019552934,3.7681125342853,-3.09999999999987));
#1897=CARTESIAN_POINT('',(208.843311579033,22.3467192254908,-3.09999999999987));
#1898=CARTESIAN_POINT('',(212.470664134413,0.376627939772781,-3.09999999999987));
#1899=CARTESIAN_POINT('',(210.620645394532,11.5817920298205,-3.09999999999987));
#1900=CARTESIAN_POINT('',(220.0123440125,13.1324001514805,-3.09999999999987));
#1901=CARTESIAN_POINT('',(213.817605883263,5.90511795221073,-3.09999999999987));
#1902=CARTESIAN_POINT('',(213.758575187193,5.95571507761137,-3.09999999999987));
#1903=CARTESIAN_POINT('',(196.652562763746,46.0527589418524,-3.09999999999987));
#1904=CARTESIAN_POINT('',(192.152830326401,46.1018302400328,-3.09999999999987));
#1905=CARTESIAN_POINT('',(173.266277409655,19.6378141909235,-3.09999999999987));
#1906=CARTESIAN_POINT('',(173.409231526692,31.6438225366795,-3.09999999999987));
#1907=CARTESIAN_POINT('',(173.266277409655,19.6378141909235,-3.09999999999987));
#1908=CARTESIAN_POINT('',(166.553627522621,31.7185855126953,-3.09999999999987));
#1909=CARTESIAN_POINT('',(166.559635382326,31.7185199946941,-3.09999999999987));
#1910=CARTESIAN_POINT('',(166.559635382326,31.7185199946941,-3.09999999999987));
#1911=CARTESIAN_POINT('',(166.416681265289,19.7125116489382,-3.09999999999987));
#1912=CARTESIAN_POINT('',(166.422695993363,19.7124460560349,-3.09999999999987));
#1913=CARTESIAN_POINT('',(137.100690260115,39.1819976034047,-3.09999999999987));
#1914=CARTESIAN_POINT('',(132.60095782277,39.2310689015851,-3.09999999999987));
#1915=CARTESIAN_POINT('',(205.564356904376,19.2855913173173,-3.09999999999987));
#1916=CARTESIAN_POINT('',(205.707311021413,31.2915996630732,-3.09999999999987));
#1917=CARTESIAN_POINT('',(205.564356904376,19.2855913173173,-3.09999999999987));
#1918=CARTESIAN_POINT('',(198.851707017342,31.366362639089,-3.09999999999987));
#1919=CARTESIAN_POINT('',(198.857714877047,31.3662971210879,-3.09999999999987));
#1920=CARTESIAN_POINT('',(198.857714877047,31.3662971210879,-3.09999999999987));
#1921=CARTESIAN_POINT('',(198.71476076001,19.3602887753319,-3.09999999999987));
#1922=CARTESIAN_POINT('',(198.720775488084,19.3602231824286,-3.09999999999987));
#1923=CARTESIAN_POINT('',(213.758575187193,5.95571507761137,-3.09999999999987));
#1924=CARTESIAN_POINT('',(213.758575187193,5.95571507761137,1.34386949407689E-13));
#1925=CARTESIAN_POINT('',(216.202697158112,3.86077881411713,1.34624682318844E-13));
#1926=CARTESIAN_POINT('',(213.817605883263,5.90511795221073,1.34392691158465E-13));
#1927=CARTESIAN_POINT('',(216.202697158112,3.86077881411713,-3.09999999999987));
#1928=CARTESIAN_POINT('',(213.817605883263,5.90511795221073,-3.09999999999987));
#1929=CARTESIAN_POINT('',(213.339235149226,0.520032591539395,-3.09999999999987));
#1930=CARTESIAN_POINT('',(213.339235149226,0.520032591539396,1.34989617758796E-13));
#1931=CARTESIAN_POINT('',(213.310935095054,-3.87987639694365,1.35478099353481E-13));
#1932=CARTESIAN_POINT('',(213.310935095054,-3.87987639694365,-3.09999999999987));
#1933=CARTESIAN_POINT('',(213.339235149226,0.520032591539394,-9.79999999999986));
#1934=CARTESIAN_POINT('',(217.738973532408,0.472051766651854,-9.79999999999986));
#1935=CARTESIAN_POINT('',(213.31093509504,-3.87987639694356,-3.09999999999987));
#1936=CARTESIAN_POINT('',(213.31093509504,-3.87987639694356,1.35478099353481E-13));
#1937=CARTESIAN_POINT('',(196.518556635664,-3.77186843097214,1.35430908544643E-13));
#1938=CARTESIAN_POINT('',(196.518556635664,-3.77186843097214,-3.09999999999987));
#1939=CARTESIAN_POINT('',(196.541068042403,-0.271940826497066,-3.09999999999987));
#1940=CARTESIAN_POINT('',(196.541068042403,-0.271940826497066,1.3504234363978E-13));
#1941=CARTESIAN_POINT('',(193.517490155742,-2.03488630588444,1.35231753426893E-13));
#1942=CARTESIAN_POINT('',(193.517490155742,-2.03488630588444,-3.09999999999987));
#1943=CARTESIAN_POINT('',(193.517490155742,-2.03488630588443,-3.09999999999987));
#1944=CARTESIAN_POINT('',(193.517490155742,-2.03488630588443,1.35231753426893E-13));
#1945=CARTESIAN_POINT('',(190.662189495983,2.86215902850501,1.34682028368636E-13));
#1946=CARTESIAN_POINT('',(190.662189495983,2.86215902850501,-3.09999999999987));
#1947=CARTESIAN_POINT('',(186.342792515038,0.34366548652306,-3.09999999999987));
#1948=CARTESIAN_POINT('',(186.342792515038,0.34366548652306,1.34952613778797E-13));
#1949=CARTESIAN_POINT('',(186.374951667521,5.3435620643446,1.34397521057564E-13));
#1950=CARTESIAN_POINT('',(186.374951667521,5.3435620643446,-3.09999999999987));
#1951=CARTESIAN_POINT('',(186.374951667521,5.3435620643446,-3.09999999999987));
#1952=CARTESIAN_POINT('',(186.374951667521,5.3435620643446,1.34397521057564E-13));
#1953=CARTESIAN_POINT('',(173.149433950067,5.42862811207792,1.34360354024919E-13));
#1954=CARTESIAN_POINT('',(173.149433950067,5.42862811207792,-3.09999999999987));
#1955=CARTESIAN_POINT('',(173.117274797583,0.428731534256383,-3.09999999999987));
#1956=CARTESIAN_POINT('',(173.117274797583,0.428731534256384,1.34915446746152E-13));
#1957=CARTESIAN_POINT('',(168.117832689015,0.503421580991714,1.34896674342247E-13));
#1958=CARTESIAN_POINT('',(168.117832689015,0.503421580991713,-3.09999999999987));
#1959=CARTESIAN_POINT('',(168.117832689015,0.503421580991713,-3.09999999999987));
#1960=CARTESIAN_POINT('',(168.117832689015,0.503421580991713,1.34896674342247E-13));
#1961=CARTESIAN_POINT('',(168.013374387158,-6.48858412420249,1.35672808005929E-13));
#1962=CARTESIAN_POINT('',(168.013374387158,-6.48858412420249,-3.09999999999986));
#1963=CARTESIAN_POINT('',(168.013374387158,-6.48858412420249,-3.09999999999986));
#1964=CARTESIAN_POINT('',(168.013374387158,-6.48858412420249,1.35672808005929E-13));
#1965=CARTESIAN_POINT('',(135.855408954912,-6.28174526307756,1.35582436031345E-13));
#1966=CARTESIAN_POINT('',(135.855408954912,-6.28174526307756,-3.09999999999987));
#1967=CARTESIAN_POINT('',(135.887568107396,-1.28184868525602,-3.09999999999987));
#1968=CARTESIAN_POINT('',(135.887568107396,-1.28184868525602,1.35027343310113E-13));
#1969=CARTESIAN_POINT('',(130.888125998828,-1.20715863852072,1.35008570906208E-13));
#1970=CARTESIAN_POINT('',(130.888125998828,-1.20715863852072,-3.09999999999987));
#1971=CARTESIAN_POINT('',(130.888125998829,-1.20715863852069,-3.09999999999987));
#1972=CARTESIAN_POINT('',(130.888125998829,-1.20715863852069,1.35008570906208E-13));
#1973=CARTESIAN_POINT('',(131.507416030262,40.2455488625866,1.30407195693017E-13));
#1974=CARTESIAN_POINT('',(131.507416030262,40.2455488625866,-3.09999999999987));
#1975=CARTESIAN_POINT('',(136.506858138829,40.1708588158513,-3.09999999999987));
#1976=CARTESIAN_POINT('',(136.506858138829,40.1708588158513,1.30425968096922E-13));
#1977=CARTESIAN_POINT('',(136.413083579196,45.1699793717057,1.29870697573261E-13));
#1978=CARTESIAN_POINT('',(136.413083579196,45.1699793717057,-3.09999999999987));
#1979=CARTESIAN_POINT('',(136.413083579196,45.1699793717057,-3.09999999999987));
#1980=CARTESIAN_POINT('',(136.413083579196,45.1699793717057,1.29870697573261E-13));
#1981=CARTESIAN_POINT('',(139.562628290074,45.2290591968486,1.2987073939174E-13));
#1982=CARTESIAN_POINT('',(139.562628290074,45.2290591968486,-3.09999999999987));
#1983=CARTESIAN_POINT('',(139.438845871358,51.8278983305764,-3.09999999999987));
#1984=CARTESIAN_POINT('',(139.438845871358,51.8278983305764,1.29137782300508E-13));
#1985=CARTESIAN_POINT('',(145.59079676392,49.437605416413,1.29416081854125E-13));
#1986=CARTESIAN_POINT('',(145.59079676392,49.437605416413,-3.09999999999987));
#1987=CARTESIAN_POINT('',(150.251365621936,47.6267774511733,-3.09999999999987));
#1988=CARTESIAN_POINT('',(150.251365621936,47.6267774511733,1.29626914849285E-13));
#1989=CARTESIAN_POINT('',(150.28352477442,52.6266740289948,1.29071822128053E-13));
#1990=CARTESIAN_POINT('',(150.28352477442,52.6266740289948,-3.09999999999987));
#1991=CARTESIAN_POINT('',(150.28352477442,52.6266740289948,-3.09999999999987));
#1992=CARTESIAN_POINT('',(150.28352477442,52.6266740289948,1.29071822128053E-13));
#1993=CARTESIAN_POINT('',(197.612435185492,52.3222562029251,1.29204828275402E-13));
#1994=CARTESIAN_POINT('',(197.612435185492,52.3222562029251,-3.09999999999987));
#1995=CARTESIAN_POINT('',(197.593139694002,49.3223182562321,-3.09999999999987));
#1996=CARTESIAN_POINT('',(197.593139694002,49.3223182562321,1.29537883908141E-13));
#1997=CARTESIAN_POINT('',(200.32910709124,50.5529613406637,1.29406975101428E-13));
#1998=CARTESIAN_POINT('',(200.329108295678,50.5529586629484,-1.54999999999987));
#1999=CARTESIAN_POINT('',(96.3167019552934,3.7681125342853,-3.09999999999987));
#2000=CARTESIAN_POINT('',(96.3167019552934,3.7681125342853,1.34383680470786E-13));
#2001=CARTESIAN_POINT('',(208.843311579033,22.3467192254908,1.32556682565697E-13));
#2002=CARTESIAN_POINT('',(208.843311579033,22.3467192254908,-3.09999999999987));
#2003=CARTESIAN_POINT('',(208.843311579035,22.3467192254773,-3.09999999999987));
#2004=CARTESIAN_POINT('',(212.470664134413,0.376627939772781,1.350037200003E-13));
#2005=CARTESIAN_POINT('',(210.620645394532,11.5817920298205,1.33755684403514E-13));
#2006=CARTESIAN_POINT('',(210.620645394532,11.5817920298205,-3.09999999999987));
#2007=CARTESIAN_POINT('',(220.0123440125,13.1324001514805,-3.09999999999987));
#2008=CARTESIAN_POINT('',(220.0123440125,13.1324001514805,1.33603199460107E-13));
#2009=CARTESIAN_POINT('',(213.339235149226,0.520032591539396,1.34989617758796E-13));
#2010=CARTESIAN_POINT('',(136.326028234995,16.7686969138004,-2.59999999999987));
#2011=CARTESIAN_POINT('',(136.326028234995,16.7686969138004,-2.59999999999987));
#2012=CARTESIAN_POINT('',(136.326028234995,16.7686969138004,-2.59999999999987));
#2013=CARTESIAN_POINT('',(136.326028234995,16.7686969138004,-2.59999999999987));
#2014=CARTESIAN_POINT('',(136.21724974582,22.5676767585914,-2.59999999999987));
#2015=CARTESIAN_POINT('',(136.21724974582,22.5676767585914,-2.59999999999987));
#2016=CARTESIAN_POINT('',(136.21724974582,22.5676767585914,-2.59999999999987));
#2017=CARTESIAN_POINT('',(136.21724974582,22.5676767585914,-2.59999999999987));
#2018=CARTESIAN_POINT('',(134.017636701244,22.5264159523527,-2.59999999999987));
#2019=CARTESIAN_POINT('',(134.017636701244,22.5264159523527,-2.59999999999987));
#2020=CARTESIAN_POINT('',(134.017636701244,22.5264159523527,-2.59999999999987));
#2021=CARTESIAN_POINT('',(134.017636701244,22.5264159523527,-2.59999999999987));
#2022=CARTESIAN_POINT('',(134.126415190419,16.7274361075617,-2.59999999999987));
#2023=CARTESIAN_POINT('',(134.126415190419,16.7274361075617,-2.59999999999987));
#2024=CARTESIAN_POINT('',(134.126415190419,16.7274361075617,-2.59999999999987));
#2025=CARTESIAN_POINT('',(134.126415190419,16.7274361075617,-2.59999999999987));
#2026=CARTESIAN_POINT('',(149.153131859622,-0.813261711832498,-2.59999999999987));
#2027=CARTESIAN_POINT('',(213.329049525343,0.44007327077577,-9.79999999999986));
#2028=CARTESIAN_POINT('',(213.329049525343,0.44007327077577,-9.79999999999986));
#2029=CARTESIAN_POINT('',(211.779141685813,0.456975606815699,-9.79999999999986));
#2030=CARTESIAN_POINT('',(213.329049525343,0.44007327077577,-3.09999999999987));
#2031=CARTESIAN_POINT('',(211.779141685813,0.456975606815699,-3.09999999999987));
#2032=CARTESIAN_POINT('',(213.329049525343,0.440073270775769,-9.79999999999986));
#2033=CARTESIAN_POINT('',(213.339235149226,0.520032591539395,-3.09999999999987));
#2034=CARTESIAN_POINT('',(196.652562763746,46.0527589418524,-9.79999999999987));
#2035=CARTESIAN_POINT('',(196.652562763746,46.0527589418524,-9.79999999999987));
#2036=CARTESIAN_POINT('',(195.300793179928,50.3449284390023,-9.79999999999987));
#2037=CARTESIAN_POINT('',(196.652562763746,46.0527589418524,-9.79999999999987));
#2038=CARTESIAN_POINT('',(196.652562763746,46.0527589418524,-9.79999999999987));
#2039=CARTESIAN_POINT('',(195.102654924216,46.0696612778923,-9.79999999999987));
#2040=CARTESIAN_POINT('',(196.652562763746,46.0527589418524,-3.09999999999987));
#2041=CARTESIAN_POINT('',(195.102654924216,46.0696612778923,-3.09999999999987));
#2042=CARTESIAN_POINT('',(196.652562763746,46.0527589418524,-9.79999999999987));
#2043=CARTESIAN_POINT('',(213.339235149226,0.520032591539395,-3.09999999999987));
#2044=CARTESIAN_POINT('',(149.153131859622,-0.813261711832498,-8.29999999999986));
#2045=CARTESIAN_POINT('',(171.196530141929,-1.05365337624432,-8.29999999999986));
#2046=CARTESIAN_POINT('',(171.542591412518,30.4591034671174,-8.29999999999987));
#2047=CARTESIAN_POINT('',(171.553329303302,31.6640618581649,-8.29999999999987));
#2048=CARTESIAN_POINT('',(168.395217010586,30.4965788807316,-8.29999999999987));
#2049=CARTESIAN_POINT('',(168.392814794185,30.4966050778175,-8.29999999999987));
#2050=CARTESIAN_POINT('',(168.046719290748,-1.01930348774707,-8.29999999999986));
#2051=CARTESIAN_POINT('',(168.403508384224,31.6974885420741,-8.29999999999987));
#2052=CARTESIAN_POINT('',(166.553627522621,31.7185855126953,-8.29999999999987));
#2053=CARTESIAN_POINT('',(149.153131859622,-0.813261711832498,-8.29999999999986));
#2054=CARTESIAN_POINT('',(171.196530141929,-1.05365337624432,-8.29999999999986));
#2055=CARTESIAN_POINT('',(171.422397774044,19.6579224015045,-8.29999999999987));
#2056=CARTESIAN_POINT('',(171.433099688637,20.8597266818477,-8.29999999999987));
#2057=CARTESIAN_POINT('',(166.422695993363,19.7124460560349,-8.29999999999987));
#2058=CARTESIAN_POINT('',(168.272586922864,19.6922722900017,-8.29999999999987));
#2059=CARTESIAN_POINT('',(168.046719290748,-1.01930348774707,-8.29999999999986));
#2060=CARTESIAN_POINT('',(168.283323122789,20.8972331054202,-8.29999999999987));
#2061=CARTESIAN_POINT('',(171.430695781395,20.8597553048861,-8.29999999999987));
#2062=CARTESIAN_POINT('',(171.544993740554,30.4590748628824,-9.79999999999987));
#2063=CARTESIAN_POINT('',(171.544993740554,30.4590748628824,-9.79999999999987));
#2064=CARTESIAN_POINT('',(171.544993740554,30.4590748628824,-3.09999999999987));
#2065=CARTESIAN_POINT('',(171.430695781395,20.8597553048861,-8.29999999999986));
#2066=CARTESIAN_POINT('',(171.468795101114,24.0595284908849,-8.29999999999986));
#2067=CARTESIAN_POINT('',(171.506894420834,27.2593016768837,-8.29999999999987));
#2068=CARTESIAN_POINT('',(171.544993740554,30.4590748628824,-8.29999999999987));
#2069=CARTESIAN_POINT('',(171.430695781395,20.8597553048861,-9.79999999999987));
#2070=CARTESIAN_POINT('',(171.430695781395,20.8597553048861,-3.09999999999987));
#2071=CARTESIAN_POINT('',(171.544993740554,30.4590748628824,-3.09999999999987));
#2072=CARTESIAN_POINT('',(171.430695781395,20.8597553048861,-9.79999999999987));
#2073=CARTESIAN_POINT('',(171.430695781395,20.8597553048861,-3.09999999999987));
#2074=CARTESIAN_POINT('',(168.280919051427,20.8972593227352,-3.09999999999987));
#2075=CARTESIAN_POINT('',(168.280919051427,20.8972593227352,-9.79999999999987));
#2076=CARTESIAN_POINT('',(168.280919051427,20.8972593227352,-9.79999999999987));
#2077=CARTESIAN_POINT('',(168.280919051427,20.8972593227352,-3.09999999999987));
#2078=CARTESIAN_POINT('',(168.395217010586,30.4965788807316,-3.09999999999987));
#2079=CARTESIAN_POINT('',(168.395217010586,30.4965788807316,-8.29999999999987));
#2080=CARTESIAN_POINT('',(168.357117690867,27.2968056947328,-8.29999999999987));
#2081=CARTESIAN_POINT('',(168.319018371147,24.097032508734,-8.29999999999986));
#2082=CARTESIAN_POINT('',(168.280919051427,20.8972593227352,-8.29999999999986));
#2083=CARTESIAN_POINT('',(168.395217010586,30.4965788807316,-9.79999999999987));
#2084=CARTESIAN_POINT('',(173.266277409655,19.6378141909235,-9.79999999999987));
#2085=CARTESIAN_POINT('',(173.266277409655,19.6378141909235,-9.79999999999987));
#2086=CARTESIAN_POINT('',(173.266277409655,19.6378141909235,-10.2494645985191));
#2087=CARTESIAN_POINT('',(173.337754468174,25.6408183638015,-10.2494645985191));
#2088=CARTESIAN_POINT('',(173.409231526692,31.6438225366795,-10.2494645985191));
#2089=CARTESIAN_POINT('',(173.409231526692,31.6438225366795,-10.2494645985191));
#2090=CARTESIAN_POINT('',(173.337754468174,25.6408183638015,-10.2494645985191));
#2091=CARTESIAN_POINT('',(173.360375950599,27.5406846455253,-10.2494645985191));
#2092=CARTESIAN_POINT('',(166.553627522621,31.7185855126953,-10.2494645985191));
#2093=CARTESIAN_POINT('',(172.481280414997,31.6539421974222,-10.2494645985191));
#2094=CARTESIAN_POINT('',(171.553329303302,31.6640618581649,-10.2494645985191));
#2095=CARTESIAN_POINT('',(171.553329303302,31.6640618581649,-10.2494645985191));
#2096=CARTESIAN_POINT('',(168.403518452122,31.6984117466621,-10.2494645985191));
#2097=CARTESIAN_POINT('',(168.403518452122,31.6984117466621,-10.2494645985191));
#2098=CARTESIAN_POINT('',(166.553627522621,31.7185855126953,-10.2494645985191));
#2099=CARTESIAN_POINT('',(166.559635382326,31.7185199946941,-10.2494645985191));
#2100=CARTESIAN_POINT('',(166.559635382326,31.7185199946941,-9.79999999999987));
#2101=CARTESIAN_POINT('',(166.559635382326,31.7185199946941,-9.79999999999987));
#2102=CARTESIAN_POINT('',(166.488158323807,25.7155158218162,-10.2494645985191));
#2103=CARTESIAN_POINT('',(166.416681265289,19.7125116489382,-10.2494645985191));
#2104=CARTESIAN_POINT('',(166.416681265289,19.7125116489382,-7.89999999999987));
#2105=CARTESIAN_POINT('',(166.488158323807,25.7155158218162,-10.2494645985191));
#2106=CARTESIAN_POINT('',(166.510779806233,27.61538210354,-10.2494645985191));
#2107=CARTESIAN_POINT('',(166.422695993363,19.7124460560349,-7.89999999999987));
#2108=CARTESIAN_POINT('',(166.422695993363,19.7124460560349,-10.2494645985191));
#2109=CARTESIAN_POINT('',(168.272586922864,19.6922722900017,-10.2494645985191));
#2110=CARTESIAN_POINT('',(168.272586922864,19.6922722900017,-7.89999999999987));
#2111=CARTESIAN_POINT('',(171.422397774044,19.6579224015045,-7.89999999999987));
#2112=CARTESIAN_POINT('',(171.422397774044,19.6579224015045,-10.2494645985191));
#2113=CARTESIAN_POINT('',(172.34433759185,19.647868296214,-10.2494645985191));
#2114=CARTESIAN_POINT('',(168.395217010586,30.4965788807316,-9.79999999999987));
#2115=CARTESIAN_POINT('',(168.395217010586,30.4965788807316,-3.09999999999987));
#2116=CARTESIAN_POINT('',(166.488161757992,25.7155157843651,-10.2494645985191));
#2117=CARTESIAN_POINT('',(168.338052687493,25.6953420183319,-10.2494645985191));
#2118=CARTESIAN_POINT('',(166.488161757992,25.7155157843651,-10.2494645985191));
#2119=CARTESIAN_POINT('',(168.338052687493,25.6953420183319,-10.2494645985191));
#2120=CARTESIAN_POINT('',(168.358771680058,27.5952290474331,-10.2494645985191));
#2121=CARTESIAN_POINT('',(168.338052687493,25.6953420183319,-10.2494645985191));
#2122=CARTESIAN_POINT('',(171.487863538673,25.6609921298347,-10.2494645985191));
#2123=CARTESIAN_POINT('',(171.487863538673,25.6609921298347,-10.2494645985191));
#2124=CARTESIAN_POINT('',(171.487863538673,25.6609921298347,-10.2494645985191));
#2125=CARTESIAN_POINT('',(171.487863538673,25.6609921298347,-10.2494645985191));
#2126=CARTESIAN_POINT('',(171.508582531238,27.5608791589359,-10.2494645985191));
#2127=CARTESIAN_POINT('',(171.487863538673,25.6609921298347,-10.2494645985191));
#2128=CARTESIAN_POINT('',(213.339235149226,0.520032591539395,-3.09999999999987));
#2129=CARTESIAN_POINT('',(149.217391011066,-0.882288325972564,-9.79999999999986));
#2130=CARTESIAN_POINT('',(149.217391011066,-0.882288325972564,-9.79999999999986));
#2131=CARTESIAN_POINT('',(145.293437535058,1.32057097914157,-9.79999999999986));
#2132=CARTESIAN_POINT('',(149.217391011066,-0.882288325972564,-9.79999999999986));
#2133=CARTESIAN_POINT('',(149.217391011066,-0.882288325972564,-9.79999999999986));
#2134=CARTESIAN_POINT('',(147.667483171536,-0.865385989932634,-9.79999999999986));
#2135=CARTESIAN_POINT('',(149.217391011066,-0.882288325972563,-3.09999999999987));
#2136=CARTESIAN_POINT('',(147.667483171536,-0.865385989932634,-3.09999999999987));
#2137=CARTESIAN_POINT('',(149.217391011066,-0.882288325972564,-9.79999999999986));
#2138=CARTESIAN_POINT('',(213.339235149226,0.520032591539395,-3.09999999999987));
#2139=CARTESIAN_POINT('',(137.100690260115,39.1819976034047,-9.79999999999987));
#2140=CARTESIAN_POINT('',(137.100690260115,39.1819976034047,-9.79999999999987));
#2141=CARTESIAN_POINT('',(135.804875801019,43.4913902389855,-9.79999999999987));
#2142=CARTESIAN_POINT('',(137.100690260115,39.1819976034047,-9.79999999999987));
#2143=CARTESIAN_POINT('',(137.100690260115,39.1819976034047,-9.79999999999987));
#2144=CARTESIAN_POINT('',(135.550782420585,39.1988999394446,-9.79999999999987));
#2145=CARTESIAN_POINT('',(137.100690260115,39.1819976034047,-3.09999999999987));
#2146=CARTESIAN_POINT('',(135.550782420585,39.1988999394446,-3.09999999999987));
#2147=CARTESIAN_POINT('',(137.100690260115,39.1819976034047,-9.79999999999987));
#2148=CARTESIAN_POINT('',(213.339235149226,0.520032591539395,-3.09999999999987));
#2149=CARTESIAN_POINT('',(181.451211354343,-1.16548458543876,-8.29999999999986));
#2150=CARTESIAN_POINT('',(203.49460963665,-1.40587624985058,-8.29999999999986));
#2151=CARTESIAN_POINT('',(203.840670907239,30.1068805935111,-8.29999999999987));
#2152=CARTESIAN_POINT('',(203.851408798023,31.3118389845586,-8.29999999999987));
#2153=CARTESIAN_POINT('',(200.693296505307,30.1443560071253,-8.29999999999987));
#2154=CARTESIAN_POINT('',(200.690894288906,30.1443822042113,-8.29999999999987));
#2155=CARTESIAN_POINT('',(200.344798785469,-1.37152636135333,-8.29999999999986));
#2156=CARTESIAN_POINT('',(200.701587878944,31.3452656684679,-8.29999999999987));
#2157=CARTESIAN_POINT('',(198.851707017342,31.366362639089,-8.29999999999987));
#2158=CARTESIAN_POINT('',(181.451211354343,-1.16548458543876,-8.29999999999986));
#2159=CARTESIAN_POINT('',(203.49460963665,-1.40587624985058,-8.29999999999986));
#2160=CARTESIAN_POINT('',(203.720477268765,19.3056995278982,-8.29999999999987));
#2161=CARTESIAN_POINT('',(203.731179183357,20.5075038082415,-8.29999999999987));
#2162=CARTESIAN_POINT('',(198.720775488084,19.3602231824286,-8.29999999999987));
#2163=CARTESIAN_POINT('',(200.570666417584,19.3400494163955,-8.29999999999987));
#2164=CARTESIAN_POINT('',(200.344798785469,-1.37152636135333,-8.29999999999986));
#2165=CARTESIAN_POINT('',(200.58140261751,20.5450102318139,-8.29999999999987));
#2166=CARTESIAN_POINT('',(203.728775276115,20.5075324312798,-8.29999999999987));
#2167=CARTESIAN_POINT('',(203.843073235275,30.1068519892762,-9.79999999999987));
#2168=CARTESIAN_POINT('',(203.843073235275,30.1068519892762,-9.79999999999987));
#2169=CARTESIAN_POINT('',(203.843073235275,30.1068519892762,-3.09999999999987));
#2170=CARTESIAN_POINT('',(203.728775276115,20.5075324312798,-8.29999999999986));
#2171=CARTESIAN_POINT('',(203.766874595835,23.7073056172786,-8.29999999999986));
#2172=CARTESIAN_POINT('',(203.804973915555,26.9070788032774,-8.29999999999987));
#2173=CARTESIAN_POINT('',(203.843073235275,30.1068519892762,-8.29999999999987));
#2174=CARTESIAN_POINT('',(203.728775276115,20.5075324312798,-9.79999999999987));
#2175=CARTESIAN_POINT('',(203.728775276115,20.5075324312798,-3.09999999999987));
#2176=CARTESIAN_POINT('',(203.843073235275,30.1068519892762,-3.09999999999987));
#2177=CARTESIAN_POINT('',(203.728775276115,20.5075324312798,-9.79999999999987));
#2178=CARTESIAN_POINT('',(203.728775276115,20.5075324312798,-3.09999999999987));
#2179=CARTESIAN_POINT('',(200.578998546148,20.5450364491289,-3.09999999999987));
#2180=CARTESIAN_POINT('',(200.578998546148,20.5450364491289,-9.79999999999987));
#2181=CARTESIAN_POINT('',(200.578998546148,20.5450364491289,-9.79999999999987));
#2182=CARTESIAN_POINT('',(200.578998546148,20.5450364491289,-3.09999999999987));
#2183=CARTESIAN_POINT('',(200.693296505307,30.1443560071253,-3.09999999999987));
#2184=CARTESIAN_POINT('',(200.693296505307,30.1443560071253,-8.29999999999987));
#2185=CARTESIAN_POINT('',(200.655197185587,26.9445828211265,-8.29999999999987));
#2186=CARTESIAN_POINT('',(200.617097865868,23.7448096351277,-8.29999999999986));
#2187=CARTESIAN_POINT('',(200.578998546148,20.5450364491289,-8.29999999999986));
#2188=CARTESIAN_POINT('',(200.693296505307,30.1443560071253,-9.79999999999987));
#2189=CARTESIAN_POINT('',(205.564356904376,19.2855913173173,-9.79999999999987));
#2190=CARTESIAN_POINT('',(205.564356904376,19.2855913173173,-9.79999999999987));
#2191=CARTESIAN_POINT('',(205.564356904376,19.2855913173173,-10.2494645985191));
#2192=CARTESIAN_POINT('',(205.635833962895,25.2885954901952,-10.2494645985191));
#2193=CARTESIAN_POINT('',(205.707311021413,31.2915996630732,-10.2494645985191));
#2194=CARTESIAN_POINT('',(205.707311021413,31.2915996630732,-10.2494645985191));
#2195=CARTESIAN_POINT('',(205.635833962895,25.2885954901952,-10.2494645985191));
#2196=CARTESIAN_POINT('',(205.65845544532,27.188461771919,-10.2494645985191));
#2197=CARTESIAN_POINT('',(198.851707017342,31.366362639089,-10.2494645985191));
#2198=CARTESIAN_POINT('',(204.779359909718,31.3017193238159,-10.2494645985191));
#2199=CARTESIAN_POINT('',(203.851408798023,31.3118389845586,-10.2494645985191));
#2200=CARTESIAN_POINT('',(203.851408798023,31.3118389845586,-10.2494645985191));
#2201=CARTESIAN_POINT('',(200.701597946842,31.3461888730558,-10.2494645985191));
#2202=CARTESIAN_POINT('',(200.701597946842,31.3461888730558,-10.2494645985191));
#2203=CARTESIAN_POINT('',(198.851707017342,31.366362639089,-10.2494645985191));
#2204=CARTESIAN_POINT('',(198.857714877047,31.3662971210879,-10.2494645985191));
#2205=CARTESIAN_POINT('',(198.857714877047,31.3662971210879,-9.79999999999987));
#2206=CARTESIAN_POINT('',(198.857714877047,31.3662971210879,-9.79999999999987));
#2207=CARTESIAN_POINT('',(198.786237818528,25.3632929482099,-10.2494645985191));
#2208=CARTESIAN_POINT('',(198.71476076001,19.3602887753319,-10.2494645985191));
#2209=CARTESIAN_POINT('',(198.71476076001,19.3602887753319,-7.89999999999987));
#2210=CARTESIAN_POINT('',(198.786237818528,25.3632929482099,-10.2494645985191));
#2211=CARTESIAN_POINT('',(198.808859300953,27.2631592299337,-10.2494645985191));
#2212=CARTESIAN_POINT('',(198.720775488084,19.3602231824286,-7.89999999999987));
#2213=CARTESIAN_POINT('',(198.720775488084,19.3602231824286,-10.2494645985191));
#2214=CARTESIAN_POINT('',(200.570666417584,19.3400494163955,-10.2494645985191));
#2215=CARTESIAN_POINT('',(200.570666417584,19.3400494163955,-7.89999999999987));
#2216=CARTESIAN_POINT('',(203.720477268765,19.3056995278982,-7.89999999999987));
#2217=CARTESIAN_POINT('',(203.720477268765,19.3056995278982,-10.2494645985191));
#2218=CARTESIAN_POINT('',(204.642417086571,19.2956454226077,-10.2494645985191));
#2219=CARTESIAN_POINT('',(200.693296505307,30.1443560071253,-9.79999999999987));
#2220=CARTESIAN_POINT('',(200.693296505307,30.1443560071253,-3.09999999999987));
#2221=CARTESIAN_POINT('',(198.786241252713,25.3632929107588,-10.2494645985191));
#2222=CARTESIAN_POINT('',(200.636132182213,25.3431191447256,-10.2494645985191));
#2223=CARTESIAN_POINT('',(198.786241252713,25.3632929107588,-10.2494645985191));
#2224=CARTESIAN_POINT('',(200.636132182213,25.3431191447256,-10.2494645985191));
#2225=CARTESIAN_POINT('',(200.656851174779,27.2430061738269,-10.2494645985191));
#2226=CARTESIAN_POINT('',(200.636132182213,25.3431191447256,-10.2494645985191));
#2227=CARTESIAN_POINT('',(203.785943033394,25.3087692562284,-10.2494645985191));
#2228=CARTESIAN_POINT('',(203.785943033394,25.3087692562284,-10.2494645985191));
#2229=CARTESIAN_POINT('',(203.785943033394,25.3087692562284,-10.2494645985191));
#2230=CARTESIAN_POINT('',(203.785943033394,25.3087692562284,-10.2494645985191));
#2231=CARTESIAN_POINT('',(203.806662025959,27.2086562853296,-10.2494645985191));
#2232=CARTESIAN_POINT('',(203.785943033394,25.3087692562284,-10.2494645985191));
#2233=CARTESIAN_POINT('',(213.339235149226,0.520032591539395,-3.09999999999987));
#2234=CARTESIAN_POINT('',(0.,0.,0.));
#2235=CARTESIAN_POINT('',(24.7137756937922,56.6343183834722,-8.5));
#2236=CARTESIAN_POINT('',(-18.,61.5,19.5));
#2237=MECHANICAL_DESIGN_GEOMETRIC_PRESENTATION_REPRESENTATION('',(#1319),
#2238);
#2238=(
GEOMETRIC_REPRESENTATION_CONTEXT(3)
GLOBAL_UNCERTAINTY_ASSIGNED_CONTEXT((#2239))
GLOBAL_UNIT_ASSIGNED_CONTEXT((#2242,#2241,#2240))
REPRESENTATION_CONTEXT('M01L-03','TOP_LEVEL_ASSEMBLY_PART')
);
#2239=UNCERTAINTY_MEASURE_WITH_UNIT(LENGTH_MEASURE(0.005),#2242,
'DISTANCE_ACCURACY_VALUE','Maximum Tolerance applied to model');
#2240=(
NAMED_UNIT(*)
SI_UNIT($,.STERADIAN.)
SOLID_ANGLE_UNIT()
);
#2241=(
NAMED_UNIT(*)
PLANE_ANGLE_UNIT()
SI_UNIT($,.RADIAN.)
);
#2242=(
LENGTH_UNIT()
NAMED_UNIT(*)
SI_UNIT(.MILLI.,.METRE.)
);
#2243=PRODUCT_DEFINITION_SHAPE('','',#2244);
#2244=PRODUCT_DEFINITION('','',#2246,#2245);
#2245=PRODUCT_DEFINITION_CONTEXT('',#2252,'design');
#2246=PRODUCT_DEFINITION_FORMATION_WITH_SPECIFIED_SOURCE('','',#2248,
 .NOT_KNOWN.);
#2247=PRODUCT_RELATED_PRODUCT_CATEGORY('','',(#2248));
#2248=PRODUCT('M01L-03','M01L-03','M01L-03',(#2250));
#2249=PRODUCT_CATEGORY('','');
#2250=PRODUCT_CONTEXT('',#2252,'mechanical');
#2251=APPLICATION_PROTOCOL_DEFINITION('international standard',
'ap242_managed_model_based_3d_engineering',2020,#2252);
#2252=APPLICATION_CONTEXT('managed model based 3d engineering');
ENDSEC;
END-ISO-10303-21;
