ISO-10303-21;
HEADER;
/* Generated by software containing ST-Developer
 * from STEP Tools, Inc. (www.steptools.com) 
 */
/* OPTION: using custom renumber hook */

FILE_DESCRIPTION(
/* description */ (
'CAx-IF Rec.Pracs.---Representation and Presentation of Product Manufa
cturing Information (PMI)---4.0---2014-10-13',
'CAx-IF Rec.Pracs.---3D Tessellated Geometry---0.4---2014-09-14','2;1'),

/* implementation_level */ '2;1');

FILE_NAME(
/* name */ 'M04-02-02',
/* time_stamp */ '2026-04-13T01:14:54+03:00',
/* author */ (''),
/* organization */ (''),
/* preprocessor_version */ 'ST-DEVELOPER v18.102',
/* originating_system */ 'SIEMENS PLM Software NX2206.9140',
/* authorisation */ $);

FILE_SCHEMA (('FEATURE_BASED_PROCESS_PLANNING','AP242_MANAGED_MODEL_BASED_3D_ENGINEERING_MIM_LF { 1 0 10303 442 3 1 4 }'));
ENDSEC;

DATA;
#10=CONSTRUCTIVE_GEOMETRY_REPRESENTATION_RELATIONSHIP(
'supplemental geometry','',#6416,#11);
#11=CONSTRUCTIVE_GEOMETRY_REPRESENTATION('supplemental geometry',(#6914,
#6915),#11842);
#12=(
BOUNDED_CURVE()
B_SPLINE_CURVE(3,(#10870,#10871,#10872,#10873),.UNSPECIFIED.,.F.,.F.)
B_SPLINE_CURVE_WITH_KNOTS((4,4),(0.,1.),.PIECEWISE_BEZIER_KNOTS.)
CURVE()
GEOMETRIC_REPRESENTATION_ITEM()
RATIONAL_B_SPLINE_CURVE((0.502066784518414,0.499311071827195,0.499311071827195,
0.502066784518414))
REPRESENTATION_ITEM('')
);
#13=(
BOUNDED_CURVE()
B_SPLINE_CURVE(3,(#11110,#11111,#11112,#11113),.UNSPECIFIED.,.F.,.F.)
B_SPLINE_CURVE_WITH_KNOTS((4,4),(0.,1.),.PIECEWISE_BEZIER_KNOTS.)
CURVE()
GEOMETRIC_REPRESENTATION_ITEM()
RATIONAL_B_SPLINE_CURVE((0.502066784518415,0.499311071827195,0.499311071827195,
0.502066784518415))
REPRESENTATION_ITEM('')
);
#14=B_SPLINE_SURFACE_WITH_KNOTS('',1,3,((#10621,#10622,#10623,#10624,#10625,
#10626,#10627,#10628,#10629,#10630,#10631,#10632,#10633,#10634,#10635,#10636,
#10637,#10638,#10639,#10640,#10641,#10642,#10643,#10644,#10645,#10646,#10647,
#10648,#10649,#10650,#10651,#10652,#10653,#10654,#10655,#10656,#10657,#10658,
#10659,#10660,#10661,#10662,#10663,#10664,#10665,#10666,#10667,#10668,#10669,
#10670,#10671,#10672,#10673,#10674,#10675,#10676,#10677,#10678,#10679,#10680,
#10681,#10682,#10683,#10684),(#10685,#10686,#10687,#10688,#10689,#10690,
#10691,#10692,#10693,#10694,#10695,#10696,#10697,#10698,#10699,#10700,#10701,
#10702,#10703,#10704,#10705,#10706,#10707,#10708,#10709,#10710,#10711,#10712,
#10713,#10714,#10715,#10716,#10717,#10718,#10719,#10720,#10721,#10722,#10723,
#10724,#10725,#10726,#10727,#10728,#10729,#10730,#10731,#10732,#10733,#10734,
#10735,#10736,#10737,#10738,#10739,#10740,#10741,#10742,#10743,#10744,#10745,
#10746,#10747,#10748)),.SURF_OF_LINEAR_EXTRUSION.,.F.,.F.,.F.,(2,2),(4,
2,2,2,2,2,2,2,2,2,2,2,2,2,2,2,2,2,2,2,2,2,2,2,2,2,2,2,2,2,2,4),(0.,0.600000000000067),
(0.,0.0048472802806793,0.00727092042101896,0.00848274049118878,0.00969456056135861,
0.0145418408420379,0.0169654809823776,0.0181773010525474,0.0193891211227172,
0.0242364014033965,0.0266600415437362,0.027871861613906,0.0290836816840758,
0.0339309619647551,0.0363546021050948,0.0375664221752646,0.0387782422454344,
0.0436255225261137,0.0460491626664534,0.0472609827366232,0.048472802806793,
0.0533200830874723,0.055743723227812,0.0569555432979818,0.0581673633681516,
0.063014643648831,0.0654382837891706,0.0678619239295103,0.0727092042101896,
0.0739210242803594,0.0751328443505292,0.0775564844908689),.UNSPECIFIED.);
#15=B_SPLINE_SURFACE_WITH_KNOTS('',1,3,((#10751,#10752,#10753,#10754,#10755,
#10756,#10757),(#10758,#10759,#10760,#10761,#10762,#10763,#10764)),
 .SURF_OF_LINEAR_EXTRUSION.,.F.,.F.,.F.,(2,2),(4,3,4),(0.,0.603652736262517),
(5.75670675340089E-6,6.75670675147344E-6,0.0300936749739859),
 .PIECEWISE_BEZIER_KNOTS.);
#16=B_SPLINE_SURFACE_WITH_KNOTS('',1,3,((#10790,#10791,#10792,#10793,#10794,
#10795,#10796),(#10797,#10798,#10799,#10800,#10801,#10802,#10803)),
 .RULED_SURF.,.F.,.F.,.F.,(2,2),(4,3,4),(0.,0.603664387398643),(0.,0.00315077454109809,
0.00315730811092813),.PIECEWISE_BEZIER_KNOTS.);
#17=B_SPLINE_SURFACE_WITH_KNOTS('',1,3,((#10809,#10810,#10811,#10812),(#10813,
#10814,#10815,#10816)),.SURF_OF_LINEAR_EXTRUSION.,.F.,.F.,.F.,(2,2),(4,
4),(0.,0.600000000252898),(0.000161779754127084,0.0269623586564274),
 .PIECEWISE_BEZIER_KNOTS.);
#18=B_SPLINE_SURFACE_WITH_KNOTS('',1,3,((#10832,#10833,#10834,#10835),(#10836,
#10837,#10838,#10839)),.RULED_SURF.,.F.,.F.,.F.,(2,2),(4,4),(0.396400000001871,
1.),(2.60208521396521E-17,0.00243593247640475),.PIECEWISE_BEZIER_KNOTS.);
#19=B_SPLINE_SURFACE_WITH_KNOTS('',1,3,((#10846,#10847,#10848,#10849),(#10850,
#10851,#10852,#10853)),.SURF_OF_LINEAR_EXTRUSION.,.F.,.F.,.F.,(2,2),(4,
4),(0.,0.600000000000025),(0.,0.00235883056021531),
 .PIECEWISE_BEZIER_KNOTS.);
#20=B_SPLINE_SURFACE_WITH_KNOTS('',3,1,((#10860,#10861),(#10862,#10863),
(#10864,#10865),(#10866,#10867)),.SURF_OF_LINEAR_EXTRUSION.,.F.,.F.,.F.,
(4,4),(2,2),(0.,1.),(0.,1.),.PIECEWISE_BEZIER_KNOTS.);
#21=B_SPLINE_SURFACE_WITH_KNOTS('',3,1,((#11098,#11099),(#11100,#11101),
(#11102,#11103),(#11104,#11105)),.SURF_OF_LINEAR_EXTRUSION.,.F.,.F.,.F.,
(4,4),(2,2),(0.,1.),(0.,1.),.PIECEWISE_BEZIER_KNOTS.);
#22=B_SPLINE_SURFACE_WITH_KNOTS('',1,3,((#11114,#11115,#11116,#11117),(#11118,
#11119,#11120,#11121)),.SURF_OF_LINEAR_EXTRUSION.,.F.,.F.,.F.,(2,2),(4,
4),(0.,0.600000000001798),(4.6090009039879E-5,0.00261502148672956),
 .PIECEWISE_BEZIER_KNOTS.);
#23=B_SPLINE_SURFACE_WITH_KNOTS('',1,3,((#11132,#11133,#11134,#11135),(#11136,
#11137,#11138,#11139)),.RULED_SURF.,.F.,.F.,.F.,(2,2),(4,4),(0.396399998485946,
1.),(3.03576608295941E-17,0.00243593304560867),.PIECEWISE_BEZIER_KNOTS.);
#24=B_SPLINE_SURFACE_WITH_KNOTS('',1,3,((#11146,#11147,#11148,#11149),(#11150,
#11151,#11152,#11153)),.SURF_OF_LINEAR_EXTRUSION.,.F.,.F.,.F.,(2,2),(4,
4),(0.,0.603652200406013),(0.0001621496907303,0.0269627309026013),
 .PIECEWISE_BEZIER_KNOTS.);
#25=B_SPLINE_SURFACE_WITH_KNOTS('',1,3,((#11160,#11161,#11162,#11163),(#11164,
#11165,#11166,#11167)),.RULED_SURF.,.F.,.F.,.F.,(2,2),(4,4),(0.,0.603661659231924),
(0.,0.00294058432558127),.PIECEWISE_BEZIER_KNOTS.);
#26=B_SPLINE_SURFACE_WITH_KNOTS('',1,3,((#11174,#11175,#11176,#11177),(#11178,
#11179,#11180,#11181)),.RULED_SURF.,.F.,.F.,.F.,(2,2),(4,4),(0.,0.600052582441845),
(7.77915058758349E-18,0.000217032162512728),.PIECEWISE_BEZIER_KNOTS.);
#27=B_SPLINE_SURFACE_WITH_KNOTS('',1,3,((#11192,#11193,#11194,#11195),(#11196,
#11197,#11198,#11199)),.SURF_OF_LINEAR_EXTRUSION.,.F.,.F.,.F.,(2,2),(4,
4),(0.,0.600000000000062),(0.,0.0298764793164132),
 .PIECEWISE_BEZIER_KNOTS.);
#28=B_SPLINE_SURFACE_WITH_KNOTS('',1,3,((#11206,#11207,#11208,#11209,#11210,
#11211,#11212,#11213,#11214,#11215,#11216,#11217,#11218,#11219,#11220,#11221,
#11222,#11223,#11224,#11225,#11226,#11227,#11228,#11229,#11230,#11231,#11232,
#11233,#11234,#11235,#11236,#11237,#11238,#11239,#11240,#11241,#11242,#11243,
#11244,#11245,#11246,#11247,#11248,#11249,#11250,#11251,#11252,#11253,#11254,
#11255,#11256,#11257,#11258,#11259,#11260,#11261,#11262,#11263,#11264,#11265,
#11266,#11267,#11268,#11269),(#11270,#11271,#11272,#11273,#11274,#11275,
#11276,#11277,#11278,#11279,#11280,#11281,#11282,#11283,#11284,#11285,#11286,
#11287,#11288,#11289,#11290,#11291,#11292,#11293,#11294,#11295,#11296,#11297,
#11298,#11299,#11300,#11301,#11302,#11303,#11304,#11305,#11306,#11307,#11308,
#11309,#11310,#11311,#11312,#11313,#11314,#11315,#11316,#11317,#11318,#11319,
#11320,#11321,#11322,#11323,#11324,#11325,#11326,#11327,#11328,#11329,#11330,
#11331,#11332,#11333)),.SURF_OF_LINEAR_EXTRUSION.,.F.,.F.,.F.,(2,2),(4,
2,2,2,2,2,2,2,2,2,2,2,2,2,2,2,2,2,2,2,2,2,2,2,2,2,2,2,2,2,2,4),(0.,0.600000000000123),
(0.,0.00470803463655603,0.00706205195483404,0.00823906061397305,0.00941606927311206,
0.0141241039096681,0.0164781212279461,0.0176551298870851,0.0188321385462241,
0.0235401731827801,0.0258941905010582,0.0270711991601972,0.0282482078193362,
0.0329562424558922,0.0353102597741702,0.0364872684333092,0.0376642770924482,
0.0423723117290043,0.0447263290472823,0.0459033377064213,0.0470803463655603,
0.0517883810021163,0.0541423983203943,0.0553194069795333,0.0564964156386723,
0.0612044502752284,0.0635584675935064,0.0659124849117844,0.0706205195483404,
0.0717975282074794,0.0729745368666184,0.0753285541848965),.UNSPECIFIED.);
#29=B_SPLINE_SURFACE_WITH_KNOTS('',3,1,((#11570,#11571),(#11572,#11573),
(#11574,#11575),(#11576,#11577)),.SURF_OF_LINEAR_EXTRUSION.,.F.,.F.,.F.,
(4,4),(2,2),(0.571268397087989,0.8598709824799),(0.,1.),
 .PIECEWISE_BEZIER_KNOTS.);
#30=B_SPLINE_SURFACE_WITH_KNOTS('',3,1,((#11743,#11744),(#11745,#11746),
(#11747,#11748),(#11749,#11750)),.SURF_OF_LINEAR_EXTRUSION.,.F.,.F.,.F.,
(4,4),(2,2),(0.401253968836911,0.535562306148276),(0.,1.),
 .PIECEWISE_BEZIER_KNOTS.);
#31=B_SPLINE_SURFACE_WITH_KNOTS('',1,3,((#11826,#11827,#11828,#11829),(#11830,
#11831,#11832,#11833)),.SURF_OF_LINEAR_EXTRUSION.,.F.,.F.,.F.,(2,2),(4,
4),(-14.9928016140223,11.2108144928768),(0.000161779754127084,0.0269623586564274),
 .PIECEWISE_BEZIER_KNOTS.);
#32=CONICAL_SURFACE('',#6536,20.5543985514298,0.0749435355535986);
#33=CONICAL_SURFACE('',#6599,25.6867002549137,1.48744399765498);
#34=CONICAL_SURFACE('',#6726,26.004833972878,0.0749435355536036);
#35=CONICAL_SURFACE('',#6911,28.0852238848025,0.785398163397446);
#36=(
BOUNDED_SURFACE()
B_SPLINE_SURFACE(3,3,((#8526,#8527,#8528,#8529),(#8530,#8531,#8532,#8533),
(#8534,#8535,#8536,#8537),(#8538,#8539,#8540,#8541),(#8542,#8543,#8544,
#8545),(#8546,#8547,#8548,#8549),(#8550,#8551,#8552,#8553)),
 .RULED_SURF.,.T.,.F.,.F.)
B_SPLINE_SURFACE_WITH_KNOTS((4,3,4),(4,4),(0.,0.5,1.),(0.,8.72168850302691),
 .PIECEWISE_BEZIER_KNOTS.)
GEOMETRIC_REPRESENTATION_ITEM()
RATIONAL_B_SPLINE_SURFACE(((1.,1.,1.,1.),(0.333333333333334,0.333333333333335,
0.333333333333334,0.333333333333334),(0.333333333333333,0.333333333333332,
0.333333333333333,0.333333333333333),(1.,1.,1.,1.),(0.333333333333333,0.333333333333332,
0.333333333333333,0.333333333333333),(0.333333333333334,0.333333333333332,
0.333333333333334,0.333333333333334),(1.,1.,1.,1.)))
REPRESENTATION_ITEM('')
SURFACE()
);
#37=(
BOUNDED_SURFACE()
B_SPLINE_SURFACE(3,2,((#8837,#8838,#8839),(#8840,#8841,#8842),(#8843,#8844,
#8845),(#8846,#8847,#8848)),.UNSPECIFIED.,.F.,.F.,.F.)
B_SPLINE_SURFACE_WITH_KNOTS((4,4),(3,3),(0.00106507210770639,0.00344099454425108),
(0.,1.),.PIECEWISE_BEZIER_KNOTS.)
GEOMETRIC_REPRESENTATION_ITEM()
RATIONAL_B_SPLINE_SURFACE(((1.,0.707096655960249,1.),(1.,0.707096655960249,
1.),(1.,0.707096663609275,1.),(1.,0.707096678532979,1.)))
REPRESENTATION_ITEM('')
SURFACE()
);
#38=(
BOUNDED_SURFACE()
B_SPLINE_SURFACE(3,2,((#9264,#9265,#9266),(#9267,#9268,#9269),(#9270,#9271,
#9272),(#9273,#9274,#9275)),.UNSPECIFIED.,.F.,.F.,.F.)
B_SPLINE_SURFACE_WITH_KNOTS((4,4),(3,3),(0.,1.73248452479053E-5),(0.,1.),
 .PIECEWISE_BEZIER_KNOTS.)
GEOMETRIC_REPRESENTATION_ITEM()
RATIONAL_B_SPLINE_SURFACE(((1.,0.707117252349661,1.),(1.,0.707113740837651,
1.),(1.,0.707110229354585,1.),(1.,0.707106717902692,1.)))
REPRESENTATION_ITEM('')
SURFACE()
);
#39=(
BOUNDED_SURFACE()
B_SPLINE_SURFACE(3,2,((#9287,#9288,#9289),(#9290,#9291,#9292),(#9293,#9294,
#9295),(#9296,#9297,#9298)),.UNSPECIFIED.,.F.,.F.,.F.)
B_SPLINE_SURFACE_WITH_KNOTS((4,4),(3,3),(0.000731276680373479,0.00377927527269384),
(0.,1.),.PIECEWISE_BEZIER_KNOTS.)
GEOMETRIC_REPRESENTATION_ITEM()
RATIONAL_B_SPLINE_SURFACE(((1.,0.707117252799829,1.),(1.,0.707117272678133,
1.),(1.,0.707117279501109,1.),(1.,0.707117273440223,1.)))
REPRESENTATION_ITEM('')
SURFACE()
);
#40=(
BOUNDED_SURFACE()
B_SPLINE_SURFACE(3,2,((#9322,#9323,#9324),(#9325,#9326,#9327),(#9328,#9329,
#9330),(#9331,#9332,#9333)),.UNSPECIFIED.,.F.,.F.,.F.)
B_SPLINE_SURFACE_WITH_KNOTS((4,4),(3,3),(4.71204169210719,4.71238899528636),
(0.,1.),.PIECEWISE_BEZIER_KNOTS.)
GEOMETRIC_REPRESENTATION_ITEM()
RATIONAL_B_SPLINE_SURFACE(((1.,0.707117252098148,1.),(1.,0.707113761670534,
1.),(1.,0.707110271216831,1.),(1.,0.707106780737253,1.)))
REPRESENTATION_ITEM('')
SURFACE()
);
#41=(
BOUNDED_SURFACE()
B_SPLINE_SURFACE(3,2,((#9345,#9346,#9347),(#9348,#9349,#9350),(#9351,#9352,
#9353),(#9354,#9355,#9356)),.UNSPECIFIED.,.F.,.F.,.F.)
B_SPLINE_SURFACE_WITH_KNOTS((4,4),(3,3),(-2.04063014428983E-7,1.70160789319844E-5),
(0.,1.),.PIECEWISE_BEZIER_KNOTS.)
GEOMETRIC_REPRESENTATION_ITEM()
RATIONAL_B_SPLINE_SURFACE(((1.,0.707106902789434,1.),(1.,0.707103494736351,
1.),(1.,0.707100086604081,1.),(1.,0.707096678394747,1.)))
REPRESENTATION_ITEM('')
SURFACE()
);
#42=(
BOUNDED_SURFACE()
B_SPLINE_SURFACE(3,2,((#9368,#9369,#9370),(#9371,#9372,#9373),(#9374,#9375,
#9376),(#9377,#9378,#9379)),.UNSPECIFIED.,.F.,.F.,.F.)
B_SPLINE_SURFACE_WITH_KNOTS((4,4),(3,3),(4.71238896542376,4.71273008187357),
(0.,1.),.PIECEWISE_BEZIER_KNOTS.)
GEOMETRIC_REPRESENTATION_ITEM()
RATIONAL_B_SPLINE_SURFACE(((1.,0.707106781637628,1.),(1.,0.707103353336176,
1.),(1.,0.707099925009874,1.),(1.,0.707096496658704,1.)))
REPRESENTATION_ITEM('')
SURFACE()
);
#43=(
BOUNDED_SURFACE()
B_SPLINE_SURFACE(3,2,((#9381,#9382,#9383),(#9384,#9385,#9386),(#9387,#9388,
#9389),(#9390,#9391,#9392)),.UNSPECIFIED.,.F.,.F.,.F.)
B_SPLINE_SURFACE_WITH_KNOTS((4,4),(3,3),(1.5707963267949,1.5711378195251),
(0.,1.),.PIECEWISE_BEZIER_KNOTS.)
GEOMETRIC_REPRESENTATION_ITEM()
RATIONAL_B_SPLINE_SURFACE(((1.,0.70710678118655,1.),(1.,0.707103345316958,
1.),(1.,0.707099909422127,1.),(1.,0.707096473502707,1.)))
REPRESENTATION_ITEM('')
SURFACE()
);
#44=(
BOUNDED_SURFACE()
B_SPLINE_SURFACE(3,2,((#9401,#9402,#9403),(#9404,#9405,#9406),(#9407,#9408,
#9409),(#9410,#9411,#9412)),.UNSPECIFIED.,.F.,.F.,.F.)
B_SPLINE_SURFACE_WITH_KNOTS((4,4),(3,3),(0.00106505834382598,0.00342674947077789),
(0.,1.),.PIECEWISE_BEZIER_KNOTS.)
GEOMETRIC_REPRESENTATION_ITEM()
RATIONAL_B_SPLINE_SURFACE(((1.,0.707096677948086,1.),(1.,0.707096663302395,
1.),(1.,0.707096655959105,1.),(1.,0.707096655959105,1.)))
REPRESENTATION_ITEM('')
SURFACE()
);
#45=(
BOUNDED_SURFACE()
B_SPLINE_SURFACE(3,2,((#9516,#9517,#9518),(#9519,#9520,#9521),(#9522,#9523,
#9524),(#9525,#9526,#9527)),.UNSPECIFIED.,.F.,.F.,.F.)
B_SPLINE_SURFACE_WITH_KNOTS((4,4),(3,3),(-1.03433801753213E-7,1.72389669588688E-5),
(0.,1.),.PIECEWISE_BEZIER_KNOTS.)
GEOMETRIC_REPRESENTATION_ITEM()
RATIONAL_B_SPLINE_SURFACE(((1.,0.707106718231621,1.),(1.,0.707110236712924,
1.),(1.,0.707113755185747,1.),(1.,0.707117273646872,1.)))
REPRESENTATION_ITEM('')
SURFACE()
);
#46=(
BOUNDED_SURFACE()
B_SPLINE_SURFACE(3,2,((#9536,#9537,#9538),(#9539,#9540,#9541),(#9542,#9543,
#9544),(#9545,#9546,#9547)),.UNSPECIFIED.,.F.,.F.,.F.)
B_SPLINE_SURFACE_WITH_KNOTS((4,4),(3,3),(0.000731277292958604,0.00376111418555566),
(0.,1.),.PIECEWISE_BEZIER_KNOTS.)
GEOMETRIC_REPRESENTATION_ITEM()
RATIONAL_B_SPLINE_SURFACE(((1.,0.707117273646881,1.),(1.,0.707117279379856,
1.),(1.,0.707117272258762,1.),(1.,0.707117252462632,1.)))
REPRESENTATION_ITEM('')
SURFACE()
);
#47=(
BOUNDED_SURFACE()
B_SPLINE_SURFACE(3,3,((#9580,#9581,#9582,#9583),(#9584,#9585,#9586,#9587),
(#9588,#9589,#9590,#9591),(#9592,#9593,#9594,#9595)),.RULED_SURF.,.F.,.F.,
 .F.)
B_SPLINE_SURFACE_WITH_KNOTS((4,4),(4,4),(0.25,0.255891576532016),(0.396400000001796,
1.),.PIECEWISE_BEZIER_KNOTS.)
GEOMETRIC_REPRESENTATION_ITEM()
RATIONAL_B_SPLINE_SURFACE(((0.5,0.5,0.5,0.5),(0.5,0.5,0.5,0.5),(0.50009256179742,
0.50009256179742,0.50009256179742,0.50009256179742),(0.500277685392261,
0.500277685392261,0.500277685392261,0.500277685392261)))
REPRESENTATION_ITEM('')
SURFACE()
);
#48=(
BOUNDED_SURFACE()
B_SPLINE_SURFACE(3,2,((#9811,#9812,#9813),(#9814,#9815,#9816),(#9817,#9818,
#9819),(#9820,#9821,#9822),(#9823,#9824,#9825),(#9826,#9827,#9828),(#9829,
#9830,#9831),(#9832,#9833,#9834),(#9835,#9836,#9837)),.UNSPECIFIED.,.F.,
 .F.,.F.)
B_SPLINE_SURFACE_WITH_KNOTS((4,1,1,1,1,1,4),(3,3),(0.,0.0193895652403241,
0.0290843478604861,0.0387791304806481,0.0484739131008102,0.0581686957209722,
0.0775582609612963),(0.,1.),.UNSPECIFIED.)
GEOMETRIC_REPRESENTATION_ITEM()
RATIONAL_B_SPLINE_SURFACE(((1.,0.707106781186544,1.),(1.,0.707106781186544,
1.),(1.,0.707106781186581,1.),(1.,0.707106781186507,1.),(1.,0.707106781186504,
1.),(1.,0.707106781186602,1.),(1.,0.707106781186483,1.),(1.,0.707106781186546,
1.),(1.,0.707106781186546,1.)))
REPRESENTATION_ITEM('')
SURFACE()
);
#49=(
BOUNDED_SURFACE()
B_SPLINE_SURFACE(3,2,((#9851,#9852,#9853),(#9854,#9855,#9856),(#9857,#9858,
#9859),(#9860,#9861,#9862)),.UNSPECIFIED.,.F.,.F.,.F.)
B_SPLINE_SURFACE_WITH_KNOTS((4,4),(3,3),(0.,0.0300343407930451),(0.,1.),
 .PIECEWISE_BEZIER_KNOTS.)
GEOMETRIC_REPRESENTATION_ITEM()
RATIONAL_B_SPLINE_SURFACE(((1.,0.707106781186544,1.),(1.,0.707106781186544,
1.),(1.,0.707106781186548,1.),(1.,0.707106781186548,1.)))
REPRESENTATION_ITEM('')
SURFACE()
);
#50=(
BOUNDED_SURFACE()
B_SPLINE_SURFACE(3,2,((#9889,#9890,#9891),(#9892,#9893,#9894),(#9895,#9896,
#9897),(#9898,#9899,#9900)),.UNSPECIFIED.,.F.,.F.,.F.)
B_SPLINE_SURFACE_WITH_KNOTS((4,4),(3,3),(-6.15170941371318E-7,5.27744326290328E-5),
(0.,1.),.PIECEWISE_BEZIER_KNOTS.)
GEOMETRIC_REPRESENTATION_ITEM()
RATIONAL_B_SPLINE_SURFACE(((1.,0.707200138425531,1.),(1.,0.707169021274092,
1.),(1.,0.707137902187588,1.),(1.,0.707106781186555,1.)))
REPRESENTATION_ITEM('')
SURFACE()
);
#51=(
BOUNDED_SURFACE()
B_SPLINE_SURFACE(3,3,((#9910,#9911,#9912,#9913),(#9914,#9915,#9916,#9917),
(#9918,#9919,#9920,#9921),(#9922,#9923,#9924,#9925)),.RULED_SURF.,.F.,.F.,
 .F.)
B_SPLINE_SURFACE_WITH_KNOTS((4,4),(4,4),(0.244108423456818,0.251745357607624),
(0.396394027282326,1.),.PIECEWISE_BEZIER_KNOTS.)
GEOMETRIC_REPRESENTATION_ITEM()
RATIONAL_B_SPLINE_SURFACE(((0.500277685393314,0.500277685393313,0.500277685393313,
0.500277685393314),(0.500037719622088,0.500037719622088,0.500037719622088,
0.500037719622088),(0.49995328121946,0.49995328121946,0.49995328121946,
0.49995328121946),(0.500024370185428,0.500024370185428,0.500024370185428,
0.500024370185428)))
REPRESENTATION_ITEM('')
SURFACE()
);
#52=(
BOUNDED_SURFACE()
B_SPLINE_SURFACE(3,2,((#9927,#9928,#9929),(#9930,#9931,#9932),(#9933,#9934,
#9935),(#9936,#9937,#9938)),.UNSPECIFIED.,.F.,.F.,.F.)
B_SPLINE_SURFACE_WITH_KNOTS((4,4),(3,3),(1.57044867412307,1.5707963267949),
(0.,1.),.PIECEWISE_BEZIER_KNOTS.)
GEOMETRIC_REPRESENTATION_ITEM()
RATIONAL_B_SPLINE_SURFACE(((1.,0.707117273633538,1.),(1.,0.707113776177205,
1.),(1.,0.707110278694922,1.),(1.,0.707106781186544,1.)))
REPRESENTATION_ITEM('')
SURFACE()
);
#53=(
BOUNDED_SURFACE()
B_SPLINE_SURFACE(3,2,((#9942,#9943,#9944),(#9945,#9946,#9947),(#9948,#9949,
#9950),(#9951,#9952,#9953)),.UNSPECIFIED.,.F.,.F.,.F.)
B_SPLINE_SURFACE_WITH_KNOTS((4,4),(3,3),(0.000890431393554251,0.00397756018763982),
(0.,1.),.PIECEWISE_BEZIER_KNOTS.)
GEOMETRIC_REPRESENTATION_ITEM()
RATIONAL_B_SPLINE_SURFACE(((1.,0.707199720221537,1.),(1.,0.707199720221537,
1.),(1.,0.707199712351552,1.),(1.,0.707199552266764,1.)))
REPRESENTATION_ITEM('')
SURFACE()
);
#54=(
BOUNDED_SURFACE()
B_SPLINE_SURFACE(3,2,((#9960,#9961,#9962),(#9963,#9964,#9965),(#9966,#9967,
#9968),(#9969,#9970,#9971)),.UNSPECIFIED.,.F.,.F.,.F.)
B_SPLINE_SURFACE_WITH_KNOTS((4,4),(3,3),(-3.16927611620016E-7,5.2821268603336E-5),
(0.,1.),.PIECEWISE_BEZIER_KNOTS.)
GEOMETRIC_REPRESENTATION_ITEM()
RATIONAL_B_SPLINE_SURFACE(((1.,0.707106223226956,1.),(1.,0.707137332518551,
1.),(1.,0.70716844244734,1.),(1.,0.707199550926938,1.)))
REPRESENTATION_ITEM('')
SURFACE()
);
#55=(
BOUNDED_SURFACE()
B_SPLINE_SURFACE(3,2,((#9978,#9979,#9980),(#9981,#9982,#9983),(#9984,#9985,
#9986),(#9987,#9988,#9989)),.UNSPECIFIED.,.F.,.F.,.F.)
B_SPLINE_SURFACE_WITH_KNOTS((4,4),(3,3),(0.00319942376911328,0.0299474985342857),
(0.,1.),.PIECEWISE_BEZIER_KNOTS.)
GEOMETRIC_REPRESENTATION_ITEM()
RATIONAL_B_SPLINE_SURFACE(((1.,0.707106781186553,1.),(1.,0.707106781186553,
1.),(1.,0.707106781186547,1.),(1.,0.707106781186547,1.)))
REPRESENTATION_ITEM('')
SURFACE()
);
#56=(
BOUNDED_SURFACE()
B_SPLINE_SURFACE(3,2,((#9996,#9997,#9998),(#9999,#10000,#10001),(#10002,
#10003,#10004),(#10005,#10006,#10007)),.UNSPECIFIED.,.F.,.F.,.F.)
B_SPLINE_SURFACE_WITH_KNOTS((4,4),(3,3),(-3.15001685102729E-7,5.25002808504549E-5),
(0.,1.),.PIECEWISE_BEZIER_KNOTS.)
GEOMETRIC_REPRESENTATION_ITEM()
RATIONAL_B_SPLINE_SURFACE(((1.,0.707015602915522,1.),(1.,0.707045998199994,
1.),(1.,0.707076391405053,1.),(1.,0.707106782529598,1.)))
REPRESENTATION_ITEM('')
SURFACE()
);
#57=(
BOUNDED_SURFACE()
B_SPLINE_SURFACE(3,2,((#10019,#10020,#10021),(#10022,#10023,#10024),(#10025,
#10026,#10027),(#10028,#10029,#10030)),.UNSPECIFIED.,.F.,.F.,.F.)
B_SPLINE_SURFACE_WITH_KNOTS((4,4),(3,3),(0.000549145453773689,0.00294673773098732),
(0.,1.),.PIECEWISE_BEZIER_KNOTS.)
GEOMETRIC_REPRESENTATION_ITEM()
RATIONAL_B_SPLINE_SURFACE(((1.,0.707017154615365,1.),(1.,0.707017033321622,
1.),(1.,0.70701696914275,1.),(1.,0.70701696914275,1.)))
REPRESENTATION_ITEM('')
SURFACE()
);
#58=(
BOUNDED_SURFACE()
B_SPLINE_SURFACE(3,3,((#10048,#10049,#10050,#10051),(#10052,#10053,#10054,
#10055),(#10056,#10057,#10058,#10059),(#10060,#10061,#10062,#10063)),
 .RULED_SURF.,.F.,.F.,.F.)
B_SPLINE_SURFACE_WITH_KNOTS((4,4),(4,4),(0.744108423467984,0.75),(0.396399999494657,
1.),.PIECEWISE_BEZIER_KNOTS.)
GEOMETRIC_REPRESENTATION_ITEM()
RATIONAL_B_SPLINE_SURFACE(((0.500277685392261,0.500277685392261,0.500277685392261,
0.500277685392261),(0.50009256179742,0.50009256179742,0.50009256179742,
0.50009256179742),(0.5,0.5,0.5,0.5),(0.5,0.5,0.5,0.5)))
REPRESENTATION_ITEM('')
SURFACE()
);
#59=(
BOUNDED_SURFACE()
B_SPLINE_SURFACE(3,2,((#10067,#10068,#10069),(#10070,#10071,#10072),(#10073,
#10074,#10075),(#10076,#10077,#10078)),.UNSPECIFIED.,.F.,.F.,.F.)
B_SPLINE_SURFACE_WITH_KNOTS((4,4),(3,3),(0.,0.00246597827835365),(0.,1.),
 .PIECEWISE_BEZIER_KNOTS.)
GEOMETRIC_REPRESENTATION_ITEM()
RATIONAL_B_SPLINE_SURFACE(((1.,0.70710678118655,1.),(1.,0.70710678118655,
1.),(1.,0.70710678118655,1.),(1.,0.70710678118655,1.)))
REPRESENTATION_ITEM('')
SURFACE()
);
#60=(
BOUNDED_SURFACE()
B_SPLINE_SURFACE(3,2,((#10093,#10094,#10095),(#10096,#10097,#10098),(#10099,
#10100,#10101),(#10102,#10103,#10104)),.UNSPECIFIED.,.F.,.F.,.F.)
B_SPLINE_SURFACE_WITH_KNOTS((4,4),(3,3),(-2.38524477946811E-18,0.00235883023394687),
(0.,1.),.PIECEWISE_BEZIER_KNOTS.)
GEOMETRIC_REPRESENTATION_ITEM()
RATIONAL_B_SPLINE_SURFACE(((1.,0.70710678118655,1.),(1.,0.70710678118655,
1.),(1.,0.70710678118655,1.),(1.,0.70710678118655,1.)))
REPRESENTATION_ITEM('')
SURFACE()
);
#61=(
BOUNDED_SURFACE()
B_SPLINE_SURFACE(3,2,((#10116,#10117,#10118),(#10119,#10120,#10121),(#10122,
#10123,#10124),(#10125,#10126,#10127)),.UNSPECIFIED.,.F.,.F.,.F.)
B_SPLINE_SURFACE_WITH_KNOTS((4,4),(3,3),(-6.0858304472752E-7,5.22468389357577E-5),
(0.,1.),.PIECEWISE_BEZIER_KNOTS.)
GEOMETRIC_REPRESENTATION_ITEM()
RATIONAL_B_SPLINE_SURFACE(((1.,0.707107827271113,1.),(1.,0.707077543154056,
1.),(1.,0.707047257063675,1.),(1.,0.707016969142743,1.)))
REPRESENTATION_ITEM('')
SURFACE()
);
#62=(
BOUNDED_SURFACE()
B_SPLINE_SURFACE(3,2,((#10166,#10167,#10168),(#10169,#10170,#10171),(#10172,
#10173,#10174),(#10175,#10176,#10177)),.UNSPECIFIED.,.F.,.F.,.F.)
B_SPLINE_SURFACE_WITH_KNOTS((4,4),(3,3),(-8.67361737988404E-19,1.7239281499252E-5),
(0.,1.),.PIECEWISE_BEZIER_KNOTS.)
GEOMETRIC_REPRESENTATION_ITEM()
RATIONAL_B_SPLINE_SURFACE(((1.,0.707096655960248,1.),(1.,0.707100071533956,
1.),(1.,0.707103487084446,1.),(1.,0.707106902610096,1.)))
REPRESENTATION_ITEM('')
SURFACE()
);
#63=(
BOUNDED_SURFACE()
B_SPLINE_SURFACE(3,2,((#10213,#10214,#10215),(#10216,#10217,#10218),(#10219,
#10220,#10221),(#10222,#10223,#10224)),.UNSPECIFIED.,.F.,.F.,.F.)
B_SPLINE_SURFACE_WITH_KNOTS((4,4),(3,3),(0.,0.00236354518825221),(0.,1.),
 .PIECEWISE_BEZIER_KNOTS.)
GEOMETRIC_REPRESENTATION_ITEM()
RATIONAL_B_SPLINE_SURFACE(((1.,0.707106781186545,1.),(1.,0.707106781186545,
1.),(1.,0.707106781186545,1.),(1.,0.707106781186545,1.)))
REPRESENTATION_ITEM('')
SURFACE()
);
#64=(
BOUNDED_SURFACE()
B_SPLINE_SURFACE(3,2,((#10239,#10240,#10241),(#10242,#10243,#10244),(#10245,
#10246,#10247),(#10248,#10249,#10250)),.UNSPECIFIED.,.F.,.F.,.F.)
B_SPLINE_SURFACE_WITH_KNOTS((4,4),(3,3),(0.,0.00251637128103549),(0.,1.),
 .PIECEWISE_BEZIER_KNOTS.)
GEOMETRIC_REPRESENTATION_ITEM()
RATIONAL_B_SPLINE_SURFACE(((1.,0.707106781186545,1.),(1.,0.707106781186545,
1.),(1.,0.707106781186545,1.),(1.,0.707106781186545,1.)))
REPRESENTATION_ITEM('')
SURFACE()
);
#65=(
BOUNDED_SURFACE()
B_SPLINE_SURFACE(3,2,((#10261,#10262,#10263),(#10264,#10265,#10266),(#10267,
#10268,#10269),(#10270,#10271,#10272)),.UNSPECIFIED.,.F.,.F.,.F.)
B_SPLINE_SURFACE_WITH_KNOTS((4,4),(3,3),(-8.23993651088983E-18,5.2873841203011E-5),
(0.,1.),.PIECEWISE_BEZIER_KNOTS.)
GEOMETRIC_REPRESENTATION_ITEM()
RATIONAL_B_SPLINE_SURFACE(((1.,0.707106781186539,1.),(1.,0.707076326730515,
1.),(1.,0.70704587044082,1.),(1.,0.707015412322199,1.)))
REPRESENTATION_ITEM('')
SURFACE()
);
#66=(
BOUNDED_SURFACE()
B_SPLINE_SURFACE(3,2,((#10279,#10280,#10281),(#10282,#10283,#10284),(#10285,
#10286,#10287),(#10288,#10289,#10290)),.UNSPECIFIED.,.F.,.F.,.F.)
B_SPLINE_SURFACE_WITH_KNOTS((4,4),(3,3),(0.000549217018375953,0.00294675929848325),
(0.,1.),.PIECEWISE_BEZIER_KNOTS.)
GEOMETRIC_REPRESENTATION_ITEM()
RATIONAL_B_SPLINE_SURFACE(((1.,0.707016968428477,1.),(1.,0.707016968428477,
1.),(1.,0.707017027488249,1.),(1.,0.707017146213534,1.)))
REPRESENTATION_ITEM('')
SURFACE()
);
#67=(
BOUNDED_SURFACE()
B_SPLINE_SURFACE(3,2,((#10297,#10298,#10299),(#10300,#10301,#10302),(#10303,
#10304,#10305),(#10306,#10307,#10308)),.UNSPECIFIED.,.F.,.F.,.F.)
B_SPLINE_SURFACE_WITH_KNOTS((4,4),(3,3),(-2.88376592570694E-12,5.27973766825315E-5),
(0.,1.),.PIECEWISE_BEZIER_KNOTS.)
GEOMETRIC_REPRESENTATION_ITEM()
RATIONAL_B_SPLINE_SURFACE(((1.,0.707017147548988,1.),(1.,0.707047376930843,
1.),(1.,0.707077604599326,1.),(1.,0.707107826519484,1.)))
REPRESENTATION_ITEM('')
SURFACE()
);
#68=(
BOUNDED_SURFACE()
B_SPLINE_SURFACE(3,2,((#10315,#10316,#10317),(#10318,#10319,#10320),(#10321,
#10322,#10323),(#10324,#10325,#10326)),.UNSPECIFIED.,.F.,.F.,.F.)
B_SPLINE_SURFACE_WITH_KNOTS((4,4),(3,3),(0.00319941916695009,0.0299474977884212),
(0.,1.),.PIECEWISE_BEZIER_KNOTS.)
GEOMETRIC_REPRESENTATION_ITEM()
RATIONAL_B_SPLINE_SURFACE(((1.,0.707106781186548,1.),(1.,0.707106781186548,
1.),(1.,0.707106781186549,1.),(1.,0.707106781186549,1.)))
REPRESENTATION_ITEM('')
SURFACE()
);
#69=(
BOUNDED_SURFACE()
B_SPLINE_SURFACE(3,2,((#10333,#10334,#10335),(#10336,#10337,#10338),(#10339,
#10340,#10341),(#10342,#10343,#10344)),.UNSPECIFIED.,.F.,.F.,.F.)
B_SPLINE_SURFACE_WITH_KNOTS((4,4),(3,3),(0.,5.31153584687837E-5),(0.,1.),
 .PIECEWISE_BEZIER_KNOTS.)
GEOMETRIC_REPRESENTATION_ITEM()
RATIONAL_B_SPLINE_SURFACE(((1.,0.707106779849114,1.),(1.,0.707137713921313,
1.),(1.,0.707168645818846,1.),(1.,0.70719957554138,1.)))
REPRESENTATION_ITEM('')
SURFACE()
);
#70=(
BOUNDED_SURFACE()
B_SPLINE_SURFACE(3,2,((#10351,#10352,#10353),(#10354,#10355,#10356),(#10357,
#10358,#10359),(#10360,#10361,#10362)),.UNSPECIFIED.,.F.,.F.,.F.)
B_SPLINE_SURFACE_WITH_KNOTS((4,4),(3,3),(0.,0.00292446294204423),(0.,1.),
 .PIECEWISE_BEZIER_KNOTS.)
GEOMETRIC_REPRESENTATION_ITEM()
RATIONAL_B_SPLINE_SURFACE(((1.,0.707199728556118,1.),(1.,0.707199760719296,
1.),(1.,0.707199658273275,1.),(1.,0.707199544000871,1.)))
REPRESENTATION_ITEM('')
SURFACE()
);
#71=(
BOUNDED_SURFACE()
B_SPLINE_SURFACE(3,2,((#10369,#10370,#10371),(#10372,#10373,#10374),(#10375,
#10376,#10377),(#10378,#10379,#10380)),.UNSPECIFIED.,.F.,.F.,.F.)
B_SPLINE_SURFACE_WITH_KNOTS((4,4),(3,3),(-1.43114686768087E-17,0.000162937637746185),
(0.,1.),.PIECEWISE_BEZIER_KNOTS.)
GEOMETRIC_REPRESENTATION_ITEM()
RATIONAL_B_SPLINE_SURFACE(((1.,0.707199728556111,1.),(1.,0.707199726763218,
1.),(1.,0.707199724680786,1.),(1.,0.707199722308335,1.)))
REPRESENTATION_ITEM('')
SURFACE()
);
#72=(
BOUNDED_SURFACE()
B_SPLINE_SURFACE(3,2,((#10387,#10388,#10389),(#10390,#10391,#10392),(#10393,
#10394,#10395),(#10396,#10397,#10398)),.UNSPECIFIED.,.F.,.F.,.F.)
B_SPLINE_SURFACE_WITH_KNOTS((4,4),(3,3),(0.,5.31920275562822E-5),(0.,1.),
 .PIECEWISE_BEZIER_KNOTS.)
GEOMETRIC_REPRESENTATION_ITEM()
RATIONAL_B_SPLINE_SURFACE(((1.,0.707199722308351,1.),(1.,0.707168557773786,
1.),(1.,0.707137391270392,1.),(1.,0.707106223517104,1.)))
REPRESENTATION_ITEM('')
SURFACE()
);
#73=(
BOUNDED_SURFACE()
B_SPLINE_SURFACE(3,2,((#10405,#10406,#10407),(#10408,#10409,#10410),(#10411,
#10412,#10413),(#10414,#10415,#10416)),.UNSPECIFIED.,.F.,.F.,.F.)
B_SPLINE_SURFACE_WITH_KNOTS((4,4),(3,3),(0.,0.0298764989827602),(0.,1.),
 .PIECEWISE_BEZIER_KNOTS.)
GEOMETRIC_REPRESENTATION_ITEM()
RATIONAL_B_SPLINE_SURFACE(((1.,0.707106781186546,1.),(1.,0.707106781186546,
1.),(1.,0.707106781186547,1.),(1.,0.707106781186547,1.)))
REPRESENTATION_ITEM('')
SURFACE()
);
#74=(
BOUNDED_SURFACE()
B_SPLINE_SURFACE(3,2,((#10423,#10424,#10425),(#10426,#10427,#10428),(#10429,
#10430,#10431),(#10432,#10433,#10434),(#10435,#10436,#10437),(#10438,#10439,
#10440),(#10441,#10442,#10443)),.UNSPECIFIED.,.F.,.F.,.F.)
B_SPLINE_SURFACE_WITH_KNOTS((4,1,1,1,4),(3,3),(-1.38777878078145E-17,0.0191077666270073,
0.0382155332540147,0.0573232998810221,0.0764310665080294),(0.,1.),
 .UNSPECIFIED.)
GEOMETRIC_REPRESENTATION_ITEM()
RATIONAL_B_SPLINE_SURFACE(((1.,0.707106781186546,1.),(1.,0.707106781186546,
1.),(1.,0.707106781186502,1.),(1.,0.707106781186555,1.),(1.,0.707106781186553,
1.),(1.,0.707106781186552,1.),(1.,0.707106781186552,1.)))
REPRESENTATION_ITEM('')
SURFACE()
);
#75=(
BOUNDED_SURFACE()
B_SPLINE_SURFACE(3,3,((#10455,#10456,#10457,#10458),(#10459,#10460,#10461,
#10462),(#10463,#10464,#10465,#10466),(#10467,#10468,#10469,#10470)),
 .RULED_SURF.,.F.,.F.,.F.)
B_SPLINE_SURFACE_WITH_KNOTS((4,4),(4,4),(0.748254642392376,0.755891576532015),
(0.396394027286271,1.),.PIECEWISE_BEZIER_KNOTS.)
GEOMETRIC_REPRESENTATION_ITEM()
RATIONAL_B_SPLINE_SURFACE(((0.500024370185428,0.500024370185428,0.500024370185428,
0.500024370185428),(0.499953281219564,0.499953281219564,0.499953281219564,
0.499953281219564),(0.500037719621841,0.500037719621841,0.500037719621841,
0.500037719621841),(0.500277685392261,0.500277685392261,0.500277685392261,
0.500277685392261)))
REPRESENTATION_ITEM('')
SURFACE()
);
#76=(
BOUNDED_SURFACE()
B_SPLINE_SURFACE(3,2,((#11347,#11348,#11349),(#11350,#11351,#11352),(#11353,
#11354,#11355),(#11356,#11357,#11358),(#11359,#11360,#11361),(#11362,#11363,
#11364),(#11365,#11366,#11367),(#11368,#11369,#11370),(#11371,#11372,#11373),
(#11374,#11375,#11376),(#11377,#11378,#11379),(#11380,#11381,#11382),(#11383,
#11384,#11385),(#11386,#11387,#11388),(#11389,#11390,#11391),(#11392,#11393,
#11394),(#11395,#11396,#11397),(#11398,#11399,#11400),(#11401,#11402,#11403)),
 .UNSPECIFIED.,.T.,.F.,.F.)
B_SPLINE_SURFACE_WITH_KNOTS((1,3,1,1,1,1,1,1,1,1,1,1,1,1,1,1,1,3,1),(3,
3),(-0.392699081698725,0.,0.392699081698724,0.785398163397448,1.17809724509617,
1.5707963267949,1.96349540849362,2.35619449019234,2.74889357189107,3.14159265358979,
3.53429173528852,3.92699081698724,4.31968989868597,4.71238898038469,5.10508806208341,
5.49778714378214,5.89048622548086,6.28318530717959,6.67588438887831),(0.,
1.),.UNSPECIFIED.)
GEOMETRIC_REPRESENTATION_ITEM()
RATIONAL_B_SPLINE_SURFACE(((1.,0.709628730773815,1.),(1.,0.709628730773815,
1.),(1.,0.709497669032951,1.),(1.,0.708937506437027,1.),(1.,0.708098292810109,
1.),(1.,0.707107025348634,1.),(1.,0.706114292914644,1.),(1.,0.705271542493011,
1.),(1.,0.70470784304836,1.),(1.,0.70450978541053,1.),(1.,0.704707843048361,
1.),(1.,0.70527154249301,1.),(1.,0.706114292914643,1.),(1.,0.707107025348633,
1.),(1.,0.708098292810107,1.),(1.,0.708937506437029,1.),(1.,0.709497669032951,
1.),(1.,0.709628730773815,1.),(1.,0.709628730773815,1.)))
REPRESENTATION_ITEM('')
SURFACE()
);
#77=(
BOUNDED_SURFACE()
B_SPLINE_SURFACE(3,3,((#11620,#11621,#11622,#11623),(#11624,#11625,#11626,
#11627),(#11628,#11629,#11630,#11631),(#11632,#11633,#11634,#11635),(#11636,
#11637,#11638,#11639),(#11640,#11641,#11642,#11643),(#11644,#11645,#11646,
#11647)),.RULED_SURF.,.T.,.F.,.F.)
B_SPLINE_SURFACE_WITH_KNOTS((4,3,4),(4,4),(0.,0.5,1.),(-1.05,13.8103133306277),
 .PIECEWISE_BEZIER_KNOTS.)
GEOMETRIC_REPRESENTATION_ITEM()
RATIONAL_B_SPLINE_SURFACE(((1.,1.,1.,1.),(0.333333333333334,0.333333333333335,
0.333333333333334,0.333333333333334),(0.333333333333333,0.333333333333334,
0.333333333333333,0.333333333333333),(1.,1.,1.,1.),(0.333333333333333,0.333333333333335,
0.333333333333333,0.333333333333333),(0.333333333333334,0.333333333333335,
0.333333333333334,0.333333333333334),(1.,1.,1.,1.)))
REPRESENTATION_ITEM('')
SURFACE()
);
#78=(
BOUNDED_SURFACE()
B_SPLINE_SURFACE(3,2,((#11769,#11770,#11771),(#11772,#11773,#11774),(#11775,
#11776,#11777),(#11778,#11779,#11780)),.UNSPECIFIED.,.F.,.F.,.F.)
B_SPLINE_SURFACE_WITH_KNOTS((4,4),(3,3),(-0.000504294697901287,-0.000488505744679036),
(0.,0.0565566383464331),.PIECEWISE_BEZIER_KNOTS.)
GEOMETRIC_REPRESENTATION_ITEM()
RATIONAL_B_SPLINE_SURFACE(((1.,0.985109504410199,0.971903321568141),(1.,
0.985109504116791,0.971903321014512),(1.,0.985109503823369,0.971903320460859),
(1.,0.985109503529943,0.971903319907198)))
REPRESENTATION_ITEM('')
SURFACE()
);
#79=LINE('',#8511,#658);
#80=LINE('',#8513,#659);
#81=LINE('',#8515,#660);
#82=LINE('',#8518,#661);
#83=LINE('',#8520,#662);
#84=LINE('',#8573,#663);
#85=LINE('',#8576,#664);
#86=LINE('',#8578,#665);
#87=LINE('',#8580,#666);
#88=LINE('',#8582,#667);
#89=LINE('',#8587,#668);
#90=LINE('',#8594,#669);
#91=LINE('',#8597,#670);
#92=LINE('',#8599,#671);
#93=LINE('',#8606,#672);
#94=LINE('',#8609,#673);
#95=LINE('',#8611,#674);
#96=LINE('',#8665,#675);
#97=LINE('',#8669,#676);
#98=LINE('',#8672,#677);
#99=LINE('',#8674,#678);
#100=LINE('',#8678,#679);
#101=LINE('',#8680,#680);
#102=LINE('',#8682,#681);
#103=LINE('',#8686,#682);
#104=LINE('',#8688,#683);
#105=LINE('',#8690,#684);
#106=LINE('',#8692,#685);
#107=LINE('',#8702,#686);
#108=LINE('',#8706,#687);
#109=LINE('',#8708,#688);
#110=LINE('',#8710,#689);
#111=LINE('',#8712,#690);
#112=LINE('',#8713,#691);
#113=LINE('',#8715,#692);
#114=LINE('',#8717,#693);
#115=LINE('',#8719,#694);
#116=LINE('',#8721,#695);
#117=LINE('',#8723,#696);
#118=LINE('',#8725,#697);
#119=LINE('',#8726,#698);
#120=LINE('',#8730,#699);
#121=LINE('',#8732,#700);
#122=LINE('',#8734,#701);
#123=LINE('',#8741,#702);
#124=LINE('',#8743,#703);
#125=LINE('',#8744,#704);
#126=LINE('',#8746,#705);
#127=LINE('',#8748,#706);
#128=LINE('',#8750,#707);
#129=LINE('',#8752,#708);
#130=LINE('',#8754,#709);
#131=LINE('',#8756,#710);
#132=LINE('',#8758,#711);
#133=LINE('',#8762,#712);
#134=LINE('',#8766,#713);
#135=LINE('',#8770,#714);
#136=LINE('',#8771,#715);
#137=LINE('',#8773,#716);
#138=LINE('',#8775,#717);
#139=LINE('',#8777,#718);
#140=LINE('',#8780,#719);
#141=LINE('',#8782,#720);
#142=LINE('',#8786,#721);
#143=LINE('',#8788,#722);
#144=LINE('',#8791,#723);
#145=LINE('',#8794,#724);
#146=LINE('',#8796,#725);
#147=LINE('',#8798,#726);
#148=LINE('',#8800,#727);
#149=LINE('',#8802,#728);
#150=LINE('',#8804,#729);
#151=LINE('',#8806,#730);
#152=LINE('',#8808,#731);
#153=LINE('',#8810,#732);
#154=LINE('',#8812,#733);
#155=LINE('',#8814,#734);
#156=LINE('',#8818,#735);
#157=LINE('',#8820,#736);
#158=LINE('',#8827,#737);
#159=LINE('',#8829,#738);
#160=LINE('',#8831,#739);
#161=LINE('',#8890,#740);
#162=LINE('',#8894,#741);
#163=LINE('',#8898,#742);
#164=LINE('',#8900,#743);
#165=LINE('',#8903,#744);
#166=LINE('',#8905,#745);
#167=LINE('',#8907,#746);
#168=LINE('',#8908,#747);
#169=LINE('',#8919,#748);
#170=LINE('',#8920,#749);
#171=LINE('',#8922,#750);
#172=LINE('',#8930,#751);
#173=LINE('',#8934,#752);
#174=LINE('',#8936,#753);
#175=LINE('',#8938,#754);
#176=LINE('',#8940,#755);
#177=LINE('',#8942,#756);
#178=LINE('',#8945,#757);
#179=LINE('',#8947,#758);
#180=LINE('',#8951,#759);
#181=LINE('',#8955,#760);
#182=LINE('',#8960,#761);
#183=LINE('',#8962,#762);
#184=LINE('',#8964,#763);
#185=LINE('',#8966,#764);
#186=LINE('',#8970,#765);
#187=LINE('',#8977,#766);
#188=LINE('',#8978,#767);
#189=LINE('',#9000,#768);
#190=LINE('',#9002,#769);
#191=LINE('',#9015,#770);
#192=LINE('',#9016,#771);
#193=LINE('',#9018,#772);
#194=LINE('',#9020,#773);
#195=LINE('',#9021,#774);
#196=LINE('',#9034,#775);
#197=LINE('',#9037,#776);
#198=LINE('',#9039,#777);
#199=LINE('',#9043,#778);
#200=LINE('',#9047,#779);
#201=LINE('',#9050,#780);
#202=LINE('',#9052,#781);
#203=LINE('',#9054,#782);
#204=LINE('',#9055,#783);
#205=LINE('',#9059,#784);
#206=LINE('',#9063,#785);
#207=LINE('',#9067,#786);
#208=LINE('',#9071,#787);
#209=LINE('',#9072,#788);
#210=LINE('',#9079,#789);
#211=LINE('',#9081,#790);
#212=LINE('',#9083,#791);
#213=LINE('',#9087,#792);
#214=LINE('',#9089,#793);
#215=LINE('',#9091,#794);
#216=LINE('',#9093,#795);
#217=LINE('',#9095,#796);
#218=LINE('',#9101,#797);
#219=LINE('',#9103,#798);
#220=LINE('',#9105,#799);
#221=LINE('',#9109,#800);
#222=LINE('',#9113,#801);
#223=LINE('',#9126,#802);
#224=LINE('',#9130,#803);
#225=LINE('',#9135,#804);
#226=LINE('',#9136,#805);
#227=LINE('',#9138,#806);
#228=LINE('',#9142,#807);
#229=LINE('',#9147,#808);
#230=LINE('',#9151,#809);
#231=LINE('',#9156,#810);
#232=LINE('',#9157,#811);
#233=LINE('',#9159,#812);
#234=LINE('',#9163,#813);
#235=LINE('',#9171,#814);
#236=LINE('',#9173,#815);
#237=LINE('',#9177,#816);
#238=LINE('',#9179,#817);
#239=LINE('',#9181,#818);
#240=LINE('',#9183,#819);
#241=LINE('',#9185,#820);
#242=LINE('',#9187,#821);
#243=LINE('',#9189,#822);
#244=LINE('',#9191,#823);
#245=LINE('',#9194,#824);
#246=LINE('',#9196,#825);
#247=LINE('',#9198,#826);
#248=LINE('',#9200,#827);
#249=LINE('',#9202,#828);
#250=LINE('',#9203,#829);
#251=LINE('',#9207,#830);
#252=LINE('',#9210,#831);
#253=LINE('',#9212,#832);
#254=LINE('',#9214,#833);
#255=LINE('',#9218,#834);
#256=LINE('',#9222,#835);
#257=LINE('',#9224,#836);
#258=LINE('',#9225,#837);
#259=LINE('',#9227,#838);
#260=LINE('',#9231,#839);
#261=LINE('',#9233,#840);
#262=LINE('',#9236,#841);
#263=LINE('',#9237,#842);
#264=LINE('',#9239,#843);
#265=LINE('',#9245,#844);
#266=LINE('',#9247,#845);
#267=LINE('',#9249,#846);
#268=LINE('',#9251,#847);
#269=LINE('',#9253,#848);
#270=LINE('',#9259,#849);
#271=LINE('',#9310,#850);
#272=LINE('',#9320,#851);
#273=LINE('',#9340,#852);
#274=LINE('',#9344,#853);
#275=LINE('',#9422,#854);
#276=LINE('',#9435,#855);
#277=LINE('',#9447,#856);
#278=LINE('',#9460,#857);
#279=LINE('',#9476,#858);
#280=LINE('',#9483,#859);
#281=LINE('',#9556,#860);
#282=LINE('',#9561,#861);
#283=LINE('',#9563,#862);
#284=LINE('',#9565,#863);
#285=LINE('',#9567,#864);
#286=LINE('',#9569,#865);
#287=LINE('',#9571,#866);
#288=LINE('',#9573,#867);
#289=LINE('',#9577,#868);
#290=LINE('',#9579,#869);
#291=LINE('',#9596,#870);
#292=LINE('',#9615,#871);
#293=LINE('',#9617,#872);
#294=LINE('',#9621,#873);
#295=LINE('',#9631,#874);
#296=LINE('',#9632,#875);
#297=LINE('',#9634,#876);
#298=LINE('',#9636,#877);
#299=LINE('',#9638,#878);
#300=LINE('',#9640,#879);
#301=LINE('',#9642,#880);
#302=LINE('',#9644,#881);
#303=LINE('',#9647,#882);
#304=LINE('',#9649,#883);
#305=LINE('',#9651,#884);
#306=LINE('',#9653,#885);
#307=LINE('',#9655,#886);
#308=LINE('',#9657,#887);
#309=LINE('',#9659,#888);
#310=LINE('',#9662,#889);
#311=LINE('',#9664,#890);
#312=LINE('',#9666,#891);
#313=LINE('',#9668,#892);
#314=LINE('',#9670,#893);
#315=LINE('',#9672,#894);
#316=LINE('',#9675,#895);
#317=LINE('',#9676,#896);
#318=LINE('',#9678,#897);
#319=LINE('',#9680,#898);
#320=LINE('',#9682,#899);
#321=LINE('',#9684,#900);
#322=LINE('',#9686,#901);
#323=LINE('',#9687,#902);
#324=LINE('',#9689,#903);
#325=LINE('',#9691,#904);
#326=LINE('',#9693,#905);
#327=LINE('',#9695,#906);
#328=LINE('',#9697,#907);
#329=LINE('',#9698,#908);
#330=LINE('',#9700,#909);
#331=LINE('',#9702,#910);
#332=LINE('',#9706,#911);
#333=LINE('',#9711,#912);
#334=LINE('',#9713,#913);
#335=LINE('',#9715,#914);
#336=LINE('',#9717,#915);
#337=LINE('',#9719,#916);
#338=LINE('',#9721,#917);
#339=LINE('',#9725,#918);
#340=LINE('',#9727,#919);
#341=LINE('',#9728,#920);
#342=LINE('',#9732,#921);
#343=LINE('',#9736,#922);
#344=LINE('',#9738,#923);
#345=LINE('',#9740,#924);
#346=LINE('',#9742,#925);
#347=LINE('',#9744,#926);
#348=LINE('',#9746,#927);
#349=LINE('',#9748,#928);
#350=LINE('',#9750,#929);
#351=LINE('',#9752,#930);
#352=LINE('',#9755,#931);
#353=LINE('',#9757,#932);
#354=LINE('',#9759,#933);
#355=LINE('',#9761,#934);
#356=LINE('',#9764,#935);
#357=LINE('',#9766,#936);
#358=LINE('',#9768,#937);
#359=LINE('',#9770,#938);
#360=LINE('',#9773,#939);
#361=LINE('',#9775,#940);
#362=LINE('',#9777,#941);
#363=LINE('',#9779,#942);
#364=LINE('',#9782,#943);
#365=LINE('',#9784,#944);
#366=LINE('',#9786,#945);
#367=LINE('',#9792,#946);
#368=LINE('',#9794,#947);
#369=LINE('',#9796,#948);
#370=LINE('',#9798,#949);
#371=LINE('',#9800,#950);
#372=LINE('',#9801,#951);
#373=LINE('',#9803,#952);
#374=LINE('',#9806,#953);
#375=LINE('',#9808,#954);
#376=LINE('',#9810,#955);
#377=LINE('',#9941,#956);
#378=LINE('',#10043,#957);
#379=LINE('',#10045,#958);
#380=LINE('',#10047,#959);
#381=LINE('',#10064,#960);
#382=LINE('',#10147,#961);
#383=LINE('',#10149,#962);
#384=LINE('',#10152,#963);
#385=LINE('',#10153,#964);
#386=LINE('',#10155,#965);
#387=LINE('',#10163,#966);
#388=LINE('',#10165,#967);
#389=LINE('',#10185,#968);
#390=LINE('',#10189,#969);
#391=LINE('',#10201,#970);
#392=LINE('',#10203,#971);
#393=LINE('',#10207,#972);
#394=LINE('',#10454,#973);
#395=LINE('',#10471,#974);
#396=LINE('',#10478,#975);
#397=LINE('',#10479,#976);
#398=LINE('',#10485,#977);
#399=LINE('',#10489,#978);
#400=LINE('',#10494,#979);
#401=LINE('',#10498,#980);
#402=LINE('',#10506,#981);
#403=LINE('',#10507,#982);
#404=LINE('',#10512,#983);
#405=LINE('',#10513,#984);
#406=LINE('',#10518,#985);
#407=LINE('',#10522,#986);
#408=LINE('',#10527,#987);
#409=LINE('',#10528,#988);
#410=LINE('',#10531,#989);
#411=LINE('',#10535,#990);
#412=LINE('',#10537,#991);
#413=LINE('',#10539,#992);
#414=LINE('',#10543,#993);
#415=LINE('',#10545,#994);
#416=LINE('',#10547,#995);
#417=LINE('',#10549,#996);
#418=LINE('',#10553,#997);
#419=LINE('',#10555,#998);
#420=LINE('',#10557,#999);
#421=LINE('',#10559,#1000);
#422=LINE('',#10561,#1001);
#423=LINE('',#10563,#1002);
#424=LINE('',#10565,#1003);
#425=LINE('',#10572,#1004);
#426=LINE('',#10574,#1005);
#427=LINE('',#10575,#1006);
#428=LINE('',#10577,#1007);
#429=LINE('',#10579,#1008);
#430=LINE('',#10581,#1009);
#431=LINE('',#10584,#1010);
#432=LINE('',#10585,#1011);
#433=LINE('',#10587,#1012);
#434=LINE('',#10589,#1013);
#435=LINE('',#10591,#1014);
#436=LINE('',#10592,#1015);
#437=LINE('',#10594,#1016);
#438=LINE('',#10596,#1017);
#439=LINE('',#10598,#1018);
#440=LINE('',#10599,#1019);
#441=LINE('',#10601,#1020);
#442=LINE('',#10603,#1021);
#443=LINE('',#10605,#1022);
#444=LINE('',#10606,#1023);
#445=LINE('',#10608,#1024);
#446=LINE('',#10610,#1025);
#447=LINE('',#10612,#1026);
#448=LINE('',#10613,#1027);
#449=LINE('',#10615,#1028);
#450=LINE('',#10617,#1029);
#451=LINE('',#10619,#1030);
#452=LINE('',#10749,#1031);
#453=LINE('',#10750,#1032);
#454=LINE('',#10779,#1033);
#455=LINE('',#10783,#1034);
#456=LINE('',#10787,#1035);
#457=LINE('',#10788,#1036);
#458=LINE('',#10789,#1037);
#459=LINE('',#10808,#1038);
#460=LINE('',#10827,#1039);
#461=LINE('',#10845,#1040);
#462=LINE('',#10854,#1041);
#463=LINE('',#10868,#1042);
#464=LINE('',#10875,#1043);
#465=LINE('',#10877,#1044);
#466=LINE('',#10879,#1045);
#467=LINE('',#10883,#1046);
#468=LINE('',#10885,#1047);
#469=LINE('',#10888,#1048);
#470=LINE('',#10889,#1049);
#471=LINE('',#10893,#1050);
#472=LINE('',#10895,#1051);
#473=LINE('',#10897,#1052);
#474=LINE('',#10901,#1053);
#475=LINE('',#10903,#1054);
#476=LINE('',#10905,#1055);
#477=LINE('',#10909,#1056);
#478=LINE('',#10911,#1057);
#479=LINE('',#10913,#1058);
#480=LINE('',#10915,#1059);
#481=LINE('',#10919,#1060);
#482=LINE('',#10921,#1061);
#483=LINE('',#10923,#1062);
#484=LINE('',#10927,#1063);
#485=LINE('',#10929,#1064);
#486=LINE('',#10931,#1065);
#487=LINE('',#10933,#1066);
#488=LINE('',#10934,#1067);
#489=LINE('',#10936,#1068);
#490=LINE('',#10940,#1069);
#491=LINE('',#10942,#1070);
#492=LINE('',#10944,#1071);
#493=LINE('',#10948,#1072);
#494=LINE('',#10950,#1073);
#495=LINE('',#10952,#1074);
#496=LINE('',#10956,#1075);
#497=LINE('',#10958,#1076);
#498=LINE('',#10960,#1077);
#499=LINE('',#10964,#1078);
#500=LINE('',#10966,#1079);
#501=LINE('',#10969,#1080);
#502=LINE('',#10971,#1081);
#503=LINE('',#10975,#1082);
#504=LINE('',#10979,#1083);
#505=LINE('',#10982,#1084);
#506=LINE('',#10983,#1085);
#507=LINE('',#10985,#1086);
#508=LINE('',#10987,#1087);
#509=LINE('',#10989,#1088);
#510=LINE('',#10991,#1089);
#511=LINE('',#10993,#1090);
#512=LINE('',#10996,#1091);
#513=LINE('',#10997,#1092);
#514=LINE('',#10999,#1093);
#515=LINE('',#11001,#1094);
#516=LINE('',#11003,#1095);
#517=LINE('',#11005,#1096);
#518=LINE('',#11007,#1097);
#519=LINE('',#11013,#1098);
#520=LINE('',#11015,#1099);
#521=LINE('',#11017,#1100);
#522=LINE('',#11019,#1101);
#523=LINE('',#11021,#1102);
#524=LINE('',#11023,#1103);
#525=LINE('',#11025,#1104);
#526=LINE('',#11047,#1105);
#527=LINE('',#11049,#1106);
#528=LINE('',#11051,#1107);
#529=LINE('',#11058,#1108);
#530=LINE('',#11059,#1109);
#531=LINE('',#11066,#1110);
#532=LINE('',#11068,#1111);
#533=LINE('',#11070,#1112);
#534=LINE('',#11072,#1113);
#535=LINE('',#11074,#1114);
#536=LINE('',#11076,#1115);
#537=LINE('',#11078,#1116);
#538=LINE('',#11080,#1117);
#539=LINE('',#11082,#1118);
#540=LINE('',#11084,#1119);
#541=LINE('',#11086,#1120);
#542=LINE('',#11089,#1121);
#543=LINE('',#11091,#1122);
#544=LINE('',#11095,#1123);
#545=LINE('',#11106,#1124);
#546=LINE('',#11108,#1125);
#547=LINE('',#11122,#1126);
#548=LINE('',#11129,#1127);
#549=LINE('',#11131,#1128);
#550=LINE('',#11140,#1129);
#551=LINE('',#11154,#1130);
#552=LINE('',#11168,#1131);
#553=LINE('',#11182,#1132);
#554=LINE('',#11189,#1133);
#555=LINE('',#11200,#1134);
#556=LINE('',#11334,#1135);
#557=LINE('',#11346,#1136);
#558=LINE('',#11407,#1137);
#559=LINE('',#11409,#1138);
#560=LINE('',#11411,#1139);
#561=LINE('',#11414,#1140);
#562=LINE('',#11416,#1141);
#563=LINE('',#11418,#1142);
#564=LINE('',#11420,#1143);
#565=LINE('',#11422,#1144);
#566=LINE('',#11424,#1145);
#567=LINE('',#11426,#1146);
#568=LINE('',#11428,#1147);
#569=LINE('',#11430,#1148);
#570=LINE('',#11432,#1149);
#571=LINE('',#11438,#1150);
#572=LINE('',#11441,#1151);
#573=LINE('',#11443,#1152);
#574=LINE('',#11445,#1153);
#575=LINE('',#11447,#1154);
#576=LINE('',#11449,#1155);
#577=LINE('',#11451,#1156);
#578=LINE('',#11453,#1157);
#579=LINE('',#11455,#1158);
#580=LINE('',#11459,#1159);
#581=LINE('',#11461,#1160);
#582=LINE('',#11463,#1161);
#583=LINE('',#11465,#1162);
#584=LINE('',#11467,#1163);
#585=LINE('',#11469,#1164);
#586=LINE('',#11471,#1165);
#587=LINE('',#11473,#1166);
#588=LINE('',#11475,#1167);
#589=LINE('',#11477,#1168);
#590=LINE('',#11479,#1169);
#591=LINE('',#11481,#1170);
#592=LINE('',#11483,#1171);
#593=LINE('',#11485,#1172);
#594=LINE('',#11487,#1173);
#595=LINE('',#11489,#1174);
#596=LINE('',#11491,#1175);
#597=LINE('',#11493,#1176);
#598=LINE('',#11495,#1177);
#599=LINE('',#11497,#1178);
#600=LINE('',#11499,#1179);
#601=LINE('',#11501,#1180);
#602=LINE('',#11503,#1181);
#603=LINE('',#11505,#1182);
#604=LINE('',#11507,#1183);
#605=LINE('',#11509,#1184);
#606=LINE('',#11511,#1185);
#607=LINE('',#11513,#1186);
#608=LINE('',#11515,#1187);
#609=LINE('',#11517,#1188);
#610=LINE('',#11519,#1189);
#611=LINE('',#11521,#1190);
#612=LINE('',#11523,#1191);
#613=LINE('',#11525,#1192);
#614=LINE('',#11527,#1193);
#615=LINE('',#11529,#1194);
#616=LINE('',#11531,#1195);
#617=LINE('',#11534,#1196);
#618=LINE('',#11535,#1197);
#619=LINE('',#11537,#1198);
#620=LINE('',#11539,#1199);
#621=LINE('',#11544,#1200);
#622=LINE('',#11546,#1201);
#623=LINE('',#11548,#1202);
#624=LINE('',#11550,#1203);
#625=LINE('',#11558,#1204);
#626=LINE('',#11559,#1205);
#627=LINE('',#11602,#1206);
#628=LINE('',#11608,#1207);
#629=LINE('',#11609,#1208);
#630=LINE('',#11611,#1209);
#631=LINE('',#11613,#1210);
#632=LINE('',#11617,#1211);
#633=LINE('',#11619,#1212);
#634=LINE('',#11686,#1213);
#635=LINE('',#11688,#1214);
#636=LINE('',#11689,#1215);
#637=LINE('',#11691,#1216);
#638=LINE('',#11692,#1217);
#639=LINE('',#11696,#1218);
#640=LINE('',#11698,#1219);
#641=LINE('',#11701,#1220);
#642=LINE('',#11702,#1221);
#643=LINE('',#11704,#1222);
#644=LINE('',#11706,#1223);
#645=LINE('',#11710,#1224);
#646=LINE('',#11712,#1225);
#647=LINE('',#11714,#1226);
#648=LINE('',#11721,#1227);
#649=LINE('',#11728,#1228);
#650=LINE('',#11730,#1229);
#651=LINE('',#11737,#1230);
#652=LINE('',#11782,#1231);
#653=LINE('',#11789,#1232);
#654=LINE('',#11791,#1233);
#655=LINE('',#11798,#1234);
#656=LINE('',#11815,#1235);
#657=LINE('',#11821,#1236);
#658=VECTOR('',#6934,1000.);
#659=VECTOR('',#6935,1000.);
#660=VECTOR('',#6938,1000.);
#661=VECTOR('',#6939,1000.);
#662=VECTOR('',#6940,1000.);
#663=VECTOR('',#6943,1000.);
#664=VECTOR('',#6944,1000.);
#665=VECTOR('',#6945,1000.);
#666=VECTOR('',#6946,1000.);
#667=VECTOR('',#6949,1000.);
#668=VECTOR('',#6952,1000.);
#669=VECTOR('',#6955,1000.);
#670=VECTOR('',#6956,1000.);
#671=VECTOR('',#6957,1000.);
#672=VECTOR('',#6960,1000.);
#673=VECTOR('',#6961,1000.);
#674=VECTOR('',#6962,1000.);
#675=VECTOR('',#7011,1000.);
#676=VECTOR('',#7016,1000.);
#677=VECTOR('',#7017,1000.);
#678=VECTOR('',#7018,1000.);
#679=VECTOR('',#7021,1000.);
#680=VECTOR('',#7022,1000.);
#681=VECTOR('',#7023,1000.);
#682=VECTOR('',#7026,1000.);
#683=VECTOR('',#7027,1000.);
#684=VECTOR('',#7028,1000.);
#685=VECTOR('',#7029,1000.);
#686=VECTOR('',#7034,1000.);
#687=VECTOR('',#7037,1000.);
#688=VECTOR('',#7038,1000.);
#689=VECTOR('',#7039,1000.);
#690=VECTOR('',#7040,1000.);
#691=VECTOR('',#7041,1000.);
#692=VECTOR('',#7042,1000.);
#693=VECTOR('',#7043,1000.);
#694=VECTOR('',#7044,1000.);
#695=VECTOR('',#7045,1000.);
#696=VECTOR('',#7046,1000.);
#697=VECTOR('',#7047,1000.);
#698=VECTOR('',#7048,1000.);
#699=VECTOR('',#7051,1000.);
#700=VECTOR('',#7052,1000.);
#701=VECTOR('',#7053,1000.);
#702=VECTOR('',#7054,1000.);
#703=VECTOR('',#7055,1000.);
#704=VECTOR('',#7056,1000.);
#705=VECTOR('',#7057,1000.);
#706=VECTOR('',#7058,1000.);
#707=VECTOR('',#7059,1000.);
#708=VECTOR('',#7060,1000.);
#709=VECTOR('',#7061,1000.);
#710=VECTOR('',#7062,1000.);
#711=VECTOR('',#7063,1000.);
#712=VECTOR('',#7066,1000.);
#713=VECTOR('',#7069,1000.);
#714=VECTOR('',#7072,1000.);
#715=VECTOR('',#7073,1000.);
#716=VECTOR('',#7076,1000.);
#717=VECTOR('',#7077,1000.);
#718=VECTOR('',#7080,1000.);
#719=VECTOR('',#7081,1000.);
#720=VECTOR('',#7082,1000.);
#721=VECTOR('',#7085,1000.);
#722=VECTOR('',#7086,1000.);
#723=VECTOR('',#7091,1000.);
#724=VECTOR('',#7092,1000.);
#725=VECTOR('',#7093,1000.);
#726=VECTOR('',#7094,1000.);
#727=VECTOR('',#7095,1000.);
#728=VECTOR('',#7096,1000.);
#729=VECTOR('',#7097,1000.);
#730=VECTOR('',#7098,1000.);
#731=VECTOR('',#7099,1000.);
#732=VECTOR('',#7100,1000.);
#733=VECTOR('',#7101,1000.);
#734=VECTOR('',#7102,1000.);
#735=VECTOR('',#7105,1000.);
#736=VECTOR('',#7108,1000.);
#737=VECTOR('',#7109,1000.);
#738=VECTOR('',#7112,1000.);
#739=VECTOR('',#7113,1000.);
#740=VECTOR('',#7120,1000.);
#741=VECTOR('',#7123,1000.);
#742=VECTOR('',#7126,1000.);
#743=VECTOR('',#7129,1000.);
#744=VECTOR('',#7130,1000.);
#745=VECTOR('',#7131,1000.);
#746=VECTOR('',#7134,1000.);
#747=VECTOR('',#7135,1000.);
#748=VECTOR('',#7138,1000.);
#749=VECTOR('',#7139,1000.);
#750=VECTOR('',#7142,1000.);
#751=VECTOR('',#7143,1000.);
#752=VECTOR('',#7146,1000.);
#753=VECTOR('',#7149,1000.);
#754=VECTOR('',#7150,1000.);
#755=VECTOR('',#7151,1000.);
#756=VECTOR('',#7154,1000.);
#757=VECTOR('',#7155,1000.);
#758=VECTOR('',#7156,1000.);
#759=VECTOR('',#7159,1000.);
#760=VECTOR('',#7164,1000.);
#761=VECTOR('',#7167,1000.);
#762=VECTOR('',#7168,1000.);
#763=VECTOR('',#7169,1000.);
#764=VECTOR('',#7172,1000.);
#765=VECTOR('',#7177,1000.);
#766=VECTOR('',#7178,1000.);
#767=VECTOR('',#7179,1000.);
#768=VECTOR('',#7180,1000.);
#769=VECTOR('',#7181,1000.);
#770=VECTOR('',#7184,1000.);
#771=VECTOR('',#7185,1000.);
#772=VECTOR('',#7188,1000.);
#773=VECTOR('',#7189,1000.);
#774=VECTOR('',#7190,1000.);
#775=VECTOR('',#7195,1000.);
#776=VECTOR('',#7196,1000.);
#777=VECTOR('',#7197,1000.);
#778=VECTOR('',#7200,1000.);
#779=VECTOR('',#7205,1000.);
#780=VECTOR('',#7206,1000.);
#781=VECTOR('',#7207,1000.);
#782=VECTOR('',#7208,1000.);
#783=VECTOR('',#7209,1000.);
#784=VECTOR('',#7212,1000.);
#785=VECTOR('',#7215,1000.);
#786=VECTOR('',#7218,1000.);
#787=VECTOR('',#7221,1000.);
#788=VECTOR('',#7222,1000.);
#789=VECTOR('',#7229,1000.);
#790=VECTOR('',#7230,1000.);
#791=VECTOR('',#7231,1000.);
#792=VECTOR('',#7234,1000.);
#793=VECTOR('',#7235,1000.);
#794=VECTOR('',#7236,1000.);
#795=VECTOR('',#7239,1000.);
#796=VECTOR('',#7240,1000.);
#797=VECTOR('',#7247,1000.);
#798=VECTOR('',#7248,1000.);
#799=VECTOR('',#7249,1000.);
#800=VECTOR('',#7252,1000.);
#801=VECTOR('',#7255,1000.);
#802=VECTOR('',#7270,1000.);
#803=VECTOR('',#7273,1000.);
#804=VECTOR('',#7278,1000.);
#805=VECTOR('',#7279,1000.);
#806=VECTOR('',#7282,1000.);
#807=VECTOR('',#7285,1000.);
#808=VECTOR('',#7290,1000.);
#809=VECTOR('',#7293,1000.);
#810=VECTOR('',#7298,1000.);
#811=VECTOR('',#7299,1000.);
#812=VECTOR('',#7302,1000.);
#813=VECTOR('',#7305,1000.);
#814=VECTOR('',#7316,1000.);
#815=VECTOR('',#7317,1000.);
#816=VECTOR('',#7322,1000.);
#817=VECTOR('',#7323,1000.);
#818=VECTOR('',#7324,1000.);
#819=VECTOR('',#7325,1000.);
#820=VECTOR('',#7328,1000.);
#821=VECTOR('',#7329,1000.);
#822=VECTOR('',#7330,1000.);
#823=VECTOR('',#7333,1000.);
#824=VECTOR('',#7334,1000.);
#825=VECTOR('',#7335,1000.);
#826=VECTOR('',#7336,1000.);
#827=VECTOR('',#7339,1000.);
#828=VECTOR('',#7340,1000.);
#829=VECTOR('',#7341,1000.);
#830=VECTOR('',#7348,1000.);
#831=VECTOR('',#7349,1000.);
#832=VECTOR('',#7350,1000.);
#833=VECTOR('',#7351,1000.);
#834=VECTOR('',#7356,1000.);
#835=VECTOR('',#7361,1000.);
#836=VECTOR('',#7362,1000.);
#837=VECTOR('',#7363,1000.);
#838=VECTOR('',#7364,1000.);
#839=VECTOR('',#7369,1000.);
#840=VECTOR('',#7372,1000.);
#841=VECTOR('',#7373,1000.);
#842=VECTOR('',#7374,1000.);
#843=VECTOR('',#7375,1000.);
#844=VECTOR('',#7382,1000.);
#845=VECTOR('',#7385,1000.);
#846=VECTOR('',#7386,1000.);
#847=VECTOR('',#7387,1000.);
#848=VECTOR('',#7390,1000.);
#849=VECTOR('',#7395,1000.);
#850=VECTOR('',#7408,1000.);
#851=VECTOR('',#7411,1000.);
#852=VECTOR('',#7422,1000.);
#853=VECTOR('',#7425,1000.);
#854=VECTOR('',#7440,1000.);
#855=VECTOR('',#7443,1000.);
#856=VECTOR('',#7444,1000.);
#857=VECTOR('',#7447,1000.);
#858=VECTOR('',#7450,1000.);
#859=VECTOR('',#7451,1000.);
#860=VECTOR('',#7462,1000.);
#861=VECTOR('',#7465,1000.);
#862=VECTOR('',#7466,1000.);
#863=VECTOR('',#7467,1000.);
#864=VECTOR('',#7470,1000.);
#865=VECTOR('',#7471,1000.);
#866=VECTOR('',#7472,1000.);
#867=VECTOR('',#7475,1000.);
#868=VECTOR('',#7478,1000.);
#869=VECTOR('',#7479,1000.);
#870=VECTOR('',#7480,1000.);
#871=VECTOR('',#7487,1000.);
#872=VECTOR('',#7488,1000.);
#873=VECTOR('',#7493,1000.);
#874=VECTOR('',#7504,1000.);
#875=VECTOR('',#7505,1000.);
#876=VECTOR('',#7508,1000.);
#877=VECTOR('',#7509,1000.);
#878=VECTOR('',#7512,1000.);
#879=VECTOR('',#7513,1000.);
#880=VECTOR('',#7514,1000.);
#881=VECTOR('',#7517,1000.);
#882=VECTOR('',#7518,1000.);
#883=VECTOR('',#7519,1000.);
#884=VECTOR('',#7520,1000.);
#885=VECTOR('',#7523,1000.);
#886=VECTOR('',#7524,1000.);
#887=VECTOR('',#7525,1000.);
#888=VECTOR('',#7528,1000.);
#889=VECTOR('',#7529,1000.);
#890=VECTOR('',#7530,1000.);
#891=VECTOR('',#7533,1000.);
#892=VECTOR('',#7534,1000.);
#893=VECTOR('',#7535,1000.);
#894=VECTOR('',#7538,1000.);
#895=VECTOR('',#7539,1000.);
#896=VECTOR('',#7540,1000.);
#897=VECTOR('',#7543,1000.);
#898=VECTOR('',#7544,1000.);
#899=VECTOR('',#7545,1000.);
#900=VECTOR('',#7548,1000.);
#901=VECTOR('',#7549,1000.);
#902=VECTOR('',#7550,1000.);
#903=VECTOR('',#7551,1000.);
#904=VECTOR('',#7554,1000.);
#905=VECTOR('',#7555,1000.);
#906=VECTOR('',#7558,1000.);
#907=VECTOR('',#7559,1000.);
#908=VECTOR('',#7560,1000.);
#909=VECTOR('',#7563,1000.);
#910=VECTOR('',#7564,1000.);
#911=VECTOR('',#7569,1000.);
#912=VECTOR('',#7574,1000.);
#913=VECTOR('',#7575,1000.);
#914=VECTOR('',#7576,1000.);
#915=VECTOR('',#7577,1000.);
#916=VECTOR('',#7578,1000.);
#917=VECTOR('',#7581,1000.);
#918=VECTOR('',#7584,1000.);
#919=VECTOR('',#7587,1000.);
#920=VECTOR('',#7588,1000.);
#921=VECTOR('',#7593,1000.);
#922=VECTOR('',#7598,1000.);
#923=VECTOR('',#7599,1000.);
#924=VECTOR('',#7600,1000.);
#925=VECTOR('',#7601,1000.);
#926=VECTOR('',#7602,1000.);
#927=VECTOR('',#7605,1000.);
#928=VECTOR('',#7606,1000.);
#929=VECTOR('',#7607,1000.);
#930=VECTOR('',#7610,1000.);
#931=VECTOR('',#7611,1000.);
#932=VECTOR('',#7612,1000.);
#933=VECTOR('',#7613,1000.);
#934=VECTOR('',#7616,1000.);
#935=VECTOR('',#7617,1000.);
#936=VECTOR('',#7618,1000.);
#937=VECTOR('',#7619,1000.);
#938=VECTOR('',#7622,1000.);
#939=VECTOR('',#7623,1000.);
#940=VECTOR('',#7624,1000.);
#941=VECTOR('',#7625,1000.);
#942=VECTOR('',#7628,1000.);
#943=VECTOR('',#7629,1000.);
#944=VECTOR('',#7630,1000.);
#945=VECTOR('',#7631,1000.);
#946=VECTOR('',#7638,1000.);
#947=VECTOR('',#7641,1000.);
#948=VECTOR('',#7642,1000.);
#949=VECTOR('',#7645,1000.);
#950=VECTOR('',#7646,1000.);
#951=VECTOR('',#7647,1000.);
#952=VECTOR('',#7650,1000.);
#953=VECTOR('',#7651,1000.);
#954=VECTOR('',#7652,1000.);
#955=VECTOR('',#7653,1000.);
#956=VECTOR('',#7666,1000.);
#957=VECTOR('',#7679,1000.);
#958=VECTOR('',#7680,1000.);
#959=VECTOR('',#7681,1000.);
#960=VECTOR('',#7682,1000.);
#961=VECTOR('',#7693,1000.);
#962=VECTOR('',#7696,1000.);
#963=VECTOR('',#7697,1000.);
#964=VECTOR('',#7698,1000.);
#965=VECTOR('',#7701,1000.);
#966=VECTOR('',#7710,1000.);
#967=VECTOR('',#7713,1000.);
#968=VECTOR('',#7718,1000.);
#969=VECTOR('',#7721,1000.);
#970=VECTOR('',#7738,1000.);
#971=VECTOR('',#7739,1000.);
#972=VECTOR('',#7744,1000.);
#973=VECTOR('',#7773,1000.);
#974=VECTOR('',#7774,1000.);
#975=VECTOR('',#7783,1000.);
#976=VECTOR('',#7784,1000.);
#977=VECTOR('',#7791,1000.);
#978=VECTOR('',#7794,1000.);
#979=VECTOR('',#7799,1000.);
#980=VECTOR('',#7802,1000.);
#981=VECTOR('',#7811,1000.);
#982=VECTOR('',#7812,1000.);
#983=VECTOR('',#7817,1000.);
#984=VECTOR('',#7818,1000.);
#985=VECTOR('',#7823,1000.);
#986=VECTOR('',#7826,1000.);
#987=VECTOR('',#7831,1000.);
#988=VECTOR('',#7832,1000.);
#989=VECTOR('',#7837,1000.);
#990=VECTOR('',#7840,1000.);
#991=VECTOR('',#7843,1000.);
#992=VECTOR('',#7844,1000.);
#993=VECTOR('',#7849,1000.);
#994=VECTOR('',#7852,1000.);
#995=VECTOR('',#7853,1000.);
#996=VECTOR('',#7856,1000.);
#997=VECTOR('',#7861,1000.);
#998=VECTOR('',#7864,1000.);
#999=VECTOR('',#7867,1000.);
#1000=VECTOR('',#7870,1000.);
#1001=VECTOR('',#7873,1000.);
#1002=VECTOR('',#7876,1000.);
#1003=VECTOR('',#7879,1000.);
#1004=VECTOR('',#7884,1000.);
#1005=VECTOR('',#7887,1000.);
#1006=VECTOR('',#7888,1000.);
#1007=VECTOR('',#7891,1000.);
#1008=VECTOR('',#7894,1000.);
#1009=VECTOR('',#7897,1000.);
#1010=VECTOR('',#7902,1000.);
#1011=VECTOR('',#7903,1000.);
#1012=VECTOR('',#7906,1000.);
#1013=VECTOR('',#7909,1000.);
#1014=VECTOR('',#7912,1000.);
#1015=VECTOR('',#7913,1000.);
#1016=VECTOR('',#7916,1000.);
#1017=VECTOR('',#7919,1000.);
#1018=VECTOR('',#7922,1000.);
#1019=VECTOR('',#7923,1000.);
#1020=VECTOR('',#7926,1000.);
#1021=VECTOR('',#7929,1000.);
#1022=VECTOR('',#7932,1000.);
#1023=VECTOR('',#7933,1000.);
#1024=VECTOR('',#7936,1000.);
#1025=VECTOR('',#7939,1000.);
#1026=VECTOR('',#7942,1000.);
#1027=VECTOR('',#7943,1000.);
#1028=VECTOR('',#7946,1000.);
#1029=VECTOR('',#7949,1000.);
#1030=VECTOR('',#7952,1000.);
#1031=VECTOR('',#7955,1000.);
#1032=VECTOR('',#7956,1000.);
#1033=VECTOR('',#7961,1000.);
#1034=VECTOR('',#7964,1000.);
#1035=VECTOR('',#7967,1000.);
#1036=VECTOR('',#7968,1000.);
#1037=VECTOR('',#7969,1000.);
#1038=VECTOR('',#7970,1000.);
#1039=VECTOR('',#7971,1000.);
#1040=VECTOR('',#7972,1000.);
#1041=VECTOR('',#7973,1000.);
#1042=VECTOR('',#7974,1000.);
#1043=VECTOR('',#7977,1000.);
#1044=VECTOR('',#7978,1000.);
#1045=VECTOR('',#7979,1000.);
#1046=VECTOR('',#7984,1000.);
#1047=VECTOR('',#7987,1000.);
#1048=VECTOR('',#7988,1000.);
#1049=VECTOR('',#7989,1000.);
#1050=VECTOR('',#7994,1000.);
#1051=VECTOR('',#7997,1000.);
#1052=VECTOR('',#7998,1000.);
#1053=VECTOR('',#8003,1000.);
#1054=VECTOR('',#8006,1000.);
#1055=VECTOR('',#8007,1000.);
#1056=VECTOR('',#8010,1000.);
#1057=VECTOR('',#8011,1000.);
#1058=VECTOR('',#8014,1000.);
#1059=VECTOR('',#8015,1000.);
#1060=VECTOR('',#8020,1000.);
#1061=VECTOR('',#8023,1000.);
#1062=VECTOR('',#8024,1000.);
#1063=VECTOR('',#8029,1000.);
#1064=VECTOR('',#8032,1000.);
#1065=VECTOR('',#8033,1000.);
#1066=VECTOR('',#8036,1000.);
#1067=VECTOR('',#8037,1000.);
#1068=VECTOR('',#8038,1000.);
#1069=VECTOR('',#8043,1000.);
#1070=VECTOR('',#8046,1000.);
#1071=VECTOR('',#8047,1000.);
#1072=VECTOR('',#8052,1000.);
#1073=VECTOR('',#8055,1000.);
#1074=VECTOR('',#8056,1000.);
#1075=VECTOR('',#8061,1000.);
#1076=VECTOR('',#8064,1000.);
#1077=VECTOR('',#8065,1000.);
#1078=VECTOR('',#8070,1000.);
#1079=VECTOR('',#8073,1000.);
#1080=VECTOR('',#8074,1000.);
#1081=VECTOR('',#8075,1000.);
#1082=VECTOR('',#8078,1000.);
#1083=VECTOR('',#8083,1000.);
#1084=VECTOR('',#8084,1000.);
#1085=VECTOR('',#8085,1000.);
#1086=VECTOR('',#8088,1000.);
#1087=VECTOR('',#8089,1000.);
#1088=VECTOR('',#8092,1000.);
#1089=VECTOR('',#8093,1000.);
#1090=VECTOR('',#8096,1000.);
#1091=VECTOR('',#8097,1000.);
#1092=VECTOR('',#8098,1000.);
#1093=VECTOR('',#8101,1000.);
#1094=VECTOR('',#8102,1000.);
#1095=VECTOR('',#8105,1000.);
#1096=VECTOR('',#8106,1000.);
#1097=VECTOR('',#8109,1000.);
#1098=VECTOR('',#8116,1000.);
#1099=VECTOR('',#8119,1000.);
#1100=VECTOR('',#8120,1000.);
#1101=VECTOR('',#8123,1000.);
#1102=VECTOR('',#8124,1000.);
#1103=VECTOR('',#8127,1000.);
#1104=VECTOR('',#8130,1000.);
#1105=VECTOR('',#8145,1000.);
#1106=VECTOR('',#8148,1000.);
#1107=VECTOR('',#8151,1000.);
#1108=VECTOR('',#8152,1000.);
#1109=VECTOR('',#8153,1000.);
#1110=VECTOR('',#8154,1000.);
#1111=VECTOR('',#8157,1000.);
#1112=VECTOR('',#8158,1000.);
#1113=VECTOR('',#8159,1000.);
#1114=VECTOR('',#8160,1000.);
#1115=VECTOR('',#8161,1000.);
#1116=VECTOR('',#8162,1000.);
#1117=VECTOR('',#8163,1000.);
#1118=VECTOR('',#8164,1000.);
#1119=VECTOR('',#8165,1000.);
#1120=VECTOR('',#8168,1000.);
#1121=VECTOR('',#8169,1000.);
#1122=VECTOR('',#8170,1000.);
#1123=VECTOR('',#8173,1000.);
#1124=VECTOR('',#8176,1000.);
#1125=VECTOR('',#8177,1000.);
#1126=VECTOR('',#8178,1000.);
#1127=VECTOR('',#8181,1000.);
#1128=VECTOR('',#8182,1000.);
#1129=VECTOR('',#8183,1000.);
#1130=VECTOR('',#8184,1000.);
#1131=VECTOR('',#8185,1000.);
#1132=VECTOR('',#8186,1000.);
#1133=VECTOR('',#8189,1000.);
#1134=VECTOR('',#8192,1000.);
#1135=VECTOR('',#8193,1000.);
#1136=VECTOR('',#8196,1000.);
#1137=VECTOR('',#8201,1000.);
#1138=VECTOR('',#8202,1000.);
#1139=VECTOR('',#8203,1000.);
#1140=VECTOR('',#8206,1000.);
#1141=VECTOR('',#8209,1000.);
#1142=VECTOR('',#8212,1000.);
#1143=VECTOR('',#8215,1000.);
#1144=VECTOR('',#8216,1000.);
#1145=VECTOR('',#8219,1000.);
#1146=VECTOR('',#8222,1000.);
#1147=VECTOR('',#8225,1000.);
#1148=VECTOR('',#8228,1000.);
#1149=VECTOR('',#8231,1000.);
#1150=VECTOR('',#8242,1000.);
#1151=VECTOR('',#8247,1000.);
#1152=VECTOR('',#8248,1000.);
#1153=VECTOR('',#8249,1000.);
#1154=VECTOR('',#8252,1000.);
#1155=VECTOR('',#8253,1000.);
#1156=VECTOR('',#8254,1000.);
#1157=VECTOR('',#8255,1000.);
#1158=VECTOR('',#8256,1000.);
#1159=VECTOR('',#8259,1000.);
#1160=VECTOR('',#8260,1000.);
#1161=VECTOR('',#8261,1000.);
#1162=VECTOR('',#8264,1000.);
#1163=VECTOR('',#8265,1000.);
#1164=VECTOR('',#8268,1000.);
#1165=VECTOR('',#8269,1000.);
#1166=VECTOR('',#8270,1000.);
#1167=VECTOR('',#8271,1000.);
#1168=VECTOR('',#8272,1000.);
#1169=VECTOR('',#8273,1000.);
#1170=VECTOR('',#8276,1000.);
#1171=VECTOR('',#8277,1000.);
#1172=VECTOR('',#8278,1000.);
#1173=VECTOR('',#8281,1000.);
#1174=VECTOR('',#8282,1000.);
#1175=VECTOR('',#8285,1000.);
#1176=VECTOR('',#8286,1000.);
#1177=VECTOR('',#8287,1000.);
#1178=VECTOR('',#8290,1000.);
#1179=VECTOR('',#8293,1000.);
#1180=VECTOR('',#8294,1000.);
#1181=VECTOR('',#8297,1000.);
#1182=VECTOR('',#8298,1000.);
#1183=VECTOR('',#8301,1000.);
#1184=VECTOR('',#8304,1000.);
#1185=VECTOR('',#8305,1000.);
#1186=VECTOR('',#8306,1000.);
#1187=VECTOR('',#8307,1000.);
#1188=VECTOR('',#8310,1000.);
#1189=VECTOR('',#8313,1000.);
#1190=VECTOR('',#8316,1000.);
#1191=VECTOR('',#8317,1000.);
#1192=VECTOR('',#8318,1000.);
#1193=VECTOR('',#8319,1000.);
#1194=VECTOR('',#8320,1000.);
#1195=VECTOR('',#8323,1000.);
#1196=VECTOR('',#8324,1000.);
#1197=VECTOR('',#8325,1000.);
#1198=VECTOR('',#8326,1000.);
#1199=VECTOR('',#8327,1000.);
#1200=VECTOR('',#8336,1000.);
#1201=VECTOR('',#8337,1000.);
#1202=VECTOR('',#8340,1000.);
#1203=VECTOR('',#8341,1000.);
#1204=VECTOR('',#8356,1000.);
#1205=VECTOR('',#8357,1000.);
#1206=VECTOR('',#8376,1000.);
#1207=VECTOR('',#8379,1000.);
#1208=VECTOR('',#8380,1000.);
#1209=VECTOR('',#8383,1000.);
#1210=VECTOR('',#8386,1000.);
#1211=VECTOR('',#8393,1000.);
#1212=VECTOR('',#8396,1000.);
#1213=VECTOR('',#8399,1000.);
#1214=VECTOR('',#8402,1000.);
#1215=VECTOR('',#8403,1000.);
#1216=VECTOR('',#8406,1000.);
#1217=VECTOR('',#8407,1000.);
#1218=VECTOR('',#8414,1000.);
#1219=VECTOR('',#8417,1000.);
#1220=VECTOR('',#8422,1000.);
#1221=VECTOR('',#8423,1000.);
#1222=VECTOR('',#8426,1000.);
#1223=VECTOR('',#8429,1000.);
#1224=VECTOR('',#8436,1000.);
#1225=VECTOR('',#8439,1000.);
#1226=VECTOR('',#8442,1000.);
#1227=VECTOR('',#8443,1000.);
#1228=VECTOR('',#8446,1000.);
#1229=VECTOR('',#8449,1000.);
#1230=VECTOR('',#8452,1000.);
#1231=VECTOR('',#8461,1000.);
#1232=VECTOR('',#8462,1000.);
#1233=VECTOR('',#8465,1000.);
#1234=VECTOR('',#8468,1000.);
#1235=VECTOR('',#8475,1000.);
#1236=VECTOR('',#8478,1000.);
#1237=B_SPLINE_CURVE_WITH_KNOTS('',3,(#8505,#8506,#8507,#8508),
 .UNSPECIFIED.,.F.,.F.,(4,4),(0.00315900887871194,0.00338374663276417),
 .UNSPECIFIED.);
#1238=B_SPLINE_CURVE_WITH_KNOTS('',3,(#8522,#8523,#8524,#8525),
 .UNSPECIFIED.,.F.,.F.,(4,4),(1.73472347597681E-18,0.00380712577651405),
 .UNSPECIFIED.);
#1239=B_SPLINE_CURVE_WITH_KNOTS('',3,(#8554,#8555,#8556,#8557),
 .UNSPECIFIED.,.F.,.F.,(4,4),(0.,0.00366764195869015),.UNSPECIFIED.);
#1240=B_SPLINE_CURVE_WITH_KNOTS('',3,(#8559,#8560,#8561,#8562),
 .UNSPECIFIED.,.F.,.F.,(4,4),(2.60208521396521E-18,0.00315900887871194),
 .UNSPECIFIED.);
#1241=B_SPLINE_CURVE_WITH_KNOTS('',3,(#8563,#8564,#8565,#8566),
 .UNSPECIFIED.,.F.,.F.,(4,4),(0.,0.00370931081921532),.UNSPECIFIED.);
#1242=B_SPLINE_CURVE_WITH_KNOTS('',3,(#8568,#8569,#8570,#8571),
 .UNSPECIFIED.,.F.,.F.,(4,4),(0.,0.000373302899488087),.UNSPECIFIED.);
#1243=B_SPLINE_CURVE_WITH_KNOTS('',3,(#8589,#8590,#8591,#8592),
 .UNSPECIFIED.,.F.,.F.,(4,4),(1.73472347597681E-18,0.00582432895472551),
 .UNSPECIFIED.);
#1244=B_SPLINE_CURVE_WITH_KNOTS('',3,(#8601,#8602,#8603,#8604),
 .UNSPECIFIED.,.F.,.F.,(4,4),(0.,0.0036531671617576),.UNSPECIFIED.);
#1245=B_SPLINE_CURVE_WITH_KNOTS('',3,(#8613,#8614,#8615,#8616),
 .UNSPECIFIED.,.F.,.F.,(4,4),(7.75791922889773E-18,0.00369739182587618),
 .UNSPECIFIED.);
#1246=B_SPLINE_CURVE_WITH_KNOTS('',3,(#8696,#8697,#8698,#8699),
 .UNSPECIFIED.,.F.,.F.,(4,4),(-0.000100076598351746,0.0100275910674603),
 .UNSPECIFIED.);
#1247=B_SPLINE_CURVE_WITH_KNOTS('',3,(#8736,#8737,#8738,#8739),
 .UNSPECIFIED.,.F.,.F.,(4,4),(-0.000103405107949147,0.00821476893039455),
 .UNSPECIFIED.);
#1248=B_SPLINE_CURVE_WITH_KNOTS('',3,(#8822,#8823,#8824,#8825),
 .UNSPECIFIED.,.F.,.F.,(4,4),(0.666883005378503,1.),.UNSPECIFIED.);
#1249=B_SPLINE_CURVE_WITH_KNOTS('',3,(#8833,#8834,#8835,#8836),
 .UNSPECIFIED.,.F.,.F.,(4,4),(0.,0.34916736301984),.UNSPECIFIED.);
#1250=B_SPLINE_CURVE_WITH_KNOTS('',3,(#8849,#8850,#8851,#8852),
 .UNSPECIFIED.,.F.,.F.,(4,4),(0.,1.),.UNSPECIFIED.);
#1251=B_SPLINE_CURVE_WITH_KNOTS('',3,(#8855,#8856,#8857,#8858),
 .UNSPECIFIED.,.F.,.F.,(4,4),(0.,1.),.UNSPECIFIED.);
#1252=B_SPLINE_CURVE_WITH_KNOTS('',3,(#8860,#8861,#8862,#8863),
 .UNSPECIFIED.,.F.,.F.,(4,4),(0.,0.000400177289755505),.UNSPECIFIED.);
#1253=B_SPLINE_CURVE_WITH_KNOTS('',3,(#8867,#8868,#8869,#8870),
 .UNSPECIFIED.,.F.,.F.,(4,4),(0.,0.00237116406629781),.UNSPECIFIED.);
#1254=B_SPLINE_CURVE_WITH_KNOTS('',3,(#8874,#8875,#8876,#8877),
 .UNSPECIFIED.,.F.,.F.,(4,4),(0.00228199544012268,0.00236181700938456),
 .UNSPECIFIED.);
#1255=B_SPLINE_CURVE_WITH_KNOTS('',3,(#8879,#8880,#8881,#8882),
 .UNSPECIFIED.,.F.,.F.,(4,4),(2.95203351967581E-6,2.69391982751745E-5),
 .UNSPECIFIED.);
#1256=B_SPLINE_CURVE_WITH_KNOTS('',3,(#8884,#8885,#8886,#8887),
 .UNSPECIFIED.,.F.,.F.,(4,4),(0.,1.),.UNSPECIFIED.);
#1257=B_SPLINE_CURVE_WITH_KNOTS('',3,(#8909,#8910,#8911,#8912),
 .UNSPECIFIED.,.F.,.F.,(4,4),(0.010383430080874,0.0121154931506915),
 .UNSPECIFIED.);
#1258=B_SPLINE_CURVE_WITH_KNOTS('',3,(#8914,#8915,#8916,#8917),
 .UNSPECIFIED.,.F.,.F.,(4,4),(0.0167773243125329,0.0171730462331775),
 .UNSPECIFIED.);
#1259=B_SPLINE_CURVE_WITH_KNOTS('',3,(#8925,#8926,#8927,#8928),
 .UNSPECIFIED.,.F.,.F.,(4,4),(0.,0.000974194835282511),.UNSPECIFIED.);
#1260=B_SPLINE_CURVE_WITH_KNOTS('',3,(#8972,#8973,#8974,#8975),
 .UNSPECIFIED.,.F.,.F.,(4,4),(-0.00208800548766637,0.00830616275912402),
 .UNSPECIFIED.);
#1261=B_SPLINE_CURVE_WITH_KNOTS('',3,(#8980,#8981,#8982,#8983),
 .UNSPECIFIED.,.F.,.F.,(4,4),(0.0154822827079294,0.0158451155288852),
 .UNSPECIFIED.);
#1262=B_SPLINE_CURVE_WITH_KNOTS('',3,(#8985,#8986,#8987,#8988),
 .UNSPECIFIED.,.F.,.F.,(4,4),(0.849597487646007,1.),.UNSPECIFIED.);
#1263=B_SPLINE_CURVE_WITH_KNOTS('',3,(#8990,#8991,#8992,#8993,#8994,#8995,
#8996,#8997,#8998),.UNSPECIFIED.,.F.,.F.,(4,1,1,1,1,1,4),(0.,0.25,0.375,
0.5,0.625,0.75,1.),.UNSPECIFIED.);
#1264=B_SPLINE_CURVE_WITH_KNOTS('',3,(#9004,#9005,#9006,#9007),
 .UNSPECIFIED.,.F.,.F.,(4,4),(0.,0.586511235282303),.UNSPECIFIED.);
#1265=B_SPLINE_CURVE_WITH_KNOTS('',3,(#9010,#9011,#9012,#9013),
 .UNSPECIFIED.,.F.,.F.,(4,4),(0.0155874502119679,0.0158451155275009),
 .UNSPECIFIED.);
#1266=B_SPLINE_CURVE_WITH_KNOTS('',3,(#9023,#9024,#9025,#9026),
 .UNSPECIFIED.,.F.,.F.,(4,4),(2.33978971936159E-9,0.00376564594794975),
 .UNSPECIFIED.);
#1267=B_SPLINE_CURVE_WITH_KNOTS('',3,(#9029,#9030,#9031,#9032),
 .UNSPECIFIED.,.F.,.F.,(4,4),(0.657631702451354,0.782791192825512),
 .UNSPECIFIED.);
#1268=B_SPLINE_CURVE_WITH_KNOTS('',3,(#9279,#9280,#9281,#9282),
 .UNSPECIFIED.,.F.,.F.,(4,4),(0.,1.7118943355535E-5),.UNSPECIFIED.);
#1269=B_SPLINE_CURVE_WITH_KNOTS('',3,(#9283,#9284,#9285,#9286),
 .UNSPECIFIED.,.F.,.F.,(4,4),(0.,1.72217917621424E-5),.UNSPECIFIED.);
#1270=B_SPLINE_CURVE_WITH_KNOTS('',3,(#9301,#9302,#9303,#9304),
 .UNSPECIFIED.,.F.,.F.,(4,4),(0.,0.00301779988580454),.UNSPECIFIED.);
#1271=B_SPLINE_CURVE_WITH_KNOTS('',3,(#9305,#9306,#9307,#9308),
 .UNSPECIFIED.,.F.,.F.,(4,4),(0.,0.00302991151497828),.UNSPECIFIED.);
#1272=B_SPLINE_CURVE_WITH_KNOTS('',3,(#9313,#9314,#9315,#9316),
 .UNSPECIFIED.,.F.,.F.,(4,4),(0.,0.00301781702571125),.UNSPECIFIED.);
#1273=B_SPLINE_CURVE_WITH_KNOTS('',3,(#9357,#9358,#9359,#9360),
 .UNSPECIFIED.,.F.,.F.,(4,4),(0.,1.70163474803072E-5),.UNSPECIFIED.);
#1274=B_SPLINE_CURVE_WITH_KNOTS('',3,(#9364,#9365,#9366,#9367),
 .UNSPECIFIED.,.F.,.F.,(4,4),(0.,1.71174343318094E-5),.UNSPECIFIED.);
#1275=B_SPLINE_CURVE_WITH_KNOTS('',3,(#9413,#9414,#9415,#9416),
 .UNSPECIFIED.,.F.,.F.,(4,4),(3.4732565087125E-18,0.00236183565829264),
 .UNSPECIFIED.);
#1276=B_SPLINE_CURVE_WITH_KNOTS('',3,(#9417,#9418,#9419,#9420),
 .UNSPECIFIED.,.F.,.F.,(4,4),(2.12653211302232E-14,0.0023711453441747),
 .UNSPECIFIED.);
#1277=B_SPLINE_CURVE_WITH_KNOTS('',3,(#9424,#9425,#9426,#9427),
 .UNSPECIFIED.,.F.,.F.,(4,4),(1.83863982473055E-13,5.24824817760809E-5),
 .UNSPECIFIED.);
#1278=B_SPLINE_CURVE_WITH_KNOTS('',3,(#9430,#9431,#9432,#9433),
 .UNSPECIFIED.,.F.,.F.,(4,4),(0.,0.0267480786188794),.UNSPECIFIED.);
#1279=B_SPLINE_CURVE_WITH_KNOTS('',3,(#9437,#9438,#9439,#9440),
 .UNSPECIFIED.,.F.,.F.,(4,4),(1.87909463888452E-13,5.25248906997677E-5),
 .UNSPECIFIED.);
#1280=B_SPLINE_CURVE_WITH_KNOTS('',3,(#9442,#9443,#9444,#9445),
 .UNSPECIFIED.,.F.,.F.,(4,4),(0.,0.0267480747693538),.UNSPECIFIED.);
#1281=B_SPLINE_CURVE_WITH_KNOTS('',3,(#9449,#9450,#9451,#9452),
 .UNSPECIFIED.,.F.,.F.,(4,4),(0.,0.00291348352577421),.UNSPECIFIED.);
#1282=B_SPLINE_CURVE_WITH_KNOTS('',3,(#9455,#9456,#9457,#9458),
 .UNSPECIFIED.,.F.,.F.,(4,4),(0.,0.00016232442974352),.UNSPECIFIED.);
#1283=B_SPLINE_CURVE_WITH_KNOTS('',3,(#9462,#9463,#9464,#9465),
 .UNSPECIFIED.,.F.,.F.,(4,4),(0.,5.28735788168494E-5),.UNSPECIFIED.);
#1284=B_SPLINE_CURVE_WITH_KNOTS('',3,(#9467,#9468,#9469,#9470),
 .UNSPECIFIED.,.F.,.F.,(4,4),(0.,0.00307564914405851),.UNSPECIFIED.);
#1285=B_SPLINE_CURVE_WITH_KNOTS('',3,(#9471,#9472,#9473,#9474),
 .UNSPECIFIED.,.F.,.F.,(4,4),(1.8646434918831E-13,5.2601913103246E-5),
 .UNSPECIFIED.);
#1286=B_SPLINE_CURVE_WITH_KNOTS('',3,(#9479,#9480,#9481,#9482),
 .UNSPECIFIED.,.F.,.F.,(4,4),(0.,1.7136291458047E-5),.UNSPECIFIED.);
#1287=B_SPLINE_CURVE_WITH_KNOTS('',3,(#9485,#9486,#9487,#9488,#9489,#9490,
#9491,#9492,#9493),.UNSPECIFIED.,.F.,.F.,(4,1,1,1,1,1,4),(0.,0.0193895652403241,
0.0290843478604862,0.0387791304806482,0.0484739131008103,0.0581686957209723,
0.0775582609612964),.UNSPECIFIED.);
#1288=B_SPLINE_CURVE_WITH_KNOTS('',3,(#9495,#9496,#9497,#9498),
 .UNSPECIFIED.,.F.,.F.,(4,4),(0.,0.0300343407930421),.UNSPECIFIED.);
#1289=B_SPLINE_CURVE_WITH_KNOTS('',3,(#9499,#9500,#9501,#9502),
 .UNSPECIFIED.,.F.,.F.,(4,4),(0.,5.25781394721969E-5),.UNSPECIFIED.);
#1290=B_SPLINE_CURVE_WITH_KNOTS('',3,(#9504,#9505,#9506,#9507),
 .UNSPECIFIED.,.F.,.F.,(4,4),(3.26290136443067E-13,0.029876498988865),
 .UNSPECIFIED.);
#1291=B_SPLINE_CURVE_WITH_KNOTS('',3,(#9509,#9510,#9511,#9512,#9513,#9514,
#9515),.UNSPECIFIED.,.F.,.F.,(4,1,1,1,4),(0.,0.0191077666270073,0.0382155332540145,
0.0573232998810218,0.0764310665080291),.UNSPECIFIED.);
#1292=B_SPLINE_CURVE_WITH_KNOTS('',3,(#9530,#9531,#9532,#9533),
 .UNSPECIFIED.,.F.,.F.,(4,4),(0.,1.7239049562266E-5),.UNSPECIFIED.);
#1293=B_SPLINE_CURVE_WITH_KNOTS('',3,(#9548,#9549,#9550,#9551),
 .UNSPECIFIED.,.F.,.F.,(4,4),(1.39048664439199E-17,0.00302989424541056),
 .UNSPECIFIED.);
#1294=B_SPLINE_CURVE_WITH_KNOTS('',3,(#9599,#9600,#9601,#9602),
 .UNSPECIFIED.,.F.,.F.,(4,4),(-0.0646096188060034,0.999979452158146),
 .UNSPECIFIED.);
#1295=B_SPLINE_CURVE_WITH_KNOTS('',3,(#9603,#9604,#9605,#9606),
 .UNSPECIFIED.,.F.,.F.,(4,4),(0.,1.),.UNSPECIFIED.);
#1296=B_SPLINE_CURVE_WITH_KNOTS('',3,(#9607,#9608,#9609,#9610),
 .UNSPECIFIED.,.F.,.F.,(4,4),(0.,1.70349933872987E-5),.UNSPECIFIED.);
#1297=B_SPLINE_CURVE_WITH_KNOTS('',3,(#9842,#9843,#9844,#9845,#9846,#9847,
#9848,#9849,#9850),.UNSPECIFIED.,.F.,.F.,(4,1,1,1,1,1,4),(-6.00000000057078E-8,
0.0194970091213646,0.0292455436820469,0.0389940782427292,0.0487426128034116,
0.0584911473640939,0.0779882164854585),.UNSPECIFIED.);
#1298=B_SPLINE_CURVE_WITH_KNOTS('',3,(#9865,#9866,#9867,#9868),
 .UNSPECIFIED.,.F.,.F.,(4,4),(0.0255132579910639,0.0300343607639115),
 .UNSPECIFIED.);
#1299=B_SPLINE_CURVE_WITH_KNOTS('',3,(#9870,#9871,#9872,#9873),
 .UNSPECIFIED.,.F.,.F.,(4,4),(0.,1.),.UNSPECIFIED.);
#1300=B_SPLINE_CURVE_WITH_KNOTS('',3,(#9875,#9876,#9877,#9878),
 .UNSPECIFIED.,.F.,.F.,(4,4),(0.0197216568466691,0.0234978566478357),
 .UNSPECIFIED.);
#1301=B_SPLINE_CURVE_WITH_KNOTS('',3,(#9880,#9881,#9882,#9883),
 .UNSPECIFIED.,.F.,.F.,(4,4),(0.,1.),.UNSPECIFIED.);
#1302=B_SPLINE_CURVE_WITH_KNOTS('',3,(#9885,#9886,#9887,#9888),
 .UNSPECIFIED.,.F.,.F.,(4,4),(0.,0.0175884014404296),.UNSPECIFIED.);
#1303=B_SPLINE_CURVE_WITH_KNOTS('',3,(#9901,#9902,#9903,#9904),
 .UNSPECIFIED.,.F.,.F.,(4,4),(0.,1.),.UNSPECIFIED.);
#1304=B_SPLINE_CURVE_WITH_KNOTS('',3,(#9906,#9907,#9908,#9909),
 .UNSPECIFIED.,.F.,.F.,(4,4),(0.,5.27757406409582E-5),.UNSPECIFIED.);
#1305=B_SPLINE_CURVE_WITH_KNOTS('',3,(#9956,#9957,#9958,#9959),
 .UNSPECIFIED.,.F.,.F.,(4,4),(0.,0.00308718660298208),.UNSPECIFIED.);
#1306=B_SPLINE_CURVE_WITH_KNOTS('',3,(#9974,#9975,#9976,#9977),
 .UNSPECIFIED.,.F.,.F.,(4,4),(7.80625564189563E-18,5.28236571516097E-5),
 .UNSPECIFIED.);
#1307=B_SPLINE_CURVE_WITH_KNOTS('',3,(#9992,#9993,#9994,#9995),
 .UNSPECIFIED.,.F.,.F.,(4,4),(5.42101086242752E-20,0.0267480765827151),
 .UNSPECIFIED.);
#1308=B_SPLINE_CURVE_WITH_KNOTS('',3,(#10011,#10012,#10013,#10014),
 .UNSPECIFIED.,.F.,.F.,(4,4),(1.85244050885082E-13,5.24035139825016E-5),
 .UNSPECIFIED.);
#1309=B_SPLINE_CURVE_WITH_KNOTS('',3,(#10015,#10016,#10017,#10018),
 .UNSPECIFIED.,.F.,.F.,(4,4),(-6.00000000008449E-8,5.24423259412666E-5),
 .UNSPECIFIED.);
#1310=B_SPLINE_CURVE_WITH_KNOTS('',3,(#10034,#10035,#10036,#10037),
 .UNSPECIFIED.,.F.,.F.,(4,4),(0.,0.00240658702338257),.UNSPECIFIED.);
#1311=B_SPLINE_CURVE_WITH_KNOTS('',3,(#10038,#10039,#10040,#10041),
 .UNSPECIFIED.,.F.,.F.,(4,4),(6.08023826287761E-18,0.00239753455831939),
 .UNSPECIFIED.);
#1312=B_SPLINE_CURVE_WITH_KNOTS('',3,(#10082,#10083,#10084,#10085),
 .UNSPECIFIED.,.F.,.F.,(4,4),(0.,0.00246597827835364),.UNSPECIFIED.);
#1313=B_SPLINE_CURVE_WITH_KNOTS('',3,(#10089,#10090,#10091,#10092),
 .UNSPECIFIED.,.F.,.F.,(4,4),(-5.99999999978591E-8,0.00251401554557456),
 .UNSPECIFIED.);
#1314=B_SPLINE_CURVE_WITH_KNOTS('',3,(#10105,#10106,#10107,#10108),
 .UNSPECIFIED.,.F.,.F.,(4,4),(0.,0.00235883023394707),.UNSPECIFIED.);
#1315=B_SPLINE_CURVE_WITH_KNOTS('',3,(#10112,#10113,#10114,#10115),
 .UNSPECIFIED.,.F.,.F.,(4,4),(8.67361737988404E-19,0.00235883056021564),
 .UNSPECIFIED.);
#1316=B_SPLINE_CURVE_WITH_KNOTS('',3,(#10128,#10129,#10130,#10131),
 .UNSPECIFIED.,.F.,.F.,(4,4),(4.34222631690122E-18,5.25401809422835E-5),
 .UNSPECIFIED.);
#1317=B_SPLINE_CURVE_WITH_KNOTS('',3,(#10132,#10133,#10134,#10135),
 .UNSPECIFIED.,.F.,.F.,(4,4),(5.2086859779582E-18,5.22468459137458E-5),
 .UNSPECIFIED.);
#1318=B_SPLINE_CURVE_WITH_KNOTS('',3,(#10137,#10138,#10139,#10140),
 .UNSPECIFIED.,.F.,.F.,(4,4),(2.6043429889791E-18,5.24616320654378E-5),
 .UNSPECIFIED.);
#1319=B_SPLINE_CURVE_WITH_KNOTS('',3,(#10143,#10144,#10145,#10146),
 .UNSPECIFIED.,.F.,.F.,(4,4),(3.14404371589979E-13,0.00240653679590313),
 .UNSPECIFIED.);
#1320=B_SPLINE_CURVE_WITH_KNOTS('',3,(#10178,#10179,#10180,#10181),
 .UNSPECIFIED.,.F.,.F.,(4,4),(0.,1.71364627800373E-5),.UNSPECIFIED.);
#1321=B_SPLINE_CURVE_WITH_KNOTS('',3,(#10209,#10210,#10211,#10212),
 .UNSPECIFIED.,.F.,.F.,(4,4),(0.00149105380995872,0.00165423606322256),
 .UNSPECIFIED.);
#1322=B_SPLINE_CURVE_WITH_KNOTS('',3,(#10228,#10229,#10230,#10231),
 .UNSPECIFIED.,.F.,.F.,(4,4),(-5.99999999992895E-8,0.00230852932606648),
 .UNSPECIFIED.);
#1323=B_SPLINE_CURVE_WITH_KNOTS('',3,(#10235,#10236,#10237,#10238),
 .UNSPECIFIED.,.F.,.F.,(4,4),(8.67361737988404E-19,0.00236354518825221),
 .UNSPECIFIED.);
#1324=B_SPLINE_CURVE_WITH_KNOTS('',3,(#10251,#10252,#10253,#10254),
 .UNSPECIFIED.,.F.,.F.,(4,4),(0.,0.00251637096036338),.UNSPECIFIED.);
#1325=B_SPLINE_CURVE_WITH_KNOTS('',3,(#10257,#10258,#10259,#10260),
 .UNSPECIFIED.,.F.,.F.,(4,4),(0.,0.00251637128103566),.UNSPECIFIED.);
#1326=B_SPLINE_CURVE_WITH_KNOTS('',3,(#10273,#10274,#10275,#10276),
 .UNSPECIFIED.,.F.,.F.,(4,4),(-5.9999999999101E-8,5.2500523610663E-5),
 .UNSPECIFIED.);
#1327=B_SPLINE_CURVE_WITH_KNOTS('',3,(#10291,#10292,#10293,#10294),
 .UNSPECIFIED.,.F.,.F.,(4,4),(0.,0.00239759022211925),.UNSPECIFIED.);
#1328=B_SPLINE_CURVE_WITH_KNOTS('',3,(#10309,#10310,#10311,#10312),
 .UNSPECIFIED.,.F.,.F.,(4,4),(2.39520603718768E-15,5.21917305190152E-5),
 .UNSPECIFIED.);
#1329=B_SPLINE_CURVE_WITH_KNOTS('',3,(#10327,#10328,#10329,#10330),
 .UNSPECIFIED.,.F.,.F.,(4,4),(0.,0.0267480769564155),.UNSPECIFIED.);
#1330=B_SPLINE_CURVE_WITH_KNOTS('',3,(#10345,#10346,#10347,#10348),
 .UNSPECIFIED.,.F.,.F.,(4,4),(-6.00000000016344E-8,5.24442575405647E-5),
 .UNSPECIFIED.);
#1331=B_SPLINE_CURVE_WITH_KNOTS('',3,(#10363,#10364,#10365,#10366),
 .UNSPECIFIED.,.F.,.F.,(4,4),(-5.99999999927486E-8,0.00292434110511852),
 .UNSPECIFIED.);
#1332=B_SPLINE_CURVE_WITH_KNOTS('',3,(#10381,#10382,#10383,#10384),
 .UNSPECIFIED.,.F.,.F.,(4,4),(0.,0.000162938891787),.UNSPECIFIED.);
#1333=B_SPLINE_CURVE_WITH_KNOTS('',3,(#10399,#10400,#10401,#10402),
 .UNSPECIFIED.,.F.,.F.,(4,4),(2.11082774933361E-17,5.28754882312168E-5),
 .UNSPECIFIED.);
#1334=B_SPLINE_CURVE_WITH_KNOTS('',3,(#10417,#10418,#10419,#10420),
 .UNSPECIFIED.,.F.,.F.,(4,4),(0.,0.0298764793219731),.UNSPECIFIED.);
#1335=B_SPLINE_CURVE_WITH_KNOTS('',3,(#10444,#10445,#10446,#10447,#10448,
#10449,#10450),.UNSPECIFIED.,.F.,.F.,(4,1,1,1,4),(-5.99999999867093E-8,
0.0189505600807155,0.037901180161431,0.0568518002421465,0.075802420322862),
 .UNSPECIFIED.);
#1336=B_SPLINE_CURVE_WITH_KNOTS('',3,(#10567,#10568,#10569,#10570),
 .UNSPECIFIED.,.F.,.F.,(4,4),(8.6594051772774E-5,0.0175131297873309),
 .UNSPECIFIED.);
#1337=B_SPLINE_CURVE_WITH_KNOTS('',3,(#10765,#10766,#10767,#10768),
 .UNSPECIFIED.,.F.,.F.,(4,4),(0.150404308472512,0.217211350637591),
 .UNSPECIFIED.);
#1338=B_SPLINE_CURVE_WITH_KNOTS('',3,(#10769,#10770,#10771,#10772),
 .UNSPECIFIED.,.F.,.F.,(4,4),(0.342372638762956,0.413492934502833),
 .UNSPECIFIED.);
#1339=B_SPLINE_CURVE_WITH_KNOTS('',3,(#10773,#10774,#10775,#10776),
 .UNSPECIFIED.,.F.,.F.,(4,4),(0.,0.600052421732059),.UNSPECIFIED.);
#1340=B_SPLINE_CURVE_WITH_KNOTS('',3,(#10804,#10805,#10806,#10807),
 .UNSPECIFIED.,.F.,.F.,(4,4),(0.,1.),.UNSPECIFIED.);
#1341=B_SPLINE_CURVE_WITH_KNOTS('',3,(#10817,#10818,#10819,#10820),
 .UNSPECIFIED.,.F.,.F.,(4,4),(0.42273934475005,0.562439046975696),
 .UNSPECIFIED.);
#1342=B_SPLINE_CURVE_WITH_KNOTS('',3,(#10823,#10824,#10825,#10826),
 .UNSPECIFIED.,.F.,.F.,(4,4),(0.562439064430215,0.650832636981356),
 .UNSPECIFIED.);
#1343=B_SPLINE_CURVE_WITH_KNOTS('',3,(#10828,#10829,#10830,#10831),
 .UNSPECIFIED.,.F.,.F.,(4,4),(0.333116994621688,0.422739360794624),
 .UNSPECIFIED.);
#1344=B_SPLINE_CURVE_WITH_KNOTS('',3,(#10840,#10841,#10842,#10843),
 .UNSPECIFIED.,.F.,.F.,(4,4),(0.,1.),.UNSPECIFIED.);
#1345=B_SPLINE_CURVE_WITH_KNOTS('',3,(#10856,#10857,#10858,#10859),
 .UNSPECIFIED.,.F.,.F.,(4,4),(0.,1.),.UNSPECIFIED.);
#1346=B_SPLINE_CURVE_WITH_KNOTS('',3,(#11034,#11035,#11036,#11037),
 .UNSPECIFIED.,.F.,.F.,(4,4),(7.74287367086006E-17,0.00076537018725732),
 .UNSPECIFIED.);
#1347=B_SPLINE_CURVE_WITH_KNOTS('',3,(#11041,#11042,#11043,#11044),
 .UNSPECIFIED.,.F.,.F.,(4,4),(8.67361737988404E-19,0.000762920821465276),
 .UNSPECIFIED.);
#1348=B_SPLINE_CURVE_WITH_KNOTS('',3,(#11053,#11054,#11055,#11056),
 .UNSPECIFIED.,.F.,.F.,(4,4),(0.000981118213862338,0.0093349932750716),
 .UNSPECIFIED.);
#1349=B_SPLINE_CURVE_WITH_KNOTS('',3,(#11061,#11062,#11063,#11064),
 .UNSPECIFIED.,.F.,.F.,(4,4),(0.0175580910873085,0.0257370395990194),
 .UNSPECIFIED.);
#1350=B_SPLINE_CURVE_WITH_KNOTS('',3,(#11124,#11125,#11126,#11127),
 .UNSPECIFIED.,.F.,.F.,(4,4),(0.,1.),.UNSPECIFIED.);
#1351=B_SPLINE_CURVE_WITH_KNOTS('',3,(#11142,#11143,#11144,#11145),
 .UNSPECIFIED.,.F.,.F.,(4,4),(0.,1.),.UNSPECIFIED.);
#1352=B_SPLINE_CURVE_WITH_KNOTS('',3,(#11156,#11157,#11158,#11159),
 .UNSPECIFIED.,.F.,.F.,(4,4),(0.,1.),.UNSPECIFIED.);
#1353=B_SPLINE_CURVE_WITH_KNOTS('',3,(#11170,#11171,#11172,#11173),
 .UNSPECIFIED.,.F.,.F.,(4,4),(0.,1.),.UNSPECIFIED.);
#1354=B_SPLINE_CURVE_WITH_KNOTS('',3,(#11184,#11185,#11186,#11187),
 .UNSPECIFIED.,.F.,.F.,(4,4),(0.,1.),.UNSPECIFIED.);
#1355=B_SPLINE_CURVE_WITH_KNOTS('',3,(#11202,#11203,#11204,#11205),
 .UNSPECIFIED.,.F.,.F.,(4,4),(0.,1.),.UNSPECIFIED.);
#1356=B_SPLINE_CURVE_WITH_KNOTS('',3,(#11336,#11337,#11338,#11339,#11340,
#11341,#11342,#11343,#11344),.UNSPECIFIED.,.F.,.F.,(4,1,1,1,1,1,4),(0.,
0.25,0.375,0.5,0.625,0.75,1.),.UNSPECIFIED.);
#1357=B_SPLINE_CURVE_WITH_KNOTS('',3,(#11578,#11579,#11580,#11581),
 .UNSPECIFIED.,.F.,.F.,(4,4),(0.00101327841960322,0.00203281328121043),
 .UNSPECIFIED.);
#1358=B_SPLINE_CURVE_WITH_KNOTS('',3,(#11583,#11584,#11585,#11586),
 .UNSPECIFIED.,.F.,.F.,(4,4),(1.44096954211131E-17,0.000786807453523878),
 .UNSPECIFIED.);
#1359=B_SPLINE_CURVE_WITH_KNOTS('',3,(#11588,#11589,#11590,#11591),
 .UNSPECIFIED.,.F.,.F.,(4,4),(0.0133316818602475,0.0159593991527168),
 .UNSPECIFIED.);
#1360=B_SPLINE_CURVE_WITH_KNOTS('',3,(#11593,#11594,#11595,#11596),
 .UNSPECIFIED.,.F.,.F.,(4,4),(-7.12862928409219E-18,0.000785111396706781),
 .UNSPECIFIED.);
#1361=B_SPLINE_CURVE_WITH_KNOTS('',3,(#11598,#11599,#11600,#11601),
 .UNSPECIFIED.,.F.,.F.,(4,4),(0.0334271484305862,0.0344470612211493),
 .UNSPECIFIED.);
#1362=B_SPLINE_CURVE_WITH_KNOTS('',3,(#11603,#11604,#11605,#11606),
 .UNSPECIFIED.,.F.,.F.,(4,4),(0.,0.0060228874820259),.UNSPECIFIED.);
#1363=B_SPLINE_CURVE_WITH_KNOTS('',3,(#11648,#11649,#11650,#11651),
 .UNSPECIFIED.,.F.,.F.,(4,4),(0.,0.000185025768374213),.UNSPECIFIED.);
#1364=B_SPLINE_CURVE_WITH_KNOTS('',3,(#11653,#11654,#11655,#11656),
 .UNSPECIFIED.,.F.,.F.,(4,4),(0.,0.00559295479501071),.UNSPECIFIED.);
#1365=B_SPLINE_CURVE_WITH_KNOTS('',3,(#11657,#11658,#11659,#11660),
 .UNSPECIFIED.,.F.,.F.,(4,4),(0.0124607728457157,0.0134949561969491),
 .UNSPECIFIED.);
#1366=B_SPLINE_CURVE_WITH_KNOTS('',3,(#11662,#11663,#11664,#11665),
 .UNSPECIFIED.,.F.,.F.,(4,4),(0.,0.000752968838486227),.UNSPECIFIED.);
#1367=B_SPLINE_CURVE_WITH_KNOTS('',3,(#11667,#11668,#11669,#11670),
 .UNSPECIFIED.,.F.,.F.,(4,4),(0.,0.00272497964310183),.UNSPECIFIED.);
#1368=B_SPLINE_CURVE_WITH_KNOTS('',3,(#11672,#11673,#11674,#11675),
 .UNSPECIFIED.,.F.,.F.,(4,4),(0.000404093925104046,0.00117884386105409),
 .UNSPECIFIED.);
#1369=B_SPLINE_CURVE_WITH_KNOTS('',3,(#11677,#11678,#11679,#11680),
 .UNSPECIFIED.,.F.,.F.,(4,4),(0.0319081757805248,0.032919751162453),
 .UNSPECIFIED.);
#1370=B_SPLINE_CURVE_WITH_KNOTS('',3,(#11681,#11682,#11683,#11684),
 .UNSPECIFIED.,.F.,.F.,(4,4),(0.,0.00577042666664212),.UNSPECIFIED.);
#1371=B_SPLINE_CURVE_WITH_KNOTS('',3,(#11716,#11717,#11718,#11719),
 .UNSPECIFIED.,.F.,.F.,(4,4),(0.0699577999978421,0.0747124195245835),
 .UNSPECIFIED.);
#1372=B_SPLINE_CURVE_WITH_KNOTS('',3,(#11723,#11724,#11725,#11726),
 .UNSPECIFIED.,.F.,.F.,(4,4),(6.1331736667335E-18,0.000763105017548582),
 .UNSPECIFIED.);
#1373=B_SPLINE_CURVE_WITH_KNOTS('',3,(#11732,#11733,#11734,#11735),
 .UNSPECIFIED.,.F.,.F.,(4,4),(4.47233396150271E-19,0.000765557120816185),
 .UNSPECIFIED.);
#1374=B_SPLINE_CURVE_WITH_KNOTS('',3,(#11739,#11740,#11741,#11742),
 .UNSPECIFIED.,.F.,.F.,(4,4),(0.0341115415379928,0.0402838665761334),
 .UNSPECIFIED.);
#1375=B_SPLINE_CURVE_WITH_KNOTS('',3,(#11751,#11752,#11753,#11754),
 .UNSPECIFIED.,.F.,.F.,(4,4),(0.,0.00102047463059169),.UNSPECIFIED.);
#1376=B_SPLINE_CURVE_WITH_KNOTS('',3,(#11755,#11756,#11757,#11758),
 .UNSPECIFIED.,.F.,.F.,(4,4),(0.,0.00101807729186954),.UNSPECIFIED.);
#1377=B_SPLINE_CURVE_WITH_KNOTS('',3,(#11760,#11761,#11762,#11763),
 .UNSPECIFIED.,.F.,.F.,(4,4),(1.73472347597681E-18,0.0014211300737824),
 .UNSPECIFIED.);
#1378=B_SPLINE_CURVE_WITH_KNOTS('',3,(#11765,#11766,#11767,#11768),
 .UNSPECIFIED.,.F.,.F.,(4,4),(0.,0.00142094930880372),.UNSPECIFIED.);
#1379=B_SPLINE_CURVE_WITH_KNOTS('',3,(#11784,#11785,#11786,#11787),
 .UNSPECIFIED.,.F.,.F.,(4,4),(0.,0.000787859423788199),.UNSPECIFIED.);
#1380=B_SPLINE_CURVE_WITH_KNOTS('',3,(#11793,#11794,#11795,#11796),
 .UNSPECIFIED.,.F.,.F.,(4,4),(0.,0.00259246169187146),.UNSPECIFIED.);
#1381=B_SPLINE_CURVE_WITH_KNOTS('',3,(#11800,#11801,#11802,#11803),
 .UNSPECIFIED.,.F.,.F.,(4,4),(0.,0.000788080496790726),.UNSPECIFIED.);
#1382=B_SPLINE_CURVE_WITH_KNOTS('',3,(#11805,#11806,#11807,#11808),
 .UNSPECIFIED.,.F.,.F.,(4,4),(0.00316910684237398,0.0093391182332713),
 .UNSPECIFIED.);
#1383=B_SPLINE_CURVE_WITH_KNOTS('',3,(#11810,#11811,#11812,#11813),
 .UNSPECIFIED.,.F.,.F.,(4,4),(0.029704898154237,0.0358243765196955),
 .UNSPECIFIED.);
#1384=B_SPLINE_CURVE_WITH_KNOTS('',3,(#11816,#11817,#11818,#11819),
 .UNSPECIFIED.,.F.,.F.,(4,4),(0.00807182461468419,0.00909078898172954),
 .UNSPECIFIED.);
#1385=B_SPLINE_CURVE_WITH_KNOTS('',3,(#11822,#11823,#11824,#11825),
 .UNSPECIFIED.,.F.,.F.,(4,4),(0.,0.00101577355379783),.UNSPECIFIED.);
#1386=SHAPE_REPRESENTATION_RELATIONSHIP('','',#6416,#1387);
#1387=ADVANCED_BREP_SHAPE_REPRESENTATION('',(#6413,#6414),#11842);
#1388=TOROIDAL_SURFACE('',#6424,0.814404957423887,0.5);
#1389=TOROIDAL_SURFACE('',#6664,9.20000000000101,0.2);
#1390=TOROIDAL_SURFACE('',#6667,9.60000000000094,0.2);
#1391=CIRCLE('',#6421,1.31440495742389);
#1392=CIRCLE('',#6423,0.814404957423887);
#1393=CIRCLE('',#6429,28.0852238848026);
#1394=CIRCLE('',#6461,3.);
#1395=CIRCLE('',#6475,0.2);
#1396=CIRCLE('',#6476,0.2);
#1397=CIRCLE('',#6478,0.2);
#1398=CIRCLE('',#6479,0.2);
#1399=CIRCLE('',#6501,0.5);
#1400=CIRCLE('',#6504,0.5);
#1401=CIRCLE('',#6510,9.80000000000146);
#1402=CIRCLE('',#6517,18.7);
#1403=CIRCLE('',#6519,20.8053952140494);
#1404=CIRCLE('',#6521,4.12100000000101);
#1405=CIRCLE('',#6522,5.25000000000763);
#1406=CIRCLE('',#6524,4.12100000000101);
#1407=CIRCLE('',#6526,5.25000000000763);
#1408=CIRCLE('',#6528,4.);
#1409=CIRCLE('',#6529,5.);
#1410=CIRCLE('',#6531,4.);
#1411=CIRCLE('',#6533,5.);
#1412=CIRCLE('',#6535,18.7);
#1413=CIRCLE('',#6537,20.5543985514298);
#1414=CIRCLE('',#6545,5.25000000000763);
#1415=CIRCLE('',#6548,0.2);
#1416=CIRCLE('',#6549,0.2);
#1417=CIRCLE('',#6552,5.);
#1418=CIRCLE('',#6555,0.2);
#1419=CIRCLE('',#6556,0.2);
#1420=CIRCLE('',#6559,5.);
#1421=CIRCLE('',#6560,1.5);
#1422=CIRCLE('',#6562,5.);
#1423=CIRCLE('',#6563,5.);
#1424=CIRCLE('',#6564,0.2);
#1425=CIRCLE('',#6565,0.2);
#1426=CIRCLE('',#6569,0.2);
#1427=CIRCLE('',#6571,0.2);
#1428=CIRCLE('',#6573,0.2);
#1429=CIRCLE('',#6574,0.2);
#1430=CIRCLE('',#6576,0.2);
#1431=CIRCLE('',#6578,0.2);
#1432=CIRCLE('',#6584,0.2);
#1433=CIRCLE('',#6585,0.2);
#1434=CIRCLE('',#6587,20.7);
#1435=CIRCLE('',#6594,3.);
#1436=CIRCLE('',#6596,1.5);
#1437=CIRCLE('',#6598,1.5);
#1438=CIRCLE('',#6600,25.6867002549137);
#1439=CIRCLE('',#6618,6.47208624503219);
#1440=CIRCLE('',#6620,6.47208624503219);
#1441=CIRCLE('',#6622,1.5);
#1442=CIRCLE('',#6624,1.5);
#1443=CIRCLE('',#6637,0.2);
#1444=CIRCLE('',#6638,0.2);
#1445=CIRCLE('',#6639,0.2);
#1446=CIRCLE('',#6641,0.2);
#1447=CIRCLE('',#6643,0.2);
#1448=CIRCLE('',#6644,0.2);
#1449=CIRCLE('',#6645,0.2);
#1450=CIRCLE('',#6646,0.2);
#1451=CIRCLE('',#6647,0.2);
#1452=CIRCLE('',#6650,0.2);
#1453=CIRCLE('',#6651,0.2);
#1454=CIRCLE('',#6652,0.2);
#1455=CIRCLE('',#6656,9.00000000000101);
#1456=CIRCLE('',#6657,9.00000000000101);
#1457=CIRCLE('',#6659,0.2);
#1458=CIRCLE('',#6661,0.2);
#1459=CIRCLE('',#6663,0.2);
#1460=CIRCLE('',#6665,0.2);
#1461=CIRCLE('',#6666,9.20000000000101);
#1462=CIRCLE('',#6668,9.60000000000094);
#1463=CIRCLE('',#6669,0.2);
#1464=CIRCLE('',#6670,9.80000000000095);
#1465=CIRCLE('',#6672,9.80000000000095);
#1466=CIRCLE('',#6674,0.2);
#1467=CIRCLE('',#6675,0.2);
#1468=CIRCLE('',#6676,0.2);
#1469=CIRCLE('',#6677,0.2);
#1470=CIRCLE('',#6678,0.2);
#1471=CIRCLE('',#6679,0.2);
#1472=CIRCLE('',#6680,0.2);
#1473=CIRCLE('',#6681,0.2);
#1474=CIRCLE('',#6682,0.2);
#1475=CIRCLE('',#6683,0.2);
#1476=CIRCLE('',#6684,0.2);
#1477=CIRCLE('',#6685,0.2);
#1478=CIRCLE('',#6686,0.2);
#1479=CIRCLE('',#6700,3.05);
#1480=CIRCLE('',#6759,0.2);
#1481=CIRCLE('',#6762,0.2);
#1482=CIRCLE('',#6764,9.99999999999434);
#1483=CIRCLE('',#6767,0.2);
#1484=CIRCLE('',#6770,0.2);
#1485=CIRCLE('',#6774,0.5);
#1486=CIRCLE('',#6783,0.5);
#1487=CIRCLE('',#6803,29.0852238848025);
#1488=CIRCLE('',#6805,29.0852238848025);
#1489=CIRCLE('',#6837,4.2);
#1490=CIRCLE('',#6853,4.2);
#1491=CIRCLE('',#6854,5.25);
#1492=CIRCLE('',#6858,6.45000000000005);
#1493=CIRCLE('',#6860,5.25);
#1494=CIRCLE('',#6862,6.45000000000005);
#1495=CIRCLE('',#6868,2.2);
#1496=CIRCLE('',#6871,2.2);
#1497=CYLINDRICAL_SURFACE('',#6420,1.31440495742389);
#1498=CYLINDRICAL_SURFACE('',#6432,29.0852238848025);
#1499=CYLINDRICAL_SURFACE('',#6477,0.2);
#1500=CYLINDRICAL_SURFACE('',#6491,29.0852238848025);
#1501=CYLINDRICAL_SURFACE('',#6509,9.80000000000146);
#1502=CYLINDRICAL_SURFACE('',#6515,18.7);
#1503=CYLINDRICAL_SURFACE('',#6523,4.12100000000101);
#1504=CYLINDRICAL_SURFACE('',#6530,4.);
#1505=CYLINDRICAL_SURFACE('',#6534,18.7);
#1506=CYLINDRICAL_SURFACE('',#6538,5.25000000000763);
#1507=CYLINDRICAL_SURFACE('',#6544,5.25000000000763);
#1508=CYLINDRICAL_SURFACE('',#6547,0.2);
#1509=CYLINDRICAL_SURFACE('',#6551,5.);
#1510=CYLINDRICAL_SURFACE('',#6554,0.2);
#1511=CYLINDRICAL_SURFACE('',#6561,5.);
#1512=CYLINDRICAL_SURFACE('',#6566,49.5000000000077);
#1513=CYLINDRICAL_SURFACE('',#6572,0.2);
#1514=CYLINDRICAL_SURFACE('',#6582,49.5000000000077);
#1515=CYLINDRICAL_SURFACE('',#6597,1.5);
#1516=CYLINDRICAL_SURFACE('',#6601,1.5);
#1517=CYLINDRICAL_SURFACE('',#6615,1.5);
#1518=CYLINDRICAL_SURFACE('',#6619,6.47208624503219);
#1519=CYLINDRICAL_SURFACE('',#6623,1.5);
#1520=CYLINDRICAL_SURFACE('',#6631,0.2);
#1521=CYLINDRICAL_SURFACE('',#6642,0.2);
#1522=CYLINDRICAL_SURFACE('',#6653,50.500000000001);
#1523=CYLINDRICAL_SURFACE('',#6655,9.00000000000101);
#1524=CYLINDRICAL_SURFACE('',#6658,0.2);
#1525=CYLINDRICAL_SURFACE('',#6660,50.500000000001);
#1526=CYLINDRICAL_SURFACE('',#6662,0.2);
#1527=CYLINDRICAL_SURFACE('',#6671,9.80000000000095);
#1528=CYLINDRICAL_SURFACE('',#6687,0.2);
#1529=CYLINDRICAL_SURFACE('',#6689,20.7);
#1530=CYLINDRICAL_SURFACE('',#6693,1.5);
#1531=CYLINDRICAL_SURFACE('',#6696,1.5);
#1532=CYLINDRICAL_SURFACE('',#6705,1.5);
#1533=CYLINDRICAL_SURFACE('',#6710,3.);
#1534=CYLINDRICAL_SURFACE('',#6711,1.5);
#1535=CYLINDRICAL_SURFACE('',#6714,1.5);
#1536=CYLINDRICAL_SURFACE('',#6717,1.5);
#1537=CYLINDRICAL_SURFACE('',#6750,50.0000000000077);
#1538=CYLINDRICAL_SURFACE('',#6755,50.000000000001);
#1539=CYLINDRICAL_SURFACE('',#6758,0.2);
#1540=CYLINDRICAL_SURFACE('',#6761,0.2);
#1541=CYLINDRICAL_SURFACE('',#6766,0.2);
#1542=CYLINDRICAL_SURFACE('',#6769,0.2);
#1543=CYLINDRICAL_SURFACE('',#6773,0.5);
#1544=CYLINDRICAL_SURFACE('',#6776,3.);
#1545=CYLINDRICAL_SURFACE('',#6779,3.);
#1546=CYLINDRICAL_SURFACE('',#6782,0.5);
#1547=CYLINDRICAL_SURFACE('',#6793,3.05);
#1548=CYLINDRICAL_SURFACE('',#6800,130.);
#1549=CYLINDRICAL_SURFACE('',#6801,29.0852238848025);
#1550=CYLINDRICAL_SURFACE('',#6806,50.0000000000077);
#1551=CYLINDRICAL_SURFACE('',#6807,50.000000000001);
#1552=CYLINDRICAL_SURFACE('',#6815,50.0000000000077);
#1553=CYLINDRICAL_SURFACE('',#6821,9.99999999999434);
#1554=CYLINDRICAL_SURFACE('',#6826,50.000000000001);
#1555=CYLINDRICAL_SURFACE('',#6828,50.0000000000077);
#1556=CYLINDRICAL_SURFACE('',#6831,26.543000000001);
#1557=CYLINDRICAL_SURFACE('',#6834,127.5);
#1558=CYLINDRICAL_SURFACE('',#6859,5.25);
#1559=CYLINDRICAL_SURFACE('',#6861,6.45000000000005);
#1560=CYLINDRICAL_SURFACE('',#6864,4.2);
#1561=CYLINDRICAL_SURFACE('',#6867,2.2);
#1562=CYLINDRICAL_SURFACE('',#6870,2.2);
#1563=CYLINDRICAL_SURFACE('',#6874,0.5);
#1564=CYLINDRICAL_SURFACE('',#6875,0.5);
#1565=CYLINDRICAL_SURFACE('',#6880,2.1);
#1566=CYLINDRICAL_SURFACE('',#6885,0.5);
#1567=CYLINDRICAL_SURFACE('',#6887,0.5);
#1568=CYLINDRICAL_SURFACE('',#6889,0.5);
#1569=CYLINDRICAL_SURFACE('',#6890,0.5);
#1570=CYLINDRICAL_SURFACE('',#6896,0.5);
#1571=CYLINDRICAL_SURFACE('',#6897,0.5);
#1572=CYLINDRICAL_SURFACE('',#6902,0.5);
#1573=CYLINDRICAL_SURFACE('',#6904,0.5);
#1574=ORIENTED_EDGE('',*,*,#3448,.F.);
#1575=ORIENTED_EDGE('',*,*,#3449,.T.);
#1576=ORIENTED_EDGE('',*,*,#3448,.T.);
#1577=ORIENTED_EDGE('',*,*,#3450,.T.);
#1578=ORIENTED_EDGE('',*,*,#3450,.F.);
#1579=ORIENTED_EDGE('',*,*,#3449,.F.);
#1580=ORIENTED_EDGE('',*,*,#3451,.F.);
#1581=ORIENTED_EDGE('',*,*,#3452,.T.);
#1582=ORIENTED_EDGE('',*,*,#3453,.F.);
#1583=ORIENTED_EDGE('',*,*,#3454,.T.);
#1584=ORIENTED_EDGE('',*,*,#3455,.T.);
#1585=ORIENTED_EDGE('',*,*,#3456,.F.);
#1586=ORIENTED_EDGE('',*,*,#3457,.F.);
#1587=ORIENTED_EDGE('',*,*,#3458,.T.);
#1588=ORIENTED_EDGE('',*,*,#3457,.T.);
#1589=ORIENTED_EDGE('',*,*,#3459,.T.);
#1590=ORIENTED_EDGE('',*,*,#3451,.T.);
#1591=ORIENTED_EDGE('',*,*,#3460,.F.);
#1592=ORIENTED_EDGE('',*,*,#3461,.F.);
#1593=ORIENTED_EDGE('',*,*,#3462,.T.);
#1594=ORIENTED_EDGE('',*,*,#3463,.T.);
#1595=ORIENTED_EDGE('',*,*,#3464,.F.);
#1596=ORIENTED_EDGE('',*,*,#3465,.F.);
#1597=ORIENTED_EDGE('',*,*,#3466,.T.);
#1598=ORIENTED_EDGE('',*,*,#3467,.T.);
#1599=ORIENTED_EDGE('',*,*,#3468,.F.);
#1600=ORIENTED_EDGE('',*,*,#3469,.F.);
#1601=ORIENTED_EDGE('',*,*,#3470,.T.);
#1602=ORIENTED_EDGE('',*,*,#3471,.T.);
#1603=ORIENTED_EDGE('',*,*,#3472,.F.);
#1604=ORIENTED_EDGE('',*,*,#3473,.F.);
#1605=ORIENTED_EDGE('',*,*,#3474,.T.);
#1606=ORIENTED_EDGE('',*,*,#3475,.T.);
#1607=ORIENTED_EDGE('',*,*,#3476,.F.);
#1608=ORIENTED_EDGE('',*,*,#3477,.F.);
#1609=ORIENTED_EDGE('',*,*,#3478,.F.);
#1610=ORIENTED_EDGE('',*,*,#3479,.T.);
#1611=ORIENTED_EDGE('',*,*,#3480,.T.);
#1612=ORIENTED_EDGE('',*,*,#3481,.F.);
#1613=ORIENTED_EDGE('',*,*,#3482,.T.);
#1614=ORIENTED_EDGE('',*,*,#3483,.T.);
#1615=ORIENTED_EDGE('',*,*,#3484,.T.);
#1616=ORIENTED_EDGE('',*,*,#3485,.F.);
#1617=ORIENTED_EDGE('',*,*,#3486,.T.);
#1618=ORIENTED_EDGE('',*,*,#3487,.T.);
#1619=ORIENTED_EDGE('',*,*,#3488,.T.);
#1620=ORIENTED_EDGE('',*,*,#3489,.F.);
#1621=ORIENTED_EDGE('',*,*,#3490,.T.);
#1622=ORIENTED_EDGE('',*,*,#3491,.T.);
#1623=ORIENTED_EDGE('',*,*,#3492,.T.);
#1624=ORIENTED_EDGE('',*,*,#3493,.F.);
#1625=ORIENTED_EDGE('',*,*,#3494,.T.);
#1626=ORIENTED_EDGE('',*,*,#3495,.T.);
#1627=ORIENTED_EDGE('',*,*,#3496,.T.);
#1628=ORIENTED_EDGE('',*,*,#3497,.F.);
#1629=ORIENTED_EDGE('',*,*,#3498,.T.);
#1630=ORIENTED_EDGE('',*,*,#3499,.T.);
#1631=ORIENTED_EDGE('',*,*,#3500,.T.);
#1632=ORIENTED_EDGE('',*,*,#3501,.T.);
#1633=ORIENTED_EDGE('',*,*,#3502,.F.);
#1634=ORIENTED_EDGE('',*,*,#3503,.T.);
#1635=ORIENTED_EDGE('',*,*,#3504,.F.);
#1636=ORIENTED_EDGE('',*,*,#3505,.F.);
#1637=ORIENTED_EDGE('',*,*,#3506,.F.);
#1638=ORIENTED_EDGE('',*,*,#3507,.F.);
#1639=ORIENTED_EDGE('',*,*,#3508,.T.);
#1640=ORIENTED_EDGE('',*,*,#3509,.T.);
#1641=ORIENTED_EDGE('',*,*,#3510,.T.);
#1642=ORIENTED_EDGE('',*,*,#3511,.T.);
#1643=ORIENTED_EDGE('',*,*,#3512,.F.);
#1644=ORIENTED_EDGE('',*,*,#3513,.F.);
#1645=ORIENTED_EDGE('',*,*,#3514,.F.);
#1646=ORIENTED_EDGE('',*,*,#3515,.T.);
#1647=ORIENTED_EDGE('',*,*,#3516,.T.);
#1648=ORIENTED_EDGE('',*,*,#3517,.T.);
#1649=ORIENTED_EDGE('',*,*,#3518,.F.);
#1650=ORIENTED_EDGE('',*,*,#3519,.F.);
#1651=ORIENTED_EDGE('',*,*,#3520,.F.);
#1652=ORIENTED_EDGE('',*,*,#3521,.T.);
#1653=ORIENTED_EDGE('',*,*,#3522,.T.);
#1654=ORIENTED_EDGE('',*,*,#3503,.F.);
#1655=ORIENTED_EDGE('',*,*,#3523,.T.);
#1656=ORIENTED_EDGE('',*,*,#3524,.T.);
#1657=ORIENTED_EDGE('',*,*,#3525,.T.);
#1658=ORIENTED_EDGE('',*,*,#3526,.T.);
#1659=ORIENTED_EDGE('',*,*,#3527,.T.);
#1660=ORIENTED_EDGE('',*,*,#3528,.T.);
#1661=ORIENTED_EDGE('',*,*,#3529,.T.);
#1662=ORIENTED_EDGE('',*,*,#3511,.F.);
#1663=ORIENTED_EDGE('',*,*,#3530,.F.);
#1664=ORIENTED_EDGE('',*,*,#3531,.T.);
#1665=ORIENTED_EDGE('',*,*,#3532,.F.);
#1666=ORIENTED_EDGE('',*,*,#3533,.F.);
#1667=ORIENTED_EDGE('',*,*,#3534,.F.);
#1668=ORIENTED_EDGE('',*,*,#3535,.F.);
#1669=ORIENTED_EDGE('',*,*,#3536,.T.);
#1670=ORIENTED_EDGE('',*,*,#3537,.F.);
#1671=ORIENTED_EDGE('',*,*,#3500,.F.);
#1672=ORIENTED_EDGE('',*,*,#3538,.F.);
#1673=ORIENTED_EDGE('',*,*,#3539,.T.);
#1674=ORIENTED_EDGE('',*,*,#3540,.T.);
#1675=ORIENTED_EDGE('',*,*,#3541,.T.);
#1676=ORIENTED_EDGE('',*,*,#3542,.T.);
#1677=ORIENTED_EDGE('',*,*,#3543,.T.);
#1678=ORIENTED_EDGE('',*,*,#3544,.T.);
#1679=ORIENTED_EDGE('',*,*,#3545,.F.);
#1680=ORIENTED_EDGE('',*,*,#3546,.T.);
#1681=ORIENTED_EDGE('',*,*,#3547,.T.);
#1682=ORIENTED_EDGE('',*,*,#3548,.T.);
#1683=ORIENTED_EDGE('',*,*,#3549,.F.);
#1684=ORIENTED_EDGE('',*,*,#3550,.T.);
#1685=ORIENTED_EDGE('',*,*,#3551,.F.);
#1686=ORIENTED_EDGE('',*,*,#3479,.F.);
#1687=ORIENTED_EDGE('',*,*,#3552,.F.);
#1688=ORIENTED_EDGE('',*,*,#3537,.T.);
#1689=ORIENTED_EDGE('',*,*,#3553,.T.);
#1690=ORIENTED_EDGE('',*,*,#3554,.F.);
#1691=ORIENTED_EDGE('',*,*,#3501,.F.);
#1692=ORIENTED_EDGE('',*,*,#3555,.T.);
#1693=ORIENTED_EDGE('',*,*,#3556,.F.);
#1694=ORIENTED_EDGE('',*,*,#3557,.F.);
#1695=ORIENTED_EDGE('',*,*,#3558,.F.);
#1696=ORIENTED_EDGE('',*,*,#3559,.F.);
#1697=ORIENTED_EDGE('',*,*,#3560,.T.);
#1698=ORIENTED_EDGE('',*,*,#3533,.T.);
#1699=ORIENTED_EDGE('',*,*,#3561,.T.);
#1700=ORIENTED_EDGE('',*,*,#3562,.F.);
#1701=ORIENTED_EDGE('',*,*,#3563,.T.);
#1702=ORIENTED_EDGE('',*,*,#3564,.F.);
#1703=ORIENTED_EDGE('',*,*,#3565,.F.);
#1704=ORIENTED_EDGE('',*,*,#3566,.F.);
#1705=ORIENTED_EDGE('',*,*,#3567,.F.);
#1706=ORIENTED_EDGE('',*,*,#3568,.F.);
#1707=ORIENTED_EDGE('',*,*,#3569,.F.);
#1708=ORIENTED_EDGE('',*,*,#3570,.F.);
#1709=ORIENTED_EDGE('',*,*,#3571,.T.);
#1710=ORIENTED_EDGE('',*,*,#3572,.T.);
#1711=ORIENTED_EDGE('',*,*,#3573,.F.);
#1712=ORIENTED_EDGE('',*,*,#3574,.F.);
#1713=ORIENTED_EDGE('',*,*,#3575,.F.);
#1714=ORIENTED_EDGE('',*,*,#3576,.F.);
#1715=ORIENTED_EDGE('',*,*,#3577,.F.);
#1716=ORIENTED_EDGE('',*,*,#3578,.T.);
#1717=ORIENTED_EDGE('',*,*,#3557,.T.);
#1718=ORIENTED_EDGE('',*,*,#3579,.F.);
#1719=ORIENTED_EDGE('',*,*,#3575,.T.);
#1720=ORIENTED_EDGE('',*,*,#3580,.F.);
#1721=ORIENTED_EDGE('',*,*,#3581,.F.);
#1722=ORIENTED_EDGE('',*,*,#3582,.F.);
#1723=ORIENTED_EDGE('',*,*,#3583,.F.);
#1724=ORIENTED_EDGE('',*,*,#3584,.F.);
#1725=ORIENTED_EDGE('',*,*,#3585,.T.);
#1726=ORIENTED_EDGE('',*,*,#3586,.F.);
#1727=ORIENTED_EDGE('',*,*,#3587,.F.);
#1728=ORIENTED_EDGE('',*,*,#3588,.F.);
#1729=ORIENTED_EDGE('',*,*,#3589,.F.);
#1730=ORIENTED_EDGE('',*,*,#3590,.F.);
#1731=ORIENTED_EDGE('',*,*,#3591,.F.);
#1732=ORIENTED_EDGE('',*,*,#3592,.T.);
#1733=ORIENTED_EDGE('',*,*,#3593,.F.);
#1734=ORIENTED_EDGE('',*,*,#3594,.F.);
#1735=ORIENTED_EDGE('',*,*,#3595,.F.);
#1736=ORIENTED_EDGE('',*,*,#3596,.F.);
#1737=ORIENTED_EDGE('',*,*,#3597,.T.);
#1738=ORIENTED_EDGE('',*,*,#3598,.F.);
#1739=ORIENTED_EDGE('',*,*,#3591,.T.);
#1740=ORIENTED_EDGE('',*,*,#3590,.T.);
#1741=ORIENTED_EDGE('',*,*,#3595,.T.);
#1742=ORIENTED_EDGE('',*,*,#3599,.T.);
#1743=ORIENTED_EDGE('',*,*,#3600,.T.);
#1744=ORIENTED_EDGE('',*,*,#3601,.T.);
#1745=ORIENTED_EDGE('',*,*,#3452,.F.);
#1746=ORIENTED_EDGE('',*,*,#3602,.T.);
#1747=ORIENTED_EDGE('',*,*,#3603,.T.);
#1748=ORIENTED_EDGE('',*,*,#3597,.F.);
#1749=ORIENTED_EDGE('',*,*,#3604,.T.);
#1750=ORIENTED_EDGE('',*,*,#3507,.T.);
#1751=ORIENTED_EDGE('',*,*,#3605,.T.);
#1752=ORIENTED_EDGE('',*,*,#3606,.T.);
#1753=ORIENTED_EDGE('',*,*,#3607,.F.);
#1754=ORIENTED_EDGE('',*,*,#3608,.T.);
#1755=ORIENTED_EDGE('',*,*,#3609,.T.);
#1756=ORIENTED_EDGE('',*,*,#3610,.T.);
#1757=ORIENTED_EDGE('',*,*,#3611,.F.);
#1758=ORIENTED_EDGE('',*,*,#3519,.T.);
#1759=ORIENTED_EDGE('',*,*,#3612,.T.);
#1760=ORIENTED_EDGE('',*,*,#3613,.F.);
#1761=ORIENTED_EDGE('',*,*,#3614,.T.);
#1762=ORIENTED_EDGE('',*,*,#3615,.T.);
#1763=ORIENTED_EDGE('',*,*,#3616,.T.);
#1764=ORIENTED_EDGE('',*,*,#3617,.F.);
#1765=ORIENTED_EDGE('',*,*,#3618,.F.);
#1766=ORIENTED_EDGE('',*,*,#3619,.F.);
#1767=ORIENTED_EDGE('',*,*,#3620,.T.);
#1768=ORIENTED_EDGE('',*,*,#3621,.T.);
#1769=ORIENTED_EDGE('',*,*,#3622,.T.);
#1770=ORIENTED_EDGE('',*,*,#3623,.F.);
#1771=ORIENTED_EDGE('',*,*,#3624,.T.);
#1772=ORIENTED_EDGE('',*,*,#3625,.F.);
#1773=ORIENTED_EDGE('',*,*,#3626,.F.);
#1774=ORIENTED_EDGE('',*,*,#3612,.F.);
#1775=ORIENTED_EDGE('',*,*,#3518,.T.);
#1776=ORIENTED_EDGE('',*,*,#3627,.F.);
#1777=ORIENTED_EDGE('',*,*,#3628,.F.);
#1778=ORIENTED_EDGE('',*,*,#3629,.F.);
#1779=ORIENTED_EDGE('',*,*,#3502,.T.);
#1780=ORIENTED_EDGE('',*,*,#3554,.T.);
#1781=ORIENTED_EDGE('',*,*,#3630,.T.);
#1782=ORIENTED_EDGE('',*,*,#3631,.T.);
#1783=ORIENTED_EDGE('',*,*,#3632,.F.);
#1784=ORIENTED_EDGE('',*,*,#3633,.F.);
#1785=ORIENTED_EDGE('',*,*,#3634,.T.);
#1786=ORIENTED_EDGE('',*,*,#3635,.F.);
#1787=ORIENTED_EDGE('',*,*,#3613,.T.);
#1788=ORIENTED_EDGE('',*,*,#3626,.T.);
#1789=ORIENTED_EDGE('',*,*,#3636,.F.);
#1790=ORIENTED_EDGE('',*,*,#3637,.T.);
#1791=ORIENTED_EDGE('',*,*,#3638,.T.);
#1792=ORIENTED_EDGE('',*,*,#3559,.T.);
#1793=ORIENTED_EDGE('',*,*,#3639,.F.);
#1794=ORIENTED_EDGE('',*,*,#3640,.F.);
#1795=ORIENTED_EDGE('',*,*,#3641,.T.);
#1796=ORIENTED_EDGE('',*,*,#3606,.F.);
#1797=ORIENTED_EDGE('',*,*,#3642,.F.);
#1798=ORIENTED_EDGE('',*,*,#3505,.T.);
#1799=ORIENTED_EDGE('',*,*,#3643,.T.);
#1800=ORIENTED_EDGE('',*,*,#3644,.F.);
#1801=ORIENTED_EDGE('',*,*,#3645,.T.);
#1802=ORIENTED_EDGE('',*,*,#3646,.T.);
#1803=ORIENTED_EDGE('',*,*,#3647,.T.);
#1804=ORIENTED_EDGE('',*,*,#3648,.F.);
#1805=ORIENTED_EDGE('',*,*,#3649,.F.);
#1806=ORIENTED_EDGE('',*,*,#3650,.F.);
#1807=ORIENTED_EDGE('',*,*,#3651,.F.);
#1808=ORIENTED_EDGE('',*,*,#3652,.F.);
#1809=ORIENTED_EDGE('',*,*,#3653,.F.);
#1810=ORIENTED_EDGE('',*,*,#3654,.F.);
#1811=ORIENTED_EDGE('',*,*,#3624,.F.);
#1812=ORIENTED_EDGE('',*,*,#3655,.F.);
#1813=ORIENTED_EDGE('',*,*,#3656,.T.);
#1814=ORIENTED_EDGE('',*,*,#3657,.F.);
#1815=ORIENTED_EDGE('',*,*,#3658,.T.);
#1816=ORIENTED_EDGE('',*,*,#3659,.T.);
#1817=ORIENTED_EDGE('',*,*,#3660,.T.);
#1818=ORIENTED_EDGE('',*,*,#3661,.T.);
#1819=ORIENTED_EDGE('',*,*,#3662,.T.);
#1820=ORIENTED_EDGE('',*,*,#3663,.F.);
#1821=ORIENTED_EDGE('',*,*,#3572,.F.);
#1822=ORIENTED_EDGE('',*,*,#3664,.F.);
#1823=ORIENTED_EDGE('',*,*,#3665,.T.);
#1824=ORIENTED_EDGE('',*,*,#3666,.T.);
#1825=ORIENTED_EDGE('',*,*,#3667,.T.);
#1826=ORIENTED_EDGE('',*,*,#3668,.T.);
#1827=ORIENTED_EDGE('',*,*,#3669,.T.);
#1828=ORIENTED_EDGE('',*,*,#3670,.T.);
#1829=ORIENTED_EDGE('',*,*,#3671,.T.);
#1830=ORIENTED_EDGE('',*,*,#3672,.T.);
#1831=ORIENTED_EDGE('',*,*,#3673,.T.);
#1832=ORIENTED_EDGE('',*,*,#3674,.F.);
#1833=ORIENTED_EDGE('',*,*,#3666,.F.);
#1834=ORIENTED_EDGE('',*,*,#3675,.T.);
#1835=ORIENTED_EDGE('',*,*,#3676,.T.);
#1836=ORIENTED_EDGE('',*,*,#3675,.F.);
#1837=ORIENTED_EDGE('',*,*,#3673,.F.);
#1838=ORIENTED_EDGE('',*,*,#3677,.F.);
#1839=ORIENTED_EDGE('',*,*,#3678,.F.);
#1840=ORIENTED_EDGE('',*,*,#3679,.T.);
#1841=ORIENTED_EDGE('',*,*,#3680,.T.);
#1842=ORIENTED_EDGE('',*,*,#3681,.T.);
#1843=ORIENTED_EDGE('',*,*,#3682,.T.);
#1844=ORIENTED_EDGE('',*,*,#3683,.T.);
#1845=ORIENTED_EDGE('',*,*,#3684,.T.);
#1846=ORIENTED_EDGE('',*,*,#3685,.T.);
#1847=ORIENTED_EDGE('',*,*,#3686,.F.);
#1848=ORIENTED_EDGE('',*,*,#3686,.T.);
#1849=ORIENTED_EDGE('',*,*,#3687,.T.);
#1850=ORIENTED_EDGE('',*,*,#3688,.F.);
#1851=ORIENTED_EDGE('',*,*,#3689,.F.);
#1852=ORIENTED_EDGE('',*,*,#3690,.T.);
#1853=ORIENTED_EDGE('',*,*,#3691,.F.);
#1854=ORIENTED_EDGE('',*,*,#3692,.F.);
#1855=ORIENTED_EDGE('',*,*,#3693,.F.);
#1856=ORIENTED_EDGE('',*,*,#3688,.T.);
#1857=ORIENTED_EDGE('',*,*,#3694,.T.);
#1858=ORIENTED_EDGE('',*,*,#3692,.T.);
#1859=ORIENTED_EDGE('',*,*,#3695,.T.);
#1860=ORIENTED_EDGE('',*,*,#3696,.T.);
#1861=ORIENTED_EDGE('',*,*,#3697,.T.);
#1862=ORIENTED_EDGE('',*,*,#3698,.T.);
#1863=ORIENTED_EDGE('',*,*,#3699,.T.);
#1864=ORIENTED_EDGE('',*,*,#3700,.T.);
#1865=ORIENTED_EDGE('',*,*,#3701,.T.);
#1866=ORIENTED_EDGE('',*,*,#3702,.T.);
#1867=ORIENTED_EDGE('',*,*,#3703,.T.);
#1868=ORIENTED_EDGE('',*,*,#3698,.F.);
#1869=ORIENTED_EDGE('',*,*,#3704,.T.);
#1870=ORIENTED_EDGE('',*,*,#3702,.F.);
#1871=ORIENTED_EDGE('',*,*,#3705,.F.);
#1872=ORIENTED_EDGE('',*,*,#3706,.T.);
#1873=ORIENTED_EDGE('',*,*,#3707,.F.);
#1874=ORIENTED_EDGE('',*,*,#3685,.F.);
#1875=ORIENTED_EDGE('',*,*,#3708,.T.);
#1876=ORIENTED_EDGE('',*,*,#3687,.F.);
#1877=ORIENTED_EDGE('',*,*,#3709,.F.);
#1878=ORIENTED_EDGE('',*,*,#3710,.T.);
#1879=ORIENTED_EDGE('',*,*,#3690,.F.);
#1880=ORIENTED_EDGE('',*,*,#3711,.F.);
#1881=ORIENTED_EDGE('',*,*,#3712,.F.);
#1882=ORIENTED_EDGE('',*,*,#3697,.F.);
#1883=ORIENTED_EDGE('',*,*,#3713,.T.);
#1884=ORIENTED_EDGE('',*,*,#3714,.F.);
#1885=ORIENTED_EDGE('',*,*,#3715,.F.);
#1886=ORIENTED_EDGE('',*,*,#3716,.F.);
#1887=ORIENTED_EDGE('',*,*,#3711,.T.);
#1888=ORIENTED_EDGE('',*,*,#3689,.T.);
#1889=ORIENTED_EDGE('',*,*,#3693,.T.);
#1890=ORIENTED_EDGE('',*,*,#3717,.F.);
#1891=ORIENTED_EDGE('',*,*,#3718,.F.);
#1892=ORIENTED_EDGE('',*,*,#3719,.F.);
#1893=ORIENTED_EDGE('',*,*,#3715,.T.);
#1894=ORIENTED_EDGE('',*,*,#3720,.F.);
#1895=ORIENTED_EDGE('',*,*,#3721,.F.);
#1896=ORIENTED_EDGE('',*,*,#3722,.F.);
#1897=ORIENTED_EDGE('',*,*,#3723,.T.);
#1898=ORIENTED_EDGE('',*,*,#3724,.F.);
#1899=ORIENTED_EDGE('',*,*,#3725,.F.);
#1900=ORIENTED_EDGE('',*,*,#3695,.F.);
#1901=ORIENTED_EDGE('',*,*,#3694,.F.);
#1902=ORIENTED_EDGE('',*,*,#3691,.T.);
#1903=ORIENTED_EDGE('',*,*,#3710,.F.);
#1904=ORIENTED_EDGE('',*,*,#3726,.F.);
#1905=ORIENTED_EDGE('',*,*,#3721,.T.);
#1906=ORIENTED_EDGE('',*,*,#3727,.T.);
#1907=ORIENTED_EDGE('',*,*,#3713,.F.);
#1908=ORIENTED_EDGE('',*,*,#3696,.F.);
#1909=ORIENTED_EDGE('',*,*,#3725,.T.);
#1910=ORIENTED_EDGE('',*,*,#3728,.F.);
#1911=ORIENTED_EDGE('',*,*,#3729,.T.);
#1912=ORIENTED_EDGE('',*,*,#3730,.F.);
#1913=ORIENTED_EDGE('',*,*,#3731,.T.);
#1914=ORIENTED_EDGE('',*,*,#3732,.F.);
#1915=ORIENTED_EDGE('',*,*,#3733,.F.);
#1916=ORIENTED_EDGE('',*,*,#3734,.F.);
#1917=ORIENTED_EDGE('',*,*,#3729,.F.);
#1918=ORIENTED_EDGE('',*,*,#3707,.T.);
#1919=ORIENTED_EDGE('',*,*,#3735,.T.);
#1920=ORIENTED_EDGE('',*,*,#3736,.F.);
#1921=ORIENTED_EDGE('',*,*,#3733,.T.);
#1922=ORIENTED_EDGE('',*,*,#3737,.F.);
#1923=ORIENTED_EDGE('',*,*,#3738,.T.);
#1924=ORIENTED_EDGE('',*,*,#3699,.F.);
#1925=ORIENTED_EDGE('',*,*,#3703,.F.);
#1926=ORIENTED_EDGE('',*,*,#3738,.F.);
#1927=ORIENTED_EDGE('',*,*,#3739,.F.);
#1928=ORIENTED_EDGE('',*,*,#3740,.F.);
#1929=ORIENTED_EDGE('',*,*,#3700,.F.);
#1930=ORIENTED_EDGE('',*,*,#3741,.F.);
#1931=ORIENTED_EDGE('',*,*,#3742,.F.);
#1932=ORIENTED_EDGE('',*,*,#3705,.T.);
#1933=ORIENTED_EDGE('',*,*,#3704,.F.);
#1934=ORIENTED_EDGE('',*,*,#3701,.F.);
#1935=ORIENTED_EDGE('',*,*,#3740,.T.);
#1936=ORIENTED_EDGE('',*,*,#3743,.F.);
#1937=ORIENTED_EDGE('',*,*,#3744,.T.);
#1938=ORIENTED_EDGE('',*,*,#3745,.F.);
#1939=ORIENTED_EDGE('',*,*,#3744,.F.);
#1940=ORIENTED_EDGE('',*,*,#3746,.F.);
#1941=ORIENTED_EDGE('',*,*,#3747,.F.);
#1942=ORIENTED_EDGE('',*,*,#3748,.F.);
#1943=ORIENTED_EDGE('',*,*,#3747,.T.);
#1944=ORIENTED_EDGE('',*,*,#3749,.F.);
#1945=ORIENTED_EDGE('',*,*,#3750,.T.);
#1946=ORIENTED_EDGE('',*,*,#3751,.T.);
#1947=ORIENTED_EDGE('',*,*,#3752,.T.);
#1948=ORIENTED_EDGE('',*,*,#3741,.T.);
#1949=ORIENTED_EDGE('',*,*,#3745,.T.);
#1950=ORIENTED_EDGE('',*,*,#3748,.T.);
#1951=ORIENTED_EDGE('',*,*,#3753,.T.);
#1952=ORIENTED_EDGE('',*,*,#3754,.T.);
#1953=ORIENTED_EDGE('',*,*,#3755,.F.);
#1954=ORIENTED_EDGE('',*,*,#3735,.F.);
#1955=ORIENTED_EDGE('',*,*,#3706,.F.);
#1956=ORIENTED_EDGE('',*,*,#3742,.T.);
#1957=ORIENTED_EDGE('',*,*,#3752,.F.);
#1958=ORIENTED_EDGE('',*,*,#3756,.F.);
#1959=ORIENTED_EDGE('',*,*,#3757,.T.);
#1960=ORIENTED_EDGE('',*,*,#3758,.F.);
#1961=ORIENTED_EDGE('',*,*,#3592,.F.);
#1962=ORIENTED_EDGE('',*,*,#3759,.F.);
#1963=ORIENTED_EDGE('',*,*,#3760,.T.);
#1964=ORIENTED_EDGE('',*,*,#3761,.F.);
#1965=ORIENTED_EDGE('',*,*,#3757,.F.);
#1966=ORIENTED_EDGE('',*,*,#3762,.F.);
#1967=ORIENTED_EDGE('',*,*,#3763,.T.);
#1968=ORIENTED_EDGE('',*,*,#3764,.T.);
#1969=ORIENTED_EDGE('',*,*,#3765,.T.);
#1970=ORIENTED_EDGE('',*,*,#3766,.F.);
#1971=ORIENTED_EDGE('',*,*,#3761,.T.);
#1972=ORIENTED_EDGE('',*,*,#3767,.T.);
#1973=ORIENTED_EDGE('',*,*,#3768,.T.);
#1974=ORIENTED_EDGE('',*,*,#3769,.F.);
#1975=ORIENTED_EDGE('',*,*,#3770,.F.);
#1976=ORIENTED_EDGE('',*,*,#3765,.F.);
#1977=ORIENTED_EDGE('',*,*,#3770,.T.);
#1978=ORIENTED_EDGE('',*,*,#3771,.F.);
#1979=ORIENTED_EDGE('',*,*,#3772,.F.);
#1980=ORIENTED_EDGE('',*,*,#3773,.F.);
#1981=ORIENTED_EDGE('',*,*,#3772,.T.);
#1982=ORIENTED_EDGE('',*,*,#3774,.F.);
#1983=ORIENTED_EDGE('',*,*,#3775,.F.);
#1984=ORIENTED_EDGE('',*,*,#3776,.F.);
#1985=ORIENTED_EDGE('',*,*,#3594,.T.);
#1986=ORIENTED_EDGE('',*,*,#3777,.F.);
#1987=ORIENTED_EDGE('',*,*,#3585,.F.);
#1988=ORIENTED_EDGE('',*,*,#3599,.F.);
#1989=ORIENTED_EDGE('',*,*,#3778,.T.);
#1990=ORIENTED_EDGE('',*,*,#3779,.F.);
#1991=ORIENTED_EDGE('',*,*,#3780,.F.);
#1992=ORIENTED_EDGE('',*,*,#3781,.F.);
#1993=ORIENTED_EDGE('',*,*,#3775,.T.);
#1994=ORIENTED_EDGE('',*,*,#3782,.F.);
#1995=ORIENTED_EDGE('',*,*,#3778,.F.);
#1996=ORIENTED_EDGE('',*,*,#3783,.F.);
#1997=ORIENTED_EDGE('',*,*,#3766,.T.);
#1998=ORIENTED_EDGE('',*,*,#3773,.T.);
#1999=ORIENTED_EDGE('',*,*,#3776,.T.);
#2000=ORIENTED_EDGE('',*,*,#3784,.F.);
#2001=ORIENTED_EDGE('',*,*,#3593,.T.);
#2002=ORIENTED_EDGE('',*,*,#3758,.T.);
#2003=ORIENTED_EDGE('',*,*,#3785,.T.);
#2004=ORIENTED_EDGE('',*,*,#3786,.T.);
#2005=ORIENTED_EDGE('',*,*,#3787,.T.);
#2006=ORIENTED_EDGE('',*,*,#3788,.T.);
#2007=ORIENTED_EDGE('',*,*,#3789,.T.);
#2008=ORIENTED_EDGE('',*,*,#3790,.F.);
#2009=ORIENTED_EDGE('',*,*,#3791,.T.);
#2010=ORIENTED_EDGE('',*,*,#3792,.T.);
#2011=ORIENTED_EDGE('',*,*,#3793,.T.);
#2012=ORIENTED_EDGE('',*,*,#3794,.T.);
#2013=ORIENTED_EDGE('',*,*,#3795,.T.);
#2014=ORIENTED_EDGE('',*,*,#3787,.F.);
#2015=ORIENTED_EDGE('',*,*,#3796,.T.);
#2016=ORIENTED_EDGE('',*,*,#3797,.T.);
#2017=ORIENTED_EDGE('',*,*,#3798,.T.);
#2018=ORIENTED_EDGE('',*,*,#3763,.F.);
#2019=ORIENTED_EDGE('',*,*,#3799,.T.);
#2020=ORIENTED_EDGE('',*,*,#3800,.T.);
#2021=ORIENTED_EDGE('',*,*,#3801,.T.);
#2022=ORIENTED_EDGE('',*,*,#3793,.F.);
#2023=ORIENTED_EDGE('',*,*,#3802,.T.);
#2024=ORIENTED_EDGE('',*,*,#3803,.T.);
#2025=ORIENTED_EDGE('',*,*,#3804,.T.);
#2026=ORIENTED_EDGE('',*,*,#3805,.T.);
#2027=ORIENTED_EDGE('',*,*,#3806,.F.);
#2028=ORIENTED_EDGE('',*,*,#3807,.F.);
#2029=ORIENTED_EDGE('',*,*,#3798,.F.);
#2030=ORIENTED_EDGE('',*,*,#3807,.T.);
#2031=ORIENTED_EDGE('',*,*,#3808,.F.);
#2032=ORIENTED_EDGE('',*,*,#3768,.F.);
#2033=ORIENTED_EDGE('',*,*,#3764,.F.);
#2034=ORIENTED_EDGE('',*,*,#3809,.T.);
#2035=ORIENTED_EDGE('',*,*,#3708,.F.);
#2036=ORIENTED_EDGE('',*,*,#3810,.F.);
#2037=ORIENTED_EDGE('',*,*,#3811,.T.);
#2038=ORIENTED_EDGE('',*,*,#3812,.T.);
#2039=ORIENTED_EDGE('',*,*,#3813,.T.);
#2040=ORIENTED_EDGE('',*,*,#3814,.F.);
#2041=ORIENTED_EDGE('',*,*,#3813,.F.);
#2042=ORIENTED_EDGE('',*,*,#3815,.T.);
#2043=ORIENTED_EDGE('',*,*,#3816,.T.);
#2044=ORIENTED_EDGE('',*,*,#3817,.F.);
#2045=ORIENTED_EDGE('',*,*,#3818,.T.);
#2046=ORIENTED_EDGE('',*,*,#3819,.T.);
#2047=ORIENTED_EDGE('',*,*,#3820,.T.);
#2048=ORIENTED_EDGE('',*,*,#3821,.F.);
#2049=ORIENTED_EDGE('',*,*,#3816,.F.);
#2050=ORIENTED_EDGE('',*,*,#3822,.T.);
#2051=ORIENTED_EDGE('',*,*,#3823,.T.);
#2052=ORIENTED_EDGE('',*,*,#3461,.T.);
#2053=ORIENTED_EDGE('',*,*,#3600,.F.);
#2054=ORIENTED_EDGE('',*,*,#3584,.T.);
#2055=ORIENTED_EDGE('',*,*,#3583,.T.);
#2056=ORIENTED_EDGE('',*,*,#3824,.T.);
#2057=ORIENTED_EDGE('',*,*,#3588,.T.);
#2058=ORIENTED_EDGE('',*,*,#3825,.T.);
#2059=ORIENTED_EDGE('',*,*,#3826,.T.);
#2060=ORIENTED_EDGE('',*,*,#3736,.T.);
#2061=ORIENTED_EDGE('',*,*,#3755,.T.);
#2062=ORIENTED_EDGE('',*,*,#3827,.T.);
#2063=ORIENTED_EDGE('',*,*,#3828,.T.);
#2064=ORIENTED_EDGE('',*,*,#3829,.T.);
#2065=ORIENTED_EDGE('',*,*,#3730,.T.);
#2066=ORIENTED_EDGE('',*,*,#3734,.T.);
#2067=ORIENTED_EDGE('',*,*,#3830,.F.);
#2068=ORIENTED_EDGE('',*,*,#3831,.F.);
#2069=ORIENTED_EDGE('',*,*,#3731,.F.);
#2070=ORIENTED_EDGE('',*,*,#3829,.F.);
#2071=ORIENTED_EDGE('',*,*,#3709,.T.);
#2072=ORIENTED_EDGE('',*,*,#3832,.F.);
#2073=ORIENTED_EDGE('',*,*,#3833,.F.);
#2074=ORIENTED_EDGE('',*,*,#3834,.F.);
#2075=ORIENTED_EDGE('',*,*,#3819,.F.);
#2076=ORIENTED_EDGE('',*,*,#3835,.F.);
#2077=ORIENTED_EDGE('',*,*,#3820,.F.);
#2078=ORIENTED_EDGE('',*,*,#3834,.T.);
#2079=ORIENTED_EDGE('',*,*,#3836,.T.);
#2080=ORIENTED_EDGE('',*,*,#3837,.T.);
#2081=ORIENTED_EDGE('',*,*,#3838,.F.);
#2082=ORIENTED_EDGE('',*,*,#3839,.F.);
#2083=ORIENTED_EDGE('',*,*,#3840,.F.);
#2084=ORIENTED_EDGE('',*,*,#3718,.T.);
#2085=ORIENTED_EDGE('',*,*,#3841,.F.);
#2086=ORIENTED_EDGE('',*,*,#3842,.F.);
#2087=ORIENTED_EDGE('',*,*,#3843,.F.);
#2088=ORIENTED_EDGE('',*,*,#3844,.F.);
#2089=ORIENTED_EDGE('',*,*,#3845,.T.);
#2090=ORIENTED_EDGE('',*,*,#3844,.T.);
#2091=ORIENTED_EDGE('',*,*,#3846,.T.);
#2092=ORIENTED_EDGE('',*,*,#3847,.T.);
#2093=ORIENTED_EDGE('',*,*,#3848,.T.);
#2094=ORIENTED_EDGE('',*,*,#3849,.F.);
#2095=ORIENTED_EDGE('',*,*,#3850,.F.);
#2096=ORIENTED_EDGE('',*,*,#3848,.F.);
#2097=ORIENTED_EDGE('',*,*,#3851,.F.);
#2098=ORIENTED_EDGE('',*,*,#3852,.T.);
#2099=ORIENTED_EDGE('',*,*,#3853,.T.);
#2100=ORIENTED_EDGE('',*,*,#3854,.F.);
#2101=ORIENTED_EDGE('',*,*,#3855,.F.);
#2102=ORIENTED_EDGE('',*,*,#3852,.F.);
#2103=ORIENTED_EDGE('',*,*,#3856,.F.);
#2104=ORIENTED_EDGE('',*,*,#3854,.T.);
#2105=ORIENTED_EDGE('',*,*,#3857,.F.);
#2106=ORIENTED_EDGE('',*,*,#3858,.F.);
#2107=ORIENTED_EDGE('',*,*,#3859,.T.);
#2108=ORIENTED_EDGE('',*,*,#3726,.T.);
#2109=ORIENTED_EDGE('',*,*,#3712,.T.);
#2110=ORIENTED_EDGE('',*,*,#3716,.T.);
#2111=ORIENTED_EDGE('',*,*,#3719,.T.);
#2112=ORIENTED_EDGE('',*,*,#3840,.T.);
#2113=ORIENTED_EDGE('',*,*,#3860,.T.);
#2114=ORIENTED_EDGE('',*,*,#3861,.T.);
#2115=ORIENTED_EDGE('',*,*,#3858,.T.);
#2116=ORIENTED_EDGE('',*,*,#3862,.T.);
#2117=ORIENTED_EDGE('',*,*,#3863,.T.);
#2118=ORIENTED_EDGE('',*,*,#3722,.T.);
#2119=ORIENTED_EDGE('',*,*,#3864,.F.);
#2120=ORIENTED_EDGE('',*,*,#3723,.F.);
#2121=ORIENTED_EDGE('',*,*,#3863,.F.);
#2122=ORIENTED_EDGE('',*,*,#3865,.T.);
#2123=ORIENTED_EDGE('',*,*,#3727,.F.);
#2124=ORIENTED_EDGE('',*,*,#3724,.T.);
#2125=ORIENTED_EDGE('',*,*,#3720,.T.);
#2126=ORIENTED_EDGE('',*,*,#3864,.T.);
#2127=ORIENTED_EDGE('',*,*,#3866,.T.);
#2128=ORIENTED_EDGE('',*,*,#3867,.F.);
#2129=ORIENTED_EDGE('',*,*,#3814,.T.);
#2130=ORIENTED_EDGE('',*,*,#3817,.T.);
#2131=ORIENTED_EDGE('',*,*,#3821,.T.);
#2132=ORIENTED_EDGE('',*,*,#3837,.F.);
#2133=ORIENTED_EDGE('',*,*,#3868,.T.);
#2134=ORIENTED_EDGE('',*,*,#3838,.T.);
#2135=ORIENTED_EDGE('',*,*,#3717,.T.);
#2136=ORIENTED_EDGE('',*,*,#3714,.T.);
#2137=ORIENTED_EDGE('',*,*,#3869,.F.);
#2138=ORIENTED_EDGE('',*,*,#3870,.T.);
#2139=ORIENTED_EDGE('',*,*,#3810,.T.);
#2140=ORIENTED_EDGE('',*,*,#3867,.T.);
#2141=ORIENTED_EDGE('',*,*,#3811,.F.);
#2142=ORIENTED_EDGE('',*,*,#3870,.F.);
#2143=ORIENTED_EDGE('',*,*,#3871,.F.);
#2144=ORIENTED_EDGE('',*,*,#3872,.F.);
#2145=ORIENTED_EDGE('',*,*,#3873,.F.);
#2146=ORIENTED_EDGE('',*,*,#3874,.F.);
#2147=ORIENTED_EDGE('',*,*,#3875,.F.);
#2148=ORIENTED_EDGE('',*,*,#3876,.T.);
#2149=ORIENTED_EDGE('',*,*,#3877,.F.);
#2150=ORIENTED_EDGE('',*,*,#3878,.F.);
#2151=ORIENTED_EDGE('',*,*,#3873,.T.);
#2152=ORIENTED_EDGE('',*,*,#3879,.F.);
#2153=ORIENTED_EDGE('',*,*,#3880,.F.);
#2154=ORIENTED_EDGE('',*,*,#3881,.T.);
#2155=ORIENTED_EDGE('',*,*,#3749,.T.);
#2156=ORIENTED_EDGE('',*,*,#3746,.T.);
#2157=ORIENTED_EDGE('',*,*,#3743,.T.);
#2158=ORIENTED_EDGE('',*,*,#3739,.T.);
#2159=ORIENTED_EDGE('',*,*,#3737,.T.);
#2160=ORIENTED_EDGE('',*,*,#3732,.T.);
#2161=ORIENTED_EDGE('',*,*,#3728,.T.);
#2162=ORIENTED_EDGE('',*,*,#3831,.T.);
#2163=ORIENTED_EDGE('',*,*,#3882,.T.);
#2164=ORIENTED_EDGE('',*,*,#3880,.T.);
#2165=ORIENTED_EDGE('',*,*,#3883,.T.);
#2166=ORIENTED_EDGE('',*,*,#3884,.T.);
#2167=ORIENTED_EDGE('',*,*,#3750,.F.);
#2168=ORIENTED_EDGE('',*,*,#3884,.F.);
#2169=ORIENTED_EDGE('',*,*,#3885,.F.);
#2170=ORIENTED_EDGE('',*,*,#3886,.F.);
#2171=ORIENTED_EDGE('',*,*,#3753,.F.);
#2172=ORIENTED_EDGE('',*,*,#3827,.F.);
#2173=ORIENTED_EDGE('',*,*,#3756,.T.);
#2174=ORIENTED_EDGE('',*,*,#3751,.F.);
#2175=ORIENTED_EDGE('',*,*,#3754,.F.);
#2176=ORIENTED_EDGE('',*,*,#3886,.T.);
#2177=ORIENTED_EDGE('',*,*,#3887,.T.);
#2178=ORIENTED_EDGE('',*,*,#3888,.F.);
#2179=ORIENTED_EDGE('',*,*,#3889,.T.);
#2180=ORIENTED_EDGE('',*,*,#3890,.F.);
#2181=ORIENTED_EDGE('',*,*,#3891,.T.);
#2182=ORIENTED_EDGE('',*,*,#3892,.F.);
#2183=ORIENTED_EDGE('',*,*,#3893,.T.);
#2184=ORIENTED_EDGE('',*,*,#3894,.F.);
#2185=ORIENTED_EDGE('',*,*,#3888,.T.);
#2186=ORIENTED_EDGE('',*,*,#3895,.F.);
#2187=ORIENTED_EDGE('',*,*,#3896,.T.);
#2188=ORIENTED_EDGE('',*,*,#3897,.F.);
#2189=ORIENTED_EDGE('',*,*,#3898,.F.);
#2190=ORIENTED_EDGE('',*,*,#3899,.F.);
#2191=ORIENTED_EDGE('',*,*,#3900,.T.);
#2192=ORIENTED_EDGE('',*,*,#3901,.F.);
#2193=ORIENTED_EDGE('',*,*,#3902,.F.);
#2194=ORIENTED_EDGE('',*,*,#3903,.F.);
#2195=ORIENTED_EDGE('',*,*,#3904,.T.);
#2196=ORIENTED_EDGE('',*,*,#3905,.F.);
#2197=ORIENTED_EDGE('',*,*,#3906,.F.);
#2198=ORIENTED_EDGE('',*,*,#3907,.F.);
#2199=ORIENTED_EDGE('',*,*,#3908,.T.);
#2200=ORIENTED_EDGE('',*,*,#3909,.F.);
#2201=ORIENTED_EDGE('',*,*,#3910,.F.);
#2202=ORIENTED_EDGE('',*,*,#3911,.F.);
#2203=ORIENTED_EDGE('',*,*,#3893,.F.);
#2204=ORIENTED_EDGE('',*,*,#3912,.F.);
#2205=ORIENTED_EDGE('',*,*,#3913,.F.);
#2206=ORIENTED_EDGE('',*,*,#3894,.T.);
#2207=ORIENTED_EDGE('',*,*,#3911,.T.);
#2208=ORIENTED_EDGE('',*,*,#3914,.T.);
#2209=ORIENTED_EDGE('',*,*,#3915,.F.);
#2210=ORIENTED_EDGE('',*,*,#3889,.F.);
#2211=ORIENTED_EDGE('',*,*,#3890,.T.);
#2212=ORIENTED_EDGE('',*,*,#3915,.T.);
#2213=ORIENTED_EDGE('',*,*,#3916,.F.);
#2214=ORIENTED_EDGE('',*,*,#3917,.F.);
#2215=ORIENTED_EDGE('',*,*,#3918,.T.);
#2216=ORIENTED_EDGE('',*,*,#3919,.F.);
#2217=ORIENTED_EDGE('',*,*,#3920,.T.);
#2218=ORIENTED_EDGE('',*,*,#3921,.F.);
#2219=ORIENTED_EDGE('',*,*,#3922,.F.);
#2220=ORIENTED_EDGE('',*,*,#3923,.T.);
#2221=ORIENTED_EDGE('',*,*,#3800,.F.);
#2222=ORIENTED_EDGE('',*,*,#3924,.F.);
#2223=ORIENTED_EDGE('',*,*,#3925,.F.);
#2224=ORIENTED_EDGE('',*,*,#3926,.T.);
#2225=ORIENTED_EDGE('',*,*,#3801,.F.);
#2226=ORIENTED_EDGE('',*,*,#3923,.F.);
#2227=ORIENTED_EDGE('',*,*,#3927,.F.);
#2228=ORIENTED_EDGE('',*,*,#3928,.F.);
#2229=ORIENTED_EDGE('',*,*,#3929,.F.);
#2230=ORIENTED_EDGE('',*,*,#3930,.F.);
#2231=ORIENTED_EDGE('',*,*,#3931,.F.);
#2232=ORIENTED_EDGE('',*,*,#3932,.T.);
#2233=ORIENTED_EDGE('',*,*,#3794,.F.);
#2234=ORIENTED_EDGE('',*,*,#3926,.F.);
#2235=ORIENTED_EDGE('',*,*,#3933,.F.);
#2236=ORIENTED_EDGE('',*,*,#3610,.F.);
#2237=ORIENTED_EDGE('',*,*,#3762,.T.);
#2238=ORIENTED_EDGE('',*,*,#3759,.T.);
#2239=ORIENTED_EDGE('',*,*,#3598,.T.);
#2240=ORIENTED_EDGE('',*,*,#3934,.T.);
#2241=ORIENTED_EDGE('',*,*,#3935,.T.);
#2242=ORIENTED_EDGE('',*,*,#3767,.F.);
#2243=ORIENTED_EDGE('',*,*,#3760,.F.);
#2244=ORIENTED_EDGE('',*,*,#3609,.F.);
#2245=ORIENTED_EDGE('',*,*,#3608,.F.);
#2246=ORIENTED_EDGE('',*,*,#3936,.F.);
#2247=ORIENTED_EDGE('',*,*,#3924,.T.);
#2248=ORIENTED_EDGE('',*,*,#3799,.F.);
#2249=ORIENTED_EDGE('',*,*,#3935,.F.);
#2250=ORIENTED_EDGE('',*,*,#3937,.T.);
#2251=ORIENTED_EDGE('',*,*,#3795,.F.);
#2252=ORIENTED_EDGE('',*,*,#3932,.F.);
#2253=ORIENTED_EDGE('',*,*,#3938,.F.);
#2254=ORIENTED_EDGE('',*,*,#3939,.T.);
#2255=ORIENTED_EDGE('',*,*,#3788,.F.);
#2256=ORIENTED_EDGE('',*,*,#3937,.F.);
#2257=ORIENTED_EDGE('',*,*,#3940,.F.);
#2258=ORIENTED_EDGE('',*,*,#3941,.T.);
#2259=ORIENTED_EDGE('',*,*,#3789,.F.);
#2260=ORIENTED_EDGE('',*,*,#3939,.F.);
#2261=ORIENTED_EDGE('',*,*,#3942,.F.);
#2262=ORIENTED_EDGE('',*,*,#3943,.T.);
#2263=ORIENTED_EDGE('',*,*,#3944,.F.);
#2264=ORIENTED_EDGE('',*,*,#3941,.F.);
#2265=ORIENTED_EDGE('',*,*,#3945,.F.);
#2266=ORIENTED_EDGE('',*,*,#3946,.T.);
#2267=ORIENTED_EDGE('',*,*,#3947,.F.);
#2268=ORIENTED_EDGE('',*,*,#3943,.F.);
#2269=ORIENTED_EDGE('',*,*,#3948,.F.);
#2270=ORIENTED_EDGE('',*,*,#3949,.F.);
#2271=ORIENTED_EDGE('',*,*,#3771,.T.);
#2272=ORIENTED_EDGE('',*,*,#3769,.T.);
#2273=ORIENTED_EDGE('',*,*,#3950,.T.);
#2274=ORIENTED_EDGE('',*,*,#3951,.T.);
#2275=ORIENTED_EDGE('',*,*,#3952,.F.);
#2276=ORIENTED_EDGE('',*,*,#3782,.T.);
#2277=ORIENTED_EDGE('',*,*,#3774,.T.);
#2278=ORIENTED_EDGE('',*,*,#3949,.T.);
#2279=ORIENTED_EDGE('',*,*,#3953,.T.);
#2280=ORIENTED_EDGE('',*,*,#3954,.T.);
#2281=ORIENTED_EDGE('',*,*,#3955,.F.);
#2282=ORIENTED_EDGE('',*,*,#3956,.F.);
#2283=ORIENTED_EDGE('',*,*,#3957,.F.);
#2284=ORIENTED_EDGE('',*,*,#3956,.T.);
#2285=ORIENTED_EDGE('',*,*,#3958,.F.);
#2286=ORIENTED_EDGE('',*,*,#3959,.F.);
#2287=ORIENTED_EDGE('',*,*,#3960,.F.);
#2288=ORIENTED_EDGE('',*,*,#3959,.T.);
#2289=ORIENTED_EDGE('',*,*,#3961,.F.);
#2290=ORIENTED_EDGE('',*,*,#3946,.F.);
#2291=ORIENTED_EDGE('',*,*,#3962,.F.);
#2292=ORIENTED_EDGE('',*,*,#3963,.T.);
#2293=ORIENTED_EDGE('',*,*,#3964,.T.);
#2294=ORIENTED_EDGE('',*,*,#3790,.T.);
#2295=ORIENTED_EDGE('',*,*,#3944,.T.);
#2296=ORIENTED_EDGE('',*,*,#3947,.T.);
#2297=ORIENTED_EDGE('',*,*,#3965,.F.);
#2298=ORIENTED_EDGE('',*,*,#3966,.F.);
#2299=ORIENTED_EDGE('',*,*,#3967,.T.);
#2300=ORIENTED_EDGE('',*,*,#3779,.T.);
#2301=ORIENTED_EDGE('',*,*,#3952,.T.);
#2302=ORIENTED_EDGE('',*,*,#3968,.T.);
#2303=ORIENTED_EDGE('',*,*,#3969,.F.);
#2304=ORIENTED_EDGE('',*,*,#3970,.T.);
#2305=ORIENTED_EDGE('',*,*,#3966,.T.);
#2306=ORIENTED_EDGE('',*,*,#3971,.T.);
#2307=ORIENTED_EDGE('',*,*,#3780,.T.);
#2308=ORIENTED_EDGE('',*,*,#3967,.F.);
#2309=ORIENTED_EDGE('',*,*,#3972,.F.);
#2310=ORIENTED_EDGE('',*,*,#3973,.F.);
#2311=ORIENTED_EDGE('',*,*,#3784,.T.);
#2312=ORIENTED_EDGE('',*,*,#3783,.T.);
#2313=ORIENTED_EDGE('',*,*,#3781,.T.);
#2314=ORIENTED_EDGE('',*,*,#3974,.F.);
#2315=ORIENTED_EDGE('',*,*,#3586,.T.);
#2316=ORIENTED_EDGE('',*,*,#3777,.T.);
#2317=ORIENTED_EDGE('',*,*,#3587,.T.);
#2318=ORIENTED_EDGE('',*,*,#3975,.F.);
#2319=ORIENTED_EDGE('',*,*,#3976,.F.);
#2320=ORIENTED_EDGE('',*,*,#3825,.F.);
#2321=ORIENTED_EDGE('',*,*,#3976,.T.);
#2322=ORIENTED_EDGE('',*,*,#3977,.F.);
#2323=ORIENTED_EDGE('',*,*,#3978,.F.);
#2324=ORIENTED_EDGE('',*,*,#3979,.F.);
#2325=ORIENTED_EDGE('',*,*,#3972,.T.);
#2326=ORIENTED_EDGE('',*,*,#3970,.F.);
#2327=ORIENTED_EDGE('',*,*,#3980,.F.);
#2328=ORIENTED_EDGE('',*,*,#3981,.F.);
#2329=ORIENTED_EDGE('',*,*,#3978,.T.);
#2330=ORIENTED_EDGE('',*,*,#3982,.F.);
#2331=ORIENTED_EDGE('',*,*,#3983,.F.);
#2332=ORIENTED_EDGE('',*,*,#3984,.F.);
#2333=ORIENTED_EDGE('',*,*,#3985,.F.);
#2334=ORIENTED_EDGE('',*,*,#3984,.T.);
#2335=ORIENTED_EDGE('',*,*,#3986,.T.);
#2336=ORIENTED_EDGE('',*,*,#3987,.T.);
#2337=ORIENTED_EDGE('',*,*,#3822,.F.);
#2338=ORIENTED_EDGE('',*,*,#3979,.T.);
#2339=ORIENTED_EDGE('',*,*,#3985,.T.);
#2340=ORIENTED_EDGE('',*,*,#3988,.T.);
#2341=ORIENTED_EDGE('',*,*,#3989,.T.);
#2342=ORIENTED_EDGE('',*,*,#3990,.T.);
#2343=ORIENTED_EDGE('',*,*,#3991,.F.);
#2344=ORIENTED_EDGE('',*,*,#3992,.F.);
#2345=ORIENTED_EDGE('',*,*,#3993,.F.);
#2346=ORIENTED_EDGE('',*,*,#3992,.T.);
#2347=ORIENTED_EDGE('',*,*,#3994,.F.);
#2348=ORIENTED_EDGE('',*,*,#3995,.F.);
#2349=ORIENTED_EDGE('',*,*,#3996,.F.);
#2350=ORIENTED_EDGE('',*,*,#3995,.T.);
#2351=ORIENTED_EDGE('',*,*,#3997,.F.);
#2352=ORIENTED_EDGE('',*,*,#3998,.F.);
#2353=ORIENTED_EDGE('',*,*,#3963,.F.);
#2354=ORIENTED_EDGE('',*,*,#3998,.T.);
#2355=ORIENTED_EDGE('',*,*,#3999,.F.);
#2356=ORIENTED_EDGE('',*,*,#4000,.F.);
#2357=ORIENTED_EDGE('',*,*,#3964,.F.);
#2358=ORIENTED_EDGE('',*,*,#4000,.T.);
#2359=ORIENTED_EDGE('',*,*,#4001,.F.);
#2360=ORIENTED_EDGE('',*,*,#4002,.F.);
#2361=ORIENTED_EDGE('',*,*,#3785,.F.);
#2362=ORIENTED_EDGE('',*,*,#4002,.T.);
#2363=ORIENTED_EDGE('',*,*,#4003,.F.);
#2364=ORIENTED_EDGE('',*,*,#4004,.F.);
#2365=ORIENTED_EDGE('',*,*,#3786,.F.);
#2366=ORIENTED_EDGE('',*,*,#4004,.T.);
#2367=ORIENTED_EDGE('',*,*,#4005,.F.);
#2368=ORIENTED_EDGE('',*,*,#4006,.F.);
#2369=ORIENTED_EDGE('',*,*,#3796,.F.);
#2370=ORIENTED_EDGE('',*,*,#4006,.T.);
#2371=ORIENTED_EDGE('',*,*,#4007,.F.);
#2372=ORIENTED_EDGE('',*,*,#4008,.F.);
#2373=ORIENTED_EDGE('',*,*,#3791,.F.);
#2374=ORIENTED_EDGE('',*,*,#4008,.T.);
#2375=ORIENTED_EDGE('',*,*,#4009,.F.);
#2376=ORIENTED_EDGE('',*,*,#4010,.F.);
#2377=ORIENTED_EDGE('',*,*,#3792,.F.);
#2378=ORIENTED_EDGE('',*,*,#4010,.T.);
#2379=ORIENTED_EDGE('',*,*,#4011,.F.);
#2380=ORIENTED_EDGE('',*,*,#4012,.F.);
#2381=ORIENTED_EDGE('',*,*,#3802,.F.);
#2382=ORIENTED_EDGE('',*,*,#4012,.T.);
#2383=ORIENTED_EDGE('',*,*,#4013,.F.);
#2384=ORIENTED_EDGE('',*,*,#4014,.F.);
#2385=ORIENTED_EDGE('',*,*,#3803,.F.);
#2386=ORIENTED_EDGE('',*,*,#4014,.T.);
#2387=ORIENTED_EDGE('',*,*,#4015,.F.);
#2388=ORIENTED_EDGE('',*,*,#4016,.F.);
#2389=ORIENTED_EDGE('',*,*,#3804,.F.);
#2390=ORIENTED_EDGE('',*,*,#4016,.T.);
#2391=ORIENTED_EDGE('',*,*,#4017,.F.);
#2392=ORIENTED_EDGE('',*,*,#3805,.F.);
#2393=ORIENTED_EDGE('',*,*,#3797,.F.);
#2394=ORIENTED_EDGE('',*,*,#3950,.F.);
#2395=ORIENTED_EDGE('',*,*,#3808,.T.);
#2396=ORIENTED_EDGE('',*,*,#3806,.T.);
#2397=ORIENTED_EDGE('',*,*,#4018,.T.);
#2398=ORIENTED_EDGE('',*,*,#4019,.T.);
#2399=ORIENTED_EDGE('',*,*,#4020,.T.);
#2400=ORIENTED_EDGE('',*,*,#3809,.F.);
#2401=ORIENTED_EDGE('',*,*,#4021,.F.);
#2402=ORIENTED_EDGE('',*,*,#3513,.T.);
#2403=ORIENTED_EDGE('',*,*,#4022,.F.);
#2404=ORIENTED_EDGE('',*,*,#3835,.T.);
#2405=ORIENTED_EDGE('',*,*,#3818,.F.);
#2406=ORIENTED_EDGE('',*,*,#3815,.F.);
#2407=ORIENTED_EDGE('',*,*,#3812,.F.);
#2408=ORIENTED_EDGE('',*,*,#3872,.T.);
#2409=ORIENTED_EDGE('',*,*,#3460,.T.);
#2410=ORIENTED_EDGE('',*,*,#3453,.T.);
#2411=ORIENTED_EDGE('',*,*,#3601,.F.);
#2412=ORIENTED_EDGE('',*,*,#4023,.F.);
#2413=ORIENTED_EDGE('',*,*,#4024,.F.);
#2414=ORIENTED_EDGE('',*,*,#4025,.F.);
#2415=ORIENTED_EDGE('',*,*,#4026,.F.);
#2416=ORIENTED_EDGE('',*,*,#4027,.F.);
#2417=ORIENTED_EDGE('',*,*,#4028,.F.);
#2418=ORIENTED_EDGE('',*,*,#4029,.F.);
#2419=ORIENTED_EDGE('',*,*,#4030,.F.);
#2420=ORIENTED_EDGE('',*,*,#4031,.F.);
#2421=ORIENTED_EDGE('',*,*,#4032,.T.);
#2422=ORIENTED_EDGE('',*,*,#4033,.T.);
#2423=ORIENTED_EDGE('',*,*,#4028,.T.);
#2424=ORIENTED_EDGE('',*,*,#4034,.F.);
#2425=ORIENTED_EDGE('',*,*,#4035,.T.);
#2426=ORIENTED_EDGE('',*,*,#4036,.T.);
#2427=ORIENTED_EDGE('',*,*,#4024,.T.);
#2428=ORIENTED_EDGE('',*,*,#4037,.F.);
#2429=ORIENTED_EDGE('',*,*,#4038,.F.);
#2430=ORIENTED_EDGE('',*,*,#4039,.F.);
#2431=ORIENTED_EDGE('',*,*,#4040,.F.);
#2432=ORIENTED_EDGE('',*,*,#4041,.F.);
#2433=ORIENTED_EDGE('',*,*,#4042,.T.);
#2434=ORIENTED_EDGE('',*,*,#4043,.T.);
#2435=ORIENTED_EDGE('',*,*,#4039,.T.);
#2436=ORIENTED_EDGE('',*,*,#4044,.F.);
#2437=ORIENTED_EDGE('',*,*,#3826,.F.);
#2438=ORIENTED_EDGE('',*,*,#3515,.F.);
#2439=ORIENTED_EDGE('',*,*,#3550,.F.);
#2440=ORIENTED_EDGE('',*,*,#4045,.F.);
#2441=ORIENTED_EDGE('',*,*,#4046,.F.);
#2442=ORIENTED_EDGE('',*,*,#4047,.F.);
#2443=ORIENTED_EDGE('',*,*,#4048,.F.);
#2444=ORIENTED_EDGE('',*,*,#4045,.T.);
#2445=ORIENTED_EDGE('',*,*,#3549,.T.);
#2446=ORIENTED_EDGE('',*,*,#4049,.T.);
#2447=ORIENTED_EDGE('',*,*,#4050,.F.);
#2448=ORIENTED_EDGE('',*,*,#4049,.F.);
#2449=ORIENTED_EDGE('',*,*,#3548,.F.);
#2450=ORIENTED_EDGE('',*,*,#4051,.F.);
#2451=ORIENTED_EDGE('',*,*,#3547,.F.);
#2452=ORIENTED_EDGE('',*,*,#4052,.T.);
#2453=ORIENTED_EDGE('',*,*,#4053,.T.);
#2454=ORIENTED_EDGE('',*,*,#4051,.T.);
#2455=ORIENTED_EDGE('',*,*,#4054,.F.);
#2456=ORIENTED_EDGE('',*,*,#4055,.F.);
#2457=ORIENTED_EDGE('',*,*,#4052,.F.);
#2458=ORIENTED_EDGE('',*,*,#3546,.F.);
#2459=ORIENTED_EDGE('',*,*,#4056,.F.);
#2460=ORIENTED_EDGE('',*,*,#4054,.T.);
#2461=ORIENTED_EDGE('',*,*,#3545,.T.);
#2462=ORIENTED_EDGE('',*,*,#3917,.T.);
#2463=ORIENTED_EDGE('',*,*,#3874,.T.);
#2464=ORIENTED_EDGE('',*,*,#3881,.F.);
#2465=ORIENTED_EDGE('',*,*,#3882,.F.);
#2466=ORIENTED_EDGE('',*,*,#3830,.T.);
#2467=ORIENTED_EDGE('',*,*,#3828,.F.);
#2468=ORIENTED_EDGE('',*,*,#3891,.F.);
#2469=ORIENTED_EDGE('',*,*,#3918,.F.);
#2470=ORIENTED_EDGE('',*,*,#3544,.F.);
#2471=ORIENTED_EDGE('',*,*,#4057,.F.);
#2472=ORIENTED_EDGE('',*,*,#4058,.F.);
#2473=ORIENTED_EDGE('',*,*,#3875,.T.);
#2474=ORIENTED_EDGE('',*,*,#4057,.T.);
#2475=ORIENTED_EDGE('',*,*,#3543,.F.);
#2476=ORIENTED_EDGE('',*,*,#3542,.F.);
#2477=ORIENTED_EDGE('',*,*,#4059,.T.);
#2478=ORIENTED_EDGE('',*,*,#4058,.T.);
#2479=ORIENTED_EDGE('',*,*,#4060,.F.);
#2480=ORIENTED_EDGE('',*,*,#3876,.F.);
#2481=ORIENTED_EDGE('',*,*,#4059,.F.);
#2482=ORIENTED_EDGE('',*,*,#3541,.F.);
#2483=ORIENTED_EDGE('',*,*,#4061,.F.);
#2484=ORIENTED_EDGE('',*,*,#4060,.T.);
#2485=ORIENTED_EDGE('',*,*,#3540,.F.);
#2486=ORIENTED_EDGE('',*,*,#3539,.F.);
#2487=ORIENTED_EDGE('',*,*,#4062,.F.);
#2488=ORIENTED_EDGE('',*,*,#3877,.T.);
#2489=ORIENTED_EDGE('',*,*,#4061,.T.);
#2490=ORIENTED_EDGE('',*,*,#3832,.T.);
#2491=ORIENTED_EDGE('',*,*,#3531,.F.);
#2492=ORIENTED_EDGE('',*,*,#4063,.T.);
#2493=ORIENTED_EDGE('',*,*,#4022,.T.);
#2494=ORIENTED_EDGE('',*,*,#3512,.T.);
#2495=ORIENTED_EDGE('',*,*,#3529,.F.);
#2496=ORIENTED_EDGE('',*,*,#4064,.F.);
#2497=ORIENTED_EDGE('',*,*,#3860,.F.);
#2498=ORIENTED_EDGE('',*,*,#3839,.T.);
#2499=ORIENTED_EDGE('',*,*,#3868,.F.);
#2500=ORIENTED_EDGE('',*,*,#3836,.F.);
#2501=ORIENTED_EDGE('',*,*,#3833,.T.);
#2502=ORIENTED_EDGE('',*,*,#4065,.F.);
#2503=ORIENTED_EDGE('',*,*,#3841,.T.);
#2504=ORIENTED_EDGE('',*,*,#3845,.F.);
#2505=ORIENTED_EDGE('',*,*,#4066,.T.);
#2506=ORIENTED_EDGE('',*,*,#3527,.F.);
#2507=ORIENTED_EDGE('',*,*,#4067,.F.);
#2508=ORIENTED_EDGE('',*,*,#3842,.T.);
#2509=ORIENTED_EDGE('',*,*,#4065,.T.);
#2510=ORIENTED_EDGE('',*,*,#3526,.F.);
#2511=ORIENTED_EDGE('',*,*,#3846,.F.);
#2512=ORIENTED_EDGE('',*,*,#3843,.T.);
#2513=ORIENTED_EDGE('',*,*,#4067,.T.);
#2514=ORIENTED_EDGE('',*,*,#3525,.F.);
#2515=ORIENTED_EDGE('',*,*,#4068,.F.);
#2516=ORIENTED_EDGE('',*,*,#3849,.T.);
#2517=ORIENTED_EDGE('',*,*,#3853,.F.);
#2518=ORIENTED_EDGE('',*,*,#3855,.T.);
#2519=ORIENTED_EDGE('',*,*,#3859,.F.);
#2520=ORIENTED_EDGE('',*,*,#3861,.F.);
#2521=ORIENTED_EDGE('',*,*,#4064,.T.);
#2522=ORIENTED_EDGE('',*,*,#3528,.F.);
#2523=ORIENTED_EDGE('',*,*,#4066,.F.);
#2524=ORIENTED_EDGE('',*,*,#3847,.F.);
#2525=ORIENTED_EDGE('',*,*,#4068,.T.);
#2526=ORIENTED_EDGE('',*,*,#3524,.F.);
#2527=ORIENTED_EDGE('',*,*,#4069,.T.);
#2528=ORIENTED_EDGE('',*,*,#3523,.F.);
#2529=ORIENTED_EDGE('',*,*,#3514,.T.);
#2530=ORIENTED_EDGE('',*,*,#4021,.T.);
#2531=ORIENTED_EDGE('',*,*,#3871,.T.);
#2532=ORIENTED_EDGE('',*,*,#3869,.T.);
#2533=ORIENTED_EDGE('',*,*,#3866,.F.);
#2534=ORIENTED_EDGE('',*,*,#3865,.F.);
#2535=ORIENTED_EDGE('',*,*,#3862,.F.);
#2536=ORIENTED_EDGE('',*,*,#3857,.T.);
#2537=ORIENTED_EDGE('',*,*,#3856,.T.);
#2538=ORIENTED_EDGE('',*,*,#3851,.T.);
#2539=ORIENTED_EDGE('',*,*,#3850,.T.);
#2540=ORIENTED_EDGE('',*,*,#4069,.F.);
#2541=ORIENTED_EDGE('',*,*,#3499,.F.);
#2542=ORIENTED_EDGE('',*,*,#4070,.F.);
#2543=ORIENTED_EDGE('',*,*,#3909,.T.);
#2544=ORIENTED_EDGE('',*,*,#4071,.T.);
#2545=ORIENTED_EDGE('',*,*,#3912,.T.);
#2546=ORIENTED_EDGE('',*,*,#3892,.T.);
#2547=ORIENTED_EDGE('',*,*,#3887,.F.);
#2548=ORIENTED_EDGE('',*,*,#3885,.T.);
#2549=ORIENTED_EDGE('',*,*,#3883,.F.);
#2550=ORIENTED_EDGE('',*,*,#3879,.T.);
#2551=ORIENTED_EDGE('',*,*,#3878,.T.);
#2552=ORIENTED_EDGE('',*,*,#4062,.T.);
#2553=ORIENTED_EDGE('',*,*,#3538,.T.);
#2554=ORIENTED_EDGE('',*,*,#3498,.F.);
#2555=ORIENTED_EDGE('',*,*,#4072,.F.);
#2556=ORIENTED_EDGE('',*,*,#3910,.T.);
#2557=ORIENTED_EDGE('',*,*,#4070,.T.);
#2558=ORIENTED_EDGE('',*,*,#4072,.T.);
#2559=ORIENTED_EDGE('',*,*,#3497,.T.);
#2560=ORIENTED_EDGE('',*,*,#4073,.F.);
#2561=ORIENTED_EDGE('',*,*,#3907,.T.);
#2562=ORIENTED_EDGE('',*,*,#3495,.F.);
#2563=ORIENTED_EDGE('',*,*,#4074,.F.);
#2564=ORIENTED_EDGE('',*,*,#3905,.T.);
#2565=ORIENTED_EDGE('',*,*,#4075,.F.);
#2566=ORIENTED_EDGE('',*,*,#3494,.F.);
#2567=ORIENTED_EDGE('',*,*,#4076,.F.);
#2568=ORIENTED_EDGE('',*,*,#3906,.T.);
#2569=ORIENTED_EDGE('',*,*,#4074,.T.);
#2570=ORIENTED_EDGE('',*,*,#4076,.T.);
#2571=ORIENTED_EDGE('',*,*,#3493,.T.);
#2572=ORIENTED_EDGE('',*,*,#4077,.F.);
#2573=ORIENTED_EDGE('',*,*,#3903,.T.);
#2574=ORIENTED_EDGE('',*,*,#3491,.F.);
#2575=ORIENTED_EDGE('',*,*,#4078,.T.);
#2576=ORIENTED_EDGE('',*,*,#3901,.T.);
#2577=ORIENTED_EDGE('',*,*,#4079,.F.);
#2578=ORIENTED_EDGE('',*,*,#3490,.F.);
#2579=ORIENTED_EDGE('',*,*,#4080,.T.);
#2580=ORIENTED_EDGE('',*,*,#3902,.T.);
#2581=ORIENTED_EDGE('',*,*,#4078,.F.);
#2582=ORIENTED_EDGE('',*,*,#4080,.F.);
#2583=ORIENTED_EDGE('',*,*,#3489,.T.);
#2584=ORIENTED_EDGE('',*,*,#4081,.T.);
#2585=ORIENTED_EDGE('',*,*,#3899,.T.);
#2586=ORIENTED_EDGE('',*,*,#3487,.F.);
#2587=ORIENTED_EDGE('',*,*,#4082,.T.);
#2588=ORIENTED_EDGE('',*,*,#3897,.T.);
#2589=ORIENTED_EDGE('',*,*,#4083,.F.);
#2590=ORIENTED_EDGE('',*,*,#3486,.F.);
#2591=ORIENTED_EDGE('',*,*,#4084,.T.);
#2592=ORIENTED_EDGE('',*,*,#3898,.T.);
#2593=ORIENTED_EDGE('',*,*,#4082,.F.);
#2594=ORIENTED_EDGE('',*,*,#4084,.F.);
#2595=ORIENTED_EDGE('',*,*,#3485,.T.);
#2596=ORIENTED_EDGE('',*,*,#4085,.T.);
#2597=ORIENTED_EDGE('',*,*,#3895,.T.);
#2598=ORIENTED_EDGE('',*,*,#3484,.F.);
#2599=ORIENTED_EDGE('',*,*,#4086,.T.);
#2600=ORIENTED_EDGE('',*,*,#3920,.F.);
#2601=ORIENTED_EDGE('',*,*,#4087,.T.);
#2602=ORIENTED_EDGE('',*,*,#4046,.T.);
#2603=ORIENTED_EDGE('',*,*,#4048,.T.);
#2604=ORIENTED_EDGE('',*,*,#4050,.T.);
#2605=ORIENTED_EDGE('',*,*,#4053,.F.);
#2606=ORIENTED_EDGE('',*,*,#4055,.T.);
#2607=ORIENTED_EDGE('',*,*,#4056,.T.);
#2608=ORIENTED_EDGE('',*,*,#3916,.T.);
#2609=ORIENTED_EDGE('',*,*,#3914,.F.);
#2610=ORIENTED_EDGE('',*,*,#3913,.T.);
#2611=ORIENTED_EDGE('',*,*,#4071,.F.);
#2612=ORIENTED_EDGE('',*,*,#3908,.F.);
#2613=ORIENTED_EDGE('',*,*,#4073,.T.);
#2614=ORIENTED_EDGE('',*,*,#3496,.F.);
#2615=ORIENTED_EDGE('',*,*,#4075,.T.);
#2616=ORIENTED_EDGE('',*,*,#3904,.F.);
#2617=ORIENTED_EDGE('',*,*,#4077,.T.);
#2618=ORIENTED_EDGE('',*,*,#3492,.F.);
#2619=ORIENTED_EDGE('',*,*,#4079,.T.);
#2620=ORIENTED_EDGE('',*,*,#3900,.F.);
#2621=ORIENTED_EDGE('',*,*,#4081,.F.);
#2622=ORIENTED_EDGE('',*,*,#3488,.F.);
#2623=ORIENTED_EDGE('',*,*,#4083,.T.);
#2624=ORIENTED_EDGE('',*,*,#3896,.F.);
#2625=ORIENTED_EDGE('',*,*,#4085,.F.);
#2626=ORIENTED_EDGE('',*,*,#3483,.F.);
#2627=ORIENTED_EDGE('',*,*,#4088,.T.);
#2628=ORIENTED_EDGE('',*,*,#3921,.T.);
#2629=ORIENTED_EDGE('',*,*,#4086,.F.);
#2630=ORIENTED_EDGE('',*,*,#3482,.F.);
#2631=ORIENTED_EDGE('',*,*,#4089,.T.);
#2632=ORIENTED_EDGE('',*,*,#3922,.T.);
#2633=ORIENTED_EDGE('',*,*,#4088,.F.);
#2634=ORIENTED_EDGE('',*,*,#4089,.F.);
#2635=ORIENTED_EDGE('',*,*,#3481,.T.);
#2636=ORIENTED_EDGE('',*,*,#4090,.T.);
#2637=ORIENTED_EDGE('',*,*,#3919,.T.);
#2638=ORIENTED_EDGE('',*,*,#3480,.F.);
#2639=ORIENTED_EDGE('',*,*,#3551,.T.);
#2640=ORIENTED_EDGE('',*,*,#4047,.T.);
#2641=ORIENTED_EDGE('',*,*,#4087,.F.);
#2642=ORIENTED_EDGE('',*,*,#4090,.F.);
#2643=ORIENTED_EDGE('',*,*,#4091,.F.);
#2644=ORIENTED_EDGE('',*,*,#3925,.T.);
#2645=ORIENTED_EDGE('',*,*,#4092,.T.);
#2646=ORIENTED_EDGE('',*,*,#3633,.T.);
#2647=ORIENTED_EDGE('',*,*,#3933,.T.);
#2648=ORIENTED_EDGE('',*,*,#3931,.T.);
#2649=ORIENTED_EDGE('',*,*,#3930,.T.);
#2650=ORIENTED_EDGE('',*,*,#3929,.T.);
#2651=ORIENTED_EDGE('',*,*,#3928,.T.);
#2652=ORIENTED_EDGE('',*,*,#3927,.T.);
#2653=ORIENTED_EDGE('',*,*,#4091,.T.);
#2654=ORIENTED_EDGE('',*,*,#3632,.T.);
#2655=ORIENTED_EDGE('',*,*,#4093,.T.);
#2656=ORIENTED_EDGE('',*,*,#3644,.T.);
#2657=ORIENTED_EDGE('',*,*,#4094,.T.);
#2658=ORIENTED_EDGE('',*,*,#3636,.T.);
#2659=ORIENTED_EDGE('',*,*,#4095,.F.);
#2660=ORIENTED_EDGE('',*,*,#3934,.F.);
#2661=ORIENTED_EDGE('',*,*,#3605,.F.);
#2662=ORIENTED_EDGE('',*,*,#3506,.T.);
#2663=ORIENTED_EDGE('',*,*,#3642,.T.);
#2664=ORIENTED_EDGE('',*,*,#3465,.T.);
#2665=ORIENTED_EDGE('',*,*,#4096,.F.);
#2666=ORIENTED_EDGE('',*,*,#4097,.T.);
#2667=ORIENTED_EDGE('',*,*,#4098,.F.);
#2668=ORIENTED_EDGE('',*,*,#4099,.T.);
#2669=ORIENTED_EDGE('',*,*,#4100,.F.);
#2670=ORIENTED_EDGE('',*,*,#3936,.T.);
#2671=ORIENTED_EDGE('',*,*,#3607,.T.);
#2672=ORIENTED_EDGE('',*,*,#3641,.F.);
#2673=ORIENTED_EDGE('',*,*,#4101,.F.);
#2674=ORIENTED_EDGE('',*,*,#3521,.F.);
#2675=ORIENTED_EDGE('',*,*,#4102,.F.);
#2676=ORIENTED_EDGE('',*,*,#3634,.F.);
#2677=ORIENTED_EDGE('',*,*,#4092,.F.);
#2678=ORIENTED_EDGE('',*,*,#3940,.T.);
#2679=ORIENTED_EDGE('',*,*,#3938,.T.);
#2680=ORIENTED_EDGE('',*,*,#4095,.T.);
#2681=ORIENTED_EDGE('',*,*,#4103,.T.);
#2682=ORIENTED_EDGE('',*,*,#4104,.F.);
#2683=ORIENTED_EDGE('',*,*,#4105,.T.);
#2684=ORIENTED_EDGE('',*,*,#4106,.T.);
#2685=ORIENTED_EDGE('',*,*,#3581,.T.);
#2686=ORIENTED_EDGE('',*,*,#4107,.F.);
#2687=ORIENTED_EDGE('',*,*,#3945,.T.);
#2688=ORIENTED_EDGE('',*,*,#3942,.T.);
#2689=ORIENTED_EDGE('',*,*,#4104,.T.);
#2690=ORIENTED_EDGE('',*,*,#3577,.T.);
#2691=ORIENTED_EDGE('',*,*,#4108,.T.);
#2692=ORIENTED_EDGE('',*,*,#3962,.T.);
#2693=ORIENTED_EDGE('',*,*,#3948,.T.);
#2694=ORIENTED_EDGE('',*,*,#4107,.T.);
#2695=ORIENTED_EDGE('',*,*,#4109,.T.);
#2696=ORIENTED_EDGE('',*,*,#4110,.F.);
#2697=ORIENTED_EDGE('',*,*,#4111,.F.);
#2698=ORIENTED_EDGE('',*,*,#3960,.T.);
#2699=ORIENTED_EDGE('',*,*,#4110,.T.);
#2700=ORIENTED_EDGE('',*,*,#4112,.T.);
#2701=ORIENTED_EDGE('',*,*,#4113,.F.);
#2702=ORIENTED_EDGE('',*,*,#3957,.T.);
#2703=ORIENTED_EDGE('',*,*,#4111,.T.);
#2704=ORIENTED_EDGE('',*,*,#4114,.T.);
#2705=ORIENTED_EDGE('',*,*,#3951,.F.);
#2706=ORIENTED_EDGE('',*,*,#4115,.T.);
#2707=ORIENTED_EDGE('',*,*,#4116,.F.);
#2708=ORIENTED_EDGE('',*,*,#4117,.F.);
#2709=ORIENTED_EDGE('',*,*,#3953,.F.);
#2710=ORIENTED_EDGE('',*,*,#4117,.T.);
#2711=ORIENTED_EDGE('',*,*,#4118,.F.);
#2712=ORIENTED_EDGE('',*,*,#4119,.F.);
#2713=ORIENTED_EDGE('',*,*,#4120,.F.);
#2714=ORIENTED_EDGE('',*,*,#4121,.T.);
#2715=ORIENTED_EDGE('',*,*,#4113,.T.);
#2716=ORIENTED_EDGE('',*,*,#4122,.T.);
#2717=ORIENTED_EDGE('',*,*,#4123,.F.);
#2718=ORIENTED_EDGE('',*,*,#4124,.F.);
#2719=ORIENTED_EDGE('',*,*,#3954,.F.);
#2720=ORIENTED_EDGE('',*,*,#4121,.F.);
#2721=ORIENTED_EDGE('',*,*,#3993,.T.);
#2722=ORIENTED_EDGE('',*,*,#3996,.T.);
#2723=ORIENTED_EDGE('',*,*,#3965,.T.);
#2724=ORIENTED_EDGE('',*,*,#3961,.T.);
#2725=ORIENTED_EDGE('',*,*,#3958,.T.);
#2726=ORIENTED_EDGE('',*,*,#3955,.T.);
#2727=ORIENTED_EDGE('',*,*,#4124,.T.);
#2728=ORIENTED_EDGE('',*,*,#4125,.T.);
#2729=ORIENTED_EDGE('',*,*,#4126,.T.);
#2730=ORIENTED_EDGE('',*,*,#4127,.F.);
#2731=ORIENTED_EDGE('',*,*,#4128,.F.);
#2732=ORIENTED_EDGE('',*,*,#3990,.F.);
#2733=ORIENTED_EDGE('',*,*,#4126,.F.);
#2734=ORIENTED_EDGE('',*,*,#4129,.F.);
#2735=ORIENTED_EDGE('',*,*,#3971,.F.);
#2736=ORIENTED_EDGE('',*,*,#3968,.F.);
#2737=ORIENTED_EDGE('',*,*,#4119,.T.);
#2738=ORIENTED_EDGE('',*,*,#4130,.F.);
#2739=ORIENTED_EDGE('',*,*,#4131,.F.);
#2740=ORIENTED_EDGE('',*,*,#4132,.F.);
#2741=ORIENTED_EDGE('',*,*,#4133,.T.);
#2742=ORIENTED_EDGE('',*,*,#4134,.F.);
#2743=ORIENTED_EDGE('',*,*,#4135,.T.);
#2744=ORIENTED_EDGE('',*,*,#3969,.T.);
#2745=ORIENTED_EDGE('',*,*,#4129,.T.);
#2746=ORIENTED_EDGE('',*,*,#3980,.T.);
#2747=ORIENTED_EDGE('',*,*,#4135,.F.);
#2748=ORIENTED_EDGE('',*,*,#4136,.F.);
#2749=ORIENTED_EDGE('',*,*,#4137,.F.);
#2750=ORIENTED_EDGE('',*,*,#3981,.T.);
#2751=ORIENTED_EDGE('',*,*,#4137,.T.);
#2752=ORIENTED_EDGE('',*,*,#4138,.T.);
#2753=ORIENTED_EDGE('',*,*,#4139,.T.);
#2754=ORIENTED_EDGE('',*,*,#3982,.T.);
#2755=ORIENTED_EDGE('',*,*,#3977,.T.);
#2756=ORIENTED_EDGE('',*,*,#3975,.T.);
#2757=ORIENTED_EDGE('',*,*,#3974,.T.);
#2758=ORIENTED_EDGE('',*,*,#3973,.T.);
#2759=ORIENTED_EDGE('',*,*,#4140,.F.);
#2760=ORIENTED_EDGE('',*,*,#4141,.F.);
#2761=ORIENTED_EDGE('',*,*,#3983,.T.);
#2762=ORIENTED_EDGE('',*,*,#4139,.F.);
#2763=ORIENTED_EDGE('',*,*,#3986,.F.);
#2764=ORIENTED_EDGE('',*,*,#4141,.T.);
#2765=ORIENTED_EDGE('',*,*,#4142,.T.);
#2766=ORIENTED_EDGE('',*,*,#4143,.T.);
#2767=ORIENTED_EDGE('',*,*,#4144,.T.);
#2768=ORIENTED_EDGE('',*,*,#3988,.F.);
#2769=ORIENTED_EDGE('',*,*,#3987,.F.);
#2770=ORIENTED_EDGE('',*,*,#4143,.F.);
#2771=ORIENTED_EDGE('',*,*,#4145,.T.);
#2772=ORIENTED_EDGE('',*,*,#4146,.T.);
#2773=ORIENTED_EDGE('',*,*,#3655,.T.);
#2774=ORIENTED_EDGE('',*,*,#3623,.T.);
#2775=ORIENTED_EDGE('',*,*,#4147,.F.);
#2776=ORIENTED_EDGE('',*,*,#4148,.F.);
#2777=ORIENTED_EDGE('',*,*,#3656,.F.);
#2778=ORIENTED_EDGE('',*,*,#4146,.F.);
#2779=ORIENTED_EDGE('',*,*,#3657,.T.);
#2780=ORIENTED_EDGE('',*,*,#4148,.T.);
#2781=ORIENTED_EDGE('',*,*,#4149,.F.);
#2782=ORIENTED_EDGE('',*,*,#4150,.T.);
#2783=ORIENTED_EDGE('',*,*,#4151,.F.);
#2784=ORIENTED_EDGE('',*,*,#4152,.F.);
#2785=ORIENTED_EDGE('',*,*,#3658,.F.);
#2786=ORIENTED_EDGE('',*,*,#4150,.F.);
#2787=ORIENTED_EDGE('',*,*,#3659,.F.);
#2788=ORIENTED_EDGE('',*,*,#4152,.T.);
#2789=ORIENTED_EDGE('',*,*,#4153,.F.);
#2790=ORIENTED_EDGE('',*,*,#4154,.T.);
#2791=ORIENTED_EDGE('',*,*,#3660,.F.);
#2792=ORIENTED_EDGE('',*,*,#4154,.F.);
#2793=ORIENTED_EDGE('',*,*,#4155,.F.);
#2794=ORIENTED_EDGE('',*,*,#4156,.F.);
#2795=ORIENTED_EDGE('',*,*,#4157,.F.);
#2796=ORIENTED_EDGE('',*,*,#4158,.T.);
#2797=ORIENTED_EDGE('',*,*,#3661,.F.);
#2798=ORIENTED_EDGE('',*,*,#4156,.T.);
#2799=ORIENTED_EDGE('',*,*,#3662,.F.);
#2800=ORIENTED_EDGE('',*,*,#4158,.F.);
#2801=ORIENTED_EDGE('',*,*,#4159,.F.);
#2802=ORIENTED_EDGE('',*,*,#4160,.F.);
#2803=ORIENTED_EDGE('',*,*,#4161,.T.);
#2804=ORIENTED_EDGE('',*,*,#4162,.T.);
#2805=ORIENTED_EDGE('',*,*,#4163,.T.);
#2806=ORIENTED_EDGE('',*,*,#4164,.F.);
#2807=ORIENTED_EDGE('',*,*,#4165,.T.);
#2808=ORIENTED_EDGE('',*,*,#4166,.F.);
#2809=ORIENTED_EDGE('',*,*,#4167,.T.);
#2810=ORIENTED_EDGE('',*,*,#4168,.F.);
#2811=ORIENTED_EDGE('',*,*,#4025,.T.);
#2812=ORIENTED_EDGE('',*,*,#4036,.F.);
#2813=ORIENTED_EDGE('',*,*,#4169,.T.);
#2814=ORIENTED_EDGE('',*,*,#4170,.F.);
#2815=ORIENTED_EDGE('',*,*,#4171,.F.);
#2816=ORIENTED_EDGE('',*,*,#4026,.T.);
#2817=ORIENTED_EDGE('',*,*,#4168,.T.);
#2818=ORIENTED_EDGE('',*,*,#4172,.T.);
#2819=ORIENTED_EDGE('',*,*,#4173,.T.);
#2820=ORIENTED_EDGE('',*,*,#4037,.T.);
#2821=ORIENTED_EDGE('',*,*,#4023,.T.);
#2822=ORIENTED_EDGE('',*,*,#4171,.T.);
#2823=ORIENTED_EDGE('',*,*,#4174,.T.);
#2824=ORIENTED_EDGE('',*,*,#4175,.F.);
#2825=ORIENTED_EDGE('',*,*,#4029,.T.);
#2826=ORIENTED_EDGE('',*,*,#4033,.F.);
#2827=ORIENTED_EDGE('',*,*,#4176,.T.);
#2828=ORIENTED_EDGE('',*,*,#4177,.F.);
#2829=ORIENTED_EDGE('',*,*,#4178,.F.);
#2830=ORIENTED_EDGE('',*,*,#4030,.T.);
#2831=ORIENTED_EDGE('',*,*,#4175,.T.);
#2832=ORIENTED_EDGE('',*,*,#4179,.T.);
#2833=ORIENTED_EDGE('',*,*,#4180,.T.);
#2834=ORIENTED_EDGE('',*,*,#4034,.T.);
#2835=ORIENTED_EDGE('',*,*,#4027,.T.);
#2836=ORIENTED_EDGE('',*,*,#4178,.T.);
#2837=ORIENTED_EDGE('',*,*,#4181,.F.);
#2838=ORIENTED_EDGE('',*,*,#4182,.F.);
#2839=ORIENTED_EDGE('',*,*,#4169,.F.);
#2840=ORIENTED_EDGE('',*,*,#4035,.F.);
#2841=ORIENTED_EDGE('',*,*,#4173,.F.);
#2842=ORIENTED_EDGE('',*,*,#4183,.F.);
#2843=ORIENTED_EDGE('',*,*,#4176,.F.);
#2844=ORIENTED_EDGE('',*,*,#4032,.F.);
#2845=ORIENTED_EDGE('',*,*,#4180,.F.);
#2846=ORIENTED_EDGE('',*,*,#4184,.F.);
#2847=ORIENTED_EDGE('',*,*,#4185,.F.);
#2848=ORIENTED_EDGE('',*,*,#4042,.F.);
#2849=ORIENTED_EDGE('',*,*,#4031,.T.);
#2850=ORIENTED_EDGE('',*,*,#4186,.T.);
#2851=ORIENTED_EDGE('',*,*,#4187,.F.);
#2852=ORIENTED_EDGE('',*,*,#4040,.T.);
#2853=ORIENTED_EDGE('',*,*,#4043,.F.);
#2854=ORIENTED_EDGE('',*,*,#4185,.T.);
#2855=ORIENTED_EDGE('',*,*,#4188,.F.);
#2856=ORIENTED_EDGE('',*,*,#4189,.F.);
#2857=ORIENTED_EDGE('',*,*,#4041,.T.);
#2858=ORIENTED_EDGE('',*,*,#4187,.T.);
#2859=ORIENTED_EDGE('',*,*,#4190,.T.);
#2860=ORIENTED_EDGE('',*,*,#4181,.T.);
#2861=ORIENTED_EDGE('',*,*,#4044,.T.);
#2862=ORIENTED_EDGE('',*,*,#4038,.T.);
#2863=ORIENTED_EDGE('',*,*,#4189,.T.);
#2864=ORIENTED_EDGE('',*,*,#4063,.F.);
#2865=ORIENTED_EDGE('',*,*,#3530,.T.);
#2866=ORIENTED_EDGE('',*,*,#3510,.F.);
#2867=ORIENTED_EDGE('',*,*,#4191,.F.);
#2868=ORIENTED_EDGE('',*,*,#3561,.F.);
#2869=ORIENTED_EDGE('',*,*,#3532,.T.);
#2870=ORIENTED_EDGE('',*,*,#4192,.T.);
#2871=ORIENTED_EDGE('',*,*,#4193,.T.);
#2872=ORIENTED_EDGE('',*,*,#4194,.T.);
#2873=ORIENTED_EDGE('',*,*,#4195,.F.);
#2874=ORIENTED_EDGE('',*,*,#4196,.F.);
#2875=ORIENTED_EDGE('',*,*,#4197,.F.);
#2876=ORIENTED_EDGE('',*,*,#4103,.F.);
#2877=ORIENTED_EDGE('',*,*,#3639,.T.);
#2878=ORIENTED_EDGE('',*,*,#3558,.T.);
#2879=ORIENTED_EDGE('',*,*,#3578,.F.);
#2880=ORIENTED_EDGE('',*,*,#4109,.F.);
#2881=ORIENTED_EDGE('',*,*,#3580,.T.);
#2882=ORIENTED_EDGE('',*,*,#3574,.T.);
#2883=ORIENTED_EDGE('',*,*,#4198,.F.);
#2884=ORIENTED_EDGE('',*,*,#3663,.T.);
#2885=ORIENTED_EDGE('',*,*,#4160,.T.);
#2886=ORIENTED_EDGE('',*,*,#4199,.T.);
#2887=ORIENTED_EDGE('',*,*,#4122,.F.);
#2888=ORIENTED_EDGE('',*,*,#4114,.F.);
#2889=ORIENTED_EDGE('',*,*,#4112,.F.);
#2890=ORIENTED_EDGE('',*,*,#4198,.T.);
#2891=ORIENTED_EDGE('',*,*,#3573,.T.);
#2892=ORIENTED_EDGE('',*,*,#3563,.F.);
#2893=ORIENTED_EDGE('',*,*,#4200,.T.);
#2894=ORIENTED_EDGE('',*,*,#4201,.T.);
#2895=ORIENTED_EDGE('',*,*,#4202,.F.);
#2896=ORIENTED_EDGE('',*,*,#3555,.F.);
#2897=ORIENTED_EDGE('',*,*,#4191,.T.);
#2898=ORIENTED_EDGE('',*,*,#3509,.F.);
#2899=ORIENTED_EDGE('',*,*,#4203,.T.);
#2900=ORIENTED_EDGE('',*,*,#4204,.F.);
#2901=ORIENTED_EDGE('',*,*,#4205,.T.);
#2902=ORIENTED_EDGE('',*,*,#3620,.F.);
#2903=ORIENTED_EDGE('',*,*,#3654,.T.);
#2904=ORIENTED_EDGE('',*,*,#4206,.F.);
#2905=ORIENTED_EDGE('',*,*,#3664,.T.);
#2906=ORIENTED_EDGE('',*,*,#3571,.F.);
#2907=ORIENTED_EDGE('',*,*,#4207,.F.);
#2908=ORIENTED_EDGE('',*,*,#4208,.F.);
#2909=ORIENTED_EDGE('',*,*,#4209,.F.);
#2910=ORIENTED_EDGE('',*,*,#4210,.F.);
#2911=ORIENTED_EDGE('',*,*,#4211,.F.);
#2912=ORIENTED_EDGE('',*,*,#4212,.F.);
#2913=ORIENTED_EDGE('',*,*,#4213,.F.);
#2914=ORIENTED_EDGE('',*,*,#4214,.F.);
#2915=ORIENTED_EDGE('',*,*,#4215,.F.);
#2916=ORIENTED_EDGE('',*,*,#4190,.F.);
#2917=ORIENTED_EDGE('',*,*,#4188,.T.);
#2918=ORIENTED_EDGE('',*,*,#4186,.F.);
#2919=ORIENTED_EDGE('',*,*,#4184,.T.);
#2920=ORIENTED_EDGE('',*,*,#4179,.F.);
#2921=ORIENTED_EDGE('',*,*,#4177,.T.);
#2922=ORIENTED_EDGE('',*,*,#4174,.F.);
#2923=ORIENTED_EDGE('',*,*,#4183,.T.);
#2924=ORIENTED_EDGE('',*,*,#4172,.F.);
#2925=ORIENTED_EDGE('',*,*,#4170,.T.);
#2926=ORIENTED_EDGE('',*,*,#4167,.F.);
#2927=ORIENTED_EDGE('',*,*,#4182,.T.);
#2928=ORIENTED_EDGE('',*,*,#4216,.T.);
#2929=ORIENTED_EDGE('',*,*,#4217,.T.);
#2930=ORIENTED_EDGE('',*,*,#4218,.T.);
#2931=ORIENTED_EDGE('',*,*,#4219,.F.);
#2932=ORIENTED_EDGE('',*,*,#4220,.T.);
#2933=ORIENTED_EDGE('',*,*,#4221,.F.);
#2934=ORIENTED_EDGE('',*,*,#4222,.F.);
#2935=ORIENTED_EDGE('',*,*,#3991,.T.);
#2936=ORIENTED_EDGE('',*,*,#4223,.T.);
#2937=ORIENTED_EDGE('',*,*,#4224,.T.);
#2938=ORIENTED_EDGE('',*,*,#4225,.F.);
#2939=ORIENTED_EDGE('',*,*,#3997,.T.);
#2940=ORIENTED_EDGE('',*,*,#3994,.T.);
#2941=ORIENTED_EDGE('',*,*,#4222,.T.);
#2942=ORIENTED_EDGE('',*,*,#4226,.T.);
#2943=ORIENTED_EDGE('',*,*,#4223,.F.);
#2944=ORIENTED_EDGE('',*,*,#4128,.T.);
#2945=ORIENTED_EDGE('',*,*,#4227,.T.);
#2946=ORIENTED_EDGE('',*,*,#4228,.T.);
#2947=ORIENTED_EDGE('',*,*,#4229,.F.);
#2948=ORIENTED_EDGE('',*,*,#4001,.T.);
#2949=ORIENTED_EDGE('',*,*,#3999,.T.);
#2950=ORIENTED_EDGE('',*,*,#4225,.T.);
#2951=ORIENTED_EDGE('',*,*,#4230,.T.);
#2952=ORIENTED_EDGE('',*,*,#4231,.F.);
#2953=ORIENTED_EDGE('',*,*,#4005,.T.);
#2954=ORIENTED_EDGE('',*,*,#4003,.T.);
#2955=ORIENTED_EDGE('',*,*,#4229,.T.);
#2956=ORIENTED_EDGE('',*,*,#4232,.T.);
#2957=ORIENTED_EDGE('',*,*,#4233,.F.);
#2958=ORIENTED_EDGE('',*,*,#4007,.T.);
#2959=ORIENTED_EDGE('',*,*,#4231,.T.);
#2960=ORIENTED_EDGE('',*,*,#4234,.T.);
#2961=ORIENTED_EDGE('',*,*,#4235,.F.);
#2962=ORIENTED_EDGE('',*,*,#4011,.T.);
#2963=ORIENTED_EDGE('',*,*,#4009,.T.);
#2964=ORIENTED_EDGE('',*,*,#4233,.T.);
#2965=ORIENTED_EDGE('',*,*,#4236,.T.);
#2966=ORIENTED_EDGE('',*,*,#4019,.F.);
#2967=ORIENTED_EDGE('',*,*,#4237,.T.);
#2968=ORIENTED_EDGE('',*,*,#4238,.F.);
#2969=ORIENTED_EDGE('',*,*,#4115,.F.);
#2970=ORIENTED_EDGE('',*,*,#4239,.F.);
#2971=ORIENTED_EDGE('',*,*,#4013,.T.);
#2972=ORIENTED_EDGE('',*,*,#4235,.T.);
#2973=ORIENTED_EDGE('',*,*,#4240,.T.);
#2974=ORIENTED_EDGE('',*,*,#4241,.F.);
#2975=ORIENTED_EDGE('',*,*,#4015,.T.);
#2976=ORIENTED_EDGE('',*,*,#4239,.T.);
#2977=ORIENTED_EDGE('',*,*,#4242,.T.);
#2978=ORIENTED_EDGE('',*,*,#4018,.F.);
#2979=ORIENTED_EDGE('',*,*,#4017,.T.);
#2980=ORIENTED_EDGE('',*,*,#4241,.T.);
#2981=ORIENTED_EDGE('',*,*,#4243,.T.);
#2982=ORIENTED_EDGE('',*,*,#4020,.F.);
#2983=ORIENTED_EDGE('',*,*,#4244,.F.);
#2984=ORIENTED_EDGE('',*,*,#4130,.T.);
#2985=ORIENTED_EDGE('',*,*,#4118,.T.);
#2986=ORIENTED_EDGE('',*,*,#4116,.T.);
#2987=ORIENTED_EDGE('',*,*,#4238,.T.);
#2988=ORIENTED_EDGE('',*,*,#4245,.T.);
#2989=ORIENTED_EDGE('',*,*,#4246,.F.);
#2990=ORIENTED_EDGE('',*,*,#4247,.F.);
#2991=ORIENTED_EDGE('',*,*,#4248,.F.);
#2992=ORIENTED_EDGE('',*,*,#3671,.F.);
#2993=ORIENTED_EDGE('',*,*,#4249,.T.);
#2994=ORIENTED_EDGE('',*,*,#4131,.T.);
#2995=ORIENTED_EDGE('',*,*,#4249,.F.);
#2996=ORIENTED_EDGE('',*,*,#3670,.F.);
#2997=ORIENTED_EDGE('',*,*,#4250,.T.);
#2998=ORIENTED_EDGE('',*,*,#4132,.T.);
#2999=ORIENTED_EDGE('',*,*,#4250,.F.);
#3000=ORIENTED_EDGE('',*,*,#3669,.F.);
#3001=ORIENTED_EDGE('',*,*,#4251,.F.);
#3002=ORIENTED_EDGE('',*,*,#4199,.F.);
#3003=ORIENTED_EDGE('',*,*,#4159,.T.);
#3004=ORIENTED_EDGE('',*,*,#4157,.T.);
#3005=ORIENTED_EDGE('',*,*,#4155,.T.);
#3006=ORIENTED_EDGE('',*,*,#4153,.T.);
#3007=ORIENTED_EDGE('',*,*,#4151,.T.);
#3008=ORIENTED_EDGE('',*,*,#4149,.T.);
#3009=ORIENTED_EDGE('',*,*,#4147,.T.);
#3010=ORIENTED_EDGE('',*,*,#4145,.F.);
#3011=ORIENTED_EDGE('',*,*,#4142,.F.);
#3012=ORIENTED_EDGE('',*,*,#4140,.T.);
#3013=ORIENTED_EDGE('',*,*,#4138,.F.);
#3014=ORIENTED_EDGE('',*,*,#4136,.T.);
#3015=ORIENTED_EDGE('',*,*,#4134,.T.);
#3016=ORIENTED_EDGE('',*,*,#4133,.F.);
#3017=ORIENTED_EDGE('',*,*,#4251,.T.);
#3018=ORIENTED_EDGE('',*,*,#3668,.F.);
#3019=ORIENTED_EDGE('',*,*,#4252,.T.);
#3020=ORIENTED_EDGE('',*,*,#4253,.F.);
#3021=ORIENTED_EDGE('',*,*,#4227,.F.);
#3022=ORIENTED_EDGE('',*,*,#4127,.T.);
#3023=ORIENTED_EDGE('',*,*,#4125,.F.);
#3024=ORIENTED_EDGE('',*,*,#4123,.T.);
#3025=ORIENTED_EDGE('',*,*,#4120,.T.);
#3026=ORIENTED_EDGE('',*,*,#3667,.F.);
#3027=ORIENTED_EDGE('',*,*,#3674,.T.);
#3028=ORIENTED_EDGE('',*,*,#4254,.T.);
#3029=ORIENTED_EDGE('',*,*,#4252,.F.);
#3030=ORIENTED_EDGE('',*,*,#4228,.F.);
#3031=ORIENTED_EDGE('',*,*,#4253,.T.);
#3032=ORIENTED_EDGE('',*,*,#4254,.F.);
#3033=ORIENTED_EDGE('',*,*,#3676,.F.);
#3034=ORIENTED_EDGE('',*,*,#3684,.F.);
#3035=ORIENTED_EDGE('',*,*,#4255,.T.);
#3036=ORIENTED_EDGE('',*,*,#4226,.F.);
#3037=ORIENTED_EDGE('',*,*,#4224,.F.);
#3038=ORIENTED_EDGE('',*,*,#4230,.F.);
#3039=ORIENTED_EDGE('',*,*,#4255,.F.);
#3040=ORIENTED_EDGE('',*,*,#3683,.F.);
#3041=ORIENTED_EDGE('',*,*,#4256,.T.);
#3042=ORIENTED_EDGE('',*,*,#4232,.F.);
#3043=ORIENTED_EDGE('',*,*,#4256,.F.);
#3044=ORIENTED_EDGE('',*,*,#3682,.F.);
#3045=ORIENTED_EDGE('',*,*,#4257,.T.);
#3046=ORIENTED_EDGE('',*,*,#4236,.F.);
#3047=ORIENTED_EDGE('',*,*,#4234,.F.);
#3048=ORIENTED_EDGE('',*,*,#4257,.F.);
#3049=ORIENTED_EDGE('',*,*,#3681,.F.);
#3050=ORIENTED_EDGE('',*,*,#4258,.T.);
#3051=ORIENTED_EDGE('',*,*,#4243,.F.);
#3052=ORIENTED_EDGE('',*,*,#4242,.F.);
#3053=ORIENTED_EDGE('',*,*,#4240,.F.);
#3054=ORIENTED_EDGE('',*,*,#4258,.F.);
#3055=ORIENTED_EDGE('',*,*,#3680,.F.);
#3056=ORIENTED_EDGE('',*,*,#4259,.F.);
#3057=ORIENTED_EDGE('',*,*,#4245,.F.);
#3058=ORIENTED_EDGE('',*,*,#4237,.F.);
#3059=ORIENTED_EDGE('',*,*,#3679,.F.);
#3060=ORIENTED_EDGE('',*,*,#4260,.F.);
#3061=ORIENTED_EDGE('',*,*,#4246,.T.);
#3062=ORIENTED_EDGE('',*,*,#4259,.T.);
#3063=ORIENTED_EDGE('',*,*,#4260,.T.);
#3064=ORIENTED_EDGE('',*,*,#3678,.T.);
#3065=ORIENTED_EDGE('',*,*,#4261,.F.);
#3066=ORIENTED_EDGE('',*,*,#4247,.T.);
#3067=ORIENTED_EDGE('',*,*,#4244,.T.);
#3068=ORIENTED_EDGE('',*,*,#4261,.T.);
#3069=ORIENTED_EDGE('',*,*,#3677,.T.);
#3070=ORIENTED_EDGE('',*,*,#3672,.F.);
#3071=ORIENTED_EDGE('',*,*,#4248,.T.);
#3072=ORIENTED_EDGE('',*,*,#4262,.T.);
#3073=ORIENTED_EDGE('',*,*,#4211,.T.);
#3074=ORIENTED_EDGE('',*,*,#4263,.F.);
#3075=ORIENTED_EDGE('',*,*,#4264,.F.);
#3076=ORIENTED_EDGE('',*,*,#4265,.T.);
#3077=ORIENTED_EDGE('',*,*,#3567,.T.);
#3078=ORIENTED_EDGE('',*,*,#4266,.T.);
#3079=ORIENTED_EDGE('',*,*,#4267,.T.);
#3080=ORIENTED_EDGE('',*,*,#4268,.F.);
#3081=ORIENTED_EDGE('',*,*,#4269,.F.);
#3082=ORIENTED_EDGE('',*,*,#4270,.F.);
#3083=ORIENTED_EDGE('',*,*,#4271,.F.);
#3084=ORIENTED_EDGE('',*,*,#4272,.F.);
#3085=ORIENTED_EDGE('',*,*,#4273,.T.);
#3086=ORIENTED_EDGE('',*,*,#4274,.T.);
#3087=ORIENTED_EDGE('',*,*,#3568,.T.);
#3088=ORIENTED_EDGE('',*,*,#4265,.F.);
#3089=ORIENTED_EDGE('',*,*,#4275,.F.);
#3090=ORIENTED_EDGE('',*,*,#4276,.T.);
#3091=ORIENTED_EDGE('',*,*,#4207,.T.);
#3092=ORIENTED_EDGE('',*,*,#3570,.T.);
#3093=ORIENTED_EDGE('',*,*,#4277,.T.);
#3094=ORIENTED_EDGE('',*,*,#4278,.T.);
#3095=ORIENTED_EDGE('',*,*,#4279,.F.);
#3096=ORIENTED_EDGE('',*,*,#4280,.T.);
#3097=ORIENTED_EDGE('',*,*,#4281,.F.);
#3098=ORIENTED_EDGE('',*,*,#4282,.T.);
#3099=ORIENTED_EDGE('',*,*,#4214,.T.);
#3100=ORIENTED_EDGE('',*,*,#4283,.F.);
#3101=ORIENTED_EDGE('',*,*,#4284,.F.);
#3102=ORIENTED_EDGE('',*,*,#4283,.T.);
#3103=ORIENTED_EDGE('',*,*,#4213,.T.);
#3104=ORIENTED_EDGE('',*,*,#4285,.F.);
#3105=ORIENTED_EDGE('',*,*,#4286,.F.);
#3106=ORIENTED_EDGE('',*,*,#4287,.T.);
#3107=ORIENTED_EDGE('',*,*,#4209,.T.);
#3108=ORIENTED_EDGE('',*,*,#4288,.F.);
#3109=ORIENTED_EDGE('',*,*,#4289,.F.);
#3110=ORIENTED_EDGE('',*,*,#4288,.T.);
#3111=ORIENTED_EDGE('',*,*,#4208,.T.);
#3112=ORIENTED_EDGE('',*,*,#4276,.F.);
#3113=ORIENTED_EDGE('',*,*,#4290,.F.);
#3114=ORIENTED_EDGE('',*,*,#4266,.F.);
#3115=ORIENTED_EDGE('',*,*,#3566,.T.);
#3116=ORIENTED_EDGE('',*,*,#4291,.T.);
#3117=ORIENTED_EDGE('',*,*,#4292,.T.);
#3118=ORIENTED_EDGE('',*,*,#4291,.F.);
#3119=ORIENTED_EDGE('',*,*,#3565,.T.);
#3120=ORIENTED_EDGE('',*,*,#4293,.F.);
#3121=ORIENTED_EDGE('',*,*,#4294,.T.);
#3122=ORIENTED_EDGE('',*,*,#4277,.F.);
#3123=ORIENTED_EDGE('',*,*,#3569,.T.);
#3124=ORIENTED_EDGE('',*,*,#4274,.F.);
#3125=ORIENTED_EDGE('',*,*,#4295,.T.);
#3126=ORIENTED_EDGE('',*,*,#3564,.T.);
#3127=ORIENTED_EDGE('',*,*,#4215,.T.);
#3128=ORIENTED_EDGE('',*,*,#4282,.F.);
#3129=ORIENTED_EDGE('',*,*,#4296,.F.);
#3130=ORIENTED_EDGE('',*,*,#4297,.F.);
#3131=ORIENTED_EDGE('',*,*,#4298,.F.);
#3132=ORIENTED_EDGE('',*,*,#4299,.T.);
#3133=ORIENTED_EDGE('',*,*,#4293,.T.);
#3134=ORIENTED_EDGE('',*,*,#4285,.T.);
#3135=ORIENTED_EDGE('',*,*,#4212,.T.);
#3136=ORIENTED_EDGE('',*,*,#4262,.F.);
#3137=ORIENTED_EDGE('',*,*,#4300,.F.);
#3138=ORIENTED_EDGE('',*,*,#4263,.T.);
#3139=ORIENTED_EDGE('',*,*,#4210,.T.);
#3140=ORIENTED_EDGE('',*,*,#4287,.F.);
#3141=ORIENTED_EDGE('',*,*,#4301,.F.);
#3142=ORIENTED_EDGE('',*,*,#4271,.T.);
#3143=ORIENTED_EDGE('',*,*,#4302,.T.);
#3144=ORIENTED_EDGE('',*,*,#4303,.T.);
#3145=ORIENTED_EDGE('',*,*,#4304,.F.);
#3146=ORIENTED_EDGE('',*,*,#4305,.T.);
#3147=ORIENTED_EDGE('',*,*,#4306,.T.);
#3148=ORIENTED_EDGE('',*,*,#4307,.T.);
#3149=ORIENTED_EDGE('',*,*,#4308,.T.);
#3150=ORIENTED_EDGE('',*,*,#4269,.T.);
#3151=ORIENTED_EDGE('',*,*,#4309,.F.);
#3152=ORIENTED_EDGE('',*,*,#4310,.T.);
#3153=ORIENTED_EDGE('',*,*,#4311,.T.);
#3154=ORIENTED_EDGE('',*,*,#4303,.F.);
#3155=ORIENTED_EDGE('',*,*,#4312,.T.);
#3156=ORIENTED_EDGE('',*,*,#4307,.F.);
#3157=ORIENTED_EDGE('',*,*,#4313,.F.);
#3158=ORIENTED_EDGE('',*,*,#4268,.T.);
#3159=ORIENTED_EDGE('',*,*,#4314,.T.);
#3160=ORIENTED_EDGE('',*,*,#4315,.F.);
#3161=ORIENTED_EDGE('',*,*,#4309,.T.);
#3162=ORIENTED_EDGE('',*,*,#4316,.F.);
#3163=ORIENTED_EDGE('',*,*,#4317,.T.);
#3164=ORIENTED_EDGE('',*,*,#4272,.T.);
#3165=ORIENTED_EDGE('',*,*,#4306,.F.);
#3166=ORIENTED_EDGE('',*,*,#4318,.T.);
#3167=ORIENTED_EDGE('',*,*,#4296,.T.);
#3168=ORIENTED_EDGE('',*,*,#4284,.T.);
#3169=ORIENTED_EDGE('',*,*,#4286,.T.);
#3170=ORIENTED_EDGE('',*,*,#4300,.T.);
#3171=ORIENTED_EDGE('',*,*,#4264,.T.);
#3172=ORIENTED_EDGE('',*,*,#4301,.T.);
#3173=ORIENTED_EDGE('',*,*,#4289,.T.);
#3174=ORIENTED_EDGE('',*,*,#4290,.T.);
#3175=ORIENTED_EDGE('',*,*,#4281,.T.);
#3176=ORIENTED_EDGE('',*,*,#4304,.T.);
#3177=ORIENTED_EDGE('',*,*,#4313,.T.);
#3178=ORIENTED_EDGE('',*,*,#4311,.F.);
#3179=ORIENTED_EDGE('',*,*,#4319,.T.);
#3180=ORIENTED_EDGE('',*,*,#4297,.T.);
#3181=ORIENTED_EDGE('',*,*,#4318,.F.);
#3182=ORIENTED_EDGE('',*,*,#4280,.F.);
#3183=ORIENTED_EDGE('',*,*,#4320,.F.);
#3184=ORIENTED_EDGE('',*,*,#4279,.T.);
#3185=ORIENTED_EDGE('',*,*,#4321,.T.);
#3186=ORIENTED_EDGE('',*,*,#4316,.T.);
#3187=ORIENTED_EDGE('',*,*,#4305,.F.);
#3188=ORIENTED_EDGE('',*,*,#4319,.F.);
#3189=ORIENTED_EDGE('',*,*,#4310,.F.);
#3190=ORIENTED_EDGE('',*,*,#4315,.T.);
#3191=ORIENTED_EDGE('',*,*,#4322,.T.);
#3192=ORIENTED_EDGE('',*,*,#4298,.T.);
#3193=ORIENTED_EDGE('',*,*,#4320,.T.);
#3194=ORIENTED_EDGE('',*,*,#4270,.T.);
#3195=ORIENTED_EDGE('',*,*,#4308,.F.);
#3196=ORIENTED_EDGE('',*,*,#4312,.F.);
#3197=ORIENTED_EDGE('',*,*,#4302,.F.);
#3198=ORIENTED_EDGE('',*,*,#4321,.F.);
#3199=ORIENTED_EDGE('',*,*,#4278,.F.);
#3200=ORIENTED_EDGE('',*,*,#4295,.F.);
#3201=ORIENTED_EDGE('',*,*,#4275,.T.);
#3202=ORIENTED_EDGE('',*,*,#4273,.F.);
#3203=ORIENTED_EDGE('',*,*,#4317,.F.);
#3204=ORIENTED_EDGE('',*,*,#4322,.F.);
#3205=ORIENTED_EDGE('',*,*,#4314,.F.);
#3206=ORIENTED_EDGE('',*,*,#4267,.F.);
#3207=ORIENTED_EDGE('',*,*,#4292,.F.);
#3208=ORIENTED_EDGE('',*,*,#4294,.F.);
#3209=ORIENTED_EDGE('',*,*,#4299,.F.);
#3210=ORIENTED_EDGE('',*,*,#4323,.T.);
#3211=ORIENTED_EDGE('',*,*,#3651,.T.);
#3212=ORIENTED_EDGE('',*,*,#4206,.T.);
#3213=ORIENTED_EDGE('',*,*,#3653,.T.);
#3214=ORIENTED_EDGE('',*,*,#4323,.F.);
#3215=ORIENTED_EDGE('',*,*,#3652,.T.);
#3216=ORIENTED_EDGE('',*,*,#3665,.F.);
#3217=ORIENTED_EDGE('',*,*,#4324,.F.);
#3218=ORIENTED_EDGE('',*,*,#4324,.T.);
#3219=ORIENTED_EDGE('',*,*,#3477,.T.);
#3220=ORIENTED_EDGE('',*,*,#4325,.T.);
#3221=ORIENTED_EDGE('',*,*,#4326,.T.);
#3222=ORIENTED_EDGE('',*,*,#4327,.T.);
#3223=ORIENTED_EDGE('',*,*,#4328,.T.);
#3224=ORIENTED_EDGE('',*,*,#4329,.T.);
#3225=ORIENTED_EDGE('',*,*,#3637,.F.);
#3226=ORIENTED_EDGE('',*,*,#4094,.F.);
#3227=ORIENTED_EDGE('',*,*,#3643,.F.);
#3228=ORIENTED_EDGE('',*,*,#4093,.F.);
#3229=ORIENTED_EDGE('',*,*,#3631,.F.);
#3230=ORIENTED_EDGE('',*,*,#4330,.T.);
#3231=ORIENTED_EDGE('',*,*,#3535,.T.);
#3232=ORIENTED_EDGE('',*,*,#4331,.T.);
#3233=ORIENTED_EDGE('',*,*,#4332,.T.);
#3234=ORIENTED_EDGE('',*,*,#4327,.F.);
#3235=ORIENTED_EDGE('',*,*,#4333,.T.);
#3236=ORIENTED_EDGE('',*,*,#4220,.F.);
#3237=ORIENTED_EDGE('',*,*,#4219,.T.);
#3238=ORIENTED_EDGE('',*,*,#4334,.F.);
#3239=ORIENTED_EDGE('',*,*,#4328,.F.);
#3240=ORIENTED_EDGE('',*,*,#4332,.F.);
#3241=ORIENTED_EDGE('',*,*,#4221,.T.);
#3242=ORIENTED_EDGE('',*,*,#4333,.F.);
#3243=ORIENTED_EDGE('',*,*,#4326,.F.);
#3244=ORIENTED_EDGE('',*,*,#4335,.F.);
#3245=ORIENTED_EDGE('',*,*,#3553,.F.);
#3246=ORIENTED_EDGE('',*,*,#3536,.F.);
#3247=ORIENTED_EDGE('',*,*,#4330,.F.);
#3248=ORIENTED_EDGE('',*,*,#3630,.F.);
#3249=ORIENTED_EDGE('',*,*,#3638,.F.);
#3250=ORIENTED_EDGE('',*,*,#4331,.F.);
#3251=ORIENTED_EDGE('',*,*,#3534,.T.);
#3252=ORIENTED_EDGE('',*,*,#3560,.F.);
#3253=ORIENTED_EDGE('',*,*,#3476,.T.);
#3254=ORIENTED_EDGE('',*,*,#4336,.T.);
#3255=ORIENTED_EDGE('',*,*,#4216,.F.);
#3256=ORIENTED_EDGE('',*,*,#4335,.T.);
#3257=ORIENTED_EDGE('',*,*,#4325,.F.);
#3258=ORIENTED_EDGE('',*,*,#4218,.F.);
#3259=ORIENTED_EDGE('',*,*,#4337,.T.);
#3260=ORIENTED_EDGE('',*,*,#3474,.F.);
#3261=ORIENTED_EDGE('',*,*,#4329,.F.);
#3262=ORIENTED_EDGE('',*,*,#4334,.T.);
#3263=ORIENTED_EDGE('',*,*,#4338,.T.);
#3264=ORIENTED_EDGE('',*,*,#4204,.T.);
#3265=ORIENTED_EDGE('',*,*,#4339,.T.);
#3266=ORIENTED_EDGE('',*,*,#3603,.F.);
#3267=ORIENTED_EDGE('',*,*,#3602,.F.);
#3268=ORIENTED_EDGE('',*,*,#3459,.F.);
#3269=ORIENTED_EDGE('',*,*,#4340,.T.);
#3270=ORIENTED_EDGE('',*,*,#4341,.T.);
#3271=ORIENTED_EDGE('',*,*,#4342,.T.);
#3272=ORIENTED_EDGE('',*,*,#4343,.T.);
#3273=ORIENTED_EDGE('',*,*,#4344,.F.);
#3274=ORIENTED_EDGE('',*,*,#3458,.F.);
#3275=ORIENTED_EDGE('',*,*,#3823,.F.);
#3276=ORIENTED_EDGE('',*,*,#3989,.F.);
#3277=ORIENTED_EDGE('',*,*,#4345,.T.);
#3278=ORIENTED_EDGE('',*,*,#4205,.F.);
#3279=ORIENTED_EDGE('',*,*,#4338,.F.);
#3280=ORIENTED_EDGE('',*,*,#4346,.F.);
#3281=ORIENTED_EDGE('',*,*,#3621,.F.);
#3282=ORIENTED_EDGE('',*,*,#4163,.F.);
#3283=ORIENTED_EDGE('',*,*,#4347,.T.);
#3284=ORIENTED_EDGE('',*,*,#3454,.F.);
#3285=ORIENTED_EDGE('',*,*,#4344,.T.);
#3286=ORIENTED_EDGE('',*,*,#4348,.T.);
#3287=ORIENTED_EDGE('',*,*,#3456,.T.);
#3288=ORIENTED_EDGE('',*,*,#4349,.T.);
#3289=ORIENTED_EDGE('',*,*,#4161,.F.);
#3290=ORIENTED_EDGE('',*,*,#4350,.T.);
#3291=ORIENTED_EDGE('',*,*,#4340,.F.);
#3292=ORIENTED_EDGE('',*,*,#3622,.F.);
#3293=ORIENTED_EDGE('',*,*,#4346,.T.);
#3294=ORIENTED_EDGE('',*,*,#4345,.F.);
#3295=ORIENTED_EDGE('',*,*,#4144,.F.);
#3296=ORIENTED_EDGE('',*,*,#4203,.F.);
#3297=ORIENTED_EDGE('',*,*,#3508,.F.);
#3298=ORIENTED_EDGE('',*,*,#3604,.F.);
#3299=ORIENTED_EDGE('',*,*,#3596,.T.);
#3300=ORIENTED_EDGE('',*,*,#4339,.F.);
#3301=ORIENTED_EDGE('',*,*,#4164,.T.);
#3302=ORIENTED_EDGE('',*,*,#4348,.F.);
#3303=ORIENTED_EDGE('',*,*,#4343,.F.);
#3304=ORIENTED_EDGE('',*,*,#4351,.F.);
#3305=ORIENTED_EDGE('',*,*,#4351,.T.);
#3306=ORIENTED_EDGE('',*,*,#4342,.F.);
#3307=ORIENTED_EDGE('',*,*,#4352,.T.);
#3308=ORIENTED_EDGE('',*,*,#4165,.F.);
#3309=ORIENTED_EDGE('',*,*,#4166,.T.);
#3310=ORIENTED_EDGE('',*,*,#4352,.F.);
#3311=ORIENTED_EDGE('',*,*,#4341,.F.);
#3312=ORIENTED_EDGE('',*,*,#4350,.F.);
#3313=ORIENTED_EDGE('',*,*,#3618,.T.);
#3314=ORIENTED_EDGE('',*,*,#4353,.T.);
#3315=ORIENTED_EDGE('',*,*,#4098,.T.);
#3316=ORIENTED_EDGE('',*,*,#4354,.T.);
#3317=ORIENTED_EDGE('',*,*,#3619,.T.);
#3318=ORIENTED_EDGE('',*,*,#4354,.F.);
#3319=ORIENTED_EDGE('',*,*,#4097,.F.);
#3320=ORIENTED_EDGE('',*,*,#4355,.F.);
#3321=ORIENTED_EDGE('',*,*,#3617,.T.);
#3322=ORIENTED_EDGE('',*,*,#4356,.F.);
#3323=ORIENTED_EDGE('',*,*,#4099,.F.);
#3324=ORIENTED_EDGE('',*,*,#4353,.F.);
#3325=ORIENTED_EDGE('',*,*,#3611,.T.);
#3326=ORIENTED_EDGE('',*,*,#3635,.T.);
#3327=ORIENTED_EDGE('',*,*,#4102,.T.);
#3328=ORIENTED_EDGE('',*,*,#3520,.T.);
#3329=ORIENTED_EDGE('',*,*,#3504,.T.);
#3330=ORIENTED_EDGE('',*,*,#3522,.F.);
#3331=ORIENTED_EDGE('',*,*,#4101,.T.);
#3332=ORIENTED_EDGE('',*,*,#3640,.T.);
#3333=ORIENTED_EDGE('',*,*,#3616,.F.);
#3334=ORIENTED_EDGE('',*,*,#4357,.T.);
#3335=ORIENTED_EDGE('',*,*,#3462,.F.);
#3336=ORIENTED_EDGE('',*,*,#4100,.T.);
#3337=ORIENTED_EDGE('',*,*,#4356,.T.);
#3338=ORIENTED_EDGE('',*,*,#3464,.T.);
#3339=ORIENTED_EDGE('',*,*,#4358,.T.);
#3340=ORIENTED_EDGE('',*,*,#3614,.F.);
#3341=ORIENTED_EDGE('',*,*,#4355,.T.);
#3342=ORIENTED_EDGE('',*,*,#4096,.T.);
#3343=ORIENTED_EDGE('',*,*,#4196,.T.);
#3344=ORIENTED_EDGE('',*,*,#4359,.T.);
#3345=ORIENTED_EDGE('',*,*,#4360,.T.);
#3346=ORIENTED_EDGE('',*,*,#4361,.T.);
#3347=ORIENTED_EDGE('',*,*,#4197,.T.);
#3348=ORIENTED_EDGE('',*,*,#4361,.F.);
#3349=ORIENTED_EDGE('',*,*,#4362,.F.);
#3350=ORIENTED_EDGE('',*,*,#4363,.F.);
#3351=ORIENTED_EDGE('',*,*,#4195,.T.);
#3352=ORIENTED_EDGE('',*,*,#4364,.F.);
#3353=ORIENTED_EDGE('',*,*,#4365,.F.);
#3354=ORIENTED_EDGE('',*,*,#4359,.F.);
#3355=ORIENTED_EDGE('',*,*,#3625,.T.);
#3356=ORIENTED_EDGE('',*,*,#3517,.F.);
#3357=ORIENTED_EDGE('',*,*,#4366,.T.);
#3358=ORIENTED_EDGE('',*,*,#3627,.T.);
#3359=ORIENTED_EDGE('',*,*,#3478,.T.);
#3360=ORIENTED_EDGE('',*,*,#3629,.T.);
#3361=ORIENTED_EDGE('',*,*,#4367,.T.);
#3362=ORIENTED_EDGE('',*,*,#3552,.T.);
#3363=ORIENTED_EDGE('',*,*,#4367,.F.);
#3364=ORIENTED_EDGE('',*,*,#3628,.T.);
#3365=ORIENTED_EDGE('',*,*,#4366,.F.);
#3366=ORIENTED_EDGE('',*,*,#3516,.F.);
#3367=ORIENTED_EDGE('',*,*,#3469,.T.);
#3368=ORIENTED_EDGE('',*,*,#4368,.F.);
#3369=ORIENTED_EDGE('',*,*,#4362,.T.);
#3370=ORIENTED_EDGE('',*,*,#4360,.F.);
#3371=ORIENTED_EDGE('',*,*,#4365,.T.);
#3372=ORIENTED_EDGE('',*,*,#4369,.F.);
#3373=ORIENTED_EDGE('',*,*,#4194,.F.);
#3374=ORIENTED_EDGE('',*,*,#4370,.T.);
#3375=ORIENTED_EDGE('',*,*,#3466,.F.);
#3376=ORIENTED_EDGE('',*,*,#4369,.T.);
#3377=ORIENTED_EDGE('',*,*,#4364,.T.);
#3378=ORIENTED_EDGE('',*,*,#3468,.T.);
#3379=ORIENTED_EDGE('',*,*,#4371,.T.);
#3380=ORIENTED_EDGE('',*,*,#4192,.F.);
#3381=ORIENTED_EDGE('',*,*,#4363,.T.);
#3382=ORIENTED_EDGE('',*,*,#4368,.T.);
#3383=ORIENTED_EDGE('',*,*,#3582,.T.);
#3384=ORIENTED_EDGE('',*,*,#3589,.T.);
#3385=ORIENTED_EDGE('',*,*,#3824,.F.);
#3386=ORIENTED_EDGE('',*,*,#3650,.T.);
#3387=ORIENTED_EDGE('',*,*,#4372,.F.);
#3388=ORIENTED_EDGE('',*,*,#4373,.F.);
#3389=ORIENTED_EDGE('',*,*,#4374,.F.);
#3390=ORIENTED_EDGE('',*,*,#3649,.T.);
#3391=ORIENTED_EDGE('',*,*,#4375,.T.);
#3392=ORIENTED_EDGE('',*,*,#4376,.T.);
#3393=ORIENTED_EDGE('',*,*,#4372,.T.);
#3394=ORIENTED_EDGE('',*,*,#3648,.T.);
#3395=ORIENTED_EDGE('',*,*,#4377,.F.);
#3396=ORIENTED_EDGE('',*,*,#4378,.F.);
#3397=ORIENTED_EDGE('',*,*,#4375,.F.);
#3398=ORIENTED_EDGE('',*,*,#3556,.T.);
#3399=ORIENTED_EDGE('',*,*,#4202,.T.);
#3400=ORIENTED_EDGE('',*,*,#4379,.T.);
#3401=ORIENTED_EDGE('',*,*,#3576,.T.);
#3402=ORIENTED_EDGE('',*,*,#3562,.T.);
#3403=ORIENTED_EDGE('',*,*,#3579,.T.);
#3404=ORIENTED_EDGE('',*,*,#4380,.T.);
#3405=ORIENTED_EDGE('',*,*,#4200,.F.);
#3406=ORIENTED_EDGE('',*,*,#3472,.T.);
#3407=ORIENTED_EDGE('',*,*,#4381,.T.);
#3408=ORIENTED_EDGE('',*,*,#3645,.F.);
#3409=ORIENTED_EDGE('',*,*,#4374,.T.);
#3410=ORIENTED_EDGE('',*,*,#4382,.T.);
#3411=ORIENTED_EDGE('',*,*,#3647,.F.);
#3412=ORIENTED_EDGE('',*,*,#4383,.T.);
#3413=ORIENTED_EDGE('',*,*,#3470,.F.);
#3414=ORIENTED_EDGE('',*,*,#4384,.T.);
#3415=ORIENTED_EDGE('',*,*,#4377,.T.);
#3416=ORIENTED_EDGE('',*,*,#4106,.F.);
#3417=ORIENTED_EDGE('',*,*,#4105,.F.);
#3418=ORIENTED_EDGE('',*,*,#4108,.F.);
#3419=ORIENTED_EDGE('',*,*,#4379,.F.);
#3420=ORIENTED_EDGE('',*,*,#4201,.F.);
#3421=ORIENTED_EDGE('',*,*,#4380,.F.);
#3422=ORIENTED_EDGE('',*,*,#3473,.T.);
#3423=ORIENTED_EDGE('',*,*,#4382,.F.);
#3424=ORIENTED_EDGE('',*,*,#4373,.T.);
#3425=ORIENTED_EDGE('',*,*,#4376,.F.);
#3426=ORIENTED_EDGE('',*,*,#4378,.T.);
#3427=ORIENTED_EDGE('',*,*,#4384,.F.);
#3428=ORIENTED_EDGE('',*,*,#4337,.F.);
#3429=ORIENTED_EDGE('',*,*,#4217,.F.);
#3430=ORIENTED_EDGE('',*,*,#4336,.F.);
#3431=ORIENTED_EDGE('',*,*,#3475,.F.);
#3432=ORIENTED_EDGE('',*,*,#4383,.F.);
#3433=ORIENTED_EDGE('',*,*,#3646,.F.);
#3434=ORIENTED_EDGE('',*,*,#4381,.F.);
#3435=ORIENTED_EDGE('',*,*,#3471,.F.);
#3436=ORIENTED_EDGE('',*,*,#4370,.F.);
#3437=ORIENTED_EDGE('',*,*,#4193,.F.);
#3438=ORIENTED_EDGE('',*,*,#4371,.F.);
#3439=ORIENTED_EDGE('',*,*,#3467,.F.);
#3440=ORIENTED_EDGE('',*,*,#4357,.F.);
#3441=ORIENTED_EDGE('',*,*,#3615,.F.);
#3442=ORIENTED_EDGE('',*,*,#4358,.F.);
#3443=ORIENTED_EDGE('',*,*,#3463,.F.);
#3444=ORIENTED_EDGE('',*,*,#4347,.F.);
#3445=ORIENTED_EDGE('',*,*,#4162,.F.);
#3446=ORIENTED_EDGE('',*,*,#4349,.F.);
#3447=ORIENTED_EDGE('',*,*,#3455,.F.);
#3448=EDGE_CURVE('',#4385,#4385,#4996,.F.);
#3449=EDGE_CURVE('',#4386,#4386,#1391,.T.);
#3450=EDGE_CURVE('',#4387,#4387,#1392,.F.);
#3451=EDGE_CURVE('',#4388,#4389,#1237,.T.);
#3452=EDGE_CURVE('',#4388,#4390,#79,.F.);
#3453=EDGE_CURVE('',#4389,#4390,#80,.T.);
#3454=EDGE_CURVE('',#4391,#4392,#81,.T.);
#3455=EDGE_CURVE('',#4392,#4393,#82,.F.);
#3456=EDGE_CURVE('',#4394,#4393,#83,.F.);
#3457=EDGE_CURVE('',#4391,#4394,#1238,.T.);
#3458=EDGE_CURVE('',#4395,#4391,#1239,.T.);
#3459=EDGE_CURVE('',#4394,#4388,#1240,.T.);
#3460=EDGE_CURVE('',#4396,#4389,#1241,.T.);
#3461=EDGE_CURVE('',#4395,#4396,#1242,.T.);
#3462=EDGE_CURVE('',#4397,#4398,#84,.F.);
#3463=EDGE_CURVE('',#4398,#4399,#85,.F.);
#3464=EDGE_CURVE('',#4400,#4399,#86,.T.);
#3465=EDGE_CURVE('',#4397,#4400,#87,.T.);
#3466=EDGE_CURVE('',#4401,#4402,#88,.T.);
#3467=EDGE_CURVE('',#4402,#4403,#1393,.T.);
#3468=EDGE_CURVE('',#4404,#4403,#89,.F.);
#3469=EDGE_CURVE('',#4401,#4404,#1243,.T.);
#3470=EDGE_CURVE('',#4405,#4406,#90,.F.);
#3471=EDGE_CURVE('',#4406,#4407,#91,.F.);
#3472=EDGE_CURVE('',#4408,#4407,#92,.T.);
#3473=EDGE_CURVE('',#4405,#4408,#1244,.T.);
#3474=EDGE_CURVE('',#4409,#4410,#93,.T.);
#3475=EDGE_CURVE('',#4410,#4411,#94,.F.);
#3476=EDGE_CURVE('',#4412,#4411,#95,.F.);
#3477=EDGE_CURVE('',#4409,#4412,#1245,.T.);
#3478=EDGE_CURVE('',#4413,#4414,#4997,.T.);
#3479=EDGE_CURVE('',#4413,#4415,#4998,.T.);
#3480=EDGE_CURVE('',#4415,#4416,#4999,.T.);
#3481=EDGE_CURVE('',#4417,#4416,#5000,.T.);
#3482=EDGE_CURVE('',#4417,#4418,#5001,.T.);
#3483=EDGE_CURVE('',#4418,#4419,#5002,.T.);
#3484=EDGE_CURVE('',#4419,#4420,#5003,.T.);
#3485=EDGE_CURVE('',#4421,#4420,#5004,.T.);
#3486=EDGE_CURVE('',#4421,#4422,#5005,.T.);
#3487=EDGE_CURVE('',#4422,#4423,#5006,.T.);
#3488=EDGE_CURVE('',#4423,#4424,#5007,.T.);
#3489=EDGE_CURVE('',#4425,#4424,#5008,.T.);
#3490=EDGE_CURVE('',#4425,#4426,#5009,.T.);
#3491=EDGE_CURVE('',#4426,#4427,#5010,.T.);
#3492=EDGE_CURVE('',#4427,#4428,#5011,.T.);
#3493=EDGE_CURVE('',#4429,#4428,#5012,.T.);
#3494=EDGE_CURVE('',#4429,#4430,#5013,.T.);
#3495=EDGE_CURVE('',#4430,#4431,#5014,.T.);
#3496=EDGE_CURVE('',#4431,#4432,#5015,.T.);
#3497=EDGE_CURVE('',#4433,#4432,#5016,.T.);
#3498=EDGE_CURVE('',#4433,#4434,#5017,.T.);
#3499=EDGE_CURVE('',#4434,#4435,#5018,.T.);
#3500=EDGE_CURVE('',#4435,#4436,#5019,.T.);
#3501=EDGE_CURVE('',#4436,#4437,#96,.F.);
#3502=EDGE_CURVE('',#4414,#4437,#5020,.F.);
#3503=EDGE_CURVE('',#4438,#4439,#97,.F.);
#3504=EDGE_CURVE('',#4440,#4439,#98,.T.);
#3505=EDGE_CURVE('',#4441,#4440,#99,.F.);
#3506=EDGE_CURVE('',#4442,#4441,#5021,.F.);
#3507=EDGE_CURVE('',#4443,#4442,#100,.F.);
#3508=EDGE_CURVE('',#4443,#4444,#101,.T.);
#3509=EDGE_CURVE('',#4444,#4445,#102,.F.);
#3510=EDGE_CURVE('',#4445,#4446,#5022,.F.);
#3511=EDGE_CURVE('',#4446,#4447,#103,.F.);
#3512=EDGE_CURVE('',#4448,#4447,#104,.T.);
#3513=EDGE_CURVE('',#4449,#4448,#105,.F.);
#3514=EDGE_CURVE('',#4438,#4449,#106,.T.);
#3515=EDGE_CURVE('',#4450,#4450,#1394,.T.);
#3516=EDGE_CURVE('',#4451,#4452,#1246,.T.);
#3517=EDGE_CURVE('',#4452,#4453,#107,.T.);
#3518=EDGE_CURVE('',#4454,#4453,#5023,.T.);
#3519=EDGE_CURVE('',#4455,#4454,#108,.F.);
#3520=EDGE_CURVE('',#4456,#4455,#109,.T.);
#3521=EDGE_CURVE('',#4456,#4457,#110,.F.);
#3522=EDGE_CURVE('',#4457,#4439,#111,.T.);
#3523=EDGE_CURVE('',#4438,#4458,#112,.F.);
#3524=EDGE_CURVE('',#4458,#4459,#113,.F.);
#3525=EDGE_CURVE('',#4459,#4460,#114,.F.);
#3526=EDGE_CURVE('',#4460,#4461,#115,.F.);
#3527=EDGE_CURVE('',#4461,#4462,#116,.F.);
#3528=EDGE_CURVE('',#4462,#4463,#117,.F.);
#3529=EDGE_CURVE('',#4463,#4447,#118,.F.);
#3530=EDGE_CURVE('',#4464,#4446,#119,.F.);
#3531=EDGE_CURVE('',#4464,#4465,#5024,.T.);
#3532=EDGE_CURVE('',#4466,#4465,#120,.F.);
#3533=EDGE_CURVE('',#4467,#4466,#121,.F.);
#3534=EDGE_CURVE('',#4468,#4467,#122,.T.);
#3535=EDGE_CURVE('',#4469,#4468,#1247,.T.);
#3536=EDGE_CURVE('',#4469,#4470,#123,.T.);
#3537=EDGE_CURVE('',#4436,#4470,#124,.F.);
#3538=EDGE_CURVE('',#4471,#4435,#125,.T.);
#3539=EDGE_CURVE('',#4471,#4472,#126,.T.);
#3540=EDGE_CURVE('',#4472,#4473,#127,.T.);
#3541=EDGE_CURVE('',#4473,#4474,#128,.T.);
#3542=EDGE_CURVE('',#4474,#4475,#129,.T.);
#3543=EDGE_CURVE('',#4475,#4476,#130,.T.);
#3544=EDGE_CURVE('',#4476,#4477,#131,.T.);
#3545=EDGE_CURVE('',#4478,#4477,#132,.T.);
#3546=EDGE_CURVE('',#4478,#4479,#5025,.F.);
#3547=EDGE_CURVE('',#4479,#4480,#133,.T.);
#3548=EDGE_CURVE('',#4480,#4481,#5026,.F.);
#3549=EDGE_CURVE('',#4482,#4481,#134,.T.);
#3550=EDGE_CURVE('',#4482,#4483,#5027,.F.);
#3551=EDGE_CURVE('',#4415,#4483,#135,.T.);
#3552=EDGE_CURVE('',#4451,#4413,#136,.T.);
#3553=EDGE_CURVE('',#4470,#4484,#137,.T.);
#3554=EDGE_CURVE('',#4437,#4484,#138,.F.);
#3555=EDGE_CURVE('',#4485,#4486,#139,.F.);
#3556=EDGE_CURVE('',#4487,#4486,#140,.T.);
#3557=EDGE_CURVE('',#4488,#4487,#141,.F.);
#3558=EDGE_CURVE('',#4489,#4488,#5028,.F.);
#3559=EDGE_CURVE('',#4490,#4489,#142,.F.);
#3560=EDGE_CURVE('',#4490,#4467,#143,.T.);
#3561=EDGE_CURVE('',#4466,#4485,#5029,.F.);
#3562=EDGE_CURVE('',#4491,#4492,#144,.T.);
#3563=EDGE_CURVE('',#4491,#4493,#145,.F.);
#3564=EDGE_CURVE('',#4494,#4493,#146,.T.);
#3565=EDGE_CURVE('',#4495,#4494,#147,.F.);
#3566=EDGE_CURVE('',#4496,#4495,#148,.T.);
#3567=EDGE_CURVE('',#4497,#4496,#149,.F.);
#3568=EDGE_CURVE('',#4498,#4497,#150,.T.);
#3569=EDGE_CURVE('',#4499,#4498,#151,.F.);
#3570=EDGE_CURVE('',#4500,#4499,#152,.T.);
#3571=EDGE_CURVE('',#4500,#4501,#153,.F.);
#3572=EDGE_CURVE('',#4501,#4502,#154,.T.);
#3573=EDGE_CURVE('',#4503,#4502,#155,.F.);
#3574=EDGE_CURVE('',#4504,#4503,#5030,.T.);
#3575=EDGE_CURVE('',#4492,#4504,#156,.F.);
#3576=EDGE_CURVE('',#4505,#4487,#157,.T.);
#3577=EDGE_CURVE('',#4506,#4505,#1248,.F.);
#3578=EDGE_CURVE('',#4506,#4488,#158,.F.);
#3579=EDGE_CURVE('',#4492,#4507,#159,.T.);
#3580=EDGE_CURVE('',#4508,#4504,#160,.F.);
#3581=EDGE_CURVE('',#4507,#4508,#1249,.F.);
#3582=EDGE_CURVE('',#4509,#4510,#1250,.T.);
#3583=EDGE_CURVE('',#4511,#4509,#1251,.T.);
#3584=EDGE_CURVE('',#4512,#4511,#1252,.T.);
#3585=EDGE_CURVE('',#4512,#4513,#1395,.T.);
#3586=EDGE_CURVE('',#4514,#4513,#1253,.T.);
#3587=EDGE_CURVE('',#4515,#4514,#1396,.T.);
#3588=EDGE_CURVE('',#4516,#4515,#1254,.T.);
#3589=EDGE_CURVE('',#4510,#4516,#1255,.T.);
#3590=EDGE_CURVE('',#4517,#4518,#1256,.T.);
#3591=EDGE_CURVE('',#4519,#4517,#161,.F.);
#3592=EDGE_CURVE('',#4519,#4520,#1397,.T.);
#3593=EDGE_CURVE('',#4521,#4520,#162,.F.);
#3594=EDGE_CURVE('',#4522,#4521,#1398,.T.);
#3595=EDGE_CURVE('',#4518,#4522,#163,.F.);
#3596=EDGE_CURVE('',#4523,#4524,#164,.F.);
#3597=EDGE_CURVE('',#4523,#4525,#165,.F.);
#3598=EDGE_CURVE('',#4519,#4525,#166,.F.);
#3599=EDGE_CURVE('',#4522,#4512,#5031,.T.);
#3600=EDGE_CURVE('',#4512,#4396,#167,.F.);
#3601=EDGE_CURVE('',#4396,#4390,#168,.F.);
#3602=EDGE_CURVE('',#4388,#4526,#1257,.F.);
#3603=EDGE_CURVE('',#4526,#4524,#1258,.F.);
#3604=EDGE_CURVE('',#4523,#4443,#169,.T.);
#3605=EDGE_CURVE('',#4442,#4525,#170,.F.);
#3606=EDGE_CURVE('',#4527,#4528,#171,.F.);
#3607=EDGE_CURVE('',#4529,#4528,#1259,.T.);
#3608=EDGE_CURVE('',#4529,#4530,#172,.F.);
#3609=EDGE_CURVE('',#4530,#4531,#5032,.F.);
#3610=EDGE_CURVE('',#4531,#4527,#173,.F.);
#3611=EDGE_CURVE('',#4455,#4532,#174,.T.);
#3612=EDGE_CURVE('',#4454,#4533,#175,.F.);
#3613=EDGE_CURVE('',#4532,#4533,#176,.F.);
#3614=EDGE_CURVE('',#4534,#4535,#177,.F.);
#3615=EDGE_CURVE('',#4535,#4536,#178,.T.);
#3616=EDGE_CURVE('',#4536,#4537,#179,.F.);
#3617=EDGE_CURVE('',#4538,#4537,#5033,.T.);
#3618=EDGE_CURVE('',#4539,#4538,#180,.T.);
#3619=EDGE_CURVE('',#4534,#4539,#5034,.T.);
#3620=EDGE_CURVE('',#4540,#4541,#181,.F.);
#3621=EDGE_CURVE('',#4541,#4542,#5035,.T.);
#3622=EDGE_CURVE('',#4542,#4543,#182,.T.);
#3623=EDGE_CURVE('',#4544,#4543,#183,.F.);
#3624=EDGE_CURVE('',#4544,#4540,#184,.T.);
#3625=EDGE_CURVE('',#4545,#4453,#185,.T.);
#3626=EDGE_CURVE('',#4533,#4545,#5036,.F.);
#3627=EDGE_CURVE('',#4546,#4545,#186,.T.);
#3628=EDGE_CURVE('',#4547,#4546,#1260,.F.);
#3629=EDGE_CURVE('',#4414,#4547,#187,.T.);
#3630=EDGE_CURVE('',#4484,#4548,#188,.T.);
#3631=EDGE_CURVE('',#4548,#4549,#1261,.T.);
#3632=EDGE_CURVE('',#4550,#4549,#1262,.F.);
#3633=EDGE_CURVE('',#4551,#4550,#1263,.F.);
#3634=EDGE_CURVE('',#4551,#4552,#189,.T.);
#3635=EDGE_CURVE('',#4532,#4552,#190,.T.);
#3636=EDGE_CURVE('',#4553,#4554,#1264,.F.);
#3637=EDGE_CURVE('',#4553,#4555,#1265,.F.);
#3638=EDGE_CURVE('',#4555,#4490,#191,.T.);
#3639=EDGE_CURVE('',#4554,#4489,#192,.F.);
#3640=EDGE_CURVE('',#4556,#4440,#193,.T.);
#3641=EDGE_CURVE('',#4556,#4528,#194,.F.);
#3642=EDGE_CURVE('',#4441,#4527,#195,.F.);
#3643=EDGE_CURVE('',#4557,#4558,#1266,.T.);
#3644=EDGE_CURVE('',#4557,#4558,#1267,.F.);
#3645=EDGE_CURVE('',#4559,#4560,#196,.F.);
#3646=EDGE_CURVE('',#4560,#4561,#197,.T.);
#3647=EDGE_CURVE('',#4561,#4562,#198,.F.);
#3648=EDGE_CURVE('',#4563,#4562,#5037,.T.);
#3649=EDGE_CURVE('',#4564,#4563,#199,.T.);
#3650=EDGE_CURVE('',#4559,#4564,#5038,.T.);
#3651=EDGE_CURVE('',#4565,#4566,#200,.F.);
#3652=EDGE_CURVE('',#4567,#4565,#201,.T.);
#3653=EDGE_CURVE('',#4568,#4567,#202,.T.);
#3654=EDGE_CURVE('',#4540,#4568,#203,.T.);
#3655=EDGE_CURVE('',#4569,#4544,#204,.T.);
#3656=EDGE_CURVE('',#4569,#4570,#1399,.F.);
#3657=EDGE_CURVE('',#4571,#4570,#205,.F.);
#3658=EDGE_CURVE('',#4571,#4572,#5039,.F.);
#3659=EDGE_CURVE('',#4572,#4573,#206,.T.);
#3660=EDGE_CURVE('',#4573,#4574,#5040,.F.);
#3661=EDGE_CURVE('',#4574,#4575,#207,.T.);
#3662=EDGE_CURVE('',#4575,#4576,#1400,.F.);
#3663=EDGE_CURVE('',#4502,#4576,#208,.F.);
#3664=EDGE_CURVE('',#4566,#4501,#209,.T.);
#3665=EDGE_CURVE('',#4577,#4577,#5041,.F.);
#3666=EDGE_CURVE('',#4578,#4579,#5042,.T.);
#3667=EDGE_CURVE('',#4579,#4580,#210,.T.);
#3668=EDGE_CURVE('',#4580,#4581,#211,.T.);
#3669=EDGE_CURVE('',#4581,#4582,#212,.T.);
#3670=EDGE_CURVE('',#4582,#4583,#5043,.T.);
#3671=EDGE_CURVE('',#4583,#4584,#213,.T.);
#3672=EDGE_CURVE('',#4584,#4585,#214,.T.);
#3673=EDGE_CURVE('',#4585,#4578,#215,.T.);
#3674=EDGE_CURVE('',#4579,#4586,#216,.F.);
#3675=EDGE_CURVE('',#4578,#4587,#217,.F.);
#3676=EDGE_CURVE('',#4587,#4586,#1401,.F.);
#3677=EDGE_CURVE('',#4588,#4585,#5044,.T.);
#3678=EDGE_CURVE('',#4589,#4588,#218,.T.);
#3679=EDGE_CURVE('',#4589,#4590,#219,.T.);
#3680=EDGE_CURVE('',#4590,#4591,#220,.T.);
#3681=EDGE_CURVE('',#4591,#4592,#5045,.T.);
#3682=EDGE_CURVE('',#4592,#4593,#221,.T.);
#3683=EDGE_CURVE('',#4593,#4594,#5046,.F.);
#3684=EDGE_CURVE('',#4594,#4587,#222,.T.);
#3685=EDGE_CURVE('',#4595,#4595,#5047,.T.);
#3686=EDGE_CURVE('',#4596,#4596,#1402,.F.);
#3687=EDGE_CURVE('',#4597,#4597,#1403,.F.);
#3688=EDGE_CURVE('',#4598,#4599,#1404,.T.);
#3689=EDGE_CURVE('',#4600,#4598,#223,.T.);
#3690=EDGE_CURVE('',#4600,#4601,#1405,.T.);
#3691=EDGE_CURVE('',#4599,#4601,#224,.T.);
#3692=EDGE_CURVE('',#4602,#4603,#1406,.T.);
#3693=EDGE_CURVE('',#4598,#4602,#225,.T.);
#3694=EDGE_CURVE('',#4599,#4603,#226,.T.);
#3695=EDGE_CURVE('',#4603,#4604,#227,.T.);
#3696=EDGE_CURVE('',#4604,#4605,#1407,.F.);
#3697=EDGE_CURVE('',#4605,#4602,#228,.T.);
#3698=EDGE_CURVE('',#4606,#4607,#1408,.T.);
#3699=EDGE_CURVE('',#4607,#4608,#229,.T.);
#3700=EDGE_CURVE('',#4608,#4609,#1409,.T.);
#3701=EDGE_CURVE('',#4609,#4606,#230,.T.);
#3702=EDGE_CURVE('',#4610,#4611,#1410,.F.);
#3703=EDGE_CURVE('',#4611,#4607,#231,.F.);
#3704=EDGE_CURVE('',#4606,#4610,#232,.T.);
#3705=EDGE_CURVE('',#4612,#4610,#233,.T.);
#3706=EDGE_CURVE('',#4612,#4613,#1411,.F.);
#3707=EDGE_CURVE('',#4611,#4613,#234,.T.);
#3708=EDGE_CURVE('',#4614,#4614,#1412,.F.);
#3709=EDGE_CURVE('',#4615,#4615,#1413,.F.);
#3710=EDGE_CURVE('',#4616,#4601,#235,.T.);
#3711=EDGE_CURVE('',#4617,#4600,#236,.T.);
#3712=EDGE_CURVE('',#4616,#4617,#5048,.T.);
#3713=EDGE_CURVE('',#4605,#4618,#237,.T.);
#3714=EDGE_CURVE('',#4619,#4618,#238,.T.);
#3715=EDGE_CURVE('',#4620,#4619,#239,.T.);
#3716=EDGE_CURVE('',#4617,#4620,#240,.T.);
#3717=EDGE_CURVE('',#4621,#4619,#241,.T.);
#3718=EDGE_CURVE('',#4622,#4621,#242,.T.);
#3719=EDGE_CURVE('',#4620,#4622,#243,.T.);
#3720=EDGE_CURVE('',#4623,#4624,#244,.T.);
#3721=EDGE_CURVE('',#4625,#4623,#245,.T.);
#3722=EDGE_CURVE('',#4626,#4625,#246,.T.);
#3723=EDGE_CURVE('',#4626,#4624,#247,.T.);
#3724=EDGE_CURVE('',#4627,#4623,#248,.T.);
#3725=EDGE_CURVE('',#4604,#4627,#249,.T.);
#3726=EDGE_CURVE('',#4625,#4616,#250,.T.);
#3727=EDGE_CURVE('',#4627,#4618,#1414,.F.);
#3728=EDGE_CURVE('',#4628,#4629,#251,.T.);
#3729=EDGE_CURVE('',#4628,#4630,#252,.T.);
#3730=EDGE_CURVE('',#4631,#4630,#253,.T.);
#3731=EDGE_CURVE('',#4631,#4629,#254,.F.);
#3732=EDGE_CURVE('',#4632,#4628,#1415,.T.);
#3733=EDGE_CURVE('',#4633,#4632,#255,.F.);
#3734=EDGE_CURVE('',#4630,#4633,#1416,.T.);
#3735=EDGE_CURVE('',#4613,#4634,#256,.T.);
#3736=EDGE_CURVE('',#4633,#4634,#257,.T.);
#3737=EDGE_CURVE('',#4635,#4632,#258,.T.);
#3738=EDGE_CURVE('',#4635,#4608,#259,.T.);
#3739=EDGE_CURVE('',#4636,#4635,#1417,.T.);
#3740=EDGE_CURVE('',#4609,#4636,#260,.F.);
#3741=EDGE_CURVE('',#4637,#4638,#261,.T.);
#3742=EDGE_CURVE('',#4612,#4637,#262,.T.);
#3743=EDGE_CURVE('',#4639,#4636,#263,.T.);
#3744=EDGE_CURVE('',#4639,#4638,#264,.F.);
#3745=EDGE_CURVE('',#4638,#4640,#1418,.T.);
#3746=EDGE_CURVE('',#4641,#4639,#1419,.T.);
#3747=EDGE_CURVE('',#4640,#4641,#265,.T.);
#3748=EDGE_CURVE('',#4640,#4642,#266,.T.);
#3749=EDGE_CURVE('',#4643,#4641,#267,.T.);
#3750=EDGE_CURVE('',#4643,#4642,#268,.T.);
#3751=EDGE_CURVE('',#4644,#4645,#269,.F.);
#3752=EDGE_CURVE('',#4645,#4637,#1420,.T.);
#3753=EDGE_CURVE('',#4642,#4646,#1421,.T.);
#3754=EDGE_CURVE('',#4646,#4644,#270,.T.);
#3755=EDGE_CURVE('',#4634,#4647,#1422,.T.);
#3756=EDGE_CURVE('',#4647,#4645,#1423,.T.);
#3757=EDGE_CURVE('',#4648,#4649,#1424,.T.);
#3758=EDGE_CURVE('',#4520,#4649,#1268,.T.);
#3759=EDGE_CURVE('',#4648,#4519,#1269,.T.);
#3760=EDGE_CURVE('',#4531,#4650,#1425,.T.);
#3761=EDGE_CURVE('',#4649,#4650,#1270,.T.);
#3762=EDGE_CURVE('',#4531,#4648,#1271,.T.);
#3763=EDGE_CURVE('',#4651,#4652,#271,.F.);
#3764=EDGE_CURVE('',#4652,#4653,#1272,.T.);
#3765=EDGE_CURVE('',#4653,#4654,#5049,.F.);
#3766=EDGE_CURVE('',#4649,#4654,#272,.F.);
#3767=EDGE_CURVE('',#4650,#4651,#5050,.F.);
#3768=EDGE_CURVE('',#4653,#4655,#1426,.T.);
#3769=EDGE_CURVE('',#4656,#4655,#5051,.F.);
#3770=EDGE_CURVE('',#4654,#4656,#1427,.T.);
#3771=EDGE_CURVE('',#4657,#4656,#273,.F.);
#3772=EDGE_CURVE('',#4658,#4657,#1428,.T.);
#3773=EDGE_CURVE('',#4654,#4658,#274,.F.);
#3774=EDGE_CURVE('',#4659,#4657,#1273,.T.);
#3775=EDGE_CURVE('',#4660,#4659,#1429,.T.);
#3776=EDGE_CURVE('',#4658,#4660,#1274,.T.);
#3777=EDGE_CURVE('',#4513,#4521,#5052,.T.);
#3778=EDGE_CURVE('',#4661,#4662,#1430,.T.);
#3779=EDGE_CURVE('',#4663,#4662,#5053,.T.);
#3780=EDGE_CURVE('',#4664,#4663,#1431,.T.);
#3781=EDGE_CURVE('',#4661,#4664,#5054,.T.);
#3782=EDGE_CURVE('',#4662,#4659,#1275,.T.);
#3783=EDGE_CURVE('',#4660,#4661,#1276,.T.);
#3784=EDGE_CURVE('',#4521,#4660,#275,.F.);
#3785=EDGE_CURVE('',#4665,#4666,#1277,.T.);
#3786=EDGE_CURVE('',#4666,#4667,#1278,.T.);
#3787=EDGE_CURVE('',#4667,#4668,#276,.F.);
#3788=EDGE_CURVE('',#4668,#4669,#1279,.T.);
#3789=EDGE_CURVE('',#4669,#4670,#1280,.T.);
#3790=EDGE_CURVE('',#4665,#4670,#277,.F.);
#3791=EDGE_CURVE('',#4671,#4672,#1281,.T.);
#3792=EDGE_CURVE('',#4672,#4673,#1282,.T.);
#3793=EDGE_CURVE('',#4673,#4674,#278,.F.);
#3794=EDGE_CURVE('',#4674,#4675,#1283,.T.);
#3795=EDGE_CURVE('',#4675,#4668,#1284,.T.);
#3796=EDGE_CURVE('',#4667,#4671,#1285,.T.);
#3797=EDGE_CURVE('',#4676,#4677,#279,.F.);
#3798=EDGE_CURVE('',#4677,#4652,#1286,.T.);
#3799=EDGE_CURVE('',#4651,#4678,#280,.F.);
#3800=EDGE_CURVE('',#4678,#4679,#1287,.T.);
#3801=EDGE_CURVE('',#4679,#4674,#1288,.T.);
#3802=EDGE_CURVE('',#4673,#4680,#1289,.T.);
#3803=EDGE_CURVE('',#4680,#4681,#1290,.T.);
#3804=EDGE_CURVE('',#4681,#4676,#1291,.T.);
#3805=EDGE_CURVE('',#4677,#4682,#1432,.T.);
#3806=EDGE_CURVE('',#4683,#4682,#1292,.T.);
#3807=EDGE_CURVE('',#4652,#4683,#1433,.T.);
#3808=EDGE_CURVE('',#4655,#4683,#1293,.T.);
#3809=EDGE_CURVE('',#4684,#4684,#1434,.F.);
#3810=EDGE_CURVE('',#4685,#4686,#281,.T.);
#3811=EDGE_CURVE('',#4685,#4687,#5055,.F.);
#3812=EDGE_CURVE('',#4687,#4688,#282,.F.);
#3813=EDGE_CURVE('',#4688,#4689,#283,.T.);
#3814=EDGE_CURVE('',#4686,#4689,#284,.F.);
#3815=EDGE_CURVE('',#4688,#4690,#285,.T.);
#3816=EDGE_CURVE('',#4690,#4691,#286,.F.);
#3817=EDGE_CURVE('',#4689,#4691,#287,.T.);
#3818=EDGE_CURVE('',#4690,#4692,#288,.F.);
#3819=EDGE_CURVE('',#4692,#4693,#5056,.F.);
#3820=EDGE_CURVE('',#4693,#4694,#289,.T.);
#3821=EDGE_CURVE('',#4691,#4694,#290,.F.);
#3822=EDGE_CURVE('',#4695,#4696,#291,.F.);
#3823=EDGE_CURVE('',#4696,#4395,#1294,.T.);
#3824=EDGE_CURVE('',#4509,#4516,#1295,.T.);
#3825=EDGE_CURVE('',#4515,#4695,#1296,.T.);
#3826=EDGE_CURVE('',#4697,#4697,#1435,.T.);
#3827=EDGE_CURVE('',#4647,#4698,#292,.F.);
#3828=EDGE_CURVE('',#4698,#4699,#293,.T.);
#3829=EDGE_CURVE('',#4699,#4631,#1436,.T.);
#3830=EDGE_CURVE('',#4700,#4699,#294,.T.);
#3831=EDGE_CURVE('',#4629,#4700,#1437,.T.);
#3832=EDGE_CURVE('',#4701,#4701,#1438,.F.);
#3833=EDGE_CURVE('',#4702,#4703,#5057,.F.);
#3834=EDGE_CURVE('',#4693,#4702,#295,.T.);
#3835=EDGE_CURVE('',#4703,#4692,#296,.F.);
#3836=EDGE_CURVE('',#4702,#4704,#297,.F.);
#3837=EDGE_CURVE('',#4704,#4694,#298,.F.);
#3838=EDGE_CURVE('',#4705,#4621,#299,.T.);
#3839=EDGE_CURVE('',#4706,#4705,#300,.T.);
#3840=EDGE_CURVE('',#4622,#4706,#301,.T.);
#3841=EDGE_CURVE('',#4707,#4708,#302,.F.);
#3842=EDGE_CURVE('',#4709,#4707,#303,.T.);
#3843=EDGE_CURVE('',#4710,#4709,#304,.F.);
#3844=EDGE_CURVE('',#4708,#4710,#305,.F.);
#3845=EDGE_CURVE('',#4711,#4708,#306,.F.);
#3846=EDGE_CURVE('',#4710,#4712,#307,.F.);
#3847=EDGE_CURVE('',#4712,#4711,#308,.F.);
#3848=EDGE_CURVE('',#4713,#4714,#309,.T.);
#3849=EDGE_CURVE('',#4715,#4714,#310,.T.);
#3850=EDGE_CURVE('',#4713,#4715,#311,.T.);
#3851=EDGE_CURVE('',#4716,#4713,#312,.T.);
#3852=EDGE_CURVE('',#4716,#4717,#313,.F.);
#3853=EDGE_CURVE('',#4717,#4714,#314,.T.);
#3854=EDGE_CURVE('',#4718,#4719,#315,.T.);
#3855=EDGE_CURVE('',#4717,#4718,#316,.F.);
#3856=EDGE_CURVE('',#4719,#4716,#317,.F.);
#3857=EDGE_CURVE('',#4720,#4719,#318,.T.);
#3858=EDGE_CURVE('',#4721,#4720,#319,.T.);
#3859=EDGE_CURVE('',#4721,#4718,#320,.T.);
#3860=EDGE_CURVE('',#4706,#4722,#321,.T.);
#3861=EDGE_CURVE('',#4722,#4721,#322,.T.);
#3862=EDGE_CURVE('',#4720,#4723,#323,.T.);
#3863=EDGE_CURVE('',#4723,#4626,#324,.T.);
#3864=EDGE_CURVE('',#4624,#4724,#325,.T.);
#3865=EDGE_CURVE('',#4723,#4724,#326,.T.);
#3866=EDGE_CURVE('',#4724,#4725,#327,.T.);
#3867=EDGE_CURVE('',#4686,#4725,#328,.F.);
#3868=EDGE_CURVE('',#4704,#4705,#329,.T.);
#3869=EDGE_CURVE('',#4726,#4725,#330,.T.);
#3870=EDGE_CURVE('',#4726,#4685,#331,.T.);
#3871=EDGE_CURVE('',#4727,#4726,#5058,.F.);
#3872=EDGE_CURVE('',#4687,#4727,#332,.F.);
#3873=EDGE_CURVE('',#4728,#4729,#1439,.T.);
#3874=EDGE_CURVE('',#4730,#4728,#333,.T.);
#3875=EDGE_CURVE('',#4731,#4730,#334,.T.);
#3876=EDGE_CURVE('',#4731,#4732,#335,.T.);
#3877=EDGE_CURVE('',#4733,#4732,#336,.T.);
#3878=EDGE_CURVE('',#4729,#4733,#337,.T.);
#3879=EDGE_CURVE('',#4734,#4729,#338,.T.);
#3880=EDGE_CURVE('',#4735,#4734,#1440,.T.);
#3881=EDGE_CURVE('',#4735,#4728,#339,.T.);
#3882=EDGE_CURVE('',#4700,#4735,#340,.T.);
#3883=EDGE_CURVE('',#4734,#4736,#341,.T.);
#3884=EDGE_CURVE('',#4736,#4643,#1441,.T.);
#3885=EDGE_CURVE('',#4737,#4736,#342,.F.);
#3886=EDGE_CURVE('',#4646,#4737,#1442,.T.);
#3887=EDGE_CURVE('',#4737,#4738,#343,.T.);
#3888=EDGE_CURVE('',#4739,#4738,#344,.T.);
#3889=EDGE_CURVE('',#4739,#4740,#345,.F.);
#3890=EDGE_CURVE('',#4741,#4740,#346,.T.);
#3891=EDGE_CURVE('',#4741,#4698,#347,.T.);
#3892=EDGE_CURVE('',#4742,#4738,#348,.T.);
#3893=EDGE_CURVE('',#4742,#4743,#349,.F.);
#3894=EDGE_CURVE('',#4739,#4743,#350,.T.);
#3895=EDGE_CURVE('',#4744,#4745,#351,.T.);
#3896=EDGE_CURVE('',#4744,#4746,#352,.T.);
#3897=EDGE_CURVE('',#4747,#4746,#353,.T.);
#3898=EDGE_CURVE('',#4745,#4747,#354,.T.);
#3899=EDGE_CURVE('',#4748,#4749,#355,.T.);
#3900=EDGE_CURVE('',#4748,#4750,#356,.T.);
#3901=EDGE_CURVE('',#4751,#4750,#357,.T.);
#3902=EDGE_CURVE('',#4749,#4751,#358,.T.);
#3903=EDGE_CURVE('',#4752,#4753,#359,.F.);
#3904=EDGE_CURVE('',#4752,#4754,#360,.T.);
#3905=EDGE_CURVE('',#4755,#4754,#361,.F.);
#3906=EDGE_CURVE('',#4753,#4755,#362,.T.);
#3907=EDGE_CURVE('',#4756,#4757,#363,.F.);
#3908=EDGE_CURVE('',#4756,#4758,#364,.T.);
#3909=EDGE_CURVE('',#4759,#4758,#365,.F.);
#3910=EDGE_CURVE('',#4757,#4759,#366,.T.);
#3911=EDGE_CURVE('',#4743,#4760,#5059,.F.);
#3912=EDGE_CURVE('',#4761,#4742,#5060,.T.);
#3913=EDGE_CURVE('',#4760,#4761,#367,.T.);
#3914=EDGE_CURVE('',#4760,#4762,#368,.F.);
#3915=EDGE_CURVE('',#4740,#4762,#369,.T.);
#3916=EDGE_CURVE('',#4763,#4762,#370,.T.);
#3917=EDGE_CURVE('',#4477,#4763,#371,.T.);
#3918=EDGE_CURVE('',#4477,#4741,#372,.T.);
#3919=EDGE_CURVE('',#4764,#4765,#373,.T.);
#3920=EDGE_CURVE('',#4764,#4766,#374,.T.);
#3921=EDGE_CURVE('',#4767,#4766,#375,.T.);
#3922=EDGE_CURVE('',#4765,#4767,#376,.T.);
#3923=EDGE_CURVE('',#4768,#4679,#1443,.T.);
#3924=EDGE_CURVE('',#4769,#4678,#1444,.T.);
#3925=EDGE_CURVE('',#4768,#4769,#1297,.T.);
#3926=EDGE_CURVE('',#4770,#4674,#1445,.T.);
#3927=EDGE_CURVE('',#4771,#4768,#1298,.T.);
#3928=EDGE_CURVE('',#4772,#4771,#1299,.T.);
#3929=EDGE_CURVE('',#4773,#4772,#1300,.T.);
#3930=EDGE_CURVE('',#4774,#4773,#1301,.T.);
#3931=EDGE_CURVE('',#4770,#4774,#1302,.T.);
#3932=EDGE_CURVE('',#4775,#4675,#1303,.T.);
#3933=EDGE_CURVE('',#4775,#4770,#1304,.T.);
#3934=EDGE_CURVE('',#4525,#4527,#5061,.T.);
#3935=EDGE_CURVE('',#4530,#4651,#1446,.T.);
#3936=EDGE_CURVE('',#4769,#4529,#377,.F.);
#3937=EDGE_CURVE('',#4776,#4668,#1447,.T.);
#3938=EDGE_CURVE('',#4776,#4775,#1305,.T.);
#3939=EDGE_CURVE('',#4777,#4669,#1448,.T.);
#3940=EDGE_CURVE('',#4777,#4776,#1306,.T.);
#3941=EDGE_CURVE('',#4778,#4670,#1449,.T.);
#3942=EDGE_CURVE('',#4778,#4777,#1307,.T.);
#3943=EDGE_CURVE('',#4779,#4780,#1450,.T.);
#3944=EDGE_CURVE('',#4670,#4780,#1308,.T.);
#3945=EDGE_CURVE('',#4779,#4778,#1309,.T.);
#3946=EDGE_CURVE('',#4781,#4782,#1451,.T.);
#3947=EDGE_CURVE('',#4780,#4782,#1310,.T.);
#3948=EDGE_CURVE('',#4781,#4779,#1311,.T.);
#3949=EDGE_CURVE('',#4657,#4783,#378,.F.);
#3950=EDGE_CURVE('',#4655,#4784,#379,.F.);
#3951=EDGE_CURVE('',#4784,#4783,#380,.F.);
#3952=EDGE_CURVE('',#4662,#4785,#381,.F.);
#3953=EDGE_CURVE('',#4783,#4785,#5062,.F.);
#3954=EDGE_CURVE('',#4786,#4787,#1452,.T.);
#3955=EDGE_CURVE('',#4788,#4787,#1312,.T.);
#3956=EDGE_CURVE('',#4789,#4788,#1453,.T.);
#3957=EDGE_CURVE('',#4786,#4789,#1313,.T.);
#3958=EDGE_CURVE('',#4790,#4788,#1314,.T.);
#3959=EDGE_CURVE('',#4791,#4790,#1454,.T.);
#3960=EDGE_CURVE('',#4789,#4791,#1315,.T.);
#3961=EDGE_CURVE('',#4782,#4790,#1316,.T.);
#3962=EDGE_CURVE('',#4791,#4781,#1317,.T.);
#3963=EDGE_CURVE('',#4792,#4793,#1318,.T.);
#3964=EDGE_CURVE('',#4793,#4665,#1319,.T.);
#3965=EDGE_CURVE('',#4792,#4782,#382,.F.);
#3966=EDGE_CURVE('',#4794,#4795,#383,.F.);
#3967=EDGE_CURVE('',#4794,#4663,#384,.F.);
#3968=EDGE_CURVE('',#4785,#4795,#385,.F.);
#3969=EDGE_CURVE('',#4796,#4797,#386,.F.);
#3970=EDGE_CURVE('',#4796,#4794,#1455,.F.);
#3971=EDGE_CURVE('',#4795,#4797,#1456,.T.);
#3972=EDGE_CURVE('',#4798,#4794,#1457,.T.);
#3973=EDGE_CURVE('',#4664,#4798,#387,.F.);
#3974=EDGE_CURVE('',#4514,#4664,#388,.F.);
#3975=EDGE_CURVE('',#4799,#4514,#1320,.T.);
#3976=EDGE_CURVE('',#4695,#4799,#1458,.T.);
#3977=EDGE_CURVE('',#4800,#4799,#389,.F.);
#3978=EDGE_CURVE('',#4801,#4800,#1459,.T.);
#3979=EDGE_CURVE('',#4695,#4801,#390,.F.);
#3980=EDGE_CURVE('',#4802,#4796,#1460,.T.);
#3981=EDGE_CURVE('',#4798,#4802,#1461,.T.);
#3982=EDGE_CURVE('',#4803,#4800,#1462,.F.);
#3983=EDGE_CURVE('',#4804,#4803,#1463,.T.);
#3984=EDGE_CURVE('',#4801,#4804,#1464,.T.);
#3985=EDGE_CURVE('',#4801,#4805,#391,.F.);
#3986=EDGE_CURVE('',#4804,#4806,#392,.F.);
#3987=EDGE_CURVE('',#4806,#4805,#1465,.F.);
#3988=EDGE_CURVE('',#4805,#4807,#393,.F.);
#3989=EDGE_CURVE('',#4807,#4696,#1321,.T.);
#3990=EDGE_CURVE('',#4808,#4809,#1466,.T.);
#3991=EDGE_CURVE('',#4810,#4809,#1322,.T.);
#3992=EDGE_CURVE('',#4811,#4810,#1467,.T.);
#3993=EDGE_CURVE('',#4808,#4811,#1323,.T.);
#3994=EDGE_CURVE('',#4812,#4810,#1324,.T.);
#3995=EDGE_CURVE('',#4792,#4812,#1468,.T.);
#3996=EDGE_CURVE('',#4811,#4792,#1325,.T.);
#3997=EDGE_CURVE('',#4813,#4812,#1326,.T.);
#3998=EDGE_CURVE('',#4793,#4813,#1469,.T.);
#3999=EDGE_CURVE('',#4814,#4813,#1327,.T.);
#4000=EDGE_CURVE('',#4665,#4814,#1470,.T.);
#4001=EDGE_CURVE('',#4815,#4814,#1328,.T.);
#4002=EDGE_CURVE('',#4666,#4815,#1471,.T.);
#4003=EDGE_CURVE('',#4816,#4815,#1329,.T.);
#4004=EDGE_CURVE('',#4667,#4816,#1472,.T.);
#4005=EDGE_CURVE('',#4817,#4816,#1330,.T.);
#4006=EDGE_CURVE('',#4671,#4817,#1473,.T.);
#4007=EDGE_CURVE('',#4818,#4817,#1331,.T.);
#4008=EDGE_CURVE('',#4672,#4818,#1474,.T.);
#4009=EDGE_CURVE('',#4819,#4818,#1332,.T.);
#4010=EDGE_CURVE('',#4673,#4819,#1475,.T.);
#4011=EDGE_CURVE('',#4820,#4819,#1333,.T.);
#4012=EDGE_CURVE('',#4680,#4820,#1476,.T.);
#4013=EDGE_CURVE('',#4821,#4820,#1334,.T.);
#4014=EDGE_CURVE('',#4681,#4821,#1477,.T.);
#4015=EDGE_CURVE('',#4822,#4821,#1335,.T.);
#4016=EDGE_CURVE('',#4676,#4822,#1478,.T.);
#4017=EDGE_CURVE('',#4682,#4822,#394,.F.);
#4018=EDGE_CURVE('',#4682,#4823,#395,.F.);
#4019=EDGE_CURVE('',#4823,#4784,#5063,.T.);
#4020=EDGE_CURVE('',#4824,#4824,#5064,.F.);
#4021=EDGE_CURVE('',#4449,#4727,#396,.F.);
#4022=EDGE_CURVE('',#4703,#4448,#397,.F.);
#4023=EDGE_CURVE('',#4825,#4826,#5065,.F.);
#4024=EDGE_CURVE('',#4827,#4825,#398,.F.);
#4025=EDGE_CURVE('',#4828,#4827,#5066,.T.);
#4026=EDGE_CURVE('',#4826,#4828,#399,.T.);
#4027=EDGE_CURVE('',#4829,#4830,#5067,.F.);
#4028=EDGE_CURVE('',#4831,#4829,#400,.F.);
#4029=EDGE_CURVE('',#4832,#4831,#5068,.T.);
#4030=EDGE_CURVE('',#4830,#4832,#401,.T.);
#4031=EDGE_CURVE('',#4833,#4833,#1479,.F.);
#4032=EDGE_CURVE('',#4834,#4835,#5069,.F.);
#4033=EDGE_CURVE('',#4835,#4831,#402,.T.);
#4034=EDGE_CURVE('',#4834,#4829,#403,.T.);
#4035=EDGE_CURVE('',#4836,#4837,#5070,.F.);
#4036=EDGE_CURVE('',#4837,#4827,#404,.T.);
#4037=EDGE_CURVE('',#4836,#4825,#405,.T.);
#4038=EDGE_CURVE('',#4838,#4839,#5071,.T.);
#4039=EDGE_CURVE('',#4840,#4838,#406,.F.);
#4040=EDGE_CURVE('',#4841,#4840,#5072,.F.);
#4041=EDGE_CURVE('',#4839,#4841,#407,.T.);
#4042=EDGE_CURVE('',#4842,#4843,#5073,.F.);
#4043=EDGE_CURVE('',#4843,#4840,#408,.F.);
#4044=EDGE_CURVE('',#4842,#4838,#409,.F.);
#4045=EDGE_CURVE('',#4844,#4482,#410,.F.);
#4046=EDGE_CURVE('',#4845,#4844,#5074,.T.);
#4047=EDGE_CURVE('',#4483,#4845,#411,.T.);
#4048=EDGE_CURVE('',#4844,#4846,#412,.F.);
#4049=EDGE_CURVE('',#4481,#4846,#413,.F.);
#4050=EDGE_CURVE('',#4846,#4847,#5075,.T.);
#4051=EDGE_CURVE('',#4847,#4480,#414,.T.);
#4052=EDGE_CURVE('',#4479,#4848,#415,.F.);
#4053=EDGE_CURVE('',#4848,#4847,#416,.T.);
#4054=EDGE_CURVE('',#4849,#4478,#417,.T.);
#4055=EDGE_CURVE('',#4848,#4849,#5076,.T.);
#4056=EDGE_CURVE('',#4849,#4763,#418,.T.);
#4057=EDGE_CURVE('',#4730,#4476,#419,.T.);
#4058=EDGE_CURVE('',#4731,#4475,#420,.F.);
#4059=EDGE_CURVE('',#4474,#4731,#421,.F.);
#4060=EDGE_CURVE('',#4732,#4473,#422,.F.);
#4061=EDGE_CURVE('',#4732,#4472,#423,.T.);
#4062=EDGE_CURVE('',#4733,#4471,#424,.T.);
#4063=EDGE_CURVE('',#4464,#4465,#1336,.T.);
#4064=EDGE_CURVE('',#4722,#4463,#425,.T.);
#4065=EDGE_CURVE('',#4707,#4461,#426,.T.);
#4066=EDGE_CURVE('',#4711,#4462,#427,.T.);
#4067=EDGE_CURVE('',#4709,#4460,#428,.T.);
#4068=EDGE_CURVE('',#4712,#4459,#429,.T.);
#4069=EDGE_CURVE('',#4458,#4715,#430,.T.);
#4070=EDGE_CURVE('',#4759,#4434,#431,.T.);
#4071=EDGE_CURVE('',#4758,#4761,#432,.T.);
#4072=EDGE_CURVE('',#4757,#4433,#433,.T.);
#4073=EDGE_CURVE('',#4756,#4432,#434,.T.);
#4074=EDGE_CURVE('',#4755,#4430,#435,.T.);
#4075=EDGE_CURVE('',#4431,#4754,#436,.T.);
#4076=EDGE_CURVE('',#4753,#4429,#437,.T.);
#4077=EDGE_CURVE('',#4752,#4428,#438,.T.);
#4078=EDGE_CURVE('',#4426,#4751,#439,.T.);
#4079=EDGE_CURVE('',#4427,#4750,#440,.T.);
#4080=EDGE_CURVE('',#4425,#4749,#441,.T.);
#4081=EDGE_CURVE('',#4424,#4748,#442,.T.);
#4082=EDGE_CURVE('',#4422,#4747,#443,.T.);
#4083=EDGE_CURVE('',#4423,#4746,#444,.T.);
#4084=EDGE_CURVE('',#4421,#4745,#445,.T.);
#4085=EDGE_CURVE('',#4420,#4744,#446,.T.);
#4086=EDGE_CURVE('',#4419,#4766,#447,.T.);
#4087=EDGE_CURVE('',#4764,#4845,#448,.T.);
#4088=EDGE_CURVE('',#4418,#4767,#449,.T.);
#4089=EDGE_CURVE('',#4417,#4765,#450,.T.);
#4090=EDGE_CURVE('',#4416,#4764,#451,.T.);
#4091=EDGE_CURVE('',#4768,#4550,#452,.F.);
#4092=EDGE_CURVE('',#4769,#4551,#453,.F.);
#4093=EDGE_CURVE('',#4549,#4557,#1337,.T.);
#4094=EDGE_CURVE('',#4558,#4553,#1338,.T.);
#4095=EDGE_CURVE('',#4775,#4554,#1339,.F.);
#4096=EDGE_CURVE('',#4850,#4400,#454,.T.);
#4097=EDGE_CURVE('',#4850,#4851,#5077,.F.);
#4098=EDGE_CURVE('',#4852,#4851,#455,.F.);
#4099=EDGE_CURVE('',#4852,#4853,#5078,.F.);
#4100=EDGE_CURVE('',#4397,#4853,#456,.T.);
#4101=EDGE_CURVE('',#4457,#4556,#457,.F.);
#4102=EDGE_CURVE('',#4552,#4456,#458,.F.);
#4103=EDGE_CURVE('',#4554,#4506,#1340,.F.);
#4104=EDGE_CURVE('',#4777,#4506,#459,.F.);
#4105=EDGE_CURVE('',#4854,#4855,#1341,.T.);
#4106=EDGE_CURVE('',#4855,#4507,#1342,.T.);
#4107=EDGE_CURVE('',#4779,#4508,#460,.F.);
#4108=EDGE_CURVE('',#4505,#4854,#1343,.T.);
#4109=EDGE_CURVE('',#4508,#4856,#1344,.F.);
#4110=EDGE_CURVE('',#4791,#4856,#461,.F.);
#4111=EDGE_CURVE('',#4789,#4857,#462,.F.);
#4112=EDGE_CURVE('',#4856,#4857,#1345,.F.);
#4113=EDGE_CURVE('',#4786,#4858,#463,.F.);
#4114=EDGE_CURVE('',#4857,#4858,#12,.F.);
#4115=EDGE_CURVE('',#4784,#4859,#464,.F.);
#4116=EDGE_CURVE('',#4860,#4859,#465,.T.);
#4117=EDGE_CURVE('',#4783,#4860,#466,.F.);
#4118=EDGE_CURVE('',#4861,#4860,#5079,.F.);
#4119=EDGE_CURVE('',#4785,#4861,#467,.F.);
#4120=EDGE_CURVE('',#4862,#4863,#468,.F.);
#4121=EDGE_CURVE('',#4862,#4786,#469,.F.);
#4122=EDGE_CURVE('',#4858,#4863,#470,.F.);
#4123=EDGE_CURVE('',#4864,#4862,#1480,.T.);
#4124=EDGE_CURVE('',#4787,#4864,#471,.F.);
#4125=EDGE_CURVE('',#4864,#4865,#472,.T.);
#4126=EDGE_CURVE('',#4865,#4808,#473,.F.);
#4127=EDGE_CURVE('',#4866,#4865,#1481,.T.);
#4128=EDGE_CURVE('',#4809,#4866,#474,.F.);
#4129=EDGE_CURVE('',#4797,#4867,#475,.F.);
#4130=EDGE_CURVE('',#4868,#4861,#476,.F.);
#4131=EDGE_CURVE('',#4869,#4868,#1482,.F.);
#4132=EDGE_CURVE('',#4870,#4869,#477,.F.);
#4133=EDGE_CURVE('',#4870,#4867,#478,.F.);
#4134=EDGE_CURVE('',#4871,#4867,#479,.F.);
#4135=EDGE_CURVE('',#4871,#4796,#480,.F.);
#4136=EDGE_CURVE('',#4872,#4871,#1483,.T.);
#4137=EDGE_CURVE('',#4802,#4872,#481,.F.);
#4138=EDGE_CURVE('',#4872,#4873,#482,.T.);
#4139=EDGE_CURVE('',#4873,#4803,#483,.F.);
#4140=EDGE_CURVE('',#4874,#4873,#1484,.T.);
#4141=EDGE_CURVE('',#4804,#4874,#484,.F.);
#4142=EDGE_CURVE('',#4874,#4875,#485,.T.);
#4143=EDGE_CURVE('',#4875,#4806,#486,.F.);
#4144=EDGE_CURVE('',#4543,#4807,#487,.T.);
#4145=EDGE_CURVE('',#4875,#4876,#488,.F.);
#4146=EDGE_CURVE('',#4876,#4569,#489,.F.);
#4147=EDGE_CURVE('',#4877,#4876,#1485,.T.);
#4148=EDGE_CURVE('',#4570,#4877,#490,.F.);
#4149=EDGE_CURVE('',#4878,#4877,#491,.F.);
#4150=EDGE_CURVE('',#4878,#4571,#492,.T.);
#4151=EDGE_CURVE('',#4879,#4878,#5080,.T.);
#4152=EDGE_CURVE('',#4572,#4879,#493,.T.);
#4153=EDGE_CURVE('',#4880,#4879,#494,.T.);
#4154=EDGE_CURVE('',#4880,#4573,#495,.F.);
#4155=EDGE_CURVE('',#4881,#4880,#5081,.T.);
#4156=EDGE_CURVE('',#4574,#4881,#496,.T.);
#4157=EDGE_CURVE('',#4882,#4881,#497,.T.);
#4158=EDGE_CURVE('',#4882,#4575,#498,.F.);
#4159=EDGE_CURVE('',#4883,#4882,#1486,.T.);
#4160=EDGE_CURVE('',#4576,#4883,#499,.T.);
#4161=EDGE_CURVE('',#4884,#4885,#500,.T.);
#4162=EDGE_CURVE('',#4885,#4886,#501,.T.);
#4163=EDGE_CURVE('',#4886,#4887,#502,.T.);
#4164=EDGE_CURVE('',#4888,#4887,#5082,.T.);
#4165=EDGE_CURVE('',#4888,#4889,#503,.T.);
#4166=EDGE_CURVE('',#4884,#4889,#5083,.T.);
#4167=EDGE_CURVE('',#4890,#4891,#504,.T.);
#4168=EDGE_CURVE('',#4828,#4891,#505,.T.);
#4169=EDGE_CURVE('',#4837,#4890,#506,.F.);
#4170=EDGE_CURVE('',#4892,#4891,#507,.T.);
#4171=EDGE_CURVE('',#4826,#4892,#508,.T.);
#4172=EDGE_CURVE('',#4892,#4893,#509,.T.);
#4173=EDGE_CURVE('',#4893,#4836,#510,.T.);
#4174=EDGE_CURVE('',#4894,#4895,#511,.T.);
#4175=EDGE_CURVE('',#4832,#4895,#512,.T.);
#4176=EDGE_CURVE('',#4835,#4894,#513,.F.);
#4177=EDGE_CURVE('',#4896,#4895,#514,.T.);
#4178=EDGE_CURVE('',#4830,#4896,#515,.T.);
#4179=EDGE_CURVE('',#4896,#4897,#516,.T.);
#4180=EDGE_CURVE('',#4897,#4834,#517,.T.);
#4181=EDGE_CURVE('',#4898,#4842,#518,.T.);
#4182=EDGE_CURVE('',#4890,#4898,#5084,.T.);
#4183=EDGE_CURVE('',#4894,#4893,#5085,.T.);
#4184=EDGE_CURVE('',#4899,#4897,#5086,.T.);
#4185=EDGE_CURVE('',#4843,#4899,#519,.F.);
#4186=EDGE_CURVE('',#4899,#4900,#520,.F.);
#4187=EDGE_CURVE('',#4841,#4900,#521,.F.);
#4188=EDGE_CURVE('',#4901,#4900,#522,.T.);
#4189=EDGE_CURVE('',#4839,#4901,#523,.F.);
#4190=EDGE_CURVE('',#4901,#4898,#524,.F.);
#4191=EDGE_CURVE('',#4485,#4445,#525,.F.);
#4192=EDGE_CURVE('',#4902,#4903,#5087,.F.);
#4193=EDGE_CURVE('',#4903,#4904,#1487,.F.);
#4194=EDGE_CURVE('',#4904,#4905,#5088,.F.);
#4195=EDGE_CURVE('',#4906,#4905,#1346,.T.);
#4196=EDGE_CURVE('',#4907,#4906,#1488,.T.);
#4197=EDGE_CURVE('',#4902,#4907,#1347,.T.);
#4198=EDGE_CURVE('',#4856,#4503,#526,.F.);
#4199=EDGE_CURVE('',#4883,#4863,#527,.F.);
#4200=EDGE_CURVE('',#4491,#4908,#528,.T.);
#4201=EDGE_CURVE('',#4908,#4909,#1348,.T.);
#4202=EDGE_CURVE('',#4486,#4909,#529,.T.);
#4203=EDGE_CURVE('',#4444,#4910,#530,.T.);
#4204=EDGE_CURVE('',#4911,#4910,#1349,.T.);
#4205=EDGE_CURVE('',#4911,#4541,#531,.F.);
#4206=EDGE_CURVE('',#4566,#4568,#5089,.F.);
#4207=EDGE_CURVE('',#4912,#4500,#532,.T.);
#4208=EDGE_CURVE('',#4913,#4912,#533,.T.);
#4209=EDGE_CURVE('',#4914,#4913,#534,.T.);
#4210=EDGE_CURVE('',#4915,#4914,#535,.T.);
#4211=EDGE_CURVE('',#4916,#4915,#536,.T.);
#4212=EDGE_CURVE('',#4917,#4916,#537,.T.);
#4213=EDGE_CURVE('',#4918,#4917,#538,.T.);
#4214=EDGE_CURVE('',#4919,#4918,#539,.T.);
#4215=EDGE_CURVE('',#4493,#4919,#540,.T.);
#4216=EDGE_CURVE('',#4920,#4921,#541,.T.);
#4217=EDGE_CURVE('',#4921,#4922,#542,.T.);
#4218=EDGE_CURVE('',#4922,#4923,#543,.T.);
#4219=EDGE_CURVE('',#4924,#4923,#5090,.T.);
#4220=EDGE_CURVE('',#4924,#4925,#544,.T.);
#4221=EDGE_CURVE('',#4920,#4925,#5091,.T.);
#4222=EDGE_CURVE('',#4810,#4926,#545,.F.);
#4223=EDGE_CURVE('',#4809,#4927,#546,.F.);
#4224=EDGE_CURVE('',#4927,#4926,#13,.F.);
#4225=EDGE_CURVE('',#4813,#4928,#547,.F.);
#4226=EDGE_CURVE('',#4926,#4928,#1350,.F.);
#4227=EDGE_CURVE('',#4866,#4929,#548,.T.);
#4228=EDGE_CURVE('',#4929,#4927,#549,.F.);
#4229=EDGE_CURVE('',#4815,#4930,#550,.F.);
#4230=EDGE_CURVE('',#4928,#4930,#1351,.F.);
#4231=EDGE_CURVE('',#4817,#4931,#551,.F.);
#4232=EDGE_CURVE('',#4930,#4931,#1352,.F.);
#4233=EDGE_CURVE('',#4818,#4932,#552,.F.);
#4234=EDGE_CURVE('',#4931,#4932,#1353,.F.);
#4235=EDGE_CURVE('',#4820,#4933,#553,.F.);
#4236=EDGE_CURVE('',#4932,#4933,#1354,.F.);
#4237=EDGE_CURVE('',#4823,#4934,#554,.F.);
#4238=EDGE_CURVE('',#4859,#4934,#5092,.T.);
#4239=EDGE_CURVE('',#4821,#4935,#555,.F.);
#4240=EDGE_CURVE('',#4933,#4935,#1355,.F.);
#4241=EDGE_CURVE('',#4822,#4936,#556,.F.);
#4242=EDGE_CURVE('',#4935,#4936,#1356,.F.);
#4243=EDGE_CURVE('',#4936,#4823,#557,.F.);
#4244=EDGE_CURVE('',#4937,#4937,#5093,.F.);
#4245=EDGE_CURVE('',#4934,#4938,#558,.T.);
#4246=EDGE_CURVE('',#4939,#4938,#559,.F.);
#4247=EDGE_CURVE('',#4940,#4939,#560,.T.);
#4248=EDGE_CURVE('',#4584,#4940,#5094,.T.);
#4249=EDGE_CURVE('',#4583,#4868,#561,.T.);
#4250=EDGE_CURVE('',#4582,#4869,#562,.F.);
#4251=EDGE_CURVE('',#4870,#4581,#563,.T.);
#4252=EDGE_CURVE('',#4580,#4941,#564,.T.);
#4253=EDGE_CURVE('',#4929,#4941,#565,.F.);
#4254=EDGE_CURVE('',#4586,#4941,#566,.T.);
#4255=EDGE_CURVE('',#4594,#4928,#567,.F.);
#4256=EDGE_CURVE('',#4593,#4930,#568,.F.);
#4257=EDGE_CURVE('',#4592,#4931,#569,.F.);
#4258=EDGE_CURVE('',#4591,#4933,#570,.F.);
#4259=EDGE_CURVE('',#4938,#4590,#5095,.F.);
#4260=EDGE_CURVE('',#4939,#4589,#5096,.T.);
#4261=EDGE_CURVE('',#4940,#4588,#571,.T.);
#4262=EDGE_CURVE('',#4942,#4916,#572,.T.);
#4263=EDGE_CURVE('',#4943,#4915,#573,.T.);
#4264=EDGE_CURVE('',#4942,#4943,#574,.F.);
#4265=EDGE_CURVE('',#4944,#4497,#575,.F.);
#4266=EDGE_CURVE('',#4496,#4945,#576,.F.);
#4267=EDGE_CURVE('',#4945,#4946,#577,.T.);
#4268=EDGE_CURVE('',#4947,#4946,#578,.F.);
#4269=EDGE_CURVE('',#4948,#4947,#579,.F.);
#4270=EDGE_CURVE('',#4949,#4948,#1489,.T.);
#4271=EDGE_CURVE('',#4950,#4949,#580,.F.);
#4272=EDGE_CURVE('',#4951,#4950,#581,.F.);
#4273=EDGE_CURVE('',#4951,#4944,#582,.T.);
#4274=EDGE_CURVE('',#4952,#4498,#583,.F.);
#4275=EDGE_CURVE('',#4952,#4944,#584,.F.);
#4276=EDGE_CURVE('',#4953,#4912,#585,.T.);
#4277=EDGE_CURVE('',#4499,#4954,#586,.F.);
#4278=EDGE_CURVE('',#4954,#4955,#587,.T.);
#4279=EDGE_CURVE('',#4956,#4955,#588,.F.);
#4280=EDGE_CURVE('',#4956,#4957,#589,.T.);
#4281=EDGE_CURVE('',#4953,#4957,#590,.F.);
#4282=EDGE_CURVE('',#4958,#4919,#591,.T.);
#4283=EDGE_CURVE('',#4959,#4918,#592,.T.);
#4284=EDGE_CURVE('',#4958,#4959,#593,.F.);
#4285=EDGE_CURVE('',#4960,#4917,#594,.T.);
#4286=EDGE_CURVE('',#4959,#4960,#595,.F.);
#4287=EDGE_CURVE('',#4961,#4914,#596,.T.);
#4288=EDGE_CURVE('',#4962,#4913,#597,.T.);
#4289=EDGE_CURVE('',#4961,#4962,#598,.F.);
#4290=EDGE_CURVE('',#4962,#4953,#599,.F.);
#4291=EDGE_CURVE('',#4495,#4963,#600,.F.);
#4292=EDGE_CURVE('',#4963,#4945,#601,.F.);
#4293=EDGE_CURVE('',#4964,#4494,#602,.F.);
#4294=EDGE_CURVE('',#4964,#4963,#603,.T.);
#4295=EDGE_CURVE('',#4952,#4954,#604,.T.);
#4296=EDGE_CURVE('',#4965,#4958,#605,.F.);
#4297=EDGE_CURVE('',#4966,#4965,#606,.T.);
#4298=EDGE_CURVE('',#4967,#4966,#607,.F.);
#4299=EDGE_CURVE('',#4967,#4964,#608,.T.);
#4300=EDGE_CURVE('',#4960,#4942,#609,.F.);
#4301=EDGE_CURVE('',#4943,#4961,#610,.F.);
#4302=EDGE_CURVE('',#4949,#4968,#611,.F.);
#4303=EDGE_CURVE('',#4968,#4969,#612,.T.);
#4304=EDGE_CURVE('',#4970,#4969,#613,.T.);
#4305=EDGE_CURVE('',#4970,#4971,#614,.F.);
#4306=EDGE_CURVE('',#4971,#4950,#615,.T.);
#4307=EDGE_CURVE('',#4972,#4973,#616,.T.);
#4308=EDGE_CURVE('',#4973,#4948,#617,.T.);
#4309=EDGE_CURVE('',#4974,#4947,#618,.T.);
#4310=EDGE_CURVE('',#4974,#4975,#619,.F.);
#4311=EDGE_CURVE('',#4975,#4972,#620,.T.);
#4312=EDGE_CURVE('',#4968,#4973,#1490,.T.);
#4313=EDGE_CURVE('',#4969,#4972,#1491,.T.);
#4314=EDGE_CURVE('',#4946,#4976,#621,.T.);
#4315=EDGE_CURVE('',#4974,#4976,#622,.F.);
#4316=EDGE_CURVE('',#4977,#4971,#623,.T.);
#4317=EDGE_CURVE('',#4977,#4951,#624,.T.);
#4318=EDGE_CURVE('',#4957,#4965,#1492,.T.);
#4319=EDGE_CURVE('',#4975,#4970,#1493,.F.);
#4320=EDGE_CURVE('',#4966,#4956,#1494,.F.);
#4321=EDGE_CURVE('',#4955,#4977,#625,.T.);
#4322=EDGE_CURVE('',#4976,#4967,#626,.T.);
#4323=EDGE_CURVE('',#4567,#4565,#1495,.T.);
#4324=EDGE_CURVE('',#4978,#4978,#1496,.T.);
#4325=EDGE_CURVE('',#4412,#4979,#1357,.F.);
#4326=EDGE_CURVE('',#4979,#4980,#1358,.F.);
#4327=EDGE_CURVE('',#4980,#4981,#1359,.F.);
#4328=EDGE_CURVE('',#4981,#4982,#1360,.F.);
#4329=EDGE_CURVE('',#4982,#4409,#1361,.T.);
#4330=EDGE_CURVE('',#4548,#4469,#627,.T.);
#4331=EDGE_CURVE('',#4468,#4555,#1362,.T.);
#4332=EDGE_CURVE('',#4924,#4981,#628,.T.);
#4333=EDGE_CURVE('',#4980,#4925,#629,.F.);
#4334=EDGE_CURVE('',#4982,#4923,#630,.F.);
#4335=EDGE_CURVE('',#4920,#4979,#631,.T.);
#4336=EDGE_CURVE('',#4411,#4921,#632,.F.);
#4337=EDGE_CURVE('',#4922,#4410,#633,.F.);
#4338=EDGE_CURVE('',#4983,#4911,#1363,.T.);
#4339=EDGE_CURVE('',#4910,#4524,#1364,.T.);
#4340=EDGE_CURVE('',#4394,#4984,#1365,.F.);
#4341=EDGE_CURVE('',#4984,#4985,#1366,.T.);
#4342=EDGE_CURVE('',#4985,#4986,#1367,.T.);
#4343=EDGE_CURVE('',#4986,#4987,#1368,.T.);
#4344=EDGE_CURVE('',#4391,#4987,#1369,.F.);
#4345=EDGE_CURVE('',#4807,#4983,#1370,.F.);
#4346=EDGE_CURVE('',#4542,#4983,#634,.T.);
#4347=EDGE_CURVE('',#4886,#4392,#635,.F.);
#4348=EDGE_CURVE('',#4987,#4887,#636,.F.);
#4349=EDGE_CURVE('',#4393,#4885,#637,.F.);
#4350=EDGE_CURVE('',#4884,#4984,#638,.T.);
#4351=EDGE_CURVE('',#4888,#4986,#639,.T.);
#4352=EDGE_CURVE('',#4985,#4889,#640,.F.);
#4353=EDGE_CURVE('',#4538,#4852,#641,.F.);
#4354=EDGE_CURVE('',#4851,#4539,#642,.T.);
#4355=EDGE_CURVE('',#4534,#4850,#643,.T.);
#4356=EDGE_CURVE('',#4853,#4537,#644,.F.);
#4357=EDGE_CURVE('',#4536,#4398,#645,.T.);
#4358=EDGE_CURVE('',#4399,#4535,#646,.T.);
#4359=EDGE_CURVE('',#4906,#4988,#647,.F.);
#4360=EDGE_CURVE('',#4988,#4989,#1371,.F.);
#4361=EDGE_CURVE('',#4989,#4907,#648,.T.);
#4362=EDGE_CURVE('',#4990,#4989,#1372,.F.);
#4363=EDGE_CURVE('',#4902,#4990,#649,.T.);
#4364=EDGE_CURVE('',#4991,#4905,#650,.F.);
#4365=EDGE_CURVE('',#4988,#4991,#1373,.F.);
#4366=EDGE_CURVE('',#4452,#4546,#651,.F.);
#4367=EDGE_CURVE('',#4547,#4451,#1374,.T.);
#4368=EDGE_CURVE('',#4990,#4404,#1375,.T.);
#4369=EDGE_CURVE('',#4401,#4991,#1376,.F.);
#4370=EDGE_CURVE('',#4904,#4402,#1377,.T.);
#4371=EDGE_CURVE('',#4403,#4903,#1378,.T.);
#4372=EDGE_CURVE('',#4992,#4564,#652,.T.);
#4373=EDGE_CURVE('',#4993,#4992,#1379,.F.);
#4374=EDGE_CURVE('',#4559,#4993,#653,.T.);
#4375=EDGE_CURVE('',#4563,#4994,#654,.F.);
#4376=EDGE_CURVE('',#4994,#4992,#1380,.F.);
#4377=EDGE_CURVE('',#4995,#4562,#655,.F.);
#4378=EDGE_CURVE('',#4994,#4995,#1381,.F.);
#4379=EDGE_CURVE('',#4909,#4505,#1382,.T.);
#4380=EDGE_CURVE('',#4507,#4908,#1383,.F.);
#4381=EDGE_CURVE('',#4407,#4560,#656,.T.);
#4382=EDGE_CURVE('',#4993,#4408,#1384,.F.);
#4383=EDGE_CURVE('',#4561,#4406,#657,.T.);
#4384=EDGE_CURVE('',#4405,#4995,#1385,.F.);
#4385=VERTEX_POINT('',#8496);
#4386=VERTEX_POINT('',#8499);
#4387=VERTEX_POINT('',#8502);
#4388=VERTEX_POINT('',#8509);
#4389=VERTEX_POINT('',#8510);
#4390=VERTEX_POINT('',#8512);
#4391=VERTEX_POINT('',#8516);
#4392=VERTEX_POINT('',#8517);
#4393=VERTEX_POINT('',#8519);
#4394=VERTEX_POINT('',#8521);
#4395=VERTEX_POINT('',#8558);
#4396=VERTEX_POINT('',#8567);
#4397=VERTEX_POINT('',#8574);
#4398=VERTEX_POINT('',#8575);
#4399=VERTEX_POINT('',#8577);
#4400=VERTEX_POINT('',#8579);
#4401=VERTEX_POINT('',#8583);
#4402=VERTEX_POINT('',#8584);
#4403=VERTEX_POINT('',#8586);
#4404=VERTEX_POINT('',#8588);
#4405=VERTEX_POINT('',#8595);
#4406=VERTEX_POINT('',#8596);
#4407=VERTEX_POINT('',#8598);
#4408=VERTEX_POINT('',#8600);
#4409=VERTEX_POINT('',#8607);
#4410=VERTEX_POINT('',#8608);
#4411=VERTEX_POINT('',#8610);
#4412=VERTEX_POINT('',#8612);
#4413=VERTEX_POINT('',#8619);
#4414=VERTEX_POINT('',#8620);
#4415=VERTEX_POINT('',#8622);
#4416=VERTEX_POINT('',#8624);
#4417=VERTEX_POINT('',#8626);
#4418=VERTEX_POINT('',#8628);
#4419=VERTEX_POINT('',#8630);
#4420=VERTEX_POINT('',#8632);
#4421=VERTEX_POINT('',#8634);
#4422=VERTEX_POINT('',#8636);
#4423=VERTEX_POINT('',#8638);
#4424=VERTEX_POINT('',#8640);
#4425=VERTEX_POINT('',#8642);
#4426=VERTEX_POINT('',#8644);
#4427=VERTEX_POINT('',#8646);
#4428=VERTEX_POINT('',#8648);
#4429=VERTEX_POINT('',#8650);
#4430=VERTEX_POINT('',#8652);
#4431=VERTEX_POINT('',#8654);
#4432=VERTEX_POINT('',#8656);
#4433=VERTEX_POINT('',#8658);
#4434=VERTEX_POINT('',#8660);
#4435=VERTEX_POINT('',#8662);
#4436=VERTEX_POINT('',#8664);
#4437=VERTEX_POINT('',#8666);
#4438=VERTEX_POINT('',#8670);
#4439=VERTEX_POINT('',#8671);
#4440=VERTEX_POINT('',#8673);
#4441=VERTEX_POINT('',#8675);
#4442=VERTEX_POINT('',#8677);
#4443=VERTEX_POINT('',#8679);
#4444=VERTEX_POINT('',#8681);
#4445=VERTEX_POINT('',#8683);
#4446=VERTEX_POINT('',#8685);
#4447=VERTEX_POINT('',#8687);
#4448=VERTEX_POINT('',#8689);
#4449=VERTEX_POINT('',#8691);
#4450=VERTEX_POINT('',#8695);
#4451=VERTEX_POINT('',#8700);
#4452=VERTEX_POINT('',#8701);
#4453=VERTEX_POINT('',#8703);
#4454=VERTEX_POINT('',#8705);
#4455=VERTEX_POINT('',#8707);
#4456=VERTEX_POINT('',#8709);
#4457=VERTEX_POINT('',#8711);
#4458=VERTEX_POINT('',#8714);
#4459=VERTEX_POINT('',#8716);
#4460=VERTEX_POINT('',#8718);
#4461=VERTEX_POINT('',#8720);
#4462=VERTEX_POINT('',#8722);
#4463=VERTEX_POINT('',#8724);
#4464=VERTEX_POINT('',#8727);
#4465=VERTEX_POINT('',#8729);
#4466=VERTEX_POINT('',#8731);
#4467=VERTEX_POINT('',#8733);
#4468=VERTEX_POINT('',#8735);
#4469=VERTEX_POINT('',#8740);
#4470=VERTEX_POINT('',#8742);
#4471=VERTEX_POINT('',#8745);
#4472=VERTEX_POINT('',#8747);
#4473=VERTEX_POINT('',#8749);
#4474=VERTEX_POINT('',#8751);
#4475=VERTEX_POINT('',#8753);
#4476=VERTEX_POINT('',#8755);
#4477=VERTEX_POINT('',#8757);
#4478=VERTEX_POINT('',#8759);
#4479=VERTEX_POINT('',#8761);
#4480=VERTEX_POINT('',#8763);
#4481=VERTEX_POINT('',#8765);
#4482=VERTEX_POINT('',#8767);
#4483=VERTEX_POINT('',#8769);
#4484=VERTEX_POINT('',#8774);
#4485=VERTEX_POINT('',#8778);
#4486=VERTEX_POINT('',#8779);
#4487=VERTEX_POINT('',#8781);
#4488=VERTEX_POINT('',#8783);
#4489=VERTEX_POINT('',#8785);
#4490=VERTEX_POINT('',#8787);
#4491=VERTEX_POINT('',#8792);
#4492=VERTEX_POINT('',#8793);
#4493=VERTEX_POINT('',#8795);
#4494=VERTEX_POINT('',#8797);
#4495=VERTEX_POINT('',#8799);
#4496=VERTEX_POINT('',#8801);
#4497=VERTEX_POINT('',#8803);
#4498=VERTEX_POINT('',#8805);
#4499=VERTEX_POINT('',#8807);
#4500=VERTEX_POINT('',#8809);
#4501=VERTEX_POINT('',#8811);
#4502=VERTEX_POINT('',#8813);
#4503=VERTEX_POINT('',#8815);
#4504=VERTEX_POINT('',#8817);
#4505=VERTEX_POINT('',#8821);
#4506=VERTEX_POINT('',#8826);
#4507=VERTEX_POINT('',#8830);
#4508=VERTEX_POINT('',#8832);
#4509=VERTEX_POINT('',#8853);
#4510=VERTEX_POINT('',#8854);
#4511=VERTEX_POINT('',#8859);
#4512=VERTEX_POINT('',#8864);
#4513=VERTEX_POINT('',#8866);
#4514=VERTEX_POINT('',#8871);
#4515=VERTEX_POINT('',#8873);
#4516=VERTEX_POINT('',#8878);
#4517=VERTEX_POINT('',#8888);
#4518=VERTEX_POINT('',#8889);
#4519=VERTEX_POINT('',#8891);
#4520=VERTEX_POINT('',#8893);
#4521=VERTEX_POINT('',#8895);
#4522=VERTEX_POINT('',#8897);
#4523=VERTEX_POINT('',#8901);
#4524=VERTEX_POINT('',#8902);
#4525=VERTEX_POINT('',#8904);
#4526=VERTEX_POINT('',#8913);
#4527=VERTEX_POINT('',#8923);
#4528=VERTEX_POINT('',#8924);
#4529=VERTEX_POINT('',#8929);
#4530=VERTEX_POINT('',#8931);
#4531=VERTEX_POINT('',#8933);
#4532=VERTEX_POINT('',#8937);
#4533=VERTEX_POINT('',#8939);
#4534=VERTEX_POINT('',#8943);
#4535=VERTEX_POINT('',#8944);
#4536=VERTEX_POINT('',#8946);
#4537=VERTEX_POINT('',#8948);
#4538=VERTEX_POINT('',#8950);
#4539=VERTEX_POINT('',#8952);
#4540=VERTEX_POINT('',#8956);
#4541=VERTEX_POINT('',#8957);
#4542=VERTEX_POINT('',#8959);
#4543=VERTEX_POINT('',#8961);
#4544=VERTEX_POINT('',#8963);
#4545=VERTEX_POINT('',#8967);
#4546=VERTEX_POINT('',#8971);
#4547=VERTEX_POINT('',#8976);
#4548=VERTEX_POINT('',#8979);
#4549=VERTEX_POINT('',#8984);
#4550=VERTEX_POINT('',#8989);
#4551=VERTEX_POINT('',#8999);
#4552=VERTEX_POINT('',#9001);
#4553=VERTEX_POINT('',#9008);
#4554=VERTEX_POINT('',#9009);
#4555=VERTEX_POINT('',#9014);
#4556=VERTEX_POINT('',#9019);
#4557=VERTEX_POINT('',#9027);
#4558=VERTEX_POINT('',#9028);
#4559=VERTEX_POINT('',#9035);
#4560=VERTEX_POINT('',#9036);
#4561=VERTEX_POINT('',#9038);
#4562=VERTEX_POINT('',#9040);
#4563=VERTEX_POINT('',#9042);
#4564=VERTEX_POINT('',#9044);
#4565=VERTEX_POINT('',#9048);
#4566=VERTEX_POINT('',#9049);
#4567=VERTEX_POINT('',#9051);
#4568=VERTEX_POINT('',#9053);
#4569=VERTEX_POINT('',#9056);
#4570=VERTEX_POINT('',#9058);
#4571=VERTEX_POINT('',#9060);
#4572=VERTEX_POINT('',#9062);
#4573=VERTEX_POINT('',#9064);
#4574=VERTEX_POINT('',#9066);
#4575=VERTEX_POINT('',#9068);
#4576=VERTEX_POINT('',#9070);
#4577=VERTEX_POINT('',#9075);
#4578=VERTEX_POINT('',#9077);
#4579=VERTEX_POINT('',#9078);
#4580=VERTEX_POINT('',#9080);
#4581=VERTEX_POINT('',#9082);
#4582=VERTEX_POINT('',#9084);
#4583=VERTEX_POINT('',#9086);
#4584=VERTEX_POINT('',#9088);
#4585=VERTEX_POINT('',#9090);
#4586=VERTEX_POINT('',#9094);
#4587=VERTEX_POINT('',#9096);
#4588=VERTEX_POINT('',#9100);
#4589=VERTEX_POINT('',#9102);
#4590=VERTEX_POINT('',#9104);
#4591=VERTEX_POINT('',#9106);
#4592=VERTEX_POINT('',#9108);
#4593=VERTEX_POINT('',#9110);
#4594=VERTEX_POINT('',#9112);
#4595=VERTEX_POINT('',#9116);
#4596=VERTEX_POINT('',#9118);
#4597=VERTEX_POINT('',#9121);
#4598=VERTEX_POINT('',#9124);
#4599=VERTEX_POINT('',#9125);
#4600=VERTEX_POINT('',#9127);
#4601=VERTEX_POINT('',#9129);
#4602=VERTEX_POINT('',#9133);
#4603=VERTEX_POINT('',#9134);
#4604=VERTEX_POINT('',#9139);
#4605=VERTEX_POINT('',#9141);
#4606=VERTEX_POINT('',#9145);
#4607=VERTEX_POINT('',#9146);
#4608=VERTEX_POINT('',#9148);
#4609=VERTEX_POINT('',#9150);
#4610=VERTEX_POINT('',#9154);
#4611=VERTEX_POINT('',#9155);
#4612=VERTEX_POINT('',#9160);
#4613=VERTEX_POINT('',#9162);
#4614=VERTEX_POINT('',#9166);
#4615=VERTEX_POINT('',#9169);
#4616=VERTEX_POINT('',#9172);
#4617=VERTEX_POINT('',#9174);
#4618=VERTEX_POINT('',#9178);
#4619=VERTEX_POINT('',#9180);
#4620=VERTEX_POINT('',#9182);
#4621=VERTEX_POINT('',#9186);
#4622=VERTEX_POINT('',#9188);
#4623=VERTEX_POINT('',#9192);
#4624=VERTEX_POINT('',#9193);
#4625=VERTEX_POINT('',#9195);
#4626=VERTEX_POINT('',#9197);
#4627=VERTEX_POINT('',#9201);
#4628=VERTEX_POINT('',#9208);
#4629=VERTEX_POINT('',#9209);
#4630=VERTEX_POINT('',#9211);
#4631=VERTEX_POINT('',#9213);
#4632=VERTEX_POINT('',#9217);
#4633=VERTEX_POINT('',#9219);
#4634=VERTEX_POINT('',#9223);
#4635=VERTEX_POINT('',#9226);
#4636=VERTEX_POINT('',#9230);
#4637=VERTEX_POINT('',#9234);
#4638=VERTEX_POINT('',#9235);
#4639=VERTEX_POINT('',#9238);
#4640=VERTEX_POINT('',#9242);
#4641=VERTEX_POINT('',#9244);
#4642=VERTEX_POINT('',#9248);
#4643=VERTEX_POINT('',#9250);
#4644=VERTEX_POINT('',#9254);
#4645=VERTEX_POINT('',#9255);
#4646=VERTEX_POINT('',#9258);
#4647=VERTEX_POINT('',#9262);
#4648=VERTEX_POINT('',#9277);
#4649=VERTEX_POINT('',#9278);
#4650=VERTEX_POINT('',#9300);
#4651=VERTEX_POINT('',#9311);
#4652=VERTEX_POINT('',#9312);
#4653=VERTEX_POINT('',#9317);
#4654=VERTEX_POINT('',#9319);
#4655=VERTEX_POINT('',#9335);
#4656=VERTEX_POINT('',#9337);
#4657=VERTEX_POINT('',#9341);
#4658=VERTEX_POINT('',#9343);
#4659=VERTEX_POINT('',#9361);
#4660=VERTEX_POINT('',#9363);
#4661=VERTEX_POINT('',#9394);
#4662=VERTEX_POINT('',#9395);
#4663=VERTEX_POINT('',#9397);
#4664=VERTEX_POINT('',#9399);
#4665=VERTEX_POINT('',#9428);
#4666=VERTEX_POINT('',#9429);
#4667=VERTEX_POINT('',#9434);
#4668=VERTEX_POINT('',#9436);
#4669=VERTEX_POINT('',#9441);
#4670=VERTEX_POINT('',#9446);
#4671=VERTEX_POINT('',#9453);
#4672=VERTEX_POINT('',#9454);
#4673=VERTEX_POINT('',#9459);
#4674=VERTEX_POINT('',#9461);
#4675=VERTEX_POINT('',#9466);
#4676=VERTEX_POINT('',#9477);
#4677=VERTEX_POINT('',#9478);
#4678=VERTEX_POINT('',#9484);
#4679=VERTEX_POINT('',#9494);
#4680=VERTEX_POINT('',#9503);
#4681=VERTEX_POINT('',#9508);
#4682=VERTEX_POINT('',#9529);
#4683=VERTEX_POINT('',#9534);
#4684=VERTEX_POINT('',#9554);
#4685=VERTEX_POINT('',#9557);
#4686=VERTEX_POINT('',#9558);
#4687=VERTEX_POINT('',#9560);
#4688=VERTEX_POINT('',#9562);
#4689=VERTEX_POINT('',#9564);
#4690=VERTEX_POINT('',#9568);
#4691=VERTEX_POINT('',#9570);
#4692=VERTEX_POINT('',#9574);
#4693=VERTEX_POINT('',#9576);
#4694=VERTEX_POINT('',#9578);
#4695=VERTEX_POINT('',#9597);
#4696=VERTEX_POINT('',#9598);
#4697=VERTEX_POINT('',#9613);
#4698=VERTEX_POINT('',#9616);
#4699=VERTEX_POINT('',#9618);
#4700=VERTEX_POINT('',#9622);
#4701=VERTEX_POINT('',#9626);
#4702=VERTEX_POINT('',#9629);
#4703=VERTEX_POINT('',#9630);
#4704=VERTEX_POINT('',#9635);
#4705=VERTEX_POINT('',#9639);
#4706=VERTEX_POINT('',#9641);
#4707=VERTEX_POINT('',#9645);
#4708=VERTEX_POINT('',#9646);
#4709=VERTEX_POINT('',#9648);
#4710=VERTEX_POINT('',#9650);
#4711=VERTEX_POINT('',#9654);
#4712=VERTEX_POINT('',#9656);
#4713=VERTEX_POINT('',#9660);
#4714=VERTEX_POINT('',#9661);
#4715=VERTEX_POINT('',#9663);
#4716=VERTEX_POINT('',#9667);
#4717=VERTEX_POINT('',#9669);
#4718=VERTEX_POINT('',#9673);
#4719=VERTEX_POINT('',#9674);
#4720=VERTEX_POINT('',#9679);
#4721=VERTEX_POINT('',#9681);
#4722=VERTEX_POINT('',#9685);
#4723=VERTEX_POINT('',#9688);
#4724=VERTEX_POINT('',#9692);
#4725=VERTEX_POINT('',#9696);
#4726=VERTEX_POINT('',#9701);
#4727=VERTEX_POINT('',#9705);
#4728=VERTEX_POINT('',#9709);
#4729=VERTEX_POINT('',#9710);
#4730=VERTEX_POINT('',#9712);
#4731=VERTEX_POINT('',#9714);
#4732=VERTEX_POINT('',#9716);
#4733=VERTEX_POINT('',#9718);
#4734=VERTEX_POINT('',#9722);
#4735=VERTEX_POINT('',#9724);
#4736=VERTEX_POINT('',#9729);
#4737=VERTEX_POINT('',#9733);
#4738=VERTEX_POINT('',#9737);
#4739=VERTEX_POINT('',#9739);
#4740=VERTEX_POINT('',#9741);
#4741=VERTEX_POINT('',#9743);
#4742=VERTEX_POINT('',#9747);
#4743=VERTEX_POINT('',#9749);
#4744=VERTEX_POINT('',#9753);
#4745=VERTEX_POINT('',#9754);
#4746=VERTEX_POINT('',#9756);
#4747=VERTEX_POINT('',#9758);
#4748=VERTEX_POINT('',#9762);
#4749=VERTEX_POINT('',#9763);
#4750=VERTEX_POINT('',#9765);
#4751=VERTEX_POINT('',#9767);
#4752=VERTEX_POINT('',#9771);
#4753=VERTEX_POINT('',#9772);
#4754=VERTEX_POINT('',#9774);
#4755=VERTEX_POINT('',#9776);
#4756=VERTEX_POINT('',#9780);
#4757=VERTEX_POINT('',#9781);
#4758=VERTEX_POINT('',#9783);
#4759=VERTEX_POINT('',#9785);
#4760=VERTEX_POINT('',#9789);
#4761=VERTEX_POINT('',#9791);
#4762=VERTEX_POINT('',#9795);
#4763=VERTEX_POINT('',#9799);
#4764=VERTEX_POINT('',#9804);
#4765=VERTEX_POINT('',#9805);
#4766=VERTEX_POINT('',#9807);
#4767=VERTEX_POINT('',#9809);
#4768=VERTEX_POINT('',#9839);
#4769=VERTEX_POINT('',#9841);
#4770=VERTEX_POINT('',#9864);
#4771=VERTEX_POINT('',#9869);
#4772=VERTEX_POINT('',#9874);
#4773=VERTEX_POINT('',#9879);
#4774=VERTEX_POINT('',#9884);
#4775=VERTEX_POINT('',#9905);
#4776=VERTEX_POINT('',#9955);
#4777=VERTEX_POINT('',#9973);
#4778=VERTEX_POINT('',#9991);
#4779=VERTEX_POINT('',#10009);
#4780=VERTEX_POINT('',#10010);
#4781=VERTEX_POINT('',#10032);
#4782=VERTEX_POINT('',#10033);
#4783=VERTEX_POINT('',#10044);
#4784=VERTEX_POINT('',#10046);
#4785=VERTEX_POINT('',#10065);
#4786=VERTEX_POINT('',#10080);
#4787=VERTEX_POINT('',#10081);
#4788=VERTEX_POINT('',#10086);
#4789=VERTEX_POINT('',#10088);
#4790=VERTEX_POINT('',#10109);
#4791=VERTEX_POINT('',#10111);
#4792=VERTEX_POINT('',#10141);
#4793=VERTEX_POINT('',#10142);
#4794=VERTEX_POINT('',#10150);
#4795=VERTEX_POINT('',#10151);
#4796=VERTEX_POINT('',#10156);
#4797=VERTEX_POINT('',#10157);
#4798=VERTEX_POINT('',#10162);
#4799=VERTEX_POINT('',#10182);
#4800=VERTEX_POINT('',#10186);
#4801=VERTEX_POINT('',#10188);
#4802=VERTEX_POINT('',#10192);
#4803=VERTEX_POINT('',#10196);
#4804=VERTEX_POINT('',#10198);
#4805=VERTEX_POINT('',#10202);
#4806=VERTEX_POINT('',#10204);
#4807=VERTEX_POINT('',#10208);
#4808=VERTEX_POINT('',#10226);
#4809=VERTEX_POINT('',#10227);
#4810=VERTEX_POINT('',#10232);
#4811=VERTEX_POINT('',#10234);
#4812=VERTEX_POINT('',#10255);
#4813=VERTEX_POINT('',#10277);
#4814=VERTEX_POINT('',#10295);
#4815=VERTEX_POINT('',#10313);
#4816=VERTEX_POINT('',#10331);
#4817=VERTEX_POINT('',#10349);
#4818=VERTEX_POINT('',#10367);
#4819=VERTEX_POINT('',#10385);
#4820=VERTEX_POINT('',#10403);
#4821=VERTEX_POINT('',#10421);
#4822=VERTEX_POINT('',#10451);
#4823=VERTEX_POINT('',#10472);
#4824=VERTEX_POINT('',#10476);
#4825=VERTEX_POINT('',#10483);
#4826=VERTEX_POINT('',#10484);
#4827=VERTEX_POINT('',#10486);
#4828=VERTEX_POINT('',#10488);
#4829=VERTEX_POINT('',#10492);
#4830=VERTEX_POINT('',#10493);
#4831=VERTEX_POINT('',#10495);
#4832=VERTEX_POINT('',#10497);
#4833=VERTEX_POINT('',#10501);
#4834=VERTEX_POINT('',#10504);
#4835=VERTEX_POINT('',#10505);
#4836=VERTEX_POINT('',#10510);
#4837=VERTEX_POINT('',#10511);
#4838=VERTEX_POINT('',#10516);
#4839=VERTEX_POINT('',#10517);
#4840=VERTEX_POINT('',#10519);
#4841=VERTEX_POINT('',#10521);
#4842=VERTEX_POINT('',#10525);
#4843=VERTEX_POINT('',#10526);
#4844=VERTEX_POINT('',#10532);
#4845=VERTEX_POINT('',#10534);
#4846=VERTEX_POINT('',#10538);
#4847=VERTEX_POINT('',#10542);
#4848=VERTEX_POINT('',#10546);
#4849=VERTEX_POINT('',#10550);
#4850=VERTEX_POINT('',#10780);
#4851=VERTEX_POINT('',#10782);
#4852=VERTEX_POINT('',#10784);
#4853=VERTEX_POINT('',#10786);
#4854=VERTEX_POINT('',#10821);
#4855=VERTEX_POINT('',#10822);
#4856=VERTEX_POINT('',#10844);
#4857=VERTEX_POINT('',#10855);
#4858=VERTEX_POINT('',#10869);
#4859=VERTEX_POINT('',#10876);
#4860=VERTEX_POINT('',#10878);
#4861=VERTEX_POINT('',#10882);
#4862=VERTEX_POINT('',#10886);
#4863=VERTEX_POINT('',#10887);
#4864=VERTEX_POINT('',#10892);
#4865=VERTEX_POINT('',#10896);
#4866=VERTEX_POINT('',#10900);
#4867=VERTEX_POINT('',#10904);
#4868=VERTEX_POINT('',#10906);
#4869=VERTEX_POINT('',#10908);
#4870=VERTEX_POINT('',#10910);
#4871=VERTEX_POINT('',#10914);
#4872=VERTEX_POINT('',#10918);
#4873=VERTEX_POINT('',#10922);
#4874=VERTEX_POINT('',#10926);
#4875=VERTEX_POINT('',#10930);
#4876=VERTEX_POINT('',#10935);
#4877=VERTEX_POINT('',#10939);
#4878=VERTEX_POINT('',#10943);
#4879=VERTEX_POINT('',#10947);
#4880=VERTEX_POINT('',#10951);
#4881=VERTEX_POINT('',#10955);
#4882=VERTEX_POINT('',#10959);
#4883=VERTEX_POINT('',#10963);
#4884=VERTEX_POINT('',#10967);
#4885=VERTEX_POINT('',#10968);
#4886=VERTEX_POINT('',#10970);
#4887=VERTEX_POINT('',#10972);
#4888=VERTEX_POINT('',#10974);
#4889=VERTEX_POINT('',#10976);
#4890=VERTEX_POINT('',#10980);
#4891=VERTEX_POINT('',#10981);
#4892=VERTEX_POINT('',#10986);
#4893=VERTEX_POINT('',#10990);
#4894=VERTEX_POINT('',#10994);
#4895=VERTEX_POINT('',#10995);
#4896=VERTEX_POINT('',#11000);
#4897=VERTEX_POINT('',#11004);
#4898=VERTEX_POINT('',#11008);
#4899=VERTEX_POINT('',#11012);
#4900=VERTEX_POINT('',#11016);
#4901=VERTEX_POINT('',#11020);
#4902=VERTEX_POINT('',#11028);
#4903=VERTEX_POINT('',#11029);
#4904=VERTEX_POINT('',#11031);
#4905=VERTEX_POINT('',#11033);
#4906=VERTEX_POINT('',#11038);
#4907=VERTEX_POINT('',#11040);
#4908=VERTEX_POINT('',#11052);
#4909=VERTEX_POINT('',#11057);
#4910=VERTEX_POINT('',#11060);
#4911=VERTEX_POINT('',#11065);
#4912=VERTEX_POINT('',#11069);
#4913=VERTEX_POINT('',#11071);
#4914=VERTEX_POINT('',#11073);
#4915=VERTEX_POINT('',#11075);
#4916=VERTEX_POINT('',#11077);
#4917=VERTEX_POINT('',#11079);
#4918=VERTEX_POINT('',#11081);
#4919=VERTEX_POINT('',#11083);
#4920=VERTEX_POINT('',#11087);
#4921=VERTEX_POINT('',#11088);
#4922=VERTEX_POINT('',#11090);
#4923=VERTEX_POINT('',#11092);
#4924=VERTEX_POINT('',#11094);
#4925=VERTEX_POINT('',#11096);
#4926=VERTEX_POINT('',#11107);
#4927=VERTEX_POINT('',#11109);
#4928=VERTEX_POINT('',#11123);
#4929=VERTEX_POINT('',#11130);
#4930=VERTEX_POINT('',#11141);
#4931=VERTEX_POINT('',#11155);
#4932=VERTEX_POINT('',#11169);
#4933=VERTEX_POINT('',#11183);
#4934=VERTEX_POINT('',#11190);
#4935=VERTEX_POINT('',#11201);
#4936=VERTEX_POINT('',#11335);
#4937=VERTEX_POINT('',#11405);
#4938=VERTEX_POINT('',#11408);
#4939=VERTEX_POINT('',#11410);
#4940=VERTEX_POINT('',#11412);
#4941=VERTEX_POINT('',#11421);
#4942=VERTEX_POINT('',#11442);
#4943=VERTEX_POINT('',#11444);
#4944=VERTEX_POINT('',#11448);
#4945=VERTEX_POINT('',#11450);
#4946=VERTEX_POINT('',#11452);
#4947=VERTEX_POINT('',#11454);
#4948=VERTEX_POINT('',#11456);
#4949=VERTEX_POINT('',#11458);
#4950=VERTEX_POINT('',#11460);
#4951=VERTEX_POINT('',#11462);
#4952=VERTEX_POINT('',#11466);
#4953=VERTEX_POINT('',#11470);
#4954=VERTEX_POINT('',#11472);
#4955=VERTEX_POINT('',#11474);
#4956=VERTEX_POINT('',#11476);
#4957=VERTEX_POINT('',#11478);
#4958=VERTEX_POINT('',#11482);
#4959=VERTEX_POINT('',#11484);
#4960=VERTEX_POINT('',#11488);
#4961=VERTEX_POINT('',#11492);
#4962=VERTEX_POINT('',#11494);
#4963=VERTEX_POINT('',#11500);
#4964=VERTEX_POINT('',#11504);
#4965=VERTEX_POINT('',#11510);
#4966=VERTEX_POINT('',#11512);
#4967=VERTEX_POINT('',#11514);
#4968=VERTEX_POINT('',#11522);
#4969=VERTEX_POINT('',#11524);
#4970=VERTEX_POINT('',#11526);
#4971=VERTEX_POINT('',#11528);
#4972=VERTEX_POINT('',#11532);
#4973=VERTEX_POINT('',#11533);
#4974=VERTEX_POINT('',#11536);
#4975=VERTEX_POINT('',#11538);
#4976=VERTEX_POINT('',#11545);
#4977=VERTEX_POINT('',#11549);
#4978=VERTEX_POINT('',#11568);
#4979=VERTEX_POINT('',#11582);
#4980=VERTEX_POINT('',#11587);
#4981=VERTEX_POINT('',#11592);
#4982=VERTEX_POINT('',#11597);
#4983=VERTEX_POINT('',#11652);
#4984=VERTEX_POINT('',#11661);
#4985=VERTEX_POINT('',#11666);
#4986=VERTEX_POINT('',#11671);
#4987=VERTEX_POINT('',#11676);
#4988=VERTEX_POINT('',#11715);
#4989=VERTEX_POINT('',#11720);
#4990=VERTEX_POINT('',#11727);
#4991=VERTEX_POINT('',#11731);
#4992=VERTEX_POINT('',#11783);
#4993=VERTEX_POINT('',#11788);
#4994=VERTEX_POINT('',#11792);
#4995=VERTEX_POINT('',#11799);
#4996=ELLIPSE('',#6419,1.31453309283941,1.31440495742389);
#4997=ELLIPSE('',#6433,833.39952242677,29.0852238848025);
#4998=ELLIPSE('',#6434,29.0865146535723,29.0852238848025);
#4999=ELLIPSE('',#6435,2379.74547283163,29.0852238848025);
#5000=ELLIPSE('',#6436,5685.65995355754,29.0852238848025);
#5001=ELLIPSE('',#6437,29.0865146535723,29.0852238848025);
#5002=ELLIPSE('',#6438,5685.65995355754,29.0852238848025);
#5003=ELLIPSE('',#6439,29.0865146535723,29.0852238848025);
#5004=ELLIPSE('',#6440,5685.65995355754,29.0852238848025);
#5005=ELLIPSE('',#6441,29.0865146535723,29.0852238848025);
#5006=ELLIPSE('',#6442,5685.65995355754,29.0852238848025);
#5007=ELLIPSE('',#6443,29.0865146535723,29.0852238848025);
#5008=ELLIPSE('',#6444,5685.65995355754,29.0852238848025);
#5009=ELLIPSE('',#6445,29.0865146535723,29.0852238848025);
#5010=ELLIPSE('',#6446,5685.65995355754,29.0852238848025);
#5011=ELLIPSE('',#6447,29.0865146535723,29.0852238848025);
#5012=ELLIPSE('',#6448,5685.65995355755,29.0852238848025);
#5013=ELLIPSE('',#6449,29.0865146535723,29.0852238848025);
#5014=ELLIPSE('',#6450,2379.74547283163,29.0852238848025);
#5015=ELLIPSE('',#6451,29.0865146535723,29.0852238848025);
#5016=ELLIPSE('',#6452,5685.65995355755,29.0852238848025);
#5017=ELLIPSE('',#6453,29.0865146535723,29.0852238848025);
#5018=ELLIPSE('',#6454,2379.74547283163,29.0852238848025);
#5019=ELLIPSE('',#6455,29.0865146535723,29.0852238848025);
#5020=ELLIPSE('',#6456,29.0880592721974,29.0852238848025);
#5021=ELLIPSE('',#6458,50.1854356529878,50.0000000000077);
#5022=ELLIPSE('',#6459,130.482132697748,130.);
#5023=ELLIPSE('',#6462,29.0865146535723,29.0852238848025);
#5024=ELLIPSE('',#6463,25.9242175168011,25.9235518864656);
#5025=ELLIPSE('',#6464,1.5000429123012,1.5);
#5026=ELLIPSE('',#6465,1.5000429123012,1.5);
#5027=ELLIPSE('',#6466,1.5000429123012,1.5);
#5028=ELLIPSE('',#6469,51.7025806353173,50.0000000000077);
#5029=ELLIPSE('',#6470,134.426709651804,130.);
#5030=ELLIPSE('',#6472,51.7025806353104,50.000000000001);
#5031=ELLIPSE('',#6481,50.4839076979776,50.300000000001);
#5032=ELLIPSE('',#6484,49.8820819156677,49.7000000000077);
#5033=ELLIPSE('',#6487,0.501854356529801,0.5);
#5034=ELLIPSE('',#6488,0.501854356529801,0.5);
#5035=ELLIPSE('',#6490,2.10778829742517,2.1);
#5036=ELLIPSE('',#6492,29.0880592721974,29.0852238848025);
#5037=ELLIPSE('',#6498,0.517025806353093,0.5);
#5038=ELLIPSE('',#6499,0.517025806353094,0.5);
#5039=ELLIPSE('',#6502,3.00454381184152,3.);
#5040=ELLIPSE('',#6503,3.00454381184152,3.);
#5041=ELLIPSE('',#6506,2.20333212868379,2.2);
#5042=ELLIPSE('',#6507,9.81484311868378,9.80000000000146);
#5043=ELLIPSE('',#6508,10.0151460394661,9.99999999999434);
#5044=ELLIPSE('',#6512,131.736179323964,127.5);
#5045=ELLIPSE('',#6513,51.6612467937193,50.0000000000077);
#5046=ELLIPSE('',#6514,51.6612467937124,50.000000000001);
#5047=ELLIPSE('',#6516,18.7004774617628,18.7);
#5048=ELLIPSE('',#6539,5.25015019306181,5.25000000000763);
#5049=ELLIPSE('',#6567,49.6824454750792,49.5000000000077);
#5050=ELLIPSE('',#6568,49.6828148985278,49.5000000000077);
#5051=ELLIPSE('',#6570,49.8817139679885,49.7000000000077);
#5052=ELLIPSE('',#6575,50.683181988288,50.500000000001);
#5053=ELLIPSE('',#6577,50.4843159531115,50.300000000001);
#5054=ELLIPSE('',#6579,50.6835886382721,50.500000000001);
#5055=ELLIPSE('',#6589,1.50002363213229,1.5);
#5056=ELLIPSE('',#6592,1.50002363213229,1.5);
#5057=ELLIPSE('',#6602,1.50002363213229,1.5);
#5058=ELLIPSE('',#6616,1.50002363213229,1.5);
#5059=ELLIPSE('',#6632,0.200005051018625,0.2);
#5060=ELLIPSE('',#6633,0.200005051018625,0.2);
#5061=ELLIPSE('',#6640,50.183216653199,50.0000000000077);
#5062=ELLIPSE('',#6649,50.1832166531923,50.000000000001);
#5063=ELLIPSE('',#6688,50.183216653199,50.0000000000077);
#5064=ELLIPSE('',#6690,20.7006638977471,20.7);
#5065=ELLIPSE('',#6694,1.50048759320351,1.5);
#5066=ELLIPSE('',#6695,1.50048759320351,1.5);
#5067=ELLIPSE('',#6697,1.50048759320351,1.5);
#5068=ELLIPSE('',#6698,1.50048759320351,1.5);
#5069=ELLIPSE('',#6702,3.05309490922988,3.05);
#5070=ELLIPSE('',#6704,3.05309490922989,3.05);
#5071=ELLIPSE('',#6706,1.50048759320351,1.5);
#5072=ELLIPSE('',#6707,1.50048759320351,1.5);
#5073=ELLIPSE('',#6709,3.05309490922988,3.05);
#5074=ELLIPSE('',#6712,1.5000429123012,1.5);
#5075=ELLIPSE('',#6715,1.5000429123012,1.5);
#5076=ELLIPSE('',#6718,1.5000429123012,1.5);
#5077=ELLIPSE('',#6752,0.5018318100167,0.5);
#5078=ELLIPSE('',#6753,0.5018318100167,0.5);
#5079=ELLIPSE('',#6756,50.1793755696578,50.000000000001);
#5080=ELLIPSE('',#6777,3.00454381184152,3.);
#5081=ELLIPSE('',#6780,3.00454381184152,3.);
#5082=ELLIPSE('',#6785,0.501854356529801,0.5);
#5083=ELLIPSE('',#6786,0.501854356529801,0.5);
#5084=ELLIPSE('',#6794,3.05461954203888,3.05);
#5085=ELLIPSE('',#6795,3.05461954203888,3.05);
#5086=ELLIPSE('',#6796,3.05461954203888,3.05);
#5087=ELLIPSE('',#6802,739.106787898589,29.0852238848025);
#5088=ELLIPSE('',#6804,833.3995224269,29.0852238848025);
#5089=ELLIPSE('',#6810,2.20333212868379,2.2);
#5090=ELLIPSE('',#6812,0.517025806353093,0.5);
#5091=ELLIPSE('',#6813,0.517025806353093,0.5);
#5092=ELLIPSE('',#6816,50.1793755696645,50.0000000000077);
#5093=ELLIPSE('',#6818,23.2005923589785,23.2);
#5094=ELLIPSE('',#6820,127.957407702625,127.5);
#5095=ELLIPSE('',#6830,26.5455875574468,26.543000000001);
#5096=ELLIPSE('',#6832,26.5441779478,26.543000000001);
#5097=EDGE_LOOP('',(#1574));
#5098=EDGE_LOOP('',(#1575));
#5099=EDGE_LOOP('',(#1576));
#5100=EDGE_LOOP('',(#1577));
#5101=EDGE_LOOP('',(#1578));
#5102=EDGE_LOOP('',(#1579));
#5103=EDGE_LOOP('',(#1580,#1581,#1582));
#5104=EDGE_LOOP('',(#1583,#1584,#1585,#1586));
#5105=EDGE_LOOP('',(#1587,#1588,#1589,#1590,#1591,#1592));
#5106=EDGE_LOOP('',(#1593,#1594,#1595,#1596));
#5107=EDGE_LOOP('',(#1597,#1598,#1599,#1600));
#5108=EDGE_LOOP('',(#1601,#1602,#1603,#1604));
#5109=EDGE_LOOP('',(#1605,#1606,#1607,#1608));
#5110=EDGE_LOOP('',(#1609,#1610,#1611,#1612,#1613,#1614,#1615,#1616,#1617,
#1618,#1619,#1620,#1621,#1622,#1623,#1624,#1625,#1626,#1627,#1628,#1629,
#1630,#1631,#1632,#1633));
#5111=EDGE_LOOP('',(#1634,#1635,#1636,#1637,#1638,#1639,#1640,#1641,#1642,
#1643,#1644,#1645));
#5112=EDGE_LOOP('',(#1646));
#5113=EDGE_LOOP('',(#1647,#1648,#1649,#1650,#1651,#1652,#1653,#1654,#1655,
#1656,#1657,#1658,#1659,#1660,#1661,#1662,#1663,#1664,#1665,#1666,#1667,
#1668,#1669,#1670,#1671,#1672,#1673,#1674,#1675,#1676,#1677,#1678,#1679,
#1680,#1681,#1682,#1683,#1684,#1685,#1686,#1687));
#5114=EDGE_LOOP('',(#1688,#1689,#1690,#1691));
#5115=EDGE_LOOP('',(#1692,#1693,#1694,#1695,#1696,#1697,#1698,#1699));
#5116=EDGE_LOOP('',(#1700,#1701,#1702,#1703,#1704,#1705,#1706,#1707,#1708,
#1709,#1710,#1711,#1712,#1713));
#5117=EDGE_LOOP('',(#1714,#1715,#1716,#1717));
#5118=EDGE_LOOP('',(#1718,#1719,#1720,#1721));
#5119=EDGE_LOOP('',(#1722,#1723,#1724,#1725,#1726,#1727,#1728,#1729));
#5120=EDGE_LOOP('',(#1730,#1731,#1732,#1733,#1734,#1735));
#5121=EDGE_LOOP('',(#1736,#1737,#1738,#1739,#1740,#1741,#1742,#1743,#1744,
#1745,#1746,#1747));
#5122=EDGE_LOOP('',(#1748,#1749,#1750,#1751));
#5123=EDGE_LOOP('',(#1752,#1753,#1754,#1755,#1756));
#5124=EDGE_LOOP('',(#1757,#1758,#1759,#1760));
#5125=EDGE_LOOP('',(#1761,#1762,#1763,#1764,#1765,#1766));
#5126=EDGE_LOOP('',(#1767,#1768,#1769,#1770,#1771));
#5127=EDGE_LOOP('',(#1772,#1773,#1774,#1775));
#5128=EDGE_LOOP('',(#1776,#1777,#1778,#1779,#1780,#1781,#1782,#1783,#1784,
#1785,#1786,#1787,#1788));
#5129=EDGE_LOOP('',(#1789,#1790,#1791,#1792,#1793));
#5130=EDGE_LOOP('',(#1794,#1795,#1796,#1797,#1798));
#5131=EDGE_LOOP('',(#1799,#1800));
#5132=EDGE_LOOP('',(#1801,#1802,#1803,#1804,#1805,#1806));
#5133=EDGE_LOOP('',(#1807,#1808,#1809,#1810,#1811,#1812,#1813,#1814,#1815,
#1816,#1817,#1818,#1819,#1820,#1821,#1822));
#5134=EDGE_LOOP('',(#1823));
#5135=EDGE_LOOP('',(#1824,#1825,#1826,#1827,#1828,#1829,#1830,#1831));
#5136=EDGE_LOOP('',(#1832,#1833,#1834,#1835));
#5137=EDGE_LOOP('',(#1836,#1837,#1838,#1839,#1840,#1841,#1842,#1843,#1844,
#1845));
#5138=EDGE_LOOP('',(#1846));
#5139=EDGE_LOOP('',(#1847));
#5140=EDGE_LOOP('',(#1848));
#5141=EDGE_LOOP('',(#1849));
#5142=EDGE_LOOP('',(#1850,#1851,#1852,#1853));
#5143=EDGE_LOOP('',(#1854,#1855,#1856,#1857));
#5144=EDGE_LOOP('',(#1858,#1859,#1860,#1861));
#5145=EDGE_LOOP('',(#1862,#1863,#1864,#1865));
#5146=EDGE_LOOP('',(#1866,#1867,#1868,#1869));
#5147=EDGE_LOOP('',(#1870,#1871,#1872,#1873));
#5148=EDGE_LOOP('',(#1874));
#5149=EDGE_LOOP('',(#1875));
#5150=EDGE_LOOP('',(#1876));
#5151=EDGE_LOOP('',(#1877));
#5152=EDGE_LOOP('',(#1878,#1879,#1880,#1881));
#5153=EDGE_LOOP('',(#1882,#1883,#1884,#1885,#1886,#1887,#1888,#1889));
#5154=EDGE_LOOP('',(#1890,#1891,#1892,#1893));
#5155=EDGE_LOOP('',(#1894,#1895,#1896,#1897));
#5156=EDGE_LOOP('',(#1898,#1899,#1900,#1901,#1902,#1903,#1904,#1905));
#5157=EDGE_LOOP('',(#1906,#1907,#1908,#1909));
#5158=EDGE_LOOP('',(#1910,#1911,#1912,#1913));
#5159=EDGE_LOOP('',(#1914,#1915,#1916,#1917));
#5160=EDGE_LOOP('',(#1918,#1919,#1920,#1921,#1922,#1923,#1924,#1925));
#5161=EDGE_LOOP('',(#1926,#1927,#1928,#1929));
#5162=EDGE_LOOP('',(#1930,#1931,#1932,#1933,#1934,#1935,#1936,#1937));
#5163=EDGE_LOOP('',(#1938,#1939,#1940,#1941));
#5164=EDGE_LOOP('',(#1942,#1943,#1944,#1945));
#5165=EDGE_LOOP('',(#1946,#1947,#1948,#1949,#1950,#1951,#1952));
#5166=EDGE_LOOP('',(#1953,#1954,#1955,#1956,#1957,#1958));
#5167=EDGE_LOOP('',(#1959,#1960,#1961,#1962));
#5168=EDGE_LOOP('',(#1963,#1964,#1965,#1966));
#5169=EDGE_LOOP('',(#1967,#1968,#1969,#1970,#1971,#1972));
#5170=EDGE_LOOP('',(#1973,#1974,#1975,#1976));
#5171=EDGE_LOOP('',(#1977,#1978,#1979,#1980));
#5172=EDGE_LOOP('',(#1981,#1982,#1983,#1984));
#5173=EDGE_LOOP('',(#1985,#1986,#1987,#1988));
#5174=EDGE_LOOP('',(#1989,#1990,#1991,#1992));
#5175=EDGE_LOOP('',(#1993,#1994,#1995,#1996));
#5176=EDGE_LOOP('',(#1997,#1998,#1999,#2000,#2001,#2002));
#5177=EDGE_LOOP('',(#2003,#2004,#2005,#2006,#2007,#2008));
#5178=EDGE_LOOP('',(#2009,#2010,#2011,#2012,#2013,#2014,#2015));
#5179=EDGE_LOOP('',(#2016,#2017,#2018,#2019,#2020,#2021,#2022,#2023,#2024,
#2025));
#5180=EDGE_LOOP('',(#2026,#2027,#2028,#2029));
#5181=EDGE_LOOP('',(#2030,#2031,#2032,#2033));
#5182=EDGE_LOOP('',(#2034));
#5183=EDGE_LOOP('',(#2035));
#5184=EDGE_LOOP('',(#2036,#2037,#2038,#2039,#2040));
#5185=EDGE_LOOP('',(#2041,#2042,#2043,#2044));
#5186=EDGE_LOOP('',(#2045,#2046,#2047,#2048,#2049));
#5187=EDGE_LOOP('',(#2050,#2051,#2052,#2053,#2054,#2055,#2056,#2057,#2058));
#5188=EDGE_LOOP('',(#2059));
#5189=EDGE_LOOP('',(#2060,#2061,#2062,#2063,#2064,#2065,#2066));
#5190=EDGE_LOOP('',(#2067,#2068,#2069,#2070));
#5191=EDGE_LOOP('',(#2071));
#5192=EDGE_LOOP('',(#2072));
#5193=EDGE_LOOP('',(#2073,#2074,#2075,#2076));
#5194=EDGE_LOOP('',(#2077,#2078,#2079,#2080));
#5195=EDGE_LOOP('',(#2081,#2082,#2083,#2084));
#5196=EDGE_LOOP('',(#2085,#2086,#2087,#2088));
#5197=EDGE_LOOP('',(#2089,#2090,#2091,#2092));
#5198=EDGE_LOOP('',(#2093,#2094,#2095));
#5199=EDGE_LOOP('',(#2096,#2097,#2098,#2099));
#5200=EDGE_LOOP('',(#2100,#2101,#2102,#2103));
#5201=EDGE_LOOP('',(#2104,#2105,#2106,#2107));
#5202=EDGE_LOOP('',(#2108,#2109,#2110,#2111,#2112,#2113,#2114,#2115,#2116,
#2117,#2118));
#5203=EDGE_LOOP('',(#2119,#2120,#2121,#2122));
#5204=EDGE_LOOP('',(#2123,#2124,#2125,#2126,#2127,#2128,#2129,#2130,#2131,
#2132,#2133,#2134,#2135,#2136));
#5205=EDGE_LOOP('',(#2137,#2138,#2139,#2140));
#5206=EDGE_LOOP('',(#2141,#2142,#2143,#2144));
#5207=EDGE_LOOP('',(#2145,#2146,#2147,#2148,#2149,#2150));
#5208=EDGE_LOOP('',(#2151,#2152,#2153,#2154));
#5209=EDGE_LOOP('',(#2155,#2156,#2157,#2158,#2159,#2160,#2161,#2162,#2163,
#2164,#2165,#2166));
#5210=EDGE_LOOP('',(#2167,#2168,#2169,#2170,#2171));
#5211=EDGE_LOOP('',(#2172,#2173,#2174,#2175,#2176,#2177,#2178,#2179,#2180,
#2181));
#5212=EDGE_LOOP('',(#2182,#2183,#2184,#2185));
#5213=EDGE_LOOP('',(#2186,#2187,#2188,#2189));
#5214=EDGE_LOOP('',(#2190,#2191,#2192,#2193));
#5215=EDGE_LOOP('',(#2194,#2195,#2196,#2197));
#5216=EDGE_LOOP('',(#2198,#2199,#2200,#2201));
#5217=EDGE_LOOP('',(#2202,#2203,#2204,#2205));
#5218=EDGE_LOOP('',(#2206,#2207,#2208,#2209,#2210));
#5219=EDGE_LOOP('',(#2211,#2212,#2213,#2214,#2215));
#5220=EDGE_LOOP('',(#2216,#2217,#2218,#2219));
#5221=EDGE_LOOP('',(#2220,#2221,#2222,#2223));
#5222=EDGE_LOOP('',(#2224,#2225,#2226,#2227,#2228,#2229,#2230,#2231));
#5223=EDGE_LOOP('',(#2232,#2233,#2234,#2235));
#5224=EDGE_LOOP('',(#2236,#2237,#2238,#2239,#2240));
#5225=EDGE_LOOP('',(#2241,#2242,#2243,#2244));
#5226=EDGE_LOOP('',(#2245,#2246,#2247,#2248,#2249));
#5227=EDGE_LOOP('',(#2250,#2251,#2252,#2253));
#5228=EDGE_LOOP('',(#2254,#2255,#2256,#2257));
#5229=EDGE_LOOP('',(#2258,#2259,#2260,#2261));
#5230=EDGE_LOOP('',(#2262,#2263,#2264,#2265));
#5231=EDGE_LOOP('',(#2266,#2267,#2268,#2269));
#5232=EDGE_LOOP('',(#2270,#2271,#2272,#2273,#2274));
#5233=EDGE_LOOP('',(#2275,#2276,#2277,#2278,#2279));
#5234=EDGE_LOOP('',(#2280,#2281,#2282,#2283));
#5235=EDGE_LOOP('',(#2284,#2285,#2286,#2287));
#5236=EDGE_LOOP('',(#2288,#2289,#2290,#2291));
#5237=EDGE_LOOP('',(#2292,#2293,#2294,#2295,#2296,#2297));
#5238=EDGE_LOOP('',(#2298,#2299,#2300,#2301,#2302));
#5239=EDGE_LOOP('',(#2303,#2304,#2305,#2306));
#5240=EDGE_LOOP('',(#2307,#2308,#2309,#2310));
#5241=EDGE_LOOP('',(#2311,#2312,#2313,#2314,#2315,#2316));
#5242=EDGE_LOOP('',(#2317,#2318,#2319,#2320));
#5243=EDGE_LOOP('',(#2321,#2322,#2323,#2324));
#5244=EDGE_LOOP('',(#2325,#2326,#2327,#2328));
#5245=EDGE_LOOP('',(#2329,#2330,#2331,#2332));
#5246=EDGE_LOOP('',(#2333,#2334,#2335,#2336));
#5247=EDGE_LOOP('',(#2337,#2338,#2339,#2340,#2341));
#5248=EDGE_LOOP('',(#2342,#2343,#2344,#2345));
#5249=EDGE_LOOP('',(#2346,#2347,#2348,#2349));
#5250=EDGE_LOOP('',(#2350,#2351,#2352,#2353));
#5251=EDGE_LOOP('',(#2354,#2355,#2356,#2357));
#5252=EDGE_LOOP('',(#2358,#2359,#2360,#2361));
#5253=EDGE_LOOP('',(#2362,#2363,#2364,#2365));
#5254=EDGE_LOOP('',(#2366,#2367,#2368,#2369));
#5255=EDGE_LOOP('',(#2370,#2371,#2372,#2373));
#5256=EDGE_LOOP('',(#2374,#2375,#2376,#2377));
#5257=EDGE_LOOP('',(#2378,#2379,#2380,#2381));
#5258=EDGE_LOOP('',(#2382,#2383,#2384,#2385));
#5259=EDGE_LOOP('',(#2386,#2387,#2388,#2389));
#5260=EDGE_LOOP('',(#2390,#2391,#2392,#2393));
#5261=EDGE_LOOP('',(#2394,#2395,#2396,#2397,#2398));
#5262=EDGE_LOOP('',(#2399));
#5263=EDGE_LOOP('',(#2400));
#5264=EDGE_LOOP('',(#2401,#2402,#2403,#2404,#2405,#2406,#2407,#2408));
#5265=EDGE_LOOP('',(#2409,#2410,#2411));
#5266=EDGE_LOOP('',(#2412,#2413,#2414,#2415));
#5267=EDGE_LOOP('',(#2416,#2417,#2418,#2419));
#5268=EDGE_LOOP('',(#2420));
#5269=EDGE_LOOP('',(#2421,#2422,#2423,#2424));
#5270=EDGE_LOOP('',(#2425,#2426,#2427,#2428));
#5271=EDGE_LOOP('',(#2429,#2430,#2431,#2432));
#5272=EDGE_LOOP('',(#2433,#2434,#2435,#2436));
#5273=EDGE_LOOP('',(#2437));
#5274=EDGE_LOOP('',(#2438));
#5275=EDGE_LOOP('',(#2439,#2440,#2441,#2442));
#5276=EDGE_LOOP('',(#2443,#2444,#2445,#2446));
#5277=EDGE_LOOP('',(#2447,#2448,#2449,#2450));
#5278=EDGE_LOOP('',(#2451,#2452,#2453,#2454));
#5279=EDGE_LOOP('',(#2455,#2456,#2457,#2458));
#5280=EDGE_LOOP('',(#2459,#2460,#2461,#2462));
#5281=EDGE_LOOP('',(#2463,#2464,#2465,#2466,#2467,#2468,#2469,#2470,#2471));
#5282=EDGE_LOOP('',(#2472,#2473,#2474,#2475));
#5283=EDGE_LOOP('',(#2476,#2477,#2478));
#5284=EDGE_LOOP('',(#2479,#2480,#2481,#2482));
#5285=EDGE_LOOP('',(#2483,#2484,#2485));
#5286=EDGE_LOOP('',(#2486,#2487,#2488,#2489));
#5287=EDGE_LOOP('',(#2490));
#5288=EDGE_LOOP('',(#2491,#2492));
#5289=EDGE_LOOP('',(#2493,#2494,#2495,#2496,#2497,#2498,#2499,#2500,#2501));
#5290=EDGE_LOOP('',(#2502,#2503,#2504,#2505,#2506));
#5291=EDGE_LOOP('',(#2507,#2508,#2509,#2510));
#5292=EDGE_LOOP('',(#2511,#2512,#2513,#2514,#2515));
#5293=EDGE_LOOP('',(#2516,#2517,#2518,#2519,#2520,#2521,#2522,#2523,#2524,
#2525,#2526,#2527));
#5294=EDGE_LOOP('',(#2528,#2529,#2530,#2531,#2532,#2533,#2534,#2535,#2536,
#2537,#2538,#2539,#2540));
#5295=EDGE_LOOP('',(#2541,#2542,#2543,#2544,#2545,#2546,#2547,#2548,#2549,
#2550,#2551,#2552,#2553));
#5296=EDGE_LOOP('',(#2554,#2555,#2556,#2557));
#5297=EDGE_LOOP('',(#2558,#2559,#2560,#2561));
#5298=EDGE_LOOP('',(#2562,#2563,#2564,#2565));
#5299=EDGE_LOOP('',(#2566,#2567,#2568,#2569));
#5300=EDGE_LOOP('',(#2570,#2571,#2572,#2573));
#5301=EDGE_LOOP('',(#2574,#2575,#2576,#2577));
#5302=EDGE_LOOP('',(#2578,#2579,#2580,#2581));
#5303=EDGE_LOOP('',(#2582,#2583,#2584,#2585));
#5304=EDGE_LOOP('',(#2586,#2587,#2588,#2589));
#5305=EDGE_LOOP('',(#2590,#2591,#2592,#2593));
#5306=EDGE_LOOP('',(#2594,#2595,#2596,#2597));
#5307=EDGE_LOOP('',(#2598,#2599,#2600,#2601,#2602,#2603,#2604,#2605,#2606,
#2607,#2608,#2609,#2610,#2611,#2612,#2613,#2614,#2615,#2616,#2617,#2618,
#2619,#2620,#2621,#2622,#2623,#2624,#2625));
#5308=EDGE_LOOP('',(#2626,#2627,#2628,#2629));
#5309=EDGE_LOOP('',(#2630,#2631,#2632,#2633));
#5310=EDGE_LOOP('',(#2634,#2635,#2636,#2637));
#5311=EDGE_LOOP('',(#2638,#2639,#2640,#2641,#2642));
#5312=EDGE_LOOP('',(#2643,#2644,#2645,#2646));
#5313=EDGE_LOOP('',(#2647,#2648,#2649,#2650,#2651,#2652,#2653,#2654,#2655,
#2656,#2657,#2658,#2659));
#5314=EDGE_LOOP('',(#2660,#2661,#2662,#2663));
#5315=EDGE_LOOP('',(#2664,#2665,#2666,#2667,#2668,#2669));
#5316=EDGE_LOOP('',(#2670,#2671,#2672,#2673,#2674,#2675,#2676,#2677));
#5317=EDGE_LOOP('',(#2678,#2679,#2680,#2681,#2682));
#5318=EDGE_LOOP('',(#2683,#2684,#2685,#2686,#2687,#2688,#2689,#2690,#2691));
#5319=EDGE_LOOP('',(#2692,#2693,#2694,#2695,#2696));
#5320=EDGE_LOOP('',(#2697,#2698,#2699,#2700));
#5321=EDGE_LOOP('',(#2701,#2702,#2703,#2704));
#5322=EDGE_LOOP('',(#2705,#2706,#2707,#2708));
#5323=EDGE_LOOP('',(#2709,#2710,#2711,#2712));
#5324=EDGE_LOOP('',(#2713,#2714,#2715,#2716));
#5325=EDGE_LOOP('',(#2717,#2718,#2719,#2720));
#5326=EDGE_LOOP('',(#2721,#2722,#2723,#2724,#2725,#2726,#2727,#2728,#2729));
#5327=EDGE_LOOP('',(#2730,#2731,#2732,#2733));
#5328=EDGE_LOOP('',(#2734,#2735,#2736,#2737,#2738,#2739,#2740,#2741));
#5329=EDGE_LOOP('',(#2742,#2743,#2744,#2745));
#5330=EDGE_LOOP('',(#2746,#2747,#2748,#2749));
#5331=EDGE_LOOP('',(#2750,#2751,#2752,#2753,#2754,#2755,#2756,#2757,#2758));
#5332=EDGE_LOOP('',(#2759,#2760,#2761,#2762));
#5333=EDGE_LOOP('',(#2763,#2764,#2765,#2766));
#5334=EDGE_LOOP('',(#2767,#2768,#2769,#2770,#2771,#2772,#2773,#2774));
#5335=EDGE_LOOP('',(#2775,#2776,#2777,#2778));
#5336=EDGE_LOOP('',(#2779,#2780,#2781,#2782));
#5337=EDGE_LOOP('',(#2783,#2784,#2785,#2786));
#5338=EDGE_LOOP('',(#2787,#2788,#2789,#2790));
#5339=EDGE_LOOP('',(#2791,#2792,#2793,#2794));
#5340=EDGE_LOOP('',(#2795,#2796,#2797,#2798));
#5341=EDGE_LOOP('',(#2799,#2800,#2801,#2802));
#5342=EDGE_LOOP('',(#2803,#2804,#2805,#2806,#2807,#2808));
#5343=EDGE_LOOP('',(#2809,#2810,#2811,#2812,#2813));
#5344=EDGE_LOOP('',(#2814,#2815,#2816,#2817));
#5345=EDGE_LOOP('',(#2818,#2819,#2820,#2821,#2822));
#5346=EDGE_LOOP('',(#2823,#2824,#2825,#2826,#2827));
#5347=EDGE_LOOP('',(#2828,#2829,#2830,#2831));
#5348=EDGE_LOOP('',(#2832,#2833,#2834,#2835,#2836));
#5349=EDGE_LOOP('',(#2837,#2838,#2839,#2840,#2841,#2842,#2843,#2844,#2845,
#2846,#2847,#2848));
#5350=EDGE_LOOP('',(#2849));
#5351=EDGE_LOOP('',(#2850,#2851,#2852,#2853,#2854));
#5352=EDGE_LOOP('',(#2855,#2856,#2857,#2858));
#5353=EDGE_LOOP('',(#2859,#2860,#2861,#2862,#2863));
#5354=EDGE_LOOP('',(#2864,#2865,#2866,#2867,#2868,#2869));
#5355=EDGE_LOOP('',(#2870,#2871,#2872,#2873,#2874,#2875));
#5356=EDGE_LOOP('',(#2876,#2877,#2878,#2879));
#5357=EDGE_LOOP('',(#2880,#2881,#2882,#2883));
#5358=EDGE_LOOP('',(#2884,#2885,#2886,#2887,#2888,#2889,#2890,#2891));
#5359=EDGE_LOOP('',(#2892,#2893,#2894,#2895,#2896,#2897,#2898,#2899,#2900,
#2901,#2902,#2903,#2904,#2905,#2906,#2907,#2908,#2909,#2910,#2911,#2912,
#2913,#2914,#2915));
#5360=EDGE_LOOP('',(#2916,#2917,#2918,#2919,#2920,#2921,#2922,#2923,#2924,
#2925,#2926,#2927));
#5361=EDGE_LOOP('',(#2928,#2929,#2930,#2931,#2932,#2933));
#5362=EDGE_LOOP('',(#2934,#2935,#2936,#2937));
#5363=EDGE_LOOP('',(#2938,#2939,#2940,#2941,#2942));
#5364=EDGE_LOOP('',(#2943,#2944,#2945,#2946));
#5365=EDGE_LOOP('',(#2947,#2948,#2949,#2950,#2951));
#5366=EDGE_LOOP('',(#2952,#2953,#2954,#2955,#2956));
#5367=EDGE_LOOP('',(#2957,#2958,#2959,#2960));
#5368=EDGE_LOOP('',(#2961,#2962,#2963,#2964,#2965));
#5369=EDGE_LOOP('',(#2966,#2967,#2968,#2969));
#5370=EDGE_LOOP('',(#2970,#2971,#2972,#2973));
#5371=EDGE_LOOP('',(#2974,#2975,#2976,#2977));
#5372=EDGE_LOOP('',(#2978,#2979,#2980,#2981));
#5373=EDGE_LOOP('',(#2982));
#5374=EDGE_LOOP('',(#2983));
#5375=EDGE_LOOP('',(#2984,#2985,#2986,#2987,#2988,#2989,#2990,#2991,#2992,
#2993));
#5376=EDGE_LOOP('',(#2994,#2995,#2996,#2997));
#5377=EDGE_LOOP('',(#2998,#2999,#3000,#3001));
#5378=EDGE_LOOP('',(#3002,#3003,#3004,#3005,#3006,#3007,#3008,#3009,#3010,
#3011,#3012,#3013,#3014,#3015,#3016,#3017,#3018,#3019,#3020,#3021,#3022,
#3023,#3024,#3025));
#5379=EDGE_LOOP('',(#3026,#3027,#3028,#3029));
#5380=EDGE_LOOP('',(#3030,#3031,#3032,#3033,#3034,#3035,#3036,#3037));
#5381=EDGE_LOOP('',(#3038,#3039,#3040,#3041));
#5382=EDGE_LOOP('',(#3042,#3043,#3044,#3045));
#5383=EDGE_LOOP('',(#3046,#3047,#3048,#3049,#3050));
#5384=EDGE_LOOP('',(#3051,#3052,#3053,#3054,#3055,#3056,#3057,#3058));
#5385=EDGE_LOOP('',(#3059,#3060,#3061,#3062));
#5386=EDGE_LOOP('',(#3063,#3064,#3065,#3066));
#5387=EDGE_LOOP('',(#3067));
#5388=EDGE_LOOP('',(#3068,#3069,#3070,#3071));
#5389=EDGE_LOOP('',(#3072,#3073,#3074,#3075));
#5390=EDGE_LOOP('',(#3076,#3077,#3078,#3079,#3080,#3081,#3082,#3083,#3084,
#3085));
#5391=EDGE_LOOP('',(#3086,#3087,#3088,#3089));
#5392=EDGE_LOOP('',(#3090,#3091,#3092,#3093,#3094,#3095,#3096,#3097));
#5393=EDGE_LOOP('',(#3098,#3099,#3100,#3101));
#5394=EDGE_LOOP('',(#3102,#3103,#3104,#3105));
#5395=EDGE_LOOP('',(#3106,#3107,#3108,#3109));
#5396=EDGE_LOOP('',(#3110,#3111,#3112,#3113));
#5397=EDGE_LOOP('',(#3114,#3115,#3116,#3117));
#5398=EDGE_LOOP('',(#3118,#3119,#3120,#3121));
#5399=EDGE_LOOP('',(#3122,#3123,#3124,#3125));
#5400=EDGE_LOOP('',(#3126,#3127,#3128,#3129,#3130,#3131,#3132,#3133));
#5401=EDGE_LOOP('',(#3134,#3135,#3136,#3137));
#5402=EDGE_LOOP('',(#3138,#3139,#3140,#3141));
#5403=EDGE_LOOP('',(#3142,#3143,#3144,#3145,#3146,#3147));
#5404=EDGE_LOOP('',(#3148,#3149,#3150,#3151,#3152,#3153));
#5405=EDGE_LOOP('',(#3154,#3155,#3156,#3157));
#5406=EDGE_LOOP('',(#3158,#3159,#3160,#3161));
#5407=EDGE_LOOP('',(#3162,#3163,#3164,#3165));
#5408=EDGE_LOOP('',(#3166,#3167,#3168,#3169,#3170,#3171,#3172,#3173,#3174,
#3175));
#5409=EDGE_LOOP('',(#3176,#3177,#3178,#3179));
#5410=EDGE_LOOP('',(#3180,#3181,#3182,#3183));
#5411=EDGE_LOOP('',(#3184,#3185,#3186,#3187,#3188,#3189,#3190,#3191,#3192,
#3193));
#5412=EDGE_LOOP('',(#3194,#3195,#3196,#3197));
#5413=EDGE_LOOP('',(#3198,#3199,#3200,#3201,#3202,#3203));
#5414=EDGE_LOOP('',(#3204,#3205,#3206,#3207,#3208,#3209));
#5415=EDGE_LOOP('',(#3210,#3211,#3212,#3213));
#5416=EDGE_LOOP('',(#3214,#3215));
#5417=EDGE_LOOP('',(#3216));
#5418=EDGE_LOOP('',(#3217));
#5419=EDGE_LOOP('',(#3218));
#5420=EDGE_LOOP('',(#3219,#3220,#3221,#3222,#3223,#3224));
#5421=EDGE_LOOP('',(#3225,#3226,#3227,#3228,#3229,#3230,#3231,#3232));
#5422=EDGE_LOOP('',(#3233,#3234,#3235,#3236));
#5423=EDGE_LOOP('',(#3237,#3238,#3239,#3240));
#5424=EDGE_LOOP('',(#3241,#3242,#3243,#3244));
#5425=EDGE_LOOP('',(#3245,#3246,#3247,#3248));
#5426=EDGE_LOOP('',(#3249,#3250,#3251,#3252));
#5427=EDGE_LOOP('',(#3253,#3254,#3255,#3256,#3257));
#5428=EDGE_LOOP('',(#3258,#3259,#3260,#3261,#3262));
#5429=EDGE_LOOP('',(#3263,#3264,#3265,#3266,#3267,#3268,#3269,#3270,#3271,
#3272,#3273,#3274,#3275,#3276,#3277));
#5430=EDGE_LOOP('',(#3278,#3279,#3280,#3281));
#5431=EDGE_LOOP('',(#3282,#3283,#3284,#3285,#3286));
#5432=EDGE_LOOP('',(#3287,#3288,#3289,#3290,#3291));
#5433=EDGE_LOOP('',(#3292,#3293,#3294,#3295));
#5434=EDGE_LOOP('',(#3296,#3297,#3298,#3299,#3300));
#5435=EDGE_LOOP('',(#3301,#3302,#3303,#3304));
#5436=EDGE_LOOP('',(#3305,#3306,#3307,#3308));
#5437=EDGE_LOOP('',(#3309,#3310,#3311,#3312));
#5438=EDGE_LOOP('',(#3313,#3314,#3315,#3316));
#5439=EDGE_LOOP('',(#3317,#3318,#3319,#3320));
#5440=EDGE_LOOP('',(#3321,#3322,#3323,#3324));
#5441=EDGE_LOOP('',(#3325,#3326,#3327,#3328));
#5442=EDGE_LOOP('',(#3329,#3330,#3331,#3332));
#5443=EDGE_LOOP('',(#3333,#3334,#3335,#3336,#3337));
#5444=EDGE_LOOP('',(#3338,#3339,#3340,#3341,#3342));
#5445=EDGE_LOOP('',(#3343,#3344,#3345,#3346));
#5446=EDGE_LOOP('',(#3347,#3348,#3349,#3350));
#5447=EDGE_LOOP('',(#3351,#3352,#3353,#3354));
#5448=EDGE_LOOP('',(#3355,#3356,#3357,#3358));
#5449=EDGE_LOOP('',(#3359,#3360,#3361,#3362));
#5450=EDGE_LOOP('',(#3363,#3364,#3365,#3366));
#5451=EDGE_LOOP('',(#3367,#3368,#3369,#3370,#3371,#3372));
#5452=EDGE_LOOP('',(#3373,#3374,#3375,#3376,#3377));
#5453=EDGE_LOOP('',(#3378,#3379,#3380,#3381,#3382));
#5454=EDGE_LOOP('',(#3383,#3384,#3385));
#5455=EDGE_LOOP('',(#3386,#3387,#3388,#3389));
#5456=EDGE_LOOP('',(#3390,#3391,#3392,#3393));
#5457=EDGE_LOOP('',(#3394,#3395,#3396,#3397));
#5458=EDGE_LOOP('',(#3398,#3399,#3400,#3401));
#5459=EDGE_LOOP('',(#3402,#3403,#3404,#3405));
#5460=EDGE_LOOP('',(#3406,#3407,#3408,#3409,#3410));
#5461=EDGE_LOOP('',(#3411,#3412,#3413,#3414,#3415));
#5462=EDGE_LOOP('',(#3416,#3417,#3418,#3419,#3420,#3421));
#5463=EDGE_LOOP('',(#3422,#3423,#3424,#3425,#3426,#3427));
#5464=EDGE_LOOP('',(#3428,#3429,#3430,#3431));
#5465=EDGE_LOOP('',(#3432,#3433,#3434,#3435));
#5466=EDGE_LOOP('',(#3436,#3437,#3438,#3439));
#5467=EDGE_LOOP('',(#3440,#3441,#3442,#3443));
#5468=EDGE_LOOP('',(#3444,#3445,#3446,#3447));
#5469=FACE_BOUND('',#5097,.T.);
#5470=FACE_BOUND('',#5098,.T.);
#5471=FACE_BOUND('',#5099,.T.);
#5472=FACE_BOUND('',#5100,.T.);
#5473=FACE_BOUND('',#5101,.T.);
#5474=FACE_BOUND('',#5102,.T.);
#5475=FACE_BOUND('',#5103,.T.);
#5476=FACE_BOUND('',#5104,.T.);
#5477=FACE_BOUND('',#5105,.T.);
#5478=FACE_BOUND('',#5106,.T.);
#5479=FACE_BOUND('',#5107,.T.);
#5480=FACE_BOUND('',#5108,.T.);
#5481=FACE_BOUND('',#5109,.T.);
#5482=FACE_BOUND('',#5110,.T.);
#5483=FACE_BOUND('',#5111,.T.);
#5484=FACE_BOUND('',#5112,.T.);
#5485=FACE_BOUND('',#5113,.T.);
#5486=FACE_BOUND('',#5114,.T.);
#5487=FACE_BOUND('',#5115,.T.);
#5488=FACE_BOUND('',#5116,.T.);
#5489=FACE_BOUND('',#5117,.T.);
#5490=FACE_BOUND('',#5118,.T.);
#5491=FACE_BOUND('',#5119,.T.);
#5492=FACE_BOUND('',#5120,.T.);
#5493=FACE_BOUND('',#5121,.T.);
#5494=FACE_BOUND('',#5122,.T.);
#5495=FACE_BOUND('',#5123,.T.);
#5496=FACE_BOUND('',#5124,.T.);
#5497=FACE_BOUND('',#5125,.T.);
#5498=FACE_BOUND('',#5126,.T.);
#5499=FACE_BOUND('',#5127,.T.);
#5500=FACE_BOUND('',#5128,.T.);
#5501=FACE_BOUND('',#5129,.T.);
#5502=FACE_BOUND('',#5130,.T.);
#5503=FACE_BOUND('',#5131,.T.);
#5504=FACE_BOUND('',#5132,.T.);
#5505=FACE_BOUND('',#5133,.T.);
#5506=FACE_BOUND('',#5134,.T.);
#5507=FACE_BOUND('',#5135,.T.);
#5508=FACE_BOUND('',#5136,.T.);
#5509=FACE_BOUND('',#5137,.T.);
#5510=FACE_BOUND('',#5138,.T.);
#5511=FACE_BOUND('',#5139,.T.);
#5512=FACE_BOUND('',#5140,.T.);
#5513=FACE_BOUND('',#5141,.T.);
#5514=FACE_BOUND('',#5142,.T.);
#5515=FACE_BOUND('',#5143,.T.);
#5516=FACE_BOUND('',#5144,.T.);
#5517=FACE_BOUND('',#5145,.T.);
#5518=FACE_BOUND('',#5146,.T.);
#5519=FACE_BOUND('',#5147,.T.);
#5520=FACE_BOUND('',#5148,.T.);
#5521=FACE_BOUND('',#5149,.T.);
#5522=FACE_BOUND('',#5150,.T.);
#5523=FACE_BOUND('',#5151,.T.);
#5524=FACE_BOUND('',#5152,.T.);
#5525=FACE_BOUND('',#5153,.T.);
#5526=FACE_BOUND('',#5154,.T.);
#5527=FACE_BOUND('',#5155,.T.);
#5528=FACE_BOUND('',#5156,.T.);
#5529=FACE_BOUND('',#5157,.T.);
#5530=FACE_BOUND('',#5158,.T.);
#5531=FACE_BOUND('',#5159,.T.);
#5532=FACE_BOUND('',#5160,.T.);
#5533=FACE_BOUND('',#5161,.T.);
#5534=FACE_BOUND('',#5162,.T.);
#5535=FACE_BOUND('',#5163,.T.);
#5536=FACE_BOUND('',#5164,.T.);
#5537=FACE_BOUND('',#5165,.T.);
#5538=FACE_BOUND('',#5166,.T.);
#5539=FACE_BOUND('',#5167,.T.);
#5540=FACE_BOUND('',#5168,.T.);
#5541=FACE_BOUND('',#5169,.T.);
#5542=FACE_BOUND('',#5170,.T.);
#5543=FACE_BOUND('',#5171,.T.);
#5544=FACE_BOUND('',#5172,.T.);
#5545=FACE_BOUND('',#5173,.T.);
#5546=FACE_BOUND('',#5174,.T.);
#5547=FACE_BOUND('',#5175,.T.);
#5548=FACE_BOUND('',#5176,.T.);
#5549=FACE_BOUND('',#5177,.T.);
#5550=FACE_BOUND('',#5178,.T.);
#5551=FACE_BOUND('',#5179,.T.);
#5552=FACE_BOUND('',#5180,.T.);
#5553=FACE_BOUND('',#5181,.T.);
#5554=FACE_BOUND('',#5182,.T.);
#5555=FACE_BOUND('',#5183,.T.);
#5556=FACE_BOUND('',#5184,.T.);
#5557=FACE_BOUND('',#5185,.T.);
#5558=FACE_BOUND('',#5186,.T.);
#5559=FACE_BOUND('',#5187,.T.);
#5560=FACE_BOUND('',#5188,.T.);
#5561=FACE_BOUND('',#5189,.T.);
#5562=FACE_BOUND('',#5190,.T.);
#5563=FACE_BOUND('',#5191,.T.);
#5564=FACE_BOUND('',#5192,.T.);
#5565=FACE_BOUND('',#5193,.T.);
#5566=FACE_BOUND('',#5194,.T.);
#5567=FACE_BOUND('',#5195,.T.);
#5568=FACE_BOUND('',#5196,.T.);
#5569=FACE_BOUND('',#5197,.T.);
#5570=FACE_BOUND('',#5198,.T.);
#5571=FACE_BOUND('',#5199,.T.);
#5572=FACE_BOUND('',#5200,.T.);
#5573=FACE_BOUND('',#5201,.T.);
#5574=FACE_BOUND('',#5202,.T.);
#5575=FACE_BOUND('',#5203,.T.);
#5576=FACE_BOUND('',#5204,.T.);
#5577=FACE_BOUND('',#5205,.T.);
#5578=FACE_BOUND('',#5206,.T.);
#5579=FACE_BOUND('',#5207,.T.);
#5580=FACE_BOUND('',#5208,.T.);
#5581=FACE_BOUND('',#5209,.T.);
#5582=FACE_BOUND('',#5210,.T.);
#5583=FACE_BOUND('',#5211,.T.);
#5584=FACE_BOUND('',#5212,.T.);
#5585=FACE_BOUND('',#5213,.T.);
#5586=FACE_BOUND('',#5214,.T.);
#5587=FACE_BOUND('',#5215,.T.);
#5588=FACE_BOUND('',#5216,.T.);
#5589=FACE_BOUND('',#5217,.T.);
#5590=FACE_BOUND('',#5218,.T.);
#5591=FACE_BOUND('',#5219,.T.);
#5592=FACE_BOUND('',#5220,.T.);
#5593=FACE_BOUND('',#5221,.T.);
#5594=FACE_BOUND('',#5222,.T.);
#5595=FACE_BOUND('',#5223,.T.);
#5596=FACE_BOUND('',#5224,.T.);
#5597=FACE_BOUND('',#5225,.T.);
#5598=FACE_BOUND('',#5226,.T.);
#5599=FACE_BOUND('',#5227,.T.);
#5600=FACE_BOUND('',#5228,.T.);
#5601=FACE_BOUND('',#5229,.T.);
#5602=FACE_BOUND('',#5230,.T.);
#5603=FACE_BOUND('',#5231,.T.);
#5604=FACE_BOUND('',#5232,.T.);
#5605=FACE_BOUND('',#5233,.T.);
#5606=FACE_BOUND('',#5234,.T.);
#5607=FACE_BOUND('',#5235,.T.);
#5608=FACE_BOUND('',#5236,.T.);
#5609=FACE_BOUND('',#5237,.T.);
#5610=FACE_BOUND('',#5238,.T.);
#5611=FACE_BOUND('',#5239,.T.);
#5612=FACE_BOUND('',#5240,.T.);
#5613=FACE_BOUND('',#5241,.T.);
#5614=FACE_BOUND('',#5242,.T.);
#5615=FACE_BOUND('',#5243,.T.);
#5616=FACE_BOUND('',#5244,.T.);
#5617=FACE_BOUND('',#5245,.T.);
#5618=FACE_BOUND('',#5246,.T.);
#5619=FACE_BOUND('',#5247,.T.);
#5620=FACE_BOUND('',#5248,.T.);
#5621=FACE_BOUND('',#5249,.T.);
#5622=FACE_BOUND('',#5250,.T.);
#5623=FACE_BOUND('',#5251,.T.);
#5624=FACE_BOUND('',#5252,.T.);
#5625=FACE_BOUND('',#5253,.T.);
#5626=FACE_BOUND('',#5254,.T.);
#5627=FACE_BOUND('',#5255,.T.);
#5628=FACE_BOUND('',#5256,.T.);
#5629=FACE_BOUND('',#5257,.T.);
#5630=FACE_BOUND('',#5258,.T.);
#5631=FACE_BOUND('',#5259,.T.);
#5632=FACE_BOUND('',#5260,.T.);
#5633=FACE_BOUND('',#5261,.T.);
#5634=FACE_BOUND('',#5262,.T.);
#5635=FACE_BOUND('',#5263,.T.);
#5636=FACE_BOUND('',#5264,.T.);
#5637=FACE_BOUND('',#5265,.T.);
#5638=FACE_BOUND('',#5266,.T.);
#5639=FACE_BOUND('',#5267,.T.);
#5640=FACE_BOUND('',#5268,.T.);
#5641=FACE_BOUND('',#5269,.T.);
#5642=FACE_BOUND('',#5270,.T.);
#5643=FACE_BOUND('',#5271,.T.);
#5644=FACE_BOUND('',#5272,.T.);
#5645=FACE_BOUND('',#5273,.T.);
#5646=FACE_BOUND('',#5274,.T.);
#5647=FACE_BOUND('',#5275,.T.);
#5648=FACE_BOUND('',#5276,.T.);
#5649=FACE_BOUND('',#5277,.T.);
#5650=FACE_BOUND('',#5278,.T.);
#5651=FACE_BOUND('',#5279,.T.);
#5652=FACE_BOUND('',#5280,.T.);
#5653=FACE_BOUND('',#5281,.T.);
#5654=FACE_BOUND('',#5282,.T.);
#5655=FACE_BOUND('',#5283,.T.);
#5656=FACE_BOUND('',#5284,.T.);
#5657=FACE_BOUND('',#5285,.T.);
#5658=FACE_BOUND('',#5286,.T.);
#5659=FACE_BOUND('',#5287,.T.);
#5660=FACE_BOUND('',#5288,.T.);
#5661=FACE_BOUND('',#5289,.T.);
#5662=FACE_BOUND('',#5290,.T.);
#5663=FACE_BOUND('',#5291,.T.);
#5664=FACE_BOUND('',#5292,.T.);
#5665=FACE_BOUND('',#5293,.T.);
#5666=FACE_BOUND('',#5294,.T.);
#5667=FACE_BOUND('',#5295,.T.);
#5668=FACE_BOUND('',#5296,.T.);
#5669=FACE_BOUND('',#5297,.T.);
#5670=FACE_BOUND('',#5298,.T.);
#5671=FACE_BOUND('',#5299,.T.);
#5672=FACE_BOUND('',#5300,.T.);
#5673=FACE_BOUND('',#5301,.T.);
#5674=FACE_BOUND('',#5302,.T.);
#5675=FACE_BOUND('',#5303,.T.);
#5676=FACE_BOUND('',#5304,.T.);
#5677=FACE_BOUND('',#5305,.T.);
#5678=FACE_BOUND('',#5306,.T.);
#5679=FACE_BOUND('',#5307,.T.);
#5680=FACE_BOUND('',#5308,.T.);
#5681=FACE_BOUND('',#5309,.T.);
#5682=FACE_BOUND('',#5310,.T.);
#5683=FACE_BOUND('',#5311,.T.);
#5684=FACE_BOUND('',#5312,.T.);
#5685=FACE_BOUND('',#5313,.T.);
#5686=FACE_BOUND('',#5314,.T.);
#5687=FACE_BOUND('',#5315,.T.);
#5688=FACE_BOUND('',#5316,.T.);
#5689=FACE_BOUND('',#5317,.T.);
#5690=FACE_BOUND('',#5318,.T.);
#5691=FACE_BOUND('',#5319,.T.);
#5692=FACE_BOUND('',#5320,.T.);
#5693=FACE_BOUND('',#5321,.T.);
#5694=FACE_BOUND('',#5322,.T.);
#5695=FACE_BOUND('',#5323,.T.);
#5696=FACE_BOUND('',#5324,.T.);
#5697=FACE_BOUND('',#5325,.T.);
#5698=FACE_BOUND('',#5326,.T.);
#5699=FACE_BOUND('',#5327,.T.);
#5700=FACE_BOUND('',#5328,.T.);
#5701=FACE_BOUND('',#5329,.T.);
#5702=FACE_BOUND('',#5330,.T.);
#5703=FACE_BOUND('',#5331,.T.);
#5704=FACE_BOUND('',#5332,.T.);
#5705=FACE_BOUND('',#5333,.T.);
#5706=FACE_BOUND('',#5334,.T.);
#5707=FACE_BOUND('',#5335,.T.);
#5708=FACE_BOUND('',#5336,.T.);
#5709=FACE_BOUND('',#5337,.T.);
#5710=FACE_BOUND('',#5338,.T.);
#5711=FACE_BOUND('',#5339,.T.);
#5712=FACE_BOUND('',#5340,.T.);
#5713=FACE_BOUND('',#5341,.T.);
#5714=FACE_BOUND('',#5342,.T.);
#5715=FACE_BOUND('',#5343,.T.);
#5716=FACE_BOUND('',#5344,.T.);
#5717=FACE_BOUND('',#5345,.T.);
#5718=FACE_BOUND('',#5346,.T.);
#5719=FACE_BOUND('',#5347,.T.);
#5720=FACE_BOUND('',#5348,.T.);
#5721=FACE_BOUND('',#5349,.T.);
#5722=FACE_BOUND('',#5350,.T.);
#5723=FACE_BOUND('',#5351,.T.);
#5724=FACE_BOUND('',#5352,.T.);
#5725=FACE_BOUND('',#5353,.T.);
#5726=FACE_BOUND('',#5354,.T.);
#5727=FACE_BOUND('',#5355,.T.);
#5728=FACE_BOUND('',#5356,.T.);
#5729=FACE_BOUND('',#5357,.T.);
#5730=FACE_BOUND('',#5358,.T.);
#5731=FACE_BOUND('',#5359,.T.);
#5732=FACE_BOUND('',#5360,.T.);
#5733=FACE_BOUND('',#5361,.T.);
#5734=FACE_BOUND('',#5362,.T.);
#5735=FACE_BOUND('',#5363,.T.);
#5736=FACE_BOUND('',#5364,.T.);
#5737=FACE_BOUND('',#5365,.T.);
#5738=FACE_BOUND('',#5366,.T.);
#5739=FACE_BOUND('',#5367,.T.);
#5740=FACE_BOUND('',#5368,.T.);
#5741=FACE_BOUND('',#5369,.T.);
#5742=FACE_BOUND('',#5370,.T.);
#5743=FACE_BOUND('',#5371,.T.);
#5744=FACE_BOUND('',#5372,.T.);
#5745=FACE_BOUND('',#5373,.T.);
#5746=FACE_BOUND('',#5374,.T.);
#5747=FACE_BOUND('',#5375,.T.);
#5748=FACE_BOUND('',#5376,.T.);
#5749=FACE_BOUND('',#5377,.T.);
#5750=FACE_BOUND('',#5378,.T.);
#5751=FACE_BOUND('',#5379,.T.);
#5752=FACE_BOUND('',#5380,.T.);
#5753=FACE_BOUND('',#5381,.T.);
#5754=FACE_BOUND('',#5382,.T.);
#5755=FACE_BOUND('',#5383,.T.);
#5756=FACE_BOUND('',#5384,.T.);
#5757=FACE_BOUND('',#5385,.T.);
#5758=FACE_BOUND('',#5386,.T.);
#5759=FACE_BOUND('',#5387,.T.);
#5760=FACE_BOUND('',#5388,.T.);
#5761=FACE_BOUND('',#5389,.T.);
#5762=FACE_BOUND('',#5390,.T.);
#5763=FACE_BOUND('',#5391,.T.);
#5764=FACE_BOUND('',#5392,.T.);
#5765=FACE_BOUND('',#5393,.T.);
#5766=FACE_BOUND('',#5394,.T.);
#5767=FACE_BOUND('',#5395,.T.);
#5768=FACE_BOUND('',#5396,.T.);
#5769=FACE_BOUND('',#5397,.T.);
#5770=FACE_BOUND('',#5398,.T.);
#5771=FACE_BOUND('',#5399,.T.);
#5772=FACE_BOUND('',#5400,.T.);
#5773=FACE_BOUND('',#5401,.T.);
#5774=FACE_BOUND('',#5402,.T.);
#5775=FACE_BOUND('',#5403,.T.);
#5776=FACE_BOUND('',#5404,.T.);
#5777=FACE_BOUND('',#5405,.T.);
#5778=FACE_BOUND('',#5406,.T.);
#5779=FACE_BOUND('',#5407,.T.);
#5780=FACE_BOUND('',#5408,.T.);
#5781=FACE_BOUND('',#5409,.T.);
#5782=FACE_BOUND('',#5410,.T.);
#5783=FACE_BOUND('',#5411,.T.);
#5784=FACE_BOUND('',#5412,.T.);
#5785=FACE_BOUND('',#5413,.T.);
#5786=FACE_BOUND('',#5414,.T.);
#5787=FACE_BOUND('',#5415,.T.);
#5788=FACE_BOUND('',#5416,.T.);
#5789=FACE_BOUND('',#5417,.T.);
#5790=FACE_BOUND('',#5418,.T.);
#5791=FACE_BOUND('',#5419,.T.);
#5792=FACE_BOUND('',#5420,.T.);
#5793=FACE_BOUND('',#5421,.T.);
#5794=FACE_BOUND('',#5422,.T.);
#5795=FACE_BOUND('',#5423,.T.);
#5796=FACE_BOUND('',#5424,.T.);
#5797=FACE_BOUND('',#5425,.T.);
#5798=FACE_BOUND('',#5426,.T.);
#5799=FACE_BOUND('',#5427,.T.);
#5800=FACE_BOUND('',#5428,.T.);
#5801=FACE_BOUND('',#5429,.T.);
#5802=FACE_BOUND('',#5430,.T.);
#5803=FACE_BOUND('',#5431,.T.);
#5804=FACE_BOUND('',#5432,.T.);
#5805=FACE_BOUND('',#5433,.T.);
#5806=FACE_BOUND('',#5434,.T.);
#5807=FACE_BOUND('',#5435,.T.);
#5808=FACE_BOUND('',#5436,.T.);
#5809=FACE_BOUND('',#5437,.T.);
#5810=FACE_BOUND('',#5438,.T.);
#5811=FACE_BOUND('',#5439,.T.);
#5812=FACE_BOUND('',#5440,.T.);
#5813=FACE_BOUND('',#5441,.T.);
#5814=FACE_BOUND('',#5442,.T.);
#5815=FACE_BOUND('',#5443,.T.);
#5816=FACE_BOUND('',#5444,.T.);
#5817=FACE_BOUND('',#5445,.T.);
#5818=FACE_BOUND('',#5446,.T.);
#5819=FACE_BOUND('',#5447,.T.);
#5820=FACE_BOUND('',#5448,.T.);
#5821=FACE_BOUND('',#5449,.T.);
#5822=FACE_BOUND('',#5450,.T.);
#5823=FACE_BOUND('',#5451,.T.);
#5824=FACE_BOUND('',#5452,.T.);
#5825=FACE_BOUND('',#5453,.T.);
#5826=FACE_BOUND('',#5454,.T.);
#5827=FACE_BOUND('',#5455,.T.);
#5828=FACE_BOUND('',#5456,.T.);
#5829=FACE_BOUND('',#5457,.T.);
#5830=FACE_BOUND('',#5458,.T.);
#5831=FACE_BOUND('',#5459,.T.);
#5832=FACE_BOUND('',#5460,.T.);
#5833=FACE_BOUND('',#5461,.T.);
#5834=FACE_BOUND('',#5462,.T.);
#5835=FACE_BOUND('',#5463,.T.);
#5836=FACE_BOUND('',#5464,.T.);
#5837=FACE_BOUND('',#5465,.T.);
#5838=FACE_BOUND('',#5466,.T.);
#5839=FACE_BOUND('',#5467,.T.);
#5840=FACE_BOUND('',#5468,.T.);
#5841=PLANE('',#6418);
#5842=PLANE('',#6422);
#5843=PLANE('',#6425);
#5844=PLANE('',#6426);
#5845=PLANE('',#6427);
#5846=PLANE('',#6428);
#5847=PLANE('',#6430);
#5848=PLANE('',#6431);
#5849=PLANE('',#6457);
#5850=PLANE('',#6460);
#5851=PLANE('',#6467);
#5852=PLANE('',#6468);
#5853=PLANE('',#6471);
#5854=PLANE('',#6473);
#5855=PLANE('',#6474);
#5856=PLANE('',#6480);
#5857=PLANE('',#6482);
#5858=PLANE('',#6483);
#5859=PLANE('',#6485);
#5860=PLANE('',#6486);
#5861=PLANE('',#6489);
#5862=PLANE('',#6493);
#5863=PLANE('',#6494);
#5864=PLANE('',#6495);
#5865=PLANE('',#6496);
#5866=PLANE('',#6497);
#5867=PLANE('',#6500);
#5868=PLANE('',#6505);
#5869=PLANE('',#6511);
#5870=PLANE('',#6518);
#5871=PLANE('',#6520);
#5872=PLANE('',#6525);
#5873=PLANE('',#6527);
#5874=PLANE('',#6532);
#5875=PLANE('',#6540);
#5876=PLANE('',#6541);
#5877=PLANE('',#6542);
#5878=PLANE('',#6543);
#5879=PLANE('',#6546);
#5880=PLANE('',#6550);
#5881=PLANE('',#6553);
#5882=PLANE('',#6557);
#5883=PLANE('',#6558);
#5884=PLANE('',#6580);
#5885=PLANE('',#6581);
#5886=PLANE('',#6583);
#5887=PLANE('',#6586);
#5888=PLANE('',#6588);
#5889=PLANE('',#6590);
#5890=PLANE('',#6591);
#5891=PLANE('',#6593);
#5892=PLANE('',#6595);
#5893=PLANE('',#6603);
#5894=PLANE('',#6604);
#5895=PLANE('',#6605);
#5896=PLANE('',#6606);
#5897=PLANE('',#6607);
#5898=PLANE('',#6608);
#5899=PLANE('',#6609);
#5900=PLANE('',#6610);
#5901=PLANE('',#6611);
#5902=PLANE('',#6612);
#5903=PLANE('',#6613);
#5904=PLANE('',#6614);
#5905=PLANE('',#6617);
#5906=PLANE('',#6621);
#5907=PLANE('',#6625);
#5908=PLANE('',#6626);
#5909=PLANE('',#6627);
#5910=PLANE('',#6628);
#5911=PLANE('',#6629);
#5912=PLANE('',#6630);
#5913=PLANE('',#6634);
#5914=PLANE('',#6635);
#5915=PLANE('',#6636);
#5916=PLANE('',#6648);
#5917=PLANE('',#6654);
#5918=PLANE('',#6673);
#5919=PLANE('',#6691);
#5920=PLANE('',#6692);
#5921=PLANE('',#6699);
#5922=PLANE('',#6701);
#5923=PLANE('',#6703);
#5924=PLANE('',#6708);
#5925=PLANE('',#6713);
#5926=PLANE('',#6716);
#5927=PLANE('',#6719);
#5928=PLANE('',#6720);
#5929=PLANE('',#6721);
#5930=PLANE('',#6722);
#5931=PLANE('',#6723);
#5932=PLANE('',#6724);
#5933=PLANE('',#6725);
#5934=PLANE('',#6727);
#5935=PLANE('',#6728);
#5936=PLANE('',#6729);
#5937=PLANE('',#6730);
#5938=PLANE('',#6731);
#5939=PLANE('',#6732);
#5940=PLANE('',#6733);
#5941=PLANE('',#6734);
#5942=PLANE('',#6735);
#5943=PLANE('',#6736);
#5944=PLANE('',#6737);
#5945=PLANE('',#6738);
#5946=PLANE('',#6739);
#5947=PLANE('',#6740);
#5948=PLANE('',#6741);
#5949=PLANE('',#6742);
#5950=PLANE('',#6743);
#5951=PLANE('',#6744);
#5952=PLANE('',#6745);
#5953=PLANE('',#6746);
#5954=PLANE('',#6747);
#5955=PLANE('',#6748);
#5956=PLANE('',#6749);
#5957=PLANE('',#6751);
#5958=PLANE('',#6754);
#5959=PLANE('',#6757);
#5960=PLANE('',#6760);
#5961=PLANE('',#6763);
#5962=PLANE('',#6765);
#5963=PLANE('',#6768);
#5964=PLANE('',#6771);
#5965=PLANE('',#6772);
#5966=PLANE('',#6775);
#5967=PLANE('',#6778);
#5968=PLANE('',#6781);
#5969=PLANE('',#6784);
#5970=PLANE('',#6787);
#5971=PLANE('',#6788);
#5972=PLANE('',#6789);
#5973=PLANE('',#6790);
#5974=PLANE('',#6791);
#5975=PLANE('',#6792);
#5976=PLANE('',#6797);
#5977=PLANE('',#6798);
#5978=PLANE('',#6799);
#5979=PLANE('',#6808);
#5980=PLANE('',#6809);
#5981=PLANE('',#6811);
#5982=PLANE('',#6814);
#5983=PLANE('',#6817);
#5984=PLANE('',#6819);
#5985=PLANE('',#6822);
#5986=PLANE('',#6823);
#5987=PLANE('',#6824);
#5988=PLANE('',#6825);
#5989=PLANE('',#6827);
#5990=PLANE('',#6829);
#5991=PLANE('',#6833);
#5992=PLANE('',#6835);
#5993=PLANE('',#6836);
#5994=PLANE('',#6838);
#5995=PLANE('',#6839);
#5996=PLANE('',#6840);
#5997=PLANE('',#6841);
#5998=PLANE('',#6842);
#5999=PLANE('',#6843);
#6000=PLANE('',#6844);
#6001=PLANE('',#6845);
#6002=PLANE('',#6846);
#6003=PLANE('',#6847);
#6004=PLANE('',#6848);
#6005=PLANE('',#6849);
#6006=PLANE('',#6850);
#6007=PLANE('',#6851);
#6008=PLANE('',#6852);
#6009=PLANE('',#6855);
#6010=PLANE('',#6856);
#6011=PLANE('',#6857);
#6012=PLANE('',#6863);
#6013=PLANE('',#6865);
#6014=PLANE('',#6866);
#6015=PLANE('',#6869);
#6016=PLANE('',#6872);
#6017=PLANE('',#6873);
#6018=PLANE('',#6876);
#6019=PLANE('',#6877);
#6020=PLANE('',#6878);
#6021=PLANE('',#6879);
#6022=PLANE('',#6881);
#6023=PLANE('',#6882);
#6024=PLANE('',#6883);
#6025=PLANE('',#6884);
#6026=PLANE('',#6886);
#6027=PLANE('',#6888);
#6028=PLANE('',#6891);
#6029=PLANE('',#6892);
#6030=PLANE('',#6893);
#6031=PLANE('',#6894);
#6032=PLANE('',#6895);
#6033=PLANE('',#6898);
#6034=PLANE('',#6899);
#6035=PLANE('',#6900);
#6036=PLANE('',#6901);
#6037=PLANE('',#6903);
#6038=PLANE('',#6905);
#6039=PLANE('',#6906);
#6040=PLANE('',#6907);
#6041=PLANE('',#6908);
#6042=PLANE('',#6909);
#6043=PLANE('',#6910);
#6044=PLANE('',#6912);
#6045=PLANE('',#6913);
#6046=ADVANCED_FACE('',(#5469),#5841,.T.);
#6047=ADVANCED_FACE('',(#5470,#5471),#1497,.T.);
#6048=ADVANCED_FACE('',(#5472),#5842,.F.);
#6049=ADVANCED_FACE('',(#5473,#5474),#1388,.T.);
#6050=ADVANCED_FACE('',(#5475),#5843,.F.);
#6051=ADVANCED_FACE('',(#5476),#5844,.F.);
#6052=ADVANCED_FACE('',(#5477),#36,.F.);
#6053=ADVANCED_FACE('',(#5478),#5845,.F.);
#6054=ADVANCED_FACE('',(#5479),#5846,.T.);
#6055=ADVANCED_FACE('',(#5480),#5847,.F.);
#6056=ADVANCED_FACE('',(#5481),#5848,.F.);
#6057=ADVANCED_FACE('',(#5482),#1498,.T.);
#6058=ADVANCED_FACE('',(#5483),#5849,.F.);
#6059=ADVANCED_FACE('',(#5484,#5485),#5850,.F.);
#6060=ADVANCED_FACE('',(#5486),#5851,.F.);
#6061=ADVANCED_FACE('',(#5487),#5852,.F.);
#6062=ADVANCED_FACE('',(#5488),#5853,.F.);
#6063=ADVANCED_FACE('',(#5489),#5854,.F.);
#6064=ADVANCED_FACE('',(#5490),#5855,.F.);
#6065=ADVANCED_FACE('',(#5491),#37,.T.);
#6066=ADVANCED_FACE('',(#5492),#1499,.T.);
#6067=ADVANCED_FACE('',(#5493),#5856,.T.);
#6068=ADVANCED_FACE('',(#5494),#5857,.F.);
#6069=ADVANCED_FACE('',(#5495),#5858,.T.);
#6070=ADVANCED_FACE('',(#5496),#5859,.F.);
#6071=ADVANCED_FACE('',(#5497),#5860,.F.);
#6072=ADVANCED_FACE('',(#5498),#5861,.F.);
#6073=ADVANCED_FACE('',(#5499),#1500,.T.);
#6074=ADVANCED_FACE('',(#5500),#5862,.F.);
#6075=ADVANCED_FACE('',(#5501),#5863,.F.);
#6076=ADVANCED_FACE('',(#5502),#5864,.F.);
#6077=ADVANCED_FACE('',(#5503),#5865,.F.);
#6078=ADVANCED_FACE('',(#5504),#5866,.F.);
#6079=ADVANCED_FACE('',(#5505),#5867,.F.);
#6080=ADVANCED_FACE('',(#5506,#5507),#5868,.T.);
#6081=ADVANCED_FACE('',(#5508),#1501,.F.);
#6082=ADVANCED_FACE('',(#5509),#5869,.F.);
#6083=ADVANCED_FACE('',(#5510,#5511),#1502,.F.);
#6084=ADVANCED_FACE('',(#5512,#5513),#5870,.F.);
#6085=ADVANCED_FACE('',(#5514),#5871,.T.);
#6086=ADVANCED_FACE('',(#5515),#1503,.F.);
#6087=ADVANCED_FACE('',(#5516),#5872,.F.);
#6088=ADVANCED_FACE('',(#5517),#5873,.T.);
#6089=ADVANCED_FACE('',(#5518),#1504,.F.);
#6090=ADVANCED_FACE('',(#5519),#5874,.F.);
#6091=ADVANCED_FACE('',(#5520,#5521),#1505,.F.);
#6092=ADVANCED_FACE('',(#5522,#5523),#32,.F.);
#6093=ADVANCED_FACE('',(#5524),#1506,.F.);
#6094=ADVANCED_FACE('',(#5525),#5875,.T.);
#6095=ADVANCED_FACE('',(#5526),#5876,.T.);
#6096=ADVANCED_FACE('',(#5527),#5877,.T.);
#6097=ADVANCED_FACE('',(#5528),#5878,.T.);
#6098=ADVANCED_FACE('',(#5529),#1507,.F.);
#6099=ADVANCED_FACE('',(#5530),#5879,.T.);
#6100=ADVANCED_FACE('',(#5531),#1508,.T.);
#6101=ADVANCED_FACE('',(#5532),#5880,.T.);
#6102=ADVANCED_FACE('',(#5533),#1509,.F.);
#6103=ADVANCED_FACE('',(#5534),#5881,.T.);
#6104=ADVANCED_FACE('',(#5535),#1510,.T.);
#6105=ADVANCED_FACE('',(#5536),#5882,.T.);
#6106=ADVANCED_FACE('',(#5537),#5883,.T.);
#6107=ADVANCED_FACE('',(#5538),#1511,.F.);
#6108=ADVANCED_FACE('',(#5539),#38,.T.);
#6109=ADVANCED_FACE('',(#5540),#39,.T.);
#6110=ADVANCED_FACE('',(#5541),#1512,.F.);
#6111=ADVANCED_FACE('',(#5542),#40,.T.);
#6112=ADVANCED_FACE('',(#5543),#1513,.T.);
#6113=ADVANCED_FACE('',(#5544),#41,.T.);
#6114=ADVANCED_FACE('',(#5545),#42,.T.);
#6115=ADVANCED_FACE('',(#5546),#43,.T.);
#6116=ADVANCED_FACE('',(#5547),#44,.T.);
#6117=ADVANCED_FACE('',(#5548),#5884,.F.);
#6118=ADVANCED_FACE('',(#5549),#5885,.F.);
#6119=ADVANCED_FACE('',(#5550),#1514,.F.);
#6120=ADVANCED_FACE('',(#5551),#5886,.F.);
#6121=ADVANCED_FACE('',(#5552),#45,.T.);
#6122=ADVANCED_FACE('',(#5553),#46,.T.);
#6123=ADVANCED_FACE('',(#5554,#5555),#5887,.F.);
#6124=ADVANCED_FACE('',(#5556),#5888,.F.);
#6125=ADVANCED_FACE('',(#5557),#5889,.T.);
#6126=ADVANCED_FACE('',(#5558),#5890,.F.);
#6127=ADVANCED_FACE('',(#5559),#47,.F.);
#6128=ADVANCED_FACE('',(#5560),#5891,.T.);
#6129=ADVANCED_FACE('',(#5561),#5892,.T.);
#6130=ADVANCED_FACE('',(#5562),#1515,.T.);
#6131=ADVANCED_FACE('',(#5563,#5564),#33,.F.);
#6132=ADVANCED_FACE('',(#5565),#1516,.T.);
#6133=ADVANCED_FACE('',(#5566),#5893,.T.);
#6134=ADVANCED_FACE('',(#5567),#5894,.T.);
#6135=ADVANCED_FACE('',(#5568),#5895,.F.);
#6136=ADVANCED_FACE('',(#5569),#5896,.F.);
#6137=ADVANCED_FACE('',(#5570),#5897,.F.);
#6138=ADVANCED_FACE('',(#5571),#5898,.F.);
#6139=ADVANCED_FACE('',(#5572),#5899,.F.);
#6140=ADVANCED_FACE('',(#5573),#5900,.F.);
#6141=ADVANCED_FACE('',(#5574),#5901,.F.);
#6142=ADVANCED_FACE('',(#5575),#5902,.T.);
#6143=ADVANCED_FACE('',(#5576),#5903,.F.);
#6144=ADVANCED_FACE('',(#5577),#5904,.T.);
#6145=ADVANCED_FACE('',(#5578),#1517,.T.);
#6146=ADVANCED_FACE('',(#5579),#5905,.F.);
#6147=ADVANCED_FACE('',(#5580),#1518,.T.);
#6148=ADVANCED_FACE('',(#5581),#5906,.T.);
#6149=ADVANCED_FACE('',(#5582),#1519,.T.);
#6150=ADVANCED_FACE('',(#5583),#5907,.T.);
#6151=ADVANCED_FACE('',(#5584),#5908,.T.);
#6152=ADVANCED_FACE('',(#5585),#5909,.T.);
#6153=ADVANCED_FACE('',(#5586),#5910,.T.);
#6154=ADVANCED_FACE('',(#5587),#5911,.F.);
#6155=ADVANCED_FACE('',(#5588),#5912,.F.);
#6156=ADVANCED_FACE('',(#5589),#1520,.T.);
#6157=ADVANCED_FACE('',(#5590),#5913,.F.);
#6158=ADVANCED_FACE('',(#5591),#5914,.T.);
#6159=ADVANCED_FACE('',(#5592),#5915,.T.);
#6160=ADVANCED_FACE('',(#5593),#48,.T.);
#6161=ADVANCED_FACE('',(#5594),#49,.T.);
#6162=ADVANCED_FACE('',(#5595),#50,.T.);
#6163=ADVANCED_FACE('',(#5596),#51,.F.);
#6164=ADVANCED_FACE('',(#5597),#52,.T.);
#6165=ADVANCED_FACE('',(#5598),#1521,.T.);
#6166=ADVANCED_FACE('',(#5599),#53,.T.);
#6167=ADVANCED_FACE('',(#5600),#54,.T.);
#6168=ADVANCED_FACE('',(#5601),#55,.T.);
#6169=ADVANCED_FACE('',(#5602),#56,.T.);
#6170=ADVANCED_FACE('',(#5603),#57,.T.);
#6171=ADVANCED_FACE('',(#5604),#5916,.T.);
#6172=ADVANCED_FACE('',(#5605),#58,.F.);
#6173=ADVANCED_FACE('',(#5606),#59,.T.);
#6174=ADVANCED_FACE('',(#5607),#60,.T.);
#6175=ADVANCED_FACE('',(#5608),#61,.T.);
#6176=ADVANCED_FACE('',(#5609),#1522,.T.);
#6177=ADVANCED_FACE('',(#5610),#5917,.T.);
#6178=ADVANCED_FACE('',(#5611),#1523,.F.);
#6179=ADVANCED_FACE('',(#5612),#1524,.T.);
#6180=ADVANCED_FACE('',(#5613),#1525,.T.);
#6181=ADVANCED_FACE('',(#5614),#62,.T.);
#6182=ADVANCED_FACE('',(#5615),#1526,.T.);
#6183=ADVANCED_FACE('',(#5616),#1389,.T.);
#6184=ADVANCED_FACE('',(#5617),#1390,.T.);
#6185=ADVANCED_FACE('',(#5618),#1527,.T.);
#6186=ADVANCED_FACE('',(#5619),#5918,.T.);
#6187=ADVANCED_FACE('',(#5620),#63,.T.);
#6188=ADVANCED_FACE('',(#5621),#64,.T.);
#6189=ADVANCED_FACE('',(#5622),#65,.T.);
#6190=ADVANCED_FACE('',(#5623),#66,.T.);
#6191=ADVANCED_FACE('',(#5624),#67,.T.);
#6192=ADVANCED_FACE('',(#5625),#68,.T.);
#6193=ADVANCED_FACE('',(#5626),#69,.T.);
#6194=ADVANCED_FACE('',(#5627),#70,.T.);
#6195=ADVANCED_FACE('',(#5628),#71,.T.);
#6196=ADVANCED_FACE('',(#5629),#72,.T.);
#6197=ADVANCED_FACE('',(#5630),#73,.T.);
#6198=ADVANCED_FACE('',(#5631),#74,.T.);
#6199=ADVANCED_FACE('',(#5632),#1528,.T.);
#6200=ADVANCED_FACE('',(#5633),#75,.F.);
#6201=ADVANCED_FACE('',(#5634,#5635),#1529,.T.);
#6202=ADVANCED_FACE('',(#5636),#5919,.T.);
#6203=ADVANCED_FACE('',(#5637),#5920,.F.);
#6204=ADVANCED_FACE('',(#5638),#1530,.T.);
#6205=ADVANCED_FACE('',(#5639),#1531,.T.);
#6206=ADVANCED_FACE('',(#5640),#5921,.T.);
#6207=ADVANCED_FACE('',(#5641),#5922,.T.);
#6208=ADVANCED_FACE('',(#5642),#5923,.T.);
#6209=ADVANCED_FACE('',(#5643),#1532,.T.);
#6210=ADVANCED_FACE('',(#5644),#5924,.T.);
#6211=ADVANCED_FACE('',(#5645,#5646),#1533,.T.);
#6212=ADVANCED_FACE('',(#5647),#1534,.T.);
#6213=ADVANCED_FACE('',(#5648),#5925,.T.);
#6214=ADVANCED_FACE('',(#5649),#1535,.T.);
#6215=ADVANCED_FACE('',(#5650),#5926,.F.);
#6216=ADVANCED_FACE('',(#5651),#1536,.T.);
#6217=ADVANCED_FACE('',(#5652),#5927,.T.);
#6218=ADVANCED_FACE('',(#5653),#5928,.T.);
#6219=ADVANCED_FACE('',(#5654),#5929,.T.);
#6220=ADVANCED_FACE('',(#5655),#5930,.T.);
#6221=ADVANCED_FACE('',(#5656),#5931,.T.);
#6222=ADVANCED_FACE('',(#5657),#5932,.T.);
#6223=ADVANCED_FACE('',(#5658),#5933,.T.);
#6224=ADVANCED_FACE('',(#5659,#5660),#34,.T.);
#6225=ADVANCED_FACE('',(#5661),#5934,.F.);
#6226=ADVANCED_FACE('',(#5662),#5935,.F.);
#6227=ADVANCED_FACE('',(#5663),#5936,.F.);
#6228=ADVANCED_FACE('',(#5664),#5937,.F.);
#6229=ADVANCED_FACE('',(#5665),#5938,.T.);
#6230=ADVANCED_FACE('',(#5666),#5939,.F.);
#6231=ADVANCED_FACE('',(#5667),#5940,.T.);
#6232=ADVANCED_FACE('',(#5668),#5941,.T.);
#6233=ADVANCED_FACE('',(#5669),#5942,.F.);
#6234=ADVANCED_FACE('',(#5670),#5943,.T.);
#6235=ADVANCED_FACE('',(#5671),#5944,.T.);
#6236=ADVANCED_FACE('',(#5672),#5945,.F.);
#6237=ADVANCED_FACE('',(#5673),#5946,.T.);
#6238=ADVANCED_FACE('',(#5674),#5947,.T.);
#6239=ADVANCED_FACE('',(#5675),#5948,.F.);
#6240=ADVANCED_FACE('',(#5676),#5949,.T.);
#6241=ADVANCED_FACE('',(#5677),#5950,.T.);
#6242=ADVANCED_FACE('',(#5678),#5951,.F.);
#6243=ADVANCED_FACE('',(#5679),#5952,.T.);
#6244=ADVANCED_FACE('',(#5680),#5953,.T.);
#6245=ADVANCED_FACE('',(#5681),#5954,.T.);
#6246=ADVANCED_FACE('',(#5682),#5955,.F.);
#6247=ADVANCED_FACE('',(#5683),#5956,.T.);
#6248=ADVANCED_FACE('',(#5684),#14,.T.);
#6249=ADVANCED_FACE('',(#5685),#15,.T.);
#6250=ADVANCED_FACE('',(#5686),#1537,.F.);
#6251=ADVANCED_FACE('',(#5687,#5688),#5957,.T.);
#6252=ADVANCED_FACE('',(#5689),#16,.T.);
#6253=ADVANCED_FACE('',(#5690),#17,.T.);
#6254=ADVANCED_FACE('',(#5691),#18,.F.);
#6255=ADVANCED_FACE('',(#5692),#19,.T.);
#6256=ADVANCED_FACE('',(#5693),#20,.T.);
#6257=ADVANCED_FACE('',(#5694),#5958,.F.);
#6258=ADVANCED_FACE('',(#5695),#1538,.T.);
#6259=ADVANCED_FACE('',(#5696),#5959,.T.);
#6260=ADVANCED_FACE('',(#5697),#1539,.T.);
#6261=ADVANCED_FACE('',(#5698),#5960,.F.);
#6262=ADVANCED_FACE('',(#5699),#1540,.T.);
#6263=ADVANCED_FACE('',(#5700),#5961,.F.);
#6264=ADVANCED_FACE('',(#5701),#5962,.T.);
#6265=ADVANCED_FACE('',(#5702),#1541,.T.);
#6266=ADVANCED_FACE('',(#5703),#5963,.F.);
#6267=ADVANCED_FACE('',(#5704),#1542,.T.);
#6268=ADVANCED_FACE('',(#5705),#5964,.T.);
#6269=ADVANCED_FACE('',(#5706),#5965,.F.);
#6270=ADVANCED_FACE('',(#5707),#1543,.T.);
#6271=ADVANCED_FACE('',(#5708),#5966,.T.);
#6272=ADVANCED_FACE('',(#5709),#1544,.T.);
#6273=ADVANCED_FACE('',(#5710),#5967,.F.);
#6274=ADVANCED_FACE('',(#5711),#1545,.T.);
#6275=ADVANCED_FACE('',(#5712),#5968,.F.);
#6276=ADVANCED_FACE('',(#5713),#1546,.T.);
#6277=ADVANCED_FACE('',(#5714),#5969,.F.);
#6278=ADVANCED_FACE('',(#5715),#5970,.T.);
#6279=ADVANCED_FACE('',(#5716),#5971,.T.);
#6280=ADVANCED_FACE('',(#5717),#5972,.F.);
#6281=ADVANCED_FACE('',(#5718),#5973,.T.);
#6282=ADVANCED_FACE('',(#5719),#5974,.T.);
#6283=ADVANCED_FACE('',(#5720),#5975,.F.);
#6284=ADVANCED_FACE('',(#5721,#5722),#1547,.T.);
#6285=ADVANCED_FACE('',(#5723),#5976,.F.);
#6286=ADVANCED_FACE('',(#5724),#5977,.T.);
#6287=ADVANCED_FACE('',(#5725),#5978,.T.);
#6288=ADVANCED_FACE('',(#5726),#1548,.T.);
#6289=ADVANCED_FACE('',(#5727),#1549,.T.);
#6290=ADVANCED_FACE('',(#5728),#1550,.F.);
#6291=ADVANCED_FACE('',(#5729),#1551,.T.);
#6292=ADVANCED_FACE('',(#5730),#5979,.F.);
#6293=ADVANCED_FACE('',(#5731,#5732),#5980,.F.);
#6294=ADVANCED_FACE('',(#5733),#5981,.F.);
#6295=ADVANCED_FACE('',(#5734),#21,.T.);
#6296=ADVANCED_FACE('',(#5735),#22,.T.);
#6297=ADVANCED_FACE('',(#5736),#5982,.T.);
#6298=ADVANCED_FACE('',(#5737),#23,.F.);
#6299=ADVANCED_FACE('',(#5738),#24,.T.);
#6300=ADVANCED_FACE('',(#5739),#25,.T.);
#6301=ADVANCED_FACE('',(#5740),#26,.T.);
#6302=ADVANCED_FACE('',(#5741),#1552,.F.);
#6303=ADVANCED_FACE('',(#5742),#27,.T.);
#6304=ADVANCED_FACE('',(#5743),#28,.T.);
#6305=ADVANCED_FACE('',(#5744),#5983,.T.);
#6306=ADVANCED_FACE('',(#5745,#5746),#76,.F.);
#6307=ADVANCED_FACE('',(#5747),#5984,.F.);
#6308=ADVANCED_FACE('',(#5748),#1553,.F.);
#6309=ADVANCED_FACE('',(#5749),#5985,.F.);
#6310=ADVANCED_FACE('',(#5750),#5986,.T.);
#6311=ADVANCED_FACE('',(#5751),#5987,.F.);
#6312=ADVANCED_FACE('',(#5752),#5988,.F.);
#6313=ADVANCED_FACE('',(#5753),#1554,.T.);
#6314=ADVANCED_FACE('',(#5754),#5989,.F.);
#6315=ADVANCED_FACE('',(#5755),#1555,.F.);
#6316=ADVANCED_FACE('',(#5756),#5990,.F.);
#6317=ADVANCED_FACE('',(#5757),#1556,.F.);
#6318=ADVANCED_FACE('',(#5758,#5759),#5991,.T.);
#6319=ADVANCED_FACE('',(#5760),#1557,.F.);
#6320=ADVANCED_FACE('',(#5761),#5992,.F.);
#6321=ADVANCED_FACE('',(#5762),#5993,.T.);
#6322=ADVANCED_FACE('',(#5763),#5994,.F.);
#6323=ADVANCED_FACE('',(#5764),#5995,.F.);
#6324=ADVANCED_FACE('',(#5765),#5996,.F.);
#6325=ADVANCED_FACE('',(#5766),#5997,.F.);
#6326=ADVANCED_FACE('',(#5767),#5998,.F.);
#6327=ADVANCED_FACE('',(#5768),#5999,.F.);
#6328=ADVANCED_FACE('',(#5769),#6000,.F.);
#6329=ADVANCED_FACE('',(#5770),#6001,.T.);
#6330=ADVANCED_FACE('',(#5771),#6002,.T.);
#6331=ADVANCED_FACE('',(#5772),#6003,.F.);
#6332=ADVANCED_FACE('',(#5773),#6004,.F.);
#6333=ADVANCED_FACE('',(#5774),#6005,.F.);
#6334=ADVANCED_FACE('',(#5775),#6006,.T.);
#6335=ADVANCED_FACE('',(#5776),#6007,.T.);
#6336=ADVANCED_FACE('',(#5777),#6008,.F.);
#6337=ADVANCED_FACE('',(#5778),#6009,.F.);
#6338=ADVANCED_FACE('',(#5779),#6010,.F.);
#6339=ADVANCED_FACE('',(#5780),#6011,.F.);
#6340=ADVANCED_FACE('',(#5781),#1558,.F.);
#6341=ADVANCED_FACE('',(#5782),#1559,.T.);
#6342=ADVANCED_FACE('',(#5783),#6012,.F.);
#6343=ADVANCED_FACE('',(#5784),#1560,.F.);
#6344=ADVANCED_FACE('',(#5785),#6013,.F.);
#6345=ADVANCED_FACE('',(#5786),#6014,.F.);
#6346=ADVANCED_FACE('',(#5787),#1561,.T.);
#6347=ADVANCED_FACE('',(#5788),#6015,.F.);
#6348=ADVANCED_FACE('',(#5789,#5790),#1562,.T.);
#6349=ADVANCED_FACE('',(#5791),#6016,.T.);
#6350=ADVANCED_FACE('',(#5792,#5793),#29,.T.);
#6351=ADVANCED_FACE('',(#5794),#6017,.F.);
#6352=ADVANCED_FACE('',(#5795),#1563,.T.);
#6353=ADVANCED_FACE('',(#5796),#1564,.T.);
#6354=ADVANCED_FACE('',(#5797),#6018,.F.);
#6355=ADVANCED_FACE('',(#5798),#6019,.F.);
#6356=ADVANCED_FACE('',(#5799),#6020,.F.);
#6357=ADVANCED_FACE('',(#5800),#6021,.F.);
#6358=ADVANCED_FACE('',(#5801),#77,.F.);
#6359=ADVANCED_FACE('',(#5802),#1565,.F.);
#6360=ADVANCED_FACE('',(#5803),#6022,.F.);
#6361=ADVANCED_FACE('',(#5804),#6023,.F.);
#6362=ADVANCED_FACE('',(#5805),#6024,.F.);
#6363=ADVANCED_FACE('',(#5806),#6025,.F.);
#6364=ADVANCED_FACE('',(#5807),#1566,.T.);
#6365=ADVANCED_FACE('',(#5808),#6026,.F.);
#6366=ADVANCED_FACE('',(#5809),#1567,.T.);
#6367=ADVANCED_FACE('',(#5810),#6027,.T.);
#6368=ADVANCED_FACE('',(#5811),#1568,.T.);
#6369=ADVANCED_FACE('',(#5812),#1569,.T.);
#6370=ADVANCED_FACE('',(#5813),#6028,.T.);
#6371=ADVANCED_FACE('',(#5814),#6029,.T.);
#6372=ADVANCED_FACE('',(#5815),#6030,.T.);
#6373=ADVANCED_FACE('',(#5816),#6031,.T.);
#6374=ADVANCED_FACE('',(#5817),#6032,.T.);
#6375=ADVANCED_FACE('',(#5818),#1570,.T.);
#6376=ADVANCED_FACE('',(#5819),#1571,.T.);
#6377=ADVANCED_FACE('',(#5820),#6033,.T.);
#6378=ADVANCED_FACE('',(#5821),#6034,.T.);
#6379=ADVANCED_FACE('',(#5822,#5823),#30,.T.);
#6380=ADVANCED_FACE('',(#5824),#6035,.T.);
#6381=ADVANCED_FACE('',(#5825),#6036,.T.);
#6382=ADVANCED_FACE('',(#5826),#78,.F.);
#6383=ADVANCED_FACE('',(#5827),#1572,.T.);
#6384=ADVANCED_FACE('',(#5828),#6037,.T.);
#6385=ADVANCED_FACE('',(#5829),#1573,.T.);
#6386=ADVANCED_FACE('',(#5830),#6038,.T.);
#6387=ADVANCED_FACE('',(#5831),#6039,.T.);
#6388=ADVANCED_FACE('',(#5832),#6040,.T.);
#6389=ADVANCED_FACE('',(#5833),#6041,.T.);
#6390=ADVANCED_FACE('',(#5834,#5835),#31,.T.);
#6391=ADVANCED_FACE('',(#5836),#6042,.F.);
#6392=ADVANCED_FACE('',(#5837),#6043,.F.);
#6393=ADVANCED_FACE('',(#5838),#35,.T.);
#6394=ADVANCED_FACE('',(#5839),#6044,.F.);
#6395=ADVANCED_FACE('',(#5840),#6045,.F.);
#6396=CLOSED_SHELL('',(#6046,#6047,#6048,#6049));
#6397=CLOSED_SHELL('',(#6050,#6051,#6052,#6053,#6054,#6055,#6056,#6057,
#6058,#6059,#6060,#6061,#6062,#6063,#6064,#6065,#6066,#6067,#6068,#6069,
#6070,#6071,#6072,#6073,#6074,#6075,#6076,#6077,#6078,#6079,#6080,#6081,
#6082,#6083,#6084,#6085,#6086,#6087,#6088,#6089,#6090,#6091,#6092,#6093,
#6094,#6095,#6096,#6097,#6098,#6099,#6100,#6101,#6102,#6103,#6104,#6105,
#6106,#6107,#6108,#6109,#6110,#6111,#6112,#6113,#6114,#6115,#6116,#6117,
#6118,#6119,#6120,#6121,#6122,#6123,#6124,#6125,#6126,#6127,#6128,#6129,
#6130,#6131,#6132,#6133,#6134,#6135,#6136,#6137,#6138,#6139,#6140,#6141,
#6142,#6143,#6144,#6145,#6146,#6147,#6148,#6149,#6150,#6151,#6152,#6153,
#6154,#6155,#6156,#6157,#6158,#6159,#6160,#6161,#6162,#6163,#6164,#6165,
#6166,#6167,#6168,#6169,#6170,#6171,#6172,#6173,#6174,#6175,#6176,#6177,
#6178,#6179,#6180,#6181,#6182,#6183,#6184,#6185,#6186,#6187,#6188,#6189,
#6190,#6191,#6192,#6193,#6194,#6195,#6196,#6197,#6198,#6199,#6200,#6201,
#6202,#6203,#6204,#6205,#6206,#6207,#6208,#6209,#6210,#6211,#6212,#6213,
#6214,#6215,#6216,#6217,#6218,#6219,#6220,#6221,#6222,#6223,#6224,#6225,
#6226,#6227,#6228,#6229,#6230,#6231,#6232,#6233,#6234,#6235,#6236,#6237,
#6238,#6239,#6240,#6241,#6242,#6243,#6244,#6245,#6246,#6247,#6248,#6249,
#6250,#6251,#6252,#6253,#6254,#6255,#6256,#6257,#6258,#6259,#6260,#6261,
#6262,#6263,#6264,#6265,#6266,#6267,#6268,#6269,#6270,#6271,#6272,#6273,
#6274,#6275,#6276,#6277,#6278,#6279,#6280,#6281,#6282,#6283,#6284,#6285,
#6286,#6287,#6288,#6289,#6290,#6291,#6292,#6293,#6294,#6295,#6296,#6297,
#6298,#6299,#6300,#6301,#6302,#6303,#6304,#6305,#6306,#6307,#6308,#6309,
#6310,#6311,#6312,#6313,#6314,#6315,#6316,#6317,#6318,#6319,#6320,#6321,
#6322,#6323,#6324,#6325,#6326,#6327,#6328,#6329,#6330,#6331,#6332,#6333,
#6334,#6335,#6336,#6337,#6338,#6339,#6340,#6341,#6342,#6343,#6344,#6345,
#6346,#6347,#6348,#6349,#6350,#6351,#6352,#6353,#6354,#6355,#6356,#6357,
#6358,#6359,#6360,#6361,#6362,#6363,#6364,#6365,#6366,#6367,#6368,#6369,
#6370,#6371,#6372,#6373,#6374,#6375,#6376,#6377,#6378,#6379,#6380,#6381,
#6382,#6383,#6384,#6385,#6386,#6387,#6388,#6389,#6390,#6391,#6392,#6393,
#6394,#6395));
#6398=STYLED_ITEM('',(#6400),#6413);
#6399=STYLED_ITEM('',(#6401),#6414);
#6400=PRESENTATION_STYLE_ASSIGNMENT((#6402));
#6401=PRESENTATION_STYLE_ASSIGNMENT((#6403));
#6402=SURFACE_STYLE_USAGE(.BOTH.,#6404);
#6403=SURFACE_STYLE_USAGE(.BOTH.,#6405);
#6404=SURFACE_SIDE_STYLE('',(#6406));
#6405=SURFACE_SIDE_STYLE('',(#6407));
#6406=SURFACE_STYLE_FILL_AREA(#6408);
#6407=SURFACE_STYLE_FILL_AREA(#6409);
#6408=FILL_AREA_STYLE('',(#6410));
#6409=FILL_AREA_STYLE('',(#6411));
#6410=FILL_AREA_STYLE_COLOUR('',#6412);
#6411=FILL_AREA_STYLE_COLOUR('',#6412);
#6412=COLOUR_RGB('',0.52156862745098,0.627450980392157,0.686274509803922);
#6413=MANIFOLD_SOLID_BREP('Trim Body (226)',#6396);
#6414=MANIFOLD_SOLID_BREP('Extrude (4)',#6397);
#6415=SHAPE_DEFINITION_REPRESENTATION(#11847,#6416);
#6416=SHAPE_REPRESENTATION('M04-02-02',(#6417),#11842);
#6417=AXIS2_PLACEMENT_3D('',#8493,#6916,#6917);
#6418=AXIS2_PLACEMENT_3D('',#8494,#6918,#6919);
#6419=AXIS2_PLACEMENT_3D('',#8495,#6920,#6921);
#6420=AXIS2_PLACEMENT_3D('',#8497,#6922,#6923);
#6421=AXIS2_PLACEMENT_3D('',#8498,#6924,#6925);
#6422=AXIS2_PLACEMENT_3D('',#8500,#6926,#6927);
#6423=AXIS2_PLACEMENT_3D('',#8501,#6928,#6929);
#6424=AXIS2_PLACEMENT_3D('',#8503,#6930,#6931);
#6425=AXIS2_PLACEMENT_3D('',#8504,#6932,#6933);
#6426=AXIS2_PLACEMENT_3D('',#8514,#6936,#6937);
#6427=AXIS2_PLACEMENT_3D('',#8572,#6941,#6942);
#6428=AXIS2_PLACEMENT_3D('',#8581,#6947,#6948);
#6429=AXIS2_PLACEMENT_3D('',#8585,#6950,#6951);
#6430=AXIS2_PLACEMENT_3D('',#8593,#6953,#6954);
#6431=AXIS2_PLACEMENT_3D('',#8605,#6958,#6959);
#6432=AXIS2_PLACEMENT_3D('',#8617,#6963,#6964);
#6433=AXIS2_PLACEMENT_3D('',#8618,#6965,#6966);
#6434=AXIS2_PLACEMENT_3D('',#8621,#6967,#6968);
#6435=AXIS2_PLACEMENT_3D('',#8623,#6969,#6970);
#6436=AXIS2_PLACEMENT_3D('',#8625,#6971,#6972);
#6437=AXIS2_PLACEMENT_3D('',#8627,#6973,#6974);
#6438=AXIS2_PLACEMENT_3D('',#8629,#6975,#6976);
#6439=AXIS2_PLACEMENT_3D('',#8631,#6977,#6978);
#6440=AXIS2_PLACEMENT_3D('',#8633,#6979,#6980);
#6441=AXIS2_PLACEMENT_3D('',#8635,#6981,#6982);
#6442=AXIS2_PLACEMENT_3D('',#8637,#6983,#6984);
#6443=AXIS2_PLACEMENT_3D('',#8639,#6985,#6986);
#6444=AXIS2_PLACEMENT_3D('',#8641,#6987,#6988);
#6445=AXIS2_PLACEMENT_3D('',#8643,#6989,#6990);
#6446=AXIS2_PLACEMENT_3D('',#8645,#6991,#6992);
#6447=AXIS2_PLACEMENT_3D('',#8647,#6993,#6994);
#6448=AXIS2_PLACEMENT_3D('',#8649,#6995,#6996);
#6449=AXIS2_PLACEMENT_3D('',#8651,#6997,#6998);
#6450=AXIS2_PLACEMENT_3D('',#8653,#6999,#7000);
#6451=AXIS2_PLACEMENT_3D('',#8655,#7001,#7002);
#6452=AXIS2_PLACEMENT_3D('',#8657,#7003,#7004);
#6453=AXIS2_PLACEMENT_3D('',#8659,#7005,#7006);
#6454=AXIS2_PLACEMENT_3D('',#8661,#7007,#7008);
#6455=AXIS2_PLACEMENT_3D('',#8663,#7009,#7010);
#6456=AXIS2_PLACEMENT_3D('',#8667,#7012,#7013);
#6457=AXIS2_PLACEMENT_3D('',#8668,#7014,#7015);
#6458=AXIS2_PLACEMENT_3D('',#8676,#7019,#7020);
#6459=AXIS2_PLACEMENT_3D('',#8684,#7024,#7025);
#6460=AXIS2_PLACEMENT_3D('',#8693,#7030,#7031);
#6461=AXIS2_PLACEMENT_3D('',#8694,#7032,#7033);
#6462=AXIS2_PLACEMENT_3D('',#8704,#7035,#7036);
#6463=AXIS2_PLACEMENT_3D('',#8728,#7049,#7050);
#6464=AXIS2_PLACEMENT_3D('',#8760,#7064,#7065);
#6465=AXIS2_PLACEMENT_3D('',#8764,#7067,#7068);
#6466=AXIS2_PLACEMENT_3D('',#8768,#7070,#7071);
#6467=AXIS2_PLACEMENT_3D('',#8772,#7074,#7075);
#6468=AXIS2_PLACEMENT_3D('',#8776,#7078,#7079);
#6469=AXIS2_PLACEMENT_3D('',#8784,#7083,#7084);
#6470=AXIS2_PLACEMENT_3D('',#8789,#7087,#7088);
#6471=AXIS2_PLACEMENT_3D('',#8790,#7089,#7090);
#6472=AXIS2_PLACEMENT_3D('',#8816,#7103,#7104);
#6473=AXIS2_PLACEMENT_3D('',#8819,#7106,#7107);
#6474=AXIS2_PLACEMENT_3D('',#8828,#7110,#7111);
#6475=AXIS2_PLACEMENT_3D('',#8865,#7114,#7115);
#6476=AXIS2_PLACEMENT_3D('',#8872,#7116,#7117);
#6477=AXIS2_PLACEMENT_3D('',#8883,#7118,#7119);
#6478=AXIS2_PLACEMENT_3D('',#8892,#7121,#7122);
#6479=AXIS2_PLACEMENT_3D('',#8896,#7124,#7125);
#6480=AXIS2_PLACEMENT_3D('',#8899,#7127,#7128);
#6481=AXIS2_PLACEMENT_3D('',#8906,#7132,#7133);
#6482=AXIS2_PLACEMENT_3D('',#8918,#7136,#7137);
#6483=AXIS2_PLACEMENT_3D('',#8921,#7140,#7141);
#6484=AXIS2_PLACEMENT_3D('',#8932,#7144,#7145);
#6485=AXIS2_PLACEMENT_3D('',#8935,#7147,#7148);
#6486=AXIS2_PLACEMENT_3D('',#8941,#7152,#7153);
#6487=AXIS2_PLACEMENT_3D('',#8949,#7157,#7158);
#6488=AXIS2_PLACEMENT_3D('',#8953,#7160,#7161);
#6489=AXIS2_PLACEMENT_3D('',#8954,#7162,#7163);
#6490=AXIS2_PLACEMENT_3D('',#8958,#7165,#7166);
#6491=AXIS2_PLACEMENT_3D('',#8965,#7170,#7171);
#6492=AXIS2_PLACEMENT_3D('',#8968,#7173,#7174);
#6493=AXIS2_PLACEMENT_3D('',#8969,#7175,#7176);
#6494=AXIS2_PLACEMENT_3D('',#9003,#7182,#7183);
#6495=AXIS2_PLACEMENT_3D('',#9017,#7186,#7187);
#6496=AXIS2_PLACEMENT_3D('',#9022,#7191,#7192);
#6497=AXIS2_PLACEMENT_3D('',#9033,#7193,#7194);
#6498=AXIS2_PLACEMENT_3D('',#9041,#7198,#7199);
#6499=AXIS2_PLACEMENT_3D('',#9045,#7201,#7202);
#6500=AXIS2_PLACEMENT_3D('',#9046,#7203,#7204);
#6501=AXIS2_PLACEMENT_3D('',#9057,#7210,#7211);
#6502=AXIS2_PLACEMENT_3D('',#9061,#7213,#7214);
#6503=AXIS2_PLACEMENT_3D('',#9065,#7216,#7217);
#6504=AXIS2_PLACEMENT_3D('',#9069,#7219,#7220);
#6505=AXIS2_PLACEMENT_3D('',#9073,#7223,#7224);
#6506=AXIS2_PLACEMENT_3D('',#9074,#7225,#7226);
#6507=AXIS2_PLACEMENT_3D('',#9076,#7227,#7228);
#6508=AXIS2_PLACEMENT_3D('',#9085,#7232,#7233);
#6509=AXIS2_PLACEMENT_3D('',#9092,#7237,#7238);
#6510=AXIS2_PLACEMENT_3D('',#9097,#7241,#7242);
#6511=AXIS2_PLACEMENT_3D('',#9098,#7243,#7244);
#6512=AXIS2_PLACEMENT_3D('',#9099,#7245,#7246);
#6513=AXIS2_PLACEMENT_3D('',#9107,#7250,#7251);
#6514=AXIS2_PLACEMENT_3D('',#9111,#7253,#7254);
#6515=AXIS2_PLACEMENT_3D('',#9114,#7256,#7257);
#6516=AXIS2_PLACEMENT_3D('',#9115,#7258,#7259);
#6517=AXIS2_PLACEMENT_3D('',#9117,#7260,#7261);
#6518=AXIS2_PLACEMENT_3D('',#9119,#7262,#7263);
#6519=AXIS2_PLACEMENT_3D('',#9120,#7264,#7265);
#6520=AXIS2_PLACEMENT_3D('',#9122,#7266,#7267);
#6521=AXIS2_PLACEMENT_3D('',#9123,#7268,#7269);
#6522=AXIS2_PLACEMENT_3D('',#9128,#7271,#7272);
#6523=AXIS2_PLACEMENT_3D('',#9131,#7274,#7275);
#6524=AXIS2_PLACEMENT_3D('',#9132,#7276,#7277);
#6525=AXIS2_PLACEMENT_3D('',#9137,#7280,#7281);
#6526=AXIS2_PLACEMENT_3D('',#9140,#7283,#7284);
#6527=AXIS2_PLACEMENT_3D('',#9143,#7286,#7287);
#6528=AXIS2_PLACEMENT_3D('',#9144,#7288,#7289);
#6529=AXIS2_PLACEMENT_3D('',#9149,#7291,#7292);
#6530=AXIS2_PLACEMENT_3D('',#9152,#7294,#7295);
#6531=AXIS2_PLACEMENT_3D('',#9153,#7296,#7297);
#6532=AXIS2_PLACEMENT_3D('',#9158,#7300,#7301);
#6533=AXIS2_PLACEMENT_3D('',#9161,#7303,#7304);
#6534=AXIS2_PLACEMENT_3D('',#9164,#7306,#7307);
#6535=AXIS2_PLACEMENT_3D('',#9165,#7308,#7309);
#6536=AXIS2_PLACEMENT_3D('',#9167,#7310,#7311);
#6537=AXIS2_PLACEMENT_3D('',#9168,#7312,#7313);
#6538=AXIS2_PLACEMENT_3D('',#9170,#7314,#7315);
#6539=AXIS2_PLACEMENT_3D('',#9175,#7318,#7319);
#6540=AXIS2_PLACEMENT_3D('',#9176,#7320,#7321);
#6541=AXIS2_PLACEMENT_3D('',#9184,#7326,#7327);
#6542=AXIS2_PLACEMENT_3D('',#9190,#7331,#7332);
#6543=AXIS2_PLACEMENT_3D('',#9199,#7337,#7338);
#6544=AXIS2_PLACEMENT_3D('',#9204,#7342,#7343);
#6545=AXIS2_PLACEMENT_3D('',#9205,#7344,#7345);
#6546=AXIS2_PLACEMENT_3D('',#9206,#7346,#7347);
#6547=AXIS2_PLACEMENT_3D('',#9215,#7352,#7353);
#6548=AXIS2_PLACEMENT_3D('',#9216,#7354,#7355);
#6549=AXIS2_PLACEMENT_3D('',#9220,#7357,#7358);
#6550=AXIS2_PLACEMENT_3D('',#9221,#7359,#7360);
#6551=AXIS2_PLACEMENT_3D('',#9228,#7365,#7366);
#6552=AXIS2_PLACEMENT_3D('',#9229,#7367,#7368);
#6553=AXIS2_PLACEMENT_3D('',#9232,#7370,#7371);
#6554=AXIS2_PLACEMENT_3D('',#9240,#7376,#7377);
#6555=AXIS2_PLACEMENT_3D('',#9241,#7378,#7379);
#6556=AXIS2_PLACEMENT_3D('',#9243,#7380,#7381);
#6557=AXIS2_PLACEMENT_3D('',#9246,#7383,#7384);
#6558=AXIS2_PLACEMENT_3D('',#9252,#7388,#7389);
#6559=AXIS2_PLACEMENT_3D('',#9256,#7391,#7392);
#6560=AXIS2_PLACEMENT_3D('',#9257,#7393,#7394);
#6561=AXIS2_PLACEMENT_3D('',#9260,#7396,#7397);
#6562=AXIS2_PLACEMENT_3D('',#9261,#7398,#7399);
#6563=AXIS2_PLACEMENT_3D('',#9263,#7400,#7401);
#6564=AXIS2_PLACEMENT_3D('',#9276,#7402,#7403);
#6565=AXIS2_PLACEMENT_3D('',#9299,#7404,#7405);
#6566=AXIS2_PLACEMENT_3D('',#9309,#7406,#7407);
#6567=AXIS2_PLACEMENT_3D('',#9318,#7409,#7410);
#6568=AXIS2_PLACEMENT_3D('',#9321,#7412,#7413);
#6569=AXIS2_PLACEMENT_3D('',#9334,#7414,#7415);
#6570=AXIS2_PLACEMENT_3D('',#9336,#7416,#7417);
#6571=AXIS2_PLACEMENT_3D('',#9338,#7418,#7419);
#6572=AXIS2_PLACEMENT_3D('',#9339,#7420,#7421);
#6573=AXIS2_PLACEMENT_3D('',#9342,#7423,#7424);
#6574=AXIS2_PLACEMENT_3D('',#9362,#7426,#7427);
#6575=AXIS2_PLACEMENT_3D('',#9380,#7428,#7429);
#6576=AXIS2_PLACEMENT_3D('',#9393,#7430,#7431);
#6577=AXIS2_PLACEMENT_3D('',#9396,#7432,#7433);
#6578=AXIS2_PLACEMENT_3D('',#9398,#7434,#7435);
#6579=AXIS2_PLACEMENT_3D('',#9400,#7436,#7437);
#6580=AXIS2_PLACEMENT_3D('',#9421,#7438,#7439);
#6581=AXIS2_PLACEMENT_3D('',#9423,#7441,#7442);
#6582=AXIS2_PLACEMENT_3D('',#9448,#7445,#7446);
#6583=AXIS2_PLACEMENT_3D('',#9475,#7448,#7449);
#6584=AXIS2_PLACEMENT_3D('',#9528,#7452,#7453);
#6585=AXIS2_PLACEMENT_3D('',#9535,#7454,#7455);
#6586=AXIS2_PLACEMENT_3D('',#9552,#7456,#7457);
#6587=AXIS2_PLACEMENT_3D('',#9553,#7458,#7459);
#6588=AXIS2_PLACEMENT_3D('',#9555,#7460,#7461);
#6589=AXIS2_PLACEMENT_3D('',#9559,#7463,#7464);
#6590=AXIS2_PLACEMENT_3D('',#9566,#7468,#7469);
#6591=AXIS2_PLACEMENT_3D('',#9572,#7473,#7474);
#6592=AXIS2_PLACEMENT_3D('',#9575,#7476,#7477);
#6593=AXIS2_PLACEMENT_3D('',#9611,#7481,#7482);
#6594=AXIS2_PLACEMENT_3D('',#9612,#7483,#7484);
#6595=AXIS2_PLACEMENT_3D('',#9614,#7485,#7486);
#6596=AXIS2_PLACEMENT_3D('',#9619,#7489,#7490);
#6597=AXIS2_PLACEMENT_3D('',#9620,#7491,#7492);
#6598=AXIS2_PLACEMENT_3D('',#9623,#7494,#7495);
#6599=AXIS2_PLACEMENT_3D('',#9624,#7496,#7497);
#6600=AXIS2_PLACEMENT_3D('',#9625,#7498,#7499);
#6601=AXIS2_PLACEMENT_3D('',#9627,#7500,#7501);
#6602=AXIS2_PLACEMENT_3D('',#9628,#7502,#7503);
#6603=AXIS2_PLACEMENT_3D('',#9633,#7506,#7507);
#6604=AXIS2_PLACEMENT_3D('',#9637,#7510,#7511);
#6605=AXIS2_PLACEMENT_3D('',#9643,#7515,#7516);
#6606=AXIS2_PLACEMENT_3D('',#9652,#7521,#7522);
#6607=AXIS2_PLACEMENT_3D('',#9658,#7526,#7527);
#6608=AXIS2_PLACEMENT_3D('',#9665,#7531,#7532);
#6609=AXIS2_PLACEMENT_3D('',#9671,#7536,#7537);
#6610=AXIS2_PLACEMENT_3D('',#9677,#7541,#7542);
#6611=AXIS2_PLACEMENT_3D('',#9683,#7546,#7547);
#6612=AXIS2_PLACEMENT_3D('',#9690,#7552,#7553);
#6613=AXIS2_PLACEMENT_3D('',#9694,#7556,#7557);
#6614=AXIS2_PLACEMENT_3D('',#9699,#7561,#7562);
#6615=AXIS2_PLACEMENT_3D('',#9703,#7565,#7566);
#6616=AXIS2_PLACEMENT_3D('',#9704,#7567,#7568);
#6617=AXIS2_PLACEMENT_3D('',#9707,#7570,#7571);
#6618=AXIS2_PLACEMENT_3D('',#9708,#7572,#7573);
#6619=AXIS2_PLACEMENT_3D('',#9720,#7579,#7580);
#6620=AXIS2_PLACEMENT_3D('',#9723,#7582,#7583);
#6621=AXIS2_PLACEMENT_3D('',#9726,#7585,#7586);
#6622=AXIS2_PLACEMENT_3D('',#9730,#7589,#7590);
#6623=AXIS2_PLACEMENT_3D('',#9731,#7591,#7592);
#6624=AXIS2_PLACEMENT_3D('',#9734,#7594,#7595);
#6625=AXIS2_PLACEMENT_3D('',#9735,#7596,#7597);
#6626=AXIS2_PLACEMENT_3D('',#9745,#7603,#7604);
#6627=AXIS2_PLACEMENT_3D('',#9751,#7608,#7609);
#6628=AXIS2_PLACEMENT_3D('',#9760,#7614,#7615);
#6629=AXIS2_PLACEMENT_3D('',#9769,#7620,#7621);
#6630=AXIS2_PLACEMENT_3D('',#9778,#7626,#7627);
#6631=AXIS2_PLACEMENT_3D('',#9787,#7632,#7633);
#6632=AXIS2_PLACEMENT_3D('',#9788,#7634,#7635);
#6633=AXIS2_PLACEMENT_3D('',#9790,#7636,#7637);
#6634=AXIS2_PLACEMENT_3D('',#9793,#7639,#7640);
#6635=AXIS2_PLACEMENT_3D('',#9797,#7643,#7644);
#6636=AXIS2_PLACEMENT_3D('',#9802,#7648,#7649);
#6637=AXIS2_PLACEMENT_3D('',#9838,#7654,#7655);
#6638=AXIS2_PLACEMENT_3D('',#9840,#7656,#7657);
#6639=AXIS2_PLACEMENT_3D('',#9863,#7658,#7659);
#6640=AXIS2_PLACEMENT_3D('',#9926,#7660,#7661);
#6641=AXIS2_PLACEMENT_3D('',#9939,#7662,#7663);
#6642=AXIS2_PLACEMENT_3D('',#9940,#7664,#7665);
#6643=AXIS2_PLACEMENT_3D('',#9954,#7667,#7668);
#6644=AXIS2_PLACEMENT_3D('',#9972,#7669,#7670);
#6645=AXIS2_PLACEMENT_3D('',#9990,#7671,#7672);
#6646=AXIS2_PLACEMENT_3D('',#10008,#7673,#7674);
#6647=AXIS2_PLACEMENT_3D('',#10031,#7675,#7676);
#6648=AXIS2_PLACEMENT_3D('',#10042,#7677,#7678);
#6649=AXIS2_PLACEMENT_3D('',#10066,#7683,#7684);
#6650=AXIS2_PLACEMENT_3D('',#10079,#7685,#7686);
#6651=AXIS2_PLACEMENT_3D('',#10087,#7687,#7688);
#6652=AXIS2_PLACEMENT_3D('',#10110,#7689,#7690);
#6653=AXIS2_PLACEMENT_3D('',#10136,#7691,#7692);
#6654=AXIS2_PLACEMENT_3D('',#10148,#7694,#7695);
#6655=AXIS2_PLACEMENT_3D('',#10154,#7699,#7700);
#6656=AXIS2_PLACEMENT_3D('',#10158,#7702,#7703);
#6657=AXIS2_PLACEMENT_3D('',#10159,#7704,#7705);
#6658=AXIS2_PLACEMENT_3D('',#10160,#7706,#7707);
#6659=AXIS2_PLACEMENT_3D('',#10161,#7708,#7709);
#6660=AXIS2_PLACEMENT_3D('',#10164,#7711,#7712);
#6661=AXIS2_PLACEMENT_3D('',#10183,#7714,#7715);
#6662=AXIS2_PLACEMENT_3D('',#10184,#7716,#7717);
#6663=AXIS2_PLACEMENT_3D('',#10187,#7719,#7720);
#6664=AXIS2_PLACEMENT_3D('',#10190,#7722,#7723);
#6665=AXIS2_PLACEMENT_3D('',#10191,#7724,#7725);
#6666=AXIS2_PLACEMENT_3D('',#10193,#7726,#7727);
#6667=AXIS2_PLACEMENT_3D('',#10194,#7728,#7729);
#6668=AXIS2_PLACEMENT_3D('',#10195,#7730,#7731);
#6669=AXIS2_PLACEMENT_3D('',#10197,#7732,#7733);
#6670=AXIS2_PLACEMENT_3D('',#10199,#7734,#7735);
#6671=AXIS2_PLACEMENT_3D('',#10200,#7736,#7737);
#6672=AXIS2_PLACEMENT_3D('',#10205,#7740,#7741);
#6673=AXIS2_PLACEMENT_3D('',#10206,#7742,#7743);
#6674=AXIS2_PLACEMENT_3D('',#10225,#7745,#7746);
#6675=AXIS2_PLACEMENT_3D('',#10233,#7747,#7748);
#6676=AXIS2_PLACEMENT_3D('',#10256,#7749,#7750);
#6677=AXIS2_PLACEMENT_3D('',#10278,#7751,#7752);
#6678=AXIS2_PLACEMENT_3D('',#10296,#7753,#7754);
#6679=AXIS2_PLACEMENT_3D('',#10314,#7755,#7756);
#6680=AXIS2_PLACEMENT_3D('',#10332,#7757,#7758);
#6681=AXIS2_PLACEMENT_3D('',#10350,#7759,#7760);
#6682=AXIS2_PLACEMENT_3D('',#10368,#7761,#7762);
#6683=AXIS2_PLACEMENT_3D('',#10386,#7763,#7764);
#6684=AXIS2_PLACEMENT_3D('',#10404,#7765,#7766);
#6685=AXIS2_PLACEMENT_3D('',#10422,#7767,#7768);
#6686=AXIS2_PLACEMENT_3D('',#10452,#7769,#7770);
#6687=AXIS2_PLACEMENT_3D('',#10453,#7771,#7772);
#6688=AXIS2_PLACEMENT_3D('',#10473,#7775,#7776);
#6689=AXIS2_PLACEMENT_3D('',#10474,#7777,#7778);
#6690=AXIS2_PLACEMENT_3D('',#10475,#7779,#7780);
#6691=AXIS2_PLACEMENT_3D('',#10477,#7781,#7782);
#6692=AXIS2_PLACEMENT_3D('',#10480,#7785,#7786);
#6693=AXIS2_PLACEMENT_3D('',#10481,#7787,#7788);
#6694=AXIS2_PLACEMENT_3D('',#10482,#7789,#7790);
#6695=AXIS2_PLACEMENT_3D('',#10487,#7792,#7793);
#6696=AXIS2_PLACEMENT_3D('',#10490,#7795,#7796);
#6697=AXIS2_PLACEMENT_3D('',#10491,#7797,#7798);
#6698=AXIS2_PLACEMENT_3D('',#10496,#7800,#7801);
#6699=AXIS2_PLACEMENT_3D('',#10499,#7803,#7804);
#6700=AXIS2_PLACEMENT_3D('',#10500,#7805,#7806);
#6701=AXIS2_PLACEMENT_3D('',#10502,#7807,#7808);
#6702=AXIS2_PLACEMENT_3D('',#10503,#7809,#7810);
#6703=AXIS2_PLACEMENT_3D('',#10508,#7813,#7814);
#6704=AXIS2_PLACEMENT_3D('',#10509,#7815,#7816);
#6705=AXIS2_PLACEMENT_3D('',#10514,#7819,#7820);
#6706=AXIS2_PLACEMENT_3D('',#10515,#7821,#7822);
#6707=AXIS2_PLACEMENT_3D('',#10520,#7824,#7825);
#6708=AXIS2_PLACEMENT_3D('',#10523,#7827,#7828);
#6709=AXIS2_PLACEMENT_3D('',#10524,#7829,#7830);
#6710=AXIS2_PLACEMENT_3D('',#10529,#7833,#7834);
#6711=AXIS2_PLACEMENT_3D('',#10530,#7835,#7836);
#6712=AXIS2_PLACEMENT_3D('',#10533,#7838,#7839);
#6713=AXIS2_PLACEMENT_3D('',#10536,#7841,#7842);
#6714=AXIS2_PLACEMENT_3D('',#10540,#7845,#7846);
#6715=AXIS2_PLACEMENT_3D('',#10541,#7847,#7848);
#6716=AXIS2_PLACEMENT_3D('',#10544,#7850,#7851);
#6717=AXIS2_PLACEMENT_3D('',#10548,#7854,#7855);
#6718=AXIS2_PLACEMENT_3D('',#10551,#7857,#7858);
#6719=AXIS2_PLACEMENT_3D('',#10552,#7859,#7860);
#6720=AXIS2_PLACEMENT_3D('',#10554,#7862,#7863);
#6721=AXIS2_PLACEMENT_3D('',#10556,#7865,#7866);
#6722=AXIS2_PLACEMENT_3D('',#10558,#7868,#7869);
#6723=AXIS2_PLACEMENT_3D('',#10560,#7871,#7872);
#6724=AXIS2_PLACEMENT_3D('',#10562,#7874,#7875);
#6725=AXIS2_PLACEMENT_3D('',#10564,#7877,#7878);
#6726=AXIS2_PLACEMENT_3D('',#10566,#7880,#7881);
#6727=AXIS2_PLACEMENT_3D('',#10571,#7882,#7883);
#6728=AXIS2_PLACEMENT_3D('',#10573,#7885,#7886);
#6729=AXIS2_PLACEMENT_3D('',#10576,#7889,#7890);
#6730=AXIS2_PLACEMENT_3D('',#10578,#7892,#7893);
#6731=AXIS2_PLACEMENT_3D('',#10580,#7895,#7896);
#6732=AXIS2_PLACEMENT_3D('',#10582,#7898,#7899);
#6733=AXIS2_PLACEMENT_3D('',#10583,#7900,#7901);
#6734=AXIS2_PLACEMENT_3D('',#10586,#7904,#7905);
#6735=AXIS2_PLACEMENT_3D('',#10588,#7907,#7908);
#6736=AXIS2_PLACEMENT_3D('',#10590,#7910,#7911);
#6737=AXIS2_PLACEMENT_3D('',#10593,#7914,#7915);
#6738=AXIS2_PLACEMENT_3D('',#10595,#7917,#7918);
#6739=AXIS2_PLACEMENT_3D('',#10597,#7920,#7921);
#6740=AXIS2_PLACEMENT_3D('',#10600,#7924,#7925);
#6741=AXIS2_PLACEMENT_3D('',#10602,#7927,#7928);
#6742=AXIS2_PLACEMENT_3D('',#10604,#7930,#7931);
#6743=AXIS2_PLACEMENT_3D('',#10607,#7934,#7935);
#6744=AXIS2_PLACEMENT_3D('',#10609,#7937,#7938);
#6745=AXIS2_PLACEMENT_3D('',#10611,#7940,#7941);
#6746=AXIS2_PLACEMENT_3D('',#10614,#7944,#7945);
#6747=AXIS2_PLACEMENT_3D('',#10616,#7947,#7948);
#6748=AXIS2_PLACEMENT_3D('',#10618,#7950,#7951);
#6749=AXIS2_PLACEMENT_3D('',#10620,#7953,#7954);
#6750=AXIS2_PLACEMENT_3D('',#10777,#7957,#7958);
#6751=AXIS2_PLACEMENT_3D('',#10778,#7959,#7960);
#6752=AXIS2_PLACEMENT_3D('',#10781,#7962,#7963);
#6753=AXIS2_PLACEMENT_3D('',#10785,#7965,#7966);
#6754=AXIS2_PLACEMENT_3D('',#10874,#7975,#7976);
#6755=AXIS2_PLACEMENT_3D('',#10880,#7980,#7981);
#6756=AXIS2_PLACEMENT_3D('',#10881,#7982,#7983);
#6757=AXIS2_PLACEMENT_3D('',#10884,#7985,#7986);
#6758=AXIS2_PLACEMENT_3D('',#10890,#7990,#7991);
#6759=AXIS2_PLACEMENT_3D('',#10891,#7992,#7993);
#6760=AXIS2_PLACEMENT_3D('',#10894,#7995,#7996);
#6761=AXIS2_PLACEMENT_3D('',#10898,#7999,#8000);
#6762=AXIS2_PLACEMENT_3D('',#10899,#8001,#8002);
#6763=AXIS2_PLACEMENT_3D('',#10902,#8004,#8005);
#6764=AXIS2_PLACEMENT_3D('',#10907,#8008,#8009);
#6765=AXIS2_PLACEMENT_3D('',#10912,#8012,#8013);
#6766=AXIS2_PLACEMENT_3D('',#10916,#8016,#8017);
#6767=AXIS2_PLACEMENT_3D('',#10917,#8018,#8019);
#6768=AXIS2_PLACEMENT_3D('',#10920,#8021,#8022);
#6769=AXIS2_PLACEMENT_3D('',#10924,#8025,#8026);
#6770=AXIS2_PLACEMENT_3D('',#10925,#8027,#8028);
#6771=AXIS2_PLACEMENT_3D('',#10928,#8030,#8031);
#6772=AXIS2_PLACEMENT_3D('',#10932,#8034,#8035);
#6773=AXIS2_PLACEMENT_3D('',#10937,#8039,#8040);
#6774=AXIS2_PLACEMENT_3D('',#10938,#8041,#8042);
#6775=AXIS2_PLACEMENT_3D('',#10941,#8044,#8045);
#6776=AXIS2_PLACEMENT_3D('',#10945,#8048,#8049);
#6777=AXIS2_PLACEMENT_3D('',#10946,#8050,#8051);
#6778=AXIS2_PLACEMENT_3D('',#10949,#8053,#8054);
#6779=AXIS2_PLACEMENT_3D('',#10953,#8057,#8058);
#6780=AXIS2_PLACEMENT_3D('',#10954,#8059,#8060);
#6781=AXIS2_PLACEMENT_3D('',#10957,#8062,#8063);
#6782=AXIS2_PLACEMENT_3D('',#10961,#8066,#8067);
#6783=AXIS2_PLACEMENT_3D('',#10962,#8068,#8069);
#6784=AXIS2_PLACEMENT_3D('',#10965,#8071,#8072);
#6785=AXIS2_PLACEMENT_3D('',#10973,#8076,#8077);
#6786=AXIS2_PLACEMENT_3D('',#10977,#8079,#8080);
#6787=AXIS2_PLACEMENT_3D('',#10978,#8081,#8082);
#6788=AXIS2_PLACEMENT_3D('',#10984,#8086,#8087);
#6789=AXIS2_PLACEMENT_3D('',#10988,#8090,#8091);
#6790=AXIS2_PLACEMENT_3D('',#10992,#8094,#8095);
#6791=AXIS2_PLACEMENT_3D('',#10998,#8099,#8100);
#6792=AXIS2_PLACEMENT_3D('',#11002,#8103,#8104);
#6793=AXIS2_PLACEMENT_3D('',#11006,#8107,#8108);
#6794=AXIS2_PLACEMENT_3D('',#11009,#8110,#8111);
#6795=AXIS2_PLACEMENT_3D('',#11010,#8112,#8113);
#6796=AXIS2_PLACEMENT_3D('',#11011,#8114,#8115);
#6797=AXIS2_PLACEMENT_3D('',#11014,#8117,#8118);
#6798=AXIS2_PLACEMENT_3D('',#11018,#8121,#8122);
#6799=AXIS2_PLACEMENT_3D('',#11022,#8125,#8126);
#6800=AXIS2_PLACEMENT_3D('',#11024,#8128,#8129);
#6801=AXIS2_PLACEMENT_3D('',#11026,#8131,#8132);
#6802=AXIS2_PLACEMENT_3D('',#11027,#8133,#8134);
#6803=AXIS2_PLACEMENT_3D('',#11030,#8135,#8136);
#6804=AXIS2_PLACEMENT_3D('',#11032,#8137,#8138);
#6805=AXIS2_PLACEMENT_3D('',#11039,#8139,#8140);
#6806=AXIS2_PLACEMENT_3D('',#11045,#8141,#8142);
#6807=AXIS2_PLACEMENT_3D('',#11046,#8143,#8144);
#6808=AXIS2_PLACEMENT_3D('',#11048,#8146,#8147);
#6809=AXIS2_PLACEMENT_3D('',#11050,#8149,#8150);
#6810=AXIS2_PLACEMENT_3D('',#11067,#8155,#8156);
#6811=AXIS2_PLACEMENT_3D('',#11085,#8166,#8167);
#6812=AXIS2_PLACEMENT_3D('',#11093,#8171,#8172);
#6813=AXIS2_PLACEMENT_3D('',#11097,#8174,#8175);
#6814=AXIS2_PLACEMENT_3D('',#11128,#8179,#8180);
#6815=AXIS2_PLACEMENT_3D('',#11188,#8187,#8188);
#6816=AXIS2_PLACEMENT_3D('',#11191,#8190,#8191);
#6817=AXIS2_PLACEMENT_3D('',#11345,#8194,#8195);
#6818=AXIS2_PLACEMENT_3D('',#11404,#8197,#8198);
#6819=AXIS2_PLACEMENT_3D('',#11406,#8199,#8200);
#6820=AXIS2_PLACEMENT_3D('',#11413,#8204,#8205);
#6821=AXIS2_PLACEMENT_3D('',#11415,#8207,#8208);
#6822=AXIS2_PLACEMENT_3D('',#11417,#8210,#8211);
#6823=AXIS2_PLACEMENT_3D('',#11419,#8213,#8214);
#6824=AXIS2_PLACEMENT_3D('',#11423,#8217,#8218);
#6825=AXIS2_PLACEMENT_3D('',#11425,#8220,#8221);
#6826=AXIS2_PLACEMENT_3D('',#11427,#8223,#8224);
#6827=AXIS2_PLACEMENT_3D('',#11429,#8226,#8227);
#6828=AXIS2_PLACEMENT_3D('',#11431,#8229,#8230);
#6829=AXIS2_PLACEMENT_3D('',#11433,#8232,#8233);
#6830=AXIS2_PLACEMENT_3D('',#11434,#8234,#8235);
#6831=AXIS2_PLACEMENT_3D('',#11435,#8236,#8237);
#6832=AXIS2_PLACEMENT_3D('',#11436,#8238,#8239);
#6833=AXIS2_PLACEMENT_3D('',#11437,#8240,#8241);
#6834=AXIS2_PLACEMENT_3D('',#11439,#8243,#8244);
#6835=AXIS2_PLACEMENT_3D('',#11440,#8245,#8246);
#6836=AXIS2_PLACEMENT_3D('',#11446,#8250,#8251);
#6837=AXIS2_PLACEMENT_3D('',#11457,#8257,#8258);
#6838=AXIS2_PLACEMENT_3D('',#11464,#8262,#8263);
#6839=AXIS2_PLACEMENT_3D('',#11468,#8266,#8267);
#6840=AXIS2_PLACEMENT_3D('',#11480,#8274,#8275);
#6841=AXIS2_PLACEMENT_3D('',#11486,#8279,#8280);
#6842=AXIS2_PLACEMENT_3D('',#11490,#8283,#8284);
#6843=AXIS2_PLACEMENT_3D('',#11496,#8288,#8289);
#6844=AXIS2_PLACEMENT_3D('',#11498,#8291,#8292);
#6845=AXIS2_PLACEMENT_3D('',#11502,#8295,#8296);
#6846=AXIS2_PLACEMENT_3D('',#11506,#8299,#8300);
#6847=AXIS2_PLACEMENT_3D('',#11508,#8302,#8303);
#6848=AXIS2_PLACEMENT_3D('',#11516,#8308,#8309);
#6849=AXIS2_PLACEMENT_3D('',#11518,#8311,#8312);
#6850=AXIS2_PLACEMENT_3D('',#11520,#8314,#8315);
#6851=AXIS2_PLACEMENT_3D('',#11530,#8321,#8322);
#6852=AXIS2_PLACEMENT_3D('',#11540,#8328,#8329);
#6853=AXIS2_PLACEMENT_3D('',#11541,#8330,#8331);
#6854=AXIS2_PLACEMENT_3D('',#11542,#8332,#8333);
#6855=AXIS2_PLACEMENT_3D('',#11543,#8334,#8335);
#6856=AXIS2_PLACEMENT_3D('',#11547,#8338,#8339);
#6857=AXIS2_PLACEMENT_3D('',#11551,#8342,#8343);
#6858=AXIS2_PLACEMENT_3D('',#11552,#8344,#8345);
#6859=AXIS2_PLACEMENT_3D('',#11553,#8346,#8347);
#6860=AXIS2_PLACEMENT_3D('',#11554,#8348,#8349);
#6861=AXIS2_PLACEMENT_3D('',#11555,#8350,#8351);
#6862=AXIS2_PLACEMENT_3D('',#11556,#8352,#8353);
#6863=AXIS2_PLACEMENT_3D('',#11557,#8354,#8355);
#6864=AXIS2_PLACEMENT_3D('',#11560,#8358,#8359);
#6865=AXIS2_PLACEMENT_3D('',#11561,#8360,#8361);
#6866=AXIS2_PLACEMENT_3D('',#11562,#8362,#8363);
#6867=AXIS2_PLACEMENT_3D('',#11563,#8364,#8365);
#6868=AXIS2_PLACEMENT_3D('',#11564,#8366,#8367);
#6869=AXIS2_PLACEMENT_3D('',#11565,#8368,#8369);
#6870=AXIS2_PLACEMENT_3D('',#11566,#8370,#8371);
#6871=AXIS2_PLACEMENT_3D('',#11567,#8372,#8373);
#6872=AXIS2_PLACEMENT_3D('',#11569,#8374,#8375);
#6873=AXIS2_PLACEMENT_3D('',#11607,#8377,#8378);
#6874=AXIS2_PLACEMENT_3D('',#11610,#8381,#8382);
#6875=AXIS2_PLACEMENT_3D('',#11612,#8384,#8385);
#6876=AXIS2_PLACEMENT_3D('',#11614,#8387,#8388);
#6877=AXIS2_PLACEMENT_3D('',#11615,#8389,#8390);
#6878=AXIS2_PLACEMENT_3D('',#11616,#8391,#8392);
#6879=AXIS2_PLACEMENT_3D('',#11618,#8394,#8395);
#6880=AXIS2_PLACEMENT_3D('',#11685,#8397,#8398);
#6881=AXIS2_PLACEMENT_3D('',#11687,#8400,#8401);
#6882=AXIS2_PLACEMENT_3D('',#11690,#8404,#8405);
#6883=AXIS2_PLACEMENT_3D('',#11693,#8408,#8409);
#6884=AXIS2_PLACEMENT_3D('',#11694,#8410,#8411);
#6885=AXIS2_PLACEMENT_3D('',#11695,#8412,#8413);
#6886=AXIS2_PLACEMENT_3D('',#11697,#8415,#8416);
#6887=AXIS2_PLACEMENT_3D('',#11699,#8418,#8419);
#6888=AXIS2_PLACEMENT_3D('',#11700,#8420,#8421);
#6889=AXIS2_PLACEMENT_3D('',#11703,#8424,#8425);
#6890=AXIS2_PLACEMENT_3D('',#11705,#8427,#8428);
#6891=AXIS2_PLACEMENT_3D('',#11707,#8430,#8431);
#6892=AXIS2_PLACEMENT_3D('',#11708,#8432,#8433);
#6893=AXIS2_PLACEMENT_3D('',#11709,#8434,#8435);
#6894=AXIS2_PLACEMENT_3D('',#11711,#8437,#8438);
#6895=AXIS2_PLACEMENT_3D('',#11713,#8440,#8441);
#6896=AXIS2_PLACEMENT_3D('',#11722,#8444,#8445);
#6897=AXIS2_PLACEMENT_3D('',#11729,#8447,#8448);
#6898=AXIS2_PLACEMENT_3D('',#11736,#8450,#8451);
#6899=AXIS2_PLACEMENT_3D('',#11738,#8453,#8454);
#6900=AXIS2_PLACEMENT_3D('',#11759,#8455,#8456);
#6901=AXIS2_PLACEMENT_3D('',#11764,#8457,#8458);
#6902=AXIS2_PLACEMENT_3D('',#11781,#8459,#8460);
#6903=AXIS2_PLACEMENT_3D('',#11790,#8463,#8464);
#6904=AXIS2_PLACEMENT_3D('',#11797,#8466,#8467);
#6905=AXIS2_PLACEMENT_3D('',#11804,#8469,#8470);
#6906=AXIS2_PLACEMENT_3D('',#11809,#8471,#8472);
#6907=AXIS2_PLACEMENT_3D('',#11814,#8473,#8474);
#6908=AXIS2_PLACEMENT_3D('',#11820,#8476,#8477);
#6909=AXIS2_PLACEMENT_3D('',#11834,#8479,#8480);
#6910=AXIS2_PLACEMENT_3D('',#11835,#8481,#8482);
#6911=AXIS2_PLACEMENT_3D('',#11836,#8483,#8484);
#6912=AXIS2_PLACEMENT_3D('',#11837,#8485,#8486);
#6913=AXIS2_PLACEMENT_3D('',#11838,#8487,#8488);
#6914=AXIS2_PLACEMENT_3D('DATUM_CSYS(1)',#11839,#8489,#8490);
#6915=AXIS2_PLACEMENT_3D('DATUM_CSYS(45)',#11840,#8491,#8492);
#6916=DIRECTION('',(0.,0.,1.));
#6917=DIRECTION('',(1.,0.,0.));
#6918=DIRECTION('',(0.000335720131321158,-0.999612933540199,0.0278185260420387));
#6919=DIRECTION('',(0.,-0.0278185276097242,-0.999612989872394));
#6920=DIRECTION('',(0.000335720131321158,-0.999612933540199,0.0278185260420387));
#6921=DIRECTION('',(0.000630105431146896,0.0278187335445105,0.999612785548047));
#6922=DIRECTION('',(0.000344485052331109,-0.999127085104635,0.0417725883847909));
#6923=DIRECTION('',(0.999999745129537,0.000318061531288911,-0.000639200847347048));
#6924=DIRECTION('',(0.000344485052331109,-0.999127085104635,0.0417725883847909));
#6925=DIRECTION('',(0.000625356625978761,0.0417727979333293,0.999126940024095));
#6926=DIRECTION('',(0.000344485052331109,-0.999127085104635,0.0417725883847909));
#6927=DIRECTION('',(0.587279178345412,-0.0336079515532409,-0.808686386848656));
#6928=DIRECTION('',(0.000344485052331109,-0.999127085104635,0.0417725883847909));
#6929=DIRECTION('',(0.000625356625978761,0.0417727979333293,0.999126940024095));
#6930=DIRECTION('',(0.000344485052331109,-0.999127085104635,0.0417725883847909));
#6931=DIRECTION('',(0.000625356625978761,0.0417727979333293,0.999126940024095));
#6932=DIRECTION('',(-0.000612953320670893,-0.0766163834854854,-0.997060456577149));
#6933=DIRECTION('',(0.000366099832851139,-0.997060594256171,0.0766161690013605));
#6934=DIRECTION('',(-0.00141176155005975,0.997059716573391,-0.0766154587267753));
#6935=DIRECTION('',(-0.999999745129537,-0.00031806153128891,0.000639200847347109));
#6936=DIRECTION('',(-0.00241457435641362,0.999842374954524,-0.0175896297850332));
#6937=DIRECTION('',(0.0852292025166688,-0.0173199173671695,-0.996210822818527));
#6938=DIRECTION('',(0.999996907433515,0.00240372075337382,-0.000638161379080363));
#6939=DIRECTION('',(0.0852292025166688,-0.0173199173671695,-0.996210822818527));
#6940=DIRECTION('',(-0.999996798467962,-0.00240088658897698,0.000799248030177755));
#6941=DIRECTION('',(-0.00234602830693483,0.999828122120399,-0.0183908229391692));
#6942=DIRECTION('',(0.0852311168654562,-0.0181240312708077,-0.996196354243661));
#6943=DIRECTION('',(-0.999997089137929,-0.00233526241424931,0.000606848519486912));
#6944=DIRECTION('',(0.0852311168654562,-0.0181240312708077,-0.996196354243661));
#6945=DIRECTION('',(0.999996991998965,0.00233246960374733,-0.000758668946343672));
#6946=DIRECTION('',(-0.0847300034170055,0.0181259927227843,0.996239065138869));
#6947=DIRECTION('',(0.000344485052331109,-0.999127085104635,0.0417725883847908));
#6948=DIRECTION('',(0.,-0.0417725908633666,-0.999127144387821));
#6949=DIRECTION('',(0.000625356625978761,0.0417727979333293,0.999126940024095));
#6950=DIRECTION('',(0.000344485052331109,-0.999127085104635,0.0417725883847908));
#6951=DIRECTION('',(0.,-0.0417725908633666,-0.999127144387821));
#6952=DIRECTION('',(-0.000625356625978762,-0.0417727979333293,-0.999126940024095));
#6953=DIRECTION('',(0.00760292722493149,0.999903137955377,-0.0116580532081369));
#6954=DIRECTION('',(0.255003232894737,0.00933424816928545,0.966895145827275));
#6955=DIRECTION('',(0.999970933179716,-0.00760908935927453,-0.000484308589818195));
#6956=DIRECTION('',(0.255003232894737,0.00933424816928545,0.966895145827275));
#6957=DIRECTION('',(-0.999970795118992,0.00761147213616781,0.00068876774914134));
#6958=DIRECTION('',(0.0082662894095028,0.999924037343741,-0.00914264740603323));
#6959=DIRECTION('',(0.254982591069574,0.00673298032725158,0.966922202262084));
#6960=DIRECTION('',(-0.999965705752834,0.00827056700102258,0.000430162433167259));
#6961=DIRECTION('',(0.254982591069574,0.00673298032725157,0.966922202262084));
#6962=DIRECTION('',(0.999965515319477,-0.00827323660748983,-0.00072230733775292));
#6963=DIRECTION('',(-0.00034448505233111,0.999127085104634,-0.0417725883847908));
#6964=DIRECTION('',(0.,0.0417725908633666,0.999127144387821));
#6965=DIRECTION('',(0.999402594658841,-0.034551164635195,0.000819030847128582));
#6966=DIRECTION('',(0.0345552126063094,0.998529544067262,-0.0417694494404686));
#6967=DIRECTION('',(0.000338578394902417,-0.999476280841712,0.0323581427076767));
#6968=DIRECTION('',(-0.0006285742051981,-0.0323583508801388,-0.999476133793492));
#6969=DIRECTION('',(0.840052453953095,0.0107341754371075,0.542398978691026));
#6970=DIRECTION('',(0.00992336830385001,0.999332919559213,-0.0351460189319681));
#6971=DIRECTION('',(-0.840071263112436,-0.0178377973263927,-0.542182705256465));
#6972=DIRECTION('',(0.00395298525789197,0.999231409486097,-0.0389995410739611));
#6973=DIRECTION('',(0.000338578394902417,-0.999476280841712,0.0323581427076767));
#6974=DIRECTION('',(-0.0006285742051981,-0.0323583508801388,-0.999476133793492));
#6975=DIRECTION('',(-0.840071263112436,-0.0178377973263927,-0.542182705256465));
#6976=DIRECTION('',(0.00395298525789197,0.999231409486097,-0.0389995410739611));
#6977=DIRECTION('',(0.000338578394902417,-0.999476280841712,0.0323581427076767));
#6978=DIRECTION('',(-0.0006285742051981,-0.0323583508801388,-0.999476133793492));
#6979=DIRECTION('',(-0.840071263112436,-0.0178377973263927,-0.542182705256465));
#6980=DIRECTION('',(0.00395298525789197,0.999231409486097,-0.0389995410739611));
#6981=DIRECTION('',(0.000338578394902417,-0.999476280841712,0.0323581427076767));
#6982=DIRECTION('',(-0.0006285742051981,-0.0323583508801388,-0.999476133793492));
#6983=DIRECTION('',(-0.840071263112436,-0.0178377973263927,-0.542182705256465));
#6984=DIRECTION('',(0.00395298525789197,0.999231409486097,-0.0389995410739611));
#6985=DIRECTION('',(0.000338578394902417,-0.999476280841712,0.0323581427076767));
#6986=DIRECTION('',(-0.0006285742051981,-0.0323583508801388,-0.999476133793492));
#6987=DIRECTION('',(-0.840071263112436,-0.0178377973263927,-0.542182705256465));
#6988=DIRECTION('',(0.00395298525789197,0.999231409486097,-0.0389995410739611));
#6989=DIRECTION('',(0.000338578394902417,-0.999476280841712,0.0323581427076767));
#6990=DIRECTION('',(-0.0006285742051981,-0.0323583508801388,-0.999476133793492));
#6991=DIRECTION('',(-0.840071263112436,-0.0178377973263927,-0.542182705256465));
#6992=DIRECTION('',(0.00395298525789197,0.999231409486097,-0.0389995410739611));
#6993=DIRECTION('',(0.000338578394902417,-0.999476280841712,0.0323581427076767));
#6994=DIRECTION('',(-0.0006285742051981,-0.0323583508801388,-0.999476133793492));
#6995=DIRECTION('',(-0.840071263112437,-0.0178377973263926,-0.542182705256464));
#6996=DIRECTION('',(0.00395298525789196,0.999231409486097,-0.0389995410739611));
#6997=DIRECTION('',(0.000338578394902417,-0.999476280841712,0.0323581427076767));
#6998=DIRECTION('',(-0.0006285742051981,-0.0323583508801388,-0.999476133793492));
#6999=DIRECTION('',(-0.840052453953096,-0.0107341754371074,-0.542398978691025));
#7000=DIRECTION('',(0.00992336830385001,0.999332919559213,-0.0351460189319681));
#7001=DIRECTION('',(0.000338578394902417,-0.999476280841712,0.0323581427076767));
#7002=DIRECTION('',(-0.0006285742051981,-0.0323583508801388,-0.999476133793492));
#7003=DIRECTION('',(-0.840071263112437,-0.0178377973263926,-0.542182705256464));
#7004=DIRECTION('',(0.00395298525789196,0.999231409486097,-0.0389995410739611));
#7005=DIRECTION('',(0.000338578394902417,-0.999476280841712,0.0323581427076767));
#7006=DIRECTION('',(-0.0006285742051981,-0.0323583508801388,-0.999476133793492));
#7007=DIRECTION('',(-0.840052453953096,-0.0107341754371074,-0.542398978691025));
#7008=DIRECTION('',(0.00992336830385001,0.999332919559213,-0.0351460189319681));
#7009=DIRECTION('',(0.000338578394902417,-0.999476280841712,0.0323581427076767));
#7010=DIRECTION('',(-0.0006285742051981,-0.0323583508801388,-0.999476133793492));
#7011=DIRECTION('',(-0.00034448505233111,0.999127085104634,-0.0417725883847908));
#7012=DIRECTION('',(-0.000335720131321159,0.999612933540199,-0.0278185260420388));
#7013=DIRECTION('',(-0.000630105431146894,-0.0278187335445106,-0.999612785548047));
#7014=DIRECTION('',(-0.996358445976673,-0.00390457522550115,-0.0851739480314162));
#7015=DIRECTION('',(-0.0851745973073976,0.,0.99636604115833));
#7016=DIRECTION('',(0.085255713512403,-0.0322114812681771,-0.995838281945418));
#7017=DIRECTION('',(-0.00133538315021747,0.999542977829509,-0.0302002023761286));
#7018=DIRECTION('',(0.0852496608735995,-0.0276886486752777,-0.995974815974517));
#7019=DIRECTION('',(-0.996358445976673,-0.00390457522550115,-0.0851739480314162));
#7020=DIRECTION('',(0.0852627026371948,-0.0415911300955486,-0.995490054915857));
#7021=DIRECTION('',(0.0851849151063495,-0.0884370916877333,-0.992432572546941));
#7022=DIRECTION('',(-0.000344485052331111,0.999127085104634,-0.0417725883847908));
#7023=DIRECTION('',(0.0851535762848558,-0.0962541662562253,-0.991707620180574));
#7024=DIRECTION('',(-0.996358445976673,-0.00390457522550115,-0.0851739480314162));
#7025=DIRECTION('',(-0.0852627026371948,0.0415911300955486,0.995490054915857));
#7026=DIRECTION('',(0.085255713512403,-0.0322114812681771,-0.995838281945418));
#7027=DIRECTION('',(-0.00162319713892931,0.999638484743124,-0.0268377542189894));
#7028=DIRECTION('',(-0.085255713512403,0.0322114812681771,0.995838281945418));
#7029=DIRECTION('',(0.00162319713892931,-0.999638484743124,0.0268377542189894));
#7030=DIRECTION('',(0.000338578394902417,-0.999476280841712,0.0323581427076767));
#7031=DIRECTION('',(0.,-0.0323581445623701,-0.999476338129363));
#7032=DIRECTION('',(0.000338578394902417,-0.999476280841712,0.0323581427076767));
#7033=DIRECTION('',(0.,-0.0323581445623701,-0.999476338129363));
#7034=DIRECTION('',(0.000628574205198056,0.0323583508801388,0.999476133793492));
#7035=DIRECTION('',(0.000338578394902417,-0.999476280841712,0.0323581427076767));
#7036=DIRECTION('',(-0.0006285742051981,-0.0323583508801388,-0.999476133793492));
#7037=DIRECTION('',(0.085255713512403,-0.0322114812681771,-0.995838281945418));
#7038=DIRECTION('',(0.999999745129537,0.00031806153128891,-0.000639200847347109));
#7039=DIRECTION('',(-0.0847377442334819,0.0322130863135397,0.995882438730786));
#7040=DIRECTION('',(0.999999745129537,0.00031806153128891,-0.000639200847347109));
#7041=DIRECTION('',(-0.996248911063018,-0.00313718529798119,-0.0864769638352165));
#7042=DIRECTION('',(-0.0865048340886577,0.032207574477173,0.995730679363447));
#7043=DIRECTION('',(0.996248911063017,0.00313718529798134,0.0864769638352211));
#7044=DIRECTION('',(-0.0865048340886588,0.032207574477173,0.995730679363447));
#7045=DIRECTION('',(-0.996248911063017,-0.00313718529798134,-0.0864769638352213));
#7046=DIRECTION('',(-0.0865048340886577,0.032207574477173,0.995730679363447));
#7047=DIRECTION('',(0.996248911063018,0.0031371852979812,0.0864769638352169));
#7048=DIRECTION('',(-0.999999745129537,-0.00031806153128891,0.000639200847347108));
#7049=DIRECTION('',(0.000338578394902417,-0.999476280841712,0.0323581427076767));
#7050=DIRECTION('',(-0.66214201915181,-0.0244725622489981,-0.748978664696487));
#7051=DIRECTION('',(-0.999999745129537,-0.00031806153128891,0.000639200847347108));
#7052=DIRECTION('',(0.255108866368762,0.0313738181603234,0.966403202516469));
#7053=DIRECTION('',(-0.999999745129537,-0.00031806153128891,0.000639200847347109));
#7054=DIRECTION('',(-0.999999745129537,-0.00031806153128891,0.000639200847347109));
#7055=DIRECTION('',(0.255108866368762,0.0313738181603234,0.966403202516469));
#7056=DIRECTION('',(0.542475951777906,-0.0269995744663209,-0.839637341190405));
#7057=DIRECTION('',(0.840061278962891,0.0178382942374686,0.542198158283416));
#7058=DIRECTION('',(0.55706955755463,-0.026683819987607,-0.83003703640064));
#7059=DIRECTION('',(0.837937431861599,0.0179435415866537,0.54547125460515));
#7060=DIRECTION('',(-0.557069557554631,0.0266838199876069,0.830037036400639));
#7061=DIRECTION('',(0.840061278962891,0.0178382942374686,0.542198158283416));
#7062=DIRECTION('',(-0.542475951777907,0.0269995744663209,0.839637341190405));
#7063=DIRECTION('',(0.542475951777906,-0.0269995744663209,-0.839637341190405));
#7064=DIRECTION('',(0.000338578394902417,-0.999476280841712,0.0323581427076767));
#7065=DIRECTION('',(-0.603576592954464,-0.0260035612721274,-0.796880863892871));
#7066=DIRECTION('',(0.0200333398347131,0.032358429991317,0.999275536227904));
#7067=DIRECTION('',(0.000338578394902417,-0.999476280841712,0.0323581427076767));
#7068=DIRECTION('',(-0.603576592954464,-0.0260035612721274,-0.796880863892871));
#7069=DIRECTION('',(-0.999799799742659,0.000309028372260937,0.0200066223037261));
#7070=DIRECTION('',(0.000338578394902417,-0.999476280841712,0.0323581427076767));
#7071=DIRECTION('',(-0.603576592954463,-0.0260035612721274,-0.796880863892872));
#7072=DIRECTION('',(-0.542475951777907,0.0269995744663209,0.839637341190404));
#7073=DIRECTION('',(0.000299592098208443,0.03235824449251,0.999476289992883));
#7074=DIRECTION('',(0.966910309548329,-0.0103240746851981,-0.254907565150683));
#7075=DIRECTION('',(-0.254921151091655,0.,-0.966961843469589));
#7076=DIRECTION('',(0.000344485052331111,-0.999127085104634,0.0417725883847908));
#7077=DIRECTION('',(0.255097710166666,0.0269837675987324,0.966538687561911));
#7078=DIRECTION('',(0.966910309548329,-0.0103240746851981,-0.254907565150683));
#7079=DIRECTION('',(-0.254921151091655,0.,-0.966961843469589));
#7080=DIRECTION('',(0.254737122214979,0.0935451320639128,0.96247509413635));
#7081=DIRECTION('',(0.00425952730092947,0.999694864970777,-0.0243317360299983));
#7082=DIRECTION('',(0.254835727564224,0.0859548419136189,0.963156538216098));
#7083=DIRECTION('',(0.966910309548329,-0.0103240746851981,-0.254907565150683));
#7084=DIRECTION('',(0.2551163158624,0.0404781582116936,0.966062722647233));
#7085=DIRECTION('',(0.255097710166666,0.0269837675987324,0.966538687561911));
#7086=DIRECTION('',(0.00886195821711403,0.999937038238607,-0.00688369487708141));
#7087=DIRECTION('',(0.966910309548329,-0.0103240746851981,-0.254907565150683));
#7088=DIRECTION('',(-0.2551163158624,-0.0404781582116936,-0.966062722647233));
#7089=DIRECTION('',(0.966910309548329,-0.0103240746851981,-0.254907565150683));
#7090=DIRECTION('',(-0.254921151091655,0.,-0.966961843469589));
#7091=DIRECTION('',(-0.0111483958278314,-0.999936253973351,-0.00178920658603494));
#7092=DIRECTION('',(0.254737122214979,0.0935451320639128,0.96247509413635));
#7093=DIRECTION('',(0.00214487640142009,0.999474492486297,-0.0323440624301019));
#7094=DIRECTION('',(-0.255108866368762,-0.0313738181603234,-0.966403202516469));
#7095=DIRECTION('',(-0.00214487640142009,-0.999474492486297,0.0323440624301019));
#7096=DIRECTION('',(-0.255108866368762,-0.0313738181603234,-0.966403202516469));
#7097=DIRECTION('',(0.00214487640142009,0.999474492486297,-0.0323440624301019));
#7098=DIRECTION('',(-0.255108866368762,-0.0313738181603234,-0.966403202516469));
#7099=DIRECTION('',(-0.00214487640142009,-0.999474492486297,0.0323440624301019));
#7100=DIRECTION('',(0.254737122214979,0.0935451320639128,0.96247509413635));
#7101=DIRECTION('',(0.000344485052331882,-0.999127085104634,0.0417725883847938));
#7102=DIRECTION('',(0.2551163158624,0.0404781582116934,0.966062722647233));
#7103=DIRECTION('',(0.966910309548329,-0.0103240746851981,-0.254907565150683));
#7104=DIRECTION('',(0.2551163158624,0.0404781582116936,0.966062722647233));
#7105=DIRECTION('',(0.254835727564224,0.0859548419136189,0.963156538216098));
#7106=DIRECTION('',(-0.000373560952860205,0.996050162187582,-0.0887915246986245));
#7107=DIRECTION('',(0.,0.0887915308939555,0.996050231685886));
#7108=DIRECTION('',(-0.999999745129537,-0.00031806153128891,0.000639200847347109));
#7109=DIRECTION('',(0.999999745129537,0.00031806153128891,-0.000639200847347108));
#7110=DIRECTION('',(-0.000373560952860205,0.996050162187582,-0.0887915246986245));
#7111=DIRECTION('',(0.,0.0887915308939555,0.996050231685886));
#7112=DIRECTION('',(0.999999745129537,0.00031806153128891,-0.000639200847347109));
#7113=DIRECTION('',(0.999999745129537,0.00031806153128891,-0.000639200847347108));
#7114=DIRECTION('',(0.0846729181717975,-0.088611436866301,-0.992460835592398));
#7115=DIRECTION('',(0.,0.996037806457572,-0.0889308051643989));
#7116=DIRECTION('',(0.0842445484066921,-0.0415950981972504,-0.995576568562013));
#7117=DIRECTION('',(-0.996438937237501,0.,-0.0843175210558289));
#7118=DIRECTION('',(0.0846728555467205,-0.0884411576437932,-0.99247602951819));
#7119=DIRECTION('',(0.,0.996053049824588,-0.0887599117571462));
#7120=DIRECTION('',(-0.0846728555467205,0.0884411576437932,0.992476029518189));
#7121=DIRECTION('',(0.0851840482418108,-0.0889479278758806,-0.992386993088747));
#7122=DIRECTION('',(0.,0.996007247165579,-0.0892724122763827));
#7123=DIRECTION('',(0.0846728555467205,-0.0884411576437932,-0.99247602951819));
#7124=DIRECTION('',(0.0846728555467191,-0.0884411576437833,-0.99247602951819));
#7125=DIRECTION('',(0.,0.996053049824589,-0.0887599117571364));
#7126=DIRECTION('',(-0.0846728555467205,0.0884411576437932,0.992476029518189));
#7127=DIRECTION('',(0.996408735402184,0.00788898223585743,0.0843053733370752));
#7128=DIRECTION('',(0.0846728555467205,-0.0884411576437932,-0.992476029518189));
#7129=DIRECTION('',(0.00437633043780305,-0.999117681886427,0.0417696716983879));
#7130=DIRECTION('',(0.0846728555467205,-0.0884411576437932,-0.992476029518189));
#7131=DIRECTION('',(0.000373560952860205,-0.996050162187582,0.0887915246986245));
#7132=DIRECTION('',(0.996408735402184,0.00788898223585743,0.0843053733370752));
#7133=DIRECTION('',(0.0846728555467205,-0.0884411576437932,-0.992476029518189));
#7134=DIRECTION('',(0.000373560961927081,-0.996050160864436,0.0887915395414418));
#7135=DIRECTION('',(0.0846728555467205,-0.0884411576437932,-0.992476029518189));
#7136=DIRECTION('',(-0.000373560952860205,0.996050162187582,-0.0887915246986245));
#7137=DIRECTION('',(0.,0.0887915308939555,0.996050231685886));
#7138=DIRECTION('',(0.999999745129537,0.00031806153128891,-0.000639200847347109));
#7139=DIRECTION('',(0.999999745129537,0.00031806153128891,-0.000639200847347108));
#7140=DIRECTION('',(0.996403288043787,0.00269164448553348,0.0846949976415018));
#7141=DIRECTION('',(0.0847370926308185,-0.0276900370010887,-0.996018517389789));
#7142=DIRECTION('',(0.0847370926308185,-0.0276900370010887,-0.996018517389789));
#7143=DIRECTION('',(-0.0847370926308185,0.0276900370010887,0.99601851738979));
#7144=DIRECTION('',(0.996403288043787,0.00269164448553348,0.0846949976415018));
#7145=DIRECTION('',(0.0847370926308185,-0.0276900370010887,-0.99601851738979));
#7146=DIRECTION('',(0.000335720131321108,-0.999612933540199,0.0278185260420382));
#7147=DIRECTION('',(-0.996358445976673,-0.00390457522550115,-0.0851739480314162));
#7148=DIRECTION('',(-0.0851745973073976,0.,0.99636604115833));
#7149=DIRECTION('',(0.000344485052330752,-0.999127085104634,0.041772588384795));
#7150=DIRECTION('',(-0.00034448505233111,0.999127085104634,-0.0417725883847908));
#7151=DIRECTION('',(0.0852496608735995,-0.0276886486752777,-0.995974815974517));
#7152=DIRECTION('',(-0.996358445976673,-0.00390457522550115,-0.0851739480314162));
#7153=DIRECTION('',(-0.0851745973073976,0.,0.99636604115833));
#7154=DIRECTION('',(0.00114912416522741,0.998245226145366,-0.0592042903144778));
#7155=DIRECTION('',(0.0852311168654562,-0.0181240312708077,-0.996196354243661));
#7156=DIRECTION('',(0.00528934220677775,-0.999857384510645,-0.0160385005082234));
#7157=DIRECTION('',(-0.996358445976673,-0.00390457522550115,-0.0851739480314162));
#7158=DIRECTION('',(0.0852627026371948,-0.0415911300955486,-0.995490054915857));
#7159=DIRECTION('',(0.0852311168654562,-0.0181240312708077,-0.996196354243661));
#7160=DIRECTION('',(-0.996358445976673,-0.00390457522550115,-0.0851739480314162));
#7161=DIRECTION('',(0.0852627026371948,-0.0415911300955486,-0.995490054915857));
#7162=DIRECTION('',(-0.996358445976673,-0.00390457522550115,-0.0851739480314162));
#7163=DIRECTION('',(-0.0851745973073976,0.,0.99636604115833));
#7164=DIRECTION('',(0.0851535762848558,-0.0962541662562253,-0.991707620180574));
#7165=DIRECTION('',(-0.996358445976673,-0.00390457522550115,-0.0851739480314162));
#7166=DIRECTION('',(-0.0852627026371948,0.0415911300955486,0.995490054915857));
#7167=DIRECTION('',(0.002799587645654,-0.999910417588772,0.0130888924842032));
#7168=DIRECTION('',(0.0852627026371948,-0.0415911300955484,-0.995490054915857));
#7169=DIRECTION('',(-0.00034448505233086,0.999127085104634,-0.0417725883847938));
#7170=DIRECTION('',(-0.00034448505233111,0.999127085104634,-0.0417725883847908));
#7171=DIRECTION('',(0.,0.0417725908633666,0.999127144387821));
#7172=DIRECTION('',(-0.00034448505233111,0.999127085104634,-0.0417725883847908));
#7173=DIRECTION('',(-0.000335720131321159,0.999612933540199,-0.0278185260420388));
#7174=DIRECTION('',(-0.000630105431146894,-0.0278187335445106,-0.999612785548047));
#7175=DIRECTION('',(-0.000335720131321159,0.999612933540199,-0.0278185260420388));
#7176=DIRECTION('',(0.,0.0278185276097242,0.999612989872394));
#7177=DIRECTION('',(0.000630105431146842,0.0278187335445106,0.999612785548047));
#7178=DIRECTION('',(-0.000142535457246433,-0.0278185751606445,-0.999612978386973));
#7179=DIRECTION('',(0.999999745129537,0.00031806153128891,-0.000639200847347109));
#7180=DIRECTION('',(0.0847370926308185,-0.0276900370010887,-0.996018517389789));
#7181=DIRECTION('',(-0.999999745129537,-0.00031806153128891,0.000639200847347109));
#7182=DIRECTION('',(-0.000335720131321159,0.999612933540199,-0.0278185260420388));
#7183=DIRECTION('',(0.,0.0278185276097242,0.999612989872394));
#7184=DIRECTION('',(-0.999999745129537,-0.00031806153128891,0.000639200847347109));
#7185=DIRECTION('',(0.999999745129537,0.00031806153128891,-0.000639200847347108));
#7186=DIRECTION('',(-0.000335720131321159,0.999612933540199,-0.0278185260420388));
#7187=DIRECTION('',(0.,0.0278185276097242,0.999612989872394));
#7188=DIRECTION('',(0.999999745129537,0.00031806153128891,-0.000639200847347109));
#7189=DIRECTION('',(-0.0847370926308185,0.0276900370010887,0.99601851738979));
#7190=DIRECTION('',(0.999999745129537,0.00031806153128891,-0.000639200847347108));
#7191=DIRECTION('',(-0.000335720131321159,0.999612933540199,-0.0278185260420388));
#7192=DIRECTION('',(0.,0.0278185276097242,0.999612989872394));
#7193=DIRECTION('',(0.966910309548329,-0.0103240746851981,-0.254907565150683));
#7194=DIRECTION('',(-0.254921151091655,0.,-0.966961843469589));
#7195=DIRECTION('',(0.0123226812096564,0.99990457266146,0.00624476568879115));
#7196=DIRECTION('',(0.255003232894737,0.00933424816928544,0.966895145827275));
#7197=DIRECTION('',(-0.00552472309677908,-0.999793877506203,0.0195366306157234));
#7198=DIRECTION('',(0.966910309548329,-0.0103240746851981,-0.254907565150683));
#7199=DIRECTION('',(-0.2551163158624,-0.0404781582116936,-0.966062722647233));
#7200=DIRECTION('',(0.255003232894737,0.00933424816928544,0.966895145827274));
#7201=DIRECTION('',(0.966910309548329,-0.0103240746851981,-0.254907565150683));
#7202=DIRECTION('',(-0.2551163158624,-0.0404781582116936,-0.966062722647233));
#7203=DIRECTION('',(-0.000625356625978762,-0.0417727979333322,-0.999126940024095));
#7204=DIRECTION('',(-2.61457176360089E-5,0.999127135730394,-0.0417727897509904));
#7205=DIRECTION('',(-0.00034448505233111,0.999127085104635,-0.0417725883847908));
#7206=DIRECTION('',(-0.999999745129537,-0.000318061531288917,0.00063920084734711));
#7207=DIRECTION('',(-0.00034448505233111,0.999127085104635,-0.0417725883847908));
#7208=DIRECTION('',(-0.999999745129537,-0.00031806153128891,0.00063920084734711));
#7209=DIRECTION('',(-0.999999745129537,-0.00031806153128891,0.00063920084734711));
#7210=DIRECTION('',(-0.000625356625978762,-0.0417727979333322,-0.999126940024095));
#7211=DIRECTION('',(0.,0.999127135388893,-0.0417728061013976));
#7212=DIRECTION('',(-0.000344485052331112,0.999127085104634,-0.0417725883847938));
#7213=DIRECTION('',(-0.000625356625978762,-0.0417727979333322,-0.999126940024095));
#7214=DIRECTION('',(0.000344485052331155,-0.999127085104634,0.0417725883847938));
#7215=DIRECTION('',(-0.999999745129537,-0.00031806153128891,0.00063920084734711));
#7216=DIRECTION('',(-0.000625356625978762,-0.0417727979333322,-0.999126940024095));
#7217=DIRECTION('',(0.000344485052331155,-0.999127085104634,0.0417725883847938));
#7218=DIRECTION('',(0.000344485052331112,-0.999127085104634,0.0417725883847938));
#7219=DIRECTION('',(-0.000625356625978762,-0.0417727979333322,-0.999126940024095));
#7220=DIRECTION('',(0.,0.999127135388893,-0.0417728061013976));
#7221=DIRECTION('',(0.999999745129537,0.00031806153128891,-0.00063920084734711));
#7222=DIRECTION('',(-0.999999745129537,-0.00031806153128891,0.00063920084734711));
#7223=DIRECTION('',(0.000378343570058029,-0.995319598429647,0.0966372280127597));
#7224=DIRECTION('',(0.,-0.0966372349292732,-0.995319669666597));
#7225=DIRECTION('',(0.000378343570058029,-0.995319598429647,0.0966372280127597));
#7226=DIRECTION('',(0.000605472545976159,0.0966374452203152,0.995319465088615));
#7227=DIRECTION('',(0.000378343570058029,-0.995319598429647,0.0966372280127597));
#7228=DIRECTION('',(0.000605472545976158,0.0966374452203152,0.995319465088615));
#7229=DIRECTION('',(-0.000605435964027766,-0.0966374452086799,-0.995319465111998));
#7230=DIRECTION('',(0.999999745129537,0.00031806153128891,-0.00063920084734711));
#7231=DIRECTION('',(0.00060547647022345,0.0966374452215634,0.995319465086107));
#7232=DIRECTION('',(0.000378343570058029,-0.995319598429647,0.0966372280127597));
#7233=DIRECTION('',(0.000605472545976158,0.0966374452203152,0.995319465088615));
#7234=DIRECTION('',(-0.0837481913014609,0.0962662060977928,0.991826122875008));
#7235=DIRECTION('',(-0.999999745129537,-0.00031806153128891,0.000639200847347108));
#7236=DIRECTION('',(-0.251782826419929,-0.0936187608026525,-0.963245003073345));
#7237=DIRECTION('',(-0.00034448505233111,0.999127085104634,-0.0417725883847908));
#7238=DIRECTION('',(0.,0.0417725908633666,0.999127144387821));
#7239=DIRECTION('',(-0.00034448505233111,0.999127085104634,-0.0417725883847908));
#7240=DIRECTION('',(-0.000344485052331121,0.999127085104635,-0.0417725883847908));
#7241=DIRECTION('',(-0.00034448505233111,0.999127085104635,-0.0417725883847907));
#7242=DIRECTION('',(0.,0.0417725908633664,0.999127144387821));
#7243=DIRECTION('',(-0.967685905847011,0.0102002487708141,0.251952262442837));
#7244=DIRECTION('',(0.251965643398012,2.76379446158213E-5,0.967736179846124));
#7245=DIRECTION('',(-0.967685905847011,0.0102002487708141,0.251952262442837));
#7246=DIRECTION('',(-0.252158420353356,-0.0405095388190232,-0.96683768457253));
#7247=DIRECTION('',(-0.252151079378679,-0.0313979123976755,-0.967178372517311));
#7248=DIRECTION('',(0.000344485052331089,-0.999127085104635,0.0417725883847907));
#7249=DIRECTION('',(-0.252140051234434,-0.0270043475791938,-0.967313888960207));
#7250=DIRECTION('',(-0.967685905847011,0.0102002487708141,0.251952262442837));
#7251=DIRECTION('',(0.252158420353356,0.0405095388190232,0.96683768457253));
#7252=DIRECTION('',(-0.251880472306702,-0.0860224662657659,-0.963927571432682));
#7253=DIRECTION('',(-0.967685905847011,0.0102002487708141,0.251952262442837));
#7254=DIRECTION('',(0.252158420353356,0.0405095388190232,0.96683768457253));
#7255=DIRECTION('',(-0.252158420353356,-0.0405095388190231,-0.96683768457253));
#7256=DIRECTION('',(0.00439301175475484,0.99962563992547,-0.0270052115584744));
#7257=DIRECTION('',(0.,0.0270054721429896,0.999635285728917));
#7258=DIRECTION('',(0.000338578394902417,-0.999476280841712,0.0323581427076767));
#7259=DIRECTION('',(0.662142019151812,0.0244725622489981,0.748978664696485));
#7260=DIRECTION('',(0.00439301175475484,0.99962563992547,-0.0270052115584744));
#7261=DIRECTION('',(0.,0.0270054721429896,0.999635285728917));
#7262=DIRECTION('',(-0.00439301175475484,-0.99962563992547,0.0270052115584744));
#7263=DIRECTION('',(0.,-0.0270054721429896,-0.999635285728917));
#7264=DIRECTION('',(-0.00439301175475484,-0.99962563992547,0.0270052115584744));
#7265=DIRECTION('',(0.,-0.0270054721429896,-0.999635285728917));
#7266=DIRECTION('',(0.00422687867129785,0.999644379121869,-0.0263296180517578));
#7267=DIRECTION('',(0.,0.0263298532640135,0.999653309316333));
#7268=DIRECTION('',(0.00422687867129785,0.999644379121869,-0.0263296180517578));
#7269=DIRECTION('',(0.,0.0263298532640135,0.999653309316333));
#7270=DIRECTION('',(-0.997938875718068,0.00253076602715418,-0.0641217245079516));
#7271=DIRECTION('',(0.00422687867129785,0.999644379121869,-0.0263296180517578));
#7272=DIRECTION('',(0.,0.0263298532640135,0.999653309316333));
#7273=DIRECTION('',(0.997938875731708,-0.00253076603280893,0.0641217242954498));
#7274=DIRECTION('',(-0.00422687867129785,-0.999644379121869,0.0263296180517578));
#7275=DIRECTION('',(0.,-0.0263298532640136,-0.999653309316333));
#7276=DIRECTION('',(0.00422687867129785,0.999644379121869,-0.0263296180517578));
#7277=DIRECTION('',(0.,0.0263298532640135,0.999653309316333));
#7278=DIRECTION('',(-0.00422687867129785,-0.999644379121869,0.0263296180517578));
#7279=DIRECTION('',(-0.00422687867129785,-0.999644379121869,0.0263296180517578));
#7280=DIRECTION('',(0.00422687867129785,0.999644379121869,-0.0263296180517578));
#7281=DIRECTION('',(0.,0.0263298532640135,0.999653309316333));
#7282=DIRECTION('',(0.997938875731708,-0.00253076603280893,0.0641217242954498));
#7283=DIRECTION('',(0.00422687867129785,0.999644379121869,-0.0263296180517578));
#7284=DIRECTION('',(0.,0.0263298532640135,0.999653309316333));
#7285=DIRECTION('',(-0.997938875718068,0.00253076602715418,-0.0641217245079516));
#7286=DIRECTION('',(0.00422687867129785,0.999644379121869,-0.0263296180517578));
#7287=DIRECTION('',(0.,0.0263298532640135,0.999653309316333));
#7288=DIRECTION('',(-0.00422687867129785,-0.999644379121869,0.0263296180517578));
#7289=DIRECTION('',(-0.840052453953098,-0.0107341754371073,-0.542398978691022));
#7290=DIRECTION('',(-0.542488717029282,0.0244109149303897,0.839708341704538));
#7291=DIRECTION('',(0.00422687867129785,0.999644379121869,-0.0263296180517578));
#7292=DIRECTION('',(-0.840052453953098,-0.0107341754371073,-0.542398978691022));
#7293=DIRECTION('',(0.542488717029282,-0.0244109149303897,-0.839708341704538));
#7294=DIRECTION('',(-0.00422687867129785,-0.999644379121869,0.0263296180517578));
#7295=DIRECTION('',(0.,-0.0263298532640135,-0.999653309316333));
#7296=DIRECTION('',(0.00422687867129785,0.999644379121869,-0.0263296180517578));
#7297=DIRECTION('',(0.,0.0263298532640135,0.999653309316333));
#7298=DIRECTION('',(-0.00422687867129785,-0.999644379121869,0.0263296180517578));
#7299=DIRECTION('',(-0.00422687867129785,-0.999644379121869,0.0263296180517578));
#7300=DIRECTION('',(0.00422687867129785,0.999644379121869,-0.0263296180517578));
#7301=DIRECTION('',(0.,0.0263298532640135,0.999653309316333));
#7302=DIRECTION('',(0.542488717029282,-0.0244109149303897,-0.839708341704538));
#7303=DIRECTION('',(0.00422687867129785,0.999644379121869,-0.0263296180517578));
#7304=DIRECTION('',(0.,0.0263298532640135,0.999653309316333));
#7305=DIRECTION('',(-0.542488717029282,0.0244109149303897,0.839708341704538));
#7306=DIRECTION('',(0.00439301175475484,0.99962563992547,-0.0270052115584744));
#7307=DIRECTION('',(0.,0.0270054721429896,0.999635285728917));
#7308=DIRECTION('',(0.00439301175475484,0.99962563992547,-0.0270052115584744));
#7309=DIRECTION('',(0.,0.0270054721429896,0.999635285728917));
#7310=DIRECTION('',(-0.00439301175475484,-0.99962563992547,0.0270052115584744));
#7311=DIRECTION('',(0.,-0.0270054721429896,-0.999635285728917));
#7312=DIRECTION('',(0.00439301175475484,0.99962563992547,-0.0270052115584744));
#7313=DIRECTION('',(0.,0.0270054721429896,0.999635285728917));
#7314=DIRECTION('',(-0.00422687867129785,-0.999644379121869,0.0263296180517578));
#7315=DIRECTION('',(0.,-0.0263298532640135,-0.999653309316333));
#7316=DIRECTION('',(-0.00422687867129785,-0.999644379121869,0.0263296180517578));
#7317=DIRECTION('',(-0.00422687867129785,-0.999644379121869,0.0263296180517578));
#7318=DIRECTION('',(0.000338578394902417,-0.999476280841712,0.0323581427076767));
#7319=DIRECTION('',(-0.603576592954478,-0.026003561272127,-0.79688086389286));
#7320=DIRECTION('',(-0.0640322873811015,0.0265463841863468,0.997594685059707));
#7321=DIRECTION('',(0.997946378683593,0.,0.0640548614259838));
#7322=DIRECTION('',(-0.00422687867129785,-0.999644379121869,0.0263296180517578));
#7323=DIRECTION('',(-0.997938875718068,0.00253076602715455,-0.0641217245079517));
#7324=DIRECTION('',(-0.00422687867129785,-0.999644379121869,0.0263296180517578));
#7325=DIRECTION('',(0.997947578181034,0.00240976940724592,0.0639908135126605));
#7326=DIRECTION('',(0.996240285153427,-0.00193122395525407,0.0866115731958075));
#7327=DIRECTION('',(0.0866117347106454,0.,-0.996242142960442));
#7328=DIRECTION('',(-0.086529923922977,0.026596722807291,0.995894164357737));
#7329=DIRECTION('',(-0.00422687867129785,-0.999644379121869,0.0263296180517578));
#7330=DIRECTION('',(0.0865048340886509,-0.032207574477173,-0.995730679363447));
#7331=DIRECTION('',(0.996240285153427,-0.00193122395525407,0.0866115731958075));
#7332=DIRECTION('',(0.0866117347106455,0.,-0.996242142960442));
#7333=DIRECTION('',(-0.0865299239229771,0.0265967228072919,0.995894164357737));
#7334=DIRECTION('',(-0.00422687867129785,-0.999644379121869,0.0263296180517578));
#7335=DIRECTION('',(0.0865048340886509,-0.032207574477173,-0.995730679363447));
#7336=DIRECTION('',(-0.00422687867129785,-0.999644379121869,0.0263296180517578));
#7337=DIRECTION('',(0.0640322871685263,-0.0265463841858078,-0.997594685073365));
#7338=DIRECTION('',(-0.997946378697243,0.,-0.0640548612133327));
#7339=DIRECTION('',(0.997938875731708,-0.00253076603280785,0.0641217242954498));
#7340=DIRECTION('',(-0.00422687867129785,-0.999644379121869,0.0263296180517578));
#7341=DIRECTION('',(-0.997947578194675,-0.00240976940037191,-0.0639908133001938));
#7342=DIRECTION('',(-0.00422687867129785,-0.999644379121869,0.0263296180517578));
#7343=DIRECTION('',(0.,-0.0263298532640135,-0.999653309316333));
#7344=DIRECTION('',(0.00422687867129785,0.999644379121869,-0.0263296180517578));
#7345=DIRECTION('',(0.,0.0263298532640135,0.999653309316333));
#7346=DIRECTION('',(0.020007841689303,0.0262400403867783,0.99945542499475));
#7347=DIRECTION('',(0.,-0.999655532940329,0.0262452940883866));
#7348=DIRECTION('',(0.999790888019907,-0.00475137564854501,-0.0198898130160322));
#7349=DIRECTION('',(-0.0042268786712978,-0.999644379121869,0.0263296180517577));
#7350=DIRECTION('',(-0.999790888019907,0.00475137564854262,0.0198898130160271));
#7351=DIRECTION('',(-0.00422687867129775,-0.999644379121869,0.0263296180517577));
#7352=DIRECTION('',(-0.0042268786712978,-0.999644379121869,0.0263296180517577));
#7353=DIRECTION('',(0.,-0.0263298532640135,-0.999653309316333));
#7354=DIRECTION('',(0.00422687867129774,0.999644379121869,-0.0263296180517577));
#7355=DIRECTION('',(0.,0.0263298532640135,0.999653309316333));
#7356=DIRECTION('',(-0.0042268786712978,-0.999644379121869,0.0263296180517577));
#7357=DIRECTION('',(-0.00422687867129785,-0.999644379121869,0.0263296180517578));
#7358=DIRECTION('',(0.,-0.0263298532640135,-0.999653309316333));
#7359=DIRECTION('',(-0.840052453953098,-0.0107341754371073,-0.542398978691022));
#7360=DIRECTION('',(-0.542430229680874,0.,0.840100854617084));
#7361=DIRECTION('',(-0.00422687867129785,-0.999644379121869,0.0263296180517578));
#7362=DIRECTION('',(0.542488717029282,-0.0244109149303897,-0.839708341704538));
#7363=DIRECTION('',(-0.542488717029282,0.0244109149303896,0.839708341704538));
#7364=DIRECTION('',(-0.00422687867129785,-0.999644379121869,0.0263296180517578));
#7365=DIRECTION('',(-0.00422687867129785,-0.999644379121869,0.0263296180517578));
#7366=DIRECTION('',(0.,-0.0263298532640135,-0.999653309316333));
#7367=DIRECTION('',(-0.00422687867129785,-0.999644379121869,0.0263296180517578));
#7368=DIRECTION('',(-0.840052453953098,-0.0107341754371073,-0.542398978691022));
#7369=DIRECTION('',(-0.00422687867129785,-0.999644379121869,0.0263296180517578));
#7370=DIRECTION('',(0.840052453953098,0.0107341754371073,0.542398978691022));
#7371=DIRECTION('',(0.542430229680874,0.,-0.840100854617084));
#7372=DIRECTION('',(-0.542488717029282,0.0244109149303897,0.839708341704538));
#7373=DIRECTION('',(-0.00422687867129785,-0.999644379121869,0.0263296180517578));
#7374=DIRECTION('',(0.542488717029282,-0.0244109149303896,-0.839708341704538));
#7375=DIRECTION('',(0.00422687867129778,0.999644379121869,-0.0263296180517577));
#7376=DIRECTION('',(0.00422687867129778,0.999644379121869,-0.0263296180517577));
#7377=DIRECTION('',(0.,0.0263298532640134,0.999653309316333));
#7378=DIRECTION('',(-0.00422687867129785,-0.999644379121869,0.0263296180517578));
#7379=DIRECTION('',(0.,-0.0263298532640135,-0.999653309316333));
#7380=DIRECTION('',(0.00422687867129774,0.999644379121869,-0.0263296180517577));
#7381=DIRECTION('',(0.,0.0263298532640135,0.999653309316333));
#7382=DIRECTION('',(0.00422687867129778,0.999644379121869,-0.0263296180517577));
#7383=DIRECTION('',(-0.571475655407083,0.0240214271403035,0.820267362702667));
#7384=DIRECTION('',(0.820504124183642,0.,0.571640605798464));
#7385=DIRECTION('',(-0.820608133504502,-0.0115795651125768,-0.57137396239071));
#7386=DIRECTION('',(0.820608133504502,0.0115795651125769,0.571373962390711));
#7387=DIRECTION('',(-0.00422687867129775,-0.999644379121869,0.0263296180517577));
#7388=DIRECTION('',(-0.00422687867129785,-0.999644379121869,0.0263296180517578));
#7389=DIRECTION('',(0.,-0.0263298532640135,-0.999653309316333));
#7390=DIRECTION('',(-0.840052453953098,-0.0107341754371073,-0.542398978691022));
#7391=DIRECTION('',(0.00422687867129785,0.999644379121869,-0.0263296180517578));
#7392=DIRECTION('',(-0.840052453953098,-0.0107341754371073,-0.542398978691022));
#7393=DIRECTION('',(-0.00422687867129785,-0.999644379121869,0.0263296180517578));
#7394=DIRECTION('',(0.,-0.0263298532640135,-0.999653309316333));
#7395=DIRECTION('',(0.542488717029285,-0.0244109149303897,-0.839708341704536));
#7396=DIRECTION('',(-0.00422687867129785,-0.999644379121869,0.0263296180517578));
#7397=DIRECTION('',(0.,-0.0263298532640135,-0.999653309316333));
#7398=DIRECTION('',(0.00422687867129785,0.999644379121869,-0.0263296180517578));
#7399=DIRECTION('',(-0.840052453953098,-0.0107341754371073,-0.542398978691022));
#7400=DIRECTION('',(0.00422687867129785,0.999644379121869,-0.0263296180517578));
#7401=DIRECTION('',(-0.840052453953098,-0.0107341754371073,-0.542398978691022));
#7402=DIRECTION('',(0.0851852493272797,-0.0884371038143408,-0.992432542778591));
#7403=DIRECTION('',(0.,0.996053065677022,-0.088759733862862));
#7404=DIRECTION('',(0.0847370346612715,-0.0275210370151344,-0.996023206295127));
#7405=DIRECTION('',(-0.996400618412282,0.,-0.0847691431336954));
#7406=DIRECTION('',(0.999999745129537,0.00031806153128891,-0.000639200847347108));
#7407=DIRECTION('',(-0.000639200879678892,0.,-0.999999795711097));
#7408=DIRECTION('',(0.999999745129537,0.00031806153128891,-0.000639200847347108));
#7409=DIRECTION('',(0.996379608776334,0.00791934332778927,0.0846460821064729));
#7410=DIRECTION('',(0.0850149143793819,-0.0884384441707821,-0.992447029279507));
#7411=DIRECTION('',(0.999999745129537,0.00031806153128891,-0.000639200847347108));
#7412=DIRECTION('',(-0.99637411018919,-0.00270115972058087,-0.0850372640720752));
#7413=DIRECTION('',(0.0850794912813503,-0.0276891104104497,-0.995989354023417));
#7414=DIRECTION('',(0.0851837394105068,-0.0880945091777003,-0.99246314188124));
#7415=DIRECTION('',(0.,0.996083647354927,-0.0884158779411539));
#7416=DIRECTION('',(-0.996408735402184,-0.00788898223585738,-0.0843053733370747));
#7417=DIRECTION('',(0.08467285554672,-0.0884411576437932,-0.992476029518189));
#7418=DIRECTION('',(0.0846728407590853,-0.0884411725492188,-0.992476029451546));
#7419=DIRECTION('',(0.,0.996053048501529,-0.0887599266043532));
#7420=DIRECTION('',(-0.08467285554672,0.0884411576437932,0.992476029518189));
#7421=DIRECTION('',(0.,-0.996053049824588,0.0887599117571463));
#7422=DIRECTION('',(0.08467285554672,-0.0884411576437932,-0.99247602951819));
#7423=DIRECTION('',(0.0846728555467188,-0.0884411576437892,-0.99247602951819));
#7424=DIRECTION('',(0.,0.996053049824589,-0.0887599117571422));
#7425=DIRECTION('',(-0.08467285554672,0.0884411576437932,0.992476029518189));
#7426=DIRECTION('',(0.084169220734045,-0.0884451337473893,-0.992518513982198));
#7427=DIRECTION('',(0.,0.996053032945306,-0.088760101174214));
#7428=DIRECTION('',(-0.996437172950163,-0.00785921971955739,-0.0839713821994532));
#7429=DIRECTION('',(0.0843375409607218,-0.0884438074230845,-0.992504343624353));
#7430=DIRECTION('',(0.0842446690652672,-0.04193103092666,-0.995562466337252));
#7431=DIRECTION('',(-0.996438826743082,0.,-0.0843188268352389));
#7432=DIRECTION('',(-0.996402179994834,-0.00388317694054863,-0.0846617779070923));
#7433=DIRECTION('',(0.084750085732052,-0.0415931334136396,-0.995533743386554));
#7434=DIRECTION('',(0.0847500857320589,-0.0415931334136398,-0.995533743386553));
#7435=DIRECTION('',(-0.996395993396832,0.,-0.0848234893336736));
#7436=DIRECTION('',(0.996430674644823,0.00386916453912403,0.0843263908431493));
#7437=DIRECTION('',(0.0844144060981957,-0.041594439244755,-0.995562208336075));
#7438=DIRECTION('',(-0.000373560952860205,0.996050162187582,-0.0887915246986245));
#7439=DIRECTION('',(0.,0.0887915308939555,0.996050231685886));
#7440=DIRECTION('',(0.999999745129537,0.00031806153128891,-0.000639200847347108));
#7441=DIRECTION('',(-0.000373560952860205,0.996050162187582,-0.0887915246986245));
#7442=DIRECTION('',(0.,0.0887915308939555,0.996050231685886));
#7443=DIRECTION('',(0.999999745129537,0.00031806153128891,-0.000639200847347108));
#7444=DIRECTION('',(0.999999745129537,0.00031806153128891,-0.000639200847347108));
#7445=DIRECTION('',(0.999999745129537,0.00031806153128891,-0.000639200847347108));
#7446=DIRECTION('',(-0.000639200879678892,0.,-0.999999795711097));
#7447=DIRECTION('',(0.999999745129537,0.00031806153128891,-0.000639200847347108));
#7448=DIRECTION('',(-0.000335720131321159,0.999612933540199,-0.0278185260420388));
#7449=DIRECTION('',(0.,0.0278185276097242,0.999612989872394));
#7450=DIRECTION('',(-0.084737092630818,0.0276900370010887,0.99601851738979));
#7451=DIRECTION('',(0.0847370926308186,-0.0276900370010887,-0.99601851738979));
#7452=DIRECTION('',(0.084737092630822,-0.0276900370010789,-0.99601851738979));
#7453=DIRECTION('',(-0.996400579807463,0.,-0.0847695969044996));
#7454=DIRECTION('',(0.0852490189204695,-0.0276886504186627,-0.995974870873302));
#7455=DIRECTION('',(-0.996356878265586,0.,-0.0852817162870045));
#7456=DIRECTION('',(0.00439301175475484,0.99962563992547,-0.0270052115584744));
#7457=DIRECTION('',(0.,0.0270054721429896,0.999635285728917));
#7458=DIRECTION('',(0.00439301175475484,0.99962563992547,-0.0270052115584744));
#7459=DIRECTION('',(0.,0.0270054721429896,0.999635285728917));
#7460=DIRECTION('',(-0.0865299239229781,0.0265967228072929,0.995894164357737));
#7461=DIRECTION('',(0.996240285153427,-0.00193122395525404,0.0866115731958086));
#7462=DIRECTION('',(0.00422687867129785,0.999644379121869,-0.0263296180517578));
#7463=DIRECTION('',(-0.0865299239229781,0.0265967228072929,0.995894164357737));
#7464=DIRECTION('',(0.00422687867045736,0.999644379121871,-0.0263296180518309));
#7465=DIRECTION('',(0.996248911063018,0.00313718529798119,0.0864769638352165));
#7466=DIRECTION('',(0.00422687867129785,0.999644379121869,-0.0263296180517578));
#7467=DIRECTION('',(0.996240285153427,-0.00193122395525404,0.0866115731958086));
#7468=DIRECTION('',(0.996240285153427,-0.00193122395525392,0.0866115731958133));
#7469=DIRECTION('',(0.0866117347106512,0.,-0.996242142960441));
#7470=DIRECTION('',(0.0865048340886566,-0.032207574477173,-0.995730679363447));
#7471=DIRECTION('',(-0.00422687867129785,-0.999644379121869,0.0263296180517578));
#7472=DIRECTION('',(0.0865299239229828,-0.0265967228072929,-0.995894164357737));
#7473=DIRECTION('',(0.0865299239229785,-0.0265967228072929,-0.995894164357737));
#7474=DIRECTION('',(-0.996240285153427,0.00193122395525403,-0.086611573195809));
#7475=DIRECTION('',(-0.996248911063018,-0.0031371852979812,-0.0864769638352169));
#7476=DIRECTION('',(0.0865299239229785,-0.0265967228072929,-0.995894164357737));
#7477=DIRECTION('',(0.00422687867052389,0.99964437912187,-0.0263296180518251));
#7478=DIRECTION('',(0.00422687867129785,0.999644379121869,-0.0263296180517578));
#7479=DIRECTION('',(-0.996240285153427,0.00193122395525403,-0.086611573195809));
#7480=DIRECTION('',(0.00034448505233111,-0.999127085104635,0.0417725883847907));
#7481=DIRECTION('',(-0.000338578394902417,0.999476280841712,-0.0323581427076767));
#7482=DIRECTION('',(0.,0.0323581445623701,0.999476338129363));
#7483=DIRECTION('',(-0.000338578394902417,0.999476280841712,-0.0323581427076767));
#7484=DIRECTION('',(0.,0.0323581445623701,0.999476338129363));
#7485=DIRECTION('',(-0.00422687867129785,-0.999644379121869,0.0263296180517578));
#7486=DIRECTION('',(0.,-0.0263298532640135,-0.999653309316333));
#7487=DIRECTION('',(-0.840052453953098,-0.0107341754371073,-0.542398978691022));
#7488=DIRECTION('',(-0.542488717029285,0.0244109149303897,0.839708341704536));
#7489=DIRECTION('',(-0.00422687867129785,-0.999644379121869,0.0263296180517578));
#7490=DIRECTION('',(0.,-0.0263298532640135,-0.999653309316333));
#7491=DIRECTION('',(-0.00422687867129775,-0.999644379121869,0.0263296180517577));
#7492=DIRECTION('',(0.,-0.0263298532640135,-0.999653309316333));
#7493=DIRECTION('',(-0.00422687867129775,-0.999644379121869,0.0263296180517577));
#7494=DIRECTION('',(0.00422687867129774,0.999644379121869,-0.0263296180517577));
#7495=DIRECTION('',(1.2248774043655E-16,-0.0263298532640135,-0.999653309316333));
#7496=DIRECTION('',(0.00439301175475484,0.99962563992547,-0.0270052115584744));
#7497=DIRECTION('',(0.,0.0270054721429896,0.999635285728917));
#7498=DIRECTION('',(0.00439301175475484,0.99962563992547,-0.0270052115584744));
#7499=DIRECTION('',(0.,0.0270054721429896,0.999635285728917));
#7500=DIRECTION('',(-0.0865048340886566,0.032207574477173,0.995730679363447));
#7501=DIRECTION('',(0.99624753109099,0.,0.086549735962091));
#7502=DIRECTION('',(-0.0865299239229785,0.0265967228072929,0.995894164357737));
#7503=DIRECTION('',(0.00422687867052389,0.99964437912187,-0.0263296180518251));
#7504=DIRECTION('',(0.0865048340886566,-0.032207574477173,-0.995730679363447));
#7505=DIRECTION('',(0.0865048340886566,-0.032207574477173,-0.995730679363447));
#7506=DIRECTION('',(0.996240285153427,-0.00193122395525392,0.0866115731958133));
#7507=DIRECTION('',(0.0865299239229828,-0.0265967228072929,-0.995894164357737));
#7508=DIRECTION('',(-0.00422687867129785,-0.999644379121869,0.0263296180517578));
#7509=DIRECTION('',(0.0865299239229828,-0.0265967228072929,-0.995894164357737));
#7510=DIRECTION('',(0.765634157304704,-0.0201723046091257,-0.642959886225472));
#7511=DIRECTION('',(-0.643090743383968,0.,-0.765789981505279));
#7512=DIRECTION('',(0.643262365341712,0.0174411414996267,0.765447147697459));
#7513=DIRECTION('',(-0.00422687867129785,-0.999644379121869,0.0263296180517578));
#7514=DIRECTION('',(-0.643275941558863,-0.0249921934930244,-0.765226406546432));
#7515=DIRECTION('',(0.682162505507921,-0.726501669821489,0.082762550865376));
#7516=DIRECTION('',(-0.0865048340886588,0.032207574477173,0.995730679363447));
#7517=DIRECTION('',(-0.72572600481175,-0.686528789342716,-0.044721218046939));
#7518=DIRECTION('',(0.0865048340886588,-0.032207574477173,-0.995730679363447));
#7519=DIRECTION('',(0.72572600481175,0.686528789342716,0.0447212180469388));
#7520=DIRECTION('',(0.0865048340886588,-0.032207574477173,-0.995730679363447));
#7521=DIRECTION('',(0.000338578394902417,-0.999476280841712,0.0323581427076767));
#7522=DIRECTION('',(0.,-0.0323581445623701,-0.999476338129363));
#7523=DIRECTION('',(0.996248911063017,0.00313718529798134,0.0864769638352213));
#7524=DIRECTION('',(-0.996248911063017,-0.00313718529798134,-0.0864769638352211));
#7525=DIRECTION('',(-0.0865048340886593,0.032207574477173,0.995730679363447));
#7526=DIRECTION('',(-0.00422687867129527,-0.999644379121869,0.0263296180517568));
#7527=DIRECTION('',(0.,-0.0263298532640126,-0.999653309316333));
#7528=DIRECTION('',(-0.259422714127383,-0.0243322266651313,-0.965457300008809));
#7529=DIRECTION('',(0.0865299239229814,-0.0265967228072917,-0.995894164357737));
#7530=DIRECTION('',(-0.996240285153427,0.00193122395525155,-0.0866115731958085));
#7531=DIRECTION('',(0.965754621470423,-0.0109113718463804,-0.259227608624062));
#7532=DIRECTION('',(-0.259243041567062,0.,-0.965812117028493));
#7533=DIRECTION('',(-0.00422687867129785,-0.999644379121869,0.0263296180517578));
#7534=DIRECTION('',(0.259445967513159,0.0313379215119425,0.965249047974911));
#7535=DIRECTION('',(-0.00422687867129785,-0.999644379121869,0.0263296180517578));
#7536=DIRECTION('',(0.000338578394902417,-0.999476280841712,0.0323581427076767));
#7537=DIRECTION('',(0.,-0.0323581445623701,-0.999476338129363));
#7538=DIRECTION('',(0.259445967513159,0.0313379215119425,0.965249047974911));
#7539=DIRECTION('',(-0.0865048340886551,0.032207574477173,0.995730679363447));
#7540=DIRECTION('',(0.996248911063018,0.0031371852979812,0.0864769638352171));
#7541=DIRECTION('',(0.965754621470423,-0.0109113718463804,-0.259227608624062));
#7542=DIRECTION('',(-0.259243041567062,0.,-0.965812117028493));
#7543=DIRECTION('',(-0.00422687867129785,-0.999644379121869,0.0263296180517578));
#7544=DIRECTION('',(0.259445967513159,0.0313379215119425,0.965249047974911));
#7545=DIRECTION('',(-0.00422687867129785,-0.999644379121869,0.0263296180517578));
#7546=DIRECTION('',(0.000338578394902417,-0.999476280841712,0.0323581427076767));
#7547=DIRECTION('',(0.,-0.0323581445623701,-0.999476338129363));
#7548=DIRECTION('',(-0.996248911063018,-0.00313718529798119,-0.0864769638352166));
#7549=DIRECTION('',(-0.0865048340886551,0.032207574477173,0.995730679363447));
#7550=DIRECTION('',(0.996248911063018,0.0031371852979812,0.086476963835217));
#7551=DIRECTION('',(0.765632477592025,-0.0205561980928009,-0.642949727409746));
#7552=DIRECTION('',(0.643262365341711,0.0174411414996258,0.76544714769746));
#7553=DIRECTION('',(0.76556359625692,0.,-0.643360225757057));
#7554=DIRECTION('',(-0.765634157304705,0.0201723046091252,0.642959886225471));
#7555=DIRECTION('',(-0.00422687867129785,-0.999644379121869,0.0263296180517578));
#7556=DIRECTION('',(0.00422687867129785,0.999644379121869,-0.0263296180517578));
#7557=DIRECTION('',(0.,0.0263298532640135,0.999653309316333));
#7558=DIRECTION('',(-0.996240285153427,0.00193122395525448,-0.0866115731958091));
#7559=DIRECTION('',(0.0865299239229828,-0.0265967228072929,-0.995894164357737));
#7560=DIRECTION('',(0.996240285153427,-0.00193122395525424,0.0866115731958088));
#7561=DIRECTION('',(0.996240285153427,-0.00193122395525392,0.0866115731958133));
#7562=DIRECTION('',(0.0865299239229828,-0.0265967228072929,-0.995894164357737));
#7563=DIRECTION('',(0.00422687867129785,0.999644379121869,-0.0263296180517578));
#7564=DIRECTION('',(0.0865048340886566,-0.032207574477173,-0.995730679363447));
#7565=DIRECTION('',(-0.0865048340886566,0.032207574477173,0.995730679363447));
#7566=DIRECTION('',(0.99624753109099,0.,0.086549735962091));
#7567=DIRECTION('',(0.0865299239229781,-0.0265967228072929,-0.995894164357737));
#7568=DIRECTION('',(0.00422687867045736,0.999644379121871,-0.0263296180518309));
#7569=DIRECTION('',(0.0865048340886566,-0.032207574477173,-0.995730679363447));
#7570=DIRECTION('',(-0.00422687867129785,-0.999644379121869,0.0263296180517578));
#7571=DIRECTION('',(0.,-0.0263298532640135,-0.999653309316333));
#7572=DIRECTION('',(0.00422687867129785,0.999644379121869,-0.0263296180517578));
#7573=DIRECTION('',(-0.840052453953098,-0.0107341754371073,-0.542398978691022));
#7574=DIRECTION('',(-0.542488717029285,0.0244109149303896,0.839708341704536));
#7575=DIRECTION('',(0.840052453953098,0.0107341754371073,0.542398978691021));
#7576=DIRECTION('',(-0.840052453953094,-0.0107341754371075,-0.542398978691028));
#7577=DIRECTION('',(0.840052453953098,0.0107341754371073,0.542398978691021));
#7578=DIRECTION('',(0.542488717029285,-0.0244109149303897,-0.839708341704536));
#7579=DIRECTION('',(-0.00422687867129785,-0.999644379121869,0.0263296180517578));
#7580=DIRECTION('',(0.,-0.0263298532640135,-0.999653309316333));
#7581=DIRECTION('',(-0.00422687867129785,-0.999644379121869,0.0263296180517578));
#7582=DIRECTION('',(0.00422687867129785,0.999644379121869,-0.0263296180517578));
#7583=DIRECTION('',(-0.840052453953098,-0.0107341754371073,-0.542398978691022));
#7584=DIRECTION('',(-0.00422687867129785,-0.999644379121869,0.0263296180517578));
#7585=DIRECTION('',(0.00422687867129774,0.999644379121869,-0.0263296180517577));
#7586=DIRECTION('',(0.,0.0263298532640135,0.999653309316333));
#7587=DIRECTION('',(0.542488717029287,-0.0244109149303902,-0.839708341704535));
#7588=DIRECTION('',(-0.542488717029286,0.0244109149303903,0.839708341704535));
#7589=DIRECTION('',(0.00422687867129774,0.999644379121869,-0.0263296180517577));
#7590=DIRECTION('',(1.2248774043655E-16,-0.0263298532640135,-0.999653309316333));
#7591=DIRECTION('',(-0.00422687867129775,-0.999644379121869,0.0263296180517577));
#7592=DIRECTION('',(0.,-0.0263298532640135,-0.999653309316333));
#7593=DIRECTION('',(-0.00422687867129775,-0.999644379121869,0.0263296180517577));
#7594=DIRECTION('',(-0.00422687867129785,-0.999644379121869,0.0263296180517578));
#7595=DIRECTION('',(0.,-0.0263298532640135,-0.999653309316333));
#7596=DIRECTION('',(-0.00422687867129785,-0.999644379121869,0.0263296180517578));
#7597=DIRECTION('',(0.,-0.0263298532640135,-0.999653309316333));
#7598=DIRECTION('',(0.542488717029285,-0.0244109149303897,-0.839708341704536));
#7599=DIRECTION('',(-0.840688696985568,-0.0107055123232301,-0.541412880126253));
#7600=DIRECTION('',(-0.542488717029282,0.0244109149303897,0.839708341704538));
#7601=DIRECTION('',(-0.840052453953098,-0.0107341754371073,-0.542398978691021));
#7602=DIRECTION('',(-0.542488717029285,0.0244109149303897,0.839708341704536));
#7603=DIRECTION('',(-0.534952296011489,-0.138808504526982,0.833401607907628));
#7604=DIRECTION('',(0.840061278962887,0.0178382942374692,0.542198158283423));
#7605=DIRECTION('',(-0.0842355266555641,0.99025930903363,0.110864227419382));
#7606=DIRECTION('',(-0.840061278962887,-0.0178382942374688,-0.542198158283423));
#7607=DIRECTION('',(0.0842355266555637,-0.99025930903363,-0.110864227419382));
#7608=DIRECTION('',(-0.309156730418557,-0.805539541613769,0.505497935637314));
#7609=DIRECTION('',(0.840061278962891,0.0178382942374686,0.542198158283417));
#7610=DIRECTION('',(0.445766577612577,-0.592273721770781,-0.67119594514818));
#7611=DIRECTION('',(-0.840061278962891,-0.0178382942374686,-0.542198158283417));
#7612=DIRECTION('',(-0.445766577612577,0.59227372177078,0.67119594514818));
#7613=DIRECTION('',(-0.840061278962891,-0.0178382942374686,-0.542198158283417));
#7614=DIRECTION('',(-0.309156730418557,-0.805539541613769,0.505497935637314));
#7615=DIRECTION('',(0.840061278962891,0.0178382942374686,0.542198158283417));
#7616=DIRECTION('',(0.445766577612577,-0.592273721770781,-0.67119594514818));
#7617=DIRECTION('',(-0.840061278962891,-0.0178382942374686,-0.542198158283417));
#7618=DIRECTION('',(-0.445766577612577,0.59227372177078,0.67119594514818));
#7619=DIRECTION('',(-0.840061278962891,-0.0178382942374686,-0.542198158283417));
#7620=DIRECTION('',(0.287232759835372,0.833244619198365,-0.472441262226667));
#7621=DIRECTION('',(-0.840061278962891,-0.0178382942374686,-0.542198158283417));
#7622=DIRECTION('',(-0.46019813328348,0.552616962697303,0.694861260009226));
#7623=DIRECTION('',(-0.840061278962891,-0.0178382942374686,-0.542198158283417));
#7624=DIRECTION('',(0.457030570822244,-0.552680201650036,-0.696898595233173));
#7625=DIRECTION('',(-0.840061278962891,-0.0178382942374686,-0.542198158283417));
#7626=DIRECTION('',(0.287232759835372,0.833244619198365,-0.472441262226667));
#7627=DIRECTION('',(-0.840061278962891,-0.0178382942374686,-0.542198158283417));
#7628=DIRECTION('',(-0.46019813328348,0.552616962697303,0.694861260009226));
#7629=DIRECTION('',(-0.840061278962891,-0.0178382942374686,-0.542198158283417));
#7630=DIRECTION('',(0.457030570822244,-0.552680201650036,-0.696898595233173));
#7631=DIRECTION('',(-0.840061278962891,-0.0178382942374686,-0.542198158283417));
#7632=DIRECTION('',(-0.840061278962887,-0.0178382942374688,-0.542198158283423));
#7633=DIRECTION('',(-0.542284443888682,0.,0.840194966609741));
#7634=DIRECTION('',(-0.840052453953098,-0.0107341754371074,-0.542398978691022));
#7635=DIRECTION('',(-0.00422687867070818,-0.999644379121895,0.0263296180508451));
#7636=DIRECTION('',(-0.840052453953096,-0.0107341754371074,-0.542398978691025));
#7637=DIRECTION('',(-0.00422687867096253,-0.999644379121884,0.0263296180512388));
#7638=DIRECTION('',(-0.840061278962887,-0.0178382942374688,-0.542198158283423));
#7639=DIRECTION('',(-0.840052453953098,-0.0107341754371074,-0.542398978691022));
#7640=DIRECTION('',(-0.00422687867129775,-0.999644379121869,0.0263296180517577));
#7641=DIRECTION('',(-0.542475951777904,0.0269995744663209,0.839637341190407));
#7642=DIRECTION('',(-0.00422687867129775,-0.999644379121869,0.0263296180517577));
#7643=DIRECTION('',(-0.542488717029282,0.0244109149303896,0.839708341704538));
#7644=DIRECTION('',(0.83995864163795,0.,0.542650421853452));
#7645=DIRECTION('',(-0.840061278962891,-0.0178382942374686,-0.542198158283417));
#7646=DIRECTION('',(-0.00422687867129774,-0.999644379121869,0.0263296180517577));
#7647=DIRECTION('',(0.00422687867129785,0.999644379121869,-0.0263296180517578));
#7648=DIRECTION('',(-0.309156730418557,-0.805539541613769,0.505497935637314));
#7649=DIRECTION('',(0.840061278962891,0.0178382942374686,0.542198158283417));
#7650=DIRECTION('',(0.445766577612577,-0.592273721770781,-0.67119594514818));
#7651=DIRECTION('',(-0.840061278962891,-0.0178382942374686,-0.542198158283417));
#7652=DIRECTION('',(-0.445766577612577,0.59227372177078,0.67119594514818));
#7653=DIRECTION('',(-0.840061278962891,-0.0178382942374686,-0.542198158283417));
#7654=DIRECTION('',(0.254864186404899,0.0269854022832241,0.966600245474716));
#7655=DIRECTION('',(0.966952382727539,0.,-0.254957034689248));
#7656=DIRECTION('',(0.084737092630825,-0.0276900370010789,-0.996018517389789));
#7657=DIRECTION('',(-0.996400579807463,0.,-0.0847695969045025));
#7658=DIRECTION('',(0.254767623949423,0.0269860777375448,0.966625682151839));
#7659=DIRECTION('',(0.966977846309933,0.,-0.25486044170448));
#7660=DIRECTION('',(0.996402179994834,0.00388317694054867,0.0846617779070928));
#7661=DIRECTION('',(0.0847500857320524,-0.0415931334136398,-0.995533743386554));
#7662=DIRECTION('',(0.0847370926308249,-0.027690037001079,-0.996018517389789));
#7663=DIRECTION('',(-0.996400579807463,0.,-0.0847695969045025));
#7664=DIRECTION('',(0.0847370926308185,-0.0276900370010887,-0.99601851738979));
#7665=DIRECTION('',(-0.996400579807463,0.,-0.0847695969044961));
#7666=DIRECTION('',(-0.0847370926308185,0.0276900370010887,0.99601851738979));
#7667=DIRECTION('',(0.255950055720633,0.0859291348263242,0.962863309491334));
#7668=DIRECTION('',(0.966437920276245,0.,-0.256900265185007));
#7669=DIRECTION('',(0.254505809680458,0.0859624553647855,0.963243089311598));
#7670=DIRECTION('',(0.966821899367559,0.,-0.2554513944047));
#7671=DIRECTION('',(0.254497020385711,0.0859626359357284,0.963245395440734));
#7672=DIRECTION('',(0.966824229183927,0.,-0.255442576449004));
#7673=DIRECTION('',(0.253080026929049,0.0850275242074694,0.963701623998185));
#7674=DIRECTION('',(0.967204254773655,0.,-0.253999861314407));
#7675=DIRECTION('',(0.253357094824892,0.040496870622005,0.966524798425635));
#7676=DIRECTION('',(0.967318323250479,0.,-0.253565103087713));
#7677=DIRECTION('',(-0.996408735402184,-0.00788898223585738,-0.0843053733370747));
#7678=DIRECTION('',(-0.08467285554672,0.0884411576437932,0.992476029518189));
#7679=DIRECTION('',(0.000373560952860205,-0.996050162187582,0.0887915246986245));
#7680=DIRECTION('',(0.000373560961927031,-0.996050160864436,0.0887915395414365));
#7681=DIRECTION('',(-0.08467285554672,0.0884411576437932,0.992476029518189));
#7682=DIRECTION('',(0.000344485052331255,-0.999127085104634,0.0417725883847909));
#7683=DIRECTION('',(-0.996402179994834,-0.00388317694054865,-0.0846617779070923));
#7684=DIRECTION('',(0.084750085732052,-0.0415931334136398,-0.995533743386554));
#7685=DIRECTION('',(0.00062535662597712,0.0417727979333201,0.999126940024095));
#7686=DIRECTION('',(0.,-0.999127135388894,0.0417728061013855));
#7687=DIRECTION('',(0.254774185816961,0.0404818085620579,0.966152854064433));
#7688=DIRECTION('',(0.966945482856917,0.,-0.254983201765536));
#7689=DIRECTION('',(0.254775763326341,0.0404817917432476,0.966152438779066));
#7690=DIRECTION('',(0.96694506657142,0.,-0.254984780395206));
#7691=DIRECTION('',(0.999999745129537,0.00031806153128891,-0.000639200847347108));
#7692=DIRECTION('',(-0.000639200879678892,0.,-0.999999795711097));
#7693=DIRECTION('',(0.999999745129537,0.00031806153128891,-0.000639200847347108));
#7694=DIRECTION('',(-0.996402179994834,-0.00388317694054863,-0.0846617779070923));
#7695=DIRECTION('',(-0.0847500857320519,0.0415931334136396,0.995533743386554));
#7696=DIRECTION('',(0.00034448505233111,-0.999127085104635,0.0417725883847907));
#7697=DIRECTION('',(0.084750085732052,-0.0415931334136396,-0.995533743386554));
#7698=DIRECTION('',(-0.0847500857320519,0.0415931334136396,0.995533743386554));
#7699=DIRECTION('',(-0.00034448505233111,0.999127085104635,-0.0417725883847907));
#7700=DIRECTION('',(0.,0.0417725908633664,0.999127144387821));
#7701=DIRECTION('',(0.00034448505233111,-0.999127085104635,0.0417725883847907));
#7702=DIRECTION('',(-0.00034448505233111,0.999127085104635,-0.0417725883847907));
#7703=DIRECTION('',(0.,0.0417725908633664,0.999127144387821));
#7704=DIRECTION('',(-0.00034448505233111,0.999127085104635,-0.0417725883847907));
#7705=DIRECTION('',(0.,0.0417725908633664,0.999127144387821));
#7706=DIRECTION('',(-0.0847500857320519,0.0415931334136396,0.995533743386554));
#7707=DIRECTION('',(0.996395993396833,0.,0.0848234893336667));
#7708=DIRECTION('',(0.0847500857320505,-0.0415931334136398,-0.995533743386554));
#7709=DIRECTION('',(-0.996395993396833,0.,-0.0848234893336652));
#7710=DIRECTION('',(-0.0847500857320519,0.0415931334136396,0.995533743386554));
#7711=DIRECTION('',(0.999999745129537,0.00031806153128891,-0.000639200847347108));
#7712=DIRECTION('',(-0.000639200879678892,0.,-0.999999795711097));
#7713=DIRECTION('',(0.999999745129537,0.00031806153128891,-0.000639200847347108));
#7714=DIRECTION('',(0.0842443675883451,-0.0410881887976119,-0.995597633218848));
#7715=DIRECTION('',(-0.996439102324873,0.,-0.0843155700805135));
#7716=DIRECTION('',(0.0847500857320524,-0.0415931334136396,-0.995533743386554));
#7717=DIRECTION('',(-0.996395993396833,0.,-0.0848234893336672));
#7718=DIRECTION('',(0.0847500857320524,-0.0415931334136396,-0.995533743386554));
#7719=DIRECTION('',(0.0847500857320505,-0.0415931334136398,-0.995533743386554));
#7720=DIRECTION('',(-0.996395993396833,0.,-0.0848234893336652));
#7721=DIRECTION('',(-0.0847500857320524,0.0415931334136396,0.995533743386554));
#7722=DIRECTION('',(-0.00034448505233111,0.999127085104635,-0.0417725883847907));
#7723=DIRECTION('',(0.,0.0417725908633664,0.999127144387821));
#7724=DIRECTION('',(-0.000625356625987973,-0.0417727979333288,-0.999126940024095));
#7725=DIRECTION('',(0.,0.999127135388893,-0.0417728061013942));
#7726=DIRECTION('',(-0.00034448505233111,0.999127085104635,-0.0417725883847907));
#7727=DIRECTION('',(0.,0.0417725908633664,0.999127144387821));
#7728=DIRECTION('',(-0.00034448505233111,0.999127085104635,-0.0417725883847907));
#7729=DIRECTION('',(0.,0.0417725908633664,0.999127144387821));
#7730=DIRECTION('',(-0.00034448505233111,0.999127085104635,-0.0417725883847907));
#7731=DIRECTION('',(0.,0.0417725908633664,0.999127144387821));
#7732=DIRECTION('',(-0.000625356625983615,-0.0417727979333332,-0.999126940024095));
#7733=DIRECTION('',(0.,0.999127135388893,-0.0417728061013986));
#7734=DIRECTION('',(-0.00034448505233111,0.999127085104635,-0.0417725883847907));
#7735=DIRECTION('',(0.,0.0417725908633664,0.999127144387821));
#7736=DIRECTION('',(-0.00034448505233111,0.999127085104635,-0.0417725883847907));
#7737=DIRECTION('',(0.,0.0417725908633664,0.999127144387821));
#7738=DIRECTION('',(0.00034448505233111,-0.999127085104635,0.0417725883847907));
#7739=DIRECTION('',(0.00034448505233111,-0.999127085104635,0.0417725883847907));
#7740=DIRECTION('',(-0.00034448505233111,0.999127085104635,-0.0417725883847907));
#7741=DIRECTION('',(0.,0.0417725908633664,0.999127144387821));
#7742=DIRECTION('',(0.996402179994835,0.00388317694054865,0.0846617779070928));
#7743=DIRECTION('',(0.0847500857320524,-0.0415931334136396,-0.995533743386554));
#7744=DIRECTION('',(0.0847500857320524,-0.0415931334136396,-0.995533743386554));
#7745=DIRECTION('',(0.000625356625979283,0.0417727979333288,0.999126940024095));
#7746=DIRECTION('',(0.,-0.999127135388893,0.0417728061013942));
#7747=DIRECTION('',(0.254775105304887,0.0404817987588288,0.966152612006061));
#7748=DIRECTION('',(0.966945240215596,0.,-0.254984121906449));
#7749=DIRECTION('',(0.254776655754985,0.0404817822284619,0.9661522038426));
#7750=DIRECTION('',(0.966944831069159,0.,-0.25498567345762));
#7751=DIRECTION('',(0.253357764132397,0.0414683438722724,0.966483429661535));
#7752=DIRECTION('',(0.967315496777129,0.,-0.253575885475759));
#7753=DIRECTION('',(0.253091495982846,0.0859948726640912,0.963612773128632));
#7754=DIRECTION('',(0.967195672535467,0.,-0.254032539310746));
#7755=DIRECTION('',(0.254497785353563,0.0859626183493417,0.963245194899335));
#7756=DIRECTION('',(0.966824026424939,0.,-0.255443343869965));
#7757=DIRECTION('',(0.254505826104536,0.085962433452721,0.96324308692756));
#7758=DIRECTION('',(0.966821895139985,0.,-0.255451410405046));
#7759=DIRECTION('',(0.255938950511791,0.0849397758362253,0.962954042564761));
#7760=DIRECTION('',(0.966446696790949,0.,-0.256867246378092));
#7761=DIRECTION('',(0.256212463255468,0.0300388349009715,0.966153632747069));
#7762=DIRECTION('',(0.966589823438467,0.,-0.256328135843868));
#7763=DIRECTION('',(0.256204905120482,0.026975994302192,0.966246005075112));
#7764=DIRECTION('',(0.966597767742356,0.,-0.256298176730727));
#7765=DIRECTION('',(0.254767630030892,0.0269860776950438,0.96662568055017));
#7766=DIRECTION('',(0.966977844706571,0.,-0.254860447787872));
#7767=DIRECTION('',(0.254862701983238,0.0269854126689244,0.966600636582085));
#7768=DIRECTION('',(0.966952774248588,0.,-0.254955549798311));
#7769=DIRECTION('',(0.0847370926308249,-0.0276900370010789,-0.996018517389789));
#7770=DIRECTION('',(-0.996400579807463,0.,-0.0847695969045025));
#7771=DIRECTION('',(-0.084737092630818,0.0276900370010887,0.99601851738979));
#7772=DIRECTION('',(0.996400579807463,0.,0.0847695969044956));
#7773=DIRECTION('',(0.084737092630818,-0.0276900370010887,-0.99601851738979));
#7774=DIRECTION('',(0.000335720131321159,-0.999612933540199,0.0278185260420388));
#7775=DIRECTION('',(-0.996402179994834,-0.00388317694054865,-0.0846617779070923));
#7776=DIRECTION('',(0.084750085732052,-0.0415931334136398,-0.995533743386554));
#7777=DIRECTION('',(0.00439301175475484,0.99962563992547,-0.0270052115584744));
#7778=DIRECTION('',(0.,0.0270054721429896,0.999635285728917));
#7779=DIRECTION('',(-0.000910006983429423,0.999454788825128,-0.0330044994176553));
#7780=DIRECTION('',(0.662141480386978,0.0253351013957143,0.748950460703651));
#7781=DIRECTION('',(0.000338578394902417,-0.999476280841712,0.0323581427076767));
#7782=DIRECTION('',(0.,-0.0323581445623701,-0.999476338129363));
#7783=DIRECTION('',(-0.996248911063018,-0.00313718529798119,-0.0864769638352165));
#7784=DIRECTION('',(0.996248911063018,0.0031371852979812,0.0864769638352169));
#7785=DIRECTION('',(-0.000373560952860205,0.996050162187582,-0.0887915246986245));
#7786=DIRECTION('',(0.,0.0887915308939555,0.996050231685886));
#7787=DIRECTION('',(0.331264167595592,0.0140622763587727,0.943433253415847));
#7788=DIRECTION('',(0.943526548091218,0.,-0.331296925803834));
#7789=DIRECTION('',(0.330469990972732,0.0395394028156683,0.942987921816321));
#7790=DIRECTION('',(0.0353675284017288,-0.998939150045353,0.0294908874302148));
#7791=DIRECTION('',(0.331264167595592,0.0140622763587727,0.943433253415847));
#7792=DIRECTION('',(0.330469990972732,0.0395394028156683,0.942987921816321));
#7793=DIRECTION('',(0.0353675284017288,-0.998939150045353,0.0294908874302148));
#7794=DIRECTION('',(0.331264167595592,0.0140622763587727,0.943433253415847));
#7795=DIRECTION('',(0.943205909488939,-0.0389642899677734,-0.329915741383237));
#7796=DIRECTION('',(-0.330166468573797,0.,-0.943922720899072));
#7797=DIRECTION('',(0.943816436812017,-0.013479741662835,-0.330195139528388));
#7798=DIRECTION('',(-0.0119188817508504,-0.99990617582452,0.00675128178900619));
#7799=DIRECTION('',(0.943205909488939,-0.0389642899677734,-0.329915741383237));
#7800=DIRECTION('',(0.943816436812017,-0.013479741662835,-0.330195139528388));
#7801=DIRECTION('',(-0.0119188817508504,-0.99990617582452,0.00675128178900619));
#7802=DIRECTION('',(0.943205909488939,-0.0389642899677734,-0.329915741383237));
#7803=DIRECTION('',(-0.000344485052331118,0.999127085104634,-0.0417725883847909));
#7804=DIRECTION('',(0.,0.0417725908633666,0.999127144387821));
#7805=DIRECTION('',(-0.000344485052331118,0.999127085104634,-0.0417725883847909));
#7806=DIRECTION('',(0.,0.0417725908633666,0.999127144387821));
#7807=DIRECTION('',(0.0359760801403353,0.999237647722967,-0.0151606408442678));
#7808=DIRECTION('',(-0.00111611161841768,0.0152106266688663,0.999883688801451));
#7809=DIRECTION('',(0.0359760801403353,0.999237647722967,-0.0151606408442678));
#7810=DIRECTION('',(-0.806041861234076,0.0200457018784346,-0.591518966538274));
#7811=DIRECTION('',(-0.33025509457509,-0.00243052503472076,-0.943888587204684));
#7812=DIRECTION('',(-0.33025509457509,-0.00243052503472076,-0.943888587204684));
#7813=DIRECTION('',(-0.0269374719111759,0.999622310860326,-0.00544134517342989));
#7814=DIRECTION('',(-0.999637109716246,-0.0269378707055618,0.));
#7815=DIRECTION('',(-0.0269374719111759,0.999622310860326,-0.00544134517342989));
#7816=DIRECTION('',(0.590149752921262,0.011509171526178,-0.807211749231733));
#7817=DIRECTION('',(0.943153396889242,0.0236111819733261,-0.331517996528252));
#7818=DIRECTION('',(0.943153396889242,0.0236111819733261,-0.331517996528252));
#7819=DIRECTION('',(-0.331246616934202,-0.0649653301624653,-0.941305043355515));
#7820=DIRECTION('',(-0.943297739401885,0.,0.331947849577752));
#7821=DIRECTION('',(0.330469990972723,0.0395394028156684,0.942987921816324));
#7822=DIRECTION('',(-0.0346790328217295,-0.997938733531246,0.0539967480558118));
#7823=DIRECTION('',(-0.331246616934203,-0.0649653301624653,-0.941305043355515));
#7824=DIRECTION('',(0.330469990972723,0.0395394028156684,0.942987921816324));
#7825=DIRECTION('',(-0.0346790328217295,-0.997938733531246,0.0539967480558118));
#7826=DIRECTION('',(-0.331246616934203,-0.0649653301624653,-0.941305043355515));
#7827=DIRECTION('',(0.0262492002125572,0.996606237657216,-0.0780191422083719));
#7828=DIRECTION('',(0.999655415649306,-0.026155734993383,0.00221979502887411));
#7829=DIRECTION('',(0.0262492002125572,0.996606237657216,-0.0780191422083719));
#7830=DIRECTION('',(-0.590180767014816,0.078442542422376,0.80345095045318));
#7831=DIRECTION('',(0.943178967349124,-0.0505520912099405,-0.328417297998357));
#7832=DIRECTION('',(0.943178967349124,-0.0505520912099405,-0.328417297998357));
#7833=DIRECTION('',(-0.000338578394902417,0.999476280841712,-0.0323581427076767));
#7834=DIRECTION('',(0.,0.0323581445623701,0.999476338129363));
#7835=DIRECTION('',(-0.00422687867129774,-0.999644379121869,0.0263296180517577));
#7836=DIRECTION('',(0.,-0.0263298532640135,-0.999653309316333));
#7837=DIRECTION('',(-0.00422687867129774,-0.999644379121869,0.0263296180517577));
#7838=DIRECTION('',(0.000338578394902417,-0.999476280841712,0.0323581427076767));
#7839=DIRECTION('',(-0.603576592954463,-0.0260035612721274,-0.796880863892872));
#7840=DIRECTION('',(-0.00422687867129774,-0.999644379121869,0.0263296180517577));
#7841=DIRECTION('',(0.0200078416893038,0.0262400403867783,0.99945542499475));
#7842=DIRECTION('',(0.,-0.999655532940329,0.0262452940883866));
#7843=DIRECTION('',(0.999799799742659,-0.000309028372260937,-0.0200066223037261));
#7844=DIRECTION('',(0.00422687867129774,0.999644379121869,-0.0263296180517577));
#7845=DIRECTION('',(-0.00422687867129774,-0.999644379121869,0.0263296180517577));
#7846=DIRECTION('',(0.,-0.0263298532640135,-0.999653309316333));
#7847=DIRECTION('',(0.000338578394902417,-0.999476280841712,0.0323581427076767));
#7848=DIRECTION('',(-0.603576592954464,-0.0260035612721274,-0.796880863892871));
#7849=DIRECTION('',(0.00422687867129774,0.999644379121869,-0.0263296180517577));
#7850=DIRECTION('',(0.999790888019907,-0.0047513756485426,-0.0198898130160305));
#7851=DIRECTION('',(-0.0198900375317704,0.,-0.999802173635857));
#7852=DIRECTION('',(0.00422687867129774,0.999644379121869,-0.0263296180517577));
#7853=DIRECTION('',(0.0200333398347131,0.032358429991317,0.999275536227904));
#7854=DIRECTION('',(-0.00422687867129774,-0.999644379121869,0.0263296180517577));
#7855=DIRECTION('',(0.,-0.0263298532640135,-0.999653309316333));
#7856=DIRECTION('',(0.00422687867129775,0.999644379121869,-0.0263296180517577));
#7857=DIRECTION('',(0.000338578394902417,-0.999476280841712,0.0323581427076767));
#7858=DIRECTION('',(-0.603576592954464,-0.0260035612721274,-0.796880863892871));
#7859=DIRECTION('',(-0.840052453953096,-0.0107341754371074,-0.542398978691025));
#7860=DIRECTION('',(-0.542430229680877,0.,0.840100854617082));
#7861=DIRECTION('',(0.542475951777906,-0.0269995744663209,-0.839637341190405));
#7862=DIRECTION('',(0.840052453953096,0.0107341754371074,0.542398978691025));
#7863=DIRECTION('',(0.542430229680877,0.,-0.840100854617082));
#7864=DIRECTION('',(-0.00422687867129775,-0.999644379121869,0.0263296180517577));
#7865=DIRECTION('',(0.542488717029281,-0.0244109149303896,-0.839708341704538));
#7866=DIRECTION('',(-0.839958641637951,0.,-0.542650421853451));
#7867=DIRECTION('',(-0.00178138260926819,0.999542039428644,-0.0302082454112458));
#7868=DIRECTION('',(0.830465768957733,0.0183067688489492,0.556768774989899));
#7869=DIRECTION('',(-0.557069557554631,0.0266838199876069,0.830037036400639));
#7870=DIRECTION('',(0.26944685787759,-0.887969212330069,-0.372705069369618));
#7871=DIRECTION('',(0.477684267142968,0.459288885865851,-0.748913519870079));
#7872=DIRECTION('',(-0.840052453953094,-0.0107341754371075,-0.542398978691028));
#7873=DIRECTION('',(-0.269446857877589,0.887969212330069,0.372705069369618));
#7874=DIRECTION('',(-0.830465768957734,-0.0183067688489491,-0.556768774989898));
#7875=DIRECTION('',(0.55706955755463,-0.026683819987607,-0.83003703640064));
#7876=DIRECTION('',(0.00178138260926819,-0.999542039428644,0.0302082454112458));
#7877=DIRECTION('',(0.542488717029281,-0.0244109149303896,-0.839708341704538));
#7878=DIRECTION('',(-0.839958641637951,0.,-0.542650421853451));
#7879=DIRECTION('',(-0.00422687867129775,-0.999644379121869,0.0263296180517577));
#7880=DIRECTION('',(-0.00439301175475484,-0.99962563992547,0.0270052115584744));
#7881=DIRECTION('',(0.,-0.0270054721429896,-0.999635285728917));
#7882=DIRECTION('',(-0.0865299239229785,0.0265967228072929,0.995894164357737));
#7883=DIRECTION('',(0.996246591972853,0.,0.0865605451835659));
#7884=DIRECTION('',(-0.00422687867129785,-0.999644379121869,0.0263296180517578));
#7885=DIRECTION('',(-0.0865299239229829,0.0265967228072929,0.995894164357737));
#7886=DIRECTION('',(0.996246591972852,0.,0.0865605451835704));
#7887=DIRECTION('',(-0.00422687867129785,-0.999644379121869,0.0263296180517578));
#7888=DIRECTION('',(-0.00422687867129785,-0.999644379121869,0.0263296180517578));
#7889=DIRECTION('',(0.996240285153427,-0.00193122395525386,0.0866115731958155));
#7890=DIRECTION('',(0.0866117347106534,0.,-0.996242142960441));
#7891=DIRECTION('',(-0.00422687867129785,-0.999644379121869,0.0263296180517578));
#7892=DIRECTION('',(0.0865299239229827,-0.0265967228072929,-0.995894164357737));
#7893=DIRECTION('',(-0.996246591972852,0.,-0.0865605451835702));
#7894=DIRECTION('',(-0.00422687867129785,-0.999644379121869,0.0263296180517578));
#7895=DIRECTION('',(-0.996240285153427,0.00193122395525396,-0.0866115731958118));
#7896=DIRECTION('',(-0.0866117347106498,0.,0.996242142960441));
#7897=DIRECTION('',(0.00422687867129785,0.999644379121869,-0.0263296180517578));
#7898=DIRECTION('',(0.0865299239229781,-0.0265967228072929,-0.995894164357737));
#7899=DIRECTION('',(-0.996246591972853,0.,-0.0865605451835656));
#7900=DIRECTION('',(-0.840052453953096,-0.0107341754371074,-0.542398978691025));
#7901=DIRECTION('',(-0.542430229680877,0.,0.840100854617082));
#7902=DIRECTION('',(0.542475951777906,-0.0269995744663209,-0.839637341190405));
#7903=DIRECTION('',(-0.542475951777906,0.0269995744663209,0.839637341190405));
#7904=DIRECTION('',(0.000338578394902417,-0.999476280841712,0.0323581427076767));
#7905=DIRECTION('',(0.,-0.0323581445623701,-0.999476338129363));
#7906=DIRECTION('',(0.542475951777907,-0.0269995744663209,-0.839637341190405));
#7907=DIRECTION('',(-0.840071263112437,-0.0178377973263926,-0.542182705256464));
#7908=DIRECTION('',(0.542475951777907,-0.0269995744663209,-0.839637341190405));
#7909=DIRECTION('',(0.542475951777907,-0.0269995744663209,-0.839637341190405));
#7910=DIRECTION('',(-0.840052453953096,-0.0107341754371074,-0.542398978691025));
#7911=DIRECTION('',(-0.542430229680877,0.,0.840100854617082));
#7912=DIRECTION('',(0.542475951777906,-0.0269995744663209,-0.839637341190405));
#7913=DIRECTION('',(-0.542475951777906,0.0269995744663209,0.839637341190405));
#7914=DIRECTION('',(0.000338578394902417,-0.999476280841712,0.0323581427076767));
#7915=DIRECTION('',(0.,-0.0323581445623701,-0.999476338129363));
#7916=DIRECTION('',(0.542475951777907,-0.0269995744663209,-0.839637341190405));
#7917=DIRECTION('',(-0.840071263112437,-0.0178377973263926,-0.542182705256464));
#7918=DIRECTION('',(0.542475951777907,-0.0269995744663209,-0.839637341190405));
#7919=DIRECTION('',(0.542475951777907,-0.0269995744663209,-0.839637341190405));
#7920=DIRECTION('',(-0.840071263112436,-0.0178377973263927,-0.542182705256465));
#7921=DIRECTION('',(-0.542268983594363,0.,0.840204944898289));
#7922=DIRECTION('',(-0.542475951777908,0.0269995744663209,0.839637341190404));
#7923=DIRECTION('',(-0.542475951777908,0.0269995744663209,0.839637341190404));
#7924=DIRECTION('',(0.000338578394902417,-0.999476280841712,0.0323581427076767));
#7925=DIRECTION('',(0.,-0.0323581445623701,-0.999476338129363));
#7926=DIRECTION('',(-0.542475951777908,0.0269995744663209,0.839637341190404));
#7927=DIRECTION('',(-0.840071263112436,-0.0178377973263927,-0.542182705256465));
#7928=DIRECTION('',(-0.542268983594363,0.,0.840204944898289));
#7929=DIRECTION('',(-0.542475951777907,0.0269995744663209,0.839637341190404));
#7930=DIRECTION('',(-0.840071263112436,-0.0178377973263927,-0.542182705256465));
#7931=DIRECTION('',(-0.542268983594363,0.,0.840204944898289));
#7932=DIRECTION('',(-0.542475951777908,0.0269995744663209,0.839637341190404));
#7933=DIRECTION('',(-0.542475951777908,0.0269995744663209,0.839637341190404));
#7934=DIRECTION('',(0.000338578394902417,-0.999476280841712,0.0323581427076767));
#7935=DIRECTION('',(0.,-0.0323581445623701,-0.999476338129363));
#7936=DIRECTION('',(-0.542475951777908,0.0269995744663209,0.839637341190404));
#7937=DIRECTION('',(-0.840071263112436,-0.0178377973263927,-0.542182705256465));
#7938=DIRECTION('',(-0.542268983594363,0.,0.840204944898289));
#7939=DIRECTION('',(-0.542475951777907,0.0269995744663209,0.839637341190404));
#7940=DIRECTION('',(0.000338578394902417,-0.999476280841712,0.0323581427076767));
#7941=DIRECTION('',(0.,-0.0323581445623701,-0.999476338129363));
#7942=DIRECTION('',(-0.542475951777908,0.0269995744663209,0.839637341190404));
#7943=DIRECTION('',(-0.542475951777907,0.0269995744663209,0.839637341190404));
#7944=DIRECTION('',(-0.840071263112436,-0.0178377973263927,-0.542182705256465));
#7945=DIRECTION('',(-0.542268983594363,0.,0.840204944898289));
#7946=DIRECTION('',(-0.542475951777908,0.0269995744663209,0.839637341190404));
#7947=DIRECTION('',(0.000338578394902417,-0.999476280841712,0.0323581427076767));
#7948=DIRECTION('',(0.,-0.0323581445623701,-0.999476338129363));
#7949=DIRECTION('',(-0.542475951777908,0.0269995744663209,0.839637341190404));
#7950=DIRECTION('',(-0.840071263112436,-0.0178377973263927,-0.542182705256465));
#7951=DIRECTION('',(-0.542268983594363,0.,0.840204944898289));
#7952=DIRECTION('',(-0.542475951777907,0.0269995744663209,0.839637341190404));
#7953=DIRECTION('',(0.840052453953095,0.0107341754371075,0.542398978691026));
#7954=DIRECTION('',(0.542430229680878,0.,-0.840100854617081));
#7955=DIRECTION('',(0.000335720131321159,-0.999612933540199,0.0278185260420388));
#7956=DIRECTION('',(0.000335720131321159,-0.999612933540199,0.0278185260420388));
#7957=DIRECTION('',(0.999999745129537,0.00031806153128891,-0.000639200847347108));
#7958=DIRECTION('',(-0.000639200879678892,0.,-0.999999795711097));
#7959=DIRECTION('',(0.996403288043787,0.00269164448553348,0.0846949976415018));
#7960=DIRECTION('',(0.0847370926308185,-0.0276900370010887,-0.996018517389789));
#7961=DIRECTION('',(-0.00233584476688831,-0.998243118418688,0.0592049014774834));
#7962=DIRECTION('',(0.996403288043787,0.00269164448553348,0.0846949976415018));
#7963=DIRECTION('',(0.0847370926308185,-0.0276900370010887,-0.99601851738979));
#7964=DIRECTION('',(0.0847300022502073,-0.0181249750859093,-0.996239083752899));
#7965=DIRECTION('',(0.996403288043787,0.00269164448553348,0.0846949976415018));
#7966=DIRECTION('',(0.0847370926308185,-0.0276900370010887,-0.99601851738979));
#7967=DIRECTION('',(-0.00406421558995418,0.999863126142249,0.0160378032375611));
#7968=DIRECTION('',(-0.000133022719989725,0.999543837352496,-0.0302009853415846));
#7969=DIRECTION('',(-0.000851761034856043,-0.999126750706412,0.0417733231379461));
#7970=DIRECTION('',(0.000373560961926892,-0.996050160864436,0.0887915395414366));
#7971=DIRECTION('',(0.000373560952860205,-0.996050162187582,0.0887915246986245));
#7972=DIRECTION('',(0.000344485052331117,-0.999127085104634,0.0417725883847909));
#7973=DIRECTION('',(0.00034448505233111,-0.999127085104635,0.0417725883847907));
#7974=DIRECTION('',(0.00034448505233111,-0.999127085104635,0.0417725883847907));
#7975=DIRECTION('',(-0.000373560952860205,0.996050162187582,-0.0887915246986245));
#7976=DIRECTION('',(0.,0.0887915308939555,0.996050231685886));
#7977=DIRECTION('',(0.999999745129537,0.00031806153128891,-0.000639200847347108));
#7978=DIRECTION('',(-0.0837789759446562,0.0884481990049011,0.992551257760754));
#7979=DIRECTION('',(0.999999745129537,0.00031806153128891,-0.000639200847347108));
#7980=DIRECTION('',(0.999999745129537,0.00031806153128891,-0.000639200847347108));
#7981=DIRECTION('',(-0.000639200879678892,0.,-0.999999795711097));
#7982=DIRECTION('',(0.996477887990309,0.0038458226725391,0.0837677049604673));
#7983=DIRECTION('',(0.0838552328505576,-0.0415966039273376,-0.995609372427405));
#7984=DIRECTION('',(0.999999745129537,0.00031806153128891,-0.000639200847347108));
#7985=DIRECTION('',(-0.999999745129537,-0.000318061531288959,0.000639200847345931));
#7986=DIRECTION('',(0.000625356625977583,0.0417727979333291,0.999126940024095));
#7987=DIRECTION('',(0.000344485052331112,-0.999127085104634,0.0417725883847938));
#7988=DIRECTION('',(-0.000625356625977583,-0.0417727979333291,-0.999126940024095));
#7989=DIRECTION('',(0.000625356625977583,0.0417727979333291,0.999126940024095));
#7990=DIRECTION('',(0.000625356625977583,0.0417727979333291,0.999126940024095));
#7991=DIRECTION('',(0.,-0.999127135388893,0.0417728061013945));
#7992=DIRECTION('',(-0.000625356625978762,-0.0417727979333322,-0.999126940024095));
#7993=DIRECTION('',(0.,0.999127135388893,-0.0417728061013976));
#7994=DIRECTION('',(0.000625356625977583,0.0417727979333291,0.999126940024095));
#7995=DIRECTION('',(-0.00034448505233111,0.999127085104635,-0.0417725883847907));
#7996=DIRECTION('',(0.,0.0417725908633664,0.999127144387821));
#7997=DIRECTION('',(0.999999745129537,0.00031806153128891,-0.00063920084734711));
#7998=DIRECTION('',(-0.000625356625977583,-0.0417727979333291,-0.999126940024095));
#7999=DIRECTION('',(-0.000625356625977583,-0.0417727979333291,-0.999126940024095));
#8000=DIRECTION('',(0.,0.999127135388893,-0.0417728061013945));
#8001=DIRECTION('',(-0.000625356625978762,-0.0417727979333322,-0.999126940024095));
#8002=DIRECTION('',(0.,0.999127135388893,-0.0417728061013976));
#8003=DIRECTION('',(0.000625356625977583,0.0417727979333291,0.999126940024095));
#8004=DIRECTION('',(-0.00034448505233111,0.999127085104635,-0.0417725883847907));
#8005=DIRECTION('',(0.,0.0417725908633664,0.999127144387821));
#8006=DIRECTION('',(0.000625356625986092,0.0417727979333291,0.999126940024095));
#8007=DIRECTION('',(0.0838552328505576,-0.0415966039273378,-0.995609372427405));
#8008=DIRECTION('',(-0.00034448505233111,0.999127085104635,-0.0417725883847907));
#8009=DIRECTION('',(0.,0.0417725908633664,0.999127144387821));
#8010=DIRECTION('',(-0.000625360556169732,-0.0417727979345792,-0.999126940021583));
#8011=DIRECTION('',(-0.999999745129537,-0.00031806153128891,0.00063920084734711));
#8012=DIRECTION('',(-0.999999745129537,-0.000318061531288604,0.000639200847354434));
#8013=DIRECTION('',(0.000625356625986092,0.0417727979333291,0.999126940024095));
#8014=DIRECTION('',(0.000344485052331112,-0.999127085104634,0.0417725883847938));
#8015=DIRECTION('',(-0.000625356625986093,-0.0417727979333291,-0.999126940024095));
#8016=DIRECTION('',(0.000625356625986093,0.0417727979333291,0.999126940024095));
#8017=DIRECTION('',(0.,-0.999127135388893,0.0417728061013946));
#8018=DIRECTION('',(-0.000625356625978762,-0.0417727979333322,-0.999126940024095));
#8019=DIRECTION('',(0.,0.999127135388893,-0.0417728061013976));
#8020=DIRECTION('',(0.000625356625986093,0.0417727979333291,0.999126940024095));
#8021=DIRECTION('',(-0.00034448505233111,0.999127085104635,-0.0417725883847907));
#8022=DIRECTION('',(0.,0.0417725908633664,0.999127144387821));
#8023=DIRECTION('',(0.999999745129537,0.00031806153128891,-0.00063920084734711));
#8024=DIRECTION('',(-0.000625356625986894,-0.0417727979333291,-0.999126940024095));
#8025=DIRECTION('',(-0.000625356625986894,-0.0417727979333291,-0.999126940024095));
#8026=DIRECTION('',(0.,0.999127135388893,-0.0417728061013946));
#8027=DIRECTION('',(-0.000625356625978762,-0.0417727979333322,-0.999126940024095));
#8028=DIRECTION('',(0.,0.999127135388893,-0.0417728061013976));
#8029=DIRECTION('',(0.000625356625986894,0.0417727979333291,0.999126940024095));
#8030=DIRECTION('',(0.999999745129537,0.00031806153128857,-0.000639200847355234));
#8031=DIRECTION('',(-0.000625356625986894,-0.0417727979333291,-0.999126940024095));
#8032=DIRECTION('',(-0.000344485052331112,0.999127085104634,-0.0417725883847938));
#8033=DIRECTION('',(-0.000625356625986894,-0.0417727979333291,-0.999126940024095));
#8034=DIRECTION('',(-0.00034448505233111,0.999127085104635,-0.0417725883847907));
#8035=DIRECTION('',(0.,0.0417725908633664,0.999127144387821));
#8036=DIRECTION('',(-0.999999745129537,-0.00031806153128891,0.000639200847347109));
#8037=DIRECTION('',(-0.999999745129537,-0.00031806153128891,0.00063920084734711));
#8038=DIRECTION('',(-0.000625356625978761,-0.0417727979333291,-0.999126940024095));
#8039=DIRECTION('',(-0.000625356625978761,-0.0417727979333291,-0.999126940024095));
#8040=DIRECTION('',(0.,0.999127135388893,-0.0417728061013946));
#8041=DIRECTION('',(-0.000625356625978762,-0.0417727979333322,-0.999126940024095));
#8042=DIRECTION('',(0.,0.999127135388893,-0.0417728061013976));
#8043=DIRECTION('',(0.000625356625978761,0.0417727979333291,0.999126940024095));
#8044=DIRECTION('',(0.999999745129537,0.00031806153128891,-0.000639200847347108));
#8045=DIRECTION('',(-0.000318061466312469,0.99999994941843,2.03305210591887E-7));
#8046=DIRECTION('',(-0.000344485052331112,0.999127085104634,-0.0417725883847938));
#8047=DIRECTION('',(0.000605472545976159,0.0966374452203153,0.995319465088615));
#8048=DIRECTION('',(-0.000605472545976159,-0.0966374452203153,-0.995319465088615));
#8049=DIRECTION('',(0.,0.995319647529232,-0.0966374629338191));
#8050=DIRECTION('',(-0.000625356625978762,-0.0417727979333322,-0.999126940024095));
#8051=DIRECTION('',(0.000344485052331155,-0.999127085104634,0.0417725883847938));
#8052=DIRECTION('',(-0.000605472545976159,-0.0966374452203153,-0.995319465088615));
#8053=DIRECTION('',(0.000378343570058029,-0.995319598429647,0.0966372280127597));
#8054=DIRECTION('',(0.,-0.0966372349292732,-0.995319669666597));
#8055=DIRECTION('',(0.999999745129537,0.00031806153128891,-0.00063920084734711));
#8056=DIRECTION('',(-0.000605472545976159,-0.0966374452203153,-0.995319465088615));
#8057=DIRECTION('',(-0.000605472545976159,-0.0966374452203153,-0.995319465088615));
#8058=DIRECTION('',(0.,0.995319647529232,-0.0966374629338191));
#8059=DIRECTION('',(-0.000625356625978762,-0.0417727979333322,-0.999126940024095));
#8060=DIRECTION('',(0.000344485052331155,-0.999127085104634,0.0417725883847938));
#8061=DIRECTION('',(-0.000605472545976159,-0.0966374452203153,-0.995319465088615));
#8062=DIRECTION('',(0.999999745129537,0.00031806153128891,-0.000639200847347108));
#8063=DIRECTION('',(-0.000318061466312469,0.99999994941843,2.03305210591887E-7));
#8064=DIRECTION('',(-0.000344485052331112,0.999127085104634,-0.0417725883847938));
#8065=DIRECTION('',(-0.000625356625978761,-0.0417727979333291,-0.999126940024095));
#8066=DIRECTION('',(-0.000625356625978761,-0.0417727979333291,-0.999126940024095));
#8067=DIRECTION('',(0.,0.999127135388893,-0.0417728061013946));
#8068=DIRECTION('',(-0.000625356625978762,-0.0417727979333322,-0.999126940024095));
#8069=DIRECTION('',(0.,0.999127135388893,-0.0417728061013976));
#8070=DIRECTION('',(-0.000625356625978761,-0.0417727979333291,-0.999126940024095));
#8071=DIRECTION('',(-0.996358445976673,-0.00390457522550115,-0.0851739480314162));
#8072=DIRECTION('',(-0.0851745973073976,0.,0.99636604115833));
#8073=DIRECTION('',(-0.00264237399098051,-0.997057038972919,0.0766177452960226));
#8074=DIRECTION('',(0.0852292025166688,-0.0173199173671695,-0.996210822818527));
#8075=DIRECTION('',(-0.00396156134493364,0.999992027960401,0.000500047352399268));
#8076=DIRECTION('',(-0.996358445976673,-0.00390457522550115,-0.0851739480314162));
#8077=DIRECTION('',(0.0852627026371948,-0.0415911300955486,-0.995490054915857));
#8078=DIRECTION('',(-0.0852292025166688,0.0173199173671695,0.996210822818527));
#8079=DIRECTION('',(-0.996358445976673,-0.00390457522550115,-0.0851739480314162));
#8080=DIRECTION('',(0.0852627026371948,-0.0415911300955486,-0.995490054915857));
#8081=DIRECTION('',(0.330469990972732,0.0395394028156683,0.942987921816321));
#8082=DIRECTION('',(0.943725904092061,0.,-0.330728616762479));
#8083=DIRECTION('',(0.943667053344012,-0.0316215446399642,-0.329382103866636));
#8084=DIRECTION('',(0.0281326280954027,-0.999090816843228,0.0320327166499554));
#8085=DIRECTION('',(-0.000344485052331118,0.999127085104634,-0.0417725883847909));
#8086=DIRECTION('',(0.943332476694857,0.015935143558194,-0.331466302378577));
#8087=DIRECTION('',(-0.331508394815347,0.,-0.943452269151414));
#8088=DIRECTION('',(0.328746612974189,0.0913897560284725,0.939985945081657));
#8089=DIRECTION('',(0.0281326280954027,-0.999090816843228,0.0320327166499554));
#8090=DIRECTION('',(0.330469990972732,0.0395394028156683,0.942987921816321));
#8091=DIRECTION('',(0.943725904092061,0.,-0.330728616762479));
#8092=DIRECTION('',(-0.943667053344012,0.0316215446399642,0.329382103866636));
#8093=DIRECTION('',(-0.000344485052331118,0.999127085104634,-0.0417725883847909));
#8094=DIRECTION('',(0.943816436812017,-0.013479741662835,-0.330195139528388));
#8095=DIRECTION('',(-0.330225142412756,0.,-0.943902195843656));
#8096=DIRECTION('',(-0.33000661142871,-0.0913477544643237,-0.939548415020571));
#8097=DIRECTION('',(-0.00938551892665197,-0.999858077780141,0.0139905801266147));
#8098=DIRECTION('',(-0.000344485052331118,0.999127085104634,-0.0417725883847909));
#8099=DIRECTION('',(-0.330521450805753,-0.010102850211381,-0.943744405533016));
#8100=DIRECTION('',(-0.942642331261313,0.0530130998555117,0.329567969557033));
#8101=DIRECTION('',(0.943424371725708,-0.0316884395028058,-0.330070140479005));
#8102=DIRECTION('',(-0.00938551892665197,-0.999858077780141,0.0139905801266147));
#8103=DIRECTION('',(0.943816436812017,-0.013479741662835,-0.330195139528388));
#8104=DIRECTION('',(-0.330225142412756,0.,-0.943902195843656));
#8105=DIRECTION('',(0.33000661142871,0.0913477544643237,0.939548415020571));
#8106=DIRECTION('',(-0.000344485052331118,0.999127085104634,-0.0417725883847909));
#8107=DIRECTION('',(-0.000344485052331118,0.999127085104634,-0.0417725883847909));
#8108=DIRECTION('',(0.,0.0417725908633666,0.999127144387821));
#8109=DIRECTION('',(-0.000344485052331118,0.999127085104634,-0.0417725883847909));
#8110=DIRECTION('',(0.000378343570058029,-0.995319598429647,0.0966372280127597));
#8111=DIRECTION('',(0.000605472545976019,0.0966374452203153,0.995319465088615));
#8112=DIRECTION('',(0.000378343570058029,-0.995319598429647,0.0966372280127597));
#8113=DIRECTION('',(0.000605472545976019,0.0966374452203153,0.995319465088615));
#8114=DIRECTION('',(0.000378343570058029,-0.995319598429647,0.0966372280127597));
#8115=DIRECTION('',(0.000605472545976019,0.0966374452203153,0.995319465088615));
#8116=DIRECTION('',(-0.000344485052331118,0.999127085104634,-0.0417725883847909));
#8117=DIRECTION('',(0.330469990972723,0.0395394028156684,0.942987921816324));
#8118=DIRECTION('',(0.943725904092064,0.,-0.33072861676247));
#8119=DIRECTION('',(0.943667053344016,-0.0316215446399634,-0.329382103866627));
#8120=DIRECTION('',(0.0274439566755787,0.998297062913973,-0.051476241309211));
#8121=DIRECTION('',(-0.943352761679947,0.0428984049100448,0.329006525599405));
#8122=DIRECTION('',(0.331481163517929,0.0789802826741961,0.940150175866337));
#8123=DIRECTION('',(-0.331633250991322,-0.0912932613037478,-0.938980791751063));
#8124=DIRECTION('',(0.0274439566755787,0.998297062913973,-0.051476241309211));
#8125=DIRECTION('',(0.330469990972723,0.0395394028156684,0.942987921816324));
#8126=DIRECTION('',(0.943725904092064,0.,-0.33072861676247));
#8127=DIRECTION('',(-0.943667053344016,0.0316215446399634,0.329382103866627));
#8128=DIRECTION('',(-0.999999745129537,-0.00031806153128891,0.000639200847347108));
#8129=DIRECTION('',(0.000639200879678892,0.,0.999999795711097));
#8130=DIRECTION('',(-0.999999745129537,-0.00031806153128891,0.000639200847347108));
#8131=DIRECTION('',(-0.00034448505233111,0.999127085104634,-0.0417725883847908));
#8132=DIRECTION('',(0.,0.0417725908633666,0.999127144387821));
#8133=DIRECTION('',(-0.99923871717747,0.0389996900112798,-0.00100512315037567));
#8134=DIRECTION('',(0.039007627749117,0.998365693286706,-0.0417653857343733));
#8135=DIRECTION('',(0.000344485052330979,-0.999127085104635,0.0417725883847878));
#8136=DIRECTION('',(0.,-0.0417725908633635,-0.999127144387821));
#8137=DIRECTION('',(0.999378549948945,0.0351869001887851,-0.00209665377405142));
#8138=DIRECTION('',(-0.0352437630089938,0.998507343692537,-0.0417248338647402));
#8139=DIRECTION('',(-0.000344485052331109,0.999127085104635,-0.0417725883847909));
#8140=DIRECTION('',(0.,0.0417725908633666,0.999127144387821));
#8141=DIRECTION('',(0.999999745129537,0.00031806153128891,-0.000639200847347108));
#8142=DIRECTION('',(-0.000639200879678892,0.,-0.999999795711097));
#8143=DIRECTION('',(0.999999745129537,0.00031806153128891,-0.000639200847347108));
#8144=DIRECTION('',(-0.000639200879678892,0.,-0.999999795711097));
#8145=DIRECTION('',(0.999999745129537,0.00031806153128891,-0.000639200847347108));
#8146=DIRECTION('',(-0.00034448505233111,0.999127085104635,-0.0417725883847907));
#8147=DIRECTION('',(0.,0.0417725908633664,0.999127144387821));
#8148=DIRECTION('',(-0.999999745129537,-0.00031806153128891,0.00063920084734711));
#8149=DIRECTION('',(0.000378343570058029,-0.995319598429647,0.0966372280127597));
#8150=DIRECTION('',(0.,-0.0966372349292732,-0.995319669666597));
#8151=DIRECTION('',(0.999999745129537,0.00031806153128891,-0.000639200847347109));
#8152=DIRECTION('',(0.999999745129537,0.00031806153128891,-0.000639200847347109));
#8153=DIRECTION('',(-0.999999745129537,-0.00031806153128891,0.000639200847347109));
#8154=DIRECTION('',(-0.999999745129537,-0.000318061531288909,0.000639200847347109));
#8155=DIRECTION('',(0.000378343570058029,-0.995319598429647,0.0966372280127597));
#8156=DIRECTION('',(0.000605472545976158,0.0966374452203153,0.995319465088615));
#8157=DIRECTION('',(-0.999983800427285,-0.000925409592025393,-0.00561627101299036));
#8158=DIRECTION('',(-0.95951431788842,0.0268574799271458,0.280376442553725));
#8159=DIRECTION('',(-0.263822006442692,-0.0933128588443002,-0.960047217219474));
#8160=DIRECTION('',(0.959514317888423,-0.026857479927145,-0.280376442553717));
#8161=DIRECTION('',(-0.2638220064427,-0.0933128588443,-0.960047217219472));
#8162=DIRECTION('',(-0.95951431788842,0.0268574799271459,0.280376442553727));
#8163=DIRECTION('',(-0.263822006442699,-0.0933128588443,-0.960047217219472));
#8164=DIRECTION('',(0.95951431788842,-0.0268574799271459,-0.280376442553726));
#8165=DIRECTION('',(0.999983800427285,0.000925409592025636,0.00561627101299286));
#8166=DIRECTION('',(0.966910309548329,-0.0103240746851981,-0.254907565150683));
#8167=DIRECTION('',(-0.254921151091655,0.,-0.966961843469589));
#8168=DIRECTION('',(-0.0132242376117127,-0.999865834020324,-0.00966610047693799));
#8169=DIRECTION('',(0.254982591069574,0.00673298032725158,0.966922202262084));
#8170=DIRECTION('',(0.00425952730092942,0.999694864970777,-0.0243317360299985));
#8171=DIRECTION('',(0.966910309548329,-0.0103240746851981,-0.254907565150683));
#8172=DIRECTION('',(-0.2551163158624,-0.0404781582116936,-0.966062722647233));
#8173=DIRECTION('',(-0.254982591069574,-0.00673298032725157,-0.966922202262084));
#8174=DIRECTION('',(0.966910309548329,-0.0103240746851981,-0.254907565150683));
#8175=DIRECTION('',(-0.2551163158624,-0.0404781582116936,-0.966062722647233));
#8176=DIRECTION('',(0.00034448505233111,-0.999127085104635,0.0417725883847907));
#8177=DIRECTION('',(0.00034448505233111,-0.999127085104635,0.0417725883847907));
#8178=DIRECTION('',(0.00034448505233111,-0.999127085104635,0.0417725883847907));
#8179=DIRECTION('',(0.999999745129537,0.000318061531288959,-0.000639200847345931));
#8180=DIRECTION('',(-0.000625356625977583,-0.0417727979333291,-0.999126940024095));
#8181=DIRECTION('',(-0.000344485052331112,0.999127085104634,-0.0417725883847938));
#8182=DIRECTION('',(-0.000625356625977583,-0.0417727979333291,-0.999126940024095));
#8183=DIRECTION('',(0.000373560961926942,-0.996050160864436,0.0887915395414418));
#8184=DIRECTION('',(0.000373560952860205,-0.996050162187582,0.0887915246986245));
#8185=DIRECTION('',(0.000338362413128072,-0.999487339341004,0.032014746725804));
#8186=DIRECTION('',(0.000335720131321108,-0.999612933540199,0.0278185260420383));
#8187=DIRECTION('',(0.999999745129537,0.00031806153128891,-0.000639200847347108));
#8188=DIRECTION('',(-0.000639200879678892,0.,-0.999999795711097));
#8189=DIRECTION('',(0.999999745129537,0.00031806153128891,-0.000639200847347108));
#8190=DIRECTION('',(0.996477887990309,0.0038458226725391,0.0837677049604673));
#8191=DIRECTION('',(0.0838552328505576,-0.0415966039273376,-0.995609372427405));
#8192=DIRECTION('',(0.000335720131321159,-0.999612933540199,0.0278185260420388));
#8193=DIRECTION('',(0.000335720131321159,-0.999612933540199,0.0278185260420388));
#8194=DIRECTION('',(-0.996403288043787,-0.00269164448553347,-0.0846949976415013));
#8195=DIRECTION('',(-0.084737092630818,0.0276900370010887,0.99601851738979));
#8196=DIRECTION('',(-0.084737092630818,0.0276900370010887,0.99601851738979));
#8197=DIRECTION('',(0.000338578394902417,-0.999476280841712,0.0323581427076767));
#8198=DIRECTION('',(0.662142019151812,0.0244725622489981,0.748978664696485));
#8199=DIRECTION('',(0.996477887990309,0.0038458226725391,0.0837677049604673));
#8200=DIRECTION('',(0.0837683395725008,-3.94769667553129E-6,-0.996485255921874));
#8201=DIRECTION('',(-0.0838423247314508,0.0276924428356903,0.996094168838177));
#8202=DIRECTION('',(-0.00034448505233109,0.999127085104635,-0.0417725883847907));
#8203=DIRECTION('',(-0.0838483044415615,0.0322158219720661,0.995957630954721));
#8204=DIRECTION('',(0.996477887990309,0.0038458226725391,0.0837677049604673));
#8205=DIRECTION('',(-0.0838552328505576,0.0415966039273376,0.995609372427405));
#8206=DIRECTION('',(0.00034448505233108,-0.999127085104635,0.0417725883847909));
#8207=DIRECTION('',(-0.00034448505233111,0.999127085104634,-0.0417725883847908));
#8208=DIRECTION('',(0.,0.0417725908633666,0.999127144387821));
#8209=DIRECTION('',(-0.00034448505233111,0.999127085104634,-0.0417725883847908));
#8210=DIRECTION('',(0.999999745127079,0.000318061367113795,-0.000639204774107787));
#8211=DIRECTION('',(-0.000639204806439736,0.,-0.999999795708587));
#8212=DIRECTION('',(-0.000344485052331112,0.999127085104634,-0.0417725883847938));
#8213=DIRECTION('',(-0.000625356625978762,-0.0417727979333322,-0.999126940024095));
#8214=DIRECTION('',(-0.999999557844304,0.000727820687226039,0.000595473126728316));
#8215=DIRECTION('',(0.000344485052331112,-0.999127085104635,0.0417725883847938));
#8216=DIRECTION('',(-0.999999745129537,-0.00031806153128891,0.00063920084734711));
#8217=DIRECTION('',(-0.999999745152448,-0.00031806306173415,0.00063916424196883));
#8218=DIRECTION('',(0.000639164274299074,0.,0.999999795734494));
#8219=DIRECTION('',(-0.000625319988623203,-0.0417727979216762,-0.999126940047513));
#8220=DIRECTION('',(-0.00034448505233111,0.999127085104635,-0.0417725883847907));
#8221=DIRECTION('',(0.,0.0417725908633664,0.999127144387821));
#8222=DIRECTION('',(0.999999745129537,0.00031806153128891,-0.000639200847347108));
#8223=DIRECTION('',(0.999999745129537,0.00031806153128891,-0.000639200847347108));
#8224=DIRECTION('',(-0.000639200879678892,0.,-0.999999795711097));
#8225=DIRECTION('',(0.999999745129537,0.00031806153128891,-0.000639200847347108));
#8226=DIRECTION('',(-0.000373560952860205,0.996050162187582,-0.0887915246986245));
#8227=DIRECTION('',(0.,0.0887915308939555,0.996050231685886));
#8228=DIRECTION('',(0.999999745129537,0.00031806153128891,-0.000639200847347108));
#8229=DIRECTION('',(0.999999745129537,0.00031806153128891,-0.000639200847347108));
#8230=DIRECTION('',(-0.000639200879678892,0.,-0.999999795711097));
#8231=DIRECTION('',(0.999999745129537,0.00031806153128891,-0.000639200847347108));
#8232=DIRECTION('',(-0.000335720131321159,0.999612933540199,-0.0278185260420388));
#8233=DIRECTION('',(0.,0.0278185276097242,0.999612989872394));
#8234=DIRECTION('',(-0.000335720131321159,0.999612933540199,-0.0278185260420388));
#8235=DIRECTION('',(-0.000630105431145494,-0.0278187335445106,-0.999612785548047));
#8236=DIRECTION('',(-0.000344485052331091,0.999127085104634,-0.0417725883847907));
#8237=DIRECTION('',(0.,0.0417725908633664,0.999127144387821));
#8238=DIRECTION('',(0.000338578394902417,-0.999476280841712,0.0323581427076767));
#8239=DIRECTION('',(-0.000628574205196023,-0.0323583508801388,-0.999476133793492));
#8240=DIRECTION('',(0.000338578394902417,-0.999476280841712,0.0323581427076767));
#8241=DIRECTION('',(0.,-0.03235814456237,-0.999476338129363));
#8242=DIRECTION('',(-0.999999745129537,-0.00031806153128891,0.000639200847347108));
#8243=DIRECTION('',(-0.999999745129537,-0.00031806153128891,0.000639200847347108));
#8244=DIRECTION('',(0.000639200879678892,0.,0.999999795711097));
#8245=DIRECTION('',(-0.964425819202676,0.00822762352889291,0.264225557935479));
#8246=DIRECTION('',(0.26423450160413,0.,0.964458463678979));
#8247=DIRECTION('',(0.000338578394902418,-0.999476280841712,0.0323581427076767));
#8248=DIRECTION('',(0.000338578394902418,-0.999476280841712,0.0323581427076767));
#8249=DIRECTION('',(0.264353408564972,0.0312964893540262,0.963917945228843));
#8250=DIRECTION('',(0.000338578394902417,-0.999476280841712,0.0323581427076767));
#8251=DIRECTION('',(0.,-0.0323581445623701,-0.999476338129363));
#8252=DIRECTION('',(-0.999984019280189,-0.000521001613589786,-0.00562936422318455));
#8253=DIRECTION('',(0.999984019280189,0.000521001613589867,0.00562936422318706));
#8254=DIRECTION('',(-0.704320756938014,-0.0232088018495421,-0.709502376925527));
#8255=DIRECTION('',(0.00222120313647739,-0.0323573130812566,-0.999473896881148));
#8256=DIRECTION('',(0.999931273111526,0.000717582224972865,0.011701885716121));
#8257=DIRECTION('',(0.000338578394902417,-0.999476280841712,0.0323581427076767));
#8258=DIRECTION('',(0.,-0.0323581445623701,-0.999476338129363));
#8259=DIRECTION('',(-0.999931273111526,-0.000717582224972786,-0.0117018857161186));
#8260=DIRECTION('',(0.00222120313647739,-0.0323573130812566,-0.999473896881148));
#8261=DIRECTION('',(0.709881790660202,-0.0225502893890202,-0.703959748662902));
#8262=DIRECTION('',(0.00564327466185536,-0.0323557196201615,-0.9994604848912));
#8263=DIRECTION('',(0.999984019280189,0.000521001613589786,0.00562936422318455));
#8264=DIRECTION('',(-0.999984019280189,-0.000521001613589786,-0.00562936422318455));
#8265=DIRECTION('',(0.000338578394902417,-0.999476280841712,0.0323581427076767));
#8266=DIRECTION('',(-0.00564327466185536,0.0323557196201615,0.9994604848912));
#8267=DIRECTION('',(0.,-0.999476399954938,0.0323562348414712));
#8268=DIRECTION('',(0.000338578394902418,-0.999476280841712,0.0323581427076767));
#8269=DIRECTION('',(0.999984019280189,0.000521001613589786,0.00562936422318455));
#8270=DIRECTION('',(-0.000338578394902418,0.999476280841712,-0.0323581427076767));
#8271=DIRECTION('',(0.999984019280189,0.000521001613589784,0.0056293642231845));
#8272=DIRECTION('',(0.000338578394902418,-0.999476280841712,0.0323581427076767));
#8273=DIRECTION('',(0.999984019280189,0.000521001613589786,0.00562936422318455));
#8274=DIRECTION('',(-0.281144697635764,-0.0311481309172704,-0.959159764028733));
#8275=DIRECTION('',(-0.959625394181649,0.,0.281281181101252));
#8276=DIRECTION('',(0.000338578394902418,-0.999476280841712,0.0323581427076767));
#8277=DIRECTION('',(0.000338578394902418,-0.999476280841712,0.0323581427076767));
#8278=DIRECTION('',(-0.959665329349751,0.00877256947424485,0.281008002855531));
#8279=DIRECTION('',(-0.964425819202676,0.00822762352889288,0.264225557935478));
#8280=DIRECTION('',(0.264234501604129,0.,0.96445846367898));
#8281=DIRECTION('',(0.000338578394902418,-0.999476280841712,0.0323581427076767));
#8282=DIRECTION('',(0.264353408564971,0.0312964893540262,0.963917945228843));
#8283=DIRECTION('',(-0.964425819202678,0.00822762352889264,0.264225557935471));
#8284=DIRECTION('',(0.264234501604121,0.,0.964458463678982));
#8285=DIRECTION('',(0.000338578394902418,-0.999476280841712,0.0323581427076767));
#8286=DIRECTION('',(0.000338578394902418,-0.999476280841712,0.0323581427076767));
#8287=DIRECTION('',(0.264353408564964,0.0312964893540263,0.963917945228845));
#8288=DIRECTION('',(0.281144697635763,0.0311481309172704,0.959159764028734));
#8289=DIRECTION('',(0.959625394181649,0.,-0.281281181101251));
#8290=DIRECTION('',(0.959665329349751,-0.00877256947424481,-0.28100800285553));
#8291=DIRECTION('',(-0.00564327466185786,0.0323557196201615,0.9994604848912));
#8292=DIRECTION('',(-0.999984019280189,-0.000521001613589867,-0.00562936422318706));
#8293=DIRECTION('',(0.999984019280189,0.000521001613589867,0.00562936422318706));
#8294=DIRECTION('',(0.000338578394902422,-0.999476280841712,0.0323581427076767));
#8295=DIRECTION('',(0.000338578394902417,-0.999476280841712,0.0323581427076767));
#8296=DIRECTION('',(0.,-0.0323581445623701,-0.999476338129363));
#8297=DIRECTION('',(-0.999984019280189,-0.000521001613589867,-0.00562936422318706));
#8298=DIRECTION('',(-0.704320756938014,-0.0232088018495421,-0.709502376925527));
#8299=DIRECTION('',(0.000338578394902417,-0.999476280841712,0.0323581427076767));
#8300=DIRECTION('',(0.,-0.0323581445623701,-0.999476338129363));
#8301=DIRECTION('',(0.709881790660202,-0.0225502893890202,-0.703959748662902));
#8302=DIRECTION('',(0.00564327466185786,-0.0323557196201615,-0.9994604848912));
#8303=DIRECTION('',(0.,0.999476399954938,-0.0323562348414712));
#8304=DIRECTION('',(-0.999984019280189,-0.000521001613589867,-0.00562936422318706));
#8305=DIRECTION('',(0.000338578394902418,-0.999476280841712,0.0323581427076767));
#8306=DIRECTION('',(-0.999984019280189,-0.000521001613589859,-0.00562936422318682));
#8307=DIRECTION('',(0.000338578394902418,-0.999476280841712,0.0323581427076767));
#8308=DIRECTION('',(0.281144697635765,0.0311481309172704,0.959159764028733));
#8309=DIRECTION('',(0.959625394181648,0.,-0.281281181101253));
#8310=DIRECTION('',(0.959665329349751,-0.00877256947424487,-0.281008002855532));
#8311=DIRECTION('',(-0.281144697635755,-0.0311481309172704,-0.959159764028736));
#8312=DIRECTION('',(-0.959625394181651,0.,0.281281181101243));
#8313=DIRECTION('',(-0.959665329349753,0.00877256947424454,0.281008002855522));
#8314=DIRECTION('',(-0.0117189768424201,0.0323519568275285,0.999407832904664));
#8315=DIRECTION('',(0.,-0.999476466520718,0.0323541785749577));
#8316=DIRECTION('',(0.000338578394902418,-0.999476280841712,0.0323581427076767));
#8317=DIRECTION('',(-0.999931273111526,-0.000717582224972786,-0.0117018857161186));
#8318=DIRECTION('',(0.000338578394902418,-0.999476280841712,0.0323581427076767));
#8319=DIRECTION('',(0.999931273111526,0.000717582224972752,0.0117018857161176));
#8320=DIRECTION('',(0.000338578394902418,-0.999476280841712,0.0323581427076767));
#8321=DIRECTION('',(0.0117189768424231,-0.0323519568275285,-0.999407832904664));
#8322=DIRECTION('',(0.,0.999476466520718,-0.0323541785749577));
#8323=DIRECTION('',(0.999931273111526,0.000717582224972865,0.011701885716121));
#8324=DIRECTION('',(0.000338578394902418,-0.999476280841712,0.0323581427076767));
#8325=DIRECTION('',(0.000338578394902418,-0.999476280841712,0.0323581427076767));
#8326=DIRECTION('',(-0.999931273111526,-0.000717582224972851,-0.0117018857161206));
#8327=DIRECTION('',(0.000338578394902418,-0.999476280841712,0.0323581427076767));
#8328=DIRECTION('',(0.000338578394902417,-0.999476280841712,0.0323581427076767));
#8329=DIRECTION('',(0.,-0.0323581445623701,-0.999476338129363));
#8330=DIRECTION('',(0.000338578394902417,-0.999476280841712,0.0323581427076767));
#8331=DIRECTION('',(0.,-0.0323581445623701,-0.999476338129363));
#8332=DIRECTION('',(0.000338578394902417,-0.999476280841712,0.0323581427076767));
#8333=DIRECTION('',(0.,-0.0323581445623701,-0.999476338129363));
#8334=DIRECTION('',(0.999997475807463,0.000410274275825758,0.00220908436271396));
#8335=DIRECTION('',(0.00220908454863602,0.,-0.999997559969751));
#8336=DIRECTION('',(-0.000338578394902418,0.999476280841712,-0.0323581427076767));
#8337=DIRECTION('',(0.00222120313647883,-0.0323573130812566,-0.999473896881148));
#8338=DIRECTION('',(0.999997475807463,0.000410274275825758,0.00220908436271396));
#8339=DIRECTION('',(0.00220908454863602,0.,-0.999997559969751));
#8340=DIRECTION('',(-0.00222120313647719,0.0323573130812566,0.999473896881148));
#8341=DIRECTION('',(0.000338578394902418,-0.999476280841712,0.0323581427076767));
#8342=DIRECTION('',(0.000338578394902417,-0.999476280841712,0.0323581427076767));
#8343=DIRECTION('',(0.,-0.0323581445623701,-0.999476338129363));
#8344=DIRECTION('',(0.000338578394902417,-0.999476280841712,0.0323581427076767));
#8345=DIRECTION('',(0.,-0.0323581445623701,-0.999476338129363));
#8346=DIRECTION('',(0.000338578394902418,-0.999476280841712,0.0323581427076767));
#8347=DIRECTION('',(0.,-0.03235814456237,-0.999476338129363));
#8348=DIRECTION('',(0.000338578394902417,-0.999476280841712,0.0323581427076767));
#8349=DIRECTION('',(0.,-0.0323581445623701,-0.999476338129363));
#8350=DIRECTION('',(0.000338578394902418,-0.999476280841712,0.0323581427076767));
#8351=DIRECTION('',(0.,-0.03235814456237,-0.999476338129363));
#8352=DIRECTION('',(0.000338578394902417,-0.999476280841712,0.0323581427076767));
#8353=DIRECTION('',(0.,-0.0323581445623701,-0.999476338129363));
#8354=DIRECTION('',(0.000338578394902417,-0.999476280841712,0.0323581427076767));
#8355=DIRECTION('',(0.,-0.0323581445623701,-0.999476338129363));
#8356=DIRECTION('',(-0.709881790660202,0.0225502893890202,0.703959748662902));
#8357=DIRECTION('',(0.704320756938014,0.0232088018495421,0.709502376925527));
#8358=DIRECTION('',(0.000338578394902418,-0.999476280841712,0.0323581427076767));
#8359=DIRECTION('',(0.,-0.03235814456237,-0.999476338129363));
#8360=DIRECTION('',(0.704320756938013,0.0232088018495421,0.709502376925527));
#8361=DIRECTION('',(0.000338578394902418,-0.999476280841712,0.0323581427076767));
#8362=DIRECTION('',(0.709881790660201,-0.0225502893890202,-0.703959748662903));
#8363=DIRECTION('',(0.000338578394902418,-0.999476280841712,0.0323581427076767));
#8364=DIRECTION('',(-0.00034448505233111,0.999127085104635,-0.0417725883847908));
#8365=DIRECTION('',(0.,0.0417725908633666,0.999127144387821));
#8366=DIRECTION('',(0.000344485052331117,-0.999127085104634,0.0417725883847908));
#8367=DIRECTION('',(0.999999745129537,0.000318061531288896,-0.000639200847347189));
#8368=DIRECTION('',(0.000344485052331117,-0.999127085104634,0.0417725883847908));
#8369=DIRECTION('',(0.,-0.0417725908633666,-0.999127144387821));
#8370=DIRECTION('',(-0.00034448505233111,0.999127085104635,-0.0417725883847908));
#8371=DIRECTION('',(0.,0.0417725908633666,0.999127144387821));
#8372=DIRECTION('',(0.000344485052331117,-0.999127085104634,0.0417725883847908));
#8373=DIRECTION('',(0.999999745129537,0.000318061531288896,-0.000639200847347189));
#8374=DIRECTION('',(0.000344485052331117,-0.999127085104634,0.0417725883847908));
#8375=DIRECTION('',(0.,-0.0417725908633666,-0.999127144387821));
#8376=DIRECTION('',(-0.000344485052331109,0.999127085104635,-0.0417725883847909));
#8377=DIRECTION('',(0.000322450569838668,-0.999976293503628,0.00687811430384955));
#8378=DIRECTION('',(0.000636998030566678,0.00687831866149884,0.999976141198329));
#8379=DIRECTION('',(0.999999745129537,0.000318061531288909,-0.000639200847347109));
#8380=DIRECTION('',(0.999999745129537,0.000318061531288909,-0.000639200847347109));
#8381=DIRECTION('',(-0.999999745129537,-0.000318061531288909,0.000639200847347109));
#8382=DIRECTION('',(0.000625356625978761,0.0417727979333293,0.999126940024095));
#8383=DIRECTION('',(0.999999745129537,0.000318061531288909,-0.000639200847347109));
#8384=DIRECTION('',(-0.999999745129537,-0.000318061531288909,0.000639200847347109));
#8385=DIRECTION('',(0.000625356625978761,0.0417727979333293,0.999126940024095));
#8386=DIRECTION('',(0.999999745129537,0.000318061531288909,-0.000639200847347109));
#8387=DIRECTION('',(0.000625356625978761,0.0417727979333293,0.999126940024095));
#8388=DIRECTION('',(-0.000344485052331109,0.999127085104635,-0.0417725883847909));
#8389=DIRECTION('',(-0.000636998030566678,-0.00687831866149766,-0.999976141198329));
#8390=DIRECTION('',(0.000322450569838667,-0.999976293503628,0.00687811430384837));
#8391=DIRECTION('',(0.000642248343830948,-0.00967543739035163,0.999952985609009));
#8392=DIRECTION('',(-0.000311862030041351,0.999953141276214,0.00967563919886013));
#8393=DIRECTION('',(0.711290843814759,-0.702860343207194,-0.00725764782517694));
#8394=DIRECTION('',(-0.000631273474280495,-0.0243292637621232,-0.999703800342178));
#8395=DIRECTION('',(0.000333518607584255,-0.999703949057748,0.0243290567775046));
#8396=DIRECTION('',(-0.714387955208494,0.699553548084849,-0.0165735577027373));
#8397=DIRECTION('',(-0.999999745129537,-0.000318061531288909,0.000639200847347109));
#8398=DIRECTION('',(0.000625356625978761,0.0417727979333293,0.999126940024095));
#8399=DIRECTION('',(-0.999999745129537,-0.000318061531288909,0.000639200847347109));
#8400=DIRECTION('',(0.000639359041976219,-0.00049751829447691,0.999999671847728));
#8401=DIRECTION('',(-0.000317743412800894,0.99999982565619,0.000497721523190123));
#8402=DIRECTION('',(0.706106120365346,0.708106020981293,-9.91596653223573E-5));
#8403=DIRECTION('',(-0.999999745129537,-0.000318061531288909,0.000639200847347109));
#8404=DIRECTION('',(-0.000612953320670893,-0.0766163834854854,-0.997060456577149));
#8405=DIRECTION('',(0.000366099832851139,-0.997060594256171,0.0766161690013605));
#8406=DIRECTION('',(-0.707858376496557,-0.704244783542765,0.0545509273657518));
#8407=DIRECTION('',(-0.999999745129537,-0.000318061531288909,0.000639200847347109));
#8408=DIRECTION('',(-0.000634982454995205,-0.0130907186828006,-0.999914111252387));
#8409=DIRECTION('',(0.000326401811856751,-0.999914262285137,0.0130905133828711));
#8410=DIRECTION('',(0.000625356625978761,0.0417727979333293,0.999126940024095));
#8411=DIRECTION('',(-0.000344485052331109,0.999127085104635,-0.0417725883847909));
#8412=DIRECTION('',(0.999999745129537,0.000318061531288909,-0.000639200847347109));
#8413=DIRECTION('',(-0.000625356625978761,-0.0417727979333293,-0.999126940024095));
#8414=DIRECTION('',(-0.999999745129537,-0.000318061531288909,0.000639200847347109));
#8415=DIRECTION('',(0.000329142712742867,-0.999848357336342,0.0174113180688126));
#8416=DIRECTION('',(0.00063356604674128,0.0174115240194828,0.999848207192164));
#8417=DIRECTION('',(-0.999999745129537,-0.000318061531288909,0.000639200847347109));
#8418=DIRECTION('',(0.999999745129537,0.000318061531288909,-0.000639200847347109));
#8419=DIRECTION('',(-0.000625356625978761,-0.0417727979333293,-0.999126940024095));
#8420=DIRECTION('',(-0.00032965403622037,0.9998339765517,-0.018218415436889));
#8421=DIRECTION('',(-0.000633300147906762,-0.0182186215086923,-0.999833826573819));
#8422=DIRECTION('',(0.999999745129537,0.000318061531288909,-0.000639200847347109));
#8423=DIRECTION('',(0.999999745129537,0.000318061531288909,-0.000639200847347109));
#8424=DIRECTION('',(0.999999745129537,0.000318061531288909,-0.000639200847347109));
#8425=DIRECTION('',(-0.000625356625978761,-0.0417727979333293,-0.999126940024095));
#8426=DIRECTION('',(-0.999999745129537,-0.000318061531288909,0.000639200847347109));
#8427=DIRECTION('',(0.999999745129537,0.000318061531288909,-0.000639200847347109));
#8428=DIRECTION('',(-0.000625356625978761,-0.0417727979333293,-0.999126940024095));
#8429=DIRECTION('',(-0.999999745129537,-0.000318061531288909,0.000639200847347109));
#8430=DIRECTION('',(-0.00062535662597876,-0.0417727979333334,-0.999126940024095));
#8431=DIRECTION('',(0.000344485052331111,-0.999127085104634,0.041772588384795));
#8432=DIRECTION('',(0.000629303509272129,0.0302010633021265,0.999543645746655));
#8433=DIRECTION('',(-0.000337220927809782,0.99954379324384,-0.0302008554475298));
#8434=DIRECTION('',(-0.000644218910988203,0.0160353144367169,-0.999871218544124));
#8435=DIRECTION('',(0.000307770784286424,-0.999871375491757,-0.0160355152510422));
#8436=DIRECTION('',(-0.705510746405104,-0.708615243717306,-0.0109097698589639));
#8437=DIRECTION('',(0.000619249287990788,0.0592036077056243,0.99824573596132));
#8438=DIRECTION('',(-0.000355346563593922,0.998245877362637,-0.0592033956569966));
#8439=DIRECTION('',(0.707683439797505,0.705264266960218,-0.0422665681767157));
#8440=DIRECTION('',(-0.000344485052331109,0.999127085104635,-0.0417725883847909));
#8441=DIRECTION('',(-0.000625356625978761,-0.0417727979333293,-0.999126940024095));
#8442=DIRECTION('',(0.000625356625978761,0.0417727979333293,0.999126940024095));
#8443=DIRECTION('',(0.000625356625978761,0.0417727979333293,0.999126940024095));
#8444=DIRECTION('',(0.000625356625978761,0.0417727979333293,0.999126940024095));
#8445=DIRECTION('',(-0.000344485052331109,0.999127085104635,-0.0417725883847909));
#8446=DIRECTION('',(-0.000625356625978761,-0.0417727979333293,-0.999126940024095));
#8447=DIRECTION('',(0.000625356625978761,0.0417727979333292,0.999126940024095));
#8448=DIRECTION('',(-0.000344485052331109,0.999127085104635,-0.0417725883847909));
#8449=DIRECTION('',(-0.000625356625978761,-0.0417727979333293,-0.999126940024095));
#8450=DIRECTION('',(-0.999999745129537,-0.000318061531285248,0.000639200847346956));
#8451=DIRECTION('',(0.000344485052327445,-0.999127085104635,0.0417725883847909));
#8452=DIRECTION('',(-0.000344485052331109,0.999127085104635,-0.0417725883847909));
#8453=DIRECTION('',(0.999402594658841,-0.034551164635195,0.000819030847128582));
#8454=DIRECTION('',(0.0345552126063094,0.998529544067262,-0.0417694494404686));
#8455=DIRECTION('',(0.999378549948945,0.0351869001887851,-0.00209665377405142));
#8456=DIRECTION('',(-0.0352437630089937,0.998507343692537,-0.0417248338647402));
#8457=DIRECTION('',(-0.99923871717747,0.0389996900112798,-0.00100512315037567));
#8458=DIRECTION('',(-0.039007627749117,-0.998365693286707,0.0417653857343733));
#8459=DIRECTION('',(-0.999999745129537,-0.000318061531288909,0.000639200847347109));
#8460=DIRECTION('',(0.000625356625978761,0.0417727979333293,0.999126940024095));
#8461=DIRECTION('',(-0.999999745129537,-0.000318061531288909,0.000639200847347109));
#8462=DIRECTION('',(0.999999745129537,0.000318061531288909,-0.000639200847347109));
#8463=DIRECTION('',(-0.000324162849395055,0.999954174036415,-0.00956790183890452));
#8464=DIRECTION('',(-0.000636128373842251,-0.00956810660549696,-0.999954022281364));
#8465=DIRECTION('',(-0.999999745129537,-0.000318061531288909,0.000639200847347109));
#8466=DIRECTION('',(-0.999999745129537,-0.000318061531288909,0.000639200847347109));
#8467=DIRECTION('',(0.000625356625978761,0.0417727979333293,0.999126940024095));
#8468=DIRECTION('',(0.999999745129537,0.000318061531288909,-0.000639200847347109));
#8469=DIRECTION('',(-0.000631273474280495,-0.024329263762123,-0.999703800342178));
#8470=DIRECTION('',(0.000333518607584255,-0.999703949057748,0.0243290567775044));
#8471=DIRECTION('',(0.000639771229889334,-0.00179645027224759,0.999998181727944));
#8472=DIRECTION('',(-0.000316912660430276,0.999998335800256,0.00179665330100252));
#8473=DIRECTION('',(-0.000641177265611718,0.00625314005682471,-0.99998024337041));
#8474=DIRECTION('',(0.000314058235042145,-0.999980398346034,-0.00625334239690693));
#8475=DIRECTION('',(-0.711848182829453,0.702316637671289,0.00484820095510449));
#8476=DIRECTION('',(0.000632866091528135,0.0195334290680856,0.999809004074955));
#8477=DIRECTION('',(-0.000330486567244434,0.999809153781713,-0.0195332227992333));
#8478=DIRECTION('',(0.714225539192999,-0.6997907653602,0.0132198290856913));
#8479=DIRECTION('',(0.689553985977511,0.699752844257816,-0.186711695872602));
#8480=DIRECTION('',(-0.254982591069574,-0.00673298032725158,-0.966922202262084));
#8481=DIRECTION('',(0.689084918078422,0.699738066158576,-0.188490356372707));
#8482=DIRECTION('',(-0.255003232894737,-0.00933424816928545,-0.966895145827275));
#8483=DIRECTION('',(-0.000344485052330979,0.999127085104635,-0.0417725883847878));
#8484=DIRECTION('',(0.,0.0417725908633635,0.999127144387821));
#8485=DIRECTION('',(-0.706190706167286,0.70422429355274,-0.0732313518453327));
#8486=DIRECTION('',(-0.0852311168654562,0.0181240312708077,0.996196354243661));
#8487=DIRECTION('',(-0.706239175543691,0.704234371828406,-0.0726648227330026));
#8488=DIRECTION('',(-0.0852292025166688,0.0173199173671695,0.996210822818527));
#8489=DIRECTION('',(0.000625356619024134,0.0417727984314256,0.999126940003275));
#8490=DIRECTION('',(0.999999745129543,0.000318061526055839,-0.000639200840339502));
#8491=DIRECTION('',(0.000630379295266507,0.0270026997699732,0.999635161860104));
#8492=DIRECTION('',(0.99999015198619,-0.00440843257800906,-0.000511520127974364));
#8493=CARTESIAN_POINT('',(0.,0.,0.));
#8494=CARTESIAN_POINT('',(21.9331937088726,4.4735385374192,75.2842431370705));
#8495=CARTESIAN_POINT('',(-0.184358332421821,2.43214052206882,2.19688588100194));
#8496=CARTESIAN_POINT('',(-0.183530037980601,2.46870916791396,3.51090996763024));
#8497=CARTESIAN_POINT('',(-0.182899876992389,-1.79789010510456,2.3737395874806));
#8498=CARTESIAN_POINT('',(-0.184425214959828,2.62612326468939,2.18877564019069));
#8499=CARTESIAN_POINT('',(-0.183603243110484,2.68102963737842,3.50203304325412));
#8500=CARTESIAN_POINT('',(-0.184624882783681,3.12385484229405,2.12407218212752));
#8501=CARTESIAN_POINT('',(-0.184597457485993,3.12568680724171,2.1678893459983));
#8502=CARTESIAN_POINT('',(-0.184088163949638,3.15970678096408,2.98158327904968));
#8503=CARTESIAN_POINT('',(-0.184425214959828,2.62612326468939,2.18877564019069));
#8504=CARTESIAN_POINT('',(33.8215257206678,5.17124988073808,12.7516142409726));
#8505=CARTESIAN_POINT('',(37.3156572383025,0.521806027297278,13.1067399822625));
#8506=CARTESIAN_POINT('',(37.3162353756451,0.447115832908911,13.1124789905312));
#8507=CARTESIAN_POINT('',(37.3168110558744,0.372425619270441,13.1182180017896));
#8508=CARTESIAN_POINT('',(37.3173843114648,0.297735386636275,13.1239570159983));
#8509=CARTESIAN_POINT('',(37.3156572383025,0.521806027297281,13.1067399822625));
#8510=CARTESIAN_POINT('',(37.3173843114648,0.297735386636272,13.1239570159983));
#8511=CARTESIAN_POINT('',(37.3158825203344,0.362700094082542,13.118965903997));
#8512=CARTESIAN_POINT('',(37.3159745061078,0.297734938231311,13.1239579171473));
#8513=CARTESIAN_POINT('',(-68.1766584217187,0.264181781310878,13.1913889146898));
#8514=CARTESIAN_POINT('',(41.7940214766694,3.0232011895062,-24.6003565700159));
#8515=CARTESIAN_POINT('',(41.8140853119564,3.61560966714144,9.07099756523633));
#8516=CARTESIAN_POINT('',(37.6327773863905,3.60555893942197,9.07366592272055));
#8517=CARTESIAN_POINT('',(37.9094647946616,3.60622402074423,9.07348935095645));
#8518=CARTESIAN_POINT('',(37.5924869153078,3.67063892215733,12.7785198414688));
#8519=CARTESIAN_POINT('',(37.5851313636675,3.6721336861917,12.864496008504));
#8520=CARTESIAN_POINT('',(41.8223801323375,3.68230687250434,12.8611093849299));
#8521=CARTESIAN_POINT('',(37.2897241035432,3.67142444459192,12.8647321129306));
#8522=CARTESIAN_POINT('',(37.6327773863906,3.60555893942197,9.07366592272055));
#8523=CARTESIAN_POINT('',(37.5171743231255,3.62750909284256,10.3372414493448));
#8524=CARTESIAN_POINT('',(37.4024654228861,3.64946282798145,11.6008978264829));
#8525=CARTESIAN_POINT('',(37.2897241035432,3.67142444459192,12.8647321129306));
#8526=CARTESIAN_POINT('',(42.0659219447413,47.6640771953124,-45.4559181947482));
#8527=CARTESIAN_POINT('',(42.0668309723571,47.7247987505581,-44.0035725371028));
#8528=CARTESIAN_POINT('',(42.067739999973,47.7855203058038,-42.5512268794575));
#8529=CARTESIAN_POINT('',(42.0686490275889,47.8462418610496,-41.0988812218121));
#8530=CARTESIAN_POINT('',(42.1007149350267,-53.2477584002576,-41.2368867678842));
#8531=CARTESIAN_POINT('',(42.1006224655361,-50.2823451079383,-39.9059836115242));
#8532=CARTESIAN_POINT('',(42.1005299960448,-47.316931815619,-38.5750804551647));
#8533=CARTESIAN_POINT('',(42.1004375265539,-44.3515185232997,-37.2441772988049));
#8534=CARTESIAN_POINT('',(33.5952764643164,-49.0314311515608,59.6804112320019));
#8535=CARTESIAN_POINT('',(33.5933659395936,-46.1874609697336,58.1066230730712));
#8536=CARTESIAN_POINT('',(33.5914554148708,-43.3434907879059,56.5328349141401));
#8537=CARTESIAN_POINT('',(33.589544890148,-40.4995206060785,54.9590467552091));
#8538=CARTESIAN_POINT('',(33.5604834740309,51.8804044440093,55.4613798051379));
#8539=CARTESIAN_POINT('',(33.5595744464151,51.8196828887637,54.0090341474925));
#8540=CARTESIAN_POINT('',(33.5586654187992,51.7589613335178,52.5566884898471));
#8541=CARTESIAN_POINT('',(33.5577563911833,51.6982397782721,51.1043428322017));
#8542=CARTESIAN_POINT('',(33.5256904837454,152.792240039579,51.2423483782739));
#8543=CARTESIAN_POINT('',(33.5257829532368,149.82682674726,49.9114452219147));
#8544=CARTESIAN_POINT('',(33.525875422727,146.861413454939,48.5805420655547));
#8545=CARTESIAN_POINT('',(33.5259678922178,143.896000162619,47.2496389091951));
#8546=CARTESIAN_POINT('',(42.0311289544559,148.575912790882,-49.6749496216121));
#8547=CARTESIAN_POINT('',(42.0330394791789,145.731942609056,-48.1011614626813));
#8548=CARTESIAN_POINT('',(42.0349500039012,142.887972427227,-46.5273733037496));
#8549=CARTESIAN_POINT('',(42.0368605286239,140.044002245399,-44.9535851448183));
#8550=CARTESIAN_POINT('',(42.0659219447413,47.6640771953124,-45.4559181947482));
#8551=CARTESIAN_POINT('',(42.0668309723571,47.7247987505581,-44.0035725371028));
#8552=CARTESIAN_POINT('',(42.067739999973,47.7855203058038,-42.5512268794575));
#8553=CARTESIAN_POINT('',(42.0686490275889,47.8462418610496,-41.0988812218121));
#8554=CARTESIAN_POINT('',(37.6616760349773,-0.061968541399345,9.07182278348624));
#8555=CARTESIAN_POINT('',(37.6527176428541,1.16054584467891,9.07243673458905));
#8556=CARTESIAN_POINT('',(37.6431376309037,2.38305562252152,9.07305108083756));
#8557=CARTESIAN_POINT('',(37.6327773863906,3.60555893942197,9.07366592272055));
#8558=CARTESIAN_POINT('',(37.6616760349772,-0.0619685413885526,9.07182278348622));
#8559=CARTESIAN_POINT('',(37.2897241035432,3.67142444459192,12.8647321129306));
#8560=CARTESIAN_POINT('',(37.2989208033861,2.62155620359719,12.9454007123952));
#8561=CARTESIAN_POINT('',(37.3075306954074,1.57168297485602,13.0260700558757));
#8562=CARTESIAN_POINT('',(37.3156572383026,0.521806027297278,13.1067399822625));
#8563=CARTESIAN_POINT('',(37.6300626027208,-0.0303314141696798,9.44243678463545));
#8564=CARTESIAN_POINT('',(37.5253699488966,0.0790205079756838,10.669570897331));
#8565=CARTESIAN_POINT('',(37.4208627581147,0.188373892228197,11.8967206314533));
#8566=CARTESIAN_POINT('',(37.3173843114648,0.297735386636283,13.1239570159983));
#8567=CARTESIAN_POINT('',(37.6300626027208,-0.0303314141696798,9.44243678463545));
#8568=CARTESIAN_POINT('',(37.6616760349773,-0.061968541399345,9.07182278348624));
#8569=CARTESIAN_POINT('',(37.6511366933157,-0.0518823131053296,9.19539987644171));
#8570=CARTESIAN_POINT('',(37.64059888256,-0.0413366051087544,9.31893787691667));
#8571=CARTESIAN_POINT('',(37.6300626027208,-0.0303314141696837,9.44243678463545));
#8572=CARTESIAN_POINT('',(41.7961714543139,3.10368134974932,-24.6291962478914));
#8573=CARTESIAN_POINT('',(41.8415691941172,4.58464748779503,55.8786251389406));
#8574=CARTESIAN_POINT('',(33.6681116265508,4.56556026398275,55.8835852040026));
#8575=CARTESIAN_POINT('',(33.9041427738323,4.56611146025404,55.8834419684334));
#8576=CARTESIAN_POINT('',(33.5905831372683,4.63278857147061,59.5483824065149));
#8577=CARTESIAN_POINT('',(33.5832307985132,4.63435201475764,59.6343178410404));
#8578=CARTESIAN_POINT('',(41.8564797324133,4.65364917446607,59.6280411651086));
#8579=CARTESIAN_POINT('',(33.3490971942719,4.63380590359983,59.6344954714695));
#8580=CARTESIAN_POINT('',(34.4179847618354,4.40514253183319,47.0667212698422));
#8581=CARTESIAN_POINT('',(5.3403989071739,4.3376210733749,60.290842729315));
#8582=CARTESIAN_POINT('',(8.34018953771694,4.33857519161957,60.2889252601134));
#8583=CARTESIAN_POINT('',(8.3575014652154,5.49498358194829,87.9480439595928));
#8584=CARTESIAN_POINT('',(8.35765234635226,5.50506219466337,88.1891054632484));
#8585=CARTESIAN_POINT('',(5.3403989071739,4.3376210733749,60.290842729315));
#8586=CARTESIAN_POINT('',(2.53337619369927,5.50397309879618,88.2110871247052));
#8587=CARTESIAN_POINT('',(2.51590195684303,4.33672270932079,60.2926481506191));
#8588=CARTESIAN_POINT('',(2.53322736446207,5.49403154961643,87.9733039236153));
#8589=CARTESIAN_POINT('',(8.3575014652154,5.49498358194829,87.9480439595928));
#8590=CARTESIAN_POINT('',(6.41696603753859,5.50325271553662,88.161830108168));
#8591=CARTESIAN_POINT('',(4.47554877267796,5.50300716472808,88.1719672047874));
#8592=CARTESIAN_POINT('',(2.53322736446207,5.49403154961643,87.9733039236154));
#8593=CARTESIAN_POINT('',(-22.5302477200956,4.47597482954401,68.6679183619789));
#8594=CARTESIAN_POINT('',(-22.5556517857494,3.95926296975091,24.3333329847645));
#8595=CARTESIAN_POINT('',(-32.887900867853,4.03788426156988,24.3383371272016));
#8596=CARTESIAN_POINT('',(-33.1872940999807,4.04016243764604,24.3384821301305));
#8597=CARTESIAN_POINT('',(-34.1861956879437,4.00359821368348,20.5509493777154));
#8598=CARTESIAN_POINT('',(-34.1191556917124,4.00605217458032,20.8051447704423));
#8599=CARTESIAN_POINT('',(-22.5674666863585,3.91812424766575,20.7971881072339));
#8600=CARTESIAN_POINT('',(-33.8150123350239,4.00373712828483,20.8049352801889));
#8601=CARTESIAN_POINT('',(-32.8879008678529,4.03788426156988,24.3383371272016));
#8602=CARTESIAN_POINT('',(-33.196938705125,4.02650189107463,23.1605366902886));
#8603=CARTESIAN_POINT('',(-33.5059759142373,4.01511951388216,21.9827360886205));
#8604=CARTESIAN_POINT('',(-33.8150123350239,4.00373712828483,20.8049352801889));
#8605=CARTESIAN_POINT('',(-22.5048437622931,5.00429658659835,68.7428824589197));
#8606=CARTESIAN_POINT('',(-22.5087223277531,4.93421111988426,61.074184207011));
#8607=CARTESIAN_POINT('',(-23.2439676621052,4.94029222423332,61.0745004927798));
#8608=CARTESIAN_POINT('',(-23.4928783332455,4.94235092721571,61.0746075684718));
#8609=CARTESIAN_POINT('',(-24.5026892744483,4.91568621582172,57.2452927315634));
#8610=CARTESIAN_POINT('',(-24.4356657237071,4.91745601605283,57.4994534529454));
#8611=CARTESIAN_POINT('',(-22.5138162865807,4.90155555261311,57.4980652391228));
#8612=CARTESIAN_POINT('',(-24.1862184794321,4.91539220881012,57.4992732691568));
#8613=CARTESIAN_POINT('',(-23.2439676621052,4.94029222423111,61.0745004927798));
#8614=CARTESIAN_POINT('',(-23.5580441832192,4.93199214345518,59.8827562182703));
#8615=CARTESIAN_POINT('',(-23.8721282660966,4.92369214340837,58.6910139361006));
#8616=CARTESIAN_POINT('',(-24.1862184794321,4.91539220881012,57.4992732691568));
#8617=CARTESIAN_POINT('',(5.35139028827723,-27.5412267568214,61.6236681610795));
#8618=CARTESIAN_POINT('',(5.28946581491257,152.061395042875,54.1146470314178));
#8619=CARTESIAN_POINT('',(0.35035124044205,10.0166697339203,88.7326732410404));
#8620=CARTESIAN_POINT('',(0.136847006077179,3.84620189320068,88.9522444020639));
#8621=CARTESIAN_POINT('',(5.33875996776981,9.0911183249824,60.0921033626819));
#8622=CARTESIAN_POINT('',(-5.75313345031161,9.95742247489867,86.9665112408466));
#8623=CARTESIAN_POINT('',(5.48724713905403,-421.573590104909,78.0978004009259));
#8624=CARTESIAN_POINT('',(-5.77987186024617,7.55903321046794,87.0553875107237));
#8625=CARTESIAN_POINT('',(5.69238410232123,-1016.54250027806,102.972905637221));
#8626=CARTESIAN_POINT('',(-5.79102323422905,5.060939651947,87.1548529398192));
#8627=CARTESIAN_POINT('',(5.3404480194367,4.19517834142866,60.2967981294825));
#8628=CARTESIAN_POINT('',(-6.81232469900672,5.04615530819129,86.7088814132286));
#8629=CARTESIAN_POINT('',(5.61830725239739,-801.693737937562,93.9902756514756));
#8630=CARTESIAN_POINT('',(-6.80144632478331,7.54426245418521,86.6098385296698));
#8631=CARTESIAN_POINT('',(5.33958676858624,6.69310690446628,60.192362023972));
#8632=CARTESIAN_POINT('',(-9.81307143085932,7.49134915941417,85.0069680454476));
#8633=CARTESIAN_POINT('',(5.38935009669392,-137.637942065213,66.2267109968298));
#8634=CARTESIAN_POINT('',(-9.82312872793093,4.99320114758347,85.1047400762905));
#8635=CARTESIAN_POINT('',(5.3404480194367,4.19517834142866,60.2967981294825));
#8636=CARTESIAN_POINT('',(-10.7508215608962,4.97375780794596,84.5138823064114));
#8637=CARTESIAN_POINT('',(5.31527324677008,77.210820275285,57.2440810110842));
#8638=CARTESIAN_POINT('',(-10.7410267268486,7.4719188828257,84.4165165124808));
#8639=CARTESIAN_POINT('',(5.33958676858624,6.69310690446628,60.192362023972));
#8640=CARTESIAN_POINT('',(-13.4659162089425,7.40473446726768,82.3698402961227));
#8641=CARTESIAN_POINT('',(5.0863160910666,741.26661614763,29.4805163564386));
#8642=CARTESIAN_POINT('',(-13.4748923856959,4.90653264698991,82.4659389827621));
#8643=CARTESIAN_POINT('',(5.3404480194367,4.19517834142866,60.2967981294825));
#8644=CARTESIAN_POINT('',(-14.3092444145535,4.88244364152521,81.7306095098909));
#8645=CARTESIAN_POINT('',(5.01223924114276,956.115378488129,20.4978863706931));
#8646=CARTESIAN_POINT('',(-14.3005396113784,7.38065896833928,81.6349308518059));
#8647=CARTESIAN_POINT('',(5.33958676858624,6.69310690446628,60.192362023972));
#8648=CARTESIAN_POINT('',(-17.7163525288194,7.25905918947661,77.914705764678));
#8649=CARTESIAN_POINT('',(4.68302733673688,1910.94499505632,-19.4226654241107));
#8650=CARTESIAN_POINT('',(-17.72376466107,4.76077952512873,78.0083836432362));
#8651=CARTESIAN_POINT('',(5.3404480194367,4.19517834142866,60.2967981294825));
#8652=CARTESIAN_POINT('',(-18.3703051522004,4.73224817563361,77.1338741667595));
#8653=CARTESIAN_POINT('',(5.03660363739013,885.450111480913,23.4523364659826));
#8654=CARTESIAN_POINT('',(-18.3521013047787,7.23105054975365,77.0562287960656));
#8655=CARTESIAN_POINT('',(5.33958676858624,6.69310690446628,60.192362023972));
#8656=CARTESIAN_POINT('',(-21.6305597083065,7.03633029190942,71.0760257393321));
#8657=CARTESIAN_POINT('',(4.21164110576106,3278.12986338742,-76.5834126424971));
#8658=CARTESIAN_POINT('',(-21.6355521621804,4.53793019773179,71.1659584706408));
#8659=CARTESIAN_POINT('',(5.3404480194367,4.19517834142866,60.2967981294825));
#8660=CARTESIAN_POINT('',(-22.0829081779567,4.4994852362927,69.9831538103045));
#8661=CARTESIAN_POINT('',(4.83930887679087,1457.67389225178,-0.471815740967906));
#8662=CARTESIAN_POINT('',(-22.0593141152194,9.39773939599016,69.8496746323723));
#8663=CARTESIAN_POINT('',(5.33875996776981,9.0911183249824,60.0921033626819));
#8664=CARTESIAN_POINT('',(-22.784018837255,9.32171627684701,67.5090602249932));
#8665=CARTESIAN_POINT('',(-22.7714125414623,-27.2409487331994,69.0377117634065));
#8666=CARTESIAN_POINT('',(-22.7819249881245,3.24882178056629,67.7629623820654));
#8667=CARTESIAN_POINT('',(5.34084223374605,3.05181902541734,60.3446009353474));
#8668=CARTESIAN_POINT('',(41.8764479424143,-31.1084763256687,-23.9998983513278));
#8669=CARTESIAN_POINT('',(36.7229005646649,8.27257466540715,34.4805912306548));
#8670=CARTESIAN_POINT('',(35.2027683565188,8.84691400444426,52.2366545385981));
#8671=CARTESIAN_POINT('',(35.0993464541848,8.8859890708827,53.4446848897946));
#8672=CARTESIAN_POINT('',(35.1496188157068,-28.7432006714587,54.5816136369068));
#8673=CARTESIAN_POINT('',(35.1073772973854,2.87485067517437,53.6263054904971));
#8674=CARTESIAN_POINT('',(41.8277578873656,0.692105838265098,-24.8881396438766));
#8675=CARTESIAN_POINT('',(36.4182170372955,2.44909671139285,38.3117182493246));
#8676=CARTESIAN_POINT('',(36.4951830249543,-47.531530824683,39.702606084322));
#8677=CARTESIAN_POINT('',(36.6795438464465,2.27104179741672,35.262899324599));
#8678=CARTESIAN_POINT('',(41.9788136011632,-3.23054266258797,-26.4753545520158));
#8679=CARTESIAN_POINT('',(38.4003034992619,0.484587247352378,15.2154774677305));
#8680=CARTESIAN_POINT('',(38.4106134391815,-29.4178429155718,16.4656706869144));
#8681=CARTESIAN_POINT('',(38.3982119308102,6.55086697766112,14.9618518679654));
#8682=CARTESIAN_POINT('',(40.631703251179,4.02621852175308,-11.0496259660051));
#8683=CARTESIAN_POINT('',(37.3094869243402,7.78151778943115,27.6412592669653));
#8684=CARTESIAN_POINT('',(36.7425821141861,-121.610225960834,40.2044927136385));
#8685=CARTESIAN_POINT('',(36.5929920143199,8.32165696926245,35.9980016452287));
#8686=CARTESIAN_POINT('',(36.7229005646649,8.27257466540715,34.4805912306548));
#8687=CARTESIAN_POINT('',(36.3281624295542,8.42171540355962,39.0913713190746));
#8688=CARTESIAN_POINT('',(36.3895707025611,-29.3962868015156,40.1066886200024));
#8689=CARTESIAN_POINT('',(36.3327074546073,5.62268265008567,39.1665182389213));
#8690=CARTESIAN_POINT('',(41.8367597402077,3.54313079611062,-25.1241403693444));
#8691=CARTESIAN_POINT('',(35.2073133815719,6.04788125097032,52.3118014584447));
#8692=CARTESIAN_POINT('',(35.2642968787964,-29.0451431603094,53.2539600270926));
#8693=CARTESIAN_POINT('',(54.335378992245,8.32730014147165,35.9866606935479));
#8694=CARTESIAN_POINT('',(-19.9691448696804,10.3659735536684,99.7345600996261));
#8695=CARTESIAN_POINT('',(-19.9691448696804,10.2688991199813,96.736131085238));
#8696=CARTESIAN_POINT('',(0.349974069781457,9.97593240958041,87.4743852704142));
#8697=CARTESIAN_POINT('',(3.72338236161263,9.99707731383651,88.0922101956714));
#8698=CARTESIAN_POINT('',(7.1076847170283,9.99773182831084,88.0770152578395));
#8699=CARTESIAN_POINT('',(10.4774709082718,9.97840284721199,87.4447232525237));
#8700=CARTESIAN_POINT('',(0.349974069780745,9.97593240958088,87.4743852704161));
#8701=CARTESIAN_POINT('',(10.4774709082718,9.97840284721199,87.4447232525237));
#8702=CARTESIAN_POINT('',(10.4812976760973,10.1754009025058,93.529546777653));
#8703=CARTESIAN_POINT('',(10.4782640422301,10.0192325642202,88.7058606896691));
#8704=CARTESIAN_POINT('',(5.33875996776981,9.0911183249824,60.0921033626819));
#8705=CARTESIAN_POINT('',(34.318076545733,9.18117000345237,62.5703897993554));
#8706=CARTESIAN_POINT('',(36.7229005646649,8.27257466540715,34.4805912306548));
#8707=CARTESIAN_POINT('',(34.3946065611433,9.15225528259341,61.6764729470568));
#8708=CARTESIAN_POINT('',(54.3515273867653,9.15860281300882,61.6637164631034));
#8709=CARTESIAN_POINT('',(33.1632558319672,9.15186363719511,61.6772600276869));
#8710=CARTESIAN_POINT('',(35.4855323878084,8.26904930440969,34.3846472639324));
#8711=CARTESIAN_POINT('',(33.8636828002972,8.88559605370862,53.4454747272505));
#8712=CARTESIAN_POINT('',(33.8463558953017,8.88559054268528,53.4454858026257));
#8713=CARTESIAN_POINT('',(33.4749908455579,8.84147323743777,52.0866790137352));
#8714=CARTESIAN_POINT('',(43.8009471216841,8.87398964760747,52.9829985356234));
#8715=CARTESIAN_POINT('',(44.4185147099326,8.64405620743905,45.8743669697928));
#8716=CARTESIAN_POINT('',(44.3233322741616,8.67949463606922,46.9699828672427));
#8717=CARTESIAN_POINT('',(53.3130654044573,8.70780328293043,47.7503147884765));
#8718=CARTESIAN_POINT('',(39.0431451767313,8.66286734027126,46.5116490677303));
#8719=CARTESIAN_POINT('',(40.0650885271304,8.28237627389111,34.7483718210397));
#8720=CARTESIAN_POINT('',(39.1556032327678,8.62099683380176,45.2171787908172));
#8721=CARTESIAN_POINT('',(53.4255603207003,8.66593289253363,46.4558477111241));
#8722=CARTESIAN_POINT('',(44.435790330198,8.63762412959973,45.6755125903297));
#8723=CARTESIAN_POINT('',(44.4185147099326,8.64405620743905,45.8743669697928));
#8724=CARTESIAN_POINT('',(44.9428289214555,8.44884296652635,39.8391464929292));
#8725=CARTESIAN_POINT('',(44.9434732076773,8.44884499538203,39.8392024186277));
#8726=CARTESIAN_POINT('',(54.335378992245,8.32730014147165,35.986660693548));
#8727=CARTESIAN_POINT('',(14.0979422525248,8.31450215746525,36.0123805037623));
#8728=CARTESIAN_POINT('',(5.52691976094035,9.10327024645614,60.4654823463904));
#8729=CARTESIAN_POINT('',(-3.07609946737504,8.30903975406519,36.0233581685799));
#8730=CARTESIAN_POINT('',(54.335378992245,8.32730014147165,35.986660693548));
#8731=CARTESIAN_POINT('',(-31.090814069742,8.30012934876914,36.0412652024559));
#8732=CARTESIAN_POINT('',(-25.5444764531811,8.98222946670942,57.0518969032535));
#8733=CARTESIAN_POINT('',(-26.0538157641118,8.91958986052676,55.1224181350031));
#8734=CARTESIAN_POINT('',(-11.6526019592351,8.92417033380939,55.11321286459));
#8735=CARTESIAN_POINT('',(-24.7699655690014,8.91999820398984,55.1215974966613));
#8736=CARTESIAN_POINT('',(-22.6490994661185,9.18098070501346,63.1606169915974));
#8737=CARTESIAN_POINT('',(-23.3560173719526,9.09398623104915,60.4809339533873));
#8738=CARTESIAN_POINT('',(-24.0629781808413,9.00699210862487,57.8012622224384));
#8739=CARTESIAN_POINT('',(-24.7699655690014,8.91999820398984,55.1215974966613));
#8740=CARTESIAN_POINT('',(-22.6490994661188,9.18098070501347,63.1606169915975));
#8741=CARTESIAN_POINT('',(54.3524378386971,9.20547193812232,63.1113975311607));
#8742=CARTESIAN_POINT('',(-23.9316943348487,9.18057276082152,63.1614368275334));
#8743=CARTESIAN_POINT('',(-25.5444764531811,8.98222946670942,57.0518969032535));
#8744=CARTESIAN_POINT('',(15.8618359857473,7.51036556376035,11.1558034270116));
#8745=CARTESIAN_POINT('',(-32.9120939948178,9.93789318080857,86.6474685488875));
#8746=CARTESIAN_POINT('',(5.55960166250753,10.7548209980232,111.478136327307));
#8747=CARTESIAN_POINT('',(-28.1725510968742,10.0385350778723,89.7064970920705));
#8748=CARTESIAN_POINT('',(-26.6779459113601,9.96694298460147,87.4795262552168));
#8749=CARTESIAN_POINT('',(-25.1860798222611,9.89548209497418,85.2566366887178));
#8750=CARTESIAN_POINT('',(8.10560388771747,10.6083882004009,106.928489252764));
#8751=CARTESIAN_POINT('',(-23.6776925465424,9.92778260904777,86.2385499777432));
#8752=CARTESIAN_POINT('',(-25.1700011368405,9.99926469463197,88.4620988737259));
#8753=CARTESIAN_POINT('',(-26.660249137095,10.070648077257,90.6825774779835));
#8754=CARTESIAN_POINT('',(5.55960166250753,10.7548209980232,111.478136327307));
#8755=CARTESIAN_POINT('',(-22.037921276389,10.1688009697973,93.6659522814871));
#8756=CARTESIAN_POINT('',(26.7361379421522,7.74126692044488,18.1740871267245));
#8757=CARTESIAN_POINT('',(-23.3941157033993,10.2363001323,95.7650526731269));
#8758=CARTESIAN_POINT('',(26.7361379421521,7.74126692044488,18.1740871267245));
#8759=CARTESIAN_POINT('',(-24.8871578110972,10.3106103416946,98.07596415498));
#8760=CARTESIAN_POINT('',(-23.6270340689141,10.3373684588125,98.8892819323026));
#8761=CARTESIAN_POINT('',(-25.126748576839,10.337832005948,98.9192921620819));
#8762=CARTESIAN_POINT('',(-26.3559984140476,8.35231211124584,37.6035405016312));
#8763=CARTESIAN_POINT('',(-25.0738423052133,10.4232877462602,101.558290121722));
#8764=CARTESIAN_POINT('',(-23.5741277972884,10.4228241991247,101.528279891942));
#8765=CARTESIAN_POINT('',(-23.5440772245734,10.4713627534257,103.027221277229));
#8766=CARTESIAN_POINT('',(55.6458482378401,10.4468859193921,101.442581102871));
#8767=CARTESIAN_POINT('',(-16.8299951870191,10.4692874961154,102.892868276282));
#8768=CARTESIAN_POINT('',(-16.8600457597341,10.4207489418144,101.393926890996));
#8769=CARTESIAN_POINT('',(-15.599922017551,10.4475070589322,102.207244668318));
#8770=CARTESIAN_POINT('',(35.1740579047159,7.92043494196591,23.6199278225369));
#8771=CARTESIAN_POINT('',(0.334545695924268,8.30954969670383,36.0034220678313));
#8772=CARTESIAN_POINT('',(-22.7714125414595,-27.240948733199,69.0377117634168));
#8773=CARTESIAN_POINT('',(-23.919073919809,-27.4230430014125,64.6918004793913));
#8774=CARTESIAN_POINT('',(-23.9296072931004,3.12742205269568,63.4145135149051));
#8775=CARTESIAN_POINT('',(-22.676812636483,3.25994037220945,68.161222148238));
#8776=CARTESIAN_POINT('',(-22.7714125414595,-27.240948733199,69.0377117634168));
#8777=CARTESIAN_POINT('',(-36.9125829906146,6.43214352398403,14.0339028045699));
#8778=CARTESIAN_POINT('',(-33.299195035138,7.75905987820096,27.686392407807));
#8779=CARTESIAN_POINT('',(-33.5981882119194,7.64926293943904,26.5567043455936));
#8780=CARTESIAN_POINT('',(-33.7509650403594,-28.206877915592,27.4294127938505));
#8781=CARTESIAN_POINT('',(-33.6244660505372,1.48195411083929,26.7068114789711));
#8782=CARTESIAN_POINT('',(-23.1588324858062,5.01196101835033,66.261875012612));
#8783=CARTESIAN_POINT('',(-31.349157661068,2.24940447892893,35.3063833393293));
#8784=CARTESIAN_POINT('',(-30.7106103474311,-47.5529064076825,39.745564095341));
#8785=CARTESIAN_POINT('',(-30.5436693624325,2.42779870583832,38.3545203547603));
#8786=CARTESIAN_POINT('',(-22.676812636483,3.25994037220945,68.161222148238));
#8787=CARTESIAN_POINT('',(-26.1071903437697,2.89708131413002,55.1638778566082));
#8788=CARTESIAN_POINT('',(-26.3748398635754,-27.3030913298358,55.3717797201919));
#8789=CARTESIAN_POINT('',(-31.3691147046401,-121.631889676945,40.2480297790556));
#8790=CARTESIAN_POINT('',(-22.7714125414595,-27.240948733199,69.0377117634168));
#8791=CARTESIAN_POINT('',(-36.1039864565683,-27.0017940621406,18.4551713260736));
#8792=CARTESIAN_POINT('',(-35.7263713370304,6.86774680326047,18.5157747948862));
#8793=CARTESIAN_POINT('',(-35.7945789075713,0.749985680258548,18.5048281585886));
#8794=CARTESIAN_POINT('',(-36.9125829906146,6.43214352398403,14.0339028045699));
#8795=CARTESIAN_POINT('',(-35.9245933016764,6.79495529293978,17.7668313255417));
#8796=CARTESIAN_POINT('',(-36.0010541012516,-28.834425868584,18.9198361668834));
#8797=CARTESIAN_POINT('',(-35.9365801468222,1.20929732181793,17.9475891852863));
#8798=CARTESIAN_POINT('',(-22.7118344216106,2.8357040144005,68.0455603112147));
#8799=CARTESIAN_POINT('',(-36.2800873438096,1.16705209338488,16.6463154977768));
#8800=CARTESIAN_POINT('',(-36.344559429341,-28.8758002235671,17.6185342969785));
#8801=CARTESIAN_POINT('',(-36.2762265543809,2.96611172793451,16.588096005861));
#8802=CARTESIAN_POINT('',(-22.7082707799311,4.63472710510284,67.9862151644338));
#8803=CARTESIAN_POINT('',(-38.9978604997425,2.6313995334265,6.27800448174673));
#8804=CARTESIAN_POINT('',(-39.0661785672797,-29.2036124207405,7.30821948157848));
#8805=CARTESIAN_POINT('',(-39.0017212891712,0.83233989887688,6.33622397366252));
#8806=CARTESIAN_POINT('',(-22.7118344216106,2.8357040144005,68.0455603112147));
#8807=CARTESIAN_POINT('',(-39.3452284861586,0.790094670443826,5.03495028615297));
#8808=CARTESIAN_POINT('',(-39.409683895369,-29.2449867757235,6.00691761167364));
#8809=CARTESIAN_POINT('',(-39.3350296602608,5.54256727510658,4.88115519505447));
#8810=CARTESIAN_POINT('',(-36.9125829906146,6.43214352398403,14.0339028045699));
#8811=CARTESIAN_POINT('',(-40.1954954722432,5.22658510761374,1.63005105213341));
#8812=CARTESIAN_POINT('',(-40.195977957789,6.62596186913072,1.57154439134363));
#8813=CARTESIAN_POINT('',(-40.1935453467549,-0.429460580196683,1.86652514229158));
#8814=CARTESIAN_POINT('',(-22.7816092990085,2.3332129858982,67.8012431472269));
#8815=CARTESIAN_POINT('',(-38.800843865329,-0.208486901127007,7.14034301016477));
#8816=CARTESIAN_POINT('',(-38.8180681179456,49.7478673541048,5.05171359092522));
#8817=CARTESIAN_POINT('',(-38.1795208043087,-0.0544435324999536,9.49089434693664));
#8818=CARTESIAN_POINT('',(-23.1588324858062,5.01196101835033,66.261875012612));
#8819=CARTESIAN_POINT('',(-68.178907147183,-0.0639851856897767,9.51006998499422));
#8820=CARTESIAN_POINT('',(-68.1683890681341,1.47096701498729,26.7288919894623));
#8821=CARTESIAN_POINT('',(-32.3259551137437,1.48236711732149,26.7059814694685));
#8822=CARTESIAN_POINT('',(-32.3259312208727,1.4823665679044,26.7059752056676));
#8823=CARTESIAN_POINT('',(-31.5685545642944,1.73818320596201,29.5725019191795));
#8824=CARTESIAN_POINT('',(-30.8111779077161,1.99399984401963,32.4390286326915));
#8825=CARTESIAN_POINT('',(-30.0538012511378,2.24981648207724,35.3055553462034));
#8826=CARTESIAN_POINT('',(-30.0538012511378,2.24981648207724,35.3055553462034));
#8827=CARTESIAN_POINT('',(-68.1631351524745,2.23769536589087,35.3299148709335));
#8828=CARTESIAN_POINT('',(-68.178907147183,-0.0639851856897767,9.51006998499422));
#8829=CARTESIAN_POINT('',(-68.1734000767408,0.739687220191372,18.525524733791));
#8830=CARTESIAN_POINT('',(-34.4930404362273,0.750399649683266,18.5039962138828));
#8831=CARTESIAN_POINT('',(-68.178907147183,-0.0639851856897919,9.51006998499421));
#8832=CARTESIAN_POINT('',(-36.8746179804572,-0.0540284930038454,9.49006025173335));
#8833=CARTESIAN_POINT('',(-36.8746179804572,-0.0540284930038302,9.49006025173336));
#8834=CARTESIAN_POINT('',(-36.0807491167846,0.214113998581359,12.4947030341293));
#8835=CARTESIAN_POINT('',(-35.2868802531119,0.482256490166548,15.4993458165252));
#8836=CARTESIAN_POINT('',(-34.4930113894392,0.750398981751737,18.5039885989211));
#8837=CARTESIAN_POINT('',(37.8290952001379,-0.483137266269058,7.12085140098058));
#8838=CARTESIAN_POINT('',(37.8291698065753,-0.682968383820915,7.12920663995037));
#8839=CARTESIAN_POINT('',(37.6298750892309,-0.683740820759962,7.1123748216841));
#8840=CARTESIAN_POINT('',(37.762375574226,-0.449928960928635,7.90931144317831));
#8841=CARTESIAN_POINT('',(37.7624521471065,-0.649628998993806,7.92080167650843));
#8842=CARTESIAN_POINT('',(37.5631575097097,-0.650667491781531,7.90398107028896));
#8843=CARTESIAN_POINT('',(37.6956354547754,-0.39815115570557,8.69716195443981));
#8844=CARTESIAN_POINT('',(37.6957139577295,-0.597646272409608,8.71178478894741));
#8845=CARTESIAN_POINT('',(37.4964188890596,-0.598950353556918,8.69498790581785));
#8846=CARTESIAN_POINT('',(37.6289784457253,-0.327884608579296,9.48317993380424));
#8847=CARTESIAN_POINT('',(37.6290588480618,-0.527101274158829,9.50092816496622));
#8848=CARTESIAN_POINT('',(37.4297628302962,-0.528669193479554,9.48416734904499));
#8849=CARTESIAN_POINT('',(37.8210713030876,-0.47905410667713,7.21566980399957));
#8850=CARTESIAN_POINT('',(37.8210866696807,-0.484254094591878,7.21573815191704));
#8851=CARTESIAN_POINT('',(37.8209000130719,-0.489454901953643,7.21578938986933));
#8852=CARTESIAN_POINT('',(37.820511940868,-0.494640755385724,7.21582288075755));
#8853=CARTESIAN_POINT('',(37.8207698844327,-0.479055272205617,7.21564434542919));
#8854=CARTESIAN_POINT('',(37.8205119408832,-0.49464075519005,7.21582288075029));
#8855=CARTESIAN_POINT('',(37.6638632077996,-0.362963827748525,9.07174182240557));
#8856=CARTESIAN_POINT('',(37.7162308101492,-0.413080327491568,8.4539907683226));
#8857=CARTESIAN_POINT('',(37.7686514080613,-0.451794688844642,7.83508896706993));
#8858=CARTESIAN_POINT('',(37.8210713033527,-0.479054108988434,7.21566980097151));
#8859=CARTESIAN_POINT('',(37.6638632078004,-0.36296382991736,9.07174182258159));
#8860=CARTESIAN_POINT('',(37.6301746699419,-0.329143616198564,9.46907399277451));
#8861=CARTESIAN_POINT('',(37.641402801141,-0.340942342984711,9.33667040035303));
#8862=CARTESIAN_POINT('',(37.6526323138489,-0.352215713946729,9.20422634103309));
#8863=CARTESIAN_POINT('',(37.6638632078004,-0.362963829917377,9.07174182258159));
#8864=CARTESIAN_POINT('',(37.6301746699293,-0.329143582443939,9.46907398976551));
#8865=CARTESIAN_POINT('',(37.430892922468,-0.330721378893106,9.45221291507731));
#8866=CARTESIAN_POINT('',(37.4309590114277,-0.529928455466996,9.4700046712867));
#8867=CARTESIAN_POINT('',(37.6298750892309,-0.683740820759968,7.11237482168411));
#8868=CARTESIAN_POINT('',(37.5635485356379,-0.650861331684826,7.89934153494696));
#8869=CARTESIAN_POINT('',(37.497225171262,-0.59957675950452,8.68543167185492));
#8870=CARTESIAN_POINT('',(37.4309590374002,-0.52992845526289,9.47000467347551));
#8871=CARTESIAN_POINT('',(37.6298750892309,-0.683740820759968,7.11237482168411));
#8872=CARTESIAN_POINT('',(37.6298061922204,-0.483915403739039,7.10402030400714));
#8873=CARTESIAN_POINT('',(37.8290952001379,-0.483137266268137,7.12085140098055));
#8874=CARTESIAN_POINT('',(37.8223702366018,-0.479727235087381,7.20032086162575));
#8875=CARTESIAN_POINT('',(37.8246118773068,-0.480884845096958,7.17383216553518));
#8876=CARTESIAN_POINT('',(37.8268535318186,-0.482021522512911,7.14734234533921));
#8877=CARTESIAN_POINT('',(37.8290952001379,-0.483137266269054,7.12085140098058));
#8878=CARTESIAN_POINT('',(37.822370236602,-0.479727235087284,7.20032086162379));
#8879=CARTESIAN_POINT('',(37.8205119408832,-0.494640755209044,7.21582288075143));
#8880=CARTESIAN_POINT('',(37.8211910419861,-0.494919767619272,7.20785846048223));
#8881=CARTESIAN_POINT('',(37.8223949712991,-0.48773834743164,7.2004111296161));
#8882=CARTESIAN_POINT('',(37.822370236602,-0.479727235085025,7.20032086162372));
#8883=CARTESIAN_POINT('',(36.6668647221799,0.467306446065168,18.4076177207386));
#8884=CARTESIAN_POINT('',(37.1657471123739,0.155950096891464,14.9127694666185));
#8885=CARTESIAN_POINT('',(37.2159623344828,0.10350008388574,14.3241817316438));
#8886=CARTESIAN_POINT('',(37.2661775565918,0.0510500708800161,13.7355939966691));
#8887=CARTESIAN_POINT('',(37.3163927787008,-0.00139994212570814,13.1470062616945));
#8888=CARTESIAN_POINT('',(37.1651273452744,0.155950178049429,14.9127167022689));
#8889=CARTESIAN_POINT('',(37.3163927787008,-0.00139994212570825,13.1470062616945));
#8890=CARTESIAN_POINT('',(36.8661464692603,0.468884242512339,18.424478795406));
#8891=CARTESIAN_POINT('',(35.4272397745895,1.97182840351977,35.2903373276478));
#8892=CARTESIAN_POINT('',(35.2279667392535,1.97024153534711,35.2733744539536));
#8893=CARTESIAN_POINT('',(35.228032713874,1.77104057417323,35.2912345557445));
#8894=CARTESIAN_POINT('',(36.6669394343704,0.268096413627651,18.4253760256783));
#8895=CARTESIAN_POINT('',(37.4295181903926,-0.528420339488713,9.48696086198743));
#8896=CARTESIAN_POINT('',(37.429443478202,-0.329210307051202,9.4692025570477));
#8897=CARTESIAN_POINT('',(37.6287252252824,-0.327632510604022,9.48606363171512));
#8898=CARTESIAN_POINT('',(36.8661464692603,0.468884242512339,18.424478795406));
#8899=CARTESIAN_POINT('',(36.8660344009744,0.767699291168614,18.3978413379964));
#8900=CARTESIAN_POINT('',(37.1368048767019,0.635610725163926,15.2099541095212));
#8901=CARTESIAN_POINT('',(37.1374681483557,0.484185587904528,15.2162846733626));
#8902=CARTESIAN_POINT('',(37.1353705467147,0.963068734148735,15.1962642171509));
#8903=CARTESIAN_POINT('',(36.8660344009744,0.767699291168614,18.3978413379964));
#8904=CARTESIAN_POINT('',(35.4271277063037,2.27064345191985,35.263699870261));
#8905=CARTESIAN_POINT('',(35.4271277063037,2.27064345191985,35.263699870261));
#8906=CARTESIAN_POINT('',(37.6099351733058,49.773690580634,5.01984918977073));
#8907=CARTESIAN_POINT('',(37.6300626027208,-0.0303314141696833,9.44243678463544));
#8908=CARTESIAN_POINT('',(36.8660344009744,0.767699291168614,18.3978413379964));
#8909=CARTESIAN_POINT('',(37.1690594515062,0.873629605057276,14.8064630215805));
#8910=CARTESIAN_POINT('',(37.2177682207513,0.746646127425473,14.2426546795294));
#8911=CARTESIAN_POINT('',(37.2667006793974,0.629204030957444,13.675309696243));
#8912=CARTESIAN_POINT('',(37.3156572383025,0.521806027295764,13.1067399822628));
#8913=CARTESIAN_POINT('',(37.1690594515062,0.873629605056363,14.8064630215808));
#8914=CARTESIAN_POINT('',(37.1353705467147,0.963068734148117,15.1962642171513));
#8915=CARTESIAN_POINT('',(37.1465966011507,0.932727292061389,15.0664222489206));
#8916=CARTESIAN_POINT('',(37.1578262379669,0.902914527307319,14.9364884687371));
#8917=CARTESIAN_POINT('',(37.1690594515062,0.873629605057855,14.8064630215805));
#8918=CARTESIAN_POINT('',(-68.178907147183,-0.0639851856897767,9.51006998499422));
#8919=CARTESIAN_POINT('',(-68.1753803987801,0.450689613494094,15.2836007525473));
#8920=CARTESIAN_POINT('',(-68.1631351524745,2.23769536589087,35.3299148709335));
#8921=CARTESIAN_POINT('',(34.4199478553433,2.69294277711591,47.0980407134431));
#8922=CARTESIAN_POINT('',(34.4199478553433,2.69294277711591,47.0980407134431));
#8923=CARTESIAN_POINT('',(35.1673834274063,2.44869886923809,38.3125177834317));
#8924=CARTESIAN_POINT('',(34.646181380169,2.61901512065733,44.4388418551289));
#8925=CARTESIAN_POINT('',(34.5677433091312,2.34479582091858,45.3703496767567));
#8926=CARTESIAN_POINT('',(34.5938768805781,2.43665461794488,45.0599791888351));
#8927=CARTESIAN_POINT('',(34.6200213525256,2.52811742239015,44.7494930456378));
#8928=CARTESIAN_POINT('',(34.6461813801689,2.61901512066077,44.4388418551299));
#8929=CARTESIAN_POINT('',(34.5677433091312,2.34479582091858,45.3703496767567));
#8930=CARTESIAN_POINT('',(34.4200485713827,2.39305889705385,47.1063862712557));
#8931=CARTESIAN_POINT('',(35.1660321282086,2.14928947271554,38.3379306492999));
#8932=CARTESIAN_POINT('',(35.1827174187352,-47.53147332424,39.7205113935894));
#8933=CARTESIAN_POINT('',(35.1674841444302,2.14881205784838,38.3208634228211));
#8934=CARTESIAN_POINT('',(35.1673834274063,2.44869886923809,38.3125177834317));
#8935=CARTESIAN_POINT('',(41.8764479424143,-31.1084763256687,-23.9998983513278));
#8936=CARTESIAN_POINT('',(34.4072316768491,-27.4649940549411,63.2074066062119));
#8937=CARTESIAN_POINT('',(34.3966913365363,3.10567779737936,61.9292748139986));
#8938=CARTESIAN_POINT('',(34.3306987590226,-27.4276613122126,64.1009715087256));
#8939=CARTESIAN_POINT('',(34.3201627204822,3.13053389582963,62.8233613535831));
#8940=CARTESIAN_POINT('',(41.8277578873656,0.692105838265098,-24.8881396438766));
#8941=CARTESIAN_POINT('',(41.8764479424143,-31.1084763256687,-23.9998983513278));
#8942=CARTESIAN_POINT('',(34.5516374909354,-26.0320045256803,61.4524666112711));
#8943=CARTESIAN_POINT('',(34.5881152571036,5.65626471425491,59.5730872338322));
#8944=CARTESIAN_POINT('',(34.5880916737512,5.63577783415291,59.5743022771556));
#8945=CARTESIAN_POINT('',(34.9054944921046,5.56828348682008,55.8644420512297));
#8946=CARTESIAN_POINT('',(34.9025480184693,5.56891004179519,55.898880955721));
#8947=CARTESIAN_POINT('',(35.1034927712475,-32.4161714843141,55.2895703092235));
#8948=CARTESIAN_POINT('',(34.9024573761715,5.58604437858344,55.8991558039879));
#8949=CARTESIAN_POINT('',(34.8597493793756,5.5780130351401,56.3991189181473));
#8950=CARTESIAN_POINT('',(34.8585689303718,6.07792970038558,56.3900103596155));
#8951=CARTESIAN_POINT('',(41.7926524046473,4.60342660405112,-24.6567825387903));
#8952=CARTESIAN_POINT('',(34.6297207558726,6.12659328269483,59.0648282605862));
#8953=CARTESIAN_POINT('',(34.6309012048763,5.62667661744935,59.0739368191181));
#8954=CARTESIAN_POINT('',(41.8764479424143,-31.1084763256687,-23.9998983513278));
#8955=CARTESIAN_POINT('',(40.631703251179,4.02621852175308,-11.0496259660051));
#8956=CARTESIAN_POINT('',(39.5473318092691,5.25194823983251,1.57907935637404));
#8957=CARTESIAN_POINT('',(39.0940283811147,5.76434414193921,6.85829936764962));
#8958=CARTESIAN_POINT('',(38.915622026996,5.60684509692671,8.95250362533528));
#8959=CARTESIAN_POINT('',(39.0952430206862,5.57941214235914,6.85256832543364));
#8960=CARTESIAN_POINT('',(39.1968360347008,-30.705900526874,7.32754543131135));
#8961=CARTESIAN_POINT('',(39.1113978360954,-0.190497668110264,6.92809682061114));
#8962=CARTESIAN_POINT('',(41.8662511848653,-1.53431460657148,-25.2363669675176));
#8963=CARTESIAN_POINT('',(39.5492819347575,-0.404097447977903,1.81555344653219));
#8964=CARTESIAN_POINT('',(39.5468493237234,6.6513250013495,1.52057269558426));
#8965=CARTESIAN_POINT('',(5.35139028827723,-27.5412267568214,61.6236681610795));
#8966=CARTESIAN_POINT('',(10.4908014423333,-26.3436108603301,90.2261578705981));
#8967=CARTESIAN_POINT('',(10.4803911083791,3.84999710124024,88.9637907743259));
#8968=CARTESIAN_POINT('',(5.34084223374605,3.05181902541734,60.3446009353474));
#8969=CARTESIAN_POINT('',(-68.1612431109442,2.41583399967906,38.3785655459039));
#8970=CARTESIAN_POINT('',(10.4484730629325,2.44083673275197,38.3283181359093));
#8971=CARTESIAN_POINT('',(10.4795960001009,3.81489360230578,87.7024139292508));
#8972=CARTESIAN_POINT('',(10.4795960000998,3.81489360230568,87.7024139292473));
#8973=CARTESIAN_POINT('',(7.09551171835199,3.83143130931382,88.3375090816364));
#8974=CARTESIAN_POINT('',(3.52322485554156,3.83028776597043,88.3395288830628));
#8975=CARTESIAN_POINT('',(0.13666727071538,3.8111230308033,87.6917454039311));
#8976=CARTESIAN_POINT('',(0.136667270714672,3.81112303080388,87.6917454039337));
#8977=CARTESIAN_POINT('',(0.129634194330749,2.43848096842833,38.3681976554815));
#8978=CARTESIAN_POINT('',(-68.1454438979229,3.1133586924136,63.4427763223324));
#8979=CARTESIAN_POINT('',(-22.6470124243717,3.12782999688771,63.4136936789693));
#8980=CARTESIAN_POINT('',(-22.6470124243703,3.12782999688762,63.4136936789689));
#8981=CARTESIAN_POINT('',(-22.6778463309421,3.1245663337856,63.2967914290288));
#8982=CARTESIAN_POINT('',(-22.7086803191359,3.12130267125481,63.1798892005999));
#8983=CARTESIAN_POINT('',(-22.7395143875974,3.11803900928577,63.0629869933253));
#8984=CARTESIAN_POINT('',(-22.7380661549169,3.11791321622911,63.0626085200643));
#8985=CARTESIAN_POINT('',(-22.7362931874371,3.11801651537365,63.0621398374699));
#8986=CARTESIAN_POINT('',(-22.3519575494163,3.15872150848187,64.5201685014789));
#8987=CARTESIAN_POINT('',(-21.9676219113956,3.19942650159009,65.978197165488));
#8988=CARTESIAN_POINT('',(-21.5832862733748,3.24013149469831,67.4362258294971));
#8989=CARTESIAN_POINT('',(-21.5832862733748,3.24013149469835,67.4362258294971));
#8990=CARTESIAN_POINT('',(-21.5832862733748,3.24013149469831,67.4362258294971));
#8991=CARTESIAN_POINT('',(-19.9244879185421,3.41576755225259,73.727399648745));
#8992=CARTESIAN_POINT('',(-14.0134872018789,3.65300241914244,82.1807087470623));
#8993=CARTESIAN_POINT('',(-2.05496535245852,3.81256852471834,87.7701359556658));
#8994=CARTESIAN_POINT('',(7.7958140052721,3.8402410543924,88.6456213638276));
#8995=CARTESIAN_POINT('',(17.3488885344966,3.77237957871438,86.0918423424308));
#8996=CARTESIAN_POINT('',(28.1666010181943,3.56539684071079,78.5237078745793));
#8997=CARTESIAN_POINT('',(32.5374734858737,3.30808997329502,69.225060561438));
#8998=CARTESIAN_POINT('',(33.0929341195485,3.12657884255423,62.6960534921057));
#8999=CARTESIAN_POINT('',(33.0929341195485,3.12657884255425,62.6960534921057));
#9000=CARTESIAN_POINT('',(34.4199478553433,2.69294277711591,47.0980407134431));
#9001=CARTESIAN_POINT('',(33.1581010895346,3.10528384936836,61.9300665221358));
#9002=CARTESIAN_POINT('',(-68.1463566162101,3.07306279021188,61.9948204338453));
#9003=CARTESIAN_POINT('',(-68.1612431109442,2.41583399967906,38.3785655459039));
#9004=CARTESIAN_POINT('',(-29.2494275898748,2.42821035446329,38.3536930741118));
#9005=CARTESIAN_POINT('',(-27.7506682520784,2.58694397810031,44.0394371446115));
#9006=CARTESIAN_POINT('',(-26.251908914282,2.74567760173733,49.7251812151112));
#9007=CARTESIAN_POINT('',(-24.7531495764857,2.90441122537435,55.4109252856108));
#9008=CARTESIAN_POINT('',(-24.7557643346167,2.90408677785079,55.4116316123113));
#9009=CARTESIAN_POINT('',(-29.2502862261187,2.42821008136404,38.3536936229529));
#9010=CARTESIAN_POINT('',(-24.8233100903246,2.8974896671535,55.1630571990531));
#9011=CARTESIAN_POINT('',(-24.8014112317261,2.89980733843424,55.2460746204918));
#9012=CARTESIAN_POINT('',(-24.7795123982194,2.90212500989062,55.3290920485447));
#9013=CARTESIAN_POINT('',(-24.7576135902895,2.90444268152603,55.4121094833397));
#9014=CARTESIAN_POINT('',(-24.8233100903246,2.8974896671535,55.1630571990531));
#9015=CARTESIAN_POINT('',(-68.1506455573764,2.88370890497587,55.1907520756555));
#9016=CARTESIAN_POINT('',(-68.1612431109442,2.41583399967903,38.3785655459039));
#9017=CARTESIAN_POINT('',(-68.1612431109442,2.41583399967906,38.3785655459039));
#9018=CARTESIAN_POINT('',(-68.1515901004095,2.84200796151388,53.6923087267762));
#9019=CARTESIAN_POINT('',(33.8644827835052,2.8744553581413,53.627099949926));
#9020=CARTESIAN_POINT('',(34.4199478553433,2.69294277711591,47.0980407134431));
#9021=CARTESIAN_POINT('',(-68.1612431109442,2.41583399967903,38.3785655459039));
#9022=CARTESIAN_POINT('',(-68.1612431109442,2.41583399967906,38.3785655459039));
#9023=CARTESIAN_POINT('',(-23.2519583680764,3.06379968563237,61.1201704836251));
#9024=CARTESIAN_POINT('',(-23.5719771161331,3.02992798280254,59.9069086651305));
#9025=CARTESIAN_POINT('',(-23.8920037016813,2.99605633483005,58.6936489124288));
#9026=CARTESIAN_POINT('',(-24.21203661049,2.96218473111628,57.4803908264014));
#9027=CARTESIAN_POINT('',(-23.2502012412369,3.0634857633309,61.1197157751359));
#9028=CARTESIAN_POINT('',(-24.2102702248747,2.96195423326609,57.4799000436387));
#9029=CARTESIAN_POINT('',(-24.2079300246722,2.9621554361723,57.4792886016331));
#9030=CARTESIAN_POINT('',(-23.8880999112358,2.99602864821757,58.6926069277844));
#9031=CARTESIAN_POINT('',(-23.5682697977993,3.02990186026284,59.9059252539356));
#9032=CARTESIAN_POINT('',(-23.2484396843628,3.06377507230812,61.1192435800869));
#9033=CARTESIAN_POINT('',(-22.7714125414595,-27.240948733199,69.0377117634168));
#9034=CARTESIAN_POINT('',(-35.5326213647777,-26.7812548883994,20.6135299237967));
#9035=CARTESIAN_POINT('',(-35.1406832925392,5.0219431302453,20.8121523975915));
#9036=CARTESIAN_POINT('',(-35.1407812038928,5.01399826755456,20.8121027790506));
#9037=CARTESIAN_POINT('',(-34.2136972266134,5.04793364876312,24.3273248694926));
#9038=CARTESIAN_POINT('',(-34.2157752473068,5.04785758399863,24.3194456434195));
#9039=CARTESIAN_POINT('',(-34.3986025230621,-28.0378894732329,24.965962924076));
#9040=CARTESIAN_POINT('',(-34.2157475293987,5.05287361726718,24.3193476268269));
#9041=CARTESIAN_POINT('',(-34.3476204311612,5.04306505967058,23.8195272158171));
#9042=CARTESIAN_POINT('',(-34.3435438805698,5.54304349483492,23.8147405555598));
#9043=CARTESIAN_POINT('',(-22.5188429460002,5.97587994085918,68.6504306944928));
#9044=CARTESIAN_POINT('',(-35.0048489150791,5.51883680052115,21.3072718442039));
#9045=CARTESIAN_POINT('',(-35.0089254656705,5.01885836535681,21.3120585044612));
#9046=CARTESIAN_POINT('',(-21.1861069873074,6.63200817934224,1.55939326261438));
#9047=CARTESIAN_POINT('',(-2.09459509442764,1.83069342136177,1.74818343549544));
#9048=CARTESIAN_POINT('',(-2.09619694992098,6.47663436709833,1.55394089950615));
#9049=CARTESIAN_POINT('',(-2.09577012854823,5.23870316768677,1.60569766920307));
#9050=CARTESIAN_POINT('',(-21.1860513231344,6.47056261723679,1.56614315370724));
#9051=CARTESIAN_POINT('',(2.07567598709517,6.47796127973121,1.55127423411013));
#9052=CARTESIAN_POINT('',(2.07727784258851,1.83202033399466,1.74551677009942));
#9053=CARTESIAN_POINT('',(2.07610280846791,5.24003008031965,1.60303100380705));
#9054=CARTESIAN_POINT('',(-21.1856245017616,5.23263141782524,1.61789992340416));
#9055=CARTESIAN_POINT('',(-68.1836623973615,-0.43836316195576,1.88441645338763));
#9056=CARTESIAN_POINT('',(41.1566989511935,-0.403586190329933,1.81452598395138));
#9057=CARTESIAN_POINT('',(41.1565267086673,0.0959773522223844,1.79363968975898));
#9058=CARTESIAN_POINT('',(41.6565265812321,0.0961363829880277,1.79332008933531));
#9059=CARTESIAN_POINT('',(41.6539896832863,7.45402733549535,1.48569340728305));
#9060=CARTESIAN_POINT('',(41.6550247037185,4.45210623470096,1.61120097921918));
#9061=CARTESIAN_POINT('',(38.6550254683299,4.45115205010709,1.61311858176122));
#9062=CARTESIAN_POINT('',(38.6539904478976,7.45307315090148,1.48761100982509));
#9063=CARTESIAN_POINT('',(-21.1863835167453,7.43404022507446,1.52586103731766));
#9064=CARTESIAN_POINT('',(-38.5956297336029,7.42850301215286,1.53698904508735));
#9065=CARTESIAN_POINT('',(-38.5945947131707,4.42658191135847,1.66249661702348));
#9066=CARTESIAN_POINT('',(-41.5945939485593,4.42562772676461,1.66441421956552));
#9067=CARTESIAN_POINT('',(-41.5953524395536,6.62551678182678,1.57243887292611));
#9068=CARTESIAN_POINT('',(-41.5930920710457,0.0696578750516777,1.84653332968165));
#9069=CARTESIAN_POINT('',(-41.0930921984809,0.0698169058173224,1.84621372925798));
#9070=CARTESIAN_POINT('',(-41.0929199559548,-0.429746636734994,1.86710002345037));
#9071=CARTESIAN_POINT('',(-21.1836743762733,-0.423414269985181,1.85437401356231));
#9072=CARTESIAN_POINT('',(-21.1856245017616,5.23263141782524,1.61789992340416));
#9073=CARTESIAN_POINT('',(54.3081437524719,2.15367676203277,-9.69354304597159));
#9074=CARTESIAN_POINT('',(-0.00871966480025701,3.30575617625802,2.38500763215078));
#9075=CARTESIAN_POINT('',(-0.00738560768667177,3.51868056414586,4.57802698788489));
#9076=CARTESIAN_POINT('',(-27.1187842388752,3.26119748605953,2.03221171984505));
#9077=CARTESIAN_POINT('',(-36.602152874109,3.49677427261797,4.49567398007152));
#9078=CARTESIAN_POINT('',(-36.9187817413638,3.25808044830302,2.03847553024207));
#9079=CARTESIAN_POINT('',(-36.9258826583035,2.12465839796229,-9.63522948601974));
#9080=CARTESIAN_POINT('',(-36.9201480108134,3.04000158129046,-0.207632495466378));
#9081=CARTESIAN_POINT('',(54.3138787444429,3.06901962294174,-0.265949377538474));
#9082=CARTESIAN_POINT('',(36.747933236147,3.06343256999085,-0.254721207423388));
#9083=CARTESIAN_POINT('',(36.7421982070475,2.14808971573159,-9.68231480722224));
#9084=CARTESIAN_POINT('',(36.7504198479677,3.46030978227472,3.83292425681219));
#9085=CARTESIAN_POINT('',(26.7504223967018,3.4571291707656,3.83931630446261));
#9086=CARTESIAN_POINT('',(36.7151852536296,3.54205980912175,4.6750503851037));
#9087=CARTESIAN_POINT('',(38.0432790736364,2.01545306804287,-11.0535059435936));
#9088=CARTESIAN_POINT('',(35.4108920010221,5.0413084629286,20.1217376475086));
#9089=CARTESIAN_POINT('',(54.3262736232699,5.04732471970566,20.1096469164662));
#9090=CARTESIAN_POINT('',(-32.5063049371638,5.01970660976392,20.1651503884056));
#9091=CARTESIAN_POINT('',(-34.3118809147075,4.34835110884996,13.2575623580068));
#9092=CARTESIAN_POINT('',(-27.1073211504091,-29.9857666069762,3.4222368395793));
#9093=CARTESIAN_POINT('',(-36.9073186529045,-29.9888836249812,3.42850064915053));
#9094=CARTESIAN_POINT('',(-36.9175154104535,-0.414721905883961,2.19203203296072));
#9095=CARTESIAN_POINT('',(-36.5906430277112,-29.8858041690222,5.89136901151948));
#9096=CARTESIAN_POINT('',(-36.6008389666444,-0.311642318413405,4.6549035341048));
#9097=CARTESIAN_POINT('',(-27.1175179079581,-0.41160488787896,2.18576822338949));
#9098=CARTESIAN_POINT('',(-36.5872564035363,-29.8852601039725,5.9043541653415));
#9099=CARTESIAN_POINT('',(-30.6362417891356,-121.882962737628,32.4852324480726));
#9100=CARTESIAN_POINT('',(-30.3672173443939,5.55036236635956,28.3593696986413));
#9101=CARTESIAN_POINT('',(-23.0997209435234,6.45531274732647,56.235377045464));
#9102=CARTESIAN_POINT('',(-20.2950058839023,6.80455653386674,66.9934501555351));
#9103=CARTESIAN_POINT('',(-20.2832576589564,-27.2660040461208,68.4179135911719));
#9104=CARTESIAN_POINT('',(-20.2937742546192,3.23239870926731,67.1427987995724));
#9105=CARTESIAN_POINT('',(-36.4910893290983,1.49765675145647,5.00317536925718));
#9106=CARTESIAN_POINT('',(-27.798184735665,2.42867193910539,38.3527654382132));
#9107=CARTESIAN_POINT('',(-27.9628449495361,-47.5520324489897,39.7438077209227));
#9108=CARTESIAN_POINT('',(-28.5936972592344,2.25028088510711,35.3046220462567));
#9109=CARTESIAN_POINT('',(-36.9353560452525,-0.598570615564287,3.38172297555911));
#9110=CARTESIAN_POINT('',(-35.3394646519797,-0.0535402196609801,9.48907898017488));
#9111=CARTESIAN_POINT('',(-35.970316961678,49.7487731144291,5.04989330550917));
#9112=CARTESIAN_POINT('',(-35.9530927090614,-0.207581140802663,7.13852272474872));
#9113=CARTESIAN_POINT('',(-36.5974531610853,-0.311098384875358,4.6678855491517));
#9114=CARTESIAN_POINT('',(5.5088176833179,2.88871664996667,60.6437978558942));
#9115=CARTESIAN_POINT('',(5.52514720057805,6.60448274669506,60.5434152271019));
#9116=CARTESIAN_POINT('',(17.9075191062126,7.06213134546404,74.5496738655997));
#9117=CARTESIAN_POINT('',(5.53341854914453,8.4866202335493,60.4925686711668));
#9118=CARTESIAN_POINT('',(5.53341854914453,8.99162256262321,79.1857485142976));
#9119=CARTESIAN_POINT('',(5.54653383927365,9.04842204762249,81.2903732842421));
#9120=CARTESIAN_POINT('',(5.53341854914453,8.4866202335493,60.4925686711668));
#9121=CARTESIAN_POINT('',(5.53341854914453,7.9247607126724,39.6947614816675));
#9122=CARTESIAN_POINT('',(52.8462396977262,20.4317165435235,46.8452134087597));
#9123=CARTESIAN_POINT('',(52.8462396977262,20.4317165435235,46.8452134087597));
#9124=CARTESIAN_POINT('',(56.3430334217531,20.3595271019999,44.6657952900415));
#9125=CARTESIAN_POINT('',(55.7802362826371,20.4955127452728,49.738349265297));
#9126=CARTESIAN_POINT('',(59.1855031654069,20.3523186185592,44.8484357966493));
#9127=CARTESIAN_POINT('',(57.6596078736837,20.3561882783745,44.750390675955));
#9128=CARTESIAN_POINT('',(52.8462396975633,20.4317165435272,46.8452134088741));
#9129=CARTESIAN_POINT('',(57.1665716174628,20.4919970085271,49.8274270778619));
#9130=CARTESIAN_POINT('',(55.7802362826344,20.4955127452729,49.7383492652998));
#9131=CARTESIAN_POINT('',(52.8348271253137,17.7326767198944,46.9163033774994));
#9132=CARTESIAN_POINT('',(52.8289094951739,16.3331745891238,46.9531648427719));
#9133=CARTESIAN_POINT('',(56.3257032192008,16.2609851476003,44.7737467240537));
#9134=CARTESIAN_POINT('',(55.7629060800847,16.3969707908732,49.8463006993107));
#9135=CARTESIAN_POINT('',(56.3316208493406,17.6604872783709,44.7368852587812));
#9136=CARTESIAN_POINT('',(55.7688237102246,17.7964729216437,49.8094392340367));
#9137=CARTESIAN_POINT('',(52.8289094951739,16.3331745891238,46.9531648427719));
#9138=CARTESIAN_POINT('',(55.762906080082,16.3969707908732,49.846300699312));
#9139=CARTESIAN_POINT('',(57.1492414149104,16.3934550541274,49.9353785118741));
#9140=CARTESIAN_POINT('',(52.828909495011,16.3331745891275,46.9531648428863));
#9141=CARTESIAN_POINT('',(57.6422776711314,16.2576463239749,44.8583421099672));
#9142=CARTESIAN_POINT('',(59.1681729628545,16.2537766641595,44.9563872306615));
#9143=CARTESIAN_POINT('',(-32.0183703110428,22.0104069804566,96.9567117626621));
#9144=CARTESIAN_POINT('',(-32.0183703110426,22.0104069804566,96.9567117626619));
#9145=CARTESIAN_POINT('',(-35.6787553172873,22.068340327823,98.5686129176096));
#9146=CARTESIAN_POINT('',(-31.6121596521609,22.113465476489,100.934697665981));
#9147=CARTESIAN_POINT('',(-29.9182391761601,22.0372424190493,98.3127092093896));
#9148=CARTESIAN_POINT('',(-32.2672842272292,22.142944781346,101.948752987819));
#9149=CARTESIAN_POINT('',(-32.0183703110429,22.0104069804565,96.9567117626622));
#9150=CARTESIAN_POINT('',(-36.3022540081167,22.0963965306956,99.5337151129113));
#9151=CARTESIAN_POINT('',(-33.8664857097397,21.9867917944949,95.7634340095418));
#9152=CARTESIAN_POINT('',(-31.9930090390148,28.0082732551878,96.7987340543514));
#9153=CARTESIAN_POINT('',(-32.0340097621264,18.3117227777056,97.0541313494534));
#9154=CARTESIAN_POINT('',(-35.6943947683711,18.3696561250721,98.6660325044011));
#9155=CARTESIAN_POINT('',(-31.6277991032447,18.4147812737381,101.032117252773));
#9156=CARTESIAN_POINT('',(-31.5867983801331,28.1113317512202,100.776719957671));
#9157=CARTESIAN_POINT('',(-35.6533940452595,28.0662066025542,98.4106352092991));
#9158=CARTESIAN_POINT('',(-32.0340097621266,18.3117227777056,97.0541313494536));
#9159=CARTESIAN_POINT('',(-33.8821251608235,18.288107591744,95.8608535963333));
#9160=CARTESIAN_POINT('',(-36.3178934592005,18.3977123279446,99.6311346997028));
#9161=CARTESIAN_POINT('',(-32.0340097621267,18.3117227777056,97.0541313494537));
#9162=CARTESIAN_POINT('',(-32.282923678313,18.4442605785951,102.04617257461));
#9163=CARTESIAN_POINT('',(-29.9338786272439,18.3385582162984,98.4101287961811));
#9164=CARTESIAN_POINT('',(5.5088176833179,2.88871664996667,60.6437978558942));
#9165=CARTESIAN_POINT('',(5.5088176833179,2.88871664996667,60.6437978558942));
#9166=CARTESIAN_POINT('',(5.5088176833179,3.39371897904057,79.336977699025));
#9167=CARTESIAN_POINT('',(5.54810382100857,11.8282398567342,60.4022937309614));
#9168=CARTESIAN_POINT('',(5.54810382100857,11.8282398567342,60.4022937309614));
#9169=CARTESIAN_POINT('',(5.54810382100857,12.3833210942307,80.9491957999059));
#9170=CARTESIAN_POINT('',(52.8606110850457,23.8305074325415,46.7556927074981));
#9171=CARTESIAN_POINT('',(57.1809430049452,23.8907878975414,49.737906376486));
#9172=CARTESIAN_POINT('',(57.1783670348597,23.2815785454439,49.7539523323172));
#9173=CARTESIAN_POINT('',(57.6739792611661,23.7549791673889,44.660869974579));
#9174=CARTESIAN_POINT('',(57.6712833333451,23.1174001633685,44.6776631582309));
#9175=CARTESIAN_POINT('',(52.8578757030901,23.1835976418148,46.7727316546072));
#9176=CARTESIAN_POINT('',(59.1740905929944,17.6532787949302,44.919525765389));
#9177=CARTESIAN_POINT('',(57.6422776711314,16.2576463239749,44.8583421099672));
#9178=CARTESIAN_POINT('',(57.6380507924601,15.258001944853,44.884671728019));
#9179=CARTESIAN_POINT('',(59.1639460841832,15.2541322850377,44.9827168487133));
#9180=CARTESIAN_POINT('',(59.1639460841821,15.2541322850382,44.9827168487317));
#9181=CARTESIAN_POINT('',(59.1740905929932,17.6532787949306,44.9195257654075));
#9182=CARTESIAN_POINT('',(59.1972105677698,23.1210848586847,44.7755093048891));
#9183=CARTESIAN_POINT('',(53.7584878497023,23.1079518365631,44.4267652437699));
#9184=CARTESIAN_POINT('',(59.3707642761048,17.5928271592876,42.6559600021001));
#9185=CARTESIAN_POINT('',(59.3606197672937,15.1936806493951,42.7191510854243));
#9186=CARTESIAN_POINT('',(59.3606197672937,15.1936806493951,42.7191510854243));
#9187=CARTESIAN_POINT('',(59.3707642761048,17.5928271592876,42.6559600021001));
#9188=CARTESIAN_POINT('',(59.3938303218955,23.0478791766972,42.5122794702323));
#9189=CARTESIAN_POINT('',(59.9590782079326,22.8374254653018,36.0058839895394));
#9190=CARTESIAN_POINT('',(58.7326756324995,17.7889566138282,49.9998790499787));
#9191=CARTESIAN_POINT('',(58.7225311236884,15.3898101039357,50.0630701333029));
#9192=CARTESIAN_POINT('',(58.7225311236884,15.3898101039357,50.0630701333029));
#9193=CARTESIAN_POINT('',(58.5126265128485,15.4543285329066,52.4789138961301));
#9194=CARTESIAN_POINT('',(58.7326756324995,17.7889566138282,49.9998790499787));
#9195=CARTESIAN_POINT('',(58.755916645638,23.2853878946148,49.855108630324));
#9196=CARTESIAN_POINT('',(59.9590782079326,22.8374254653018,36.0058839895394));
#9197=CARTESIAN_POINT('',(58.5460695917746,23.3635183793134,52.2705938654231));
#9198=CARTESIAN_POINT('',(58.5227710216596,17.8534750427991,52.4157228128059));
#9199=CARTESIAN_POINT('',(55.7688237102219,17.7964729216438,49.8094392340396));
#9200=CARTESIAN_POINT('',(55.7586792014108,15.3973264117513,49.8726303173638));
#9201=CARTESIAN_POINT('',(57.1450145362392,15.3938106750055,49.9617081299259));
#9202=CARTESIAN_POINT('',(57.1492414149104,16.3934550541274,49.9353785118741));
#9203=CARTESIAN_POINT('',(53.4319025910014,23.2725318624581,49.5137199674103));
#9204=CARTESIAN_POINT('',(52.828909495011,16.3331745891275,46.9531648428863));
#9205=CARTESIAN_POINT('',(52.8246826163397,15.3335302100056,46.979494460938));
#9206=CARTESIAN_POINT('',(-28.1046610083982,20.1487505225455,102.864445025808));
#9207=CARTESIAN_POINT('',(-34.5673131056975,25.1777857668372,102.861785209478));
#9208=CARTESIAN_POINT('',(-32.4976598025437,25.1679500097571,102.820611582371));
#9209=CARTESIAN_POINT('',(-28.8809239823158,25.1507619450234,102.748660337311));
#9210=CARTESIAN_POINT('',(-32.5187941959002,20.1697281141477,102.95225967263));
#9211=CARTESIAN_POINT('',(-32.5293613925785,17.670617166343,103.018083717759));
#9212=CARTESIAN_POINT('',(2.11892099699451,17.5059557284541,102.32879172049));
#9213=CARTESIAN_POINT('',(-28.9126255723505,17.6534291016094,102.946132472699));
#9214=CARTESIAN_POINT('',(-28.9020583756723,20.152540049414,102.88030842757));
#9215=CARTESIAN_POINT('',(-32.5227957642381,20.1644801060704,102.752368587631));
#9216=CARTESIAN_POINT('',(-32.5016613708816,25.1627020016797,102.620720497372));
#9217=CARTESIAN_POINT('',(-32.6696718616722,25.1605551665923,102.512240701634));
#9218=CARTESIAN_POINT('',(-32.6569912256583,28.1594883039579,102.433251847479));
#9219=CARTESIAN_POINT('',(-32.701373451707,17.6632223231783,102.709712837022));
#9220=CARTESIAN_POINT('',(-32.5333629609163,17.6653691582657,102.81819263276));
#9221=CARTESIAN_POINT('',(-34.4457010176461,28.2399766923736,105.201962948874));
#9222=CARTESIAN_POINT('',(-32.2846144297815,18.0444028269463,102.056704421831));
#9223=CARTESIAN_POINT('',(-32.28630518125,17.6445450752976,102.067236269052));
#9224=CARTESIAN_POINT('',(23.9439444315982,15.1142955111583,15.0294635489082));
#9225=CARTESIAN_POINT('',(-32.6139200157605,25.1580464442446,102.425943441234));
#9226=CARTESIAN_POINT('',(-32.2546035912153,25.1418779187116,101.869764133664));
#9227=CARTESIAN_POINT('',(-32.2546035912153,25.1418779187116,101.869764133664));
#9228=CARTESIAN_POINT('',(-32.0056896750291,25.0093401178222,96.877722908507));
#9229=CARTESIAN_POINT('',(-32.0056896750291,25.0093401178222,96.877722908507));
#9230=CARTESIAN_POINT('',(-36.2895733721029,25.0953296680612,99.4547262587561));
#9231=CARTESIAN_POINT('',(-36.2895733721029,25.0953296680612,99.4547262587561));
#9232=CARTESIAN_POINT('',(-34.5303609206895,28.0156723421957,96.6723128200778));
#9233=CARTESIAN_POINT('',(19.9956978980186,15.0638448866039,12.4801883490603));
#9234=CARTESIAN_POINT('',(-36.3212749621376,17.5979968246471,99.6521983941442));
#9235=CARTESIAN_POINT('',(-37.3482592630112,17.644209078684,101.241848569664));
#9236=CARTESIAN_POINT('',(-36.3195842106691,17.9978545762959,99.6416665469235));
#9237=CARTESIAN_POINT('',(-36.56216654934,25.1075958196902,99.8766682413862));
#9238=CARTESIAN_POINT('',(-37.3165576729764,25.141541922098,101.044376434276));
#9239=CARTESIAN_POINT('',(-37.3038770369625,28.1404750594636,100.965387580121));
#9240=CARTESIAN_POINT('',(-37.5057025571235,20.1411731914012,101.067544728796));
#9241=CARTESIAN_POINT('',(-37.5162697538018,17.6420622435965,101.133368773926));
#9242=CARTESIAN_POINT('',(-37.6305648848832,17.6468665290246,101.297422246466));
#9243=CARTESIAN_POINT('',(-37.484568163767,25.1393950870105,100.935896638538));
#9244=CARTESIAN_POINT('',(-37.5988632948484,25.1441993724386,101.099950111078));
#9245=CARTESIAN_POINT('',(-37.6199976882049,20.1459774768293,101.231598201337));
#9246=CARTESIAN_POINT('',(-35.0757251265018,20.1818795945265,103.003127187741));
#9247=CARTESIAN_POINT('',(-59.9536540683781,17.331866403922,85.7542763784091));
#9248=CARTESIAN_POINT('',(-39.7797794751943,17.6165390569057,99.8009646726795));
#9249=CARTESIAN_POINT('',(-39.7480778851595,25.1138719003197,99.6034925372913));
#9250=CARTESIAN_POINT('',(-39.7480778851596,25.1138719003197,99.6034925372913));
#9251=CARTESIAN_POINT('',(-39.769212278516,20.1156500047104,99.7351406275501));
#9252=CARTESIAN_POINT('',(0.062618708015567,14.8091403523568,-0.390057721821987));
#9253=CARTESIAN_POINT('',(-52.209226014391,17.1612695574778,80.5205726228086));
#9254=CARTESIAN_POINT('',(-34.9408656586781,17.3819243614691,91.6702823540657));
#9255=CARTESIAN_POINT('',(-33.8090880340149,17.3963861959912,92.4010403261827));
#9256=CARTESIAN_POINT('',(-32.0373912650638,17.5120072744081,97.0751950438951));
#9257=CARTESIAN_POINT('',(-38.9225659920836,17.5805069161952,98.5705636286255));
#9258=CARTESIAN_POINT('',(-40.0428538140563,17.6115036963515,99.5675563044058));
#9259=CARTESIAN_POINT('',(17.3309790637288,15.0297951563481,10.7596520094353));
#9260=CARTESIAN_POINT('',(-32.0357005135953,17.9118650260569,97.0646631966744));
#9261=CARTESIAN_POINT('',(-32.0373912650638,17.5120072744081,97.0751950438951));
#9262=CARTESIAN_POINT('',(-27.0469748173673,17.4827923593819,96.7671525674398));
#9263=CARTESIAN_POINT('',(-32.0373912650638,17.5120072744081,97.0751950438951));
#9264=CARTESIAN_POINT('',(35.2265744441266,1.77255452378405,35.308223953248));
#9265=CARTESIAN_POINT('',(35.4258415544136,1.77414136922873,35.3251865998075));
#9266=CARTESIAN_POINT('',(35.4257727461579,1.97334554863244,35.3074293232031));
#9267=CARTESIAN_POINT('',(35.2270663845551,1.77204380414906,35.3024927064119));
#9268=CARTESIAN_POINT('',(35.4263354842899,1.77363065468569,35.3194554017222));
#9269=CARTESIAN_POINT('',(35.4262646937365,1.9728367994594,35.3016978087255));
#9270=CARTESIAN_POINT('',(35.2275583210139,1.77153308448254,35.2967614592389));
#9271=CARTESIAN_POINT('',(35.4268294078302,1.77311994255582,35.3137242307353));
#9272=CARTESIAN_POINT('',(35.4267566374047,1.97232805013229,35.295966292888));
#9273=CARTESIAN_POINT('',(35.2280502534159,1.77102236478376,35.291030211721));
#9274=CARTESIAN_POINT('',(35.4273233249461,1.77260923283854,35.3079930868373));
#9275=CARTESIAN_POINT('',(35.4272485770735,1.97181930064937,35.2902347756827));
#9276=CARTESIAN_POINT('',(35.226499732189,1.97176455595897,35.2904656453614));
#9277=CARTESIAN_POINT('',(35.4257727464108,1.97334554837084,35.3074293202561));
#9278=CARTESIAN_POINT('',(35.2265744443813,1.77255452378608,35.3082239532697));
#9279=CARTESIAN_POINT('',(35.228032713874,1.77104057417323,35.2912345557445));
#9280=CARTESIAN_POINT('',(35.2275466278903,1.77154522407481,35.2968976885804));
#9281=CARTESIAN_POINT('',(35.2270605379459,1.77204987394486,35.3025608210791));
#9282=CARTESIAN_POINT('',(35.2265744441266,1.77255452378405,35.308223953248));
#9283=CARTESIAN_POINT('',(35.4257727464108,1.97334554837084,35.3074293202561));
#9284=CARTESIAN_POINT('',(35.4262617599109,1.97283983348462,35.3017319897335));
#9285=CARTESIAN_POINT('',(35.4267507694603,1.97233411853587,35.2960346588774));
#9286=CARTESIAN_POINT('',(35.4272397749717,1.97182840352282,35.2903373276804));
#9287=CARTESIAN_POINT('',(35.4257727464108,1.97334554837084,35.3074293202561));
#9288=CARTESIAN_POINT('',(35.4258415544145,1.77414136948337,35.3251865997847));
#9289=CARTESIAN_POINT('',(35.2265744443814,1.77255452378606,35.3082239532696));
#9290=CARTESIAN_POINT('',(35.3392207231997,2.06285361699289,36.3158176017548));
#9291=CARTESIAN_POINT('',(35.3392870440303,1.86328776760533,36.3295174830574));
#9292=CARTESIAN_POINT('',(35.1400212006978,1.86204757044745,36.3125076597671));
#9293=CARTESIAN_POINT('',(35.2525490227391,2.12154832967602,37.3270184341152));
#9294=CARTESIAN_POINT('',(35.2526128114102,1.92174478983536,37.3366495824081));
#9295=CARTESIAN_POINT('',(35.0533473338183,1.92085414547843,37.3196136457702));
#9296=CARTESIAN_POINT('',(35.1659343765262,2.14931208802998,38.3389697917427));
#9297=CARTESIAN_POINT('',(35.1659956026068,1.94939531346729,38.3445290566819));
#9298=CARTESIAN_POINT('',(34.9667295777207,1.94885448375904,38.32748837723));
#9299=CARTESIAN_POINT('',(34.9682034868224,2.14827372895095,38.3039244232808));
#9300=CARTESIAN_POINT('',(34.9682793749198,1.94835019854374,38.3094549504594));
#9301=CARTESIAN_POINT('',(35.2265744443813,1.77255452378608,35.3082239532697));
#9302=CARTESIAN_POINT('',(35.140527906148,1.86152365462122,36.3066283188853));
#9303=CARTESIAN_POINT('',(35.0543901403859,1.92014881500914,37.3074966654327));
#9304=CARTESIAN_POINT('',(34.9682794011796,1.94835019861571,38.3094549527005));
#9305=CARTESIAN_POINT('',(35.1674841444419,2.14881202261473,38.3208634238017));
#9306=CARTESIAN_POINT('',(35.2535927016781,2.12084406209587,37.3148416911106));
#9307=CARTESIAN_POINT('',(35.3397283212919,2.06232868269263,36.3099037484583));
#9308=CARTESIAN_POINT('',(35.4257727464108,1.97334554837084,35.3074293202561));
#9309=CARTESIAN_POINT('',(-68.1444571043781,-47.5648126773386,39.769491848006));
#9310=CARTESIAN_POINT('',(-68.1610752508785,1.91602753290893,38.3924748089249));
#9311=CARTESIAN_POINT('',(34.9668186146261,1.9488285571104,38.32655535498));
#9312=CARTESIAN_POINT('',(34.5653615581513,1.94870086903173,38.3268119667361));
#9313=CARTESIAN_POINT('',(34.5653615581513,1.94870086903172,38.3268119667361));
#9314=CARTESIAN_POINT('',(34.651473080305,1.92084556685024,37.3248383302579));
#9315=CARTESIAN_POINT('',(34.7376107174467,1.86256576726546,36.3239440563506));
#9316=CARTESIAN_POINT('',(34.8236562197003,1.77394078921746,35.3255032375472));
#9317=CARTESIAN_POINT('',(34.823656245528,1.77394078942198,35.3255032397415));
#9318=CARTESIAN_POINT('',(34.8436056209916,-47.532056128055,39.7036617742672));
#9319=CARTESIAN_POINT('',(34.825114416766,1.7724268347624,35.3084805669249));
#9320=CARTESIAN_POINT('',(-68.1629483719935,1.73967028545865,35.3743106407042));
#9321=CARTESIAN_POINT('',(34.9834367611265,-47.5320116531371,39.7035723940611));
#9322=CARTESIAN_POINT('',(34.6242910795015,1.97158824665784,35.2910551821173));
#9323=CARTESIAN_POINT('',(34.6243716490548,1.77237800559237,35.3087442781648));
#9324=CARTESIAN_POINT('',(34.8236474965076,1.77394985541475,35.3256053773552));
#9325=CARTESIAN_POINT('',(34.6247800384392,1.97107951647347,35.2853237610431));
#9326=CARTESIAN_POINT('',(34.6248586579178,1.77186933843616,35.3030358992067));
#9327=CARTESIAN_POINT('',(34.8241364695357,1.77344317306465,35.3198970190831));
#9328=CARTESIAN_POINT('',(34.6252689977795,1.97056979107352,35.2795924283402));
#9329=CARTESIAN_POINT('',(34.6253456647201,1.77135968257226,35.2973276371251));
#9330=CARTESIAN_POINT('',(34.8246254429649,1.77293549950381,35.3141887488265));
#9331=CARTESIAN_POINT('',(34.6257579574932,1.97005907048813,35.2738611843493));
#9332=CARTESIAN_POINT('',(34.6258326694324,1.77084903806008,35.2916194922588));
#9333=CARTESIAN_POINT('',(34.825114416766,1.77242683476241,35.308480566925));
#9334=CARTESIAN_POINT('',(34.8235815495225,1.97315694026534,35.3078137043133));
#9335=CARTESIAN_POINT('',(34.6243085138912,1.97157007200104,35.2908508295752));
#9336=CARTESIAN_POINT('',(34.6443238739112,-47.5336339245022,39.6868006995998));
#9337=CARTESIAN_POINT('',(34.6257579572399,1.97005907075266,35.2738611873179));
#9338=CARTESIAN_POINT('',(34.8250397045718,1.97163686693722,35.2907222590383));
#9339=CARTESIAN_POINT('',(36.2682947817829,0.464150802133289,18.3738950259926));
#9340=CARTESIAN_POINT('',(36.0690130347025,0.462573005686118,18.3570339513252));
#9341=CARTESIAN_POINT('',(36.8272434091991,-0.329401844437683,9.46958747651874));
#9342=CARTESIAN_POINT('',(37.0265251562795,-0.327824047990512,9.48644855118616));
#9343=CARTESIAN_POINT('',(37.0265998944408,-0.527034080223584,9.50420685831004));
#9344=CARTESIAN_POINT('',(36.2683694939735,0.264940769695773,18.3916533309324));
#9345=CARTESIAN_POINT('',(36.8272262337812,-0.329383864282282,9.46979002222127));
#9346=CARTESIAN_POINT('',(36.8273010144909,-0.528593827662925,9.48754832681779));
#9347=CARTESIAN_POINT('',(37.0265912500123,-0.527024996498279,9.50430879456248));
#9348=CARTESIAN_POINT('',(36.8277093682208,-0.329889631396608,9.46409265657347));
#9349=CARTESIAN_POINT('',(36.8277822309263,-0.529101532618329,9.4818509433289));
#9350=CARTESIAN_POINT('',(37.0270743774918,-0.527532675812439,9.49861169067236));
#9351=CARTESIAN_POINT('',(36.8281925065203,-0.330395398362218,9.45839529222985));
#9352=CARTESIAN_POINT('',(36.8282634488159,-0.52960923500979,9.47615358859543));
#9353=CARTESIAN_POINT('',(37.0275575088856,-0.528040355095811,9.49291458711122));
#9354=CARTESIAN_POINT('',(36.8286756485954,-0.330901165180857,9.45269792918345));
#9355=CARTESIAN_POINT('',(36.828744668077,-0.530116934837477,9.47045626261464));
#9356=CARTESIAN_POINT('',(37.0280406441102,-0.528548034349038,9.48721748387205));
#9357=CARTESIAN_POINT('',(36.8286756485954,-0.330901165180851,9.45269792918345));
#9358=CARTESIAN_POINT('',(36.8281982317947,-0.330401391741692,9.4583277779967));
#9359=CARTESIAN_POINT('',(36.8277208187613,-0.329901618243568,9.46395762712421));
#9360=CARTESIAN_POINT('',(36.8272434095768,-0.329401844684881,9.46958747657272));
#9361=CARTESIAN_POINT('',(36.8286756485954,-0.330901165180851,9.45269792918345));
#9362=CARTESIAN_POINT('',(37.0279659316697,-0.329338001648877,9.46945918187971));
#9363=CARTESIAN_POINT('',(37.0280406438603,-0.528548034084487,9.48721748684076));
#9364=CARTESIAN_POINT('',(37.0265998944408,-0.527034080223584,9.50420685831004));
#9365=CARTESIAN_POINT('',(37.0270801404065,-0.527538731540789,9.49854373416393));
#9366=CARTESIAN_POINT('',(37.0275603902418,-0.528043382829433,9.49288061032193));
#9367=CARTESIAN_POINT('',(37.0280406438603,-0.528548034086394,9.48721748681943));
#9368=CARTESIAN_POINT('',(37.4295181903944,-0.528420339223035,9.4869608649678));
#9369=CARTESIAN_POINT('',(37.6287999372205,-0.526842542523715,9.50382193959104));
#9370=CARTESIAN_POINT('',(37.6287252252825,-0.327632510604029,9.48606363171512));
#9371=CARTESIAN_POINT('',(37.430004223907,-0.528930037052943,9.48124110640858));
#9372=CARTESIAN_POINT('',(37.6292879061989,-0.527354159214591,9.49810248899573));
#9373=CARTESIAN_POINT('',(37.6292112726316,-0.328140189211948,9.48036652442582));
#9374=CARTESIAN_POINT('',(37.4304902570537,-0.529438759384018,9.47552126089201));
#9375=CARTESIAN_POINT('',(37.6297758725014,-0.52786479803163,9.49238297852248));
#9376=CARTESIAN_POINT('',(37.6296973196161,-0.328646896184571,9.47466933052355));
#9377=CARTESIAN_POINT('',(37.4309762898063,-0.529946506187047,9.4698013287466));
#9378=CARTESIAN_POINT('',(37.6302638360996,-0.528374458972699,9.48666340850372));
#9379=CARTESIAN_POINT('',(37.6301833662082,-0.329152631492541,9.46897205033552));
#9380=CARTESIAN_POINT('',(37.4106534262254,49.7721127841868,5.00298811510332));
#9381=CARTESIAN_POINT('',(37.2284007581731,-0.683868514333026,7.1126314444821));
#9382=CARTESIAN_POINT('',(37.0291203221741,-0.684645149721135,7.09569908890068));
#9383=CARTESIAN_POINT('',(37.0290514251637,-0.484819732700209,7.08734457122372));
#9384=CARTESIAN_POINT('',(37.2279137411577,-0.683628541079749,7.11837520028966));
#9385=CARTESIAN_POINT('',(37.028631366824,-0.684407124783419,7.10144278925686));
#9386=CARTESIAN_POINT('',(37.0285643939114,-0.484580710454127,7.09306558072551));
#9387=CARTESIAN_POINT('',(37.2274267238046,-0.68338758715454,7.12411891509398));
#9388=CARTESIAN_POINT('',(37.0281424134556,-0.684168120350024,7.10718642136167));
#9389=CARTESIAN_POINT('',(37.0280773623225,-0.484340711419682,7.09878654938644));
#9390=CARTESIAN_POINT('',(37.2269397061414,-0.683145652571249,7.12986258856462));
#9391=CARTESIAN_POINT('',(37.0276534620973,-0.683928136462793,7.11292998488438));
#9392=CARTESIAN_POINT('',(37.027590330425,-0.484099735611287,7.1045074768774));
#9393=CARTESIAN_POINT('',(37.2268880545343,-0.483331666490308,7.12123645395062));
#9394=CARTESIAN_POINT('',(37.2269570193941,-0.683154252820776,7.12965840360918));
#9395=CARTESIAN_POINT('',(37.0275990447242,-0.484104081388525,7.10440511579415));
#9396=CARTESIAN_POINT('',(37.0117238270314,49.7712726480639,4.98618337546871));
#9397=CARTESIAN_POINT('',(37.0290514251637,-0.484819732700207,7.08734457122373));
#9398=CARTESIAN_POINT('',(37.2283318611626,-0.484043097312091,7.10427692680515));
#9399=CARTESIAN_POINT('',(37.2284007581731,-0.683868514333025,7.11263144448211));
#9400=CARTESIAN_POINT('',(37.2110042630304,49.772049283452,5.00311573105013));
#9401=CARTESIAN_POINT('',(36.8286756483455,-0.33090116491919,9.45269793213094));
#9402=CARTESIAN_POINT('',(36.8287446675772,-0.530116934563786,9.47045626854377));
#9403=CARTESIAN_POINT('',(37.0280406438621,-0.528548033820717,9.4872174897997));
#9404=CARTESIAN_POINT('',(36.8949371806711,-0.400265626774965,8.67132113935353));
#9405=CARTESIAN_POINT('',(36.8950042953593,-0.599758336909532,8.68597281508512));
#9406=CARTESIAN_POINT('',(37.0942993390182,-0.598451710847308,8.70276977414302));
#9407=CARTESIAN_POINT('',(36.9612791086676,-0.451359126523256,7.88815395226643));
#9408=CARTESIAN_POINT('',(36.9613442927159,-0.651056126979941,7.89969183231208));
#9409=CARTESIAN_POINT('',(37.1606389165363,-0.65001350481321,7.91651226493605));
#9410=CARTESIAN_POINT('',(37.0275990447242,-0.484104081388514,7.10440511579415));
#9411=CARTESIAN_POINT('',(37.0276622784554,-0.683932412676222,7.11282682244492));
#9412=CARTESIAN_POINT('',(37.2269569937457,-0.683154252921089,7.12965840143863));
#9413=CARTESIAN_POINT('',(37.0275990447242,-0.484104081388524,7.10440511579415));
#9414=CARTESIAN_POINT('',(36.9612705419715,-0.451354896773447,7.88825519087542));
#9415=CARTESIAN_POINT('',(36.8949447292796,-0.400273528840005,8.67123212379055));
#9416=CARTESIAN_POINT('',(36.8286756485954,-0.330901165180844,9.45269792918345));
#9417=CARTESIAN_POINT('',(37.0280406441121,-0.528548034084407,9.48721748684061));
#9418=CARTESIAN_POINT('',(37.0943074037895,-0.598460219219879,8.70267429404523));
#9419=CARTESIAN_POINT('',(37.160630868317,-0.650009482922102,7.91660775585731));
#9420=CARTESIAN_POINT('',(37.2269569937457,-0.683154252921104,7.12965840143862));
#9421=CARTESIAN_POINT('',(-68.1787203667066,-0.562010266783568,9.55446574734353));
#9422=CARTESIAN_POINT('',(-68.178720366702,-0.562010266121987,9.55446575476496));
#9423=CARTESIAN_POINT('',(-68.1787203667066,-0.562010266783568,9.55446574734353));
#9424=CARTESIAN_POINT('',(-36.2539709771455,-0.551856228874044,9.53405942251357));
#9425=CARTESIAN_POINT('',(-36.2495433538856,-0.550351821018063,9.5509170190788));
#9426=CARTESIAN_POINT('',(-36.2451158256173,-0.548847410974077,9.56777464058841));
#9427=CARTESIAN_POINT('',(-36.2406883954772,-0.547342998704143,9.58463228748121));
#9428=CARTESIAN_POINT('',(-36.2539709771454,-0.551856228857166,9.53405942270284));
#9429=CARTESIAN_POINT('',(-36.2406883954772,-0.547342998704144,9.58463228748121));
#9430=CARTESIAN_POINT('',(-36.2406881866574,-0.547343003476823,9.58463223306346));
#9431=CARTESIAN_POINT('',(-33.9715792494691,0.219101954176338,18.1729516303243));
#9432=CARTESIAN_POINT('',(-31.7024051927561,0.98554541443545,26.7612539560719));
#9433=CARTESIAN_POINT('',(-29.4332245775594,1.75198872385471,35.3495545621277));
#9434=CARTESIAN_POINT('',(-29.433224578291,1.75198872385448,35.3495545621282));
#9435=CARTESIAN_POINT('',(-68.1629483719935,1.73967028545865,35.3743106407042));
#9436=CARTESIAN_POINT('',(-29.846756570358,1.75185719520232,35.3498188921953));
#9437=CARTESIAN_POINT('',(-29.8467565703581,1.75185719518506,35.3498188920017));
#9438=CARTESIAN_POINT('',(-29.8512378199095,1.75035272263679,35.3329607953427));
#9439=CARTESIAN_POINT('',(-29.8557189732658,1.74884824784574,35.31610267312));
#9440=CARTESIAN_POINT('',(-29.8602000238003,1.74734377069288,35.2992445239702));
#9441=CARTESIAN_POINT('',(-29.8602002349982,1.74734377557917,35.2992445796725));
#9442=CARTESIAN_POINT('',(-29.8602002349982,1.74734377557917,35.2992445796725));
#9443=CARTESIAN_POINT('',(-32.1293803772595,0.980900573097175,26.7109451712333));
#9444=CARTESIAN_POINT('',(-34.3985530430776,0.214457198689043,18.1226438026976));
#9445=CARTESIAN_POINT('',(-36.6676548197062,-0.551987805807141,9.53432384983293));
#9446=CARTESIAN_POINT('',(-36.6676548204385,-0.551987805807368,9.5343238498334));
#9447=CARTESIAN_POINT('',(-68.178720366702,-0.562010266121987,9.55446575476496));
#9448=CARTESIAN_POINT('',(-68.1444571043781,-47.5648126773386,39.769491848006));
#9449=CARTESIAN_POINT('',(-29.4197864069793,1.75648331476676,35.400211994812));
#9450=CARTESIAN_POINT('',(-29.1702832911798,1.83895504376253,36.3351817637975));
#9451=CARTESIAN_POINT('',(-28.9204793364889,1.89480869166729,37.2723335574566));
#9452=CARTESIAN_POINT('',(-28.6707098529163,1.92397489609324,38.2104094536459));
#9453=CARTESIAN_POINT('',(-29.4197866181707,1.75648331958608,35.4002120504073));
#9454=CARTESIAN_POINT('',(-28.6707098529163,1.92397489609324,38.2104094536459));
#9455=CARTESIAN_POINT('',(-28.6707098529163,1.92397489609324,38.2104094536459));
#9456=CARTESIAN_POINT('',(-28.6567944707738,1.92559982990992,38.2626723817963));
#9457=CARTESIAN_POINT('',(-28.6428792649256,1.92714192683926,38.3149379178083));
#9458=CARTESIAN_POINT('',(-28.6289642932622,1.92860117985983,38.3672058436631));
#9459=CARTESIAN_POINT('',(-28.6289642932622,1.92860117985984,38.3672058436631));
#9460=CARTESIAN_POINT('',(-68.1610752508785,1.91602753290893,38.3924748089249));
#9461=CARTESIAN_POINT('',(-29.0424693299257,1.92846965978116,38.3674701565003));
#9462=CARTESIAN_POINT('',(-29.0424693299257,1.92846965978117,38.3674701565007));
#9463=CARTESIAN_POINT('',(-29.0469764092776,1.92799416146678,38.350438299854));
#9464=CARTESIAN_POINT('',(-29.0514834845454,1.92750986647022,38.3334066922608));
#9465=CARTESIAN_POINT('',(-29.0559905557345,1.92701677479061,38.3163753337225));
#9466=CARTESIAN_POINT('',(-29.0559910812065,1.92701677862419,38.3163754726692));
#9467=CARTESIAN_POINT('',(-29.0559910812065,1.92701677862419,38.3163754726692));
#9468=CARTESIAN_POINT('',(-29.3196424486231,1.89834448649808,37.3260543926353));
#9469=CARTESIAN_POINT('',(-29.5833639554696,1.83993029690532,36.336701588149));
#9470=CARTESIAN_POINT('',(-29.8467565710938,1.75185719520208,35.3498188921958));
#9471=CARTESIAN_POINT('',(-29.4332245782909,1.7519887238716,35.3495545623203));
#9472=CARTESIAN_POINT('',(-29.4287452604407,1.75349559955902,35.3664396223201));
#9473=CARTESIAN_POINT('',(-29.4242659403684,1.75499379814142,35.3833254518021));
#9474=CARTESIAN_POINT('',(-29.4197866181707,1.75648331958608,35.4002120504073));
#9475=CARTESIAN_POINT('',(-68.1610752508785,1.91602753290896,38.392474808925));
#9476=CARTESIAN_POINT('',(33.8222731762846,2.19152132212471,47.0611329297434));
#9477=CARTESIAN_POINT('',(32.4952605646952,2.62515702019985,62.6591324942478));
#9478=CARTESIAN_POINT('',(34.5639006832731,1.94917534975338,38.3438792804548));
#9479=CARTESIAN_POINT('',(34.5639007095329,1.9491753498247,38.3438792827004));
#9480=CARTESIAN_POINT('',(34.5643876579048,1.94901718955721,38.3381901772792));
#9481=CARTESIAN_POINT('',(34.564874607473,1.94885902929298,38.3325010719602));
#9482=CARTESIAN_POINT('',(34.5653615581513,1.94870086903176,38.3268119667361));
#9483=CARTESIAN_POINT('',(34.2208350578002,2.1925979814487,47.0950109769358));
#9484=CARTESIAN_POINT('',(32.8938213220054,2.62623404688703,62.6930237555985));
#9485=CARTESIAN_POINT('',(32.8938213220054,2.62623404688703,62.6930237555985));
#9486=CARTESIAN_POINT('',(32.3460587843839,2.8052296256076,69.1315457023039));
#9487=CARTESIAN_POINT('',(28.010197084198,3.06233983071985,78.4227037616569));
#9488=CARTESIAN_POINT('',(17.2254500444787,3.26772822000743,85.9331500990184));
#9489=CARTESIAN_POINT('',(7.806628330376,3.33461526470797,88.4502943548249));
#9490=CARTESIAN_POINT('',(-1.99505562711674,3.30742065335731,87.5913896606183));
#9491=CARTESIAN_POINT('',(-13.8654538398292,3.14904642278647,82.0437270224922));
#9492=CARTESIAN_POINT('',(-19.7421304125957,2.9134215198746,73.6478550977456));
#9493=CARTESIAN_POINT('',(-21.389723053098,2.73897194015915,67.3991801732042));
#9494=CARTESIAN_POINT('',(-21.389723053098,2.73897194015915,67.3991801732042));
#9495=CARTESIAN_POINT('',(-21.389723053098,2.73897194015915,67.3991801732042));
#9496=CARTESIAN_POINT('',(-23.9412823299205,2.46880901728698,57.7221131120758));
#9497=CARTESIAN_POINT('',(-26.4918767830739,2.19863934492109,48.0447918752973));
#9498=CARTESIAN_POINT('',(-29.0424693299257,1.92846965978121,38.3674701565007));
#9499=CARTESIAN_POINT('',(-28.6289642932622,1.92860117985988,38.3672058436631));
#9500=CARTESIAN_POINT('',(-28.6244740341839,1.92907396239015,38.3841403160695));
#9501=CARTESIAN_POINT('',(-28.6199838005786,1.9295467450997,38.4010747952252));
#9502=CARTESIAN_POINT('',(-28.6154935990099,1.93001952803471,38.4180092828692));
#9503=CARTESIAN_POINT('',(-28.6154935990099,1.93001952803471,38.4180092828692));
#9504=CARTESIAN_POINT('',(-28.6154933863618,1.93001952653816,38.4180092265271));
#9505=CARTESIAN_POINT('',(-26.078305121762,2.19876936763502,48.0444729530822));
#9506=CARTESIAN_POINT('',(-23.5411100758614,2.46751916144572,57.6709348986488));
#9507=CARTESIAN_POINT('',(-21.0029749879288,2.73626237975261,67.2971492196765));
#9508=CARTESIAN_POINT('',(-21.0029749879288,2.73626237975261,67.2971492196765));
#9509=CARTESIAN_POINT('',(-21.0029749879288,2.73626237975261,67.2971492196765));
#9510=CARTESIAN_POINT('',(-19.3794120839435,2.90816872233272,73.4547271010665));
#9511=CARTESIAN_POINT('',(-11.6592413986506,3.2189540904321,84.5291189047646));
#9512=CARTESIAN_POINT('',(7.9382468191886,3.37220488146299,89.7994269451741));
#9513=CARTESIAN_POINT('',(26.2808909718595,3.13897652138626,81.197386716903));
#9514=CARTESIAN_POINT('',(31.9554396059131,2.80155748260142,69.0043073678377));
#9515=CARTESIAN_POINT('',(32.4952605646952,2.62515702019985,62.6591324942478));
#9516=CARTESIAN_POINT('',(34.3645440639949,2.14856250711978,38.3214795927043));
#9517=CARTESIAN_POINT('',(34.36461117255,1.94863988471648,38.3270432958689));
#9518=CARTESIAN_POINT('',(34.5638831389983,1.94918105671418,38.3440845624234));
#9519=CARTESIAN_POINT('',(34.3650368722705,2.14840045418648,38.3157220878017));
#9520=CARTESIAN_POINT('',(34.3651059608041,1.94847982754824,38.3212859338364));
#9521=CARTESIAN_POINT('',(34.5643759441862,1.94902099415012,38.3383270304251));
#9522=CARTESIAN_POINT('',(34.3655296817139,2.14823840127571,38.3099645840369));
#9523=CARTESIAN_POINT('',(34.3656007526382,1.94831976961603,38.3155285442897));
#9524=CARTESIAN_POINT('',(34.5648687505999,1.9488609315894,38.3325694985321));
#9525=CARTESIAN_POINT('',(34.3660224922357,2.14807634838809,38.304207081402));
#9526=CARTESIAN_POINT('',(34.3660955479623,1.94815971091869,38.3097711272217));
#9527=CARTESIAN_POINT('',(34.5653615581513,1.94870086903177,38.3268119667361));
#9528=CARTESIAN_POINT('',(34.5638335392468,2.14909793646142,38.3383155752464));
#9529=CARTESIAN_POINT('',(34.3645528816381,2.14855960756431,38.3213765757181));
#9530=CARTESIAN_POINT('',(34.3660224922357,2.14807634838809,38.304207081402));
#9531=CARTESIAN_POINT('',(34.3655326208545,2.14823743478616,38.3099302460727));
#9532=CARTESIAN_POINT('',(34.3650427506261,2.1483985211785,38.3156534108422));
#9533=CARTESIAN_POINT('',(34.3645528816381,2.14855960756431,38.3213765757181));
#9534=CARTESIAN_POINT('',(34.3660224922357,2.14807634838809,38.304207081402));
#9535=CARTESIAN_POINT('',(34.565294414125,2.1486234557398,38.3212482615277));
#9536=CARTESIAN_POINT('',(34.3660224922357,2.14807634838804,38.304207081402));
#9537=CARTESIAN_POINT('',(34.3660955479623,1.94815971091865,38.3097711272217));
#9538=CARTESIAN_POINT('',(34.5653615581513,1.94870086903172,38.3268119667361));
#9539=CARTESIAN_POINT('',(34.4521224636999,2.11976374469039,37.2983015849414));
#9540=CARTESIAN_POINT('',(34.4521980736798,1.91995976339679,37.3079132260211));
#9541=CARTESIAN_POINT('',(34.6514635620687,1.92084864580568,37.3249490823207));
#9542=CARTESIAN_POINT('',(34.5382760169301,2.06088821484663,36.2931703637695));
#9543=CARTESIAN_POINT('',(34.5383541360301,1.86131986660588,36.3068265229076));
#9544=CARTESIAN_POINT('',(34.7376199978879,1.86255620862316,36.3238363695679));
#9545=CARTESIAN_POINT('',(34.6243085138916,1.97157007200066,35.2908508295708));
#9546=CARTESIAN_POINT('',(34.6243890836443,1.77235986805216,35.3085403412836));
#9547=CARTESIAN_POINT('',(34.8236562197006,1.77394078921708,35.3255032375429));
#9548=CARTESIAN_POINT('',(34.6243085138912,1.97157007200104,35.2908508295752));
#9549=CARTESIAN_POINT('',(34.5382658446786,2.06089877559175,36.2932888753397));
#9550=CARTESIAN_POINT('',(34.4521310859984,2.11976090938367,37.2982008506755));
#9551=CARTESIAN_POINT('',(34.3660224922357,2.14807634838804,38.304207081402));
#9552=CARTESIAN_POINT('',(5.52060577592039,3.39366711185814,79.3369753833214));
#9553=CARTESIAN_POINT('',(5.5088176833179,2.88871664996667,60.6437978558942));
#9554=CARTESIAN_POINT('',(5.5088176833179,3.44772992332655,81.3362482704829));
#9555=CARTESIAN_POINT('',(52.341164199719,15.4821493780352,52.5444267732904));
#9556=CARTESIAN_POINT('',(49.394921963615,15.4878607045787,52.2882850784727));
#9557=CARTESIAN_POINT('',(49.3613655128939,7.55185876196416,52.4973113125726));
#9558=CARTESIAN_POINT('',(49.394921963615,15.4878607045787,52.2882850784727));
#9559=CARTESIAN_POINT('',(47.8670050851637,7.55475559789704,52.3673939527789));
#9560=CARTESIAN_POINT('',(47.86824131695,6.05526999128085,52.4075471894443));
#9561=CARTESIAN_POINT('',(52.3489259363026,6.06937965580005,52.7964821207471));
#9562=CARTESIAN_POINT('',(46.3662720110273,6.05054029374017,52.2771723966515));
#9563=CARTESIAN_POINT('',(46.4062011081547,15.4936543764445,52.0284503588852));
#9564=CARTESIAN_POINT('',(46.4062011081547,15.4936543764445,52.0284503588852));
#9565=CARTESIAN_POINT('',(52.341164199719,15.4821493780352,52.5444267732904));
#9566=CARTESIAN_POINT('',(46.2778250853693,5.62377174595035,53.2850077421457));
#9567=CARTESIAN_POINT('',(46.2799887607928,6.08266536787431,53.2703524920624));
#9568=CARTESIAN_POINT('',(47.3351414168799,5.68980977646443,41.12481308786));
#9569=CARTESIAN_POINT('',(47.3753362560923,15.1957710810028,40.8744357180766));
#9570=CARTESIAN_POINT('',(47.3753362560923,15.1957710810028,40.8744357180766));
#9571=CARTESIAN_POINT('',(46.8897195249383,15.3450352084112,46.4635180464184));
#9572=CARTESIAN_POINT('',(53.3102993476565,15.1842660825934,41.3904121324817));
#9573=CARTESIAN_POINT('',(53.3181129070122,5.70865013853525,41.6441503774006));
#9574=CARTESIAN_POINT('',(48.8371107228027,5.69453947400511,41.2551878806528));
#9575=CARTESIAN_POINT('',(48.8358744910164,7.19402508062131,41.2150346439874));
#9576=CARTESIAN_POINT('',(50.3302349187465,7.19112824468843,41.3449520037811));
#9577=CARTESIAN_POINT('',(50.3640571115526,15.189977409137,41.134270437664));
#9578=CARTESIAN_POINT('',(50.3640571115526,15.189977409137,41.134270437664));
#9579=CARTESIAN_POINT('',(53.3102993476565,15.1842660825934,41.3904121324817));
#9580=CARTESIAN_POINT('',(37.8305309275914,-0.485649989855556,7.10396719160892));
#9581=CARTESIAN_POINT('',(37.8304962723952,-0.385137805094328,7.09976486921743));
#9582=CARTESIAN_POINT('',(37.8304616171989,-0.2846256203331,7.09556254682593));
#9583=CARTESIAN_POINT('',(37.8304269620027,-0.184113435571871,7.09136022443443));
#9584=CARTESIAN_POINT('',(37.7637150580454,-0.452658979718463,7.89360532840339));
#9585=CARTESIAN_POINT('',(37.7636794144645,-0.35221281743238,7.88782387229741));
#9586=CARTESIAN_POINT('',(37.7636437708836,-0.251766655146298,7.88204241619142));
#9587=CARTESIAN_POINT('',(37.7636081273027,-0.151320492860215,7.87626096008543));
#9588=CARTESIAN_POINT('',(37.6969175077719,-0.401075783430971,8.68217332513808));
#9589=CARTESIAN_POINT('',(37.6968808890009,-0.30073282664588,8.67481487548929));
#9590=CARTESIAN_POINT('',(37.6968442702298,-0.200389869860788,8.6674564258405));
#9591=CARTESIAN_POINT('',(37.6968076514587,-0.100046913075695,8.66009797619171));
#9592=CARTESIAN_POINT('',(37.6301753434191,-0.330939352717629,9.46923407126898));
#9593=CARTESIAN_POINT('',(37.6301377631864,-0.230736706534965,9.46030164239114));
#9594=CARTESIAN_POINT('',(37.6301001829536,-0.1305340603523,9.4513692135133));
#9595=CARTESIAN_POINT('',(37.6300626027208,-0.0303314141696339,9.44243678463545));
#9596=CARTESIAN_POINT('',(37.8304269620026,-0.184113435570974,7.09136022443439));
#9597=CARTESIAN_POINT('',(37.8305303075183,-0.483851561102365,7.10389200094983));
#9598=CARTESIAN_POINT('',(37.8304269620026,-0.184113435571422,7.0913602244344));
#9599=CARTESIAN_POINT('',(37.8304231421855,-0.184111560885014,7.09140509467574));
#9600=CARTESIAN_POINT('',(37.774156474644,-0.156496753325293,7.75235267218678));
#9601=CARTESIAN_POINT('',(37.7178853022033,-0.115761228271926,8.41275146159794));
#9602=CARTESIAN_POINT('',(37.6616760323136,-0.0619685388501231,9.07182281471892));
#9603=CARTESIAN_POINT('',(37.821071303352,-0.479054106812776,7.21566980087571));
#9604=CARTESIAN_POINT('',(37.8215042811608,-0.479279264149281,7.21055352294745));
#9605=CARTESIAN_POINT('',(37.8219372589209,-0.47950364024689,7.20543720974485));
#9606=CARTESIAN_POINT('',(37.8223702366018,-0.479727235089168,7.20032086162583));
#9607=CARTESIAN_POINT('',(37.8290952001379,-0.483137266268137,7.12085140098055));
#9608=CARTESIAN_POINT('',(37.8295735692647,-0.483375364546,7.11519826763697));
#9609=CARTESIAN_POINT('',(37.8300519384188,-0.483613462824288,7.10954513429571));
#9610=CARTESIAN_POINT('',(37.8305303075184,-0.483851561102364,7.10389200094983));
#9611=CARTESIAN_POINT('',(-19.8988833798879,23.3539853946989,99.3292533301767));
#9612=CARTESIAN_POINT('',(-19.9735444592409,23.3534691449744,99.3140886549162));
#9613=CARTESIAN_POINT('',(-19.9735444592409,23.4505435786615,102.312517669304));
#9614=CARTESIAN_POINT('',(0.062618708015567,14.8091403523568,-0.390057721821987));
#9615=CARTESIAN_POINT('',(-52.209226014391,17.1612695574778,80.5205726228086));
#9616=CARTESIAN_POINT('',(-24.9911394933558,17.5090617868848,98.0945494161169));
#9617=CARTESIAN_POINT('',(27.2807052290511,15.1569325817638,17.1839190714866));
#9618=CARTESIAN_POINT('',(-27.6825586539549,17.6301703041849,102.260547803244));
#9619=CARTESIAN_POINT('',(-28.9426373348845,17.6140690410292,101.446949335207));
#9620=CARTESIAN_POINT('',(-28.9320701382062,20.1131799888339,101.381125290078));
#9621=CARTESIAN_POINT('',(-27.6719914572766,20.1292812519895,102.194723758114));
#9622=CARTESIAN_POINT('',(-27.6508570639201,25.1275031475989,102.063075667855));
#9623=CARTESIAN_POINT('',(-28.9109357448498,25.1114018844432,101.249477199819));
#9624=CARTESIAN_POINT('',(5.54998746874128,12.2568621039143,60.3907143616441));
#9625=CARTESIAN_POINT('',(5.54998746874128,12.2568621039143,60.3907143616441));
#9626=CARTESIAN_POINT('',(5.54998746874128,12.9505435720937,86.0680463103977));
#9627=CARTESIAN_POINT('',(49.3242190223519,7.01220411039218,35.5938501509706));
#9628=CARTESIAN_POINT('',(48.9223806879675,7.16181699872169,40.2192882771312));
#9629=CARTESIAN_POINT('',(50.4167411156976,7.15892016278881,40.3492056369249));
#9630=CARTESIAN_POINT('',(48.9236169197538,5.6623313921055,40.2594415137966));
#9631=CARTESIAN_POINT('',(49.8408812226241,7.37332494825519,46.9777526839098));
#9632=CARTESIAN_POINT('',(49.3247268899443,5.51298968912961,35.6423873650321));
#9633=CARTESIAN_POINT('',(49.8784403803986,15.3392415365455,46.7233527660059));
#9634=CARTESIAN_POINT('',(50.4505870354755,15.1633806863297,40.1383762733063));
#9635=CARTESIAN_POINT('',(50.4505870354755,15.1633806863297,40.1383762733063));
#9636=CARTESIAN_POINT('',(49.8784403803986,15.3392415365455,46.7233527660059));
#9637=CARTESIAN_POINT('',(57.7332856257144,17.5484292613492,40.7074496742947));
#9638=CARTESIAN_POINT('',(57.7231411169033,15.1492827514567,40.770640757619));
#9639=CARTESIAN_POINT('',(57.7231411169033,15.1492827514567,40.770640757619));
#9640=CARTESIAN_POINT('',(57.7332856257144,17.5484292613492,40.7074496742947));
#9641=CARTESIAN_POINT('',(57.7562703865386,22.984257623151,40.5642754739988));
#9642=CARTESIAN_POINT('',(53.8517151320584,22.8325600480984,35.9195054872536));
#9643=CARTESIAN_POINT('',(45.3687837472963,13.2964594091258,35.0469503676549));
#9644=CARTESIAN_POINT('',(44.4273041303129,13.6080316765528,45.5420336858903));
#9645=CARTESIAN_POINT('',(39.1556035044176,8.62106107817667,45.2171770986856));
#9646=CARTESIAN_POINT('',(44.4568574615137,13.6359888016328,45.5438548428557));
#9647=CARTESIAN_POINT('',(39.1359453892201,8.62838020913593,45.443455648397));
#9648=CARTESIAN_POINT('',(39.0431454483811,8.66293158464617,46.5116473755987));
#9649=CARTESIAN_POINT('',(44.3112015799483,13.6464545316191,46.8362793791114));
#9650=CARTESIAN_POINT('',(44.3443994054772,13.6778593081023,46.8383251197688));
#9651=CARTESIAN_POINT('',(44.3271822504932,13.6842696180841,47.0365065232657));
#9652=CARTESIAN_POINT('',(54.3336861002705,13.3246815456802,35.8248699800096));
#9653=CARTESIAN_POINT('',(44.4467387037895,13.6359569376903,45.5429765087004));
#9654=CARTESIAN_POINT('',(44.4569253281715,13.6359890153447,45.5438607338559));
#9655=CARTESIAN_POINT('',(39.0541924268364,13.6612004597237,46.3791215688363));
#9656=CARTESIAN_POINT('',(44.344467272135,13.6778595218142,46.8383310107689));
#9657=CARTESIAN_POINT('',(44.3265640176047,13.6845252811298,47.0444098962337));
#9658=CARTESIAN_POINT('',(0.0499380720016312,11.8102072149912,-0.311068867666695));
#9659=CARTESIAN_POINT('',(44.2937765447972,12.8655867134246,46.8608087564185));
#9660=CARTESIAN_POINT('',(45.9594657014898,13.0218179295332,53.0597715622919));
#9661=CARTESIAN_POINT('',(44.3294144472551,12.868929325591,46.9934373629796));
#9662=CARTESIAN_POINT('',(48.0767607157299,11.7171066329665,3.86430802359094));
#9663=CARTESIAN_POINT('',(43.8185032746534,13.0259682113403,52.8736396355731));
#9664=CARTESIAN_POINT('',(33.4922336651128,13.0459858110404,51.9758898962323));
#9665=CARTESIAN_POINT('',(44.3144882502866,17.7638441711218,46.7317936279649));
#9666=CARTESIAN_POINT('',(45.9421354989375,8.92327597513349,53.1677229963041));
#9667=CARTESIAN_POINT('',(45.9808440016521,18.0777230676651,52.9266041539883));
#9668=CARTESIAN_POINT('',(42.2216608421169,17.6236594029579,38.9408482731585));
#9669=CARTESIAN_POINT('',(44.3506065959577,17.880810190756,46.8614295093301));
#9670=CARTESIAN_POINT('',(44.3501261527445,17.7671867832882,46.864422234526));
#9671=CARTESIAN_POINT('',(54.3322640710119,17.5224819252154,35.6889657806373));
#9672=CARTESIAN_POINT('',(42.269948915748,17.6232559824674,38.9278821856507));
#9673=CARTESIAN_POINT('',(44.3632529559221,17.8761016841771,46.715861128887));
#9674=CARTESIAN_POINT('',(46.0338539803653,18.0778899959539,52.9312055562695));
#9675=CARTESIAN_POINT('',(44.3633077497327,17.8760812832856,46.7152304140966));
#9676=CARTESIAN_POINT('',(56.7901633436447,18.111761586899,53.8648808310723));
#9677=CARTESIAN_POINT('',(44.388559941255,23.8611293151729,46.558221577418));
#9678=CARTESIAN_POINT('',(46.0589702052493,24.0178033415934,52.7747542692742));
#9679=CARTESIAN_POINT('',(46.0562570782172,23.3761567748435,52.7916545884073));
#9680=CARTESIAN_POINT('',(42.2827142126122,22.9203586320634,38.7524745100622));
#9681=CARTESIAN_POINT('',(44.3856560537739,23.1743684630667,46.5763101610248));
#9682=CARTESIAN_POINT('',(44.388559941255,23.8611293151729,46.558221577418));
#9683=CARTESIAN_POINT('',(54.3304696055189,22.8197062136765,35.5174676242866));
#9684=CARTESIAN_POINT('',(53.9208125548577,22.9721797761522,40.2313478848003));
#9685=CARTESIAN_POINT('',(45.0041204155785,22.9441011351867,39.4573561091552));
#9686=CARTESIAN_POINT('',(45.4136212020838,22.7916353542997,34.7437178409302));
#9687=CARTESIAN_POINT('',(52.7785564822358,23.3973252786429,53.3751674394583));
#9688=CARTESIAN_POINT('',(56.8136409304656,23.4100317493517,53.7254231316119));
#9689=CARTESIAN_POINT('',(64.3304202026244,23.2082163767537,47.4131109903694));
#9690=CARTESIAN_POINT('',(58.5227710216596,17.8534750427991,52.4157228128059));
#9691=CARTESIAN_POINT('',(58.5126265128485,15.4543285329066,52.4789138961301));
#9692=CARTESIAN_POINT('',(56.7801941785331,15.4999732477212,53.9337660418155));
#9693=CARTESIAN_POINT('',(56.7903386873442,17.8991197576137,53.8705749584913));
#9694=CARTESIAN_POINT('',(52.8246826165026,15.3335302100019,46.9794944608236));
#9695=CARTESIAN_POINT('',(56.7801941785331,15.4999732477212,53.9337660418155));
#9696=CARTESIAN_POINT('',(49.308392039692,15.514457427386,53.2841792428304));
#9697=CARTESIAN_POINT('',(49.8784403803986,15.3392415365455,46.7233527660059));
#9698=CARTESIAN_POINT('',(44.9712654671317,15.1740024180836,39.6620126207293));
#9699=CARTESIAN_POINT('',(49.8784403803986,15.3392415365455,46.7233527660059));
#9700=CARTESIAN_POINT('',(49.308392039692,15.514457427386,53.2841792428304));
#9701=CARTESIAN_POINT('',(49.2748593159428,7.58406684386377,53.4930576794288));
#9702=CARTESIAN_POINT('',(49.8408812226241,7.37332494825519,46.9777526839098));
#9703=CARTESIAN_POINT('',(49.3242190223519,7.01220411039218,35.5938501509706));
#9704=CARTESIAN_POINT('',(47.7804988882126,7.58696367979666,53.3631403196351));
#9705=CARTESIAN_POINT('',(47.7817351199989,6.08747807318046,53.4032935563005));
#9706=CARTESIAN_POINT('',(49.3247268899443,5.51298968912961,35.6423873650321));
#9707=CARTESIAN_POINT('',(0.07318590469381,17.3082513001615,-0.45588176695138));
#9708=CARTESIAN_POINT('',(-32.0268240683851,20.0111182222128,97.0093709987652));
#9709=CARTESIAN_POINT('',(-26.5899321360498,20.0805907314111,100.519823968071));
#9710=CARTESIAN_POINT('',(-37.4637160007205,19.9416457130146,93.4989180294595));
#9711=CARTESIAN_POINT('',(-21.9968843530165,19.8739127025724,93.4103294916125));
#9712=CARTESIAN_POINT('',(-21.9968843530165,19.8739127025724,93.4103294916125));
#9713=CARTESIAN_POINT('',(-32.8706682176872,19.7349676841758,86.3894235530012));
#9714=CARTESIAN_POINT('',(-26.6776139096017,19.8141024228718,90.3881099634467));
#9715=CARTESIAN_POINT('',(-49.2149708740522,19.5261204731654,75.8363526983038));
#9716=CARTESIAN_POINT('',(-28.189938661102,19.7947779638763,89.4116430811671));
#9717=CARTESIAN_POINT('',(-32.8706682176872,19.7349676841758,86.3894235530012));
#9718=CARTESIAN_POINT('',(-32.8706682176872,19.7349676841758,86.3894235530012));
#9719=CARTESIAN_POINT('',(-40.9578903730771,20.0988766206408,98.9074864950034));
#9720=CARTESIAN_POINT('',(-32.0056896750286,25.0093401178222,96.8777229085064));
#9721=CARTESIAN_POINT('',(-37.442581607364,24.9398676086239,93.3672699392007));
#9722=CARTESIAN_POINT('',(-37.442581607364,24.9398676086239,93.3672699392007));
#9723=CARTESIAN_POINT('',(-32.0056896750286,25.0093401178222,96.8777229085064));
#9724=CARTESIAN_POINT('',(-26.5687977426932,25.0788126270204,100.388175877812));
#9725=CARTESIAN_POINT('',(-26.5687977426932,25.0788126270204,100.388175877812));
#9726=CARTESIAN_POINT('',(-38.8908644020489,25.0778397596092,98.3730914932373));
#9727=CARTESIAN_POINT('',(-27.6508570639201,25.1275031475989,102.063075667855));
#9728=CARTESIAN_POINT('',(-37.4425816073639,24.9398676086239,93.3672699392005));
#9729=CARTESIAN_POINT('',(-40.1509430829786,25.0617384964536,97.5594930252007));
#9730=CARTESIAN_POINT('',(-38.8908644020489,25.0778397596092,98.3730914932373));
#9731=CARTESIAN_POINT('',(-38.9119987954054,20.0796178639999,98.504739583496));
#9732=CARTESIAN_POINT('',(-40.2122328237124,10.5668949991865,97.9412724869512));
#9733=CARTESIAN_POINT('',(-40.1826446730133,17.5644056530396,97.7569651605889));
#9734=CARTESIAN_POINT('',(-38.9225659920836,17.5805069161952,98.5705636286255));
#9735=CARTESIAN_POINT('',(0.062618708015567,14.8091403523568,-0.390057721821987));
#9736=CARTESIAN_POINT('',(16.4069213643803,15.0179875633673,10.1630131328752));
#9737=CARTESIAN_POINT('',(-35.8654376521312,17.3701399107017,91.0744395439236));
#9738=CARTESIAN_POINT('',(-52.1270159985565,17.1630614427657,80.6018020509896));
#9739=CARTESIAN_POINT('',(-34.9406794482807,17.381915982371,91.6699941224047));
#9740=CARTESIAN_POINT('',(-33.3133995075902,17.308691616678,89.1511573289521));
#9741=CARTESIAN_POINT('',(-33.3133995075902,17.308691616678,89.1511573289521));
#9742=CARTESIAN_POINT('',(-50.5817598633032,17.0880368126867,78.001447597695));
#9743=CARTESIAN_POINT('',(-23.3636733422679,17.4358290420937,95.5754243910033));
#9744=CARTESIAN_POINT('',(27.2807052290511,15.1569325817638,17.1839190714866));
#9745=CARTESIAN_POINT('',(-34.9897204275589,12.5167695466466,90.828193148115));
#9746=CARTESIAN_POINT('',(-35.4127999236424,12.0490035439919,90.4787130842914));
#9747=CARTESIAN_POINT('',(-35.0523465621288,7.81157177519871,90.0043124954718));
#9748=CARTESIAN_POINT('',(-34.5623816062073,7.82197594364291,90.3205490646088));
#9749=CARTESIAN_POINT('',(-34.1282558178612,7.83119439441849,90.6007455321751));
#9750=CARTESIAN_POINT('',(-34.5273398322257,12.5227619075762,91.1259887719883));
#9751=CARTESIAN_POINT('',(9.72625323958813,5.79921800219847,109.796383753012));
#9752=CARTESIAN_POINT('',(-15.3284677003366,5.26746444049942,93.625824881444));
#9753=CARTESIAN_POINT('',(-17.282026596296,7.86308658024159,96.5673213404174));
#9754=CARTESIAN_POINT('',(-15.3282667235776,5.2671974100421,93.6255222683892));
#9755=CARTESIAN_POINT('',(1.89200875481328,8.27023793083708,108.942759793035));
#9756=CARTESIAN_POINT('',(-18.2061173405637,7.84346396102182,95.9708883037142));
#9757=CARTESIAN_POINT('',(15.1465797654662,-36.4710428642303,45.751342510896));
#9758=CARTESIAN_POINT('',(-16.2523574678452,5.24757479082232,93.029089231686));
#9759=CARTESIAN_POINT('',(-16.252301808529,5.24757597272093,93.0291251557066));
#9760=CARTESIAN_POINT('',(5.94597748425512,5.71894567812986,107.356492040736));
#9761=CARTESIAN_POINT('',(-19.1087434556696,5.18719211643081,91.1859331691686));
#9762=CARTESIAN_POINT('',(-21.0623023516291,7.78281425617298,94.1274296281421));
#9763=CARTESIAN_POINT('',(-19.1085424789106,5.18692508597349,91.1856305561139));
#9764=CARTESIAN_POINT('',(-1.88826700051973,8.18996560676847,106.50286808076));
#9765=CARTESIAN_POINT('',(-21.9863930958967,7.76319163695321,93.5309965914388));
#9766=CARTESIAN_POINT('',(11.3663040101332,-36.5513151882989,43.3114507986206));
#9767=CARTESIAN_POINT('',(-20.0326332231782,5.16730246675371,90.5891975194106));
#9768=CARTESIAN_POINT('',(-20.032577563862,5.16730364865232,90.5892334434312));
#9769=CARTESIAN_POINT('',(14.5372654077032,5.82819162275856,110.64097925372));
#9770=CARTESIAN_POINT('',(-23.1090867465201,5.02918291162922,86.3437041128251));
#9771=CARTESIAN_POINT('',(-25.2795151359491,7.63548540955667,89.6208721332122));
#9772=CARTESIAN_POINT('',(-23.1087648824827,5.02879640956882,86.3432181246509));
#9773=CARTESIAN_POINT('',(12.3664533105522,8.43487930952574,113.918593346703));
#9774=CARTESIAN_POINT('',(-26.1195976307378,7.61764666481142,89.0786602816638));
#9775=CARTESIAN_POINT('',(-33.2035382066887,16.1841495553066,99.8805377736085));
#9776=CARTESIAN_POINT('',(-23.9637733191675,5.01064071967923,85.7913726684961));
#9777=CARTESIAN_POINT('',(-23.9637114754829,5.01064203289991,85.7914125840746));
#9778=CARTESIAN_POINT('',(8.65683645496294,5.70332356309628,106.845592145736));
#9779=CARTESIAN_POINT('',(-28.9895156992603,4.90431485196694,82.5483170048412));
#9780=CARTESIAN_POINT('',(-31.1599440886894,7.51061734989439,85.8254850252283));
#9781=CARTESIAN_POINT('',(-28.989193835223,4.90392834990654,82.547831016667));
#9782=CARTESIAN_POINT('',(6.48602435781195,8.31001124986346,110.123206238719));
#9783=CARTESIAN_POINT('',(-32.0000265834781,7.49277860514914,85.2832731736799));
#9784=CARTESIAN_POINT('',(-39.083967159429,16.0592814956443,96.0851506656246));
#9785=CARTESIAN_POINT('',(-29.8442022719077,4.88577266001695,81.9959855605122));
#9786=CARTESIAN_POINT('',(-29.8441404282231,4.88577397323763,81.9960254760907));
#9787=CARTESIAN_POINT('',(3.53961138885282,8.65654311429302,114.676865951456));
#9788=CARTESIAN_POINT('',(-34.0210707624342,7.85896022748043,90.4341908082341));
#9789=CARTESIAN_POINT('',(-34.022197122107,7.65903961570054,90.4398917484071));
#9790=CARTESIAN_POINT('',(-34.9451615067018,7.83933760826065,89.8377577715309));
#9791=CARTESIAN_POINT('',(-34.9462878663745,7.63941699648076,89.8434587117039));
#9792=CARTESIAN_POINT('',(3.5396791045318,8.45664785812468,114.683337579998));
#9793=CARTESIAN_POINT('',(-33.2330888128356,36.3019348199935,88.6508945859687));
#9794=CARTESIAN_POINT('',(-33.3946418893373,7.62780555973296,89.4685697840584));
#9795=CARTESIAN_POINT('',(-33.3543424765878,7.62579981737348,89.406194868338));
#9796=CARTESIAN_POINT('',(-33.2330888128356,36.3019348199935,88.6508945859687));
#9797=CARTESIAN_POINT('',(-23.2833626475132,36.4290722454092,95.0751616480199));
#9798=CARTESIAN_POINT('',(4.20755278434808,8.42340846398169,113.649652985176));
#9799=CARTESIAN_POINT('',(-23.4042605024266,7.83708498714247,95.8282455642344));
#9800=CARTESIAN_POINT('',(-23.2833626475133,36.4290722454092,95.0751616480199));
#9801=CARTESIAN_POINT('',(-23.4228496436661,3.44080773438749,95.9440390437279));
#9802=CARTESIAN_POINT('',(13.5065289949211,5.87949032626708,112.236275465287));
#9803=CARTESIAN_POINT('',(-11.5481919450036,5.34773676456803,96.0657165937193));
#9804=CARTESIAN_POINT('',(-13.501750840963,7.9433589043102,99.0072130526928));
#9805=CARTESIAN_POINT('',(-11.5479909682446,5.3474697341107,96.0654139806646));
#9806=CARTESIAN_POINT('',(5.67228451014629,8.35051025490569,111.382651505311));
#9807=CARTESIAN_POINT('',(-14.4258415852306,7.92373628509042,98.4107800159896));
#9808=CARTESIAN_POINT('',(18.9268555207992,-36.3907705401617,48.1912342231714));
#9809=CARTESIAN_POINT('',(-12.4720817125121,5.32784711489093,95.4689809439614));
#9810=CARTESIAN_POINT('',(-12.472026053196,5.32784829678954,95.469016867982));
#9811=CARTESIAN_POINT('',(33.0930348355879,2.82669496249217,62.7043990499184));
#9812=CARTESIAN_POINT('',(33.0931019796142,2.62677237578413,62.7099627551268));
#9813=CARTESIAN_POINT('',(32.8938213220054,2.62623404688703,62.6930237555985));
#9814=CARTESIAN_POINT('',(32.5413185501266,3.00698253057458,69.1893942226829));
#9815=CARTESIAN_POINT('',(32.5413856843886,2.80705994293545,69.1949579084833));
#9816=CARTESIAN_POINT('',(32.3460587846077,2.80522962562297,69.1315457028533));
#9817=CARTESIAN_POINT('',(28.17409045021,3.26595539440247,78.5478623920885));
#9818=CARTESIAN_POINT('',(28.1741575964411,3.06603280790387,78.5534261016621));
#9819=CARTESIAN_POINT('',(28.0101970841479,3.06233983071651,78.4227037615345));
#9820=CARTESIAN_POINT('',(17.3113339495117,3.47282877439853,86.1126108613639));
#9821=CARTESIAN_POINT('',(17.3114010931173,3.2729061876518,86.1181745657667));
#9822=CARTESIAN_POINT('',(17.2254500444878,3.26772822000796,85.9331500990393));
#9823=CARTESIAN_POINT('',(7.824374403924,3.54019998256676,88.6479750366278));
#9824=CARTESIAN_POINT('',(7.82444154808369,3.34027739586598,88.6535387419864));
#9825=CARTESIAN_POINT('',(7.80662833037545,3.33461526470806,88.4502943548281));
#9826=CARTESIAN_POINT('',(-2.04822204498024,3.51280805888855,87.7828360365639));
#9827=CARTESIAN_POINT('',(-2.04815490106565,3.31288547219008,87.7883997419773));
#9828=CARTESIAN_POINT('',(-1.99505562712315,3.30742065335635,87.5913896605846));
#9829=CARTESIAN_POINT('',(-14.0044661643096,3.35329077957643,82.1951358305975));
#9830=CARTESIAN_POINT('',(-14.0043990198287,3.1533681928046,82.2006995344434));
#9831=CARTESIAN_POINT('',(-13.8654538397918,3.1490464227917,82.0437270226787));
#9832=CARTESIAN_POINT('',(-19.9237669613222,3.1159493441935,73.7380975389356));
#9833=CARTESIAN_POINT('',(-19.9236998192379,2.91602675777562,73.74366125034));
#9834=CARTESIAN_POINT('',(-19.7421304127634,2.91342151985141,73.647855096914));
#9835=CARTESIAN_POINT('',(-21.5831855573354,2.94024761463625,67.4445713873097));
#9836=CARTESIAN_POINT('',(-21.5831184133091,2.74032502792821,67.4501350925181));
#9837=CARTESIAN_POINT('',(-21.389723053098,2.73897194015915,67.3991801732042));
#9838=CARTESIAN_POINT('',(-21.3897901971242,2.93889452686719,67.3936164679958));
#9839=CARTESIAN_POINT('',(-21.5831855573354,2.94024761463626,67.4445713873097));
#9840=CARTESIAN_POINT('',(32.8937541779792,2.82615663359507,62.6874600503901));
#9841=CARTESIAN_POINT('',(33.0930348355879,2.82669496249217,62.7043990499184));
#9842=CARTESIAN_POINT('',(-21.5831855573354,2.94024761463625,67.4445713873097));
#9843=CARTESIAN_POINT('',(-19.9268173377024,3.11562636592036,73.7265286535604));
#9844=CARTESIAN_POINT('',(-14.0037858467732,3.35336333880296,82.1977349179602));
#9845=CARTESIAN_POINT('',(-2.04836806751336,3.51279421002729,87.7823401625317));
#9846=CARTESIAN_POINT('',(7.82438644146278,3.54020365118094,88.6481067170377));
#9847=CARTESIAN_POINT('',(17.3112991608834,3.47282822565298,86.1125915628843));
#9848=CARTESIAN_POINT('',(28.1740827908914,3.26595599126465,78.54788393196));
#9849=CARTESIAN_POINT('',(32.5413099166261,3.00698535181478,69.1894957027568));
#9850=CARTESIAN_POINT('',(33.0930348355879,2.82669496249217,62.7043990499184));
#9851=CARTESIAN_POINT('',(-21.5831855573354,2.94024761463625,67.4445713873097));
#9852=CARTESIAN_POINT('',(-21.5831184133091,2.74032502792821,67.4501350925181));
#9853=CARTESIAN_POINT('',(-21.389723053098,2.73897194015915,67.3991801732042));
#9854=CARTESIAN_POINT('',(-24.1347482208395,2.67008433318657,57.7674914818225));
#9855=CARTESIAN_POINT('',(-24.1346810792099,2.4701617468339,57.7730551947647));
#9856=CARTESIAN_POINT('',(-23.9412823298486,2.46880901729037,57.7221131121971));
#9857=CARTESIAN_POINT('',(-26.685344371655,2.39991448094294,48.0901638025714));
#9858=CARTESIAN_POINT('',(-26.6852772277465,2.19999189424672,48.0957275079314));
#9859=CARTESIAN_POINT('',(-26.4918767849283,2.19863934471828,48.044791868032));
#9860=CARTESIAN_POINT('',(-29.2359369232875,2.12974479530536,38.4128420656357));
#9861=CARTESIAN_POINT('',(-29.2358697792612,1.92982220859732,38.4184057708441));
#9862=CARTESIAN_POINT('',(-29.0424693299257,1.92846965978121,38.3674701565007));
#9863=CARTESIAN_POINT('',(-29.042536473952,2.12839224648922,38.3619064512923));
#9864=CARTESIAN_POINT('',(-29.2359369232875,2.12974479530533,38.4128420656357));
#9865=CARTESIAN_POINT('',(-22.7353904345557,2.81824340165906,63.0744559224575));
#9866=CARTESIAN_POINT('',(-22.3513418149295,2.85891161028118,64.5311662603213));
#9867=CARTESIAN_POINT('',(-21.9672746173218,2.89957968893618,65.9878717038273));
#9868=CARTESIAN_POINT('',(-21.5831855573354,2.94024761463626,67.4445713873097));
#9869=CARTESIAN_POINT('',(-22.7353904345557,2.81824340165906,63.0744559224575));
#9870=CARTESIAN_POINT('',(-23.2489791918052,2.76385653184244,61.1263513997183));
#9871=CARTESIAN_POINT('',(-23.0777864371932,2.78198551291585,61.7757204953897));
#9872=CARTESIAN_POINT('',(-22.9065902817602,2.8001144701999,62.4250886951875));
#9873=CARTESIAN_POINT('',(-22.7353904345557,2.81824340165906,63.0744559224575));
#9874=CARTESIAN_POINT('',(-23.2489791918052,2.76385653184244,61.1263513997183));
#9875=CARTESIAN_POINT('',(-24.211222178991,2.66195303612248,57.4762296140002));
#9876=CARTESIAN_POINT('',(-23.8904851797989,2.69592094261868,58.6929396848447));
#9877=CARTESIAN_POINT('',(-23.5697381553288,2.72988877898964,59.9096471148669));
#9878=CARTESIAN_POINT('',(-23.2489791918052,2.76385653184244,61.1263513997183));
#9879=CARTESIAN_POINT('',(-24.211222178991,2.66195303612248,57.4762296140002));
#9880=CARTESIAN_POINT('',(-24.7547863383022,2.60438539765964,55.4141911564923));
#9881=CARTESIAN_POINT('',(-24.5736012545976,2.62357463125131,56.1015380911923));
#9882=CARTESIAN_POINT('',(-24.3924133165054,2.64276384487689,56.788884273996));
#9883=CARTESIAN_POINT('',(-24.211222178991,2.66195303612248,57.4762296140002));
#9884=CARTESIAN_POINT('',(-24.7547863383022,2.60438539765964,55.4141911564924));
#9885=CARTESIAN_POINT('',(-29.2359369232875,2.12974479530536,38.4128420656357));
#9886=CARTESIAN_POINT('',(-27.7422851752718,2.28795878482247,44.0799755790742));
#9887=CARTESIAN_POINT('',(-26.2486327748632,2.44617276980337,49.7471089216386));
#9888=CARTESIAN_POINT('',(-24.7547863383022,2.60438539765964,55.4141911564923));
#9889=CARTESIAN_POINT('',(-29.0560716833497,1.92700789815377,38.3160687680327));
#9890=CARTESIAN_POINT('',(-29.2494210923865,1.92841286827309,38.3669894115386));
#9891=CARTESIAN_POINT('',(-29.2495394076312,2.12827714500698,38.3612329596698));
#9892=CARTESIAN_POINT('',(-29.05153755028,1.92750405671158,38.3332023854115));
#9893=CARTESIAN_POINT('',(-29.2449037695578,1.92889157919517,38.3841287902932));
#9894=CARTESIAN_POINT('',(-29.2450052309406,2.12877530243272,38.378435815466));
#9895=CARTESIAN_POINT('',(-29.0470034313502,1.92799131062945,38.3503361858163));
#9896=CARTESIAN_POINT('',(-29.2403866640305,1.92936135855449,38.4012675811293));
#9897=CARTESIAN_POINT('',(-29.2404710683693,2.12926451924147,38.3956388550599));
#9898=CARTESIAN_POINT('',(-29.0424693299257,1.92846965978117,38.3674701565007));
#9899=CARTESIAN_POINT('',(-29.2358697792612,1.92982220859728,38.4184057708441));
#9900=CARTESIAN_POINT('',(-29.2359369232875,2.12974479530532,38.4128420656357));
#9901=CARTESIAN_POINT('',(-29.2494203535648,2.12829022309299,38.3616846558262));
#9902=CARTESIAN_POINT('',(-29.2493586324205,2.02363131179473,38.3646981304959));
#9903=CARTESIAN_POINT('',(-29.1572000067437,1.92775639417824,38.3431832374293));
#9904=CARTESIAN_POINT('',(-29.0559526304286,1.92702092376367,38.3165186461928));
#9905=CARTESIAN_POINT('',(-29.2493827254628,2.12829437436811,38.361828053129));
#9906=CARTESIAN_POINT('',(-29.2493824628626,2.12829438452371,38.3618284147734));
#9907=CARTESIAN_POINT('',(-29.2449006203786,2.12878658824001,38.3788327178179));
#9908=CARTESIAN_POINT('',(-29.2404187738553,2.12927005850024,38.3958372681058));
#9909=CARTESIAN_POINT('',(-29.2359369232875,2.12974479530532,38.4128420656357));
#9910=CARTESIAN_POINT('',(35.4272404484971,1.97003253841387,35.2904974176379));
#9911=CARTESIAN_POINT('',(35.4272028678924,2.0702361761171,35.2815649003633));
#9912=CARTESIAN_POINT('',(35.4271652872878,2.17043981382032,35.2726323830887));
#9913=CARTESIAN_POINT('',(35.4271277066831,2.27064345152355,35.2636998658141));
#9914=CARTESIAN_POINT('',(35.3407091992225,2.05986520920224,36.2985908830545));
#9915=CARTESIAN_POINT('',(35.3406728650581,2.16025074574927,36.2916988744563));
#9916=CARTESIAN_POINT('',(35.3406365308936,2.2606362822963,36.284806865858));
#9917=CARTESIAN_POINT('',(35.3406001967291,2.36102181884332,36.2779148572598));
#9918=CARTESIAN_POINT('',(35.2540970398254,2.11888215704222,37.3090434687612));
#9919=CARTESIAN_POINT('',(35.2540619749936,2.21938721412479,37.3041967441417));
#9920=CARTESIAN_POINT('',(35.2540269101618,2.31989227120736,37.2993500195223));
#9921=CARTESIAN_POINT('',(35.2539918453301,2.42039732828992,37.2945032949028));
#9922=CARTESIAN_POINT('',(35.1674847487444,2.14701270069272,38.3209134976673));
#9923=CARTESIAN_POINT('',(35.167450974965,2.2475747568745,38.3181149262555));
#9924=CARTESIAN_POINT('',(35.1674172011856,2.34813681305628,38.3153163548436));
#9925=CARTESIAN_POINT('',(35.1673834274062,2.44869886923805,38.3125177834317));
#9926=CARTESIAN_POINT('',(35.2439875996385,-47.5319287819173,39.7034058497019));
#9927=CARTESIAN_POINT('',(35.1675016092622,2.14880627983057,38.3206581395791));
#9928=CARTESIAN_POINT('',(35.1675628811574,1.94889155641687,38.3262906781977));
#9929=CARTESIAN_POINT('',(34.9682881394872,1.94834731055835,38.3093523485327));
#9930=CARTESIAN_POINT('',(35.1670117819279,2.14896834487489,38.3264156147378));
#9931=CARTESIAN_POINT('',(35.1670750087303,1.94905099720236,38.3320252380438));
#9932=CARTESIAN_POINT('',(34.9677982975517,1.94850872279796,38.3150866560466));
#9933=CARTESIAN_POINT('',(35.1665219549003,2.14912940917312,38.3321731180926));
#9934=CARTESIAN_POINT('',(35.1665871390797,1.94920944039272,38.337759796929));
#9935=CARTESIAN_POINT('',(34.9673084559216,1.9486691383185,38.3208209916431));
#9936=CARTESIAN_POINT('',(35.1660321282086,2.14928947271555,38.3379306492999));
#9937=CARTESIAN_POINT('',(35.1660992722348,1.94936688600751,38.3434943545083));
#9938=CARTESIAN_POINT('',(34.9668186146261,1.9488285571104,38.32655535498));
#9939=CARTESIAN_POINT('',(34.9667514705998,2.14875114381848,38.3209916497716));
#9940=CARTESIAN_POINT('',(34.2207679137739,2.39252056815674,47.0894472717274));
#9941=CARTESIAN_POINT('',(34.4200485713827,2.39305889705385,47.1063862712557));
#9942=CARTESIAN_POINT('',(-29.2493829880367,2.12829428579756,38.3618276936672));
#9943=CARTESIAN_POINT('',(-29.2492649220944,1.92842973635345,38.3675828981194));
#9944=CARTESIAN_POINT('',(-29.0559910812065,1.92701677862425,38.3163754726691));
#9945=CARTESIAN_POINT('',(-29.5130328475507,2.10052985210766,37.367492657469));
#9946=CARTESIAN_POINT('',(-29.5129122227193,1.90078050808912,37.3772486764587));
#9947=CARTESIAN_POINT('',(-29.3196380116912,1.89834496900827,37.3260710581994));
#9948=CARTESIAN_POINT('',(-29.7767646627215,2.04290136196229,36.3740544201785));
#9949=CARTESIAN_POINT('',(-29.7766416596962,1.84338734974074,36.387807401237));
#9950=CARTESIAN_POINT('',(-29.5833664733211,1.83992945497734,36.3366921541202));
#9951=CARTESIAN_POINT('',(-30.0401692439204,1.95548825409843,35.3830594813394));
#9952=CARTESIAN_POINT('',(-30.0400438301565,1.75632932377119,35.4007997511656));
#9953=CARTESIAN_POINT('',(-29.8467565710939,1.75185719520209,35.3498188921958));
#9954=CARTESIAN_POINT('',(-29.8468312832862,1.95106722737498,35.3320605842875));
#9955=CARTESIAN_POINT('',(-30.0401692439204,1.95548825409844,35.3830594813394));
#9956=CARTESIAN_POINT('',(-30.0401692439204,1.95548825409843,35.3830594813394));
#9957=CARTESIAN_POINT('',(-29.7767698306465,2.04289964695517,36.3740349771308));
#9958=CARTESIAN_POINT('',(-29.5130413306471,2.10052895882672,37.3674606641251));
#9959=CARTESIAN_POINT('',(-29.2493829880367,2.12829428579765,38.3618276936672));
#9960=CARTESIAN_POINT('',(-29.860356992358,1.74729106973428,35.2986539928219));
#9961=CARTESIAN_POINT('',(-30.0536958898723,1.75176417501783,35.3496460342506));
#9962=CARTESIAN_POINT('',(-30.0537702970635,1.95097451477893,35.3318876208127));
#9963=CARTESIAN_POINT('',(-29.8558236210623,1.74881311393384,35.3157089863753));
#9964=CARTESIAN_POINT('',(-30.0491455946158,1.75328579635559,35.3666962130008));
#9965=CARTESIAN_POINT('',(-30.0492368060803,1.95247906808005,35.3489445988123));
#9966=CARTESIAN_POINT('',(-29.8512901450797,1.75033515571064,35.3327639523101));
#9967=CARTESIAN_POINT('',(-30.0445948105405,1.75480754425073,35.3837478093951));
#9968=CARTESIAN_POINT('',(-30.0447030252652,1.95398367946665,35.3660022443249));
#9969=CARTESIAN_POINT('',(-29.84675657031,1.75185719520124,35.349818892183));
#9970=CARTESIAN_POINT('',(-30.0400438301047,1.7563293230295,35.4007997514144));
#9971=CARTESIAN_POINT('',(-30.0401692431347,1.95548825435918,35.3830594842956));
#9972=CARTESIAN_POINT('',(-29.8602749482893,1.94655380764499,35.2814862705677));
#9973=CARTESIAN_POINT('',(-30.0536891828495,1.95100143458235,35.3321928079977));
#9974=CARTESIAN_POINT('',(-30.0536891828495,1.95100143458235,35.3321928079977));
#9975=CARTESIAN_POINT('',(-30.0491826405237,1.95249704426573,35.349148393136));
#9976=CARTESIAN_POINT('',(-30.0446759919999,1.95399265068984,35.3661039503353));
#9977=CARTESIAN_POINT('',(-30.0401692439204,1.95548825409843,35.3830594813394));
#9978=CARTESIAN_POINT('',(-30.053689182852,1.95100143342097,35.332192803613));
#9979=CARTESIAN_POINT('',(-30.0536144706614,1.75179140098345,35.3499511085527));
#9980=CARTESIAN_POINT('',(-29.8602002360987,1.74734377520747,35.2992445755074));
#9981=CARTESIAN_POINT('',(-32.322869354183,1.18455822111255,26.7438932851525));
#9982=CARTESIAN_POINT('',(-32.3227946381964,0.985348188407478,26.7616515856671));
#9983=CARTESIAN_POINT('',(-32.1293803780568,0.980900572842878,26.710945168384));
#9984=CARTESIAN_POINT('',(-34.5920421738655,0.418114794743441,18.1555913342829));
#9985=CARTESIAN_POINT('',(-34.5919674617313,0.218904762306799,18.1733496392597));
#9986=CARTESIAN_POINT('',(-34.3985530434695,0.214457198552581,18.1226438011684));
#9987=CARTESIAN_POINT('',(-36.8611442291175,-0.3483303038649,9.56727032685723));
#9988=CARTESIAN_POINT('',(-36.8610695169269,-0.547540336302417,9.58502863179696));
#9989=CARTESIAN_POINT('',(-36.6676548197535,-0.551987805823125,9.53432384965383));
#9990=CARTESIAN_POINT('',(-36.6677295318968,-0.352777773369618,9.51656554489321));
#9991=CARTESIAN_POINT('',(-36.8611442290702,-0.348330303848909,9.56727032703633));
#9992=CARTESIAN_POINT('',(-36.8611442290702,-0.348330303848917,9.56727032703634));
#9993=CARTESIAN_POINT('',(-34.5920422986203,0.418114752604197,18.155590862099));
#9994=CARTESIAN_POINT('',(-32.3228694789486,1.1845581789792,26.7438928129441));
#9995=CARTESIAN_POINT('',(-30.053689182852,1.95100143342097,35.332192803613));
#9996=CARTESIAN_POINT('',(-36.6810968048114,-0.556520216218487,9.48324316743019));
#9997=CARTESIAN_POINT('',(-36.8745613739674,-0.552122989126151,9.53396555059521));
#9998=CARTESIAN_POINT('',(-36.8745860921934,-0.352844781832899,9.51639196912334));
#9999=CARTESIAN_POINT('',(-36.6766161221081,-0.555018054224873,9.50027090204449));
#10000=CARTESIAN_POINT('',(-36.8700642562531,-0.550604138875387,9.5509867012483));
#10001=CARTESIAN_POINT('',(-36.8701054504185,-0.351348563266808,9.53335225694938));
#10002=CARTESIAN_POINT('',(-36.6721354601245,-0.553507250496326,9.51729779823456));
#10003=CARTESIAN_POINT('',(-36.8655669697405,-0.549076588059232,9.56800773150629));
#10004=CARTESIAN_POINT('',(-36.8656248288451,-0.349843737016959,9.55031171160802));
#10005=CARTESIAN_POINT('',(-36.6676548197044,-0.551987805541458,9.5343238528133));
#10006=CARTESIAN_POINT('',(-36.8610695161433,-0.547540335280901,9.58502863469635));
#10007=CARTESIAN_POINT('',(-36.8611442290702,-0.348330303848915,9.56727032703633));
#10008=CARTESIAN_POINT('',(-36.681016854963,-0.357240568000619,9.46627300199431));
#10009=CARTESIAN_POINT('',(-36.8745059217469,-0.35281800963502,9.5166954331256));
#10010=CARTESIAN_POINT('',(-36.6809422649754,-0.556468328117856,9.48383130587045));
#10011=CARTESIAN_POINT('',(-36.6676548204384,-0.551987805790359,9.53432385002412));
#10012=CARTESIAN_POINT('',(-36.6720838971465,-0.553489764801398,9.51749373319029));
#10013=CARTESIAN_POINT('',(-36.6765129757557,-0.554983273830608,9.50066286684429));
#10014=CARTESIAN_POINT('',(-36.6809420561717,-0.556468332845294,9.48383125134284));
#10015=CARTESIAN_POINT('',(-36.874505921747,-0.352818009634745,9.51669543312558));
#10016=CARTESIAN_POINT('',(-36.8700520228627,-0.351330609438642,9.53355448297924));
#10017=CARTESIAN_POINT('',(-36.8655981247715,-0.349834717057011,9.55041278381652));
#10018=CARTESIAN_POINT('',(-36.8611442290702,-0.348330303848906,9.56727032703634));
#10019=CARTESIAN_POINT('',(-36.8745059227326,-0.352818293135783,9.51669545868467));
#10020=CARTESIAN_POINT('',(-36.8744803730685,-0.552095446267513,9.53427099911404));
#10021=CARTESIAN_POINT('',(-36.6809422649748,-0.55646832811767,9.48383130587256));
#10022=CARTESIAN_POINT('',(-37.0767576859994,-0.421542313177593,8.74661023929026));
#10023=CARTESIAN_POINT('',(-37.0767341074829,-0.621089747599508,8.76112202863828));
#10024=CARTESIAN_POINT('',(-36.8832051256706,-0.624692073250732,8.71058024247766));
#10025=CARTESIAN_POINT('',(-37.2792268837072,-0.472500630153222,7.9749724684549));
#10026=CARTESIAN_POINT('',(-37.2792053195584,-0.672247618394288,7.98641473289949));
#10027=CARTESIAN_POINT('',(-37.0856810672998,-0.675074839740801,7.93580496948636));
#10028=CARTESIAN_POINT('',(-37.4817156985077,-0.505643115282396,7.20253584901692));
#10029=CARTESIAN_POINT('',(-37.4816959410858,-0.7055187692191,7.21090535265317));
#10030=CARTESIAN_POINT('',(-37.2881722375103,-0.707569375687069,7.16026251322211));
#10031=CARTESIAN_POINT('',(-37.2882411345208,-0.507743958665228,7.15190799554511));
#10032=CARTESIAN_POINT('',(-37.4817156985076,-0.505643115281478,7.20253584901688));
#10033=CARTESIAN_POINT('',(-37.2881722375103,-0.707569375687081,7.16026251322211));
#10034=CARTESIAN_POINT('',(-36.6809422649754,-0.556468328117856,9.48383130587045));
#10035=CARTESIAN_POINT('',(-36.8832125663104,-0.624694582992696,8.71055179694655));
#10036=CARTESIAN_POINT('',(-37.0856803404885,-0.675074723107493,7.93580775315689));
#10037=CARTESIAN_POINT('',(-37.2881722375103,-0.707569375687071,7.16026251322211));
#10038=CARTESIAN_POINT('',(-37.4817156985077,-0.505643115282405,7.20253584901692));
#10039=CARTESIAN_POINT('',(-37.2792305883814,-0.472501236518712,7.97495833618803));
#10040=CARTESIAN_POINT('',(-37.0767617640986,-0.421543255240264,8.74659467277931));
#10041=CARTESIAN_POINT('',(-36.8745059216379,-0.352818292763755,9.51669546285261));
#10042=CARTESIAN_POINT('',(36.0689009664166,0.761388054342392,18.3303964939156));
#10043=CARTESIAN_POINT('',(36.8271313409132,-0.0305867957814227,9.44295001910915));
#10044=CARTESIAN_POINT('',(36.8271313409132,-0.0305867957814227,9.44295001910915));
#10045=CARTESIAN_POINT('',(34.6241964444962,2.27038807030811,35.2642131047347));
#10046=CARTESIAN_POINT('',(34.6241964444962,2.27038807030811,35.2642131047347));
#10047=CARTESIAN_POINT('',(36.0689009664166,0.761388054342392,18.3303964939156));
#10048=CARTESIAN_POINT('',(36.8272440816116,-0.33119473458197,9.46974730576518));
#10049=CARTESIAN_POINT('',(36.8272065013788,-0.230992088315117,9.46081487687983));
#10050=CARTESIAN_POINT('',(36.827168921146,-0.130789442048263,9.45188244799449));
#10051=CARTESIAN_POINT('',(36.8271313409132,-0.0305867957814071,9.44295001910914));
#10052=CARTESIAN_POINT('',(36.8939862459644,-0.401331165295664,8.68268655963033));
#10053=CARTESIAN_POINT('',(36.8939496271934,-0.300988208426266,8.67532810997536));
#10054=CARTESIAN_POINT('',(36.8939130084222,-0.200645251556867,8.66796966032039));
#10055=CARTESIAN_POINT('',(36.8938763896511,-0.100302294687467,8.66061121066541));
#10056=CARTESIAN_POINT('',(36.9607837962379,-0.452914361583415,7.89411856289167));
#10057=CARTESIAN_POINT('',(36.960748152657,-0.35246819921294,7.88833710678083));
#10058=CARTESIAN_POINT('',(36.9607125090761,-0.252022036842463,7.88255565066999));
#10059=CARTESIAN_POINT('',(36.9606768654951,-0.151575874471985,7.87677419455914));
#10060=CARTESIAN_POINT('',(37.0275996657839,-0.485905371720674,7.10448042609324));
#10061=CARTESIAN_POINT('',(37.0275650105877,-0.385393186874997,7.10027810369821));
#10062=CARTESIAN_POINT('',(37.0275303553914,-0.28488100202932,7.09607578130318));
#10063=CARTESIAN_POINT('',(37.0274957001951,-0.184368817183641,7.09187345890815));
#10064=CARTESIAN_POINT('',(37.0274957001951,-0.184368817182714,7.09187345890811));
#10065=CARTESIAN_POINT('',(37.0274957001951,-0.184368817182714,7.09187345890811));
#10066=CARTESIAN_POINT('',(37.0102714475785,49.7719854380491,5.00324403966856));
#10067=CARTESIAN_POINT('',(-38.0959238132577,-0.603299412809487,4.87304974337581));
#10068=CARTESIAN_POINT('',(-38.0958549162472,-0.803124829830413,4.88140426105277));
#10069=CARTESIAN_POINT('',(-37.9024548132926,-0.805186780226156,4.83049111405014));
#10070=CARTESIAN_POINT('',(-38.3098359493144,-0.637288531892363,4.06185366357091));
#10071=CARTESIAN_POINT('',(-38.3097670519951,-0.837113948916481,4.07020818116654));
#10072=CARTESIAN_POINT('',(-38.1119956153045,-0.838481325426763,4.03587197490898));
#10073=CARTESIAN_POINT('',(-38.4185036044633,-0.672310633896999,3.22508252586532));
#10074=CARTESIAN_POINT('',(-38.4184347069628,-0.872136050918155,3.23343704354454));
#10075=CARTESIAN_POINT('',(-38.2184454730775,-0.872788194675929,3.21618966143219));
#10076=CARTESIAN_POINT('',(-38.4190286479881,-0.707382681043424,2.38622497072996));
#10077=CARTESIAN_POINT('',(-38.4189597509777,-0.907208098064349,2.39457948840692));
#10078=CARTESIAN_POINT('',(-38.2189598019518,-0.907144485758093,2.39445164823744));
#10079=CARTESIAN_POINT('',(-38.2190286989622,-0.707319068737165,2.38609713056049));
#10080=CARTESIAN_POINT('',(-38.4190286479881,-0.707382681043424,2.38622497072996));
#10081=CARTESIAN_POINT('',(-38.2189598019517,-0.907144485758092,2.39445164823744));
#10082=CARTESIAN_POINT('',(-37.9024548132926,-0.805186780226156,4.83049111405014));
#10083=CARTESIAN_POINT('',(-38.1119956156005,-0.838481325424155,4.03587197497379));
#10084=CARTESIAN_POINT('',(-38.218445473601,-0.872788194681199,3.21618966131045));
#10085=CARTESIAN_POINT('',(-38.2189598019518,-0.907144485758092,2.39445164823745));
#10086=CARTESIAN_POINT('',(-37.9024548132926,-0.805186780226156,4.83049111405014));
#10087=CARTESIAN_POINT('',(-37.9025237103031,-0.605361363205229,4.82213659637318));
#10088=CARTESIAN_POINT('',(-38.0959238132577,-0.603299412809487,4.87304974337581));
#10089=CARTESIAN_POINT('',(-38.4190286479881,-0.707382681043423,2.38622497072996));
#10090=CARTESIAN_POINT('',(-38.4185045833879,-0.672376024456078,3.22351850634689));
#10091=CARTESIAN_POINT('',(-38.3098330197951,-0.637288066412437,4.06186477287309));
#10092=CARTESIAN_POINT('',(-38.0959238132577,-0.603299412809487,4.87304974337581));
#10093=CARTESIAN_POINT('',(-37.9024548132926,-0.805186780226156,4.83049111405014));
#10094=CARTESIAN_POINT('',(-38.0958549162472,-0.803124829830413,4.88140426105277));
#10095=CARTESIAN_POINT('',(-38.0959238132577,-0.603299412809487,4.87304974337581));
#10096=CARTESIAN_POINT('',(-37.7021317958554,-0.773356875572681,5.59015463497272));
#10097=CARTESIAN_POINT('',(-37.8955318701399,-0.771294920619742,5.64106789074814));
#10098=CARTESIAN_POINT('',(-37.8956007671316,-0.571469503598775,5.63271337306819));
#10099=CARTESIAN_POINT('',(-37.5018081364087,-0.741526977763529,6.34981798689665));
#10100=CARTESIAN_POINT('',(-37.695208182963,-0.739465018407481,6.40073134774074));
#10101=CARTESIAN_POINT('',(-37.695277079989,-0.539639601386561,6.39237683006548));
#10102=CARTESIAN_POINT('',(-37.3014838786102,-0.709697086334006,7.10948118129663));
#10103=CARTESIAN_POINT('',(-37.4948838984397,-0.70763512273032,7.16039464352457));
#10104=CARTESIAN_POINT('',(-37.4949527954501,-0.507809705709395,7.15204012584761));
#10105=CARTESIAN_POINT('',(-37.3014838786102,-0.709697086334006,7.10948118129663));
#10106=CARTESIAN_POINT('',(-37.5018081364138,-0.741526977763445,6.3498179868987));
#10107=CARTESIAN_POINT('',(-37.7021317958479,-0.773356875572487,5.5901546349773));
#10108=CARTESIAN_POINT('',(-37.9024548132926,-0.805186780226156,4.83049111405014));
#10109=CARTESIAN_POINT('',(-37.3014838786102,-0.709697086334006,7.10948118129663));
#10110=CARTESIAN_POINT('',(-37.3015527756206,-0.509871669313079,7.10112666361967));
#10111=CARTESIAN_POINT('',(-37.4949527954501,-0.507809705709395,7.15204012584761));
#10112=CARTESIAN_POINT('',(-38.0959238132577,-0.603299412809487,4.87304974337581));
#10113=CARTESIAN_POINT('',(-37.8956007681047,-0.57146950375317,5.63271336937807));
#10114=CARTESIAN_POINT('',(-37.6952770809623,-0.539639601541478,6.39237682637463));
#10115=CARTESIAN_POINT('',(-37.4949527954501,-0.507809705709395,7.15204012584761));
#10116=CARTESIAN_POINT('',(-37.3015635390972,-0.709709854816326,7.10917643851753));
#10117=CARTESIAN_POINT('',(-37.4950375150222,-0.707659774527662,7.15980628257414));
#10118=CARTESIAN_POINT('',(-37.495106984275,-0.507834942679685,7.1514519394187));
#10119=CARTESIAN_POINT('',(-37.2970997722449,-0.708996361769296,7.12620513017559));
#10120=CARTESIAN_POINT('',(-37.4905901256568,-0.706946074615803,7.17684005713626));
#10121=CARTESIAN_POINT('',(-37.4906432190183,-0.507104332581782,7.16847993207117));
#10122=CARTESIAN_POINT('',(-37.2926360029021,-0.708282868748651,7.14323382118204));
#10123=CARTESIAN_POINT('',(-37.4861429316001,-0.706232406102134,7.19387308231922));
#10124=CARTESIAN_POINT('',(-37.4861794543601,-0.506373723350409,7.18550790362612));
#10125=CARTESIAN_POINT('',(-37.2881722375103,-0.707569375686155,7.16026251322207));
#10126=CARTESIAN_POINT('',(-37.4816959410858,-0.705518769218186,7.21090535265313));
#10127=CARTESIAN_POINT('',(-37.4817156985076,-0.505643115281478,7.20253584901688));
#10128=CARTESIAN_POINT('',(-37.2881722375103,-0.707569375686154,7.16026251322207));
#10129=CARTESIAN_POINT('',(-37.2926093800453,-0.708278613322846,7.14333538395725));
#10130=CARTESIAN_POINT('',(-37.2970465264883,-0.708987850918129,7.12640825571507));
#10131=CARTESIAN_POINT('',(-37.301483670505,-0.709697088539121,7.10948112683798));
#10132=CARTESIAN_POINT('',(-37.4949527954502,-0.507809705709395,7.15204012584761));
#10133=CARTESIAN_POINT('',(-37.4905404321746,-0.507087508885121,7.16887203419186));
#10134=CARTESIAN_POINT('',(-37.4861280644475,-0.506365312073868,7.1857039413697));
#10135=CARTESIAN_POINT('',(-37.4817156985076,-0.505643115281478,7.20253584901688));
#10136=CARTESIAN_POINT('',(-68.1975851952793,49.738522857533,5.07049300792202));
#10137=CARTESIAN_POINT('',(-36.87451963586,-0.707437808673641,7.15999810606124));
#10138=CARTESIAN_POINT('',(-36.870080771673,-0.706729719901658,7.17689774229835));
#10139=CARTESIAN_POINT('',(-36.8656419111932,-0.706013137943468,7.19379701937168));
#10140=CARTESIAN_POINT('',(-36.861203054421,-0.705288062798462,7.21069593728131));
#10141=CARTESIAN_POINT('',(-36.87451963586,-0.707437808673646,7.15999810606124));
#10142=CARTESIAN_POINT('',(-36.861203054421,-0.705288062798466,7.21069593728131));
#10143=CARTESIAN_POINT('',(-36.8612028463234,-0.70528806506279,7.21069588271726));
#10144=CARTESIAN_POINT('',(-36.6587146411704,-0.67201459238365,7.98619174272111));
#10145=CARTESIAN_POINT('',(-36.4562462273089,-0.620857250381573,8.76086732797473));
#10146=CARTESIAN_POINT('',(-36.2539709778735,-0.551856228857388,9.5340594227033));
#10147=CARTESIAN_POINT('',(-68.1801887001366,-0.717394940252032,7.18000872135401));
#10148=CARTESIAN_POINT('',(37.0431303572468,-0.192041899410469,6.90821784927797));
#10149=CARTESIAN_POINT('',(37.221110324633,-0.279389829085157,4.81754075262066));
#10150=CARTESIAN_POINT('',(37.2212136701487,-0.579127954616547,4.8300725291361));
#10151=CARTESIAN_POINT('',(37.221110324633,-0.279389829085157,4.81754075262066));
#10152=CARTESIAN_POINT('',(37.0432337027625,-0.491780024941859,6.92074962579341));
#10153=CARTESIAN_POINT('',(37.0431303572468,-0.192041899410469,6.90821784927797));
#10154=CARTESIAN_POINT('',(28.2534907046785,-0.31433842155007,4.05558475145675));
#10155=CARTESIAN_POINT('',(37.2534884108453,-0.311475867768471,4.04983194383059));
#10156=CARTESIAN_POINT('',(37.253591756361,-0.61121399329989,4.06236372034603));
#10157=CARTESIAN_POINT('',(37.2534884108453,-0.311475867768471,4.04983194383059));
#10158=CARTESIAN_POINT('',(28.2535940501942,-0.614076547081489,4.06811652797219));
#10159=CARTESIAN_POINT('',(28.2534907046785,-0.31433842155007,4.05558475145675));
#10160=CARTESIAN_POINT('',(37.2425141387615,-0.491003389553749,6.93768198137483));
#10161=CARTESIAN_POINT('',(37.4204941061477,-0.578351319228438,4.84700488471752));
#10162=CARTESIAN_POINT('',(37.4205630031581,-0.778176736249365,4.85535940239448));
#10163=CARTESIAN_POINT('',(37.242583035772,-0.690828806574676,6.94603649905179));
#10164=CARTESIAN_POINT('',(-68.1975851952793,49.738522857533,5.07049300792202));
#10165=CARTESIAN_POINT('',(-68.1801887001366,-0.717394940252032,7.18000872135401));
#10166=CARTESIAN_POINT('',(37.6298750892309,-0.683740820759036,7.11237482168406));
#10167=CARTESIAN_POINT('',(37.8291698065753,-0.68296838381999,7.12920663995033));
#10168=CARTESIAN_POINT('',(37.8290952001379,-0.483137266268131,7.12085140098054));
#10169=CARTESIAN_POINT('',(37.6303591943943,-0.683979843962103,7.10665381342518));
#10170=CARTESIAN_POINT('',(37.829651984001,-0.683207413276653,7.12348549801568));
#10171=CARTESIAN_POINT('',(37.8295793059124,-0.483378219843047,7.11513047472916));
#10172=CARTESIAN_POINT('',(37.6308432996129,-0.68421886716495,7.10093280517094));
#10173=CARTESIAN_POINT('',(37.8301341639211,-0.683446443928621,7.11776432747011));
#10174=CARTESIAN_POINT('',(37.8300634117978,-0.483619173459707,7.10940954749839));
#10175=CARTESIAN_POINT('',(37.6313274048032,-0.684457890367911,7.09521179691434));
#10176=CARTESIAN_POINT('',(37.830616346253,-0.683685475776,7.11204312830825));
#10177=CARTESIAN_POINT('',(37.8305475177095,-0.483860127117376,7.10368861928107));
#10178=CARTESIAN_POINT('',(37.6313187428813,-0.684453613610811,7.09531416087917));
#10179=CARTESIAN_POINT('',(37.6308375249981,-0.684216015993553,7.10100104781417));
#10180=CARTESIAN_POINT('',(37.6303563070869,-0.683978418376404,7.10668793474679));
#10181=CARTESIAN_POINT('',(37.6298750892309,-0.683740820759041,7.11237482168407));
#10182=CARTESIAN_POINT('',(37.6313187428813,-0.684453613610811,7.09531416087917));
#10183=CARTESIAN_POINT('',(37.6312412976271,-0.484623975960529,7.087060663752));
#10184=CARTESIAN_POINT('',(37.6410750107595,-0.489450118777527,6.97154669253772));
#10185=CARTESIAN_POINT('',(37.64114390777,-0.689275535798454,6.97990121021468));
#10186=CARTESIAN_POINT('',(37.8191238751561,-0.776623465473145,4.88922411355732));
#10187=CARTESIAN_POINT('',(37.8190549781456,-0.576798048452218,4.88086959588036));
#10188=CARTESIAN_POINT('',(38.0183354141446,-0.576021413064108,4.89780195146178));
#10189=CARTESIAN_POINT('',(37.8403554467585,-0.488673483389418,6.98847904811914));
#10190=CARTESIAN_POINT('',(28.2535940501942,-0.614076547081489,4.06811652797219));
#10191=CARTESIAN_POINT('',(37.4535917053869,-0.611150380993632,4.06223588017656));
#10192=CARTESIAN_POINT('',(37.4536606023974,-0.810975798014559,4.07059039785352));
#10193=CARTESIAN_POINT('',(28.2536629472047,-0.813901964102416,4.07647104564915));
#10194=CARTESIAN_POINT('',(28.2535940501943,-0.614076547081488,4.0681165279722));
#10195=CARTESIAN_POINT('',(28.2536629472048,-0.813901964102415,4.07647104564916));
#10196=CARTESIAN_POINT('',(37.8536605004493,-0.810848573402043,4.07033471751459));
#10197=CARTESIAN_POINT('',(37.8535916034388,-0.611023156381116,4.06198019983763));
#10198=CARTESIAN_POINT('',(38.0535915524647,-0.610959544074858,4.06185235966816));
#10199=CARTESIAN_POINT('',(28.2535940501943,-0.614076547081488,4.0681165279722));
#10200=CARTESIAN_POINT('',(28.2534907046786,-0.31433842155007,4.05558475145676));
#10201=CARTESIAN_POINT('',(38.0182320686289,-0.276283287532718,4.88527017494634));
#10202=CARTESIAN_POINT('',(38.0182320686289,-0.276283287532718,4.88527017494634));
#10203=CARTESIAN_POINT('',(38.053488206949,-0.31122141854344,4.04932058315272));
#10204=CARTESIAN_POINT('',(38.053488206949,-0.31122141854344,4.04932058315272));
#10205=CARTESIAN_POINT('',(28.2534907046786,-0.31433842155007,4.05558475145676));
#10206=CARTESIAN_POINT('',(37.8402521012428,-0.188935357858027,6.9759472716037));
#10207=CARTESIAN_POINT('',(37.8402521012428,-0.188935357858027,6.9759472716037));
#10208=CARTESIAN_POINT('',(37.8442565988542,-0.19090069709531,6.92890677857011));
#10209=CARTESIAN_POINT('',(37.8442565988542,-0.190900697095259,6.92890677857011));
#10210=CARTESIAN_POINT('',(37.8396467686501,-0.188638276397244,6.98305793133209));
#10211=CARTESIAN_POINT('',(37.8350368653265,-0.186375855984109,7.03720907788325));
#10212=CARTESIAN_POINT('',(37.8304269620026,-0.184113435570974,7.09136022443438));
#10213=CARTESIAN_POINT('',(-37.6190288518844,-0.707128231818395,2.38571361005201));
#10214=CARTESIAN_POINT('',(-37.618959954874,-0.906953648839324,2.39406812772896));
#10215=CARTESIAN_POINT('',(-37.8189599038999,-0.90701726114558,2.39419596789843));
#10216=CARTESIAN_POINT('',(-37.6185466260012,-0.67491633297296,3.15616178489614));
#10217=CARTESIAN_POINT('',(-37.618477728754,-0.874741749994483,3.1645163025744));
#10218=CARTESIAN_POINT('',(-37.8184669616166,-0.874089542325613,3.18176521329547));
#10219=CARTESIAN_POINT('',(-37.5187562813656,-0.642757077284062,3.92453186572761));
#10220=CARTESIAN_POINT('',(-37.5186873838122,-0.842582494310958,3.93288638326003));
#10221=CARTESIAN_POINT('',(-37.716458963275,-0.841215137811322,3.96722211206436));
#10222=CARTESIAN_POINT('',(-37.3222992116854,-0.611541564488525,4.6695320916777));
#10223=CARTESIAN_POINT('',(-37.3222303146749,-0.811366981509453,4.67788660935466));
#10224=CARTESIAN_POINT('',(-37.5156303691782,-0.809305023415154,4.72879994009367));
#10225=CARTESIAN_POINT('',(-37.8190288009103,-0.707191844124653,2.38584145022148));
#10226=CARTESIAN_POINT('',(-37.8189599038999,-0.90701726114558,2.39419596789843));
#10227=CARTESIAN_POINT('',(-37.6190288518844,-0.707128231818395,2.38571361005201));
#10228=CARTESIAN_POINT('',(-37.3222992116854,-0.611541564488525,4.6695320916777));
#10229=CARTESIAN_POINT('',(-37.5183562412379,-0.642693513994124,3.92604888919744));
#10230=CARTESIAN_POINT('',(-37.6185466330885,-0.674916806394861,3.15615046153119));
#10231=CARTESIAN_POINT('',(-37.6190288518844,-0.707128231818395,2.38571361005201));
#10232=CARTESIAN_POINT('',(-37.3222992116854,-0.611541564488525,4.6695320916777));
#10233=CARTESIAN_POINT('',(-37.5156992661887,-0.609479606394227,4.72044542241671));
#10234=CARTESIAN_POINT('',(-37.5156303691782,-0.809305023415154,4.72879994009367));
#10235=CARTESIAN_POINT('',(-37.8189599038999,-0.90701726114558,2.39419596789843));
#10236=CARTESIAN_POINT('',(-37.8184669618859,-0.874089542325275,3.18176521330576));
#10237=CARTESIAN_POINT('',(-37.716458963795,-0.841215137798451,3.96722211237649));
#10238=CARTESIAN_POINT('',(-37.5156303691782,-0.809305023415154,4.72879994009367));
#10239=CARTESIAN_POINT('',(-37.3222992116854,-0.611541564488525,4.6695320916777));
#10240=CARTESIAN_POINT('',(-37.3222303146749,-0.811366981509453,4.67788660935466));
#10241=CARTESIAN_POINT('',(-37.5156303691782,-0.809305023415154,4.72879994009367));
#10242=CARTESIAN_POINT('',(-37.1085963205713,-0.577585823711019,5.47993154650697));
#10243=CARTESIAN_POINT('',(-37.108527423549,-0.777411240732139,5.48828606418182));
#10244=CARTESIAN_POINT('',(-37.3019274497962,-0.775349278148078,5.53919950207553));
#10245=CARTESIAN_POINT('',(-36.894892753731,-0.543630089965557,6.29033082759644));
#10246=CARTESIAN_POINT('',(-36.89482385675,-0.743455506986424,6.29868534527852));
#10247=CARTESIAN_POINT('',(-37.0882238557481,-0.741393540074185,6.3495988864453));
#10248=CARTESIAN_POINT('',(-36.6811885600667,-0.509674362727473,7.10072994782703));
#10249=CARTESIAN_POINT('',(-36.6811196630562,-0.709499779748402,7.10908446550399));
#10250=CARTESIAN_POINT('',(-36.87451963586,-0.707437808672719,7.1599981060612));
#10251=CARTESIAN_POINT('',(-36.6811885600667,-0.509674362727474,7.10072994782703));
#10252=CARTESIAN_POINT('',(-36.8948927527068,-0.543630089801961,6.29033083148016));
#10253=CARTESIAN_POINT('',(-37.1085963195478,-0.577585823548526,5.47993155038813));
#10254=CARTESIAN_POINT('',(-37.3222992116854,-0.611541564488525,4.6695320916777));
#10255=CARTESIAN_POINT('',(-36.6811885600667,-0.509674362727474,7.10072994782703));
#10256=CARTESIAN_POINT('',(-36.8745885328705,-0.507612391651792,7.15164358838424));
#10257=CARTESIAN_POINT('',(-37.5156303691782,-0.809305023415154,4.72879994009367));
#10258=CARTESIAN_POINT('',(-37.3019274498075,-0.775349278148025,5.53919950207689));
#10259=CARTESIAN_POINT('',(-37.0882238557334,-0.741393540074335,6.34959888644159));
#10260=CARTESIAN_POINT('',(-36.87451963586,-0.707437808672719,7.1599981060612));
#10261=CARTESIAN_POINT('',(-36.6811885600667,-0.509674362728403,7.10072994782707));
#10262=CARTESIAN_POINT('',(-36.6811196630562,-0.709499779749334,7.10908446550403));
#10263=CARTESIAN_POINT('',(-36.87451963586,-0.707437808673652,7.15999810606124));
#10264=CARTESIAN_POINT('',(-36.6766980263309,-0.508960856193347,7.11775874134986));
#10265=CARTESIAN_POINT('',(-36.6766122277407,-0.708800801988308,7.12617804958027));
#10266=CARTESIAN_POINT('',(-36.8700290591871,-0.706721470712449,7.17709462198712));
#10267=CARTESIAN_POINT('',(-36.6722075160805,-0.508238694985824,7.13478709401647));
#10268=CARTESIAN_POINT('',(-36.6721050057824,-0.708093168181786,7.14327047149789));
#10269=CARTESIAN_POINT('',(-36.8655385057644,-0.705996443626001,7.19419069625568));
#10270=CARTESIAN_POINT('',(-36.6677170285649,-0.507507879208083,7.15181500872445));
#10271=CARTESIAN_POINT('',(-36.667597996513,-0.707376880660782,7.16036173391448));
#10272=CARTESIAN_POINT('',(-36.8610479755943,-0.705262727639423,7.21128632887812));
#10273=CARTESIAN_POINT('',(-36.6677973752677,-0.507520954511973,7.15151033423962));
#10274=CARTESIAN_POINT('',(-36.6722610992644,-0.508247302162942,7.13458390215915));
#10275=CARTESIAN_POINT('',(-36.6767248280581,-0.508965114753684,7.11765710508446));
#10276=CARTESIAN_POINT('',(-36.6811885600667,-0.509674362728398,7.10072994782707));
#10277=CARTESIAN_POINT('',(-36.6677973752677,-0.507520954512249,7.15151033423963));
#10278=CARTESIAN_POINT('',(-36.8612720770913,-0.505471142888326,7.20214060248391));
#10279=CARTESIAN_POINT('',(-36.6677973751692,-0.507521240216556,7.15151034618466));
#10280=CARTESIAN_POINT('',(-36.6676791774951,-0.707389449951409,7.16005499050001));
#10281=CARTESIAN_POINT('',(-36.8612028463234,-0.705288065062508,7.21069588271724));
#10282=CARTESIAN_POINT('',(-36.4653184298625,-0.475156941060351,7.92393787078977));
#10283=CARTESIAN_POINT('',(-36.4651982820034,-0.674893797666228,7.93555496537227));
#10284=CARTESIAN_POINT('',(-36.6587222226045,-0.672015838187477,7.98616270710051));
#10285=CARTESIAN_POINT('',(-36.2628390540323,-0.424975479543289,8.69564328385267));
#10286=CARTESIAN_POINT('',(-36.2627171017181,-0.624510104894408,8.71032971573521));
#10287=CARTESIAN_POINT('',(-36.4562456040826,-0.620857037794934,8.76086971014875));
#10288=CARTESIAN_POINT('',(-36.0605572602129,-0.357018177899228,9.46587182476177));
#10289=CARTESIAN_POINT('',(-36.0604334654009,-0.556279833218992,9.48362184815244));
#10290=CARTESIAN_POINT('',(-36.2539709778272,-0.551856228841591,9.53405942288052));
#10291=CARTESIAN_POINT('',(-36.0605572602593,-0.357018177914792,9.46587182458523));
#10292=CARTESIAN_POINT('',(-36.2628353582884,-0.42497423795803,8.6956573561408));
#10293=CARTESIAN_POINT('',(-36.4653143121831,-0.475155837743185,7.92395356110875));
#10294=CARTESIAN_POINT('',(-36.6677973751692,-0.507521240216671,7.15151034618467));
#10295=CARTESIAN_POINT('',(-36.0605572602592,-0.357018177914792,9.46587182458523));
#10296=CARTESIAN_POINT('',(-36.2540456900659,-0.35264619668451,9.51630111479501));
#10297=CARTESIAN_POINT('',(-36.0605572595293,-0.357018177669596,9.46587182736443));
#10298=CARTESIAN_POINT('',(-36.0604334654506,-0.556279832484851,9.48362184790853));
#10299=CARTESIAN_POINT('',(-36.2539709771455,-0.551856228874044,9.53405942251357));
#10300=CARTESIAN_POINT('',(-36.0561028905064,-0.355521716507531,9.48283273171891));
#10301=CARTESIAN_POINT('',(-36.0559958423656,-0.554766027139936,9.50058482204054));
#10302=CARTESIAN_POINT('',(-36.2495168071508,-0.550342801029015,9.55101809229228));
#10303=CARTESIAN_POINT('',(-36.0516484040001,-0.354025179485469,9.49979448800219));
#10304=CARTESIAN_POINT('',(-36.0515579066787,-0.553252081201447,9.51754937201552));
#10305=CARTESIAN_POINT('',(-36.2450626954422,-0.548829358142644,9.56797693104777));
#10306=CARTESIAN_POINT('',(-36.0471943810895,-0.352528761904525,9.51675488208591));
#10307=CARTESIAN_POINT('',(-36.0471202411975,-0.551738192272541,9.53451328360206));
#10308=CARTESIAN_POINT('',(-36.2406087017303,-0.547315919281698,9.58493572514306));
#10309=CARTESIAN_POINT('',(-36.0473482431146,-0.352580454911014,9.51616899364259));
#10310=CARTESIAN_POINT('',(-36.0517511497086,-0.354059698904316,9.49940324485722));
#10311=CARTESIAN_POINT('',(-36.0561541574933,-0.355538939834619,9.48263752237373));
#10312=CARTESIAN_POINT('',(-36.0605572602592,-0.357018177914805,9.46587182458523));
#10313=CARTESIAN_POINT('',(-36.047348243114,-0.352580454910808,9.51616899364489));
#10314=CARTESIAN_POINT('',(-36.2407631076678,-0.348132966266627,9.56687398254148));
#10315=CARTESIAN_POINT('',(-36.0473482426441,-0.352580454398464,9.5161689909153));
#10316=CARTESIAN_POINT('',(-36.0472735304535,-0.55179048683598,9.53392729585503));
#10317=CARTESIAN_POINT('',(-36.2406881872848,-0.547343003688775,9.58463223068846));
#10318=CARTESIAN_POINT('',(-33.7782395615133,0.413864416763133,18.1044874190283));
#10319=CARTESIAN_POINT('',(-33.7781648496234,0.214654384320653,18.1222457240604));
#10320=CARTESIAN_POINT('',(-33.9715792498058,0.219101954035861,18.1729516287499));
#10321=CARTESIAN_POINT('',(-31.5090656456709,1.18030782944688,26.6927892116198));
#10322=CARTESIAN_POINT('',(-31.5089909374118,0.981097797305132,26.7105475214341));
#10323=CARTESIAN_POINT('',(-31.7024051928428,0.985545414356463,26.7612539551862));
#10324=CARTESIAN_POINT('',(-29.2398850560513,1.9467511302244,35.2810897208725));
#10325=CARTESIAN_POINT('',(-29.2398103438607,1.74754109778689,35.2988480258122));
#10326=CARTESIAN_POINT('',(-29.4332245775594,1.75198872385471,35.3495545621277));
#10327=CARTESIAN_POINT('',(-29.2398850560513,1.9467511302244,35.2810897208725));
#10328=CARTESIAN_POINT('',(-31.509065530218,1.18030786843975,26.6927896485812));
#10329=CARTESIAN_POINT('',(-33.7782394458583,0.413864455830456,18.1044878567688));
#10330=CARTESIAN_POINT('',(-36.0473482420166,-0.352580454186512,9.5161689932903));
#10331=CARTESIAN_POINT('',(-29.2398850560513,1.9467511302244,35.2810897208725));
#10332=CARTESIAN_POINT('',(-29.43329928975,1.95119875629223,35.331796257188));
#10333=CARTESIAN_POINT('',(-29.239885056785,1.94675112997659,35.2810897180957));
#10334=CARTESIAN_POINT('',(-29.2398103438606,1.74754109703324,35.2988480258786));
#10335=CARTESIAN_POINT('',(-29.4332245782912,1.75198872387146,35.3495545623188));
#10336=CARTESIAN_POINT('',(-29.2353788011661,1.94827317278954,35.2981448072995));
#10337=CARTESIAN_POINT('',(-29.2353212558302,1.74907477256606,35.315836610959));
#10338=CARTESIAN_POINT('',(-29.4287183645528,1.75350464753509,35.366541008002));
#10339=CARTESIAN_POINT('',(-29.2308725634632,1.94978639168515,35.3152006020303));
#10340=CARTESIAN_POINT('',(-29.2308319847699,1.75059972440894,35.332826659254));
#10341=CARTESIAN_POINT('',(-29.4242121686978,1.75501178280507,35.3835281565389));
#10342=CARTESIAN_POINT('',(-29.2263663435425,1.95129078694436,35.3322571027821));
#10343=CARTESIAN_POINT('',(-29.2263425306634,1.75211595047661,35.349818171025));
#10344=CARTESIAN_POINT('',(-29.41970599073,1.75651012991555,35.4005160079116));
#10345=CARTESIAN_POINT('',(-29.226522408478,1.951238681357,35.3316663814362));
#10346=CARTESIAN_POINT('',(-29.2309766259594,1.9497514359558,35.3148067337215));
#10347=CARTESIAN_POINT('',(-29.2354308423624,1.94825559523952,35.2979478439405));
#10348=CARTESIAN_POINT('',(-29.2398850560513,1.9467511302244,35.2810897208725));
#10349=CARTESIAN_POINT('',(-29.226522408478,1.95123868135672,35.3316663814363));
#10350=CARTESIAN_POINT('',(-29.4198612052819,1.95571149451242,35.3826584538447));
#10351=CARTESIAN_POINT('',(-28.6707098529163,1.92397489609325,38.2104094536461));
#10352=CARTESIAN_POINT('',(-28.4774365870794,1.92245271927905,38.1592030063206));
#10353=CARTESIAN_POINT('',(-28.4774532985476,2.12230371007813,38.1529938393437));
#10354=CARTESIAN_POINT('',(-28.9204800442319,1.89480860902169,37.2723308993167));
#10355=CARTESIAN_POINT('',(-28.7272087996459,1.89231745326574,37.221145697976));
#10356=CARTESIAN_POINT('',(-28.7272278905366,2.09205067714552,37.2111466265777));
#10357=CARTESIAN_POINT('',(-29.1702886485419,1.83895327289347,36.3351616880772));
#10358=CARTESIAN_POINT('',(-28.9770125565813,1.83549429443905,36.2840508724438));
#10359=CARTESIAN_POINT('',(-28.9770339989967,2.03500203863518,36.2702658369392));
#10360=CARTESIAN_POINT('',(-29.4197864058736,1.75648331517935,35.4002119989514));
#10361=CARTESIAN_POINT('',(-29.2264985576369,1.75206364874126,35.3492287804039));
#10362=CARTESIAN_POINT('',(-29.2265224083653,1.95123838847797,35.3316664120332));
#10363=CARTESIAN_POINT('',(-28.4774532985476,2.12230371007706,38.1529938393438));
#10364=CARTESIAN_POINT('',(-28.7272090974207,2.09205242113817,37.2112175078156));
#10365=CARTESIAN_POINT('',(-28.9770332029768,2.03500182198839,36.270268874091));
#10366=CARTESIAN_POINT('',(-29.2265224083653,1.95123838844544,35.331666412036));
#10367=CARTESIAN_POINT('',(-28.4774532985476,2.12230371007814,38.1529938393437));
#10368=CARTESIAN_POINT('',(-28.6707773960302,2.12387884426583,38.2042121201115));
#10369=CARTESIAN_POINT('',(-28.4774532985476,2.12230371007813,38.1529938393437));
#10370=CARTESIAN_POINT('',(-28.4774365870794,1.92245271927904,38.1592030063206));
#10371=CARTESIAN_POINT('',(-28.6707098529163,1.92397489609324,38.210409453646));
#10372=CARTESIAN_POINT('',(-28.4635376331956,2.12398919409435,38.2054668732149));
#10373=CARTESIAN_POINT('',(-28.4635210536231,1.92413164223946,38.2114648961581));
#10374=CARTESIAN_POINT('',(-28.6567944328437,1.92559983433912,38.2626725242533));
#10375=CARTESIAN_POINT('',(-28.4496221229291,2.12559150992629,38.2579426904475));
#10376=CARTESIAN_POINT('',(-28.4496056752356,1.9257277314551,38.2637295586524));
#10377=CARTESIAN_POINT('',(-28.6428791891737,1.92714193523331,38.3149382023299));
#10378=CARTESIAN_POINT('',(-28.435706825672,2.127110649539,38.3104210720486));
#10379=CARTESIAN_POINT('',(-28.4356905098768,1.92724097891715,38.3159967755609));
#10380=CARTESIAN_POINT('',(-28.6289641798301,1.92860119175536,38.367206269741));
#10381=CARTESIAN_POINT('',(-28.4357069391064,2.12711063715532,38.3104206442562));
#10382=CARTESIAN_POINT('',(-28.4496221774006,2.12559150352662,38.2579424850388));
#10383=CARTESIAN_POINT('',(-28.4635376516573,2.12398916220439,38.2054668045116));
#10384=CARTESIAN_POINT('',(-28.4774532985476,2.12230371007706,38.1529938393438));
#10385=CARTESIAN_POINT('',(-28.4357069391064,2.12711063715532,38.3104206442562));
#10386=CARTESIAN_POINT('',(-28.6290314372885,2.12852376656787,38.3616421384547));
#10387=CARTESIAN_POINT('',(-28.4357069391064,2.12711063715536,38.3104206442562));
#10388=CARTESIAN_POINT('',(-28.4356906233102,1.92724096658154,38.3159963494899));
#10389=CARTESIAN_POINT('',(-28.6289642932622,1.92860117985988,38.3672058436631));
#10390=CARTESIAN_POINT('',(-28.4311642024563,2.1276065700216,38.32755254327));
#10391=CARTESIAN_POINT('',(-28.4311306456261,1.92771917582186,38.3331249804043));
#10392=CARTESIAN_POINT('',(-28.6244216071363,1.92907948247062,38.3843380383718));
#10393=CARTESIAN_POINT('',(-28.4266214597938,2.12810250669148,38.3446845807523));
#10394=CARTESIAN_POINT('',(-28.4265708581089,1.92819736781495,38.3502529938711));
#10395=CARTESIAN_POINT('',(-28.6198789471698,1.92955778526547,38.401470240012));
#10396=CARTESIAN_POINT('',(-28.4220788016972,2.12859843786244,38.3618164381431));
#10397=CARTESIAN_POINT('',(-28.4220113526284,1.92867553366512,38.3673800713329));
#10398=CARTESIAN_POINT('',(-28.6153363198958,1.93003608829041,38.4186024503144));
#10399=CARTESIAN_POINT('',(-28.4221600812899,2.12858956440495,38.3615099060749));
#10400=CARTESIAN_POINT('',(-28.4266756681235,2.12809658866227,38.3444801435337));
#10401=CARTESIAN_POINT('',(-28.4311912896207,2.1276036129021,38.3274503901844));
#10402=CARTESIAN_POINT('',(-28.4357069391064,2.12711063715536,38.3104206442562));
#10403=CARTESIAN_POINT('',(-28.4221600812899,2.12858956440495,38.3615099060749));
#10404=CARTESIAN_POINT('',(-28.6155607430361,2.12994211474275,38.4124455776608));
#10405=CARTESIAN_POINT('',(-21.0029749879288,2.73626237975261,67.2971492196765));
#10406=CARTESIAN_POINT('',(-20.8095795494687,2.73490930026869,67.2461945971313));
#10407=CARTESIAN_POINT('',(-20.809646693495,2.93483188697673,67.2406308919229));
#10408=CARTESIAN_POINT('',(-23.5411100734514,2.46751916169693,57.6709349076466));
#10409=CARTESIAN_POINT('',(-23.3477113173879,2.46616643336633,57.619992864117));
#10410=CARTESIAN_POINT('',(-23.3477784619377,2.66608902015033,57.6144291605005));
#10411=CARTESIAN_POINT('',(-26.0783051223389,2.19876936757561,48.0444729509542));
#10412=CARTESIAN_POINT('',(-25.8849046984431,2.19741681631834,47.9935372467649));
#10413=CARTESIAN_POINT('',(-25.8849718411633,2.39733940291458,47.9879735397748));
#10414=CARTESIAN_POINT('',(-28.6154933863618,1.93001952653816,38.4180092265271));
#10415=CARTESIAN_POINT('',(-28.4220929372636,1.92866697769691,38.3670736112833));
#10416=CARTESIAN_POINT('',(-28.4221600812899,2.12858956440495,38.3615099060749));
#10417=CARTESIAN_POINT('',(-20.809646693495,2.93483188697673,67.2406308919229));
#10418=CARTESIAN_POINT('',(-23.3477801087453,2.66608884577704,57.6144229147645));
#10419=CARTESIAN_POINT('',(-25.8849734870987,2.39733922856498,47.9879672948552));
#10420=CARTESIAN_POINT('',(-28.4221600812899,2.12858956440495,38.3615099060749));
#10421=CARTESIAN_POINT('',(-20.809646693495,2.93483188697673,67.2406308919229));
#10422=CARTESIAN_POINT('',(-21.0030421319551,2.93618496646065,67.2915855144681));
#10423=CARTESIAN_POINT('',(-20.809646693495,2.93483188697673,67.2406308919229));
#10424=CARTESIAN_POINT('',(-20.8095795494687,2.73490930026869,67.2461945971313));
#10425=CARTESIAN_POINT('',(-21.0029749879288,2.73626237975261,67.2971492196765));
#10426=CARTESIAN_POINT('',(-19.1979789429858,3.10547874498744,73.353094824381));
#10427=CARTESIAN_POINT('',(-19.1979118018833,2.90555615868653,73.3586585380399));
#10428=CARTESIAN_POINT('',(-19.3794120841904,2.90816872233969,73.4547271013201));
#10429=CARTESIAN_POINT('',(-11.5345053307447,3.41397911239601,84.346063119821));
#10430=CARTESIAN_POINT('',(-11.5344381854296,3.21405652549367,84.3516268209998));
#10431=CARTESIAN_POINT('',(-11.65924139855,3.21895409042896,84.5291189046515));
#10432=CARTESIAN_POINT('',(7.9191374497096,3.56610794772352,89.5777914895194));
#10433=CARTESIAN_POINT('',(7.91920459361018,3.36618536108476,89.5833551961558));
#10434=CARTESIAN_POINT('',(7.93824681920717,3.37220488146346,89.7994269451896));
#10435=CARTESIAN_POINT('',(26.127156702745,3.33458539062404,81.0386711638203));
#10436=CARTESIAN_POINT('',(26.1272238459838,3.1346628038332,81.0442348673462));
#10437=CARTESIAN_POINT('',(26.2808909716852,3.1389765213876,81.1973867169542));
#10438=CARTESIAN_POINT('',(31.7600225608703,2.99965726393109,68.9356016812485));
#10439=CARTESIAN_POINT('',(31.7600897068178,2.7997346773701,68.9411653894309));
#10440=CARTESIAN_POINT('',(31.9554396063076,2.80155748259794,69.0043073677077));
#10441=CARTESIAN_POINT('',(32.2959127630602,2.82454127801079,62.6366297895111));
#10442=CARTESIAN_POINT('',(32.2959799070865,2.62461869130275,62.6421934947195));
#10443=CARTESIAN_POINT('',(32.4952605646952,2.62515702019985,62.6591324942478));
#10444=CARTESIAN_POINT('',(32.2959127630602,2.82454127801079,62.6366297895111));
#10445=CARTESIAN_POINT('',(31.7606392799959,2.99945573595032,68.9283526282947));
#10446=CARTESIAN_POINT('',(26.1268915887141,3.33467832431495,81.0420137983403));
#10447=CARTESIAN_POINT('',(7.91922692384667,3.56608258245047,89.5768789458765));
#10448=CARTESIAN_POINT('',(-11.5345155275573,3.4139874656504,84.3463634055306));
#10449=CARTESIAN_POINT('',(-19.1980006618155,3.10547644541034,73.3530124528342));
#10450=CARTESIAN_POINT('',(-20.809646693495,2.93483188697673,67.2406308919229));
#10451=CARTESIAN_POINT('',(32.2959127630602,2.82454127801079,62.6366297895111));
#10452=CARTESIAN_POINT('',(32.4951934206689,2.82507960690789,62.6535687890394));
#10453=CARTESIAN_POINT('',(33.8222060322584,2.39144390883275,47.055569224535));
#10454=CARTESIAN_POINT('',(33.6229253746496,2.39090557993564,47.0386302250067));
#10455=CARTESIAN_POINT('',(34.3645534869369,2.14675731908295,38.321426732141));
#10456=CARTESIAN_POINT('',(34.3645197131575,2.24731937526408,38.3186281607291));
#10457=CARTESIAN_POINT('',(34.3644859393781,2.3478814314452,38.3158295893173));
#10458=CARTESIAN_POINT('',(34.3644521655987,2.44844348762633,38.3130310179055));
#10459=CARTESIAN_POINT('',(34.4511657778912,2.1186267754736,37.3095567047146));
#10460=CARTESIAN_POINT('',(34.4511307130594,2.2191318325556,37.3047099800982));
#10461=CARTESIAN_POINT('',(34.4510956482276,2.31963688963759,37.2998632554817));
#10462=CARTESIAN_POINT('',(34.4510605833959,2.42014194671958,37.2950165308653));
#10463=CARTESIAN_POINT('',(34.5377779371617,2.05960982776504,36.2991041204826));
#10464=CARTESIAN_POINT('',(34.5377416029973,2.15999536431176,36.2922121118904));
#10465=CARTESIAN_POINT('',(34.5377052688328,2.26038090085849,36.2853201032982));
#10466=CARTESIAN_POINT('',(34.5376689346683,2.36076643740521,36.278428094706));
#10467=CARTESIAN_POINT('',(34.6243091863101,1.96977715719798,35.2910106565315));
#10468=CARTESIAN_POINT('',(34.6242716057055,2.06998079490135,35.2820781392659));
#10469=CARTESIAN_POINT('',(34.6242340251008,2.17018443260472,35.2731456220003));
#10470=CARTESIAN_POINT('',(34.6241964444962,2.27038807030809,35.2642131047347));
#10471=CARTESIAN_POINT('',(34.3644521655987,2.44844348762635,38.3130310179055));
#10472=CARTESIAN_POINT('',(34.3644521655987,2.44844348762635,38.3130310179055));
#10473=CARTESIAN_POINT('',(34.4410563378309,-47.5321841635291,39.7039190841757));
#10474=CARTESIAN_POINT('',(5.5088176833179,2.88871664996667,60.6437978558942));
#10475=CARTESIAN_POINT('',(5.51416439077737,4.10535483899099,60.610929979789));
#10476=CARTESIAN_POINT('',(19.2209326290249,4.62980825779902,76.1147017428781));
#10477=CARTESIAN_POINT('',(54.3363270117507,5.52876655511486,36.0772634931294));
#10478=CARTESIAN_POINT('',(33.477298923864,6.04243343982418,52.1616317608598));
#10479=CARTESIAN_POINT('',(44.9457812859834,5.64980519776845,39.9141551657523));
#10480=CARTESIAN_POINT('',(-68.178907147183,-0.0639851856897767,9.51006998499422));
#10481=CARTESIAN_POINT('',(33.0123295253885,16.3262167843497,21.7524551811623));
#10482=CARTESIAN_POINT('',(33.1740118826598,16.3330802552973,22.2129230713283));
#10483=CARTESIAN_POINT('',(33.1209350158618,17.8319758478152,22.1686752883459));
#10484=CARTESIAN_POINT('',(34.589107811523,16.3569870973943,21.7160004806401));
#10485=CARTESIAN_POINT('',(32.9719233175218,17.8256502506402,21.7442931634021));
#10486=CARTESIAN_POINT('',(33.4854440497985,17.8474493800348,23.2067892089743));
#10487=CARTESIAN_POINT('',(33.5385209165965,16.3485537875169,23.2510369919568));
#10488=CARTESIAN_POINT('',(34.9536168454597,16.3724606296139,22.7541144012685));
#10489=CARTESIAN_POINT('',(34.4273282404308,16.350119499687,21.2552557275944));
#10490=CARTESIAN_POINT('',(26.5470773316606,16.260553371432,20.2352183027005));
#10491=CARTESIAN_POINT('',(27.0074342605287,16.2415358051883,20.0741940809897));
#10492=CARTESIAN_POINT('',(27.0253213112879,17.7418826378712,20.0640722021477));
#10493=CARTESIAN_POINT('',(26.5119288804826,16.2263700952886,18.6584806545827));
#10494=CARTESIAN_POINT('',(26.6010414518711,17.7594098430164,20.2124773414341));
#10495=CARTESIAN_POINT('',(28.0631850723058,17.6990079865098,19.7010469191991));
#10496=CARTESIAN_POINT('',(28.0452980215466,16.1986611538269,19.7111687980411));
#10497=CARTESIAN_POINT('',(27.5497926415005,16.1834954439272,18.2954553716341));
#10498=CARTESIAN_POINT('',(26.051295155452,16.2453990961149,18.8196016944009));
#10499=CARTESIAN_POINT('',(29.0947752848844,20.7873567218451,24.1389439605649));
#10500=CARTESIAN_POINT('',(29.0188741554913,20.7832594184186,24.0415695774583));
#10501=CARTESIAN_POINT('',(29.0188741554913,20.9106658205519,27.0889073678411));
#10502=CARTESIAN_POINT('',(26.1018406394788,17.7557359450745,18.7857312168876));
#10503=CARTESIAN_POINT('',(29.0199260655327,17.7323525462387,24.1691251996327));
#10504=CARTESIAN_POINT('',(27.5295405957476,17.7455934590334,21.5051607299789));
#10505=CARTESIAN_POINT('',(28.5705111831774,17.7027416724801,21.1510149406122));
#10506=CARTESIAN_POINT('',(27.5639839690129,17.6953340968444,18.2743006498511));
#10507=CARTESIAN_POINT('',(26.5261202625517,17.7382087486073,18.6373260887259));
#10508=CARTESIAN_POINT('',(34.397558156686,17.8613400175019,21.2431833965542));
#10509=CARTESIAN_POINT('',(29.0199260655327,17.7323525462387,24.1691251996327));
#10510=CARTESIAN_POINT('',(31.6809689450066,17.7959273099565,22.6748227172297));
#10511=CARTESIAN_POINT('',(32.0366054015567,17.8111787234413,23.7160553448352));
#10512=CARTESIAN_POINT('',(34.9110790332871,17.8831391492004,22.7056791508803));
#10513=CARTESIAN_POINT('',(34.5465698435456,17.8676656130803,21.6675652850172));
#10514=CARTESIAN_POINT('',(24.9124790726397,10.4484351826186,27.155383645482));
#10515=CARTESIAN_POINT('',(24.7508050828919,10.4167270727522,26.6959539210744));
#10516=CARTESIAN_POINT('',(24.8028488708395,11.9141213147806,26.6149295702052));
#10517=CARTESIAN_POINT('',(23.3356787317015,10.4810556151878,27.1891874711451));
#10518=CARTESIAN_POINT('',(24.9518528729586,11.9433445391045,27.0383549321695));
#10519=CARTESIAN_POINT('',(24.4383591489059,11.842636222056,25.5791574416237));
#10520=CARTESIAN_POINT('',(24.3863153609583,10.3452419800276,25.6601817924929));
#10521=CARTESIAN_POINT('',(22.9711890097679,10.4095705224632,26.1534153425635));
#10522=CARTESIAN_POINT('',(23.4974499301198,10.5127827899837,27.6488934338811));
#10523=CARTESIAN_POINT('',(23.4820021296785,12.0221249330256,27.5501604252017));
#10524=CARTESIAN_POINT('',(29.0220295566519,11.6314929118254,24.4241965535187));
#10525=CARTESIAN_POINT('',(26.4419959711822,11.8262670298659,26.0441744109491));
#10526=CARTESIAN_POINT('',(26.032519552053,11.7571931143395,25.0240667639244));
#10527=CARTESIAN_POINT('',(22.9685082636208,11.9214166429413,26.0909632313166));
#10528=CARTESIAN_POINT('',(23.3329981413634,11.9929017273149,27.126735305645));
#10529=CARTESIAN_POINT('',(-19.9713472913456,16.8674758583563,99.5240733242799));
#10530=CARTESIAN_POINT('',(-16.8594612065279,10.5589940565529,101.390285655027));
#10531=CARTESIAN_POINT('',(-16.8294494439939,10.5983541171331,102.88946879252));
#10532=CARTESIAN_POINT('',(-16.8401399860464,8.0700723509578,102.956061167389));
#10533=CARTESIAN_POINT('',(-16.8701905587614,8.02153379665679,101.457119782103));
#10534=CARTESIAN_POINT('',(-15.6100668165783,8.04829191377467,102.270437559426));
#10535=CARTESIAN_POINT('',(-15.5993825255983,10.5750953197086,102.203884123064));
#10536=CARTESIAN_POINT('',(-16.0320520767199,10.5945645902645,102.873605390758));
#10537=CARTESIAN_POINT('',(-16.0315062553726,8.06982241015404,102.939879898263));
#10538=CARTESIAN_POINT('',(-23.5542220236006,8.07214760826814,103.090414168336));
#10539=CARTESIAN_POINT('',(-23.5542501994957,8.06548409193082,103.090589678591));
#10540=CARTESIAN_POINT('',(-23.4635182577732,36.581655112452,100.839282843579));
#10541=CARTESIAN_POINT('',(-23.5842725963157,8.02360905396713,101.59147278305));
#10542=CARTESIAN_POINT('',(-25.0839871042405,8.02407260110263,101.621483012829));
#10543=CARTESIAN_POINT('',(-25.0738034950322,10.4324662399811,101.558048369516));
#10544=CARTESIAN_POINT('',(-25.0252180498254,36.5074522793382,97.77134769844));
#10545=CARTESIAN_POINT('',(-25.1369052413293,7.93581071365039,98.982558964256));
#10546=CARTESIAN_POINT('',(-25.1368933758662,7.93861686079042,98.9824850531893));
#10547=CARTESIAN_POINT('',(-26.3658489040933,5.95357234246847,37.6814137090388));
#10548=CARTESIAN_POINT('',(-23.5163562011843,36.5123587940088,98.1998592611727));
#10549=CARTESIAN_POINT('',(-24.8871527912018,10.3117975321795,98.075932885588));
#10550=CARTESIAN_POINT('',(-24.8973026101244,7.91139519653705,98.1391570460875));
#10551=CARTESIAN_POINT('',(-23.6371788679413,7.93815331365492,98.95247482341));
#10552=CARTESIAN_POINT('',(-29.4996370463009,36.7087922483684,104.697218850556));
#10553=CARTESIAN_POINT('',(26.7226214557828,5.34221958756206,18.2424986723842));
#10554=CARTESIAN_POINT('',(-21.9968843530165,19.8739127025724,93.4103294916125));
#10555=CARTESIAN_POINT('',(-21.9968843530165,19.8739127025724,93.4103294916125));
#10556=CARTESIAN_POINT('',(-32.8706682176872,19.7349676841758,86.3894235530012));
#10557=CARTESIAN_POINT('',(-26.6602367945521,10.0637226191832,90.6827867797726));
#10558=CARTESIAN_POINT('',(-25.1700011368405,9.99926469463197,88.4620988737259));
#10559=CARTESIAN_POINT('',(-23.6692328414369,9.89990342820185,86.22684831975));
#10560=CARTESIAN_POINT('',(-24.4220328718165,9.87851561600409,85.7335685144708));
#10561=CARTESIAN_POINT('',(-25.1744448774141,9.85713882798385,85.2405429663398));
#10562=CARTESIAN_POINT('',(-26.6779459113601,9.96694298460147,87.4795262552168));
#10563=CARTESIAN_POINT('',(-28.1725387182441,10.0315893711528,89.7067070058159));
#10564=CARTESIAN_POINT('',(-32.8706682176872,19.7349676841758,86.3894235530012));
#10565=CARTESIAN_POINT('',(-32.8706682176872,19.7349676841758,86.3894235530012));
#10566=CARTESIAN_POINT('',(5.53137415297579,8.02141983288546,60.505136211189));
#10567=CARTESIAN_POINT('',(14.0979422525248,8.31450215746519,36.0123805037623));
#10568=CARTESIAN_POINT('',(8.54016183122385,8.24961446180162,34.0662870913918));
#10569=CARTESIAN_POINT('',(2.48036273375361,8.24767305752755,34.0697276327541));
#10570=CARTESIAN_POINT('',(-3.07609946737504,8.30903975406514,36.0233581685799));
#10571=CARTESIAN_POINT('',(44.9433680679011,8.57634951587925,39.8357880998709));
#10572=CARTESIAN_POINT('',(44.9814099759428,17.5731489279761,39.5988215374051));
#10573=CARTESIAN_POINT('',(44.4455848121668,15.035297924316,45.5055049260523));
#10574=CARTESIAN_POINT('',(39.1827462301091,15.0402359070719,45.0481025507942));
#10575=CARTESIAN_POINT('',(44.4628419998424,15.035264471047,45.5070052389746));
#10576=CARTESIAN_POINT('',(39.1655113008537,15.0455334112788,45.2464635881145));
#10577=CARTESIAN_POINT('',(39.0702795874294,15.0800756976593,46.3426263147018));
#10578=CARTESIAN_POINT('',(39.0530223997538,15.0801091509283,46.3411260017795));
#10579=CARTESIAN_POINT('',(44.3503308403223,15.0645761597585,46.801806302397));
#10580=CARTESIAN_POINT('',(44.3627759813601,17.7632986025295,46.7188322475337));
#10581=CARTESIAN_POINT('',(43.7872243724858,5.62859980583849,53.0684788091561));
#10582=CARTESIAN_POINT('',(33.4749034625605,8.94744385664076,52.0838413302445));
#10583=CARTESIAN_POINT('',(-40.9980457204544,10.6022550189831,99.1576178664951));
#10584=CARTESIAN_POINT('',(15.8342398260764,2.61231059245793,11.2954769994002));
#10585=CARTESIAN_POINT('',(-41.013037454891,7.94136523353503,99.233496145576));
#10586=CARTESIAN_POINT('',(54.33703802638,3.42986636534726,36.1452155928156));
#10587=CARTESIAN_POINT('',(16.6892584244133,2.63046577659185,11.8473067274799));
#10588=CARTESIAN_POINT('',(16.688411978426,5.12915647869613,11.7664113707107));
#10589=CARTESIAN_POINT('',(16.688411978426,5.12915647869613,11.7664113707107));
#10590=CARTESIAN_POINT('',(-35.1176167677142,10.7271230786454,102.953004974479));
#10591=CARTESIAN_POINT('',(21.7146687788167,2.73717865212021,15.0908641073841));
#10592=CARTESIAN_POINT('',(-35.1326085021508,8.06623329319731,103.02888325356));
#10593=CARTESIAN_POINT('',(60.2174669791202,3.55473442500954,39.9406027007995));
#10594=CARTESIAN_POINT('',(22.5696873771535,2.75533383625413,15.6426938354638));
#10595=CARTESIAN_POINT('',(22.5688409311663,5.25402453835841,15.5617984786946));
#10596=CARTESIAN_POINT('',(22.5688409311663,5.25402453835841,15.5617984786946));
#10597=CARTESIAN_POINT('',(26.6765653375173,3.34226832666199,18.276856191218));
#10598=CARTESIAN_POINT('',(26.6767346267148,2.84253018624113,18.2930352625718));
#10599=CARTESIAN_POINT('',(26.6758881807275,5.34122088834541,18.2121399058027));
#10600=CARTESIAN_POINT('',(52.6569154684542,3.39418977687233,35.0608192762487));
#10601=CARTESIAN_POINT('',(27.6008363536677,2.8621522588416,18.8894513004151));
#10602=CARTESIAN_POINT('',(27.6006670644703,3.36189039926245,18.8732722290613));
#10603=CARTESIAN_POINT('',(27.5999899076805,5.36084296094587,18.8085559436459));
#10604=CARTESIAN_POINT('',(30.4568410928503,3.4225406507306,20.7167479034934));
#10605=CARTESIAN_POINT('',(30.4570103820478,2.92280251030974,20.7329269748472));
#10606=CARTESIAN_POINT('',(30.4561639360605,5.42149321241402,20.652031618078));
#10607=CARTESIAN_POINT('',(56.4371912237872,3.47446210094093,37.5007109885241));
#10608=CARTESIAN_POINT('',(31.3811121090007,2.9424245829102,21.3293430126905));
#10609=CARTESIAN_POINT('',(31.3809428198033,3.44216272333106,21.3131639413367));
#10610=CARTESIAN_POINT('',(31.3802656630135,5.44111528501448,21.2484476559213));
#10611=CARTESIAN_POINT('',(54.3361915803928,5.92855706745154,36.0643202360464));
#10612=CARTESIAN_POINT('',(34.2364396913935,5.50176553648263,23.0919233303534));
#10613=CARTESIAN_POINT('',(35.1605414183465,5.52138760908309,23.6883393681967));
#10614=CARTESIAN_POINT('',(34.2371168481833,3.5028129747992,23.1566396157688));
#10615=CARTESIAN_POINT('',(34.2372861373808,3.00307483437835,23.1728186871226));
#10616=CARTESIAN_POINT('',(60.2174669791202,3.55473442500954,39.9406027007995));
#10617=CARTESIAN_POINT('',(35.1613878643337,3.02269690697881,23.7692347249659));
#10618=CARTESIAN_POINT('',(35.1612185751363,3.52243504739967,23.753055653612));
#10619=CARTESIAN_POINT('',(35.1605414183465,5.52138760908309,23.6883393681967));
#10620=CARTESIAN_POINT('',(-4.74187787818469,10.0865291726453,85.3977516887248));
#10621=CARTESIAN_POINT('',(-21.5832862733748,3.24013149469833,67.4362258294971));
#10622=CARTESIAN_POINT('',(-21.1655757184076,3.28435931471003,69.0204387024947));
#10623=CARTESIAN_POINT('',(-20.6152282339558,3.32695980811523,70.544575581251));
#10624=CARTESIAN_POINT('',(-19.5991859454956,3.38851364277322,72.7441494655808));
#10625=CARTESIAN_POINT('',(-19.2285562321759,3.40863856977399,73.4628327426989));
#10626=CARTESIAN_POINT('',(-18.6240602968384,3.43822870889004,74.518810484527));
#10627=CARTESIAN_POINT('',(-18.4144583233842,3.44799240604188,74.86712334393));
#10628=CARTESIAN_POINT('',(-17.9787992756184,3.46731737901903,75.5562768018298));
#10629=CARTESIAN_POINT('',(-17.7521598815834,3.47690162676604,75.8979358309508));
#10630=CARTESIAN_POINT('',(-16.5848995429551,3.52399039078249,77.5759062838265));
#10631=CARTESIAN_POINT('',(-15.5465495166902,3.55891149087886,78.8182074844846));
#10632=CARTESIAN_POINT('',(-13.8377890360509,3.60731497919042,80.5368854467708));
#10633=CARTESIAN_POINT('',(-13.2428475346854,3.62278253507509,81.0855067163008));
#10634=CARTESIAN_POINT('',(-12.3117781740867,3.64496701575883,81.8714331544697));
#10635=CARTESIAN_POINT('',(-11.9949697235862,3.65219212656128,82.1272323013765));
#10636=CARTESIAN_POINT('',(-11.3482287778176,3.66629712767047,82.6262672811636));
#10637=CARTESIAN_POINT('',(-11.01784685807,3.67318448554758,82.8697660251341));
#10638=CARTESIAN_POINT('',(-9.34906811511541,3.70642051454309,84.0439088167159));
#10639=CARTESIAN_POINT('',(-7.94889909418698,3.7294605572914,84.8549172705385));
#10640=CARTESIAN_POINT('',(-5.75377800861749,3.75885278326364,85.8845873129049));
#10641=CARTESIAN_POINT('',(-5.00616788927852,3.76778388309569,86.1964893569704));
#10642=CARTESIAN_POINT('',(-3.86042624370264,3.77985536700514,86.6164311931963));
#10643=CARTESIAN_POINT('',(-3.47445215791458,3.78365801844154,86.7484151912442));
#10644=CARTESIAN_POINT('',(-2.69423100618507,3.79081265698743,86.996089466558));
#10645=CARTESIAN_POINT('',(-2.30136465349566,3.79415098614766,87.1113056306582));
#10646=CARTESIAN_POINT('',(-0.334461506088867,3.80957030441109,87.6416364237869));
#10647=CARTESIAN_POINT('',(1.2579509167167,3.81796299569226,87.9239963817596));
#10648=CARTESIAN_POINT('',(3.67425824662101,3.82477275660756,88.1395333969876));
#10649=CARTESIAN_POINT('',(4.48433522951082,3.82607394901558,88.1765134155401));
#10650=CARTESIAN_POINT('',(5.70657362066317,3.82653901890655,88.1784746928827));
#10651=CARTESIAN_POINT('',(6.11584256333187,3.82644526456147,88.170166636632));
#10652=CARTESIAN_POINT('',(6.9337949790664,3.82575410178568,88.1354596093501));
#10653=CARTESIAN_POINT('',(7.34090941394144,3.82515890748991,88.1091591351114));
#10654=CARTESIAN_POINT('',(9.36734501350617,3.82095797087547,87.9337499207268));
#10655=CARTESIAN_POINT('',(10.9594637788874,3.81370512978589,87.6539169753247));
#10656=CARTESIAN_POINT('',(13.304812403648,3.79708359887384,87.0283454408397));
#10657=CARTESIAN_POINT('',(14.0794166619256,3.79058063214681,86.7853239421536));
#10658=CARTESIAN_POINT('',(15.2302694613624,3.7793441978138,86.3676724274201));
#10659=CARTESIAN_POINT('',(15.6129175467316,3.77534085525974,86.2192010219354));
#10660=CARTESIAN_POINT('',(16.367918031466,3.76690421877373,85.9069328666873));
#10661=CARTESIAN_POINT('',(16.7407269395432,3.76246780982303,85.743018674603));
#10662=CARTESIAN_POINT('',(18.5817097756004,3.73921367275927,84.8852021558318));
#10663=CARTESIAN_POINT('',(19.9812205189834,3.71720393111766,84.0774287207685));
#10664=CARTESIAN_POINT('',(21.9716734843384,3.67913081389721,82.6853127090808));
#10665=CARTESIAN_POINT('',(22.6169208347894,3.66559197465893,82.1910298232022));
#10666=CARTESIAN_POINT('',(23.5566169440678,3.64397392053296,81.4028801789553));
#10667=CARTESIAN_POINT('',(23.8649195902498,3.63655243631794,81.132480697656));
#10668=CARTESIAN_POINT('',(24.4660283270617,3.62141955556735,80.5814512289881));
#10669=CARTESIAN_POINT('',(24.7596182237787,3.61369054603754,80.3001788885249));
#10670=CARTESIAN_POINT('',(26.1932738717378,3.57424498973424,78.8654660912488));
#10671=CARTESIAN_POINT('',(27.2312335841659,3.54014501846892,77.6276134376215));
#10672=CARTESIAN_POINT('',(28.625306543857,3.4851933249726,75.6361908219069));
#10673=CARTESIAN_POINT('',(29.0627026300467,3.46623895877764,74.9498182859154));
#10674=CARTESIAN_POINT('',(29.8810801031203,3.42701335837892,73.5304345551777));
#10675=CARTESIAN_POINT('',(30.2560520383333,3.40702948522303,72.8078217299764));
#10676=CARTESIAN_POINT('',(31.2810561637875,3.3460303770503,70.6035492285929));
#10677=CARTESIAN_POINT('',(31.8321867601893,3.3039621097058,69.0852441357353));
#10678=CARTESIAN_POINT('',(32.3553555727895,3.24961886019217,67.1261952168767));
#10679=CARTESIAN_POINT('',(32.4516431383959,3.23866168902046,66.7313052907958));
#10680=CARTESIAN_POINT('',(32.6272713147595,3.21656760421901,65.9352712089314));
#10681=CARTESIAN_POINT('',(32.7067165987741,3.20541306516653,65.53349244938));
#10682=CARTESIAN_POINT('',(32.9182352891597,3.17181610413418,64.3236883135591));
#10683=CARTESIAN_POINT('',(33.0234913418888,3.14927106650431,63.5122992506121));
#10684=CARTESIAN_POINT('',(33.0929341195485,3.12657884255425,62.6960534921057));
#10685=CARTESIAN_POINT('',(-21.5831855573354,2.94024761463624,67.4445713873097));
#10686=CARTESIAN_POINT('',(-21.1654750023682,2.98447543464794,69.0287842603074));
#10687=CARTESIAN_POINT('',(-20.6151275179164,3.02707592805314,70.5529211390636));
#10688=CARTESIAN_POINT('',(-19.5990852294562,3.08862976271113,72.7524950233934));
#10689=CARTESIAN_POINT('',(-19.2284555161365,3.1087546897119,73.4711783005115));
#10690=CARTESIAN_POINT('',(-18.623959580799,3.13834482882795,74.5271560423396));
#10691=CARTESIAN_POINT('',(-18.4143576073448,3.14810852597979,74.8754689017426));
#10692=CARTESIAN_POINT('',(-17.978698559579,3.16743349895694,75.5646223596424));
#10693=CARTESIAN_POINT('',(-17.752059165544,3.17701774670395,75.9062813887634));
#10694=CARTESIAN_POINT('',(-16.5847988269157,3.2241065107204,77.5842518416391));
#10695=CARTESIAN_POINT('',(-15.5464488006509,3.25902761081677,78.8265530422972));
#10696=CARTESIAN_POINT('',(-13.8376883200115,3.30743109912832,80.5452310045835));
#10697=CARTESIAN_POINT('',(-13.242746818646,3.322898655013,81.0938522741134));
#10698=CARTESIAN_POINT('',(-12.3116774580473,3.34508313569674,81.8797787122823));
#10699=CARTESIAN_POINT('',(-11.9948690075468,3.35230824649919,82.1355778591891));
#10700=CARTESIAN_POINT('',(-11.3481280617782,3.36641324760837,82.6346128389762));
#10701=CARTESIAN_POINT('',(-11.0177461420306,3.37330060548549,82.8781115829467));
#10702=CARTESIAN_POINT('',(-9.34896739907601,3.40653663448099,84.0522543745285));
#10703=CARTESIAN_POINT('',(-7.94879837814758,3.42957667722931,84.8632628283511));
#10704=CARTESIAN_POINT('',(-5.7536772925781,3.45896890320155,85.8929328707175));
#10705=CARTESIAN_POINT('',(-5.00606717323912,3.4679000030336,86.204834914783));
#10706=CARTESIAN_POINT('',(-3.86032552766324,3.47997148694304,86.6247767510089));
#10707=CARTESIAN_POINT('',(-3.47435144187518,3.48377413837945,86.7567607490569));
#10708=CARTESIAN_POINT('',(-2.69413029014568,3.49092877692533,87.0044350243706));
#10709=CARTESIAN_POINT('',(-2.30126393745626,3.49426710608557,87.1196511884708));
#10710=CARTESIAN_POINT('',(-0.33436079004947,3.50968642434899,87.6499819815995));
#10711=CARTESIAN_POINT('',(1.25805163275609,3.51807911563016,87.9323419395722));
#10712=CARTESIAN_POINT('',(3.67435896266041,3.52488887654546,88.1478789548002));
#10713=CARTESIAN_POINT('',(4.48443594555021,3.52619006895349,88.1848589733527));
#10714=CARTESIAN_POINT('',(5.70667433670256,3.52665513884446,88.1868202506953));
#10715=CARTESIAN_POINT('',(6.11594327937126,3.52656138449938,88.1785121944446));
#10716=CARTESIAN_POINT('',(6.9338956951058,3.52587022172359,88.1438051671627));
#10717=CARTESIAN_POINT('',(7.34101012998084,3.52527502742781,88.117504692924));
#10718=CARTESIAN_POINT('',(9.36744572954557,3.52107409081338,87.9420954785394));
#10719=CARTESIAN_POINT('',(10.9595644949268,3.5138212497238,87.6622625331373));
#10720=CARTESIAN_POINT('',(13.3049131196874,3.49719971881174,87.0366909986523));
#10721=CARTESIAN_POINT('',(14.079517377965,3.49069675208472,86.7936694999662));
#10722=CARTESIAN_POINT('',(15.2303701774018,3.47946031775171,86.3760179852327));
#10723=CARTESIAN_POINT('',(15.613018262771,3.47545697519764,86.227546579748));
#10724=CARTESIAN_POINT('',(16.3680187475054,3.46702033871164,85.9152784244999));
#10725=CARTESIAN_POINT('',(16.7408276555826,3.46258392976094,85.7513642324156));
#10726=CARTESIAN_POINT('',(18.5818104916398,3.43932979269718,84.8935477136444));
#10727=CARTESIAN_POINT('',(19.9813212350228,3.41732005105557,84.0857742785811));
#10728=CARTESIAN_POINT('',(21.9717742003778,3.37924693383511,82.6936582668934));
#10729=CARTESIAN_POINT('',(22.6170215508288,3.36570809459684,82.1993753810148));
#10730=CARTESIAN_POINT('',(23.5567176601072,3.34409004047086,81.4112257367679));
#10731=CARTESIAN_POINT('',(23.8650203062892,3.33666855625585,81.1408262554687));
#10732=CARTESIAN_POINT('',(24.466129043101,3.32153567550526,80.5897967868007));
#10733=CARTESIAN_POINT('',(24.7597189398181,3.31380666597545,80.3085244463375));
#10734=CARTESIAN_POINT('',(26.1933745877772,3.27436110967214,78.8738116490614));
#10735=CARTESIAN_POINT('',(27.2313343002053,3.24026113840683,77.6359589954341));
#10736=CARTESIAN_POINT('',(28.6254072598964,3.1853094449105,75.6445363797195));
#10737=CARTESIAN_POINT('',(29.0628033460861,3.16635507871554,74.958163843728));
#10738=CARTESIAN_POINT('',(29.8811808191597,3.12712947831682,73.5387801129904));
#10739=CARTESIAN_POINT('',(30.2561527543727,3.10714560516094,72.816167287789));
#10740=CARTESIAN_POINT('',(31.2811568798269,3.04614649698821,70.6118947864055));
#10741=CARTESIAN_POINT('',(31.8322874762287,3.0040782296437,69.0935896935479));
#10742=CARTESIAN_POINT('',(32.3554562888289,2.94973498013007,67.1345407746893));
#10743=CARTESIAN_POINT('',(32.4517438544353,2.93877780895837,66.7396508486084));
#10744=CARTESIAN_POINT('',(32.6273720307989,2.91668372415692,65.943616766744));
#10745=CARTESIAN_POINT('',(32.7068173148135,2.90552918510444,65.5418380071926));
#10746=CARTESIAN_POINT('',(32.9183360051991,2.87193222407209,64.3320338713717));
#10747=CARTESIAN_POINT('',(33.0235920579282,2.84938718644222,63.5206448084247));
#10748=CARTESIAN_POINT('',(33.0930348355879,2.82669496249215,62.7043990499184));
#10749=CARTESIAN_POINT('',(-21.5832862733748,3.24013149469835,67.4362258294971));
#10750=CARTESIAN_POINT('',(33.0929341195485,3.12657884255425,62.6960534921057));
#10751=CARTESIAN_POINT('',(-29.2496823574978,2.42818336838562,38.3527264484318));
#10752=CARTESIAN_POINT('',(-29.2495974349568,2.42819236374484,38.3530486569918));
#10753=CARTESIAN_POINT('',(-29.2495125124158,2.42820135910407,38.3533708655518));
#10754=CARTESIAN_POINT('',(-29.2494275898748,2.42821035446329,38.3536930741118));
#10755=CARTESIAN_POINT('',(-26.6943700351279,2.69885299277953,48.0479557019379));
#10756=CARTESIAN_POINT('',(-24.1393122569006,2.9694956302216,57.7422182956537));
#10757=CARTESIAN_POINT('',(-21.5832862733748,3.24013149469835,67.4362258294971));
#10758=CARTESIAN_POINT('',(-29.2495810283098,2.12647382711814,38.3611228131139));
#10759=CARTESIAN_POINT('',(-29.2494961057688,2.12648282247737,38.3614450216738));
#10760=CARTESIAN_POINT('',(-29.2494111832278,2.1264918178366,38.3617672302338));
#10761=CARTESIAN_POINT('',(-29.2493262606869,2.12650081319582,38.3620894387938));
#10762=CARTESIAN_POINT('',(-26.6942687059399,2.39714345151206,48.0563520666199));
#10763=CARTESIAN_POINT('',(-24.1392109277127,2.66778608895412,57.7506146603357));
#10764=CARTESIAN_POINT('',(-21.5831849441869,2.93842195343088,67.4446221941791));
#10765=CARTESIAN_POINT('',(-22.7395153765604,3.11760561078147,63.0630007924141));
#10766=CARTESIAN_POINT('',(-22.910327943151,3.09946021837585,62.4153962051443));
#10767=CARTESIAN_POINT('',(-23.0811430367447,3.08131483646739,61.7677920255692));
#10768=CARTESIAN_POINT('',(-23.2519604553135,3.06316946045454,61.1201880859014));
#10769=CARTESIAN_POINT('',(-24.2120498279655,2.96118479597576,57.480381159626));
#10770=CARTESIAN_POINT('',(-24.3939042263951,2.94186790895153,56.7909663887961));
#10771=CARTESIAN_POINT('',(-24.5757608307604,2.92255101883874,56.1015515336056));
#10772=CARTESIAN_POINT('',(-24.7576193973224,2.90323412008579,55.4121363916253));
#10773=CARTESIAN_POINT('',(-29.2494831877015,2.42820446530339,38.3534821278132));
#10774=CARTESIAN_POINT('',(-29.2494496127552,2.3282344383758,38.3562642234666));
#10775=CARTESIAN_POINT('',(-29.2494160378089,2.22826441144819,38.3590463191201));
#10776=CARTESIAN_POINT('',(-29.2493824628626,2.12829438452061,38.3618284147735));
#10777=CARTESIAN_POINT('',(-68.1444571043781,-47.5648126773386,39.769491848006));
#10778=CARTESIAN_POINT('',(34.4199478553433,2.69294277711591,47.0980407134431));
#10779=CARTESIAN_POINT('',(33.3463111566537,3.44316904303061,59.7051110727442));
#10780=CARTESIAN_POINT('',(33.3514887823287,5.65587139084446,59.5738776867242));
#10781=CARTESIAN_POINT('',(33.3939968405984,5.62628320565292,59.0747274496373));
#10782=CARTESIAN_POINT('',(33.3934206518171,6.12620006309038,59.0656185048617));
#10783=CARTESIAN_POINT('',(33.3562153736481,6.13415881113675,59.5030710157729));
#10784=CARTESIAN_POINT('',(33.6209134866794,6.07753604969963,56.3908014702254));
#10785=CARTESIAN_POINT('',(33.6214896754608,5.57761919226216,56.399910415001));
#10786=CARTESIAN_POINT('',(33.6639651925274,5.58565046176262,55.8999474494428));
#10787=CARTESIAN_POINT('',(33.6763063761086,2.5495186122717,55.851247898542));
#10788=CARTESIAN_POINT('',(33.864856483185,0.0664447270436284,53.7119433402203));
#10789=CARTESIAN_POINT('',(33.1628515783884,8.67766894159534,61.6970860289781));
#10790=CARTESIAN_POINT('',(-30.0538012511378,2.24981648207725,35.3055553462034));
#10791=CARTESIAN_POINT('',(-29.7863885825842,2.34013837967831,36.3176477839011));
#10792=CARTESIAN_POINT('',(-29.5188371337706,2.39954019801199,37.3315191936591));
#10793=CARTESIAN_POINT('',(-29.25114897985,2.42802759074098,38.3471618856784));
#10794=CARTESIAN_POINT('',(-29.250593891181,2.42808666331734,38.3492679622523));
#10795=CARTESIAN_POINT('',(-29.250038802512,2.4281457358937,38.3513740388263));
#10796=CARTESIAN_POINT('',(-29.249483713843,2.42820480847005,38.3534801154002));
#10797=CARTESIAN_POINT('',(-30.0536884984132,1.94917647698897,35.3323554913651));
#10798=CARTESIAN_POINT('',(-29.786279562275,2.03895364580363,36.3383372590165));
#10799=CARTESIAN_POINT('',(-29.5187319128925,2.09799738889517,37.3460872562763));
#10800=CARTESIAN_POINT('',(-29.2510476238505,2.12631332614262,38.3555978455041));
#10801=CARTESIAN_POINT('',(-29.2504925431959,2.12637204318216,38.3576912063089));
#10802=CARTESIAN_POINT('',(-29.2499374625412,2.1264307602217,38.3597845671136));
#10803=CARTESIAN_POINT('',(-29.2493823818866,2.12648947726124,38.3618779279183));
#10804=CARTESIAN_POINT('',(-30.0538012511378,2.24981648207725,35.3055553462034));
#10805=CARTESIAN_POINT('',(-29.7862616744775,2.34010762823257,36.3173022848755));
#10806=CARTESIAN_POINT('',(-29.5187105276466,2.39954806768171,37.3317991332726));
#10807=CARTESIAN_POINT('',(-29.25114897985,2.42802759074094,38.3471618856784));
#10808=CARTESIAN_POINT('',(-30.0538012511378,2.24981648207724,35.3055553462034));
#10809=CARTESIAN_POINT('',(-36.8746179804572,-0.0540284930038504,9.49006025173336));
#10810=CARTESIAN_POINT('',(-34.6010624344425,0.713920982465623,18.0952383992027));
#10811=CARTESIAN_POINT('',(-32.3274355956898,1.48186881857666,26.7003978566515));
#10812=CARTESIAN_POINT('',(-30.0538012511378,2.24981648207722,35.3055553462034));
#10813=CARTESIAN_POINT('',(-36.8745059121713,-0.352843541786075,9.51669770915417));
#10814=CARTESIAN_POINT('',(-34.6009503661566,0.415105933683399,18.1218758566235));
#10815=CARTESIAN_POINT('',(-32.3273235274039,1.18305376979443,26.7270353140723));
#10816=CARTESIAN_POINT('',(-30.0536891828519,1.951001433295,35.3321928036242));
#10817=CARTESIAN_POINT('',(-32.937256487217,1.27589120251603,24.3923371120423));
#10818=CARTESIAN_POINT('',(-33.2548800491126,1.16860908559441,23.190198523236));
#10819=CARTESIAN_POINT('',(-33.5725029382711,1.06132695320319,21.9880597580636));
#10820=CARTESIAN_POINT('',(-33.890124980785,0.954044801343451,20.7859207709342));
#10821=CARTESIAN_POINT('',(-32.9372435680579,1.27589086595865,24.3923332822384));
#10822=CARTESIAN_POINT('',(-33.8901109270135,0.954044435228941,20.7859166047892));
#10823=CARTESIAN_POINT('',(-33.8901250998391,0.954044761130945,20.7859203203371));
#10824=CARTESIAN_POINT('',(-34.091097232288,0.886163065445297,20.0252790442108));
#10825=CARTESIAN_POINT('',(-34.2920690257745,0.818281361965237,19.2646376792219));
#10826=CARTESIAN_POINT('',(-34.4930404362436,0.750399649677744,18.5039962138211));
#10827=CARTESIAN_POINT('',(-36.8746179804572,-0.0540284930038454,9.49006025173335));
#10828=CARTESIAN_POINT('',(-32.3259551137463,1.4823671173206,26.7059814694586));
#10829=CARTESIAN_POINT('',(-32.5297225209812,1.41354180572724,25.9347666101486));
#10830=CARTESIAN_POINT('',(-32.7334896972565,1.34471648882293,25.1635516902896));
#10831=CARTESIAN_POINT('',(-32.9372565966546,1.27589116555183,24.3923366978439));
#10832=CARTESIAN_POINT('',(-37.4949521753771,-0.509608134462578,7.1521153165067));
#10833=CARTESIAN_POINT('',(-37.288023387494,-0.476531247890259,7.94154998326108));
#10834=CARTESIAN_POINT('',(-37.0812075380597,-0.424875294041717,8.72979815485419));
#10835=CARTESIAN_POINT('',(-36.8745052397589,-0.354636431551798,9.51685753836691));
#10836=CARTESIAN_POINT('',(-37.4950561409659,-0.208071580178934,7.13950834933221));
#10837=CARTESIAN_POINT('',(-37.2881303180709,-0.175192753875486,7.92420578611425));
#10838=CARTESIAN_POINT('',(-37.0813173938157,-0.123846330958649,8.70772384611239));
#10839=CARTESIAN_POINT('',(-36.8746179804572,-0.0540284930038437,9.49006025173338));
#10840=CARTESIAN_POINT('',(-37.4950561409659,-0.20807158017893,7.13950834933221));
#10841=CARTESIAN_POINT('',(-37.2882368653441,-0.175197676347066,7.92408892788424));
#10842=CARTESIAN_POINT('',(-37.0814239658131,-0.123830999903884,8.70789627594929));
#10843=CARTESIAN_POINT('',(-36.8746179804572,-0.0540284930038229,9.49006025173338));
#10844=CARTESIAN_POINT('',(-37.4950561409658,-0.208071580178005,7.13950834933218));
#10845=CARTESIAN_POINT('',(-37.4950561409658,-0.208071580178005,7.13950834933218));
#10846=CARTESIAN_POINT('',(-38.0960271587734,-0.303561287278084,4.86051796686037));
#10847=CARTESIAN_POINT('',(-37.8957041136203,-0.271731378221762,5.62018159286277));
#10848=CARTESIAN_POINT('',(-37.695380426478,-0.239901476010098,6.37984504985908));
#10849=CARTESIAN_POINT('',(-37.4950561409658,-0.208071580178008,7.13950834933217));
#10850=CARTESIAN_POINT('',(-38.0959238132577,-0.603299412809487,4.87304974337581));
#10851=CARTESIAN_POINT('',(-37.8956007681046,-0.571469503753165,5.63271336937822));
#10852=CARTESIAN_POINT('',(-37.6952770809623,-0.539639601541501,6.39237682637451));
#10853=CARTESIAN_POINT('',(-37.4949527954501,-0.507809705709411,7.15204012584761));
#10854=CARTESIAN_POINT('',(-38.0960271587734,-0.303561287278084,4.86051796686037));
#10855=CARTESIAN_POINT('',(-38.0960271587734,-0.303561287278084,4.86051796686037));
#10856=CARTESIAN_POINT('',(-38.0960271587734,-0.303561287278097,4.86051796686037));
#10857=CARTESIAN_POINT('',(-37.8957034861709,-0.271731384911399,5.62018142768431));
#10858=CARTESIAN_POINT('',(-37.6953798135684,-0.239901482544702,6.37984488850824));
#10859=CARTESIAN_POINT('',(-37.4950561409658,-0.208071580178005,7.13950834933217));
#10860=CARTESIAN_POINT('',(-38.4190286479881,-0.707382681043424,2.38622497072996));
#10861=CARTESIAN_POINT('',(-38.4191319935038,-0.407644555512009,2.37369319421452));
#10862=CARTESIAN_POINT('',(-38.4185054528741,-0.672434104707212,3.22212933578404));
#10863=CARTESIAN_POINT('',(-38.4186087983897,-0.372695979175798,3.2095975592686));
#10864=CARTESIAN_POINT('',(-38.3090767594794,-0.637167902019697,4.06473265785962));
#10865=CARTESIAN_POINT('',(-38.3091801049951,-0.337429776488282,4.05220088134418));
#10866=CARTESIAN_POINT('',(-38.0959238132577,-0.603299412809495,4.87304974337581));
#10867=CARTESIAN_POINT('',(-38.0960271587734,-0.303561287278081,4.86051796686037));
#10868=CARTESIAN_POINT('',(-38.4191319935038,-0.407644555512009,2.37369319421452));
#10869=CARTESIAN_POINT('',(-38.4191319935038,-0.407644555512009,2.37369319421452));
#10870=CARTESIAN_POINT('',(-38.4191319935038,-0.407644555512009,2.37369319421452));
#10871=CARTESIAN_POINT('',(-38.4186059108603,-0.372503096941087,3.21421094037989));
#10872=CARTESIAN_POINT('',(-38.31035650246,-0.337616697689944,4.04773975525111));
#10873=CARTESIAN_POINT('',(-38.0960271587734,-0.303561287278081,4.86051796686037));
#10874=CARTESIAN_POINT('',(-68.178907147183,-0.0639851856897767,9.51006998499422));
#10875=CARTESIAN_POINT('',(-68.1631351524745,2.23769536589087,35.3299148709335));
#10876=CARTESIAN_POINT('',(34.1486273331304,2.27023681002976,35.2645170889912));
#10877=CARTESIAN_POINT('',(31.9732426207804,4.56686144384303,61.0368640055109));
#10878=CARTESIAN_POINT('',(36.3281396834313,-0.0307455058725523,9.44326897508073));
#10879=CARTESIAN_POINT('',(-68.178907147183,-0.0639851856897919,9.51006998499421));
#10880=CARTESIAN_POINT('',(-68.1975851952793,49.738522857533,5.07049300792202));
#10881=CARTESIAN_POINT('',(36.5091492269943,49.7718260503076,5.00356435749822));
#10882=CARTESIAN_POINT('',(36.5263734796109,-0.184528204924179,7.09219377673777));
#10883=CARTESIAN_POINT('',(-68.1803609426628,-0.217831397698789,7.15912242716157));
#10884=CARTESIAN_POINT('',(-38.4219019675845,-0.59267428534483,-2.05187073560373));
#10885=CARTESIAN_POINT('',(-38.4206541845809,-0.509324425268896,-0.0582984883721262));
#10886=CARTESIAN_POINT('',(-38.4205508390652,-0.809062550800292,-0.0457667118566878));
#10887=CARTESIAN_POINT('',(-38.4206541845809,-0.509324425268902,-0.0582984883721255));
#10888=CARTESIAN_POINT('',(-38.4217986220688,-0.892412410876221,-2.0393389590883));
#10889=CARTESIAN_POINT('',(-38.4219019675845,-0.59267428534483,-2.05187073560373));
#10890=CARTESIAN_POINT('',(-38.2217986730429,-0.892348798569963,-2.03946679925776));
#10891=CARTESIAN_POINT('',(-38.2205508900393,-0.808998938494034,-0.0458945520261573));
#10892=CARTESIAN_POINT('',(-38.2204819930288,-1.00882435551496,-0.0375400343491987));
#10893=CARTESIAN_POINT('',(-38.2217297760324,-1.09217421559089,-2.03111228158081));
#10894=CARTESIAN_POINT('',(-68.1859419810956,-1.10170468123773,-2.0119591268677));
#10895=CARTESIAN_POINT('',(-0.101667016407648,-0.996700223762496,-0.0619056193921906));
#10896=CARTESIAN_POINT('',(-37.820482094977,-1.00869713090245,-0.0377957146881375));
#10897=CARTESIAN_POINT('',(-37.8217298779806,-1.09204699097837,-2.03136796191974));
#10898=CARTESIAN_POINT('',(-37.821798774991,-0.892221573957447,-2.0397224795967));
#10899=CARTESIAN_POINT('',(-37.8205509919875,-0.808871713881519,-0.0461502323650959));
#10900=CARTESIAN_POINT('',(-37.6205510429616,-0.808808101575261,-0.0462780725345655));
#10901=CARTESIAN_POINT('',(-37.6217988259651,-0.892157961651189,-2.03985031976617));
#10902=CARTESIAN_POINT('',(-68.1861142236218,-0.602141138685416,-2.0328454210601));
#10903=CARTESIAN_POINT('',(37.2496390618542,-0.568606072995773,-2.10024006107853));
#10904=CARTESIAN_POINT('',(37.2508868448578,-0.485256212919811,-0.106667813846116));
#10905=CARTESIAN_POINT('',(36.5443431147289,-0.193442088641555,6.87884111484133));
#10906=CARTESIAN_POINT('',(36.7165026471857,-0.278842267537317,4.83479880157708));
#10907=CARTESIAN_POINT('',(26.7517237672883,-0.317300494262686,3.99712175197288));
#10908=CARTESIAN_POINT('',(36.7517212185534,-0.314119880591542,3.99072970423207));
#10909=CARTESIAN_POINT('',(36.7479090383507,-0.56876567128346,-2.09991976679092));
#10910=CARTESIAN_POINT('',(36.7491568294542,-0.485415793977476,-0.106347107513393));
#10911=CARTESIAN_POINT('',(-68.1848664406182,-0.518791278609486,-0.0392731738284567));
#10912=CARTESIAN_POINT('',(37.2496390618542,-0.568606072995773,-2.10024006107853));
#10913=CARTESIAN_POINT('',(37.2508868448578,-0.485256212919804,-0.106667813846117));
#10914=CARTESIAN_POINT('',(37.2509901903735,-0.784994338451201,-0.0941360373306788));
#10915=CARTESIAN_POINT('',(37.2497424073699,-0.868344198527163,-2.08770828456309));
#10916=CARTESIAN_POINT('',(37.4497423563959,-0.868280586220905,-2.08783612473256));
#10917=CARTESIAN_POINT('',(37.4509901393994,-0.784930726144943,-0.0942638775001483));
#10918=CARTESIAN_POINT('',(37.4510590364099,-0.984756143165871,-0.0859093598231899));
#10919=CARTESIAN_POINT('',(37.4498112534063,-1.06810600324183,-2.07948160705561));
#10920=CARTESIAN_POINT('',(-68.1859419810956,-1.10170468123773,-2.0119591268677));
#10921=CARTESIAN_POINT('',(-0.101667016407648,-0.996700223762496,-0.0619056193921906));
#10922=CARTESIAN_POINT('',(37.8510589344617,-0.984628918553355,-0.0861650401621288));
#10923=CARTESIAN_POINT('',(37.8498111514581,-1.06797877862932,-2.07973728739463));
#10924=CARTESIAN_POINT('',(37.8497422544477,-0.868153361608393,-2.08809180507159));
#10925=CARTESIAN_POINT('',(37.8509900374513,-0.784803501532428,-0.0945195578390874));
#10926=CARTESIAN_POINT('',(38.0509899864772,-0.78473988922617,-0.0946473980085569));
#10927=CARTESIAN_POINT('',(38.0497422034736,-0.868089749302136,-2.08821964524106));
#10928=CARTESIAN_POINT('',(38.0496388579579,-0.568351623770745,-2.1007514217565));
#10929=CARTESIAN_POINT('',(38.0508866409615,-0.485001763694773,-0.107179174523995));
#10930=CARTESIAN_POINT('',(38.0508866409615,-0.485001763694779,-0.107179174523995));
#10931=CARTESIAN_POINT('',(38.0496388579579,-0.568351623770745,-2.1007514217565));
#10932=CARTESIAN_POINT('',(-68.1861142236218,-0.602141138685416,-2.0328454210601));
#10933=CARTESIAN_POINT('',(-68.1804626172008,-0.224623090238439,6.99667788620562));
#10934=CARTESIAN_POINT('',(-68.1848664406182,-0.518791278609486,-0.0392731738284567));
#10935=CARTESIAN_POINT('',(41.1554949079368,-0.48401430698366,-0.109163643264709));
#10936=CARTESIAN_POINT('',(41.1542471249332,-0.567364167059589,-2.10273589049635));
#10937=CARTESIAN_POINT('',(41.1540748824071,-0.0678006245072719,-2.12362218468875));
#10938=CARTESIAN_POINT('',(41.1553226654106,0.0155492355686578,-0.130049937457106));
#10939=CARTESIAN_POINT('',(41.6553225379754,0.0157082663343015,-0.13036953788078));
#10940=CARTESIAN_POINT('',(41.6565265812321,0.0961363829880277,1.79332008933528));
#10941=CARTESIAN_POINT('',(41.6539896832863,7.45402733549535,1.48569340728305));
#10942=CARTESIAN_POINT('',(41.6527856400296,7.37359921884162,-0.437996219933041));
#10943=CARTESIAN_POINT('',(41.6538571790215,4.26576152806807,-0.308060372372833));
#10944=CARTESIAN_POINT('',(41.6551247139964,4.46806854020641,1.77560509132132));
#10945=CARTESIAN_POINT('',(38.6551254786078,4.46711435561254,1.77752269386337));
#10946=CARTESIAN_POINT('',(38.6538579436329,4.2648073434742,-0.306142769830791));
#10947=CARTESIAN_POINT('',(38.6528229232006,7.26672844426859,-0.431650341766927));
#10948=CARTESIAN_POINT('',(38.6469479168405,6.329038355652,-10.089409767143));
#10949=CARTESIAN_POINT('',(54.3065547094777,6.33401907543728,-10.0994194036252));
#10950=CARTESIAN_POINT('',(54.3124297158377,7.27170916405388,-0.441659978249064));
#10951=CARTESIAN_POINT('',(-38.5967972583,7.24215830551998,-0.382272306504667));
#10952=CARTESIAN_POINT('',(-38.6026722646601,6.30446821690338,-10.0400317318808));
#10953=CARTESIAN_POINT('',(-38.5944947028928,4.44254421686392,1.82690072912563));
#10954=CARTESIAN_POINT('',(-38.5957622378677,4.24023720472559,-0.256764734568531));
#10955=CARTESIAN_POINT('',(-41.5957614732563,4.23928302013172,-0.25484713202649));
#10956=CARTESIAN_POINT('',(-41.5944939382814,4.44159003227006,1.82881833166767));
#10957=CARTESIAN_POINT('',(-41.5956289689915,7.427548827559,1.53890664762939));
#10958=CARTESIAN_POINT('',(-41.5968330122482,7.34712071090526,-0.384782979586698));
#10959=CARTESIAN_POINT('',(-41.5942961143024,-0.0107702416020494,-0.0771562975344365));
#10960=CARTESIAN_POINT('',(-41.5930920710457,0.069657875051676,1.84653332968163));
#10961=CARTESIAN_POINT('',(-41.0955440247412,-0.0939610709123338,-2.07104814518975));
#10962=CARTESIAN_POINT('',(-41.0942962417376,-0.0106112108364041,-0.0774758979581098));
#10963=CARTESIAN_POINT('',(-41.0941239992115,-0.510174753388722,-0.0565896037657127));
#10964=CARTESIAN_POINT('',(-41.095371782215,-0.593524613464651,-2.05016185099735));
#10965=CARTESIAN_POINT('',(41.8764479424143,-31.1084763256687,-23.9998983513278));
#10966=CARTESIAN_POINT('',(38.5046921908219,-28.0792927301897,15.3037822108827));
#10967=CARTESIAN_POINT('',(38.5915708077834,4.7029466020594,12.7846672904577));
#10968=CARTESIAN_POINT('',(38.5914923909364,4.6733572746199,12.7869410495954));
#10969=CARTESIAN_POINT('',(38.9107503844247,4.60847901807461,9.05525919650963));
#10970=CARTESIAN_POINT('',(38.9092027443603,4.60879352293021,9.07334895608145));
#10971=CARTESIAN_POINT('',(39.0508098568314,-31.1361997370345,9.0554746243454));
#10972=CARTESIAN_POINT('',(38.9091672560227,4.61775162092403,9.07335343559034));
#10973=CARTESIAN_POINT('',(38.8664233218919,4.6174891648944,9.57338079781956));
#10974=CARTESIAN_POINT('',(38.8652083453938,5.11741300946902,9.56467581020518));
#10975=CARTESIAN_POINT('',(41.7903996072013,4.52296803706928,-24.6267410724868));
#10976=CARTESIAN_POINT('',(38.6331252350486,5.16457595567526,12.2774045404084));
#10977=CARTESIAN_POINT('',(38.6343402115467,4.66465211110064,12.2861095280228));
#10978=CARTESIAN_POINT('',(29.9496952372216,-4.02692554097096,25.3630825744294));
#10979=CARTESIAN_POINT('',(30.1436087180533,7.50406071384784,24.8116323547388));
#10980=CARTESIAN_POINT('',(32.0401810638323,7.4405080584039,24.1496435874355));
#10981=CARTESIAN_POINT('',(35.2081139475855,7.33435310603481,23.0438930004448));
#10982=CARTESIAN_POINT('',(35.2338317274974,6.42102223440525,23.073176093158));
#10983=CARTESIAN_POINT('',(32.0383904771886,12.6338353211953,23.93251533085));
#10984=CARTESIAN_POINT('',(34.6243609496565,6.34813645474684,21.3351562113118));
#10985=CARTESIAN_POINT('',(27.0002576794728,5.05261406369679,-0.424849267272875));
#10986=CARTESIAN_POINT('',(34.8460037446903,7.23368845492671,22.0085104661191));
#10987=CARTESIAN_POINT('',(34.870111778394,6.37752546141535,22.0359606499413));
#10988=CARTESIAN_POINT('',(29.5861782471516,-4.0704188840682,24.3257958604314));
#10989=CARTESIAN_POINT('',(62.1826295853409,6.31765951096505,12.4668026147102));
#10990=CARTESIAN_POINT('',(31.6845741317082,7.33962548778037,23.1119911200853));
#10991=CARTESIAN_POINT('',(31.6827878208318,12.5205515308457,22.895381347139));
#10992=CARTESIAN_POINT('',(29.6119024037697,-4.04157971256092,25.0153661478201));
#10993=CARTESIAN_POINT('',(29.4104515177632,7.42221743038873,23.9715540496844));
#10994=CARTESIAN_POINT('',(28.5741355812003,7.1907203022039,21.5905129267434));
#10995=CARTESIAN_POINT('',(27.462490373207,6.88301042611512,18.4255930219164));
#10996=CARTESIAN_POINT('',(27.4563082336458,6.22441475052302,18.434808465363));
#10997=CARTESIAN_POINT('',(28.5723184236819,12.4611123909007,21.3701626603661));
#10998=CARTESIAN_POINT('',(25.7167608712264,6.24926459597944,19.0437727785142));
#10999=CARTESIAN_POINT('',(60.2540309767442,5.78158377045405,6.95301637675912));
#11000=CARTESIAN_POINT('',(26.4245514086296,6.9178734920612,18.7887304075025));
#11001=CARTESIAN_POINT('',(26.418181220627,6.23924464040987,18.798226166487));
#11002=CARTESIAN_POINT('',(28.5737043232765,-4.02675199673181,25.3785808013014));
#11003=CARTESIAN_POINT('',(20.4864442127609,5.27417079240112,1.88258667920963));
#11004=CARTESIAN_POINT('',(27.5331680372136,7.22474503970847,21.9450277669467));
#11005=CARTESIAN_POINT('',(27.5313660460925,12.4511492740996,21.7265165924719));
#11006=CARTESIAN_POINT('',(29.0211010719356,14.3244231909817,24.3116076048482));
#11007=CARTESIAN_POINT('',(26.442718602587,9.73038332113569,26.1318013893109));
#11008=CARTESIAN_POINT('',(26.4434395720328,7.63931987475633,26.2192268369184));
#11009=CARTESIAN_POINT('',(29.0234599477207,7.48285874186966,24.5976471486674));
#11010=CARTESIAN_POINT('',(29.0234599477207,7.48285874186966,24.5976471486674));
#11011=CARTESIAN_POINT('',(29.0234599477207,7.48285874186966,24.5976471486674));
#11012=CARTESIAN_POINT('',(26.0339734978211,7.5402420818452,25.2003736245283));
#11013=CARTESIAN_POINT('',(26.0332457598229,9.65093669651531,25.1121274157537));
#11014=CARTESIAN_POINT('',(20.5488726740288,-3.93648260685366,27.6038445574631));
#11015=CARTESIAN_POINT('',(20.7448541532831,7.71747633291577,27.0465133738521));
#11016=CARTESIAN_POINT('',(22.8952003763459,7.64541991339471,26.2959461473243));
#11017=CARTESIAN_POINT('',(22.8651923078911,6.55385112263131,26.3522318568254));
#11018=CARTESIAN_POINT('',(23.4232474876992,6.62056876021026,27.9436313400314));
#11019=CARTESIAN_POINT('',(14.9767197309625,5.46559047673014,3.87569364356646));
#11020=CARTESIAN_POINT('',(23.2604893386034,7.74597804676361,27.3302191521366));
#11021=CARTESIAN_POINT('',(23.2289122613586,6.59733523838492,27.3894478292296));
#11022=CARTESIAN_POINT('',(20.9123896640988,-3.89298926375643,28.6411312714611));
#11023=CARTESIAN_POINT('',(62.5835205211433,6.42829403786344,13.6047185156359));
#11024=CARTESIAN_POINT('',(54.3793941835823,-121.604616367951,40.1932192455459));
#11025=CARTESIAN_POINT('',(54.3302095194748,7.78693142790318,27.6303796038871));
#11026=CARTESIAN_POINT('',(5.35139028827723,-27.5412267568214,61.6236681610795));
#11027=CARTESIAN_POINT('',(5.31569248520947,75.9948822336048,57.2949182669987));
#11028=CARTESIAN_POINT('',(2.57381303142608,6.56491249884623,89.1763955702311));
#11029=CARTESIAN_POINT('',(2.57304487857851,6.54525038635568,89.1771435123154));
#11030=CARTESIAN_POINT('',(5.34005442212157,5.33674815847953,60.2490701409302));
#11031=CARTESIAN_POINT('',(8.32301818167262,6.54633334715839,89.1556278624856));
#11032=CARTESIAN_POINT('',(5.31080668137922,90.1654214377933,56.7024610008591));
#11033=CARTESIAN_POINT('',(8.32240285105484,6.56377027764353,89.1549617115136));
#11034=CARTESIAN_POINT('',(7.8225706257966,7.04769704390199,89.1819237098239));
#11035=CARTESIAN_POINT('',(8.08042118706812,7.04686301384758,89.159848762665));
#11036=CARTESIAN_POINT('',(8.3132815365958,6.82224550713027,89.1450869687825));
#11037=CARTESIAN_POINT('',(8.32240285105499,6.56377027764356,89.1549617115136));
#11038=CARTESIAN_POINT('',(7.82257062579668,7.04769704390199,89.1819237098239));
#11039=CARTESIAN_POINT('',(5.33988217959541,5.83631170103185,60.2281838467378));
#11040=CARTESIAN_POINT('',(3.07328747867326,7.04680187474135,89.1996786378284));
#11041=CARTESIAN_POINT('',(2.57381303142608,6.56491249884623,89.1763955702311));
#11042=CARTESIAN_POINT('',(2.58387665388832,6.82250716223538,89.1665965932716));
#11043=CARTESIAN_POINT('',(2.81612176805018,7.04587365345464,89.1795979744589));
#11044=CARTESIAN_POINT('',(3.07328747867322,7.04680187474156,89.1996786378284));
#11045=CARTESIAN_POINT('',(-68.1444571043781,-47.5648126773386,39.769491848006));
#11046=CARTESIAN_POINT('',(-68.1975851952793,49.738522857533,5.07049300792202));
#11047=CARTESIAN_POINT('',(-68.1803609426628,-0.217831397698789,7.15912242716157));
#11048=CARTESIAN_POINT('',(-68.1861142236218,-0.602141138685416,-2.0328454210601));
#11049=CARTESIAN_POINT('',(-68.1848664406182,-0.518791278609486,-0.0392731738284567));
#11050=CARTESIAN_POINT('',(54.3073870653318,4.14431595889206,-9.88681750199709));
#11051=CARTESIAN_POINT('',(-35.1753472795754,6.86792206286063,18.515422579752));
#11052=CARTESIAN_POINT('',(-34.3495051427092,6.86818473154223,18.5148947006238));
#11053=CARTESIAN_POINT('',(-34.3495051427093,6.86818473154223,18.5148947006238));
#11054=CARTESIAN_POINT('',(-33.640841230854,7.12868997907535,21.1952060594606));
#11055=CARTESIAN_POINT('',(-32.9321726889106,7.38919511060514,23.8755162053884));
#11056=CARTESIAN_POINT('',(-32.2235014485214,7.64970017452738,26.5558256444246));
#11057=CARTESIAN_POINT('',(-32.2235014485253,7.64970017452633,26.5558256444257));
#11058=CARTESIAN_POINT('',(54.3295221918567,7.6772293687806,26.5005008642736));
#11059=CARTESIAN_POINT('',(54.3224968111366,6.55593188138573,14.9516730489823));
#11060=CARTESIAN_POINT('',(37.046536468729,6.55043706158426,14.9627158602863));
#11061=CARTESIAN_POINT('',(37.8267898943299,5.76394108202287,6.85910938777061));
#11062=CARTESIAN_POINT('',(37.5648902926871,6.02608913829299,9.56014077591957));
#11063=CARTESIAN_POINT('',(37.3004541586983,6.28821306040496,12.2609335239464));
#11064=CARTESIAN_POINT('',(37.046536468729,6.55043706158427,14.9627158602863));
#11065=CARTESIAN_POINT('',(37.8267898943299,5.76394108202287,6.85910938777061));
#11066=CARTESIAN_POINT('',(33.8175727569564,5.76266590395588,6.86167208341517));
#11067=CARTESIAN_POINT('',(-0.00940967842175924,5.30703691012094,2.30133591752669));
#11068=CARTESIAN_POINT('',(54.2201196280381,5.62914551017175,5.4065947800151));
#11069=CARTESIAN_POINT('',(-39.2136027206975,5.54267964658155,4.88183717270308));
#11070=CARTESIAN_POINT('',(50.8973307642828,3.02041130501558,-21.4491747722923));
#11071=CARTESIAN_POINT('',(-34.5529407878572,5.41222444442893,3.51996086891739));
#11072=CARTESIAN_POINT('',(-31.7949831126388,6.38770377883433,13.5561577237758));
#11073=CARTESIAN_POINT('',(-34.2092564023434,5.53378432862839,4.77062696142179));
#11074=CARTESIAN_POINT('',(51.2641893523196,3.14132252700395,-20.2052803353438));
#11075=CARTESIAN_POINT('',(-36.5128187433452,5.5982626570712,5.44374314356707));
#11076=CARTESIAN_POINT('',(-34.110288048714,6.44802879523416,14.1865426498167));
#11077=CARTESIAN_POINT('',(-33.4460965341446,6.6829508545433,16.6035328920676));
#11078=CARTESIAN_POINT('',(54.5376967532601,4.22022266166873,-9.10591459027167));
#11079=CARTESIAN_POINT('',(-31.1425341931429,6.6184725261005,15.9304167099224));
#11080=CARTESIAN_POINT('',(-31.7949831126385,6.38770377883439,13.5561577237764));
#11081=CARTESIAN_POINT('',(-30.7988498076291,6.74003241029996,17.1810828024268));
#11082=CARTESIAN_POINT('',(54.9045553412966,4.34113388365704,-7.86202015332374));
#11083=CARTESIAN_POINT('',(-32.8622786778824,6.79778923417507,17.7840303930135));
#11084=CARTESIAN_POINT('',(54.1467028922766,6.87830948470613,18.272704330385));
#11085=CARTESIAN_POINT('',(-22.7714125414595,-27.240948733199,69.0377117634168));
#11086=CARTESIAN_POINT('',(-25.8929793579046,-27.0851334272144,57.1907358455556));
#11087=CARTESIAN_POINT('',(-25.4562628456014,5.93438214907185,57.5099486283115));
#11088=CARTESIAN_POINT('',(-25.4563728441923,5.92606531175344,57.5098682261391));
#11089=CARTESIAN_POINT('',(-24.5186255523148,5.95082713585155,61.0659097300869));
#11090=CARTESIAN_POINT('',(-24.5226317887007,5.95072134858718,61.0507176383727));
#11091=CARTESIAN_POINT('',(-24.6647654855617,-27.4075169846337,61.8626292305898));
#11092=CARTESIAN_POINT('',(-24.5225944450858,5.95948575304085,61.0505043201062));
#11093=CARTESIAN_POINT('',(-24.6544790807843,5.94727927411184,60.5507365189722));
#11094=CARTESIAN_POINT('',(-24.6500479147804,6.44726888152703,60.5472945263591));
#11095=CARTESIAN_POINT('',(-22.4924438390186,6.50424181342472,68.7291679467917));
#11096=CARTESIAN_POINT('',(-25.3200957126218,6.42957583580865,58.0063991280027));
#11097=CARTESIAN_POINT('',(-25.3245268786257,5.92958622839346,58.0098411206157));
#11098=CARTESIAN_POINT('',(-37.3222992116854,-0.611541564488531,4.6695320916777));
#11099=CARTESIAN_POINT('',(-37.3224025572011,-0.311803438957108,4.65700031516226));
#11100=CARTESIAN_POINT('',(-37.5180526238449,-0.642645271532087,3.92720026047057));
#11101=CARTESIAN_POINT('',(-37.5181559693606,-0.342907146000664,3.91466848395513));
#11102=CARTESIAN_POINT('',(-37.6185483665756,-0.675032600489245,3.15338088408131));
#11103=CARTESIAN_POINT('',(-37.6186517120913,-0.375294474957822,3.14084910756587));
#11104=CARTESIAN_POINT('',(-37.6190288518844,-0.707128231818395,2.38571361005201));
#11105=CARTESIAN_POINT('',(-37.6191321974001,-0.407390106286972,2.37318183353657));
#11106=CARTESIAN_POINT('',(-37.3224025572011,-0.311803438957134,4.65700031516226));
#11107=CARTESIAN_POINT('',(-37.3224025572011,-0.311803438957134,4.65700031516226));
#11108=CARTESIAN_POINT('',(-37.6191321974001,-0.407390106286972,2.37318183353657));
#11109=CARTESIAN_POINT('',(-37.6191321974001,-0.407390106286972,2.37318183353657));
#11110=CARTESIAN_POINT('',(-37.3224025572011,-0.311803438957108,4.65700031516226));
#11111=CARTESIAN_POINT('',(-37.5192363382782,-0.343078808287122,3.91057153244779));
#11112=CARTESIAN_POINT('',(-37.6186490602785,-0.375117338211659,3.14508588613746));
#11113=CARTESIAN_POINT('',(-37.6191321974001,-0.407390106286972,2.37318183353657));
#11114=CARTESIAN_POINT('',(-36.6679007119346,-0.207808493788606,7.1389796307463));
#11115=CARTESIAN_POINT('',(-36.8860686621847,-0.242473468384195,6.31165336820276));
#11116=CARTESIAN_POINT('',(-37.1042359612845,-0.277138449922102,5.48432693424071));
#11117=CARTESIAN_POINT('',(-37.3224025572011,-0.311803438957134,4.65700031516226));
#11118=CARTESIAN_POINT('',(-36.6677973664189,-0.507546619320895,7.15151140726177));
#11119=CARTESIAN_POINT('',(-36.885965316669,-0.542211593916484,6.32418514471823));
#11120=CARTESIAN_POINT('',(-37.1041326157688,-0.57687657545439,5.49685871075618));
#11121=CARTESIAN_POINT('',(-37.3222992116854,-0.611541564489422,4.66953209167774));
#11122=CARTESIAN_POINT('',(-36.6679007119346,-0.20780849378858,7.1389796307463));
#11123=CARTESIAN_POINT('',(-36.6679007119346,-0.20780849378858,7.1389796307463));
#11124=CARTESIAN_POINT('',(-36.6679007119345,-0.20780849378858,7.1389796307463));
#11125=CARTESIAN_POINT('',(-36.8860679936901,-0.242473475511431,6.31165319221828));
#11126=CARTESIAN_POINT('',(-37.1042352754456,-0.277138457234283,5.48432675369027));
#11127=CARTESIAN_POINT('',(-37.3224025572011,-0.311803438957134,4.65700031516226));
#11128=CARTESIAN_POINT('',(-37.6219021714808,-0.592419836119799,-2.05238209628161));
#11129=CARTESIAN_POINT('',(-37.6206543884773,-0.509069976043865,-0.0588098490500039));
#11130=CARTESIAN_POINT('',(-37.6206543884773,-0.509069976043871,-0.0588098490500032));
#11131=CARTESIAN_POINT('',(-37.6219021714808,-0.592419836119799,-2.05238209628161));
#11132=CARTESIAN_POINT('',(-36.0473475707043,-0.354373345204858,9.5163288184165));
#11133=CARTESIAN_POINT('',(-36.2540505651863,-0.42461220911192,8.72926942193544));
#11134=CARTESIAN_POINT('',(-36.4608671600222,-0.476268162579718,7.94102125043044));
#11135=CARTESIAN_POINT('',(-36.6677967463455,-0.509345048830444,7.15158659795249));
#11136=CARTESIAN_POINT('',(-36.0474603114029,-0.0537654059019348,9.48953153171567));
#11137=CARTESIAN_POINT('',(-36.2541604209425,-0.123583245265658,8.70719511321859));
#11138=CARTESIAN_POINT('',(-36.4609740905993,-0.174929667804686,7.92367705332272));
#11139=CARTESIAN_POINT('',(-36.6679007119346,-0.207808493789499,7.13897963074633));
#11140=CARTESIAN_POINT('',(-36.0474603114029,-0.0537654059019555,9.48953153171564));
#11141=CARTESIAN_POINT('',(-36.0474603114029,-0.0537654059019555,9.48953153171564));
#11142=CARTESIAN_POINT('',(-36.0474603114029,-0.0537654059019343,9.48953153171567));
#11143=CARTESIAN_POINT('',(-36.254267043433,-0.123567913039484,8.70736755640886));
#11144=CARTESIAN_POINT('',(-36.4610806896384,-0.174934589720153,7.92356020882109));
#11145=CARTESIAN_POINT('',(-36.6679007119346,-0.207808493789506,7.13897963074633));
#11146=CARTESIAN_POINT('',(-29.2266344864557,2.25007957207208,35.3050266203718));
#11147=CARTESIAN_POINT('',(-31.5002691991599,1.48213184635508,26.6998684344339));
#11148=CARTESIAN_POINT('',(-33.7738974429692,0.714183971873528,18.0947085524614));
#11149=CARTESIAN_POINT('',(-36.0474603114029,-0.0537654059019313,9.48953153171565));
#11150=CARTESIAN_POINT('',(-29.2265217360101,1.94944563601243,35.3318262200026));
#11151=CARTESIAN_POINT('',(-31.5001564487143,1.18149791029543,26.7266680340648));
#11152=CARTESIAN_POINT('',(-33.7737846925236,0.413550035813879,18.1215081520922));
#11153=CARTESIAN_POINT('',(-36.0473475609573,-0.354399341961581,9.51633113134652));
#11154=CARTESIAN_POINT('',(-29.2266344864557,2.2500795720721,35.3050266203718));
#11155=CARTESIAN_POINT('',(-29.2266344864557,2.2500795720721,35.3050266203718));
#11156=CARTESIAN_POINT('',(-29.2266344864557,2.2500795720721,35.3050266203718));
#11157=CARTESIAN_POINT('',(-31.5002430947714,1.48213124608075,26.6998615908197));
#11158=CARTESIAN_POINT('',(-33.7738517030872,0.714182920089407,18.0946965612677));
#11159=CARTESIAN_POINT('',(-36.0474603114029,-0.0537654059019405,9.48953153171565));
#11160=CARTESIAN_POINT('',(-28.4775548161675,2.4221761896229,38.1433885736192));
#11161=CARTESIAN_POINT('',(-28.7273812730352,2.39173513046825,37.1956715231532));
#11162=CARTESIAN_POINT('',(-28.9770749907625,2.3343713354863,36.2495490293329));
#11163=CARTESIAN_POINT('',(-29.2266344864557,2.25007957207204,35.3050266203718));
#11164=CARTESIAN_POINT('',(-28.4774526879596,2.12050009679895,38.1530516111834));
#11165=CARTESIAN_POINT('',(-28.7272755457995,2.09024232010131,37.211056526257));
#11166=CARTESIAN_POINT('',(-28.9769657218197,2.0332243301521,36.2706463737427));
#11167=CARTESIAN_POINT('',(-29.2265217342407,1.94944092567922,35.3318266444144));
#11168=CARTESIAN_POINT('',(-28.4775548161675,2.4221761896229,38.1433885736192));
#11169=CARTESIAN_POINT('',(-28.4775548161675,2.4221761896229,38.1433885736192));
#11170=CARTESIAN_POINT('',(-28.4775548161675,2.42217618962288,38.1433885736192));
#11171=CARTESIAN_POINT('',(-28.7272574839334,2.39174228836478,37.1958936814436));
#11172=CARTESIAN_POINT('',(-28.9769510238043,2.3343458483078,36.2492625964402));
#11173=CARTESIAN_POINT('',(-29.2266344864557,2.25007957207211,35.3050266203718));
#11174=CARTESIAN_POINT('',(-28.4222607973293,2.42847344446698,38.3531643482623));
#11175=CARTESIAN_POINT('',(-28.4406917584237,2.42652115817648,38.2832345835317));
#11176=CARTESIAN_POINT('',(-28.4591230979194,2.42442207275531,38.2133093252966));
#11177=CARTESIAN_POINT('',(-28.4775548161675,2.42217618962288,38.1433885736192));
#11178=CARTESIAN_POINT('',(-28.4221600724634,2.12856328336045,38.3615106374579));
#11179=CARTESIAN_POINT('',(-28.440590769009,2.12662267672223,38.2920005586101));
#11180=CARTESIAN_POINT('',(-28.4590218442534,2.12453615182448,38.2224949592181));
#11181=CARTESIAN_POINT('',(-28.4774532985476,2.12230371007814,38.1529938393437));
#11182=CARTESIAN_POINT('',(-28.4222607973293,2.42847344446699,38.3531643482623));
#11183=CARTESIAN_POINT('',(-28.4222607973293,2.42847344446699,38.3531643482623));
#11184=CARTESIAN_POINT('',(-28.4222607973293,2.42847344446698,38.3531643482623));
#11185=CARTESIAN_POINT('',(-28.4406921863778,2.42652116402855,38.2832347989808));
#11186=CARTESIAN_POINT('',(-28.4591235261198,2.42442207293196,38.2133093353372));
#11187=CARTESIAN_POINT('',(-28.4775548161675,2.42217618962288,38.1433885736192));
#11188=CARTESIAN_POINT('',(-68.1444571043781,-47.5648126773386,39.769491848006));
#11189=CARTESIAN_POINT('',(-68.1612431109442,2.41583399967903,38.3785655459039));
#11190=CARTESIAN_POINT('',(33.891645108475,2.44829310585143,38.313333236654));
#11191=CARTESIAN_POINT('',(33.9676177895673,-47.5323347461571,39.704221706574));
#11192=CARTESIAN_POINT('',(-20.8097474095343,3.23471576703882,67.2322853341103));
#11193=CARTESIAN_POINT('',(-23.3478808260861,2.96597272570133,57.6060773520161));
#11194=CARTESIAN_POINT('',(-25.8850742041072,2.69722310852438,47.9796217333656));
#11195=CARTESIAN_POINT('',(-28.4222607973293,2.428473444467,38.3531643482623));
#11196=CARTESIAN_POINT('',(-20.809646693495,2.93483188697673,67.2406308919229));
#11197=CARTESIAN_POINT('',(-23.3477801100467,2.66608884563924,57.6144229098287));
#11198=CARTESIAN_POINT('',(-25.8849734880678,2.39733922846229,47.9879672911783));
#11199=CARTESIAN_POINT('',(-28.4221600812899,2.12858956440491,38.3615099060749));
#11200=CARTESIAN_POINT('',(-20.8097474095343,3.23471576703882,67.2322853341103));
#11201=CARTESIAN_POINT('',(-20.8097474095343,3.23471576703882,67.2322853341103));
#11202=CARTESIAN_POINT('',(-20.8097474095343,3.23471576703879,67.2322853341103));
#11203=CARTESIAN_POINT('',(-23.3472518721327,2.96596832618153,57.6059116721609));
#11204=CARTESIAN_POINT('',(-25.884756334731,2.69722088532427,47.9795380102116));
#11205=CARTESIAN_POINT('',(-28.4222607973293,2.42847344446701,38.3531643482623));
#11206=CARTESIAN_POINT('',(32.2958120470208,3.12442515807285,62.6282842316985));
#11207=CARTESIAN_POINT('',(32.1609216319008,3.16850409056629,64.2138159877059));
#11208=CARTESIAN_POINT('',(31.8891281194969,3.21155425643919,65.7640328858311));
#11209=CARTESIAN_POINT('',(31.2847156348662,3.27464265031605,68.0383046361995));
#11210=CARTESIAN_POINT('',(31.0502594423207,3.29542329981906,68.7878525325472));
#11211=CARTESIAN_POINT('',(30.6484481004408,3.32621615580485,69.8991922639831));
#11212=CARTESIAN_POINT('',(30.5061446802419,3.33641733243195,70.2674721002755));
#11213=CARTESIAN_POINT('',(30.2045486932203,3.35669153319525,70.9996318528724));
#11214=CARTESIAN_POINT('',(30.0448366667044,3.36678887498918,71.3643906463005));
#11215=CARTESIAN_POINT('',(29.2085985509773,3.41661540297657,73.1649168030039));
#11216=CARTESIAN_POINT('',(28.422874486867,3.45425896121778,74.5270583848854));
#11217=CARTESIAN_POINT('',(27.075416210232,3.50751612311313,76.4570282410408));
#11218=CARTESIAN_POINT('',(26.5979520357951,3.52473065989905,77.081366422193));
#11219=CARTESIAN_POINT('',(25.8385912921658,3.54973244113009,77.9889284019511));
#11220=CARTESIAN_POINT('',(25.578266755752,3.55792950361714,78.286618001109));
#11221=CARTESIAN_POINT('',(25.0429635511914,3.57404523444846,78.872170413554));
#11222=CARTESIAN_POINT('',(24.7675890023798,3.58197315626977,79.1603705128785));
#11223=CARTESIAN_POINT('',(23.3673094729544,3.62052961862951,80.5627323926886));
#11224=CARTESIAN_POINT('',(22.1633162472864,3.64823310980161,81.5727417943807));
#11225=CARTESIAN_POINT('',(20.2353454001573,3.68521359475494,82.9248418163976));
#11226=CARTESIAN_POINT('',(19.5722402161473,3.69677353648214,83.3482317905154));
#11227=CARTESIAN_POINT('',(18.546304500209,3.71294040735337,83.9415428978724));
#11228=CARTESIAN_POINT('',(18.1991054920541,3.71813357809682,84.1323410131216));
#11229=CARTESIAN_POINT('',(17.49407064348,3.72812099791427,84.4997310178516));
#11230=CARTESIAN_POINT('',(17.1374379676078,3.73289713572641,84.6756575889001));
#11231=CARTESIAN_POINT('',(15.3442366199714,3.75556713584575,85.5119074707022));
#11232=CARTESIAN_POINT('',(13.867889691021,3.7699982041102,86.0482810314094));
#11233=CARTESIAN_POINT('',(11.5921253587184,3.78621462825191,86.658455962413));
#11234=CARTESIAN_POINT('',(10.8232714749467,3.79070989081494,86.8292645206102));
#11235=CARTESIAN_POINT('',(9.65423640695092,3.79605593877165,87.0354741263505));
#11236=CARTESIAN_POINT('',(9.26130365442123,3.79760682225053,87.0959445702814));
#11237=CARTESIAN_POINT('',(8.47287643806481,3.80022368217424,87.1994920375074));
#11238=CARTESIAN_POINT('',(8.07894945074459,3.80128529703145,87.2423934176799));
#11239=CARTESIAN_POINT('',(6.11072105490319,3.80538217019504,87.4133608258644));
#11240=CARTESIAN_POINT('',(4.5406073480788,3.80481131260345,87.4117964779974));
#11241=CARTESIAN_POINT('',(2.1920295339293,3.79827787722184,87.2053713910952));
#11242=CARTESIAN_POINT('',(1.41027526808706,3.7951485224727,87.1023575638418));
#11243=CARTESIAN_POINT('',(0.239345263514112,3.78898938488463,86.8951701374171));
#11244=CARTESIAN_POINT('',(-0.151591533720562,3.78668519778796,86.8170908794847));
#11245=CARTESIAN_POINT('',(-0.926220901376798,3.78162299414192,86.6445373244719));
#11246=CARTESIAN_POINT('',(-1.31034611604123,3.77886397009344,86.550032045819));
#11247=CARTESIAN_POINT('',(-3.21529379973485,3.76394845856558,86.0370570260239));
#11248=CARTESIAN_POINT('',(-4.68943599978188,3.74845615868424,85.4981570103985));
#11249=CARTESIAN_POINT('',(-6.82668045137688,3.71993183096368,84.4989749947857));
#11250=CARTESIAN_POINT('',(-7.5266981446855,3.70953781252622,84.1339310232167));
#11251=CARTESIAN_POINT('',(-8.5575727757311,3.69257817289158,83.5369551181899));
#11252=CARTESIAN_POINT('',(-8.89779505503421,3.68669811942616,83.3297709554866));
#11253=CARTESIAN_POINT('',(-9.56511207816126,3.67459801537228,82.9030269672224));
#11254=CARTESIAN_POINT('',(-9.89306750734298,3.66836417878806,82.6829821515434));
#11255=CARTESIAN_POINT('',(-11.504762737681,3.63629004270767,81.549901172484));
#11256=CARTESIAN_POINT('',(-12.7048919863358,3.60775535317045,80.539037508301));
#11257=CARTESIAN_POINT('',(-14.3717315052478,3.56065591102803,78.8667123867036));
#11258=CARTESIAN_POINT('',(-14.9049957040017,3.54423589059806,78.2831215365108));
#11259=CARTESIAN_POINT('',(-15.9253332982685,3.50990732901291,77.0618948536927));
#11260=CARTESIAN_POINT('',(-16.4049867626079,3.49224769351651,76.4331134907516));
#11261=CARTESIAN_POINT('',(-17.7543024977935,3.43786801510586,74.4953531175466));
#11262=CARTESIAN_POINT('',(-18.5354701458257,3.39974097584009,73.1347480371377));
#11263=CARTESIAN_POINT('',(-19.3635293143868,3.34973296663274,71.3477857596852));
#11264=CARTESIAN_POINT('',(-19.5216682914849,3.33961306786325,70.9860523147614));
#11265=CARTESIAN_POINT('',(-19.8227726275744,3.31913306868517,70.2537710558888));
#11266=CARTESIAN_POINT('',(-19.96594339309,3.30875656676147,69.8826363593877));
#11267=CARTESIAN_POINT('',(-20.3705548556466,3.27739037324821,68.7604267767788));
#11268=CARTESIAN_POINT('',(-20.6068842425603,3.25619535676902,68.0016708299492));
#11269=CARTESIAN_POINT('',(-20.8097474095343,3.23471576703885,67.2322853341103));
#11270=CARTESIAN_POINT('',(32.2959127630602,2.82454127801073,62.6366297895111));
#11271=CARTESIAN_POINT('',(32.1610223479402,2.86862021050417,64.2221615455185));
#11272=CARTESIAN_POINT('',(31.8892288355363,2.91167037637707,65.7723784436437));
#11273=CARTESIAN_POINT('',(31.2848163509056,2.97475877025393,68.0466501940121));
#11274=CARTESIAN_POINT('',(31.0503601583601,2.99553941975694,68.7961980903598));
#11275=CARTESIAN_POINT('',(30.6485488164802,3.02633227574273,69.9075378217957));
#11276=CARTESIAN_POINT('',(30.5062453962813,3.03653345236983,70.2758176580881));
#11277=CARTESIAN_POINT('',(30.2046494092597,3.05680765313313,71.007977410685));
#11278=CARTESIAN_POINT('',(30.0449373827438,3.06690499492706,71.3727362041131));
#11279=CARTESIAN_POINT('',(29.2086992670167,3.11673152291445,73.1732623608165));
#11280=CARTESIAN_POINT('',(28.4229752029064,3.15437508115566,74.535403942698));
#11281=CARTESIAN_POINT('',(27.0755169262714,3.207632243051,76.4653737988535));
#11282=CARTESIAN_POINT('',(26.5980527518345,3.22484677983693,77.0897119800056));
#11283=CARTESIAN_POINT('',(25.8386920082052,3.24984856106797,77.9972739597637));
#11284=CARTESIAN_POINT('',(25.5783674717914,3.25804562355501,78.2949635589217));
#11285=CARTESIAN_POINT('',(25.0430642672308,3.27416135438634,78.8805159713666));
#11286=CARTESIAN_POINT('',(24.7676897184192,3.28208927620765,79.1687160706911));
#11287=CARTESIAN_POINT('',(23.3674101889938,3.32064573856739,80.5710779505012));
#11288=CARTESIAN_POINT('',(22.1634169633258,3.34834922973949,81.5810873521933));
#11289=CARTESIAN_POINT('',(20.2354461161967,3.38532971469282,82.9331873742102));
#11290=CARTESIAN_POINT('',(19.5723409321867,3.39688965642002,83.356577348328));
#11291=CARTESIAN_POINT('',(18.5464052162484,3.41305652729125,83.949888455685));
#11292=CARTESIAN_POINT('',(18.1992062080935,3.4182496980347,84.1406865709342));
#11293=CARTESIAN_POINT('',(17.4941713595194,3.42823711785215,84.5080765756642));
#11294=CARTESIAN_POINT('',(17.1375386836472,3.43301325566429,84.6840031467127));
#11295=CARTESIAN_POINT('',(15.3443373360108,3.45568325578363,85.5202530285148));
#11296=CARTESIAN_POINT('',(13.8679904070604,3.47011432404808,86.0566265892221));
#11297=CARTESIAN_POINT('',(11.5922260747578,3.48633074818979,86.6668015202256));
#11298=CARTESIAN_POINT('',(10.8233721909861,3.49082601075281,86.8376100784228));
#11299=CARTESIAN_POINT('',(9.65433712299032,3.49617205870953,87.0438196841631));
#11300=CARTESIAN_POINT('',(9.26140437046062,3.49772294218841,87.104290128094));
#11301=CARTESIAN_POINT('',(8.47297715410421,3.50033980211211,87.20783759532));
#11302=CARTESIAN_POINT('',(8.07905016678398,3.50140141696933,87.2507389754925));
#11303=CARTESIAN_POINT('',(6.11082177094258,3.50549829013292,87.421706383677));
#11304=CARTESIAN_POINT('',(4.5407080641182,3.50492743254133,87.42014203581));
#11305=CARTESIAN_POINT('',(2.1921302499687,3.49839399715972,87.2137169489079));
#11306=CARTESIAN_POINT('',(1.41037598412645,3.49526464241057,87.1107031216544));
#11307=CARTESIAN_POINT('',(0.239445979553508,3.48910550482251,86.9035156952297));
#11308=CARTESIAN_POINT('',(-0.151490817681166,3.48680131772584,86.8254364372973));
#11309=CARTESIAN_POINT('',(-0.926120185337402,3.4817391140798,86.6528828822846));
#11310=CARTESIAN_POINT('',(-1.31024540000183,3.47898009003132,86.5583776036317));
#11311=CARTESIAN_POINT('',(-3.21519308369546,3.46406457850346,86.0454025838365));
#11312=CARTESIAN_POINT('',(-4.68933528374248,3.44857227862212,85.5065025682111));
#11313=CARTESIAN_POINT('',(-6.82657973533749,3.42004795090156,84.5073205525983));
#11314=CARTESIAN_POINT('',(-7.5265974286461,3.4096539324641,84.1422765810293));
#11315=CARTESIAN_POINT('',(-8.55747205969171,3.39269429282946,83.5453006760025));
#11316=CARTESIAN_POINT('',(-8.89769433899481,3.38681423936404,83.3381165132992));
#11317=CARTESIAN_POINT('',(-9.56501136212186,3.37471413531015,82.911372525035));
#11318=CARTESIAN_POINT('',(-9.89296679130359,3.36848029872594,82.691327709356));
#11319=CARTESIAN_POINT('',(-11.5046620216416,3.33640616264555,81.5582467302966));
#11320=CARTESIAN_POINT('',(-12.7047912702964,3.30787147310833,80.5473830661136));
#11321=CARTESIAN_POINT('',(-14.3716307892084,3.26077203096591,78.8750579445162));
#11322=CARTESIAN_POINT('',(-14.9048949879623,3.24435201053594,78.2914670943234));
#11323=CARTESIAN_POINT('',(-15.9252325822291,3.21002344895079,77.0702404115053));
#11324=CARTESIAN_POINT('',(-16.4048860465685,3.19236381345439,76.4414590485642));
#11325=CARTESIAN_POINT('',(-17.7542017817541,3.13798413504373,74.5036986753592));
#11326=CARTESIAN_POINT('',(-18.5353694297863,3.09985709577797,73.1430935949503));
#11327=CARTESIAN_POINT('',(-19.3634285983474,3.04984908657062,71.3561313174979));
#11328=CARTESIAN_POINT('',(-19.5215675754455,3.03972918780113,70.994397872574));
#11329=CARTESIAN_POINT('',(-19.822671911535,3.01924918862305,70.2621166137014));
#11330=CARTESIAN_POINT('',(-19.9658426770506,3.00887268669935,69.8909819172003));
#11331=CARTESIAN_POINT('',(-20.3704541396072,2.97750649318609,68.7687723345915));
#11332=CARTESIAN_POINT('',(-20.6067835265209,2.9563114767069,68.0100163877618));
#11333=CARTESIAN_POINT('',(-20.809646693495,2.93483188697673,67.2406308919229));
#11334=CARTESIAN_POINT('',(32.2958120470208,3.12442515807285,62.6282842316985));
#11335=CARTESIAN_POINT('',(32.2958120470208,3.12442515807285,62.6282842316985));
#11336=CARTESIAN_POINT('',(32.2958120470208,3.12442515807285,62.6282842316985));
#11337=CARTESIAN_POINT('',(31.7601337058349,3.29947191301337,68.9247658623623));
#11338=CARTESIAN_POINT('',(27.5183984816267,3.55061175488102,78.0002528088352));
#11339=CARTESIAN_POINT('',(17.0118905848282,3.75154311708569,85.3471853643422));
#11340=CARTESIAN_POINT('',(7.73345234174365,3.81756975072689,87.8317179864821));
#11341=CARTESIAN_POINT('',(-1.83387732234481,3.79080590999155,86.9854640856299));
#11342=CARTESIAN_POINT('',(-13.4499835179437,3.63572045138184,81.5529092010012));
#11343=CARTESIAN_POINT('',(-19.1871094239423,3.4065241772642,73.3863553396879));
#11344=CARTESIAN_POINT('',(-20.8097474095343,3.23471576703879,67.2322853341103));
#11345=CARTESIAN_POINT('',(33.6228246586102,2.6907894599977,47.0302846671941));
#11346=CARTESIAN_POINT('',(33.6228246586102,2.6907894599977,47.0302846671941));
#11347=CARTESIAN_POINT('',(19.2209326290249,4.62980825779902,76.1147017428781));
#11348=CARTESIAN_POINT('',(19.2318369570826,7.11107771966392,76.0476694419097));
#11349=CARTESIAN_POINT('',(20.8754050148822,7.171823481814,77.9067833082149));
#11350=CARTESIAN_POINT('',(17.1906727051929,4.68716895553874,77.9076989341495));
#11351=CARTESIAN_POINT('',(17.1998563252687,7.16848703236633,77.8421862536703));
#11352=CARTESIAN_POINT('',(18.5999446171575,7.23611180005368,79.9163260539877));
#11353=CARTESIAN_POINT('',(12.4164670887048,4.77458304305844,80.6864409375692));
#11354=CARTESIAN_POINT('',(12.4194874727764,7.25690089099835,80.623127206507));
#11355=CARTESIAN_POINT('',(13.2491486993748,7.33512530180283,83.030636763506));
#11356=CARTESIAN_POINT('',(4.204345647743,4.8038202468375,81.7982393843365));
#11357=CARTESIAN_POINT('',(4.19919635246629,7.28997836104801,81.7308347792751));
#11358=CARTESIAN_POINT('',(4.04524471579559,7.37234528811335,84.2765901203608));
#11359=CARTESIAN_POINT('',(-3.80836776312835,4.72672242387662,79.6844620376996));
#11360=CARTESIAN_POINT('',(-3.8164950792695,7.21854499584254,79.6082774104846));
#11361=CARTESIAN_POINT('',(-4.93515842678618,7.29259860259492,81.907345665807));
#11362=CARTESIAN_POINT('',(-10.4018101625319,4.55502701882809,74.6669123372445));
#11363=CARTESIAN_POINT('',(-10.4059488781037,7.05359623921539,74.5822991093846));
#11364=CARTESIAN_POINT('',(-12.3248757574696,7.10802595521221,76.283599390796));
#11365=CARTESIAN_POINT('',(-14.5721897148628,4.31487310068782,67.5094667406641));
#11366=CARTESIAN_POINT('',(-14.5676673529943,6.82035919787048,67.4216340251767));
#11367=CARTESIAN_POINT('',(-16.9988898006126,6.84672685837403,68.2615156863113));
#11368=CARTESIAN_POINT('',(-15.6846039378633,4.04282192649198,59.3017814576319));
#11369=CARTESIAN_POINT('',(-15.6718086013952,6.55438430084597,59.217771247827));
#11370=CARTESIAN_POINT('',(-18.2456242881894,6.54848173089178,59.0623840759908));
#11371=CARTESIAN_POINT('',(-13.5696978501418,3.78029082136185,51.2934021696373));
#11372=CARTESIAN_POINT('',(-13.553887704786,6.29610719184584,51.2179633192247));
#11373=CARTESIAN_POINT('',(-15.8752751961427,6.25869568982582,50.0866889571703));
#11374=CARTESIAN_POINT('',(-8.54944673188223,3.5672477662031,44.7035320271383));
#11375=CARTESIAN_POINT('',(-8.53767196453929,6.08472534199873,44.6363269960152));
#11376=CARTESIAN_POINT('',(-10.2487066864686,6.02148603301143,42.700898546811));
#11377=CARTESIAN_POINT('',(-1.38813830715017,3.43612663492355,40.5354190220089));
#11378=CARTESIAN_POINT('',(-1.38508013228368,5.95230328534816,40.4712419056246));
#11379=CARTESIAN_POINT('',(-2.22251280979463,5.87296578038772,38.0294324825335));
#11380=CARTESIAN_POINT('',(6.82398313381179,3.40688943114449,39.4236205752414));
#11381=CARTESIAN_POINT('',(6.81877577158166,5.91896043365314,39.3555092106151));
#11382=CARTESIAN_POINT('',(6.9813911737847,5.8357457940772,36.7834791256788));
#11383=CARTESIAN_POINT('',(14.836696544683,3.48398725410537,41.5373979218783));
#11384=CARTESIAN_POINT('',(14.8285235932098,5.98983203050085,41.4607769044088));
#11385=CARTESIAN_POINT('',(15.9617943163663,5.91549247959563,39.1527235802325));
#11386=CARTESIAN_POINT('',(21.4301389440867,3.6556826591539,46.5549476223335));
#11387=CARTESIAN_POINT('',(21.426006348155,6.15425170664373,46.4703289899945));
#11388=CARTESIAN_POINT('',(23.3515116470499,6.10006512697834,44.7764698552436));
#11389=CARTESIAN_POINT('',(25.6005184964175,3.89583657729417,53.7123932189138));
#11390=CARTESIAN_POINT('',(25.6050231366762,6.3873022600636,53.6250528465258));
#11391=CARTESIAN_POINT('',(28.0255256901928,6.36136422381652,52.7985535597282));
#11392=CARTESIAN_POINT('',(26.7129327194181,4.16788775149001,61.920078501946));
#11393=CARTESIAN_POINT('',(26.7255996650047,6.65354250551739,61.8369397194761));
#11394=CARTESIAN_POINT('',(29.2722601777696,6.65960935129877,61.9976851700486));
#11395=CARTESIAN_POINT('',(24.5980266316965,4.43041885662014,69.9284577899407));
#11396=CARTESIAN_POINT('',(24.6136234056806,6.91238138527706,69.8540373865137));
#11397=CARTESIAN_POINT('',(26.901911085723,6.94939539236473,70.9733802888694));
#11398=CARTESIAN_POINT('',(21.2511925528568,4.5724475600593,74.3217045516067));
#11399=CARTESIAN_POINT('',(21.2638175888965,7.05366840696152,74.253152630149));
#11400=CARTESIAN_POINT('',(23.1508654126069,7.10753516357432,75.8972405624421));
#11401=CARTESIAN_POINT('',(19.2209326290249,4.62980825779902,76.1147017428781));
#11402=CARTESIAN_POINT('',(19.2318369570826,7.11107771966392,76.0476694419097));
#11403=CARTESIAN_POINT('',(20.8754050148822,7.171823481814,77.9067833082149));
#11404=CARTESIAN_POINT('',(5.51331794479011,6.60404554109527,60.5300346230198));
#11405=CARTESIAN_POINT('',(20.8754050148822,7.171823481814,77.9067833082149));
#11406=CARTESIAN_POINT('',(31.8578310869913,-27.4377893350774,63.879119898096));
#11407=CARTESIAN_POINT('',(31.8116149529085,3.13531027008248,63.0252662085002));
#11408=CARTESIAN_POINT('',(31.8410053844589,3.12560284786785,62.676091283059));
#11409=CARTESIAN_POINT('',(31.8515419208696,-27.4346695780473,63.9537908819172));
#11410=CARTESIAN_POINT('',(31.8397806934055,6.67763464328853,62.5275840885019));
#11411=CARTESIAN_POINT('',(34.2098962005396,5.76699942246211,34.3751409199054));
#11412=CARTESIAN_POINT('',(34.7198582740079,5.57106406657412,28.3177659741511));
#11413=CARTESIAN_POINT('',(34.8648625752971,-121.862129350763,32.4433640759896));
#11414=CARTESIAN_POINT('',(36.726699404803,-29.8530039866342,6.07126741777262));
#11415=CARTESIAN_POINT('',(26.7619205248373,-29.8914622133599,5.23359036816269));
#11416=CARTESIAN_POINT('',(36.7619179761024,-29.8882815996887,5.22719832042188));
#11417=CARTESIAN_POINT('',(36.7619147755546,-29.88849538969,5.22208486476825));
#11418=CARTESIAN_POINT('',(36.7593535870032,-30.0595775130747,1.1301215086765));
#11419=CARTESIAN_POINT('',(-0.0991678494156045,-8.24515821940997,0.241145770957156));
#11420=CARTESIAN_POINT('',(-36.9087276599572,-30.0830085017749,1.17721022063351));
#11421=CARTESIAN_POINT('',(-36.9189244175062,-0.508846782677867,-0.0592583955563782));
#11422=CARTESIAN_POINT('',(-68.1848664406182,-0.518791278609486,-0.0392731738284567));
#11423=CARTESIAN_POINT('',(-36.9323398537158,-31.6603567655607,-36.5500003708232));
#11424=CARTESIAN_POINT('',(-36.9425366112648,-2.08619504646354,-37.786468987013));
#11425=CARTESIAN_POINT('',(-68.1861142236218,-0.602141138685416,-2.0328454210601));
#11426=CARTESIAN_POINT('',(-68.1803609426628,-0.217831397698789,7.15912242716157));
#11427=CARTESIAN_POINT('',(-68.1975851952793,49.738522857533,5.07049300792202));
#11428=CARTESIAN_POINT('',(-68.178907147183,-0.0639851856897919,9.51006998499421));
#11429=CARTESIAN_POINT('',(-68.178907147183,-0.0639851856897767,9.51006998499422));
#11430=CARTESIAN_POINT('',(-68.1631351524745,2.23769536589087,35.3299148709335));
#11431=CARTESIAN_POINT('',(-68.1444571043781,-47.5648126773386,39.769491848006));
#11432=CARTESIAN_POINT('',(-68.1612431109442,2.41583399967903,38.3785655459039));
#11433=CARTESIAN_POINT('',(-68.1612431109442,2.41583399967906,38.3785655459039));
#11434=CARTESIAN_POINT('',(5.3914817991534,3.05480649927325,60.4513397603646));
#11435=CARTESIAN_POINT('',(5.40202933994178,-27.5367492492445,61.7303446891514));
#11436=CARTESIAN_POINT('',(5.39026061690831,6.59666194019034,60.303258028163));
#11437=CARTESIAN_POINT('',(54.3362254382322,5.82860943936737,36.0675560503171));
#11438=CARTESIAN_POINT('',(54.3313436831022,5.57730172724398,28.3052302928644));
#11439=CARTESIAN_POINT('',(54.3745124284523,-121.855924080074,32.4308934880937));
#11440=CARTESIAN_POINT('',(-33.4471754362696,9.86784717240432,16.5004215611257));
#11441=CARTESIAN_POINT('',(-33.4471754362696,9.86784717240432,16.5004215611257));
#11442=CARTESIAN_POINT('',(-33.4466337108377,8.26868512305758,16.552194589458));
#11443=CARTESIAN_POINT('',(-36.5141420894997,9.50475259483477,5.3172701483442));
#11444=CARTESIAN_POINT('',(-36.5136003640679,7.90559054548803,5.36904317667648));
#11445=CARTESIAN_POINT('',(-33.4466337108377,8.26868512305758,16.552194589458));
#11446=CARTESIAN_POINT('',(54.336970310701,3.62976162151561,36.138743964274));
#11447=CARTESIAN_POINT('',(54.5026016511342,2.68011420357399,6.80436104978693));
#11448=CARTESIAN_POINT('',(-51.6118316142447,2.62482752909671,6.20699470925519));
#11449=CARTESIAN_POINT('',(54.4444759221171,3.01337811566167,17.0988040441666));
#11450=CARTESIAN_POINT('',(-51.6347101405129,2.95810980532735,16.5016361261477));
#11451=CARTESIAN_POINT('',(-50.3376108845196,3.00085186470157,17.8082780164655));
#11452=CARTESIAN_POINT('',(-52.1335839535783,2.94167089825084,15.9990921464776));
#11453=CARTESIAN_POINT('',(-52.1089284309852,2.58250227894513,4.90485639601781));
#11454=CARTESIAN_POINT('',(-52.1281717183661,2.86282831679007,13.5637508084968));
#11455=CARTESIAN_POINT('',(54.5870389119456,2.93941051832904,14.8126058373848));
#11456=CARTESIAN_POINT('',(-49.6581142976317,2.86460090791452,13.5926571247876));
#11457=CARTESIAN_POINT('',(-46.085513212813,2.79435389399894,11.3854899707669));
#11458=CARTESIAN_POINT('',(-49.6053789018406,2.71901710219064,9.09532187671658));
#11459=CARTESIAN_POINT('',(54.6397743077365,2.79382671260515,10.3152705893134));
#11460=CARTESIAN_POINT('',(-52.118175853378,2.71721383983064,9.06591539294575));
#11461=CARTESIAN_POINT('',(-52.1089284309852,2.58250227894513,4.90485639601781));
#11462=CARTESIAN_POINT('',(-52.1129265966309,2.6407454424914,6.70390941040387));
#11463=CARTESIAN_POINT('',(-52.1129265966309,2.6407454424914,6.70390941040387));
#11464=CARTESIAN_POINT('',(54.5026016511342,2.68011420357399,6.80436104978693));
#11465=CARTESIAN_POINT('',(54.503211092245,0.881056898058911,6.86260570666075));
#11466=CARTESIAN_POINT('',(-51.6112221731339,0.825770223581629,6.26523936612901));
#11467=CARTESIAN_POINT('',(-51.6118316142447,2.62482752909671,6.20699470925519));
#11468=CARTESIAN_POINT('',(-39.2149384104858,9.48560773089476,4.75418448890866));
#11469=CARTESIAN_POINT('',(-39.2149384104858,9.48560773089476,4.75418448890866));
#11470=CARTESIAN_POINT('',(-39.214396685054,7.88644568154802,4.80595751724094));
#11471=CARTESIAN_POINT('',(-39.2119927784502,0.790164087571866,5.03570033046545));
#11472=CARTESIAN_POINT('',(-50.3083477551701,0.784382776334514,4.97323390849336));
#11473=CARTESIAN_POINT('',(-50.3112933872057,9.47982641965741,4.69171806693657));
#11474=CARTESIAN_POINT('',(-50.3115303920821,10.1794598162466,4.6690673670412));
#11475=CARTESIAN_POINT('',(54.5073647123933,10.2340715024648,5.25914053485002));
#11476=CARTESIAN_POINT('',(-46.0516872870452,10.1816792368459,4.69304795864019));
#11477=CARTESIAN_POINT('',(-46.0517211448847,10.2816268649301,4.68981214436942));
#11478=CARTESIAN_POINT('',(-46.0509085567369,7.88288379090997,4.76747168686784));
#11479=CARTESIAN_POINT('',(-39.214396685054,7.88644568154802,4.80595751724094));
#11480=CARTESIAN_POINT('',(-32.8633317187591,9.90634369282259,17.6833906372578));
#11481=CARTESIAN_POINT('',(-32.8633317187591,9.90634369282259,17.6833906372578));
#11482=CARTESIAN_POINT('',(-32.8627899933273,8.30718164347585,17.7351636655901));
#11483=CARTESIAN_POINT('',(-30.799916024265,9.88748143221924,17.0791838313671));
#11484=CARTESIAN_POINT('',(-30.7993742988332,8.2883193828725,17.1309568596993));
#11485=CARTESIAN_POINT('',(-32.8627899933273,8.30718164347585,17.7351636655901));
#11486=CARTESIAN_POINT('',(-30.799916024265,9.88748143221923,17.079183831367));
#11487=CARTESIAN_POINT('',(-31.1436278043684,9.8467897985261,15.8258996213139));
#11488=CARTESIAN_POINT('',(-31.1430860789366,8.24762774917936,15.8776726496462));
#11489=CARTESIAN_POINT('',(-30.7993742988332,8.2883193828725,17.1309568596993));
#11490=CARTESIAN_POINT('',(-34.2105944575985,9.48369522095654,4.6427482085324));
#11491=CARTESIAN_POINT('',(-34.2105944575985,9.48369522095654,4.64274820853241));
#11492=CARTESIAN_POINT('',(-34.2100527321667,7.88453317160981,4.69452123686469));
#11493=CARTESIAN_POINT('',(-34.5543062377019,9.44300358726341,3.38946399847926));
#11494=CARTESIAN_POINT('',(-34.55376451227,7.84384153791666,3.44123702681155));
#11495=CARTESIAN_POINT('',(-34.2100527321667,7.88453317160981,4.69452123686468));
#11496=CARTESIAN_POINT('',(-34.5543062377019,9.44300358726341,3.38946399847931));
#11497=CARTESIAN_POINT('',(-34.55376451227,7.84384153791667,3.44123702681159));
#11498=CARTESIAN_POINT('',(54.4444759221171,3.01337811566167,17.0988040441666));
#11499=CARTESIAN_POINT('',(54.4450853632279,1.21432081014659,17.1570487010404));
#11500=CARTESIAN_POINT('',(-51.634100699402,1.15905249981228,16.5598807830215));
#11501=CARTESIAN_POINT('',(-51.6370463314377,9.85449614313517,16.2783649414647));
#11502=CARTESIAN_POINT('',(54.3375797518119,1.83070431600052,36.1969886211478));
#11503=CARTESIAN_POINT('',(-52.1369726781131,1.20085675628203,17.8563898177375));
#11504=CARTESIAN_POINT('',(-50.3370014434088,1.20179455918649,17.8665226733393));
#11505=CARTESIAN_POINT('',(-50.3370014434088,1.20179455918649,17.8665226733393));
#11506=CARTESIAN_POINT('',(54.3375797518119,1.83070431600052,36.1969886211478));
#11507=CARTESIAN_POINT('',(-52.1123171555201,0.841688136976316,6.76215406727769));
#11508=CARTESIAN_POINT('',(-52.1399183101488,9.89630039960492,17.5748739761807));
#11509=CARTESIAN_POINT('',(-52.1393765847169,8.29713835025818,17.626647004513));
#11510=CARTESIAN_POINT('',(-46.1237067998721,8.30027257401006,17.6605119419644));
#11511=CARTESIAN_POINT('',(-46.1245193880198,10.6990156480302,17.582852399466));
#11512=CARTESIAN_POINT('',(-46.1244855301803,10.599068019946,17.5860882137368));
#11513=CARTESIAN_POINT('',(54.4345664692554,10.6514602855649,18.1521807899468));
#11514=CARTESIAN_POINT('',(-50.3401840803209,10.5968715990986,17.5623561318871));
#11515=CARTESIAN_POINT('',(-50.3399470754444,9.89723820250938,17.5850068317825));
#11516=CARTESIAN_POINT('',(-31.1436278043684,9.8467897985261,15.8258996213139));
#11517=CARTESIAN_POINT('',(-31.1430860789366,8.24762774917936,15.8776726496462));
#11518=CARTESIAN_POINT('',(-36.5141420894997,9.50475259483476,5.31727014834421));
#11519=CARTESIAN_POINT('',(-36.5136003640679,7.90559054548803,5.36904317667649));
#11520=CARTESIAN_POINT('',(-50.8048430585546,10.4141255622591,8.83215773020922));
#11521=CARTESIAN_POINT('',(-49.6079859554814,10.4149844646718,8.84616417786747));
#11522=CARTESIAN_POINT('',(-49.6071733673336,8.01624139065171,8.92382372036589));
#11523=CARTESIAN_POINT('',(54.6379798422435,8.09105100106622,10.1437724329628));
#11524=CARTESIAN_POINT('',(-50.8040304704143,8.01538248823902,8.90981727270756));
#11525=CARTESIAN_POINT('',(-50.8048430585622,10.4141255622596,8.83215773022466));
#11526=CARTESIAN_POINT('',(-50.8048092007227,10.3141779341755,8.83539354449542));
#11527=CARTESIAN_POINT('',(-50.8048092007151,10.314177934175,8.83539354447999));
#11528=CARTESIAN_POINT('',(-52.1207490491793,10.3132335742276,8.81999350836741));
#11529=CARTESIAN_POINT('',(-52.1207829070188,10.4131812023118,8.81675769409664));
#11530=CARTESIAN_POINT('',(-52.1307787720069,10.5587956792712,13.3145931096477));
#11531=CARTESIAN_POINT('',(54.5852444464526,8.23663480679011,14.6411076810341));
#11532=CARTESIAN_POINT('',(-50.8567658661978,8.1609662939629,13.4071525207787));
#11533=CARTESIAN_POINT('',(-49.6599087631247,8.16182519637559,13.421158968437));
#11534=CARTESIAN_POINT('',(-49.6607213512724,10.5605682703957,13.3434994259385));
#11535=CARTESIAN_POINT('',(-52.1307787720069,10.5587956792712,13.3145931096477));
#11536=CARTESIAN_POINT('',(-52.1307449141674,10.4588480511871,13.3178289239184));
#11537=CARTESIAN_POINT('',(-52.1307449141674,10.4588480511871,13.3178289239184));
#11538=CARTESIAN_POINT('',(-50.8575445965001,10.4597617398993,13.3327287925642));
#11539=CARTESIAN_POINT('',(-50.8575784543396,10.5597093679834,13.3294929782934));
#11540=CARTESIAN_POINT('',(54.335175845208,8.92698590997668,35.9672458079233));
#11541=CARTESIAN_POINT('',(-46.087307678306,8.09157818246002,11.2139918144162));
#11542=CARTESIAN_POINT('',(-46.0873076783059,8.09157818246002,11.2139918144162));
#11543=CARTESIAN_POINT('',(-52.1112646219101,9.47888861675294,4.68158521133484));
#11544=CARTESIAN_POINT('',(-52.1359201445031,9.83805723605865,15.7758209617947));
#11545=CARTESIAN_POINT('',(-52.1361571493795,10.5376906326479,15.7531702618993));
#11546=CARTESIAN_POINT('',(-52.1803920285109,11.1820809676239,35.6575213306566));
#11547=CARTESIAN_POINT('',(-52.1112646219101,9.47888861675294,4.68158521133484));
#11548=CARTESIAN_POINT('',(-52.1207490491793,10.3132335742276,8.81999350836741));
#11549=CARTESIAN_POINT('',(-52.1154997924321,10.2367651768884,6.45798752582553));
#11550=CARTESIAN_POINT('',(-52.1152627875557,9.53713178029921,6.4806382257209));
#11551=CARTESIAN_POINT('',(54.335175845208,8.92698590997668,35.9672458079233));
#11552=CARTESIAN_POINT('',(-46.0873076783059,8.09157818246002,11.2139918144161));
#11553=CARTESIAN_POINT('',(-46.0881202664537,10.4903212564801,11.1363322719177));
#11554=CARTESIAN_POINT('',(-46.0880864086142,10.390373628396,11.1395680861885));
#11555=CARTESIAN_POINT('',(-46.0881202664537,10.4903212564801,11.1363322719177));
#11556=CARTESIAN_POINT('',(-46.0880864086142,10.390373628396,11.1395680861885));
#11557=CARTESIAN_POINT('',(54.3343971148998,11.2257813559126,35.8928220796957));
#11558=CARTESIAN_POINT('',(-13.1972229656222,9.00047708426053,-32.1356216269249));
#11559=CARTESIAN_POINT('',(10.7558281531578,12.6101094992401,79.1078458442386));
#11560=CARTESIAN_POINT('',(-46.0881202664537,10.4903212564801,11.1363322719178));
#11561=CARTESIAN_POINT('',(-52.1152627875557,9.53713178029921,6.48063822572091));
#11562=CARTESIAN_POINT('',(-50.3399470754444,9.89723820250938,17.5850068317825));
#11563=CARTESIAN_POINT('',(-0.00822138274185466,1.86056400550176,2.44542979324113));
#11564=CARTESIAN_POINT('',(-0.00982323823519432,6.50650495123831,2.25118725725185));
#11565=CARTESIAN_POINT('',(-0.00982323823519432,6.50650495123831,2.25118725725185));
#11566=CARTESIAN_POINT('',(-0.00822138274185466,1.86056400550176,2.44542979324113));
#11567=CARTESIAN_POINT('',(-0.00822138274185466,1.86056400550176,2.44542979324113));
#11568=CARTESIAN_POINT('',(2.19177805654313,1.8612637408706,2.44402355137696));
#11569=CARTESIAN_POINT('',(-0.00822138274185466,1.86056400550176,2.44542979324113));
#11570=CARTESIAN_POINT('',(-24.8363555849129,2.85857357016898,55.1151226320497));
#11571=CARTESIAN_POINT('',(-24.8384680926278,8.98558448439843,54.8589579171051));
#11572=CARTESIAN_POINT('',(-24.106533931825,2.93581439338206,57.881836797407));
#11573=CARTESIAN_POINT('',(-24.1086464395399,9.06282530761151,57.6256720824624));
#11574=CARTESIAN_POINT('',(-23.3767433134924,3.01305506453917,60.6485458734177));
#11575=CARTESIAN_POINT('',(-23.3788558212073,9.14006597876862,60.3923811584732));
#11576=CARTESIAN_POINT('',(-22.6469994831529,3.09029594244941,63.41526294341));
#11577=CARTESIAN_POINT('',(-22.6491119908678,9.21730685667887,63.1590982284654));
#11578=CARTESIAN_POINT('',(-24.1727437554311,5.93479038722316,57.5091282016124));
#11579=CARTESIAN_POINT('',(-24.1772353286837,5.59499099440013,57.5058432241261));
#11580=CARTESIAN_POINT('',(-24.1817269033523,5.2551916015958,57.5025582466409));
#11581=CARTESIAN_POINT('',(-24.1862184794321,4.91539220881012,57.4992732691568));
#11582=CARTESIAN_POINT('',(-24.1727437554311,5.93479038722316,57.5091282016124));
#11583=CARTESIAN_POINT('',(-24.0366544320811,6.42998404921171,58.0055787510395));
#11584=CARTESIAN_POINT('',(-24.1044450932118,6.42819297756871,57.7483614429967));
#11585=CARTESIAN_POINT('',(-24.1692246208584,6.20102222267129,57.5117019719133));
#11586=CARTESIAN_POINT('',(-24.1727437554311,5.93479038722318,57.5091282016122));
#11587=CARTESIAN_POINT('',(-24.0366544320809,6.4299840492117,58.0055787510395));
#11588=CARTESIAN_POINT('',(-23.3670019678851,6.44767696918963,60.5464744020936));
#11589=CARTESIAN_POINT('',(-23.5902159015739,6.44177932390063,59.6995082484315));
#11590=CARTESIAN_POINT('',(-23.8134335609149,6.4358816841632,58.8525430765477));
#11591=CARTESIAN_POINT('',(-24.0366544320809,6.42998404921171,58.0055787510395));
#11592=CARTESIAN_POINT('',(-23.367001967885,6.44767696918963,60.5464744020936));
#11593=CARTESIAN_POINT('',(-23.2396261978032,5.95989381599018,61.0496842455064));
#11594=CARTESIAN_POINT('',(-23.2384959504861,6.22533470027851,61.0432236370941));
#11595=CARTESIAN_POINT('',(-23.299397255845,6.44946318658605,60.8029946917535));
#11596=CARTESIAN_POINT('',(-23.367001967885,6.44767696918963,60.5464744020936));
#11597=CARTESIAN_POINT('',(-23.2396261978033,5.95989381599018,61.0496842455064));
#11598=CARTESIAN_POINT('',(-23.2396261978033,5.95989381599018,61.0496842455064));
#11599=CARTESIAN_POINT('',(-23.2410733523699,5.62002661873704,61.0579563279307));
#11600=CARTESIAN_POINT('',(-23.2425205071372,5.28015942148474,61.0662284103552));
#11601=CARTESIAN_POINT('',(-23.2439676621052,4.94029222423331,61.0745004927797));
#11602=CARTESIAN_POINT('',(-22.6480563480297,6.15557356912518,63.2871064931514));
#11603=CARTESIAN_POINT('',(-24.7699655690014,8.91999820398984,55.1215974966613));
#11604=CARTESIAN_POINT('',(-24.7877470568096,6.9124953582067,55.1354173974475));
#11605=CARTESIAN_POINT('',(-24.8055285640212,4.90499251259551,55.1492372982448));
#11606=CARTESIAN_POINT('',(-24.8233100903246,2.8974896671535,55.1630571990531));
#11607=CARTESIAN_POINT('',(-11.6480343208683,6.4547838758468,61.030320734765));
#11608=CARTESIAN_POINT('',(-24.9992912142785,6.44715780064009,60.5475177630289));
#11609=CARTESIAN_POINT('',(-24.1659301209931,6.42994293157765,58.0056613841905));
#11610=CARTESIAN_POINT('',(-11.648186083694,5.95141607663324,60.5424228833487));
#11611=CARTESIAN_POINT('',(-23.2373707778318,5.95989453335269,61.0496828038397));
#11612=CARTESIAN_POINT('',(-11.6498049398467,5.9339356325018,58.0011002245374));
#11613=CARTESIAN_POINT('',(-25.9294143494589,5.93423165774165,57.5102510672308));
#11614=CARTESIAN_POINT('',(-11.6474724240549,8.97299857278145,63.1624266267337));
#11615=CARTESIAN_POINT('',(-11.6496955887981,-0.0889988428946783,55.1752079421134));
#11616=CARTESIAN_POINT('',(-11.6502794348893,6.43054108556051,57.5058821218724));
#11617=CARTESIAN_POINT('',(-23.0645820601512,3.56262297874806,57.4854636167827));
#11618=CARTESIAN_POINT('',(-11.6459338420495,0.158712465476247,61.1835435753495));
#11619=CARTESIAN_POINT('',(-22.4331960433783,3.9046731495956,61.0991918373549));
#11620=CARTESIAN_POINT('',(42.0655936325127,47.6421464763974,-45.9804598382608));
#11621=CARTESIAN_POINT('',(42.0671424650803,47.7456059540617,-43.505903273956));
#11622=CARTESIAN_POINT('',(42.0686912976478,47.8490654317261,-41.0313467096513));
#11623=CARTESIAN_POINT('',(42.0702401302154,47.9525249093905,-38.5567901453466));
#11624=CARTESIAN_POINT('',(42.1007483321028,-54.3187725585325,-41.7175671935929));
#11625=CARTESIAN_POINT('',(42.1005907793991,-49.2661992336105,-39.4499285466308));
#11626=CARTESIAN_POINT('',(42.1004332266945,-44.2136259086885,-37.1822898996691));
#11627=CARTESIAN_POINT('',(42.1002756739904,-39.1610525837664,-34.9146512527072));
#11628=CARTESIAN_POINT('',(33.5959664858501,-50.0585838720056,60.2488140933185));
#11629=CARTESIAN_POINT('',(33.59271126801,-45.2129295024132,57.5673396116711));
#11630=CARTESIAN_POINT('',(33.5894560501708,-40.3672751328204,54.8858651300235));
#11631=CARTESIAN_POINT('',(33.5862008323311,-35.5216207632278,52.204390648376));
#11632=CARTESIAN_POINT('',(33.5608117862595,51.9023351629243,55.9859214486505));
#11633=CARTESIAN_POINT('',(33.559262953692,51.7988756852601,53.5113648843457));
#11634=CARTESIAN_POINT('',(33.5577141211243,51.6954162075955,51.0368083200409));
#11635=CARTESIAN_POINT('',(33.5561652885568,51.5919567299311,48.562251755736));
#11636=CARTESIAN_POINT('',(33.5256570866691,153.863254197855,51.7230288039823));
#11637=CARTESIAN_POINT('',(33.5258146393731,148.81068087293,49.4553901570219));
#11638=CARTESIAN_POINT('',(33.5259721920771,143.758107548008,47.1877515100592));
#11639=CARTESIAN_POINT('',(33.526129744781,138.705534223084,44.9201128630976));
#11640=CARTESIAN_POINT('',(42.0304389329221,149.603065511326,-50.2433524829286));
#11641=CARTESIAN_POINT('',(42.0336941507621,144.757411141737,-47.5618780012818));
#11642=CARTESIAN_POINT('',(42.0369493686011,139.911756772141,-44.8804035196326));
#11643=CARTESIAN_POINT('',(42.0402045864405,135.066102402548,-42.1989290379844));
#11644=CARTESIAN_POINT('',(42.0655936325127,47.6421464763974,-45.9804598382608));
#11645=CARTESIAN_POINT('',(42.0671424650803,47.7456059540617,-43.505903273956));
#11646=CARTESIAN_POINT('',(42.0686912976478,47.8490654317261,-41.0313467096513));
#11647=CARTESIAN_POINT('',(42.0702401302154,47.9525249093905,-38.5567901453466));
#11648=CARTESIAN_POINT('',(37.8281545165944,5.57900913014653,6.85337824968555));
#11649=CARTESIAN_POINT('',(37.8279624083074,5.64073929829798,6.85257021000392));
#11650=CARTESIAN_POINT('',(37.8275086204338,5.70238328516126,6.85448075427861));
#11651=CARTESIAN_POINT('',(37.8267898943299,5.76394108202287,6.85910938777048));
#11652=CARTESIAN_POINT('',(37.8281545165944,5.57900913014653,6.85337824968555));
#11653=CARTESIAN_POINT('',(37.046536468729,6.55043706158426,14.9627158602863));
#11654=CARTESIAN_POINT('',(37.0796815731177,4.68803869816251,15.0405606864843));
#11655=CARTESIAN_POINT('',(37.108914424966,2.82557359305677,15.1184107517964));
#11656=CARTESIAN_POINT('',(37.1353705467147,0.963068734148736,15.1962642171509));
#11657=CARTESIAN_POINT('',(37.280498123222,4.70252960016744,12.7855053294421));
#11658=CARTESIAN_POINT('',(37.2836394300475,4.35882845329411,12.8119141727827));
#11659=CARTESIAN_POINT('',(37.2867133193703,4.01512672231484,12.8383231024529));
#11660=CARTESIAN_POINT('',(37.2897241035432,3.67142444459192,12.8647321129306));
#11661=CARTESIAN_POINT('',(37.280498123222,4.70252960016744,12.7855053294422));
#11662=CARTESIAN_POINT('',(37.280498123222,4.70252960016744,12.7855053294422));
#11663=CARTESIAN_POINT('',(37.278178040031,4.95637785437839,12.7660004810042));
#11664=CARTESIAN_POINT('',(37.296205952906,5.16856417094666,12.531701642416));
#11665=CARTESIAN_POINT('',(37.3196528437571,5.16415819052873,12.2782441132879));
#11666=CARTESIAN_POINT('',(37.3196528437571,5.16415819052871,12.2782441132879));
#11667=CARTESIAN_POINT('',(37.3196528437571,5.16415819052871,12.2782441132879));
#11668=CARTESIAN_POINT('',(37.4033107204335,5.14843777076035,11.3739144582744));
#11669=CARTESIAN_POINT('',(37.487991788086,5.13271935297785,10.4696804253388));
#11670=CARTESIAN_POINT('',(37.5732638371973,5.11700209151567,9.56550162244002));
#11671=CARTESIAN_POINT('',(37.5732638371973,5.11700209151564,9.56550162244002));
#11672=CARTESIAN_POINT('',(37.5732638371973,5.11700209151567,9.56550162244002));
#11673=CARTESIAN_POINT('',(37.597523369811,5.11253059797219,9.30826662707906));
#11674=CARTESIAN_POINT('',(37.621703779309,4.87932794909028,9.07430672632688));
#11675=CARTESIAN_POINT('',(37.6240198490393,4.61734286486765,9.07417490311122));
#11676=CARTESIAN_POINT('',(37.6240198490392,4.61734286486765,9.07417490311122));
#11677=CARTESIAN_POINT('',(37.6240198490392,4.61734286486765,9.07417490311122));
#11678=CARTESIAN_POINT('',(37.6270013908577,4.28008208457702,9.07400520337161));
#11679=CARTESIAN_POINT('',(37.629919222387,3.94282076468148,9.0738355440973));
#11680=CARTESIAN_POINT('',(37.6327773863906,3.60555893942195,9.07366592272055));
#11681=CARTESIAN_POINT('',(37.8281545165944,5.57900913014653,6.85337824968555));
#11682=CARTESIAN_POINT('',(37.8341399556176,3.65570762597773,6.87855401028462));
#11683=CARTESIAN_POINT('',(37.8394360357555,1.73240406375938,6.90373023559574));
#11684=CARTESIAN_POINT('',(37.8442565988542,-0.190900697095304,6.92890677857013));
#11685=CARTESIAN_POINT('',(33.8189613771849,5.60522404482281,8.95576141597159));
#11686=CARTESIAN_POINT('',(33.8176279140294,5.57773353558893,6.85594178234158));
#11687=CARTESIAN_POINT('',(33.821574179299,-2.3736745659334,9.07312787171937));
#11688=CARTESIAN_POINT('',(39.0583807634444,4.7583940581258,9.07332800676234));
#11689=CARTESIAN_POINT('',(37.6408054662454,4.61734820372813,9.07416417372774));
#11690=CARTESIAN_POINT('',(33.8215257206678,5.17124988073808,12.7516142409726));
#11691=CARTESIAN_POINT('',(40.3193398969566,6.3923841778468,12.6537849170559));
#11692=CARTESIAN_POINT('',(39.0582485863676,4.70309503434611,12.7843689895501));
#11693=CARTESIAN_POINT('',(33.8169779252959,7.56893879662257,6.82987364820172));
#11694=CARTESIAN_POINT('',(33.8254143476393,-1.89731034442058,15.3179263758148));
#11695=CARTESIAN_POINT('',(33.8196728932025,4.61588398731591,9.57660668579211));
#11696=CARTESIAN_POINT('',(39.3734650911421,5.11757466642906,9.56435093197982));
#11697=CARTESIAN_POINT('',(33.8191971621757,5.10725694373586,9.0768512929944));
#11698=CARTESIAN_POINT('',(37.3282339520645,5.16416091984985,12.2782386282348));
#11699=CARTESIAN_POINT('',(33.8213917522462,4.6631212969535,12.2891859695403));
#11700=CARTESIAN_POINT('',(33.851129633638,6.13508866448326,59.5451464909048));
#11701=CARTESIAN_POINT('',(33.8491315620594,6.07760863710865,56.3906555930011));
#11702=CARTESIAN_POINT('',(33.8508257128296,6.12634554608159,59.0653261310846));
#11703=CARTESIAN_POINT('',(33.8509905398477,5.62642855780574,59.0744353388031));
#11704=CARTESIAN_POINT('',(33.8513001644917,5.65603036165855,59.5735582067837));
#11705=CARTESIAN_POINT('',(33.8492963890775,5.5776916488328,56.3997648007195));
#11706=CARTESIAN_POINT('',(33.848974279622,5.58570930605116,55.8998291914475));
#11707=CARTESIAN_POINT('',(33.8516963911154,8.67706472749134,61.696680140659));
#11708=CARTESIAN_POINT('',(33.8493312538114,0.0664429578435722,53.7119531682184));
#11709=CARTESIAN_POINT('',(33.8488255774018,6.06880614640613,55.9075768947432));
#11710=CARTESIAN_POINT('',(35.9829998654569,6.65411625981402,55.9155886827887));
#11711=CARTESIAN_POINT('',(33.8531983634949,0.323576010227276,59.889812360144));
#11712=CARTESIAN_POINT('',(38.9544803200294,9.98724024616301,59.3135186371474));
#11713=CARTESIAN_POINT('',(2.59532922661362,7.22954538944138,93.5745247200027));
#11714=CARTESIAN_POINT('',(7.8253178758818,7.23120884806375,93.5711817059744));
#11715=CARTESIAN_POINT('',(7.82179279109657,6.99573896042501,87.9391838522562));
#11716=CARTESIAN_POINT('',(3.07251188090743,6.99499321484368,87.9605127118847));
#11717=CARTESIAN_POINT('',(4.66530934852813,7.00103549378805,88.0918981453066));
#11718=CARTESIAN_POINT('',(6.24822057633814,7.00117516793588,88.082185148132));
#11719=CARTESIAN_POINT('',(7.82179279109653,6.99573896042501,87.9391838522562));
#11720=CARTESIAN_POINT('',(3.07251188090743,6.99499321484368,87.9605127118847));
#11721=CARTESIAN_POINT('',(3.07602551598112,7.22969828047823,93.5742174584489));
#11722=CARTESIAN_POINT('',(3.07619775850729,6.73013473792591,93.5951037526413));
#11723=CARTESIAN_POINT('',(3.07251188090742,6.99499321484368,87.9605127118847));
#11724=CARTESIAN_POINT('',(2.81535753403366,6.99401769954613,87.9393007649755));
#11725=CARTESIAN_POINT('',(2.58310269441337,6.77067886127229,87.9250398764499));
#11726=CARTESIAN_POINT('',(2.57303590506659,6.51300173140494,87.9347874234482));
#11727=CARTESIAN_POINT('',(2.57303590506659,6.51300173140494,87.9347874234482));
#11728=CARTESIAN_POINT('',(2.57657839991855,6.74963458293155,93.5946011910661));
#11729=CARTESIAN_POINT('',(7.82549011840796,6.73164530551143,93.5920680001668));
#11730=CARTESIAN_POINT('',(8.32517939338244,6.74923875560583,93.5910196732798));
#11731=CARTESIAN_POINT('',(8.32162327126123,6.5116956248154,87.9094337338083));
#11732=CARTESIAN_POINT('',(8.32162327126123,6.5116956248154,87.9094337338083));
#11733=CARTESIAN_POINT('',(8.31250036227402,6.77021920282209,87.8996103574206));
#11734=CARTESIAN_POINT('',(8.07956487073192,6.99484843725629,87.9157583360436));
#11735=CARTESIAN_POINT('',(7.82179279109596,6.9957389604253,87.9391838522562));
#11736=CARTESIAN_POINT('',(10.4842824241663,1.36448755353998,93.8148009622652));
#11737=CARTESIAN_POINT('',(10.4785335287833,6.89643186763586,87.5735776365785));
#11738=CARTESIAN_POINT('',(0.341748070478497,9.88000258128995,93.4651214836179));
#11739=CARTESIAN_POINT('',(0.136667270714669,3.81112303080378,87.6917454039309));
#11740=CARTESIAN_POINT('',(0.207769648777482,5.86606961856572,87.6195829789113));
#11741=CARTESIAN_POINT('',(0.278871923573979,7.92100631403223,87.5471292514285));
#11742=CARTESIAN_POINT('',(0.349974069780741,9.97593240958077,87.474385270414));
#11743=CARTESIAN_POINT('',(0.0753858541271836,3.81077426654584,87.6799526922416));
#11744=CARTESIAN_POINT('',(0.0732472480837921,10.0134794575596,87.4206232689087));
#11745=CARTESIAN_POINT('',(3.49960383012159,3.83037220548258,88.342848141679));
#11746=CARTESIAN_POINT('',(3.4974652240782,10.0330773964964,88.0835187183462));
#11747=CARTESIAN_POINT('',(7.05145317029885,3.83164661936467,88.3457776021461));
#11748=CARTESIAN_POINT('',(7.04931456425546,10.0343518103784,88.0864481788133));
#11749=CARTESIAN_POINT('',(10.4795960001012,3.81489360230562,87.702413929247));
#11750=CARTESIAN_POINT('',(10.4774573940578,10.0175987933194,87.4430845059142));
#11751=CARTESIAN_POINT('',(2.57303590506659,6.51300173140494,87.9347874234482));
#11752=CARTESIAN_POINT('',(2.55976639614892,6.17334537674521,87.9476361239984));
#11753=CARTESIAN_POINT('',(2.54649688261443,5.83368864950422,87.9604749579662));
#11754=CARTESIAN_POINT('',(2.53322736446207,5.49403154961643,87.9733039236154));
#11755=CARTESIAN_POINT('',(8.32162327126123,6.5116956248154,87.9094337338083));
#11756=CARTESIAN_POINT('',(8.33358267501421,6.17279189867007,87.9223113942785));
#11757=CARTESIAN_POINT('',(8.34554207299905,5.83388788438709,87.9351814696996));
#11758=CARTESIAN_POINT('',(8.3575014652154,5.49498358194829,87.9480439595928));
#11759=CARTESIAN_POINT('',(8.30816214022256,7.23136242228898,93.5708730714329));
#11760=CARTESIAN_POINT('',(8.32301818167262,6.54633334715839,89.1556278624856));
#11761=CARTESIAN_POINT('',(8.33456492915034,6.19918889787055,88.8335120484054));
#11762=CARTESIAN_POINT('',(8.34610972320036,5.85209657918065,88.5113400020608));
#11763=CARTESIAN_POINT('',(8.35765234635226,5.50506219466337,88.1891054632484));
#11764=CARTESIAN_POINT('',(2.37153176053585,1.50164740462756,93.8141442005112));
#11765=CARTESIAN_POINT('',(2.53337619369927,5.50397309879618,88.2110871247052));
#11766=CARTESIAN_POINT('',(2.54659690285726,5.85101103996072,88.5331647410005));
#11767=CARTESIAN_POINT('',(2.55981987326715,6.1981053499807,88.85518150649));
#11768=CARTESIAN_POINT('',(2.57304487857851,6.54525038635573,89.1771435123154));
#11769=CARTESIAN_POINT('',(37.8205122466881,-0.494750375224478,7.21582431562988));
#11770=CARTESIAN_POINT('',(37.8211711773462,-0.494849798166555,7.20808859627519));
#11771=CARTESIAN_POINT('',(37.8224278979177,-0.494946580359271,7.20042721813021));
#11772=CARTESIAN_POINT('',(37.8204975659196,-0.489487862010656,7.21575543201319));
#11773=CARTESIAN_POINT('',(37.8211564964648,-0.489587284952785,7.20801971258142));
#11774=CARTESIAN_POINT('',(37.8224132169347,-0.489684067146023,7.20035833435167));
#11775=CARTESIAN_POINT('',(37.8204828851547,-0.484225348796799,7.21568654839647));
#11776=CARTESIAN_POINT('',(37.8211418155868,-0.484324771740546,7.20795082888763));
#11777=CARTESIAN_POINT('',(37.8223985359552,-0.484421553935737,7.20028945057313));
#11778=CARTESIAN_POINT('',(37.8204682043932,-0.47896283558297,7.21561766477993));
#11779=CARTESIAN_POINT('',(37.8211271347123,-0.479062258529903,7.20788194519404));
#11780=CARTESIAN_POINT('',(37.8223838549792,-0.479159040728476,7.2002205667948));
#11781=CARTESIAN_POINT('',(-35.172971467265,5.01880618862104,21.3121633628311));
#11782=CARTESIAN_POINT('',(-35.1731335486897,5.51878327563925,21.3073794119117));
#11783=CARTESIAN_POINT('',(-33.6486962357188,5.51926814062894,21.3064049900412));
#11784=CARTESIAN_POINT('',(-33.6486962357188,5.51926814062894,21.3064049900412));
#11785=CARTESIAN_POINT('',(-33.7162964122194,5.51678105762896,21.0487669412111));
#11786=CARTESIAN_POINT('',(-33.7833581369711,5.28891202067696,20.8129515212102));
#11787=CARTESIAN_POINT('',(-33.7899230700819,5.02237275521958,20.8112889902925));
#11788=CARTESIAN_POINT('',(-33.7899230700819,5.02237275521956,20.8112889902926));
#11789=CARTESIAN_POINT('',(-35.1732920558978,5.02193275864945,20.8121732411459));
#11790=CARTESIAN_POINT('',(-35.1734466200378,5.51407432040804,20.8152508311652));
#11791=CARTESIAN_POINT('',(-35.1715381350953,5.54278014164731,23.8152698103238));
#11792=CARTESIAN_POINT('',(-32.9907741055632,5.54347375897071,23.813875863753));
#11793=CARTESIAN_POINT('',(-33.6486962357188,5.51926814062894,21.3064049900412));
#11794=CARTESIAN_POINT('',(-33.4293892224605,5.5273366808708,22.1422287099705));
#11795=CARTESIAN_POINT('',(-33.210081826659,5.53540522027633,22.9780523295344));
#11796=CARTESIAN_POINT('',(-32.9907741055632,5.54347375897071,23.813875863753));
#11797=CARTESIAN_POINT('',(-35.1713760536706,5.0428030546291,23.8200537612433));
#11798=CARTESIAN_POINT('',(-35.1710596206249,5.05256976916315,24.3199582632807));
#11799=CARTESIAN_POINT('',(-32.8697550968586,5.05330172579049,24.3184872671042));
#11800=CARTESIAN_POINT('',(-32.8697550968586,5.05330172579049,24.3184872671042));
#11801=CARTESIAN_POINT('',(-32.8649940787938,5.31972306872905,24.3132791368812));
#11802=CARTESIAN_POINT('',(-32.9231959754354,5.54596002235945,24.0714290008564));
#11803=CARTESIAN_POINT('',(-32.9907741055631,5.54347375897071,23.813875863753));
#11804=CARTESIAN_POINT('',(-35.1676149038421,-0.864263152011478,26.7648845677693));
#11805=CARTESIAN_POINT('',(-32.2235014485211,7.64970017452626,26.5558256444257));
#11806=CARTESIAN_POINT('',(-32.2576526773459,5.59392248890906,26.6058775861082));
#11807=CARTESIAN_POINT('',(-32.2918038991691,3.5381448031755,26.6559295277892));
#11808=CARTESIAN_POINT('',(-32.3259551137437,1.48236711732149,26.7059814694685));
#11809=CARTESIAN_POINT('',(-35.1757039388749,7.99333846452762,18.5174445662101));
#11810=CARTESIAN_POINT('',(-34.3495051427093,6.86818473154223,18.5148947006238));
#11811=CARTESIAN_POINT('',(-34.3973502640411,4.82892303814039,18.5112618717262));
#11812=CARTESIAN_POINT('',(-34.4451953621025,2.7896613441926,18.5076290428127));
#11813=CARTESIAN_POINT('',(-34.4930404362273,0.750399649683247,18.5039962138828));
#11814=CARTESIAN_POINT('',(-35.1712678877791,-1.42314084804955,20.7718691990841));
#11815=CARTESIAN_POINT('',(-28.1508495435955,-1.88233920948895,20.7644962891149));
#11816=CARTESIAN_POINT('',(-33.8150123350239,4.00373712828483,20.804935280189));
#11817=CARTESIAN_POINT('',(-33.8066492473443,4.3432823372787,20.8070531835574));
#11818=CARTESIAN_POINT('',(-33.7982861590291,4.68282754625691,20.8091710869252));
#11819=CARTESIAN_POINT('',(-33.7899230700819,5.02237275521956,20.8112889902926));
#11820=CARTESIAN_POINT('',(-35.1712232251772,5.54751675109854,24.3102885081726));
#11821=CARTESIAN_POINT('',(-27.0542167718945,-1.9689630303176,24.4520012212263));
#11822=CARTESIAN_POINT('',(-32.8697550968586,5.05330172579049,24.3184872671042));
#11823=CARTESIAN_POINT('',(-32.8758036874572,4.71482923772173,24.3251038871368));
#11824=CARTESIAN_POINT('',(-32.8818522777891,4.3763567496482,24.3317205071692));
#11825=CARTESIAN_POINT('',(-32.8879008678529,4.03788426156988,24.3383371272016));
#11826=CARTESIAN_POINT('',(-36.8774183430858,7.41276274664273,8.82444339432683));
#11827=CARTESIAN_POINT('',(-34.603862797071,8.1807122221122,17.4296215417959));
#11828=CARTESIAN_POINT('',(-32.3302359583183,8.94866005822326,26.0347809992454));
#11829=CARTESIAN_POINT('',(-30.0566016137663,9.71660772172378,34.6399384887969));
#11830=CARTESIAN_POINT('',(-36.8725240191851,-5.63729528994629,9.98777290770135));
#11831=CARTESIAN_POINT('',(-34.5989684731704,-4.86934581447681,18.5929510551709));
#11832=CARTESIAN_POINT('',(-32.3253416344175,-4.1013979783658,27.1981105126192));
#11833=CARTESIAN_POINT('',(-30.0517072898657,-3.33345031486521,35.8032680021714));
#11834=CARTESIAN_POINT('',(-21.5379334527448,4.99397251191316,68.487974893769));
#11835=CARTESIAN_POINT('',(-21.5633374105472,4.46565075485881,68.4130107968282));
#11836=CARTESIAN_POINT('',(5.3403989071739,4.3376210733749,60.290842729315));
#11837=CARTESIAN_POINT('',(40.7998130083372,3.09977677452382,-24.7143701959228));
#11838=CARTESIAN_POINT('',(40.7976630306927,3.0192966142807,-24.6855305180473));
#11839=CARTESIAN_POINT('',(-0.183299147848278,-5.09314799658073,0.109415081869968));
#11840=CARTESIAN_POINT('',(5.50881793438429,2.88871683489955,60.6438017085509));
#11841=MECHANICAL_DESIGN_GEOMETRIC_PRESENTATION_REPRESENTATION('',(#6398,
#6399),#11842);
#11842=(
GEOMETRIC_REPRESENTATION_CONTEXT(3)
GLOBAL_UNCERTAINTY_ASSIGNED_CONTEXT((#11843))
GLOBAL_UNIT_ASSIGNED_CONTEXT((#11846,#11845,#11844))
REPRESENTATION_CONTEXT('M04-02-02','TOP_LEVEL_ASSEMBLY_PART')
);
#11843=UNCERTAINTY_MEASURE_WITH_UNIT(LENGTH_MEASURE(0.005),#11846,
'DISTANCE_ACCURACY_VALUE','Maximum Tolerance applied to model');
#11844=(
NAMED_UNIT(*)
SI_UNIT($,.STERADIAN.)
SOLID_ANGLE_UNIT()
);
#11845=(
NAMED_UNIT(*)
PLANE_ANGLE_UNIT()
SI_UNIT($,.RADIAN.)
);
#11846=(
LENGTH_UNIT()
NAMED_UNIT(*)
SI_UNIT(.MILLI.,.METRE.)
);
#11847=PRODUCT_DEFINITION_SHAPE('','',#11848);
#11848=PRODUCT_DEFINITION('','',#11850,#11849);
#11849=PRODUCT_DEFINITION_CONTEXT('',#11856,'design');
#11850=PRODUCT_DEFINITION_FORMATION_WITH_SPECIFIED_SOURCE('','',#11852,
 .NOT_KNOWN.);
#11851=PRODUCT_RELATED_PRODUCT_CATEGORY('','',(#11852));
#11852=PRODUCT('M04-02-02','M04-02-02','M04-02-02',(#11854));
#11853=PRODUCT_CATEGORY('','');
#11854=PRODUCT_CONTEXT('',#11856,'mechanical');
#11855=APPLICATION_PROTOCOL_DEFINITION('international standard',
'ap242_managed_model_based_3d_engineering',2020,#11856);
#11856=APPLICATION_CONTEXT('managed model based 3d engineering');
ENDSEC;
END-ISO-10303-21;
