ISO-10303-21;
HEADER;
/* Generated by software containing ST-Developer
 * from STEP Tools, Inc. (www.steptools.com) 
 */
/* OPTION: using custom renumber hook */

FILE_DESCRIPTION(
/* description */ (
'CAx-IF Rec.Pracs.---Representation and Presentation of Product Manufa
cturing Information (PMI)---4.0---2014-10-13',
'CAx-IF Rec.Pracs.---3D Tessellated Geometry---0.4---2014-09-14','2;1'),

/* implementation_level */ '2;1');

FILE_NAME(
/* name */ 'M06L-01',
/* time_stamp */ '2026-04-13T01:14:50+03:00',
/* author */ (''),
/* organization */ (''),
/* preprocessor_version */ 'ST-DEVELOPER v18.102',
/* originating_system */ 'SIEMENS PLM Software NX2206.9140',
/* authorisation */ $);

FILE_SCHEMA (('AP242_MANAGED_MODEL_BASED_3D_ENGINEERING_MIM_LF { 1 0 10303 442 3 1 4 }'));
ENDSEC;

DATA;
#10=LINE('',#2193,#151);
#11=LINE('',#2197,#152);
#12=LINE('',#2201,#153);
#13=LINE('',#2205,#154);
#14=LINE('',#2211,#155);
#15=LINE('',#2215,#156);
#16=LINE('',#2221,#157);
#17=LINE('',#2225,#158);
#18=LINE('',#2229,#159);
#19=LINE('',#2233,#160);
#20=LINE('',#2239,#161);
#21=LINE('',#2243,#162);
#22=LINE('',#2247,#163);
#23=LINE('',#2250,#164);
#24=LINE('',#2252,#165);
#25=LINE('',#2254,#166);
#26=LINE('',#2256,#167);
#27=LINE('',#2258,#168);
#28=LINE('',#2260,#169);
#29=LINE('',#2262,#170);
#30=LINE('',#2263,#171);
#31=LINE('',#2265,#172);
#32=LINE('',#2268,#173);
#33=LINE('',#2270,#174);
#34=LINE('',#2280,#175);
#35=LINE('',#2284,#176);
#36=LINE('',#2286,#177);
#37=LINE('',#2288,#178);
#38=LINE('',#2296,#179);
#39=LINE('',#2299,#180);
#40=LINE('',#2303,#181);
#41=LINE('',#2307,#182);
#42=LINE('',#2316,#183);
#43=LINE('',#2318,#184);
#44=LINE('',#2323,#185);
#45=LINE('',#2327,#186);
#46=LINE('',#2331,#187);
#47=LINE('',#2335,#188);
#48=LINE('',#2341,#189);
#49=LINE('',#2343,#190);
#50=LINE('',#2357,#191);
#51=LINE('',#2360,#192);
#52=LINE('',#2362,#193);
#53=LINE('',#2364,#194);
#54=LINE('',#2366,#195);
#55=LINE('',#2368,#196);
#56=LINE('',#2370,#197);
#57=LINE('',#2372,#198);
#58=LINE('',#2374,#199);
#59=LINE('',#2376,#200);
#60=LINE('',#2378,#201);
#61=LINE('',#2380,#202);
#62=LINE('',#2382,#203);
#63=LINE('',#2384,#204);
#64=LINE('',#2386,#205);
#65=LINE('',#2388,#206);
#66=LINE('',#2390,#207);
#67=LINE('',#2392,#208);
#68=LINE('',#2394,#209);
#69=LINE('',#2396,#210);
#70=LINE('',#2407,#211);
#71=LINE('',#2408,#212);
#72=LINE('',#2415,#213);
#73=LINE('',#2416,#214);
#74=LINE('',#2418,#215);
#75=LINE('',#2421,#216);
#76=LINE('',#2422,#217);
#77=LINE('',#2426,#218);
#78=LINE('',#2428,#219);
#79=LINE('',#2430,#220);
#80=LINE('',#2431,#221);
#81=LINE('',#2432,#222);
#82=LINE('',#2433,#223);
#83=LINE('',#2435,#224);
#84=LINE('',#2446,#225);
#85=LINE('',#2448,#226);
#86=LINE('',#2450,#227);
#87=LINE('',#2452,#228);
#88=LINE('',#2454,#229);
#89=LINE('',#2456,#230);
#90=LINE('',#2458,#231);
#91=LINE('',#2460,#232);
#92=LINE('',#2471,#233);
#93=LINE('',#2473,#234);
#94=LINE('',#2475,#235);
#95=LINE('',#2477,#236);
#96=LINE('',#2479,#237);
#97=LINE('',#2481,#238);
#98=LINE('',#2483,#239);
#99=LINE('',#2485,#240);
#100=LINE('',#2487,#241);
#101=LINE('',#2489,#242);
#102=LINE('',#2491,#243);
#103=LINE('',#2493,#244);
#104=LINE('',#2495,#245);
#105=LINE('',#2497,#246);
#106=LINE('',#2499,#247);
#107=LINE('',#2501,#248);
#108=LINE('',#2503,#249);
#109=LINE('',#2505,#250);
#110=LINE('',#2507,#251);
#111=LINE('',#2509,#252);
#112=LINE('',#2511,#253);
#113=LINE('',#2513,#254);
#114=LINE('',#2515,#255);
#115=LINE('',#2517,#256);
#116=LINE('',#2519,#257);
#117=LINE('',#2521,#258);
#118=LINE('',#2523,#259);
#119=LINE('',#2525,#260);
#120=LINE('',#2527,#261);
#121=LINE('',#2529,#262);
#122=LINE('',#2531,#263);
#123=LINE('',#2533,#264);
#124=LINE('',#2535,#265);
#125=LINE('',#2537,#266);
#126=LINE('',#2539,#267);
#127=LINE('',#2541,#268);
#128=LINE('',#2543,#269);
#129=LINE('',#2545,#270);
#130=LINE('',#2547,#271);
#131=LINE('',#2549,#272);
#132=LINE('',#2564,#273);
#133=LINE('',#2566,#274);
#134=LINE('',#2568,#275);
#135=LINE('',#2569,#276);
#136=LINE('',#2573,#277);
#137=LINE('',#2575,#278);
#138=LINE('',#2577,#279);
#139=LINE('',#2583,#280);
#140=LINE('',#2587,#281);
#141=LINE('',#2589,#282);
#142=LINE('',#2591,#283);
#143=LINE('',#2595,#284);
#144=LINE('',#2597,#285);
#145=LINE('',#2600,#286);
#146=LINE('',#2604,#287);
#147=LINE('',#2606,#288);
#148=LINE('',#2610,#289);
#149=LINE('',#2612,#290);
#150=LINE('',#2614,#291);
#151=VECTOR('',#1743,1000.);
#152=VECTOR('',#1746,1000.);
#153=VECTOR('',#1749,1000.);
#154=VECTOR('',#1752,1000.);
#155=VECTOR('',#1757,1000.);
#156=VECTOR('',#1760,1000.);
#157=VECTOR('',#1765,1000.);
#158=VECTOR('',#1768,1000.);
#159=VECTOR('',#1771,1000.);
#160=VECTOR('',#1774,1000.);
#161=VECTOR('',#1779,1000.);
#162=VECTOR('',#1782,1000.);
#163=VECTOR('',#1787,1000.);
#164=VECTOR('',#1788,1000.);
#165=VECTOR('',#1789,1000.);
#166=VECTOR('',#1790,1000.);
#167=VECTOR('',#1791,1000.);
#168=VECTOR('',#1792,1000.);
#169=VECTOR('',#1793,1000.);
#170=VECTOR('',#1794,1000.);
#171=VECTOR('',#1795,1000.);
#172=VECTOR('',#1798,1000.);
#173=VECTOR('',#1799,1000.);
#174=VECTOR('',#1800,1000.);
#175=VECTOR('',#1811,1000.);
#176=VECTOR('',#1814,1000.);
#177=VECTOR('',#1817,1000.);
#178=VECTOR('',#1818,1000.);
#179=VECTOR('',#1827,1000.);
#180=VECTOR('',#1828,1000.);
#181=VECTOR('',#1831,1000.);
#182=VECTOR('',#1834,1000.);
#183=VECTOR('',#1843,1000.);
#184=VECTOR('',#1844,1000.);
#185=VECTOR('',#1849,1000.);
#186=VECTOR('',#1852,1000.);
#187=VECTOR('',#1855,1000.);
#188=VECTOR('',#1858,1000.);
#189=VECTOR('',#1863,1000.);
#190=VECTOR('',#1864,1000.);
#191=VECTOR('',#1879,1000.);
#192=VECTOR('',#1880,1000.);
#193=VECTOR('',#1881,1000.);
#194=VECTOR('',#1882,1000.);
#195=VECTOR('',#1883,1000.);
#196=VECTOR('',#1884,1000.);
#197=VECTOR('',#1885,1000.);
#198=VECTOR('',#1886,1000.);
#199=VECTOR('',#1887,1000.);
#200=VECTOR('',#1888,1000.);
#201=VECTOR('',#1889,1000.);
#202=VECTOR('',#1890,1000.);
#203=VECTOR('',#1891,1000.);
#204=VECTOR('',#1892,1000.);
#205=VECTOR('',#1893,1000.);
#206=VECTOR('',#1894,1000.);
#207=VECTOR('',#1895,1000.);
#208=VECTOR('',#1896,1000.);
#209=VECTOR('',#1897,1000.);
#210=VECTOR('',#1898,1000.);
#211=VECTOR('',#1911,1000.);
#212=VECTOR('',#1912,1000.);
#213=VECTOR('',#1921,1000.);
#214=VECTOR('',#1922,1000.);
#215=VECTOR('',#1925,1000.);
#216=VECTOR('',#1930,1000.);
#217=VECTOR('',#1931,1000.);
#218=VECTOR('',#1934,1000.);
#219=VECTOR('',#1937,1000.);
#220=VECTOR('',#1938,1000.);
#221=VECTOR('',#1939,1000.);
#222=VECTOR('',#1940,1000.);
#223=VECTOR('',#1941,1000.);
#224=VECTOR('',#1944,1000.);
#225=VECTOR('',#1961,1000.);
#226=VECTOR('',#1964,1000.);
#227=VECTOR('',#1967,1000.);
#228=VECTOR('',#1970,1000.);
#229=VECTOR('',#1973,1000.);
#230=VECTOR('',#1976,1000.);
#231=VECTOR('',#1979,1000.);
#232=VECTOR('',#1982,1000.);
#233=VECTOR('',#1999,1000.);
#234=VECTOR('',#2000,1000.);
#235=VECTOR('',#2001,1000.);
#236=VECTOR('',#2004,1000.);
#237=VECTOR('',#2005,1000.);
#238=VECTOR('',#2008,1000.);
#239=VECTOR('',#2009,1000.);
#240=VECTOR('',#2012,1000.);
#241=VECTOR('',#2013,1000.);
#242=VECTOR('',#2016,1000.);
#243=VECTOR('',#2017,1000.);
#244=VECTOR('',#2020,1000.);
#245=VECTOR('',#2021,1000.);
#246=VECTOR('',#2024,1000.);
#247=VECTOR('',#2025,1000.);
#248=VECTOR('',#2028,1000.);
#249=VECTOR('',#2029,1000.);
#250=VECTOR('',#2032,1000.);
#251=VECTOR('',#2033,1000.);
#252=VECTOR('',#2036,1000.);
#253=VECTOR('',#2037,1000.);
#254=VECTOR('',#2040,1000.);
#255=VECTOR('',#2041,1000.);
#256=VECTOR('',#2044,1000.);
#257=VECTOR('',#2045,1000.);
#258=VECTOR('',#2048,1000.);
#259=VECTOR('',#2049,1000.);
#260=VECTOR('',#2052,1000.);
#261=VECTOR('',#2053,1000.);
#262=VECTOR('',#2056,1000.);
#263=VECTOR('',#2057,1000.);
#264=VECTOR('',#2060,1000.);
#265=VECTOR('',#2061,1000.);
#266=VECTOR('',#2064,1000.);
#267=VECTOR('',#2065,1000.);
#268=VECTOR('',#2068,1000.);
#269=VECTOR('',#2069,1000.);
#270=VECTOR('',#2072,1000.);
#271=VECTOR('',#2073,1000.);
#272=VECTOR('',#2076,1000.);
#273=VECTOR('',#2099,1000.);
#274=VECTOR('',#2102,1000.);
#275=VECTOR('',#2105,1000.);
#276=VECTOR('',#2106,1000.);
#277=VECTOR('',#2113,1000.);
#278=VECTOR('',#2116,1000.);
#279=VECTOR('',#2119,1000.);
#280=VECTOR('',#2128,1000.);
#281=VECTOR('',#2133,1000.);
#282=VECTOR('',#2136,1000.);
#283=VECTOR('',#2137,1000.);
#284=VECTOR('',#2142,1000.);
#285=VECTOR('',#2145,1000.);
#286=VECTOR('',#2150,1000.);
#287=VECTOR('',#2155,1000.);
#288=VECTOR('',#2156,1000.);
#289=VECTOR('',#2161,1000.);
#290=VECTOR('',#2164,1000.);
#291=VECTOR('',#2165,1000.);
#292=SHAPE_REPRESENTATION_RELATIONSHIP('','',#1559,#293);
#293=ADVANCED_BREP_SHAPE_REPRESENTATION('',(#1556,#1557),#2619);
#294=PLANE('',#1564);
#295=PLANE('',#1566);
#296=PLANE('',#1569);
#297=PLANE('',#1588);
#298=PLANE('',#1589);
#299=PLANE('',#1596);
#300=PLANE('',#1600);
#301=PLANE('',#1631);
#302=PLANE('',#1635);
#303=PLANE('',#1637);
#304=PLANE('',#1640);
#305=PLANE('',#1641);
#306=PLANE('',#1645);
#307=PLANE('',#1647);
#308=PLANE('',#1649);
#309=PLANE('',#1651);
#310=PLANE('',#1655);
#311=PLANE('',#1658);
#312=PLANE('',#1659);
#313=PLANE('',#1660);
#314=PLANE('',#1661);
#315=PLANE('',#1662);
#316=PLANE('',#1663);
#317=PLANE('',#1664);
#318=PLANE('',#1665);
#319=PLANE('',#1666);
#320=PLANE('',#1667);
#321=PLANE('',#1668);
#322=PLANE('',#1669);
#323=PLANE('',#1670);
#324=PLANE('',#1671);
#325=PLANE('',#1672);
#326=PLANE('',#1673);
#327=PLANE('',#1674);
#328=PLANE('',#1675);
#329=PLANE('',#1676);
#330=PLANE('',#1677);
#331=PLANE('',#1678);
#332=PLANE('',#1679);
#333=PLANE('',#1682);
#334=PLANE('',#1685);
#335=PLANE('',#1688);
#336=PLANE('',#1689);
#337=PLANE('',#1690);
#338=PLANE('',#1694);
#339=PLANE('',#1695);
#340=PLANE('',#1703);
#341=PLANE('',#1706);
#342=PLANE('',#1707);
#343=PLANE('',#1710);
#344=PLANE('',#1713);
#345=PLANE('',#1716);
#346=ORIENTED_EDGE('',*,*,#768,.T.);
#347=ORIENTED_EDGE('',*,*,#769,.F.);
#348=ORIENTED_EDGE('',*,*,#770,.F.);
#349=ORIENTED_EDGE('',*,*,#769,.T.);
#350=ORIENTED_EDGE('',*,*,#771,.F.);
#351=ORIENTED_EDGE('',*,*,#768,.F.);
#352=ORIENTED_EDGE('',*,*,#770,.T.);
#353=ORIENTED_EDGE('',*,*,#771,.T.);
#354=ORIENTED_EDGE('',*,*,#772,.F.);
#355=ORIENTED_EDGE('',*,*,#773,.F.);
#356=ORIENTED_EDGE('',*,*,#774,.F.);
#357=ORIENTED_EDGE('',*,*,#775,.T.);
#358=ORIENTED_EDGE('',*,*,#776,.T.);
#359=ORIENTED_EDGE('',*,*,#777,.T.);
#360=ORIENTED_EDGE('',*,*,#778,.T.);
#361=ORIENTED_EDGE('',*,*,#779,.T.);
#362=ORIENTED_EDGE('',*,*,#780,.T.);
#363=ORIENTED_EDGE('',*,*,#781,.T.);
#364=ORIENTED_EDGE('',*,*,#782,.F.);
#365=ORIENTED_EDGE('',*,*,#783,.F.);
#366=ORIENTED_EDGE('',*,*,#784,.F.);
#367=ORIENTED_EDGE('',*,*,#785,.F.);
#368=ORIENTED_EDGE('',*,*,#786,.F.);
#369=ORIENTED_EDGE('',*,*,#787,.T.);
#370=ORIENTED_EDGE('',*,*,#788,.T.);
#371=ORIENTED_EDGE('',*,*,#789,.T.);
#372=ORIENTED_EDGE('',*,*,#790,.T.);
#373=ORIENTED_EDGE('',*,*,#791,.T.);
#374=ORIENTED_EDGE('',*,*,#792,.T.);
#375=ORIENTED_EDGE('',*,*,#793,.T.);
#376=ORIENTED_EDGE('',*,*,#794,.T.);
#377=ORIENTED_EDGE('',*,*,#795,.T.);
#378=ORIENTED_EDGE('',*,*,#796,.T.);
#379=ORIENTED_EDGE('',*,*,#797,.T.);
#380=ORIENTED_EDGE('',*,*,#798,.F.);
#381=ORIENTED_EDGE('',*,*,#799,.F.);
#382=ORIENTED_EDGE('',*,*,#800,.F.);
#383=ORIENTED_EDGE('',*,*,#801,.F.);
#384=ORIENTED_EDGE('',*,*,#802,.F.);
#385=ORIENTED_EDGE('',*,*,#803,.T.);
#386=ORIENTED_EDGE('',*,*,#804,.T.);
#387=ORIENTED_EDGE('',*,*,#805,.F.);
#388=ORIENTED_EDGE('',*,*,#806,.F.);
#389=ORIENTED_EDGE('',*,*,#807,.F.);
#390=ORIENTED_EDGE('',*,*,#808,.T.);
#391=ORIENTED_EDGE('',*,*,#809,.F.);
#392=ORIENTED_EDGE('',*,*,#775,.F.);
#393=ORIENTED_EDGE('',*,*,#810,.T.);
#394=ORIENTED_EDGE('',*,*,#811,.T.);
#395=ORIENTED_EDGE('',*,*,#812,.T.);
#396=ORIENTED_EDGE('',*,*,#813,.F.);
#397=ORIENTED_EDGE('',*,*,#814,.T.);
#398=ORIENTED_EDGE('',*,*,#815,.F.);
#399=ORIENTED_EDGE('',*,*,#816,.T.);
#400=ORIENTED_EDGE('',*,*,#817,.T.);
#401=ORIENTED_EDGE('',*,*,#816,.F.);
#402=ORIENTED_EDGE('',*,*,#818,.F.);
#403=ORIENTED_EDGE('',*,*,#819,.T.);
#404=ORIENTED_EDGE('',*,*,#820,.T.);
#405=ORIENTED_EDGE('',*,*,#806,.T.);
#406=ORIENTED_EDGE('',*,*,#821,.F.);
#407=ORIENTED_EDGE('',*,*,#822,.T.);
#408=ORIENTED_EDGE('',*,*,#823,.T.);
#409=ORIENTED_EDGE('',*,*,#824,.F.);
#410=ORIENTED_EDGE('',*,*,#825,.T.);
#411=ORIENTED_EDGE('',*,*,#826,.F.);
#412=ORIENTED_EDGE('',*,*,#827,.F.);
#413=ORIENTED_EDGE('',*,*,#828,.F.);
#414=ORIENTED_EDGE('',*,*,#829,.F.);
#415=ORIENTED_EDGE('',*,*,#830,.F.);
#416=ORIENTED_EDGE('',*,*,#831,.F.);
#417=ORIENTED_EDGE('',*,*,#832,.F.);
#418=ORIENTED_EDGE('',*,*,#808,.F.);
#419=ORIENTED_EDGE('',*,*,#833,.T.);
#420=ORIENTED_EDGE('',*,*,#834,.T.);
#421=ORIENTED_EDGE('',*,*,#835,.T.);
#422=ORIENTED_EDGE('',*,*,#836,.F.);
#423=ORIENTED_EDGE('',*,*,#837,.F.);
#424=ORIENTED_EDGE('',*,*,#804,.F.);
#425=ORIENTED_EDGE('',*,*,#838,.F.);
#426=ORIENTED_EDGE('',*,*,#839,.F.);
#427=ORIENTED_EDGE('',*,*,#840,.F.);
#428=ORIENTED_EDGE('',*,*,#841,.F.);
#429=ORIENTED_EDGE('',*,*,#842,.F.);
#430=ORIENTED_EDGE('',*,*,#843,.F.);
#431=ORIENTED_EDGE('',*,*,#844,.F.);
#432=ORIENTED_EDGE('',*,*,#845,.F.);
#433=ORIENTED_EDGE('',*,*,#846,.F.);
#434=ORIENTED_EDGE('',*,*,#847,.F.);
#435=ORIENTED_EDGE('',*,*,#848,.F.);
#436=ORIENTED_EDGE('',*,*,#849,.F.);
#437=ORIENTED_EDGE('',*,*,#850,.T.);
#438=ORIENTED_EDGE('',*,*,#851,.T.);
#439=ORIENTED_EDGE('',*,*,#819,.F.);
#440=ORIENTED_EDGE('',*,*,#852,.T.);
#441=ORIENTED_EDGE('',*,*,#853,.T.);
#442=ORIENTED_EDGE('',*,*,#854,.F.);
#443=ORIENTED_EDGE('',*,*,#855,.F.);
#444=ORIENTED_EDGE('',*,*,#856,.T.);
#445=ORIENTED_EDGE('',*,*,#857,.T.);
#446=ORIENTED_EDGE('',*,*,#858,.F.);
#447=ORIENTED_EDGE('',*,*,#859,.F.);
#448=ORIENTED_EDGE('',*,*,#860,.F.);
#449=ORIENTED_EDGE('',*,*,#861,.F.);
#450=ORIENTED_EDGE('',*,*,#862,.F.);
#451=ORIENTED_EDGE('',*,*,#863,.F.);
#452=ORIENTED_EDGE('',*,*,#864,.F.);
#453=ORIENTED_EDGE('',*,*,#865,.F.);
#454=ORIENTED_EDGE('',*,*,#866,.F.);
#455=ORIENTED_EDGE('',*,*,#867,.F.);
#456=ORIENTED_EDGE('',*,*,#868,.F.);
#457=ORIENTED_EDGE('',*,*,#869,.F.);
#458=ORIENTED_EDGE('',*,*,#870,.F.);
#459=ORIENTED_EDGE('',*,*,#871,.F.);
#460=ORIENTED_EDGE('',*,*,#872,.F.);
#461=ORIENTED_EDGE('',*,*,#873,.F.);
#462=ORIENTED_EDGE('',*,*,#874,.F.);
#463=ORIENTED_EDGE('',*,*,#875,.F.);
#464=ORIENTED_EDGE('',*,*,#876,.F.);
#465=ORIENTED_EDGE('',*,*,#877,.F.);
#466=ORIENTED_EDGE('',*,*,#878,.F.);
#467=ORIENTED_EDGE('',*,*,#879,.F.);
#468=ORIENTED_EDGE('',*,*,#880,.F.);
#469=ORIENTED_EDGE('',*,*,#838,.T.);
#470=ORIENTED_EDGE('',*,*,#803,.F.);
#471=ORIENTED_EDGE('',*,*,#881,.F.);
#472=ORIENTED_EDGE('',*,*,#882,.F.);
#473=ORIENTED_EDGE('',*,*,#797,.F.);
#474=ORIENTED_EDGE('',*,*,#883,.T.);
#475=ORIENTED_EDGE('',*,*,#884,.T.);
#476=ORIENTED_EDGE('',*,*,#885,.F.);
#477=ORIENTED_EDGE('',*,*,#778,.F.);
#478=ORIENTED_EDGE('',*,*,#886,.T.);
#479=ORIENTED_EDGE('',*,*,#830,.T.);
#480=ORIENTED_EDGE('',*,*,#887,.F.);
#481=ORIENTED_EDGE('',*,*,#777,.F.);
#482=ORIENTED_EDGE('',*,*,#888,.T.);
#483=ORIENTED_EDGE('',*,*,#831,.T.);
#484=ORIENTED_EDGE('',*,*,#886,.F.);
#485=ORIENTED_EDGE('',*,*,#776,.F.);
#486=ORIENTED_EDGE('',*,*,#809,.T.);
#487=ORIENTED_EDGE('',*,*,#832,.T.);
#488=ORIENTED_EDGE('',*,*,#888,.F.);
#489=ORIENTED_EDGE('',*,*,#889,.F.);
#490=ORIENTED_EDGE('',*,*,#787,.F.);
#491=ORIENTED_EDGE('',*,*,#890,.T.);
#492=ORIENTED_EDGE('',*,*,#891,.F.);
#493=ORIENTED_EDGE('',*,*,#892,.T.);
#494=ORIENTED_EDGE('',*,*,#848,.T.);
#495=ORIENTED_EDGE('',*,*,#893,.F.);
#496=ORIENTED_EDGE('',*,*,#894,.F.);
#497=ORIENTED_EDGE('',*,*,#781,.F.);
#498=ORIENTED_EDGE('',*,*,#895,.T.);
#499=ORIENTED_EDGE('',*,*,#827,.T.);
#500=ORIENTED_EDGE('',*,*,#896,.F.);
#501=ORIENTED_EDGE('',*,*,#812,.F.);
#502=ORIENTED_EDGE('',*,*,#897,.F.);
#503=ORIENTED_EDGE('',*,*,#849,.T.);
#504=ORIENTED_EDGE('',*,*,#892,.F.);
#505=ORIENTED_EDGE('',*,*,#780,.F.);
#506=ORIENTED_EDGE('',*,*,#898,.T.);
#507=ORIENTED_EDGE('',*,*,#828,.T.);
#508=ORIENTED_EDGE('',*,*,#895,.F.);
#509=ORIENTED_EDGE('',*,*,#779,.F.);
#510=ORIENTED_EDGE('',*,*,#887,.T.);
#511=ORIENTED_EDGE('',*,*,#829,.T.);
#512=ORIENTED_EDGE('',*,*,#898,.F.);
#513=ORIENTED_EDGE('',*,*,#899,.T.);
#514=ORIENTED_EDGE('',*,*,#773,.T.);
#515=ORIENTED_EDGE('',*,*,#899,.F.);
#516=ORIENTED_EDGE('',*,*,#885,.T.);
#517=ORIENTED_EDGE('',*,*,#900,.T.);
#518=ORIENTED_EDGE('',*,*,#884,.F.);
#519=ORIENTED_EDGE('',*,*,#856,.F.);
#520=ORIENTED_EDGE('',*,*,#900,.F.);
#521=ORIENTED_EDGE('',*,*,#796,.F.);
#522=ORIENTED_EDGE('',*,*,#901,.T.);
#523=ORIENTED_EDGE('',*,*,#839,.T.);
#524=ORIENTED_EDGE('',*,*,#883,.F.);
#525=ORIENTED_EDGE('',*,*,#795,.F.);
#526=ORIENTED_EDGE('',*,*,#902,.T.);
#527=ORIENTED_EDGE('',*,*,#840,.T.);
#528=ORIENTED_EDGE('',*,*,#901,.F.);
#529=ORIENTED_EDGE('',*,*,#794,.F.);
#530=ORIENTED_EDGE('',*,*,#903,.T.);
#531=ORIENTED_EDGE('',*,*,#841,.T.);
#532=ORIENTED_EDGE('',*,*,#902,.F.);
#533=ORIENTED_EDGE('',*,*,#793,.F.);
#534=ORIENTED_EDGE('',*,*,#904,.T.);
#535=ORIENTED_EDGE('',*,*,#842,.T.);
#536=ORIENTED_EDGE('',*,*,#903,.F.);
#537=ORIENTED_EDGE('',*,*,#792,.F.);
#538=ORIENTED_EDGE('',*,*,#905,.T.);
#539=ORIENTED_EDGE('',*,*,#843,.T.);
#540=ORIENTED_EDGE('',*,*,#904,.F.);
#541=ORIENTED_EDGE('',*,*,#791,.F.);
#542=ORIENTED_EDGE('',*,*,#906,.T.);
#543=ORIENTED_EDGE('',*,*,#844,.T.);
#544=ORIENTED_EDGE('',*,*,#905,.F.);
#545=ORIENTED_EDGE('',*,*,#790,.F.);
#546=ORIENTED_EDGE('',*,*,#907,.T.);
#547=ORIENTED_EDGE('',*,*,#845,.T.);
#548=ORIENTED_EDGE('',*,*,#906,.F.);
#549=ORIENTED_EDGE('',*,*,#789,.F.);
#550=ORIENTED_EDGE('',*,*,#908,.T.);
#551=ORIENTED_EDGE('',*,*,#846,.T.);
#552=ORIENTED_EDGE('',*,*,#907,.F.);
#553=ORIENTED_EDGE('',*,*,#788,.F.);
#554=ORIENTED_EDGE('',*,*,#889,.T.);
#555=ORIENTED_EDGE('',*,*,#847,.T.);
#556=ORIENTED_EDGE('',*,*,#908,.F.);
#557=ORIENTED_EDGE('',*,*,#909,.T.);
#558=ORIENTED_EDGE('',*,*,#772,.T.);
#559=ORIENTED_EDGE('',*,*,#909,.F.);
#560=ORIENTED_EDGE('',*,*,#880,.T.);
#561=ORIENTED_EDGE('',*,*,#857,.F.);
#562=ORIENTED_EDGE('',*,*,#910,.F.);
#563=ORIENTED_EDGE('',*,*,#910,.T.);
#564=ORIENTED_EDGE('',*,*,#879,.T.);
#565=ORIENTED_EDGE('',*,*,#858,.T.);
#566=ORIENTED_EDGE('',*,*,#911,.T.);
#567=ORIENTED_EDGE('',*,*,#912,.F.);
#568=ORIENTED_EDGE('',*,*,#913,.F.);
#569=ORIENTED_EDGE('',*,*,#859,.T.);
#570=ORIENTED_EDGE('',*,*,#913,.T.);
#571=ORIENTED_EDGE('',*,*,#914,.F.);
#572=ORIENTED_EDGE('',*,*,#915,.F.);
#573=ORIENTED_EDGE('',*,*,#860,.T.);
#574=ORIENTED_EDGE('',*,*,#915,.T.);
#575=ORIENTED_EDGE('',*,*,#916,.F.);
#576=ORIENTED_EDGE('',*,*,#917,.F.);
#577=ORIENTED_EDGE('',*,*,#861,.T.);
#578=ORIENTED_EDGE('',*,*,#917,.T.);
#579=ORIENTED_EDGE('',*,*,#918,.F.);
#580=ORIENTED_EDGE('',*,*,#919,.F.);
#581=ORIENTED_EDGE('',*,*,#862,.T.);
#582=ORIENTED_EDGE('',*,*,#919,.T.);
#583=ORIENTED_EDGE('',*,*,#920,.F.);
#584=ORIENTED_EDGE('',*,*,#921,.F.);
#585=ORIENTED_EDGE('',*,*,#863,.T.);
#586=ORIENTED_EDGE('',*,*,#921,.T.);
#587=ORIENTED_EDGE('',*,*,#922,.F.);
#588=ORIENTED_EDGE('',*,*,#923,.F.);
#589=ORIENTED_EDGE('',*,*,#864,.T.);
#590=ORIENTED_EDGE('',*,*,#923,.T.);
#591=ORIENTED_EDGE('',*,*,#924,.F.);
#592=ORIENTED_EDGE('',*,*,#925,.F.);
#593=ORIENTED_EDGE('',*,*,#865,.T.);
#594=ORIENTED_EDGE('',*,*,#925,.T.);
#595=ORIENTED_EDGE('',*,*,#926,.F.);
#596=ORIENTED_EDGE('',*,*,#927,.F.);
#597=ORIENTED_EDGE('',*,*,#866,.T.);
#598=ORIENTED_EDGE('',*,*,#927,.T.);
#599=ORIENTED_EDGE('',*,*,#928,.F.);
#600=ORIENTED_EDGE('',*,*,#929,.F.);
#601=ORIENTED_EDGE('',*,*,#867,.T.);
#602=ORIENTED_EDGE('',*,*,#929,.T.);
#603=ORIENTED_EDGE('',*,*,#930,.F.);
#604=ORIENTED_EDGE('',*,*,#931,.F.);
#605=ORIENTED_EDGE('',*,*,#868,.T.);
#606=ORIENTED_EDGE('',*,*,#931,.T.);
#607=ORIENTED_EDGE('',*,*,#932,.F.);
#608=ORIENTED_EDGE('',*,*,#933,.F.);
#609=ORIENTED_EDGE('',*,*,#869,.T.);
#610=ORIENTED_EDGE('',*,*,#933,.T.);
#611=ORIENTED_EDGE('',*,*,#934,.F.);
#612=ORIENTED_EDGE('',*,*,#935,.F.);
#613=ORIENTED_EDGE('',*,*,#870,.T.);
#614=ORIENTED_EDGE('',*,*,#935,.T.);
#615=ORIENTED_EDGE('',*,*,#936,.F.);
#616=ORIENTED_EDGE('',*,*,#937,.F.);
#617=ORIENTED_EDGE('',*,*,#871,.T.);
#618=ORIENTED_EDGE('',*,*,#937,.T.);
#619=ORIENTED_EDGE('',*,*,#938,.F.);
#620=ORIENTED_EDGE('',*,*,#939,.F.);
#621=ORIENTED_EDGE('',*,*,#872,.T.);
#622=ORIENTED_EDGE('',*,*,#939,.T.);
#623=ORIENTED_EDGE('',*,*,#940,.F.);
#624=ORIENTED_EDGE('',*,*,#941,.F.);
#625=ORIENTED_EDGE('',*,*,#873,.T.);
#626=ORIENTED_EDGE('',*,*,#941,.T.);
#627=ORIENTED_EDGE('',*,*,#942,.F.);
#628=ORIENTED_EDGE('',*,*,#943,.F.);
#629=ORIENTED_EDGE('',*,*,#874,.T.);
#630=ORIENTED_EDGE('',*,*,#943,.T.);
#631=ORIENTED_EDGE('',*,*,#944,.F.);
#632=ORIENTED_EDGE('',*,*,#945,.F.);
#633=ORIENTED_EDGE('',*,*,#875,.T.);
#634=ORIENTED_EDGE('',*,*,#945,.T.);
#635=ORIENTED_EDGE('',*,*,#946,.F.);
#636=ORIENTED_EDGE('',*,*,#947,.F.);
#637=ORIENTED_EDGE('',*,*,#876,.T.);
#638=ORIENTED_EDGE('',*,*,#947,.T.);
#639=ORIENTED_EDGE('',*,*,#948,.F.);
#640=ORIENTED_EDGE('',*,*,#949,.F.);
#641=ORIENTED_EDGE('',*,*,#877,.T.);
#642=ORIENTED_EDGE('',*,*,#949,.T.);
#643=ORIENTED_EDGE('',*,*,#950,.F.);
#644=ORIENTED_EDGE('',*,*,#911,.F.);
#645=ORIENTED_EDGE('',*,*,#912,.T.);
#646=ORIENTED_EDGE('',*,*,#950,.T.);
#647=ORIENTED_EDGE('',*,*,#948,.T.);
#648=ORIENTED_EDGE('',*,*,#946,.T.);
#649=ORIENTED_EDGE('',*,*,#944,.T.);
#650=ORIENTED_EDGE('',*,*,#942,.T.);
#651=ORIENTED_EDGE('',*,*,#940,.T.);
#652=ORIENTED_EDGE('',*,*,#938,.T.);
#653=ORIENTED_EDGE('',*,*,#936,.T.);
#654=ORIENTED_EDGE('',*,*,#934,.T.);
#655=ORIENTED_EDGE('',*,*,#932,.T.);
#656=ORIENTED_EDGE('',*,*,#930,.T.);
#657=ORIENTED_EDGE('',*,*,#928,.T.);
#658=ORIENTED_EDGE('',*,*,#926,.T.);
#659=ORIENTED_EDGE('',*,*,#924,.T.);
#660=ORIENTED_EDGE('',*,*,#922,.T.);
#661=ORIENTED_EDGE('',*,*,#920,.T.);
#662=ORIENTED_EDGE('',*,*,#918,.T.);
#663=ORIENTED_EDGE('',*,*,#916,.T.);
#664=ORIENTED_EDGE('',*,*,#914,.T.);
#665=ORIENTED_EDGE('',*,*,#951,.T.);
#666=ORIENTED_EDGE('',*,*,#855,.T.);
#667=ORIENTED_EDGE('',*,*,#951,.F.);
#668=ORIENTED_EDGE('',*,*,#952,.T.);
#669=ORIENTED_EDGE('',*,*,#854,.T.);
#670=ORIENTED_EDGE('',*,*,#952,.F.);
#671=ORIENTED_EDGE('',*,*,#953,.T.);
#672=ORIENTED_EDGE('',*,*,#878,.T.);
#673=ORIENTED_EDGE('',*,*,#953,.F.);
#674=ORIENTED_EDGE('',*,*,#805,.T.);
#675=ORIENTED_EDGE('',*,*,#837,.T.);
#676=ORIENTED_EDGE('',*,*,#954,.T.);
#677=ORIENTED_EDGE('',*,*,#821,.T.);
#678=ORIENTED_EDGE('',*,*,#822,.F.);
#679=ORIENTED_EDGE('',*,*,#954,.F.);
#680=ORIENTED_EDGE('',*,*,#836,.T.);
#681=ORIENTED_EDGE('',*,*,#955,.T.);
#682=ORIENTED_EDGE('',*,*,#824,.T.);
#683=ORIENTED_EDGE('',*,*,#956,.T.);
#684=ORIENTED_EDGE('',*,*,#834,.F.);
#685=ORIENTED_EDGE('',*,*,#957,.T.);
#686=ORIENTED_EDGE('',*,*,#835,.F.);
#687=ORIENTED_EDGE('',*,*,#956,.F.);
#688=ORIENTED_EDGE('',*,*,#823,.F.);
#689=ORIENTED_EDGE('',*,*,#955,.F.);
#690=ORIENTED_EDGE('',*,*,#833,.F.);
#691=ORIENTED_EDGE('',*,*,#807,.T.);
#692=ORIENTED_EDGE('',*,*,#825,.F.);
#693=ORIENTED_EDGE('',*,*,#957,.F.);
#694=ORIENTED_EDGE('',*,*,#813,.T.);
#695=ORIENTED_EDGE('',*,*,#896,.T.);
#696=ORIENTED_EDGE('',*,*,#826,.T.);
#697=ORIENTED_EDGE('',*,*,#958,.T.);
#698=ORIENTED_EDGE('',*,*,#850,.F.);
#699=ORIENTED_EDGE('',*,*,#897,.T.);
#700=ORIENTED_EDGE('',*,*,#811,.F.);
#701=ORIENTED_EDGE('',*,*,#959,.T.);
#702=ORIENTED_EDGE('',*,*,#852,.F.);
#703=ORIENTED_EDGE('',*,*,#818,.T.);
#704=ORIENTED_EDGE('',*,*,#815,.T.);
#705=ORIENTED_EDGE('',*,*,#960,.T.);
#706=ORIENTED_EDGE('',*,*,#814,.F.);
#707=ORIENTED_EDGE('',*,*,#958,.F.);
#708=ORIENTED_EDGE('',*,*,#853,.F.);
#709=ORIENTED_EDGE('',*,*,#960,.F.);
#710=ORIENTED_EDGE('',*,*,#851,.F.);
#711=ORIENTED_EDGE('',*,*,#959,.F.);
#712=ORIENTED_EDGE('',*,*,#817,.F.);
#713=ORIENTED_EDGE('',*,*,#820,.F.);
#714=ORIENTED_EDGE('',*,*,#782,.T.);
#715=ORIENTED_EDGE('',*,*,#894,.T.);
#716=ORIENTED_EDGE('',*,*,#961,.T.);
#717=ORIENTED_EDGE('',*,*,#962,.T.);
#718=ORIENTED_EDGE('',*,*,#783,.T.);
#719=ORIENTED_EDGE('',*,*,#962,.F.);
#720=ORIENTED_EDGE('',*,*,#963,.T.);
#721=ORIENTED_EDGE('',*,*,#964,.T.);
#722=ORIENTED_EDGE('',*,*,#784,.T.);
#723=ORIENTED_EDGE('',*,*,#964,.F.);
#724=ORIENTED_EDGE('',*,*,#965,.T.);
#725=ORIENTED_EDGE('',*,*,#966,.T.);
#726=ORIENTED_EDGE('',*,*,#785,.T.);
#727=ORIENTED_EDGE('',*,*,#966,.F.);
#728=ORIENTED_EDGE('',*,*,#967,.T.);
#729=ORIENTED_EDGE('',*,*,#968,.T.);
#730=ORIENTED_EDGE('',*,*,#786,.T.);
#731=ORIENTED_EDGE('',*,*,#968,.F.);
#732=ORIENTED_EDGE('',*,*,#969,.T.);
#733=ORIENTED_EDGE('',*,*,#890,.F.);
#734=ORIENTED_EDGE('',*,*,#961,.F.);
#735=ORIENTED_EDGE('',*,*,#893,.T.);
#736=ORIENTED_EDGE('',*,*,#891,.T.);
#737=ORIENTED_EDGE('',*,*,#969,.F.);
#738=ORIENTED_EDGE('',*,*,#967,.F.);
#739=ORIENTED_EDGE('',*,*,#965,.F.);
#740=ORIENTED_EDGE('',*,*,#963,.F.);
#741=ORIENTED_EDGE('',*,*,#774,.T.);
#742=ORIENTED_EDGE('',*,*,#970,.F.);
#743=ORIENTED_EDGE('',*,*,#971,.F.);
#744=ORIENTED_EDGE('',*,*,#810,.F.);
#745=ORIENTED_EDGE('',*,*,#798,.T.);
#746=ORIENTED_EDGE('',*,*,#882,.T.);
#747=ORIENTED_EDGE('',*,*,#972,.F.);
#748=ORIENTED_EDGE('',*,*,#973,.T.);
#749=ORIENTED_EDGE('',*,*,#799,.T.);
#750=ORIENTED_EDGE('',*,*,#973,.F.);
#751=ORIENTED_EDGE('',*,*,#974,.F.);
#752=ORIENTED_EDGE('',*,*,#975,.T.);
#753=ORIENTED_EDGE('',*,*,#800,.T.);
#754=ORIENTED_EDGE('',*,*,#975,.F.);
#755=ORIENTED_EDGE('',*,*,#976,.F.);
#756=ORIENTED_EDGE('',*,*,#977,.T.);
#757=ORIENTED_EDGE('',*,*,#801,.T.);
#758=ORIENTED_EDGE('',*,*,#977,.F.);
#759=ORIENTED_EDGE('',*,*,#978,.F.);
#760=ORIENTED_EDGE('',*,*,#970,.T.);
#761=ORIENTED_EDGE('',*,*,#971,.T.);
#762=ORIENTED_EDGE('',*,*,#978,.T.);
#763=ORIENTED_EDGE('',*,*,#976,.T.);
#764=ORIENTED_EDGE('',*,*,#974,.T.);
#765=ORIENTED_EDGE('',*,*,#972,.T.);
#766=ORIENTED_EDGE('',*,*,#881,.T.);
#767=ORIENTED_EDGE('',*,*,#802,.T.);
#768=EDGE_CURVE('',#979,#979,#1127,.F.);
#769=EDGE_CURVE('',#980,#980,#1128,.F.);
#770=EDGE_CURVE('',#981,#981,#1129,.F.);
#771=EDGE_CURVE('',#982,#982,#1130,.T.);
#772=EDGE_CURVE('',#983,#983,#1131,.F.);
#773=EDGE_CURVE('',#984,#984,#1132,.F.);
#774=EDGE_CURVE('',#985,#986,#1133,.F.);
#775=EDGE_CURVE('',#985,#987,#10,.F.);
#776=EDGE_CURVE('',#987,#988,#1134,.F.);
#777=EDGE_CURVE('',#988,#989,#11,.F.);
#778=EDGE_CURVE('',#989,#990,#1135,.F.);
#779=EDGE_CURVE('',#990,#991,#12,.F.);
#780=EDGE_CURVE('',#991,#992,#1136,.F.);
#781=EDGE_CURVE('',#992,#993,#13,.F.);
#782=EDGE_CURVE('',#994,#993,#1137,.F.);
#783=EDGE_CURVE('',#995,#994,#1138,.F.);
#784=EDGE_CURVE('',#996,#995,#14,.F.);
#785=EDGE_CURVE('',#997,#996,#1139,.F.);
#786=EDGE_CURVE('',#998,#997,#15,.F.);
#787=EDGE_CURVE('',#998,#999,#1140,.F.);
#788=EDGE_CURVE('',#999,#1000,#1141,.F.);
#789=EDGE_CURVE('',#1000,#1001,#16,.F.);
#790=EDGE_CURVE('',#1001,#1002,#1142,.F.);
#791=EDGE_CURVE('',#1002,#1003,#17,.F.);
#792=EDGE_CURVE('',#1003,#1004,#1143,.F.);
#793=EDGE_CURVE('',#1004,#1005,#18,.F.);
#794=EDGE_CURVE('',#1005,#1006,#1144,.F.);
#795=EDGE_CURVE('',#1006,#1007,#19,.F.);
#796=EDGE_CURVE('',#1007,#1008,#1145,.F.);
#797=EDGE_CURVE('',#1008,#1009,#1146,.F.);
#798=EDGE_CURVE('',#1010,#1009,#20,.F.);
#799=EDGE_CURVE('',#1011,#1010,#1147,.F.);
#800=EDGE_CURVE('',#1012,#1011,#21,.F.);
#801=EDGE_CURVE('',#986,#1012,#1148,.F.);
#802=EDGE_CURVE('',#1013,#1014,#22,.F.);
#803=EDGE_CURVE('',#1013,#1015,#23,.F.);
#804=EDGE_CURVE('',#1015,#1016,#24,.F.);
#805=EDGE_CURVE('',#1017,#1016,#25,.F.);
#806=EDGE_CURVE('',#1018,#1017,#26,.F.);
#807=EDGE_CURVE('',#1019,#1018,#27,.F.);
#808=EDGE_CURVE('',#1019,#1020,#28,.F.);
#809=EDGE_CURVE('',#987,#1020,#29,.F.);
#810=EDGE_CURVE('',#985,#1014,#30,.F.);
#811=EDGE_CURVE('',#1021,#1022,#31,.T.);
#812=EDGE_CURVE('',#1022,#1023,#32,.F.);
#813=EDGE_CURVE('',#1024,#1023,#33,.T.);
#814=EDGE_CURVE('',#1024,#1025,#1149,.T.);
#815=EDGE_CURVE('',#1026,#1025,#1150,.F.);
#816=EDGE_CURVE('',#1026,#1027,#1151,.T.);
#817=EDGE_CURVE('',#1027,#1021,#1152,.T.);
#818=EDGE_CURVE('',#1028,#1026,#34,.F.);
#819=EDGE_CURVE('',#1028,#1029,#1153,.T.);
#820=EDGE_CURVE('',#1029,#1027,#35,.F.);
#821=EDGE_CURVE('',#1030,#1017,#36,.T.);
#822=EDGE_CURVE('',#1030,#1031,#37,.T.);
#823=EDGE_CURVE('',#1031,#1032,#1154,.T.);
#824=EDGE_CURVE('',#1033,#1032,#1155,.F.);
#825=EDGE_CURVE('',#1033,#1018,#1156,.T.);
#826=EDGE_CURVE('',#1034,#1035,#38,.F.);
#827=EDGE_CURVE('',#1036,#1034,#39,.F.);
#828=EDGE_CURVE('',#1037,#1036,#1157,.F.);
#829=EDGE_CURVE('',#1038,#1037,#40,.F.);
#830=EDGE_CURVE('',#1039,#1038,#1158,.F.);
#831=EDGE_CURVE('',#1040,#1039,#41,.F.);
#832=EDGE_CURVE('',#1020,#1040,#1159,.F.);
#833=EDGE_CURVE('',#1019,#1041,#1160,.F.);
#834=EDGE_CURVE('',#1041,#1042,#1161,.F.);
#835=EDGE_CURVE('',#1042,#1043,#1162,.F.);
#836=EDGE_CURVE('',#1044,#1043,#42,.F.);
#837=EDGE_CURVE('',#1016,#1044,#43,.F.);
#838=EDGE_CURVE('',#1045,#1015,#1163,.F.);
#839=EDGE_CURVE('',#1046,#1045,#1164,.F.);
#840=EDGE_CURVE('',#1047,#1046,#44,.F.);
#841=EDGE_CURVE('',#1048,#1047,#1165,.F.);
#842=EDGE_CURVE('',#1049,#1048,#45,.F.);
#843=EDGE_CURVE('',#1050,#1049,#1166,.F.);
#844=EDGE_CURVE('',#1051,#1050,#46,.F.);
#845=EDGE_CURVE('',#1052,#1051,#1167,.F.);
#846=EDGE_CURVE('',#1053,#1052,#47,.F.);
#847=EDGE_CURVE('',#1054,#1053,#1168,.F.);
#848=EDGE_CURVE('',#1055,#1054,#1169,.F.);
#849=EDGE_CURVE('',#1056,#1055,#48,.F.);
#850=EDGE_CURVE('',#1056,#1057,#49,.F.);
#851=EDGE_CURVE('',#1057,#1029,#1170,.F.);
#852=EDGE_CURVE('',#1028,#1058,#1171,.F.);
#853=EDGE_CURVE('',#1058,#1035,#1172,.F.);
#854=EDGE_CURVE('',#1059,#1059,#1173,.F.);
#855=EDGE_CURVE('',#1060,#1060,#1174,.F.);
#856=EDGE_CURVE('',#1061,#1061,#1175,.F.);
#857=EDGE_CURVE('',#1062,#1062,#1176,.F.);
#858=EDGE_CURVE('',#1063,#1064,#50,.F.);
#859=EDGE_CURVE('',#1065,#1063,#51,.F.);
#860=EDGE_CURVE('',#1066,#1065,#52,.F.);
#861=EDGE_CURVE('',#1067,#1066,#53,.F.);
#862=EDGE_CURVE('',#1068,#1067,#54,.F.);
#863=EDGE_CURVE('',#1069,#1068,#55,.F.);
#864=EDGE_CURVE('',#1070,#1069,#56,.F.);
#865=EDGE_CURVE('',#1071,#1070,#57,.F.);
#866=EDGE_CURVE('',#1072,#1071,#58,.F.);
#867=EDGE_CURVE('',#1073,#1072,#59,.F.);
#868=EDGE_CURVE('',#1074,#1073,#60,.F.);
#869=EDGE_CURVE('',#1075,#1074,#61,.F.);
#870=EDGE_CURVE('',#1076,#1075,#62,.F.);
#871=EDGE_CURVE('',#1077,#1076,#63,.F.);
#872=EDGE_CURVE('',#1078,#1077,#64,.F.);
#873=EDGE_CURVE('',#1079,#1078,#65,.F.);
#874=EDGE_CURVE('',#1080,#1079,#66,.F.);
#875=EDGE_CURVE('',#1081,#1080,#67,.F.);
#876=EDGE_CURVE('',#1082,#1081,#68,.F.);
#877=EDGE_CURVE('',#1064,#1082,#69,.F.);
#878=EDGE_CURVE('',#1083,#1083,#1177,.F.);
#879=EDGE_CURVE('',#1084,#1084,#1178,.T.);
#880=EDGE_CURVE('',#1085,#1085,#1179,.F.);
#881=EDGE_CURVE('',#1086,#1013,#1180,.F.);
#882=EDGE_CURVE('',#1009,#1086,#70,.F.);
#883=EDGE_CURVE('',#1008,#1045,#71,.F.);
#884=EDGE_CURVE('',#1087,#1087,#1181,.F.);
#885=EDGE_CURVE('',#1088,#1088,#1182,.F.);
#886=EDGE_CURVE('',#989,#1039,#72,.F.);
#887=EDGE_CURVE('',#990,#1038,#73,.F.);
#888=EDGE_CURVE('',#988,#1040,#74,.F.);
#889=EDGE_CURVE('',#999,#1054,#75,.F.);
#890=EDGE_CURVE('',#998,#1089,#76,.F.);
#891=EDGE_CURVE('',#1090,#1089,#1183,.F.);
#892=EDGE_CURVE('',#1090,#1055,#77,.F.);
#893=EDGE_CURVE('',#1091,#1090,#78,.F.);
#894=EDGE_CURVE('',#993,#1091,#79,.F.);
#895=EDGE_CURVE('',#992,#1036,#80,.F.);
#896=EDGE_CURVE('',#1023,#1034,#81,.F.);
#897=EDGE_CURVE('',#1056,#1022,#82,.F.);
#898=EDGE_CURVE('',#991,#1037,#83,.F.);
#899=EDGE_CURVE('',#1092,#1092,#1184,.T.);
#900=EDGE_CURVE('',#1093,#1093,#1185,.F.);
#901=EDGE_CURVE('',#1007,#1046,#84,.F.);
#902=EDGE_CURVE('',#1006,#1047,#85,.F.);
#903=EDGE_CURVE('',#1005,#1048,#86,.F.);
#904=EDGE_CURVE('',#1004,#1049,#87,.F.);
#905=EDGE_CURVE('',#1003,#1050,#88,.F.);
#906=EDGE_CURVE('',#1002,#1051,#89,.F.);
#907=EDGE_CURVE('',#1001,#1052,#90,.F.);
#908=EDGE_CURVE('',#1000,#1053,#91,.F.);
#909=EDGE_CURVE('',#1094,#1094,#1186,.T.);
#910=EDGE_CURVE('',#1095,#1095,#1187,.F.);
#911=EDGE_CURVE('',#1064,#1096,#92,.F.);
#912=EDGE_CURVE('',#1097,#1096,#93,.F.);
#913=EDGE_CURVE('',#1063,#1097,#94,.F.);
#914=EDGE_CURVE('',#1098,#1097,#95,.F.);
#915=EDGE_CURVE('',#1065,#1098,#96,.F.);
#916=EDGE_CURVE('',#1099,#1098,#97,.F.);
#917=EDGE_CURVE('',#1066,#1099,#98,.F.);
#918=EDGE_CURVE('',#1100,#1099,#99,.F.);
#919=EDGE_CURVE('',#1067,#1100,#100,.F.);
#920=EDGE_CURVE('',#1101,#1100,#101,.F.);
#921=EDGE_CURVE('',#1068,#1101,#102,.F.);
#922=EDGE_CURVE('',#1102,#1101,#103,.F.);
#923=EDGE_CURVE('',#1069,#1102,#104,.F.);
#924=EDGE_CURVE('',#1103,#1102,#105,.F.);
#925=EDGE_CURVE('',#1070,#1103,#106,.F.);
#926=EDGE_CURVE('',#1104,#1103,#107,.F.);
#927=EDGE_CURVE('',#1071,#1104,#108,.F.);
#928=EDGE_CURVE('',#1105,#1104,#109,.F.);
#929=EDGE_CURVE('',#1072,#1105,#110,.F.);
#930=EDGE_CURVE('',#1106,#1105,#111,.F.);
#931=EDGE_CURVE('',#1073,#1106,#112,.F.);
#932=EDGE_CURVE('',#1107,#1106,#113,.F.);
#933=EDGE_CURVE('',#1074,#1107,#114,.F.);
#934=EDGE_CURVE('',#1108,#1107,#115,.F.);
#935=EDGE_CURVE('',#1075,#1108,#116,.F.);
#936=EDGE_CURVE('',#1109,#1108,#117,.F.);
#937=EDGE_CURVE('',#1076,#1109,#118,.F.);
#938=EDGE_CURVE('',#1110,#1109,#119,.F.);
#939=EDGE_CURVE('',#1077,#1110,#120,.F.);
#940=EDGE_CURVE('',#1111,#1110,#121,.F.);
#941=EDGE_CURVE('',#1078,#1111,#122,.F.);
#942=EDGE_CURVE('',#1112,#1111,#123,.F.);
#943=EDGE_CURVE('',#1079,#1112,#124,.F.);
#944=EDGE_CURVE('',#1113,#1112,#125,.F.);
#945=EDGE_CURVE('',#1080,#1113,#126,.F.);
#946=EDGE_CURVE('',#1114,#1113,#127,.F.);
#947=EDGE_CURVE('',#1081,#1114,#128,.F.);
#948=EDGE_CURVE('',#1115,#1114,#129,.F.);
#949=EDGE_CURVE('',#1082,#1115,#130,.F.);
#950=EDGE_CURVE('',#1096,#1115,#131,.F.);
#951=EDGE_CURVE('',#1116,#1116,#1188,.T.);
#952=EDGE_CURVE('',#1117,#1117,#1189,.T.);
#953=EDGE_CURVE('',#1118,#1118,#1190,.T.);
#954=EDGE_CURVE('',#1044,#1030,#132,.T.);
#955=EDGE_CURVE('',#1043,#1031,#133,.T.);
#956=EDGE_CURVE('',#1032,#1042,#134,.T.);
#957=EDGE_CURVE('',#1041,#1033,#135,.F.);
#958=EDGE_CURVE('',#1035,#1024,#136,.F.);
#959=EDGE_CURVE('',#1021,#1057,#137,.T.);
#960=EDGE_CURVE('',#1025,#1058,#138,.T.);
#961=EDGE_CURVE('',#1091,#1119,#1191,.T.);
#962=EDGE_CURVE('',#1119,#994,#139,.T.);
#963=EDGE_CURVE('',#1119,#1120,#1192,.T.);
#964=EDGE_CURVE('',#1120,#995,#140,.T.);
#965=EDGE_CURVE('',#1120,#1121,#141,.T.);
#966=EDGE_CURVE('',#1121,#996,#142,.T.);
#967=EDGE_CURVE('',#1121,#1122,#1193,.T.);
#968=EDGE_CURVE('',#1122,#997,#143,.T.);
#969=EDGE_CURVE('',#1122,#1089,#144,.T.);
#970=EDGE_CURVE('',#1123,#986,#145,.T.);
#971=EDGE_CURVE('',#1014,#1123,#1194,.F.);
#972=EDGE_CURVE('',#1124,#1086,#146,.F.);
#973=EDGE_CURVE('',#1124,#1010,#147,.T.);
#974=EDGE_CURVE('',#1125,#1124,#1195,.F.);
#975=EDGE_CURVE('',#1125,#1011,#148,.T.);
#976=EDGE_CURVE('',#1126,#1125,#149,.F.);
#977=EDGE_CURVE('',#1126,#1012,#150,.T.);
#978=EDGE_CURVE('',#1123,#1126,#1196,.F.);
#979=VERTEX_POINT('',#2175);
#980=VERTEX_POINT('',#2177);
#981=VERTEX_POINT('',#2180);
#982=VERTEX_POINT('',#2183);
#983=VERTEX_POINT('',#2187);
#984=VERTEX_POINT('',#2189);
#985=VERTEX_POINT('',#2191);
#986=VERTEX_POINT('',#2192);
#987=VERTEX_POINT('',#2194);
#988=VERTEX_POINT('',#2196);
#989=VERTEX_POINT('',#2198);
#990=VERTEX_POINT('',#2200);
#991=VERTEX_POINT('',#2202);
#992=VERTEX_POINT('',#2204);
#993=VERTEX_POINT('',#2206);
#994=VERTEX_POINT('',#2208);
#995=VERTEX_POINT('',#2210);
#996=VERTEX_POINT('',#2212);
#997=VERTEX_POINT('',#2214);
#998=VERTEX_POINT('',#2216);
#999=VERTEX_POINT('',#2218);
#1000=VERTEX_POINT('',#2220);
#1001=VERTEX_POINT('',#2222);
#1002=VERTEX_POINT('',#2224);
#1003=VERTEX_POINT('',#2226);
#1004=VERTEX_POINT('',#2228);
#1005=VERTEX_POINT('',#2230);
#1006=VERTEX_POINT('',#2232);
#1007=VERTEX_POINT('',#2234);
#1008=VERTEX_POINT('',#2236);
#1009=VERTEX_POINT('',#2238);
#1010=VERTEX_POINT('',#2240);
#1011=VERTEX_POINT('',#2242);
#1012=VERTEX_POINT('',#2244);
#1013=VERTEX_POINT('',#2248);
#1014=VERTEX_POINT('',#2249);
#1015=VERTEX_POINT('',#2251);
#1016=VERTEX_POINT('',#2253);
#1017=VERTEX_POINT('',#2255);
#1018=VERTEX_POINT('',#2257);
#1019=VERTEX_POINT('',#2259);
#1020=VERTEX_POINT('',#2261);
#1021=VERTEX_POINT('',#2266);
#1022=VERTEX_POINT('',#2267);
#1023=VERTEX_POINT('',#2269);
#1024=VERTEX_POINT('',#2271);
#1025=VERTEX_POINT('',#2273);
#1026=VERTEX_POINT('',#2275);
#1027=VERTEX_POINT('',#2277);
#1028=VERTEX_POINT('',#2281);
#1029=VERTEX_POINT('',#2283);
#1030=VERTEX_POINT('',#2287);
#1031=VERTEX_POINT('',#2289);
#1032=VERTEX_POINT('',#2291);
#1033=VERTEX_POINT('',#2293);
#1034=VERTEX_POINT('',#2297);
#1035=VERTEX_POINT('',#2298);
#1036=VERTEX_POINT('',#2300);
#1037=VERTEX_POINT('',#2302);
#1038=VERTEX_POINT('',#2304);
#1039=VERTEX_POINT('',#2306);
#1040=VERTEX_POINT('',#2308);
#1041=VERTEX_POINT('',#2311);
#1042=VERTEX_POINT('',#2313);
#1043=VERTEX_POINT('',#2315);
#1044=VERTEX_POINT('',#2317);
#1045=VERTEX_POINT('',#2320);
#1046=VERTEX_POINT('',#2322);
#1047=VERTEX_POINT('',#2324);
#1048=VERTEX_POINT('',#2326);
#1049=VERTEX_POINT('',#2328);
#1050=VERTEX_POINT('',#2330);
#1051=VERTEX_POINT('',#2332);
#1052=VERTEX_POINT('',#2334);
#1053=VERTEX_POINT('',#2336);
#1054=VERTEX_POINT('',#2338);
#1055=VERTEX_POINT('',#2340);
#1056=VERTEX_POINT('',#2342);
#1057=VERTEX_POINT('',#2344);
#1058=VERTEX_POINT('',#2347);
#1059=VERTEX_POINT('',#2350);
#1060=VERTEX_POINT('',#2352);
#1061=VERTEX_POINT('',#2354);
#1062=VERTEX_POINT('',#2356);
#1063=VERTEX_POINT('',#2358);
#1064=VERTEX_POINT('',#2359);
#1065=VERTEX_POINT('',#2361);
#1066=VERTEX_POINT('',#2363);
#1067=VERTEX_POINT('',#2365);
#1068=VERTEX_POINT('',#2367);
#1069=VERTEX_POINT('',#2369);
#1070=VERTEX_POINT('',#2371);
#1071=VERTEX_POINT('',#2373);
#1072=VERTEX_POINT('',#2375);
#1073=VERTEX_POINT('',#2377);
#1074=VERTEX_POINT('',#2379);
#1075=VERTEX_POINT('',#2381);
#1076=VERTEX_POINT('',#2383);
#1077=VERTEX_POINT('',#2385);
#1078=VERTEX_POINT('',#2387);
#1079=VERTEX_POINT('',#2389);
#1080=VERTEX_POINT('',#2391);
#1081=VERTEX_POINT('',#2393);
#1082=VERTEX_POINT('',#2395);
#1083=VERTEX_POINT('',#2398);
#1084=VERTEX_POINT('',#2401);
#1085=VERTEX_POINT('',#2403);
#1086=VERTEX_POINT('',#2406);
#1087=VERTEX_POINT('',#2411);
#1088=VERTEX_POINT('',#2413);
#1089=VERTEX_POINT('',#2423);
#1090=VERTEX_POINT('',#2425);
#1091=VERTEX_POINT('',#2429);
#1092=VERTEX_POINT('',#2439);
#1093=VERTEX_POINT('',#2443);
#1094=VERTEX_POINT('',#2464);
#1095=VERTEX_POINT('',#2468);
#1096=VERTEX_POINT('',#2472);
#1097=VERTEX_POINT('',#2474);
#1098=VERTEX_POINT('',#2478);
#1099=VERTEX_POINT('',#2482);
#1100=VERTEX_POINT('',#2486);
#1101=VERTEX_POINT('',#2490);
#1102=VERTEX_POINT('',#2494);
#1103=VERTEX_POINT('',#2498);
#1104=VERTEX_POINT('',#2502);
#1105=VERTEX_POINT('',#2506);
#1106=VERTEX_POINT('',#2510);
#1107=VERTEX_POINT('',#2514);
#1108=VERTEX_POINT('',#2518);
#1109=VERTEX_POINT('',#2522);
#1110=VERTEX_POINT('',#2526);
#1111=VERTEX_POINT('',#2530);
#1112=VERTEX_POINT('',#2534);
#1113=VERTEX_POINT('',#2538);
#1114=VERTEX_POINT('',#2542);
#1115=VERTEX_POINT('',#2546);
#1116=VERTEX_POINT('',#2553);
#1117=VERTEX_POINT('',#2557);
#1118=VERTEX_POINT('',#2561);
#1119=VERTEX_POINT('',#2582);
#1120=VERTEX_POINT('',#2586);
#1121=VERTEX_POINT('',#2590);
#1122=VERTEX_POINT('',#2594);
#1123=VERTEX_POINT('',#2601);
#1124=VERTEX_POINT('',#2605);
#1125=VERTEX_POINT('',#2609);
#1126=VERTEX_POINT('',#2613);
#1127=CIRCLE('',#1562,18.6528588629964);
#1128=CIRCLE('',#1563,18.6528588629964);
#1129=CIRCLE('',#1565,17.1);
#1130=CIRCLE('',#1567,17.1);
#1131=CIRCLE('',#1570,3.05);
#1132=CIRCLE('',#1571,3.);
#1133=CIRCLE('',#1572,3.20359750649297);
#1134=CIRCLE('',#1573,15.0692109621569);
#1135=CIRCLE('',#1574,4.5);
#1136=CIRCLE('',#1575,15.0692109621569);
#1137=CIRCLE('',#1576,3.20359750649297);
#1138=CIRCLE('',#1577,1.6);
#1139=CIRCLE('',#1578,0.976186379925484);
#1140=CIRCLE('',#1579,18.6528588629964);
#1141=CIRCLE('',#1580,2.3);
#1142=CIRCLE('',#1581,2.1);
#1143=CIRCLE('',#1582,2.21752192866396);
#1144=CIRCLE('',#1583,2.77308872138373);
#1145=CIRCLE('',#1584,2.3);
#1146=CIRCLE('',#1585,18.6528588629964);
#1147=CIRCLE('',#1586,0.976186379925484);
#1148=CIRCLE('',#1587,1.6);
#1149=CIRCLE('',#1590,0.2);
#1150=CIRCLE('',#1591,2.525);
#1151=CIRCLE('',#1592,1.5);
#1152=CIRCLE('',#1593,0.2);
#1153=CIRCLE('',#1595,1.5);
#1154=CIRCLE('',#1597,1.);
#1155=CIRCLE('',#1598,2.525);
#1156=CIRCLE('',#1599,0.6);
#1157=CIRCLE('',#1601,15.0692109621569);
#1158=CIRCLE('',#1602,4.5);
#1159=CIRCLE('',#1603,15.0692109621569);
#1160=CIRCLE('',#1604,0.6);
#1161=CIRCLE('',#1605,2.525);
#1162=CIRCLE('',#1606,1.);
#1163=CIRCLE('',#1607,18.6528588629964);
#1164=CIRCLE('',#1608,2.3);
#1165=CIRCLE('',#1609,2.77308872138373);
#1166=CIRCLE('',#1610,2.21752192866396);
#1167=CIRCLE('',#1611,2.1);
#1168=CIRCLE('',#1612,2.3);
#1169=CIRCLE('',#1613,18.6528588629964);
#1170=CIRCLE('',#1614,0.2);
#1171=CIRCLE('',#1615,2.525);
#1172=CIRCLE('',#1616,0.2);
#1173=CIRCLE('',#1617,1.325);
#1174=CIRCLE('',#1618,1.325);
#1175=CIRCLE('',#1619,3.);
#1176=CIRCLE('',#1620,3.05);
#1177=CIRCLE('',#1621,1.325);
#1178=CIRCLE('',#1623,1.6);
#1179=CIRCLE('',#1624,1.6);
#1180=CIRCLE('',#1626,18.6528588629964);
#1181=CIRCLE('',#1628,1.6);
#1182=CIRCLE('',#1629,1.6);
#1183=CIRCLE('',#1634,18.6528588629964);
#1184=CIRCLE('',#1639,3.);
#1185=CIRCLE('',#1642,3.);
#1186=CIRCLE('',#1654,3.05);
#1187=CIRCLE('',#1657,3.05);
#1188=CIRCLE('',#1681,1.325);
#1189=CIRCLE('',#1684,1.325);
#1190=CIRCLE('',#1687,1.325);
#1191=CIRCLE('',#1700,3.20359750649297);
#1192=CIRCLE('',#1702,1.6);
#1193=CIRCLE('',#1705,0.976186379925484);
#1194=CIRCLE('',#1709,3.20359750649297);
#1195=CIRCLE('',#1712,0.976186379925484);
#1196=CIRCLE('',#1715,1.6);
#1197=EDGE_LOOP('',(#346));
#1198=EDGE_LOOP('',(#347));
#1199=EDGE_LOOP('',(#348));
#1200=EDGE_LOOP('',(#349));
#1201=EDGE_LOOP('',(#350));
#1202=EDGE_LOOP('',(#351));
#1203=EDGE_LOOP('',(#352));
#1204=EDGE_LOOP('',(#353));
#1205=EDGE_LOOP('',(#354));
#1206=EDGE_LOOP('',(#355));
#1207=EDGE_LOOP('',(#356,#357,#358,#359,#360,#361,#362,#363,#364,#365,#366,
#367,#368,#369,#370,#371,#372,#373,#374,#375,#376,#377,#378,#379,#380,#381,
#382,#383));
#1208=EDGE_LOOP('',(#384,#385,#386,#387,#388,#389,#390,#391,#392,#393));
#1209=EDGE_LOOP('',(#394,#395,#396,#397,#398,#399,#400));
#1210=EDGE_LOOP('',(#401,#402,#403,#404));
#1211=EDGE_LOOP('',(#405,#406,#407,#408,#409,#410));
#1212=EDGE_LOOP('',(#411,#412,#413,#414,#415,#416,#417,#418,#419,#420,#421,
#422,#423,#424,#425,#426,#427,#428,#429,#430,#431,#432,#433,#434,#435,#436,
#437,#438,#439,#440,#441));
#1213=EDGE_LOOP('',(#442));
#1214=EDGE_LOOP('',(#443));
#1215=EDGE_LOOP('',(#444));
#1216=EDGE_LOOP('',(#445));
#1217=EDGE_LOOP('',(#446,#447,#448,#449,#450,#451,#452,#453,#454,#455,#456,
#457,#458,#459,#460,#461,#462,#463,#464,#465));
#1218=EDGE_LOOP('',(#466));
#1219=EDGE_LOOP('',(#467));
#1220=EDGE_LOOP('',(#468));
#1221=EDGE_LOOP('',(#469,#470,#471,#472,#473,#474));
#1222=EDGE_LOOP('',(#475));
#1223=EDGE_LOOP('',(#476));
#1224=EDGE_LOOP('',(#477,#478,#479,#480));
#1225=EDGE_LOOP('',(#481,#482,#483,#484));
#1226=EDGE_LOOP('',(#485,#486,#487,#488));
#1227=EDGE_LOOP('',(#489,#490,#491,#492,#493,#494));
#1228=EDGE_LOOP('',(#495,#496,#497,#498,#499,#500,#501,#502,#503,#504));
#1229=EDGE_LOOP('',(#505,#506,#507,#508));
#1230=EDGE_LOOP('',(#509,#510,#511,#512));
#1231=EDGE_LOOP('',(#513));
#1232=EDGE_LOOP('',(#514));
#1233=EDGE_LOOP('',(#515));
#1234=EDGE_LOOP('',(#516));
#1235=EDGE_LOOP('',(#517));
#1236=EDGE_LOOP('',(#518));
#1237=EDGE_LOOP('',(#519));
#1238=EDGE_LOOP('',(#520));
#1239=EDGE_LOOP('',(#521,#522,#523,#524));
#1240=EDGE_LOOP('',(#525,#526,#527,#528));
#1241=EDGE_LOOP('',(#529,#530,#531,#532));
#1242=EDGE_LOOP('',(#533,#534,#535,#536));
#1243=EDGE_LOOP('',(#537,#538,#539,#540));
#1244=EDGE_LOOP('',(#541,#542,#543,#544));
#1245=EDGE_LOOP('',(#545,#546,#547,#548));
#1246=EDGE_LOOP('',(#549,#550,#551,#552));
#1247=EDGE_LOOP('',(#553,#554,#555,#556));
#1248=EDGE_LOOP('',(#557));
#1249=EDGE_LOOP('',(#558));
#1250=EDGE_LOOP('',(#559));
#1251=EDGE_LOOP('',(#560));
#1252=EDGE_LOOP('',(#561));
#1253=EDGE_LOOP('',(#562));
#1254=EDGE_LOOP('',(#563));
#1255=EDGE_LOOP('',(#564));
#1256=EDGE_LOOP('',(#565,#566,#567,#568));
#1257=EDGE_LOOP('',(#569,#570,#571,#572));
#1258=EDGE_LOOP('',(#573,#574,#575,#576));
#1259=EDGE_LOOP('',(#577,#578,#579,#580));
#1260=EDGE_LOOP('',(#581,#582,#583,#584));
#1261=EDGE_LOOP('',(#585,#586,#587,#588));
#1262=EDGE_LOOP('',(#589,#590,#591,#592));
#1263=EDGE_LOOP('',(#593,#594,#595,#596));
#1264=EDGE_LOOP('',(#597,#598,#599,#600));
#1265=EDGE_LOOP('',(#601,#602,#603,#604));
#1266=EDGE_LOOP('',(#605,#606,#607,#608));
#1267=EDGE_LOOP('',(#609,#610,#611,#612));
#1268=EDGE_LOOP('',(#613,#614,#615,#616));
#1269=EDGE_LOOP('',(#617,#618,#619,#620));
#1270=EDGE_LOOP('',(#621,#622,#623,#624));
#1271=EDGE_LOOP('',(#625,#626,#627,#628));
#1272=EDGE_LOOP('',(#629,#630,#631,#632));
#1273=EDGE_LOOP('',(#633,#634,#635,#636));
#1274=EDGE_LOOP('',(#637,#638,#639,#640));
#1275=EDGE_LOOP('',(#641,#642,#643,#644));
#1276=EDGE_LOOP('',(#645,#646,#647,#648,#649,#650,#651,#652,#653,#654,#655,
#656,#657,#658,#659,#660,#661,#662,#663,#664));
#1277=EDGE_LOOP('',(#665));
#1278=EDGE_LOOP('',(#666));
#1279=EDGE_LOOP('',(#667));
#1280=EDGE_LOOP('',(#668));
#1281=EDGE_LOOP('',(#669));
#1282=EDGE_LOOP('',(#670));
#1283=EDGE_LOOP('',(#671));
#1284=EDGE_LOOP('',(#672));
#1285=EDGE_LOOP('',(#673));
#1286=EDGE_LOOP('',(#674,#675,#676,#677));
#1287=EDGE_LOOP('',(#678,#679,#680,#681));
#1288=EDGE_LOOP('',(#682,#683,#684,#685));
#1289=EDGE_LOOP('',(#686,#687,#688,#689));
#1290=EDGE_LOOP('',(#690,#691,#692,#693));
#1291=EDGE_LOOP('',(#694,#695,#696,#697));
#1292=EDGE_LOOP('',(#698,#699,#700,#701));
#1293=EDGE_LOOP('',(#702,#703,#704,#705));
#1294=EDGE_LOOP('',(#706,#707,#708,#709));
#1295=EDGE_LOOP('',(#710,#711,#712,#713));
#1296=EDGE_LOOP('',(#714,#715,#716,#717));
#1297=EDGE_LOOP('',(#718,#719,#720,#721));
#1298=EDGE_LOOP('',(#722,#723,#724,#725));
#1299=EDGE_LOOP('',(#726,#727,#728,#729));
#1300=EDGE_LOOP('',(#730,#731,#732,#733));
#1301=EDGE_LOOP('',(#734,#735,#736,#737,#738,#739,#740));
#1302=EDGE_LOOP('',(#741,#742,#743,#744));
#1303=EDGE_LOOP('',(#745,#746,#747,#748));
#1304=EDGE_LOOP('',(#749,#750,#751,#752));
#1305=EDGE_LOOP('',(#753,#754,#755,#756));
#1306=EDGE_LOOP('',(#757,#758,#759,#760));
#1307=EDGE_LOOP('',(#761,#762,#763,#764,#765,#766,#767));
#1308=FACE_BOUND('',#1197,.T.);
#1309=FACE_BOUND('',#1198,.T.);
#1310=FACE_BOUND('',#1199,.T.);
#1311=FACE_BOUND('',#1200,.T.);
#1312=FACE_BOUND('',#1201,.T.);
#1313=FACE_BOUND('',#1202,.T.);
#1314=FACE_BOUND('',#1203,.T.);
#1315=FACE_BOUND('',#1204,.T.);
#1316=FACE_BOUND('',#1205,.T.);
#1317=FACE_BOUND('',#1206,.T.);
#1318=FACE_BOUND('',#1207,.T.);
#1319=FACE_BOUND('',#1208,.T.);
#1320=FACE_BOUND('',#1209,.T.);
#1321=FACE_BOUND('',#1210,.T.);
#1322=FACE_BOUND('',#1211,.T.);
#1323=FACE_BOUND('',#1212,.T.);
#1324=FACE_BOUND('',#1213,.T.);
#1325=FACE_BOUND('',#1214,.T.);
#1326=FACE_BOUND('',#1215,.T.);
#1327=FACE_BOUND('',#1216,.T.);
#1328=FACE_BOUND('',#1217,.T.);
#1329=FACE_BOUND('',#1218,.T.);
#1330=FACE_BOUND('',#1219,.T.);
#1331=FACE_BOUND('',#1220,.T.);
#1332=FACE_BOUND('',#1221,.T.);
#1333=FACE_BOUND('',#1222,.T.);
#1334=FACE_BOUND('',#1223,.T.);
#1335=FACE_BOUND('',#1224,.T.);
#1336=FACE_BOUND('',#1225,.T.);
#1337=FACE_BOUND('',#1226,.T.);
#1338=FACE_BOUND('',#1227,.T.);
#1339=FACE_BOUND('',#1228,.T.);
#1340=FACE_BOUND('',#1229,.T.);
#1341=FACE_BOUND('',#1230,.T.);
#1342=FACE_BOUND('',#1231,.T.);
#1343=FACE_BOUND('',#1232,.T.);
#1344=FACE_BOUND('',#1233,.T.);
#1345=FACE_BOUND('',#1234,.T.);
#1346=FACE_BOUND('',#1235,.T.);
#1347=FACE_BOUND('',#1236,.T.);
#1348=FACE_BOUND('',#1237,.T.);
#1349=FACE_BOUND('',#1238,.T.);
#1350=FACE_BOUND('',#1239,.T.);
#1351=FACE_BOUND('',#1240,.T.);
#1352=FACE_BOUND('',#1241,.T.);
#1353=FACE_BOUND('',#1242,.T.);
#1354=FACE_BOUND('',#1243,.T.);
#1355=FACE_BOUND('',#1244,.T.);
#1356=FACE_BOUND('',#1245,.T.);
#1357=FACE_BOUND('',#1246,.T.);
#1358=FACE_BOUND('',#1247,.T.);
#1359=FACE_BOUND('',#1248,.T.);
#1360=FACE_BOUND('',#1249,.T.);
#1361=FACE_BOUND('',#1250,.T.);
#1362=FACE_BOUND('',#1251,.T.);
#1363=FACE_BOUND('',#1252,.T.);
#1364=FACE_BOUND('',#1253,.T.);
#1365=FACE_BOUND('',#1254,.T.);
#1366=FACE_BOUND('',#1255,.T.);
#1367=FACE_BOUND('',#1256,.T.);
#1368=FACE_BOUND('',#1257,.T.);
#1369=FACE_BOUND('',#1258,.T.);
#1370=FACE_BOUND('',#1259,.T.);
#1371=FACE_BOUND('',#1260,.T.);
#1372=FACE_BOUND('',#1261,.T.);
#1373=FACE_BOUND('',#1262,.T.);
#1374=FACE_BOUND('',#1263,.T.);
#1375=FACE_BOUND('',#1264,.T.);
#1376=FACE_BOUND('',#1265,.T.);
#1377=FACE_BOUND('',#1266,.T.);
#1378=FACE_BOUND('',#1267,.T.);
#1379=FACE_BOUND('',#1268,.T.);
#1380=FACE_BOUND('',#1269,.T.);
#1381=FACE_BOUND('',#1270,.T.);
#1382=FACE_BOUND('',#1271,.T.);
#1383=FACE_BOUND('',#1272,.T.);
#1384=FACE_BOUND('',#1273,.T.);
#1385=FACE_BOUND('',#1274,.T.);
#1386=FACE_BOUND('',#1275,.T.);
#1387=FACE_BOUND('',#1276,.T.);
#1388=FACE_BOUND('',#1277,.T.);
#1389=FACE_BOUND('',#1278,.T.);
#1390=FACE_BOUND('',#1279,.T.);
#1391=FACE_BOUND('',#1280,.T.);
#1392=FACE_BOUND('',#1281,.T.);
#1393=FACE_BOUND('',#1282,.T.);
#1394=FACE_BOUND('',#1283,.T.);
#1395=FACE_BOUND('',#1284,.T.);
#1396=FACE_BOUND('',#1285,.T.);
#1397=FACE_BOUND('',#1286,.T.);
#1398=FACE_BOUND('',#1287,.T.);
#1399=FACE_BOUND('',#1288,.T.);
#1400=FACE_BOUND('',#1289,.T.);
#1401=FACE_BOUND('',#1290,.T.);
#1402=FACE_BOUND('',#1291,.T.);
#1403=FACE_BOUND('',#1292,.T.);
#1404=FACE_BOUND('',#1293,.T.);
#1405=FACE_BOUND('',#1294,.T.);
#1406=FACE_BOUND('',#1295,.T.);
#1407=FACE_BOUND('',#1296,.T.);
#1408=FACE_BOUND('',#1297,.T.);
#1409=FACE_BOUND('',#1298,.T.);
#1410=FACE_BOUND('',#1299,.T.);
#1411=FACE_BOUND('',#1300,.T.);
#1412=FACE_BOUND('',#1301,.T.);
#1413=FACE_BOUND('',#1302,.T.);
#1414=FACE_BOUND('',#1303,.T.);
#1415=FACE_BOUND('',#1304,.T.);
#1416=FACE_BOUND('',#1305,.T.);
#1417=FACE_BOUND('',#1306,.T.);
#1418=FACE_BOUND('',#1307,.T.);
#1419=CYLINDRICAL_SURFACE('',#1561,18.6528588629964);
#1420=CYLINDRICAL_SURFACE('',#1568,17.1);
#1421=CYLINDRICAL_SURFACE('',#1594,1.5);
#1422=CYLINDRICAL_SURFACE('',#1622,1.6);
#1423=CYLINDRICAL_SURFACE('',#1625,18.6528588629964);
#1424=CYLINDRICAL_SURFACE('',#1627,1.6);
#1425=CYLINDRICAL_SURFACE('',#1630,4.5);
#1426=CYLINDRICAL_SURFACE('',#1632,15.0692109621569);
#1427=CYLINDRICAL_SURFACE('',#1633,18.6528588629964);
#1428=CYLINDRICAL_SURFACE('',#1636,15.0692109621569);
#1429=CYLINDRICAL_SURFACE('',#1638,3.);
#1430=CYLINDRICAL_SURFACE('',#1643,3.);
#1431=CYLINDRICAL_SURFACE('',#1644,2.3);
#1432=CYLINDRICAL_SURFACE('',#1646,2.77308872138373);
#1433=CYLINDRICAL_SURFACE('',#1648,2.21752192866396);
#1434=CYLINDRICAL_SURFACE('',#1650,2.1);
#1435=CYLINDRICAL_SURFACE('',#1652,2.3);
#1436=CYLINDRICAL_SURFACE('',#1653,3.05);
#1437=CYLINDRICAL_SURFACE('',#1656,3.05);
#1438=CYLINDRICAL_SURFACE('',#1680,1.325);
#1439=CYLINDRICAL_SURFACE('',#1683,1.325);
#1440=CYLINDRICAL_SURFACE('',#1686,1.325);
#1441=CYLINDRICAL_SURFACE('',#1691,2.525);
#1442=CYLINDRICAL_SURFACE('',#1692,1.);
#1443=CYLINDRICAL_SURFACE('',#1693,0.6);
#1444=CYLINDRICAL_SURFACE('',#1696,2.525);
#1445=CYLINDRICAL_SURFACE('',#1697,0.2);
#1446=CYLINDRICAL_SURFACE('',#1698,0.2);
#1447=CYLINDRICAL_SURFACE('',#1699,3.20359750649297);
#1448=CYLINDRICAL_SURFACE('',#1701,1.6);
#1449=CYLINDRICAL_SURFACE('',#1704,0.976186379925484);
#1450=CYLINDRICAL_SURFACE('',#1708,3.20359750649297);
#1451=CYLINDRICAL_SURFACE('',#1711,0.976186379925484);
#1452=CYLINDRICAL_SURFACE('',#1714,1.6);
#1453=ADVANCED_FACE('',(#1308,#1309),#1419,.T.);
#1454=ADVANCED_FACE('',(#1310,#1311),#294,.T.);
#1455=ADVANCED_FACE('',(#1312,#1313),#295,.F.);
#1456=ADVANCED_FACE('',(#1314,#1315),#1420,.F.);
#1457=ADVANCED_FACE('',(#1316,#1317,#1318),#296,.T.);
#1458=ADVANCED_FACE('',(#1319),#297,.T.);
#1459=ADVANCED_FACE('',(#1320),#298,.F.);
#1460=ADVANCED_FACE('',(#1321),#1421,.F.);
#1461=ADVANCED_FACE('',(#1322),#299,.F.);
#1462=ADVANCED_FACE('',(#1323,#1324,#1325,#1326,#1327,#1328,#1329),#300,
 .F.);
#1463=ADVANCED_FACE('',(#1330,#1331),#1422,.F.);
#1464=ADVANCED_FACE('',(#1332),#1423,.T.);
#1465=ADVANCED_FACE('',(#1333,#1334),#1424,.F.);
#1466=ADVANCED_FACE('',(#1335),#1425,.T.);
#1467=ADVANCED_FACE('',(#1336),#301,.T.);
#1468=ADVANCED_FACE('',(#1337),#1426,.T.);
#1469=ADVANCED_FACE('',(#1338),#1427,.T.);
#1470=ADVANCED_FACE('',(#1339),#302,.T.);
#1471=ADVANCED_FACE('',(#1340),#1428,.T.);
#1472=ADVANCED_FACE('',(#1341),#303,.T.);
#1473=ADVANCED_FACE('',(#1342,#1343),#1429,.F.);
#1474=ADVANCED_FACE('',(#1344,#1345),#304,.T.);
#1475=ADVANCED_FACE('',(#1346,#1347),#305,.F.);
#1476=ADVANCED_FACE('',(#1348,#1349),#1430,.F.);
#1477=ADVANCED_FACE('',(#1350),#1431,.F.);
#1478=ADVANCED_FACE('',(#1351),#306,.T.);
#1479=ADVANCED_FACE('',(#1352),#1432,.T.);
#1480=ADVANCED_FACE('',(#1353),#307,.T.);
#1481=ADVANCED_FACE('',(#1354),#1433,.T.);
#1482=ADVANCED_FACE('',(#1355),#308,.T.);
#1483=ADVANCED_FACE('',(#1356),#1434,.T.);
#1484=ADVANCED_FACE('',(#1357),#309,.T.);
#1485=ADVANCED_FACE('',(#1358),#1435,.F.);
#1486=ADVANCED_FACE('',(#1359,#1360),#1436,.F.);
#1487=ADVANCED_FACE('',(#1361,#1362),#310,.T.);
#1488=ADVANCED_FACE('',(#1363,#1364),#1437,.F.);
#1489=ADVANCED_FACE('',(#1365,#1366),#311,.F.);
#1490=ADVANCED_FACE('',(#1367),#312,.F.);
#1491=ADVANCED_FACE('',(#1368),#313,.F.);
#1492=ADVANCED_FACE('',(#1369),#314,.F.);
#1493=ADVANCED_FACE('',(#1370),#315,.F.);
#1494=ADVANCED_FACE('',(#1371),#316,.F.);
#1495=ADVANCED_FACE('',(#1372),#317,.F.);
#1496=ADVANCED_FACE('',(#1373),#318,.F.);
#1497=ADVANCED_FACE('',(#1374),#319,.F.);
#1498=ADVANCED_FACE('',(#1375),#320,.F.);
#1499=ADVANCED_FACE('',(#1376),#321,.F.);
#1500=ADVANCED_FACE('',(#1377),#322,.F.);
#1501=ADVANCED_FACE('',(#1378),#323,.F.);
#1502=ADVANCED_FACE('',(#1379),#324,.F.);
#1503=ADVANCED_FACE('',(#1380),#325,.F.);
#1504=ADVANCED_FACE('',(#1381),#326,.F.);
#1505=ADVANCED_FACE('',(#1382),#327,.F.);
#1506=ADVANCED_FACE('',(#1383),#328,.F.);
#1507=ADVANCED_FACE('',(#1384),#329,.F.);
#1508=ADVANCED_FACE('',(#1385),#330,.F.);
#1509=ADVANCED_FACE('',(#1386),#331,.F.);
#1510=ADVANCED_FACE('',(#1387),#332,.T.);
#1511=ADVANCED_FACE('',(#1388,#1389),#1438,.F.);
#1512=ADVANCED_FACE('',(#1390),#333,.T.);
#1513=ADVANCED_FACE('',(#1391,#1392),#1439,.F.);
#1514=ADVANCED_FACE('',(#1393),#334,.T.);
#1515=ADVANCED_FACE('',(#1394,#1395),#1440,.F.);
#1516=ADVANCED_FACE('',(#1396),#335,.T.);
#1517=ADVANCED_FACE('',(#1397),#336,.F.);
#1518=ADVANCED_FACE('',(#1398),#337,.T.);
#1519=ADVANCED_FACE('',(#1399),#1441,.T.);
#1520=ADVANCED_FACE('',(#1400),#1442,.F.);
#1521=ADVANCED_FACE('',(#1401),#1443,.F.);
#1522=ADVANCED_FACE('',(#1402),#338,.F.);
#1523=ADVANCED_FACE('',(#1403),#339,.F.);
#1524=ADVANCED_FACE('',(#1404),#1444,.T.);
#1525=ADVANCED_FACE('',(#1405),#1445,.F.);
#1526=ADVANCED_FACE('',(#1406),#1446,.F.);
#1527=ADVANCED_FACE('',(#1407),#1447,.T.);
#1528=ADVANCED_FACE('',(#1408),#1448,.T.);
#1529=ADVANCED_FACE('',(#1409),#340,.F.);
#1530=ADVANCED_FACE('',(#1410),#1449,.F.);
#1531=ADVANCED_FACE('',(#1411),#341,.F.);
#1532=ADVANCED_FACE('',(#1412),#342,.F.);
#1533=ADVANCED_FACE('',(#1413),#1450,.T.);
#1534=ADVANCED_FACE('',(#1414),#343,.F.);
#1535=ADVANCED_FACE('',(#1415),#1451,.F.);
#1536=ADVANCED_FACE('',(#1416),#344,.F.);
#1537=ADVANCED_FACE('',(#1417),#1452,.T.);
#1538=ADVANCED_FACE('',(#1418),#345,.F.);
#1539=CLOSED_SHELL('',(#1453,#1454,#1455,#1456));
#1540=CLOSED_SHELL('',(#1457,#1458,#1459,#1460,#1461,#1462,#1463,#1464,
#1465,#1466,#1467,#1468,#1469,#1470,#1471,#1472,#1473,#1474,#1475,#1476,
#1477,#1478,#1479,#1480,#1481,#1482,#1483,#1484,#1485,#1486,#1487,#1488,
#1489,#1490,#1491,#1492,#1493,#1494,#1495,#1496,#1497,#1498,#1499,#1500,
#1501,#1502,#1503,#1504,#1505,#1506,#1507,#1508,#1509,#1510,#1511,#1512,
#1513,#1514,#1515,#1516,#1517,#1518,#1519,#1520,#1521,#1522,#1523,#1524,
#1525,#1526,#1527,#1528,#1529,#1530,#1531,#1532,#1533,#1534,#1535,#1536,
#1537,#1538));
#1541=STYLED_ITEM('',(#1543),#1556);
#1542=STYLED_ITEM('',(#1544),#1557);
#1543=PRESENTATION_STYLE_ASSIGNMENT((#1545));
#1544=PRESENTATION_STYLE_ASSIGNMENT((#1546));
#1545=SURFACE_STYLE_USAGE(.BOTH.,#1547);
#1546=SURFACE_STYLE_USAGE(.BOTH.,#1548);
#1547=SURFACE_SIDE_STYLE('',(#1549));
#1548=SURFACE_SIDE_STYLE('',(#1550));
#1549=SURFACE_STYLE_FILL_AREA(#1551);
#1550=SURFACE_STYLE_FILL_AREA(#1552);
#1551=FILL_AREA_STYLE('',(#1553));
#1552=FILL_AREA_STYLE('',(#1554));
#1553=FILL_AREA_STYLE_COLOUR('',#1555);
#1554=FILL_AREA_STYLE_COLOUR('',#1555);
#1555=COLOUR_RGB('',0.611764705882353,0.658823529411765,0.670588235294118);
#1556=MANIFOLD_SOLID_BREP('Body (2)',#1539);
#1557=MANIFOLD_SOLID_BREP('Body (1)',#1540);
#1558=SHAPE_DEFINITION_REPRESENTATION(#2624,#1559);
#1559=SHAPE_REPRESENTATION('M06L-01',(#1560),#2619);
#1560=AXIS2_PLACEMENT_3D('',#2172,#1717,#1718);
#1561=AXIS2_PLACEMENT_3D('',#2173,#1719,#1720);
#1562=AXIS2_PLACEMENT_3D('',#2174,#1721,#1722);
#1563=AXIS2_PLACEMENT_3D('',#2176,#1723,#1724);
#1564=AXIS2_PLACEMENT_3D('',#2178,#1725,#1726);
#1565=AXIS2_PLACEMENT_3D('',#2179,#1727,#1728);
#1566=AXIS2_PLACEMENT_3D('',#2181,#1729,#1730);
#1567=AXIS2_PLACEMENT_3D('',#2182,#1731,#1732);
#1568=AXIS2_PLACEMENT_3D('',#2184,#1733,#1734);
#1569=AXIS2_PLACEMENT_3D('',#2185,#1735,#1736);
#1570=AXIS2_PLACEMENT_3D('',#2186,#1737,#1738);
#1571=AXIS2_PLACEMENT_3D('',#2188,#1739,#1740);
#1572=AXIS2_PLACEMENT_3D('',#2190,#1741,#1742);
#1573=AXIS2_PLACEMENT_3D('',#2195,#1744,#1745);
#1574=AXIS2_PLACEMENT_3D('',#2199,#1747,#1748);
#1575=AXIS2_PLACEMENT_3D('',#2203,#1750,#1751);
#1576=AXIS2_PLACEMENT_3D('',#2207,#1753,#1754);
#1577=AXIS2_PLACEMENT_3D('',#2209,#1755,#1756);
#1578=AXIS2_PLACEMENT_3D('',#2213,#1758,#1759);
#1579=AXIS2_PLACEMENT_3D('',#2217,#1761,#1762);
#1580=AXIS2_PLACEMENT_3D('',#2219,#1763,#1764);
#1581=AXIS2_PLACEMENT_3D('',#2223,#1766,#1767);
#1582=AXIS2_PLACEMENT_3D('',#2227,#1769,#1770);
#1583=AXIS2_PLACEMENT_3D('',#2231,#1772,#1773);
#1584=AXIS2_PLACEMENT_3D('',#2235,#1775,#1776);
#1585=AXIS2_PLACEMENT_3D('',#2237,#1777,#1778);
#1586=AXIS2_PLACEMENT_3D('',#2241,#1780,#1781);
#1587=AXIS2_PLACEMENT_3D('',#2245,#1783,#1784);
#1588=AXIS2_PLACEMENT_3D('',#2246,#1785,#1786);
#1589=AXIS2_PLACEMENT_3D('',#2264,#1796,#1797);
#1590=AXIS2_PLACEMENT_3D('',#2272,#1801,#1802);
#1591=AXIS2_PLACEMENT_3D('',#2274,#1803,#1804);
#1592=AXIS2_PLACEMENT_3D('',#2276,#1805,#1806);
#1593=AXIS2_PLACEMENT_3D('',#2278,#1807,#1808);
#1594=AXIS2_PLACEMENT_3D('',#2279,#1809,#1810);
#1595=AXIS2_PLACEMENT_3D('',#2282,#1812,#1813);
#1596=AXIS2_PLACEMENT_3D('',#2285,#1815,#1816);
#1597=AXIS2_PLACEMENT_3D('',#2290,#1819,#1820);
#1598=AXIS2_PLACEMENT_3D('',#2292,#1821,#1822);
#1599=AXIS2_PLACEMENT_3D('',#2294,#1823,#1824);
#1600=AXIS2_PLACEMENT_3D('',#2295,#1825,#1826);
#1601=AXIS2_PLACEMENT_3D('',#2301,#1829,#1830);
#1602=AXIS2_PLACEMENT_3D('',#2305,#1832,#1833);
#1603=AXIS2_PLACEMENT_3D('',#2309,#1835,#1836);
#1604=AXIS2_PLACEMENT_3D('',#2310,#1837,#1838);
#1605=AXIS2_PLACEMENT_3D('',#2312,#1839,#1840);
#1606=AXIS2_PLACEMENT_3D('',#2314,#1841,#1842);
#1607=AXIS2_PLACEMENT_3D('',#2319,#1845,#1846);
#1608=AXIS2_PLACEMENT_3D('',#2321,#1847,#1848);
#1609=AXIS2_PLACEMENT_3D('',#2325,#1850,#1851);
#1610=AXIS2_PLACEMENT_3D('',#2329,#1853,#1854);
#1611=AXIS2_PLACEMENT_3D('',#2333,#1856,#1857);
#1612=AXIS2_PLACEMENT_3D('',#2337,#1859,#1860);
#1613=AXIS2_PLACEMENT_3D('',#2339,#1861,#1862);
#1614=AXIS2_PLACEMENT_3D('',#2345,#1865,#1866);
#1615=AXIS2_PLACEMENT_3D('',#2346,#1867,#1868);
#1616=AXIS2_PLACEMENT_3D('',#2348,#1869,#1870);
#1617=AXIS2_PLACEMENT_3D('',#2349,#1871,#1872);
#1618=AXIS2_PLACEMENT_3D('',#2351,#1873,#1874);
#1619=AXIS2_PLACEMENT_3D('',#2353,#1875,#1876);
#1620=AXIS2_PLACEMENT_3D('',#2355,#1877,#1878);
#1621=AXIS2_PLACEMENT_3D('',#2397,#1899,#1900);
#1622=AXIS2_PLACEMENT_3D('',#2399,#1901,#1902);
#1623=AXIS2_PLACEMENT_3D('',#2400,#1903,#1904);
#1624=AXIS2_PLACEMENT_3D('',#2402,#1905,#1906);
#1625=AXIS2_PLACEMENT_3D('',#2404,#1907,#1908);
#1626=AXIS2_PLACEMENT_3D('',#2405,#1909,#1910);
#1627=AXIS2_PLACEMENT_3D('',#2409,#1913,#1914);
#1628=AXIS2_PLACEMENT_3D('',#2410,#1915,#1916);
#1629=AXIS2_PLACEMENT_3D('',#2412,#1917,#1918);
#1630=AXIS2_PLACEMENT_3D('',#2414,#1919,#1920);
#1631=AXIS2_PLACEMENT_3D('',#2417,#1923,#1924);
#1632=AXIS2_PLACEMENT_3D('',#2419,#1926,#1927);
#1633=AXIS2_PLACEMENT_3D('',#2420,#1928,#1929);
#1634=AXIS2_PLACEMENT_3D('',#2424,#1932,#1933);
#1635=AXIS2_PLACEMENT_3D('',#2427,#1935,#1936);
#1636=AXIS2_PLACEMENT_3D('',#2434,#1942,#1943);
#1637=AXIS2_PLACEMENT_3D('',#2436,#1945,#1946);
#1638=AXIS2_PLACEMENT_3D('',#2437,#1947,#1948);
#1639=AXIS2_PLACEMENT_3D('',#2438,#1949,#1950);
#1640=AXIS2_PLACEMENT_3D('',#2440,#1951,#1952);
#1641=AXIS2_PLACEMENT_3D('',#2441,#1953,#1954);
#1642=AXIS2_PLACEMENT_3D('',#2442,#1955,#1956);
#1643=AXIS2_PLACEMENT_3D('',#2444,#1957,#1958);
#1644=AXIS2_PLACEMENT_3D('',#2445,#1959,#1960);
#1645=AXIS2_PLACEMENT_3D('',#2447,#1962,#1963);
#1646=AXIS2_PLACEMENT_3D('',#2449,#1965,#1966);
#1647=AXIS2_PLACEMENT_3D('',#2451,#1968,#1969);
#1648=AXIS2_PLACEMENT_3D('',#2453,#1971,#1972);
#1649=AXIS2_PLACEMENT_3D('',#2455,#1974,#1975);
#1650=AXIS2_PLACEMENT_3D('',#2457,#1977,#1978);
#1651=AXIS2_PLACEMENT_3D('',#2459,#1980,#1981);
#1652=AXIS2_PLACEMENT_3D('',#2461,#1983,#1984);
#1653=AXIS2_PLACEMENT_3D('',#2462,#1985,#1986);
#1654=AXIS2_PLACEMENT_3D('',#2463,#1987,#1988);
#1655=AXIS2_PLACEMENT_3D('',#2465,#1989,#1990);
#1656=AXIS2_PLACEMENT_3D('',#2466,#1991,#1992);
#1657=AXIS2_PLACEMENT_3D('',#2467,#1993,#1994);
#1658=AXIS2_PLACEMENT_3D('',#2469,#1995,#1996);
#1659=AXIS2_PLACEMENT_3D('',#2470,#1997,#1998);
#1660=AXIS2_PLACEMENT_3D('',#2476,#2002,#2003);
#1661=AXIS2_PLACEMENT_3D('',#2480,#2006,#2007);
#1662=AXIS2_PLACEMENT_3D('',#2484,#2010,#2011);
#1663=AXIS2_PLACEMENT_3D('',#2488,#2014,#2015);
#1664=AXIS2_PLACEMENT_3D('',#2492,#2018,#2019);
#1665=AXIS2_PLACEMENT_3D('',#2496,#2022,#2023);
#1666=AXIS2_PLACEMENT_3D('',#2500,#2026,#2027);
#1667=AXIS2_PLACEMENT_3D('',#2504,#2030,#2031);
#1668=AXIS2_PLACEMENT_3D('',#2508,#2034,#2035);
#1669=AXIS2_PLACEMENT_3D('',#2512,#2038,#2039);
#1670=AXIS2_PLACEMENT_3D('',#2516,#2042,#2043);
#1671=AXIS2_PLACEMENT_3D('',#2520,#2046,#2047);
#1672=AXIS2_PLACEMENT_3D('',#2524,#2050,#2051);
#1673=AXIS2_PLACEMENT_3D('',#2528,#2054,#2055);
#1674=AXIS2_PLACEMENT_3D('',#2532,#2058,#2059);
#1675=AXIS2_PLACEMENT_3D('',#2536,#2062,#2063);
#1676=AXIS2_PLACEMENT_3D('',#2540,#2066,#2067);
#1677=AXIS2_PLACEMENT_3D('',#2544,#2070,#2071);
#1678=AXIS2_PLACEMENT_3D('',#2548,#2074,#2075);
#1679=AXIS2_PLACEMENT_3D('',#2550,#2077,#2078);
#1680=AXIS2_PLACEMENT_3D('',#2551,#2079,#2080);
#1681=AXIS2_PLACEMENT_3D('',#2552,#2081,#2082);
#1682=AXIS2_PLACEMENT_3D('',#2554,#2083,#2084);
#1683=AXIS2_PLACEMENT_3D('',#2555,#2085,#2086);
#1684=AXIS2_PLACEMENT_3D('',#2556,#2087,#2088);
#1685=AXIS2_PLACEMENT_3D('',#2558,#2089,#2090);
#1686=AXIS2_PLACEMENT_3D('',#2559,#2091,#2092);
#1687=AXIS2_PLACEMENT_3D('',#2560,#2093,#2094);
#1688=AXIS2_PLACEMENT_3D('',#2562,#2095,#2096);
#1689=AXIS2_PLACEMENT_3D('',#2563,#2097,#2098);
#1690=AXIS2_PLACEMENT_3D('',#2565,#2100,#2101);
#1691=AXIS2_PLACEMENT_3D('',#2567,#2103,#2104);
#1692=AXIS2_PLACEMENT_3D('',#2570,#2107,#2108);
#1693=AXIS2_PLACEMENT_3D('',#2571,#2109,#2110);
#1694=AXIS2_PLACEMENT_3D('',#2572,#2111,#2112);
#1695=AXIS2_PLACEMENT_3D('',#2574,#2114,#2115);
#1696=AXIS2_PLACEMENT_3D('',#2576,#2117,#2118);
#1697=AXIS2_PLACEMENT_3D('',#2578,#2120,#2121);
#1698=AXIS2_PLACEMENT_3D('',#2579,#2122,#2123);
#1699=AXIS2_PLACEMENT_3D('',#2580,#2124,#2125);
#1700=AXIS2_PLACEMENT_3D('',#2581,#2126,#2127);
#1701=AXIS2_PLACEMENT_3D('',#2584,#2129,#2130);
#1702=AXIS2_PLACEMENT_3D('',#2585,#2131,#2132);
#1703=AXIS2_PLACEMENT_3D('',#2588,#2134,#2135);
#1704=AXIS2_PLACEMENT_3D('',#2592,#2138,#2139);
#1705=AXIS2_PLACEMENT_3D('',#2593,#2140,#2141);
#1706=AXIS2_PLACEMENT_3D('',#2596,#2143,#2144);
#1707=AXIS2_PLACEMENT_3D('',#2598,#2146,#2147);
#1708=AXIS2_PLACEMENT_3D('',#2599,#2148,#2149);
#1709=AXIS2_PLACEMENT_3D('',#2602,#2151,#2152);
#1710=AXIS2_PLACEMENT_3D('',#2603,#2153,#2154);
#1711=AXIS2_PLACEMENT_3D('',#2607,#2157,#2158);
#1712=AXIS2_PLACEMENT_3D('',#2608,#2159,#2160);
#1713=AXIS2_PLACEMENT_3D('',#2611,#2162,#2163);
#1714=AXIS2_PLACEMENT_3D('',#2615,#2166,#2167);
#1715=AXIS2_PLACEMENT_3D('',#2616,#2168,#2169);
#1716=AXIS2_PLACEMENT_3D('',#2617,#2170,#2171);
#1717=DIRECTION('',(0.,0.,1.));
#1718=DIRECTION('',(1.,0.,0.));
#1719=DIRECTION('',(0.,-1.,0.));
#1720=DIRECTION('',(-0.743144825477393,0.,0.669130606358859));
#1721=DIRECTION('',(0.,-1.,0.));
#1722=DIRECTION('',(0.743144825477393,0.,-0.669130606358859));
#1723=DIRECTION('',(0.,-1.,0.));
#1724=DIRECTION('',(0.743144825477393,0.,-0.669130606358859));
#1725=DIRECTION('',(0.,1.,0.));
#1726=DIRECTION('',(0.743144825477393,0.,-0.669130606358859));
#1727=DIRECTION('',(0.,-1.,0.));
#1728=DIRECTION('',(0.743144825477393,0.,-0.669130606358859));
#1729=DIRECTION('',(0.,1.,0.));
#1730=DIRECTION('',(0.743144825477393,0.,-0.669130606358859));
#1731=DIRECTION('',(0.,-1.,0.));
#1732=DIRECTION('',(0.743144825477393,0.,-0.669130606358859));
#1733=DIRECTION('',(0.,-1.,0.));
#1734=DIRECTION('',(0.669130606358859,0.,0.743144825477393));
#1735=DIRECTION('',(0.,1.,0.));
#1736=DIRECTION('',(0.743144825477393,0.,-0.669130606358859));
#1737=DIRECTION('',(0.,-1.,0.));
#1738=DIRECTION('',(0.669130606358859,0.,0.743144825477393));
#1739=DIRECTION('',(0.,-1.,0.));
#1740=DIRECTION('',(0.743144825477393,0.,-0.669130606358859));
#1741=DIRECTION('',(0.,1.,0.));
#1742=DIRECTION('',(-0.766044443118979,0.,-0.642787609686538));
#1743=DIRECTION('',(0.766044443118984,0.,0.642787609686532));
#1744=DIRECTION('',(0.,-1.,0.));
#1745=DIRECTION('',(0.743144825477393,0.,-0.669130606358859));
#1746=DIRECTION('',(0.754709580222775,0.,0.656059028990503));
#1747=DIRECTION('',(0.,-1.,0.));
#1748=DIRECTION('',(0.743144825477393,0.,-0.669130606358859));
#1749=DIRECTION('',(-0.754709580218882,0.,-0.656059028994982));
#1750=DIRECTION('',(0.,-1.,0.));
#1751=DIRECTION('',(-0.743144825477393,0.,0.669130606358859));
#1752=DIRECTION('',(-0.559192903470747,0.,-0.829037572555041));
#1753=DIRECTION('',(0.,1.,0.));
#1754=DIRECTION('',(-0.559192903470748,0.,-0.829037572555041));
#1755=DIRECTION('',(0.,1.,0.));
#1756=DIRECTION('',(-0.559192903470748,0.,-0.829037572555041));
#1757=DIRECTION('',(0.970295726275994,0.,-0.241921895599676));
#1758=DIRECTION('',(0.,-1.,0.));
#1759=DIRECTION('',(-0.559192903470748,0.,-0.829037572555041));
#1760=DIRECTION('',(0.559192903470749,0.,0.82903757255504));
#1761=DIRECTION('',(0.,-1.,0.));
#1762=DIRECTION('',(0.743144825477393,0.,-0.669130606358859));
#1763=DIRECTION('',(0.,1.,0.));
#1764=DIRECTION('',(0.669130606358859,0.,0.743144825477393));
#1765=DIRECTION('',(-0.669130606358859,0.,-0.743144825477393));
#1766=DIRECTION('',(0.,-1.,0.));
#1767=DIRECTION('',(0.669130606358859,0.,0.743144825477393));
#1768=DIRECTION('',(-0.978147600733804,0.,0.207911690817765));
#1769=DIRECTION('',(0.,-1.,0.));
#1770=DIRECTION('',(0.669130606358859,0.,0.743144825477393));
#1771=DIRECTION('',(-0.499999999999997,0.,0.86602540378444));
#1772=DIRECTION('',(0.,-1.,0.));
#1773=DIRECTION('',(0.669130606358859,0.,0.743144825477393));
#1774=DIRECTION('',(0.669130606358859,0.,0.743144825477393));
#1775=DIRECTION('',(0.,1.,0.));
#1776=DIRECTION('',(0.669130606358859,0.,0.743144825477393));
#1777=DIRECTION('',(0.,-1.,0.));
#1778=DIRECTION('',(0.743144825477393,0.,-0.669130606358859));
#1779=DIRECTION('',(-0.766044443118978,0.,-0.64278760968654));
#1780=DIRECTION('',(0.,-1.,0.));
#1781=DIRECTION('',(-0.766044443118979,0.,-0.642787609686538));
#1782=DIRECTION('',(0.342020143325674,0.,-0.939692620785906));
#1783=DIRECTION('',(0.,1.,0.));
#1784=DIRECTION('',(-0.766044443118979,0.,-0.642787609686538));
#1785=DIRECTION('',(0.642787609686532,0.,-0.766044443118984));
#1786=DIRECTION('',(0.766044443118984,0.,0.642787609686532));
#1787=DIRECTION('',(0.766044443118979,0.,0.642787609686538));
#1788=DIRECTION('',(0.,1.,0.));
#1789=DIRECTION('',(0.766044443118984,0.,0.642787609686532));
#1790=DIRECTION('',(0.,1.,0.));
#1791=DIRECTION('',(-0.766044443118984,0.,-0.642787609686532));
#1792=DIRECTION('',(0.,-1.,0.));
#1793=DIRECTION('',(0.766044443118984,0.,0.642787609686532));
#1794=DIRECTION('',(0.,1.,0.));
#1795=DIRECTION('',(0.,1.,0.));
#1796=DIRECTION('',(-4.40929571477426E-16,1.,-6.53704972535479E-16));
#1797=DIRECTION('',(-0.669130606358859,-7.80836939252825E-16,-0.743144825477393));
#1798=DIRECTION('',(-0.829037572555041,0.,0.559192903470747));
#1799=DIRECTION('',(0.559192903470747,7.88510670898548E-16,0.829037572555041));
#1800=DIRECTION('',(-0.829037572555041,0.,0.559192903470747));
#1801=DIRECTION('',(4.40929571477426E-16,-1.,6.53704972535479E-16));
#1802=DIRECTION('',(-0.669130606358859,-7.80836939252825E-16,-0.743144825477393));
#1803=DIRECTION('',(0.,1.,0.));
#1804=DIRECTION('',(-0.669130606358859,0.,-0.743144825477393));
#1805=DIRECTION('',(4.40929571477426E-16,-1.,6.53704972535479E-16));
#1806=DIRECTION('',(-0.669130606358859,-7.80836939252825E-16,-0.743144825477393));
#1807=DIRECTION('',(4.40929571477426E-16,-1.,6.53704972535479E-16));
#1808=DIRECTION('',(-0.669130606358859,-7.80836939252825E-16,-0.743144825477393));
#1809=DIRECTION('',(0.,-1.,0.));
#1810=DIRECTION('',(-0.743144825477393,0.,0.669130606358859));
#1811=DIRECTION('',(0.,-1.,0.));
#1812=DIRECTION('',(0.,-1.,0.));
#1813=DIRECTION('',(0.743144825477393,0.,-0.669130606358859));
#1814=DIRECTION('',(0.,-1.,0.));
#1815=DIRECTION('',(0.,1.,0.));
#1816=DIRECTION('',(0.743144825477393,0.,-0.669130606358859));
#1817=DIRECTION('',(0.642787609686532,0.,-0.766044443118984));
#1818=DIRECTION('',(-0.766044443118984,0.,-0.642787609686532));
#1819=DIRECTION('',(0.,-1.,0.));
#1820=DIRECTION('',(0.743144825477393,0.,-0.669130606358859));
#1821=DIRECTION('',(0.,1.,0.));
#1822=DIRECTION('',(-0.669130606358859,0.,-0.743144825477393));
#1823=DIRECTION('',(0.,-1.,0.));
#1824=DIRECTION('',(0.743144825477393,0.,-0.669130606358859));
#1825=DIRECTION('',(0.,1.,0.));
#1826=DIRECTION('',(0.743144825477393,0.,-0.669130606358859));
#1827=DIRECTION('',(-0.829037572555041,0.,0.559192903470747));
#1828=DIRECTION('',(-0.559192903470747,0.,-0.829037572555041));
#1829=DIRECTION('',(0.,-1.,0.));
#1830=DIRECTION('',(-0.743144825477393,0.,0.669130606358859));
#1831=DIRECTION('',(-0.754709580218882,0.,-0.656059028994982));
#1832=DIRECTION('',(0.,-1.,0.));
#1833=DIRECTION('',(0.743144825477393,0.,-0.669130606358859));
#1834=DIRECTION('',(0.754709580222775,0.,0.656059028990503));
#1835=DIRECTION('',(0.,-1.,0.));
#1836=DIRECTION('',(0.743144825477393,0.,-0.669130606358859));
#1837=DIRECTION('',(0.,-1.,0.));
#1838=DIRECTION('',(0.743144825477393,0.,-0.669130606358859));
#1839=DIRECTION('',(0.,1.,0.));
#1840=DIRECTION('',(-0.669130606358859,0.,-0.743144825477393));
#1841=DIRECTION('',(0.,-1.,0.));
#1842=DIRECTION('',(0.743144825477393,0.,-0.669130606358859));
#1843=DIRECTION('',(0.766044443118984,0.,0.642787609686532));
#1844=DIRECTION('',(0.642787609686532,0.,-0.766044443118984));
#1845=DIRECTION('',(0.,-1.,0.));
#1846=DIRECTION('',(0.743144825477393,0.,-0.669130606358859));
#1847=DIRECTION('',(0.,1.,0.));
#1848=DIRECTION('',(0.669130606358859,0.,0.743144825477393));
#1849=DIRECTION('',(0.669130606358859,0.,0.743144825477393));
#1850=DIRECTION('',(0.,-1.,0.));
#1851=DIRECTION('',(0.669130606358859,0.,0.743144825477393));
#1852=DIRECTION('',(-0.499999999999997,0.,0.86602540378444));
#1853=DIRECTION('',(0.,-1.,0.));
#1854=DIRECTION('',(0.669130606358859,0.,0.743144825477393));
#1855=DIRECTION('',(-0.978147600733804,0.,0.207911690817765));
#1856=DIRECTION('',(0.,-1.,0.));
#1857=DIRECTION('',(0.669130606358859,0.,0.743144825477393));
#1858=DIRECTION('',(-0.669130606358859,0.,-0.743144825477393));
#1859=DIRECTION('',(0.,1.,0.));
#1860=DIRECTION('',(0.669130606358859,0.,0.743144825477393));
#1861=DIRECTION('',(0.,-1.,0.));
#1862=DIRECTION('',(0.743144825477393,0.,-0.669130606358859));
#1863=DIRECTION('',(-0.559192903470747,0.,-0.829037572555041));
#1864=DIRECTION('',(-0.829037572555041,0.,0.559192903470747));
#1865=DIRECTION('',(0.,-1.,0.));
#1866=DIRECTION('',(0.743144825477393,0.,-0.669130606358859));
#1867=DIRECTION('',(0.,1.,0.));
#1868=DIRECTION('',(-0.669130606358859,0.,-0.743144825477393));
#1869=DIRECTION('',(0.,-1.,0.));
#1870=DIRECTION('',(0.743144825477393,0.,-0.669130606358859));
#1871=DIRECTION('',(0.,1.,0.));
#1872=DIRECTION('',(-0.669130606358859,0.,-0.743144825477393));
#1873=DIRECTION('',(0.,1.,0.));
#1874=DIRECTION('',(-0.669130606358859,0.,-0.743144825477393));
#1875=DIRECTION('',(0.,-1.,0.));
#1876=DIRECTION('',(0.743144825477393,0.,-0.669130606358859));
#1877=DIRECTION('',(0.,-1.,0.));
#1878=DIRECTION('',(0.669130606358859,0.,0.743144825477393));
#1879=DIRECTION('',(-0.469471562785889,0.,0.882947592858928));
#1880=DIRECTION('',(0.882947592858926,0.,0.469471562785893));
#1881=DIRECTION('',(-0.469471562785895,0.,0.882947592858924));
#1882=DIRECTION('',(-0.882947592858927,0.,-0.469471562785891));
#1883=DIRECTION('',(-0.469471562785889,0.,0.882947592858928));
#1884=DIRECTION('',(0.882947592858927,0.,0.46947156278589));
#1885=DIRECTION('',(0.469471562785891,0.,-0.882947592858926));
#1886=DIRECTION('',(0.882947592858927,0.,0.469471562785891));
#1887=DIRECTION('',(-0.469471562785889,0.,0.882947592858928));
#1888=DIRECTION('',(0.882947592858927,0.,0.46947156278589));
#1889=DIRECTION('',(0.469471562785888,0.,-0.882947592858928));
#1890=DIRECTION('',(-0.882947592858928,0.,-0.469471562785889));
#1891=DIRECTION('',(0.469471562785887,0.,-0.882947592858929));
#1892=DIRECTION('',(0.882947592858928,0.,0.469471562785889));
#1893=DIRECTION('',(0.469471562785889,0.,-0.882947592858927));
#1894=DIRECTION('',(-0.882947592858927,0.,-0.46947156278589));
#1895=DIRECTION('',(-0.469471562785894,0.,0.882947592858925));
#1896=DIRECTION('',(-0.882947592858926,0.,-0.469471562785893));
#1897=DIRECTION('',(0.469471562785895,0.,-0.882947592858925));
#1898=DIRECTION('',(-0.882947592858926,0.,-0.469471562785892));
#1899=DIRECTION('',(0.,1.,0.));
#1900=DIRECTION('',(-0.669130606358859,0.,-0.743144825477393));
#1901=DIRECTION('',(0.,1.,0.));
#1902=DIRECTION('',(0.743144825477393,0.,-0.669130606358859));
#1903=DIRECTION('',(0.,1.,0.));
#1904=DIRECTION('',(0.,0.,1.));
#1905=DIRECTION('',(0.,1.,0.));
#1906=DIRECTION('',(0.669130606358859,0.,0.743144825477393));
#1907=DIRECTION('',(0.,1.,0.));
#1908=DIRECTION('',(0.743144825477393,0.,-0.669130606358859));
#1909=DIRECTION('',(0.,1.,0.));
#1910=DIRECTION('',(-0.743144825477393,0.,0.669130606358859));
#1911=DIRECTION('',(0.,1.,0.));
#1912=DIRECTION('',(0.,1.,0.));
#1913=DIRECTION('',(0.,1.,0.));
#1914=DIRECTION('',(0.743144825477393,0.,-0.669130606358859));
#1915=DIRECTION('',(0.,1.,0.));
#1916=DIRECTION('',(0.,0.,1.));
#1917=DIRECTION('',(0.,1.,0.));
#1918=DIRECTION('',(0.743144825477393,0.,-0.669130606358859));
#1919=DIRECTION('',(0.,1.,0.));
#1920=DIRECTION('',(0.743144825477393,0.,-0.669130606358859));
#1921=DIRECTION('',(0.,1.,0.));
#1922=DIRECTION('',(0.,1.,0.));
#1923=DIRECTION('',(0.656059028990503,0.,-0.754709580222775));
#1924=DIRECTION('',(0.754709580222775,0.,0.656059028990503));
#1925=DIRECTION('',(0.,1.,0.));
#1926=DIRECTION('',(0.,1.,0.));
#1927=DIRECTION('',(0.743144825477393,0.,-0.669130606358859));
#1928=DIRECTION('',(0.,1.,0.));
#1929=DIRECTION('',(0.743144825477393,0.,-0.669130606358859));
#1930=DIRECTION('',(0.,1.,0.));
#1931=DIRECTION('',(0.,1.,0.));
#1932=DIRECTION('',(0.,1.,0.));
#1933=DIRECTION('',(0.743144825477393,0.,-0.669130606358859));
#1934=DIRECTION('',(0.,1.,0.));
#1935=DIRECTION('',(-0.829037572555041,0.,0.559192903470747));
#1936=DIRECTION('',(-0.559192903470747,0.,-0.829037572555041));
#1937=DIRECTION('',(-0.559192903470747,0.,-0.829037572555041));
#1938=DIRECTION('',(0.,1.,0.));
#1939=DIRECTION('',(0.,1.,0.));
#1940=DIRECTION('',(0.,1.,0.));
#1941=DIRECTION('',(1.03178361897361E-15,-1.,1.14591179982785E-15));
#1942=DIRECTION('',(0.,1.,0.));
#1943=DIRECTION('',(0.743144825477393,0.,-0.669130606358859));
#1944=DIRECTION('',(0.,1.,0.));
#1945=DIRECTION('',(-0.656059028994982,0.,0.754709580218882));
#1946=DIRECTION('',(-0.754709580218882,0.,-0.656059028994982));
#1947=DIRECTION('',(0.,1.,0.));
#1948=DIRECTION('',(0.743144825477393,0.,-0.669130606358859));
#1949=DIRECTION('',(0.,-1.,0.));
#1950=DIRECTION('',(0.743144825477393,0.,-0.669130606358859));
#1951=DIRECTION('',(0.,1.,0.));
#1952=DIRECTION('',(0.743144825477393,0.,-0.669130606358859));
#1953=DIRECTION('',(0.,1.,0.));
#1954=DIRECTION('',(0.743144825477393,0.,-0.669130606358859));
#1955=DIRECTION('',(0.,1.,0.));
#1956=DIRECTION('',(0.,0.,1.));
#1957=DIRECTION('',(0.,1.,0.));
#1958=DIRECTION('',(0.743144825477393,0.,-0.669130606358859));
#1959=DIRECTION('',(0.,1.,0.));
#1960=DIRECTION('',(0.743144825477393,0.,-0.669130606358859));
#1961=DIRECTION('',(0.,1.,0.));
#1962=DIRECTION('',(0.743144825477393,0.,-0.669130606358859));
#1963=DIRECTION('',(0.669130606358859,0.,0.743144825477393));
#1964=DIRECTION('',(0.,1.,0.));
#1965=DIRECTION('',(0.,1.,0.));
#1966=DIRECTION('',(0.743144825477393,0.,-0.669130606358859));
#1967=DIRECTION('',(0.,1.,0.));
#1968=DIRECTION('',(0.86602540378444,0.,0.499999999999997));
#1969=DIRECTION('',(-0.499999999999997,0.,0.86602540378444));
#1970=DIRECTION('',(0.,1.,0.));
#1971=DIRECTION('',(0.,1.,0.));
#1972=DIRECTION('',(0.743144825477393,0.,-0.669130606358859));
#1973=DIRECTION('',(0.,1.,0.));
#1974=DIRECTION('',(0.207911690817765,0.,0.978147600733804));
#1975=DIRECTION('',(-0.978147600733804,0.,0.207911690817765));
#1976=DIRECTION('',(0.,1.,0.));
#1977=DIRECTION('',(0.,1.,0.));
#1978=DIRECTION('',(0.743144825477393,0.,-0.669130606358859));
#1979=DIRECTION('',(0.,1.,0.));
#1980=DIRECTION('',(-0.743144825477393,0.,0.669130606358859));
#1981=DIRECTION('',(-0.669130606358859,0.,-0.743144825477393));
#1982=DIRECTION('',(0.,1.,0.));
#1983=DIRECTION('',(0.,1.,0.));
#1984=DIRECTION('',(0.743144825477393,0.,-0.669130606358859));
#1985=DIRECTION('',(0.,1.,0.));
#1986=DIRECTION('',(0.743144825477393,0.,-0.669130606358859));
#1987=DIRECTION('',(0.,-1.,0.));
#1988=DIRECTION('',(0.669130606358859,0.,0.743144825477393));
#1989=DIRECTION('',(0.,1.,0.));
#1990=DIRECTION('',(0.743144825477393,0.,-0.669130606358859));
#1991=DIRECTION('',(0.,1.,0.));
#1992=DIRECTION('',(0.743144825477393,0.,-0.669130606358859));
#1993=DIRECTION('',(0.,1.,0.));
#1994=DIRECTION('',(0.,0.,1.));
#1995=DIRECTION('',(0.,1.,0.));
#1996=DIRECTION('',(0.743144825477393,0.,-0.669130606358859));
#1997=DIRECTION('',(0.882947592858928,0.,0.469471562785889));
#1998=DIRECTION('',(-0.469471562785889,0.,0.882947592858928));
#1999=DIRECTION('',(0.,1.,0.));
#2000=DIRECTION('',(-0.469471562785889,0.,0.882947592858928));
#2001=DIRECTION('',(0.,1.,0.));
#2002=DIRECTION('',(0.469471562785893,0.,-0.882947592858926));
#2003=DIRECTION('',(0.882947592858926,0.,0.469471562785893));
#2004=DIRECTION('',(0.882947592858926,0.,0.469471562785893));
#2005=DIRECTION('',(0.,1.,0.));
#2006=DIRECTION('',(0.882947592858924,0.,0.469471562785895));
#2007=DIRECTION('',(-0.469471562785895,0.,0.882947592858925));
#2008=DIRECTION('',(-0.469471562785895,0.,0.882947592858924));
#2009=DIRECTION('',(0.,1.,0.));
#2010=DIRECTION('',(-0.469471562785891,0.,0.882947592858927));
#2011=DIRECTION('',(-0.882947592858927,0.,-0.469471562785891));
#2012=DIRECTION('',(-0.882947592858927,0.,-0.469471562785891));
#2013=DIRECTION('',(0.,1.,0.));
#2014=DIRECTION('',(0.882947592858928,0.,0.469471562785889));
#2015=DIRECTION('',(-0.469471562785889,0.,0.882947592858928));
#2016=DIRECTION('',(-0.469471562785889,0.,0.882947592858928));
#2017=DIRECTION('',(0.,1.,0.));
#2018=DIRECTION('',(0.46947156278589,0.,-0.882947592858927));
#2019=DIRECTION('',(0.882947592858927,0.,0.46947156278589));
#2020=DIRECTION('',(0.882947592858927,0.,0.46947156278589));
#2021=DIRECTION('',(0.,1.,0.));
#2022=DIRECTION('',(-0.882947592858927,0.,-0.469471562785892));
#2023=DIRECTION('',(0.469471562785892,0.,-0.882947592858926));
#2024=DIRECTION('',(0.469471562785891,0.,-0.882947592858926));
#2025=DIRECTION('',(0.,1.,0.));
#2026=DIRECTION('',(0.46947156278589,0.,-0.882947592858927));
#2027=DIRECTION('',(0.882947592858927,0.,0.469471562785891));
#2028=DIRECTION('',(0.882947592858927,0.,0.469471562785891));
#2029=DIRECTION('',(0.,1.,0.));
#2030=DIRECTION('',(0.882947592858928,0.,0.469471562785889));
#2031=DIRECTION('',(-0.469471562785889,0.,0.882947592858928));
#2032=DIRECTION('',(-0.469471562785889,0.,0.882947592858928));
#2033=DIRECTION('',(0.,1.,0.));
#2034=DIRECTION('',(0.46947156278589,0.,-0.882947592858927));
#2035=DIRECTION('',(0.882947592858927,0.,0.46947156278589));
#2036=DIRECTION('',(0.882947592858927,0.,0.46947156278589));
#2037=DIRECTION('',(0.,1.,0.));
#2038=DIRECTION('',(-0.882947592858928,0.,-0.469471562785889));
#2039=DIRECTION('',(0.469471562785889,0.,-0.882947592858928));
#2040=DIRECTION('',(0.469471562785888,0.,-0.882947592858928));
#2041=DIRECTION('',(0.,1.,0.));
#2042=DIRECTION('',(-0.469471562785889,0.,0.882947592858928));
#2043=DIRECTION('',(-0.882947592858928,0.,-0.469471562785889));
#2044=DIRECTION('',(-0.882947592858928,0.,-0.469471562785889));
#2045=DIRECTION('',(0.,1.,0.));
#2046=DIRECTION('',(-0.882947592858929,0.,-0.469471562785887));
#2047=DIRECTION('',(0.469471562785887,0.,-0.882947592858929));
#2048=DIRECTION('',(0.469471562785887,0.,-0.882947592858929));
#2049=DIRECTION('',(0.,1.,0.));
#2050=DIRECTION('',(0.469471562785889,0.,-0.882947592858928));
#2051=DIRECTION('',(0.882947592858928,0.,0.469471562785889));
#2052=DIRECTION('',(0.882947592858928,0.,0.469471562785889));
#2053=DIRECTION('',(0.,1.,0.));
#2054=DIRECTION('',(-0.882947592858928,0.,-0.469471562785889));
#2055=DIRECTION('',(0.469471562785889,0.,-0.882947592858927));
#2056=DIRECTION('',(0.469471562785889,0.,-0.882947592858927));
#2057=DIRECTION('',(0.,1.,0.));
#2058=DIRECTION('',(-0.46947156278589,0.,0.882947592858927));
#2059=DIRECTION('',(-0.882947592858927,0.,-0.46947156278589));
#2060=DIRECTION('',(-0.882947592858927,0.,-0.46947156278589));
#2061=DIRECTION('',(0.,1.,0.));
#2062=DIRECTION('',(0.882947592858925,0.,0.469471562785895));
#2063=DIRECTION('',(-0.469471562785895,0.,0.882947592858925));
#2064=DIRECTION('',(-0.469471562785894,0.,0.882947592858925));
#2065=DIRECTION('',(0.,1.,0.));
#2066=DIRECTION('',(-0.469471562785892,0.,0.882947592858926));
#2067=DIRECTION('',(-0.882947592858926,0.,-0.469471562785893));
#2068=DIRECTION('',(-0.882947592858926,0.,-0.469471562785893));
#2069=DIRECTION('',(0.,1.,0.));
#2070=DIRECTION('',(-0.882947592858925,0.,-0.469471562785895));
#2071=DIRECTION('',(0.469471562785895,0.,-0.882947592858925));
#2072=DIRECTION('',(0.469471562785895,0.,-0.882947592858925));
#2073=DIRECTION('',(0.,1.,0.));
#2074=DIRECTION('',(-0.469471562785892,0.,0.882947592858926));
#2075=DIRECTION('',(-0.882947592858927,0.,-0.469471562785892));
#2076=DIRECTION('',(-0.882947592858926,0.,-0.469471562785892));
#2077=DIRECTION('',(0.,-1.,0.));
#2078=DIRECTION('',(-0.743144825477393,0.,0.669130606358859));
#2079=DIRECTION('',(0.,-1.,0.));
#2080=DIRECTION('',(-0.743144825477393,0.,0.669130606358859));
#2081=DIRECTION('',(0.,1.,0.));
#2082=DIRECTION('',(-0.669130606358859,0.,-0.743144825477393));
#2083=DIRECTION('',(0.,-1.,0.));
#2084=DIRECTION('',(-0.743144825477393,0.,0.669130606358859));
#2085=DIRECTION('',(0.,-1.,0.));
#2086=DIRECTION('',(-0.743144825477393,0.,0.669130606358859));
#2087=DIRECTION('',(0.,1.,0.));
#2088=DIRECTION('',(-0.669130606358859,0.,-0.743144825477393));
#2089=DIRECTION('',(0.,-1.,0.));
#2090=DIRECTION('',(-0.743144825477393,0.,0.669130606358859));
#2091=DIRECTION('',(0.,-1.,0.));
#2092=DIRECTION('',(-0.743144825477393,0.,0.669130606358859));
#2093=DIRECTION('',(0.,1.,0.));
#2094=DIRECTION('',(-0.669130606358859,0.,-0.743144825477393));
#2095=DIRECTION('',(0.,-1.,0.));
#2096=DIRECTION('',(-0.743144825477393,0.,0.669130606358859));
#2097=DIRECTION('',(0.766044443118984,0.,0.642787609686532));
#2098=DIRECTION('',(-0.642787609686532,0.,0.766044443118984));
#2099=DIRECTION('',(0.,1.,0.));
#2100=DIRECTION('',(0.642787609686532,0.,-0.766044443118984));
#2101=DIRECTION('',(0.766044443118984,0.,0.642787609686532));
#2102=DIRECTION('',(0.,1.,0.));
#2103=DIRECTION('',(0.,-1.,0.));
#2104=DIRECTION('',(-0.743144825477393,0.,0.669130606358859));
#2105=DIRECTION('',(0.,-1.,0.));
#2106=DIRECTION('',(0.,-1.,0.));
#2107=DIRECTION('',(0.,-1.,0.));
#2108=DIRECTION('',(-0.743144825477393,0.,0.669130606358859));
#2109=DIRECTION('',(0.,-1.,0.));
#2110=DIRECTION('',(-0.743144825477393,0.,0.669130606358859));
#2111=DIRECTION('',(-0.559192903470747,0.,-0.829037572555041));
#2112=DIRECTION('',(0.829037572555041,0.,-0.559192903470747));
#2113=DIRECTION('',(0.,-1.,0.));
#2114=DIRECTION('',(0.559192903470747,1.52697001453886E-15,0.829037572555041));
#2115=DIRECTION('',(-0.829037572555041,0.,0.559192903470747));
#2116=DIRECTION('',(8.53870795942757E-16,-1.,1.26591551421764E-15));
#2117=DIRECTION('',(0.,-1.,0.));
#2118=DIRECTION('',(-0.743144825477393,0.,0.669130606358859));
#2119=DIRECTION('',(0.,-1.,0.));
#2120=DIRECTION('',(0.,-1.,0.));
#2121=DIRECTION('',(-0.743144825477393,0.,0.669130606358859));
#2122=DIRECTION('',(0.,-1.,0.));
#2123=DIRECTION('',(-0.743144825477393,0.,0.669130606358859));
#2124=DIRECTION('',(0.,1.,0.));
#2125=DIRECTION('',(0.743144825477393,0.,-0.669130606358859));
#2126=DIRECTION('',(0.,1.,0.));
#2127=DIRECTION('',(-0.559192903470748,0.,-0.829037572555041));
#2128=DIRECTION('',(0.,1.,0.));
#2129=DIRECTION('',(0.,1.,0.));
#2130=DIRECTION('',(0.743144825477393,0.,-0.669130606358859));
#2131=DIRECTION('',(0.,1.,0.));
#2132=DIRECTION('',(-0.559192903470748,0.,-0.829037572555041));
#2133=DIRECTION('',(0.,1.,0.));
#2134=DIRECTION('',(-0.241921895599676,0.,-0.970295726275994));
#2135=DIRECTION('',(0.970295726275994,0.,-0.241921895599676));
#2136=DIRECTION('',(0.970295726275994,0.,-0.241921895599676));
#2137=DIRECTION('',(0.,1.,0.));
#2138=DIRECTION('',(0.,1.,0.));
#2139=DIRECTION('',(0.743144825477393,0.,-0.669130606358859));
#2140=DIRECTION('',(0.,-1.,0.));
#2141=DIRECTION('',(-0.559192903470748,0.,-0.829037572555041));
#2142=DIRECTION('',(0.,1.,0.));
#2143=DIRECTION('',(0.82903757255504,0.,-0.559192903470749));
#2144=DIRECTION('',(0.559192903470749,0.,0.82903757255504));
#2145=DIRECTION('',(0.559192903470749,0.,0.82903757255504));
#2146=DIRECTION('',(0.,-1.,0.));
#2147=DIRECTION('',(-0.743144825477393,0.,0.669130606358859));
#2148=DIRECTION('',(0.,1.,0.));
#2149=DIRECTION('',(0.743144825477393,0.,-0.669130606358859));
#2150=DIRECTION('',(0.,1.,0.));
#2151=DIRECTION('',(0.,1.,0.));
#2152=DIRECTION('',(-0.766044443118979,0.,-0.642787609686538));
#2153=DIRECTION('',(-0.64278760968654,0.,0.766044443118977));
#2154=DIRECTION('',(-0.766044443118978,0.,-0.64278760968654));
#2155=DIRECTION('',(-0.766044443118978,0.,-0.64278760968654));
#2156=DIRECTION('',(0.,1.,0.));
#2157=DIRECTION('',(0.,1.,0.));
#2158=DIRECTION('',(0.743144825477393,0.,-0.669130606358859));
#2159=DIRECTION('',(0.,-1.,0.));
#2160=DIRECTION('',(-0.766044443118979,0.,-0.642787609686538));
#2161=DIRECTION('',(0.,1.,0.));
#2162=DIRECTION('',(-0.939692620785906,0.,-0.342020143325674));
#2163=DIRECTION('',(0.342020143325674,0.,-0.939692620785906));
#2164=DIRECTION('',(0.342020143325674,0.,-0.939692620785906));
#2165=DIRECTION('',(0.,1.,0.));
#2166=DIRECTION('',(0.,1.,0.));
#2167=DIRECTION('',(0.743144825477393,0.,-0.669130606358859));
#2168=DIRECTION('',(0.,1.,0.));
#2169=DIRECTION('',(-0.766044443118979,0.,-0.642787609686538));
#2170=DIRECTION('',(0.,-1.,0.));
#2171=DIRECTION('',(-0.743144825477393,0.,0.669130606358859));
#2172=CARTESIAN_POINT('',(0.,0.,0.));
#2173=CARTESIAN_POINT('',(-83.585950307038,7.65000000000007,187.737118171338));
#2174=CARTESIAN_POINT('',(-83.585950307038,-12.3999999999999,187.737118171338));
#2175=CARTESIAN_POINT('',(-69.7241747626422,-12.3999999999999,175.255919410015));
#2176=CARTESIAN_POINT('',(-83.585950307038,7.65000000000007,187.737118171338));
#2177=CARTESIAN_POINT('',(-69.7241747626422,7.65000000000007,175.255919410015));
#2178=CARTESIAN_POINT('',(-83.585950307038,7.65000000000007,187.737118171338));
#2179=CARTESIAN_POINT('',(-83.5859503070381,7.65000000000007,187.737118171338));
#2180=CARTESIAN_POINT('',(-70.8781737913746,7.65000000000007,176.294984802602));
#2181=CARTESIAN_POINT('',(-83.585950307038,-12.3999999999999,187.737118171338));
#2182=CARTESIAN_POINT('',(-83.5859503070381,-12.3999999999999,187.737118171338));
#2183=CARTESIAN_POINT('',(-70.8781737913746,-12.3999999999999,176.294984802602));
#2184=CARTESIAN_POINT('',(-83.5859503070381,7.70000000000007,187.737118171338));
#2185=CARTESIAN_POINT('',(-115.030495918918,-12.3999999999999,156.328874463383));
#2186=CARTESIAN_POINT('',(-67.7442779265951,-12.3999999999999,202.845471446763));
#2187=CARTESIAN_POINT('',(-65.7034295772006,-12.3999999999999,205.112063164469));
#2188=CARTESIAN_POINT('',(-115.030495918918,-12.3999999999999,156.328874463383));
#2189=CARTESIAN_POINT('',(-112.801061442485,-12.3999999999999,154.321482644307));
#2190=CARTESIAN_POINT('',(-87.0096645638171,-12.3999999999999,164.69670241164));
#2191=CARTESIAN_POINT('',(-84.9504317802207,-12.3999999999999,162.242604343801));
#2192=CARTESIAN_POINT('',(-84.115832789362,-12.3999999999999,163.322375432802));
#2193=CARTESIAN_POINT('',(-91.5739795219343,-12.3999999999999,156.684787876644));
#2194=CARTESIAN_POINT('',(-91.5739795219284,-12.3999999999999,156.684787876649));
#2195=CARTESIAN_POINT('',(-101.260281616161,-12.3999999999999,168.228473196392));
#2196=CARTESIAN_POINT('',(-109.209467242029,-12.3999999999999,155.426459022541));
#2197=CARTESIAN_POINT('',(-112.07823028844,-12.3999999999999,152.932681352358));
#2198=CARTESIAN_POINT('',(-112.07823028846,-12.3999999999999,152.932681352381));
#2199=CARTESIAN_POINT('',(-115.030495918918,-12.3999999999999,156.328874463383));
#2200=CARTESIAN_POINT('',(-117.982761549401,-12.3999999999999,159.725067574363));
#2201=CARTESIAN_POINT('',(-115.034858703525,-12.3999999999999,162.287640422654));
#2202=CARTESIAN_POINT('',(-115.034858703529,-12.3999999999999,162.287640422664));
#2203=CARTESIAN_POINT('',(-101.140254192562,-12.3999999999999,168.120400018757));
#2204=CARTESIAN_POINT('',(-113.633196268949,-12.3999999999999,176.546995849699));
#2205=CARTESIAN_POINT('',(-99.0498711400284,-12.3999999999999,198.167664476967));
#2206=CARTESIAN_POINT('',(-108.798175368744,-12.3999999999999,183.715209118285));
#2207=CARTESIAN_POINT('',(-106.142272668518,-12.3999999999999,181.923780127078));
#2208=CARTESIAN_POINT('',(-107.811558728707,-12.3999999999999,184.658102901161));
#2209=CARTESIAN_POINT('',(-106.977852967952,-12.3999999999999,183.292476779382));
#2210=CARTESIAN_POINT('',(-106.590777934993,-12.3999999999999,184.844949941423));
#2211=CARTESIAN_POINT('',(-106.590777934993,-12.3999999999999,184.844949941423));
#2212=CARTESIAN_POINT('',(-106.219656093862,-12.3999999999999,184.752418873963));
#2213=CARTESIAN_POINT('',(-105.983495234372,-12.3999999999999,185.699608346453));
#2214=CARTESIAN_POINT('',(-105.174200047597,-12.3999999999999,185.153731850334));
#2215=CARTESIAN_POINT('',(-105.174200047597,-12.3999999999999,185.153731850334));
#2216=CARTESIAN_POINT('',(-102.14029136476,-12.3999999999999,189.65168644554));
#2217=CARTESIAN_POINT('',(-83.585950307038,-12.3999999999999,187.737118171338));
#2218=CARTESIAN_POINT('',(-75.1112430735208,-12.3999999999999,204.353630472932));
#2219=CARTESIAN_POINT('',(-74.0662651009751,-12.3999999999999,206.402537751677));
#2220=CARTESIAN_POINT('',(-72.3570320023771,-12.3999999999999,204.863537357052));
#2221=CARTESIAN_POINT('',(-71.0117621789892,-12.3999999999999,206.357610858729));
#2222=CARTESIAN_POINT('',(-71.0117621789892,-12.3999999999999,206.357610858729));
#2223=CARTESIAN_POINT('',(-69.4511580454866,-12.3999999999999,204.952436585375));
#2224=CARTESIAN_POINT('',(-69.0145434947693,-12.3999999999999,207.006546546916));
#2225=CARTESIAN_POINT('',(-66.2897511926051,-12.3999999999999,206.427374063903));
#2226=CARTESIAN_POINT('',(-66.2897511926051,-12.3999999999999,206.427374063903));
#2227=CARTESIAN_POINT('',(-66.7507999262191,-12.3999999999999,204.258310309806));
#2228=CARTESIAN_POINT('',(-64.8303696025471,-12.3999999999999,205.367071274138));
#2229=CARTESIAN_POINT('',(-63.5542243269739,-12.3999999999999,203.156722819006));
#2230=CARTESIAN_POINT('',(-63.5542243269739,-12.3999999999999,203.156722819006));
#2231=CARTESIAN_POINT('',(-65.9557896066403,-12.3999999999999,201.770178458314));
#2232=CARTESIAN_POINT('',(-63.8949830727543,-12.3999999999999,199.914619920688));
#2233=CARTESIAN_POINT('',(-66.0383279842318,-12.3999999999999,197.534194238406));
#2234=CARTESIAN_POINT('',(-66.0383279842318,-12.3999999999999,197.534194238406));
#2235=CARTESIAN_POINT('',(-64.3290948856338,-12.3999999999999,195.99519384378));
#2236=CARTESIAN_POINT('',(-66.4429242088222,-12.3999999999999,195.088703031676));
#2237=CARTESIAN_POINT('',(-83.585950307038,-12.3999999999999,187.737118171338));
#2238=CARTESIAN_POINT('',(-79.742413480488,-12.3999999999999,169.48454661482));
#2239=CARTESIAN_POINT('',(-79.7424134804593,-12.3999999999999,169.484546614826));
#2240=CARTESIAN_POINT('',(-83.8985979974525,-12.3999999999999,165.997093719512));
#2241=CARTESIAN_POINT('',(-83.2711174876916,-12.3999999999999,165.249291567722));
#2242=CARTESIAN_POINT('',(-84.1884326254193,-12.3999999999999,164.915416162147));
#2243=CARTESIAN_POINT('',(-84.1884326254193,-12.3999999999999,164.915416162147));
#2244=CARTESIAN_POINT('',(-84.0576156570895,-12.3999999999999,164.55599949558));
#2245=CARTESIAN_POINT('',(-85.561123850347,-12.3999999999999,164.008767266259));
#2246=CARTESIAN_POINT('',(-91.5739795219343,-24.7999999999999,156.684787876644));
#2247=CARTESIAN_POINT('',(-84.9504317802207,-17.4999999999999,162.242604343801));
#2248=CARTESIAN_POINT('',(-71.5961237446728,-17.4999999999999,173.448199291057));
#2249=CARTESIAN_POINT('',(-84.9504317802207,-17.4999999999999,162.242604343801));
#2250=CARTESIAN_POINT('',(-71.5961237446724,-24.7999999999999,173.448199291057));
#2251=CARTESIAN_POINT('',(-71.5961237446724,-24.7999999999999,173.448199291057));
#2252=CARTESIAN_POINT('',(-91.5739795219343,-24.7999999999999,156.684787876644));
#2253=CARTESIAN_POINT('',(-83.2018948128676,-24.7999999999999,163.709801068207));
#2254=CARTESIAN_POINT('',(-83.2018948128676,-24.7999999999999,163.709801068207));
#2255=CARTESIAN_POINT('',(-83.2018948128676,-22.5499999999999,163.709801068207));
#2256=CARTESIAN_POINT('',(-83.2018948128676,-22.5499999999999,163.709801068207));
#2257=CARTESIAN_POINT('',(-86.8023036955268,-22.5499999999999,160.68869930268));
#2258=CARTESIAN_POINT('',(-86.8023036955268,-24.7999999999999,160.68869930268));
#2259=CARTESIAN_POINT('',(-86.8023036955268,-24.7999999999999,160.68869930268));
#2260=CARTESIAN_POINT('',(-91.5739795219343,-24.7999999999999,156.684787876644));
#2261=CARTESIAN_POINT('',(-91.5739795219284,-24.7999999999999,156.684787876649));
#2262=CARTESIAN_POINT('',(-91.5739795219284,-24.7999999999999,156.684787876649));
#2263=CARTESIAN_POINT('',(-84.9504317802207,-17.4999999999999,162.242604343801));
#2264=CARTESIAN_POINT('',(-109.283282978626,-22.55,181.207715860374));
#2265=CARTESIAN_POINT('',(-106.822834203355,-22.55,184.855481179616));
#2266=CARTESIAN_POINT('',(-106.996639207137,-22.55,184.972714134937));
#2267=CARTESIAN_POINT('',(-107.65187177591,-22.55,185.414674083087));
#2268=CARTESIAN_POINT('',(-110.112320551182,-22.55,181.766908763845));
#2269=CARTESIAN_POINT('',(-110.112320551182,-22.55,181.766908763845));
#2270=CARTESIAN_POINT('',(-109.283282978626,-22.55,181.207715860374));
#2271=CARTESIAN_POINT('',(-109.588372494435,-22.55,181.413501337186));
#2272=CARTESIAN_POINT('',(-109.476533913741,-22.55,181.579308851697));
#2273=CARTESIAN_POINT('',(-109.276639560977,-22.55,181.585808677329));
#2274=CARTESIAN_POINT('',(-106.752973357337,-22.55,181.667868975925));
#2275=CARTESIAN_POINT('',(-107.702531088098,-22.55,184.007519615647));
#2276=CARTESIAN_POINT('',(-108.26662478954,-22.55,185.397411084789));
#2277=CARTESIAN_POINT('',(-106.93030132603,-22.55,184.716059779755));
#2278=CARTESIAN_POINT('',(-107.108477787831,-22.55,184.806906620426));
#2279=CARTESIAN_POINT('',(-108.26662478954,-22.55,185.397411084789));
#2280=CARTESIAN_POINT('',(-107.702531088098,-22.55,184.007519615647));
#2281=CARTESIAN_POINT('',(-107.702531088098,-24.7999999999999,184.007519615647));
#2282=CARTESIAN_POINT('',(-108.26662478954,-24.7999999999999,185.397411084789));
#2283=CARTESIAN_POINT('',(-106.93030132603,-24.7999999999999,184.716059779755));
#2284=CARTESIAN_POINT('',(-106.93030132603,-22.55,184.716059779755));
#2285=CARTESIAN_POINT('',(-83.8446824225541,-22.5499999999999,164.475845511326));
#2286=CARTESIAN_POINT('',(-83.8446824225541,-22.5499999999999,164.475845511326));
#2287=CARTESIAN_POINT('',(-83.8446824225541,-22.5499999999999,164.475845511326));
#2288=CARTESIAN_POINT('',(-83.8446824225541,-22.5499999999999,164.475845511326));
#2289=CARTESIAN_POINT('',(-84.0876298479906,-22.5499999999999,164.271988416247));
#2290=CARTESIAN_POINT('',(-83.444842238304,-22.5499999999999,163.505943973128));
#2291=CARTESIAN_POINT('',(-84.4371537652308,-22.5499999999999,163.629709208667));
#2292=CARTESIAN_POINT('',(-86.9427403707209,-22.5499999999999,163.942216428405));
#2293=CARTESIAN_POINT('',(-86.3747154447785,-22.5499999999999,161.481937443512));
#2294=CARTESIAN_POINT('',(-86.2397392247526,-22.5499999999999,160.897316694626));
#2295=CARTESIAN_POINT('',(-115.030495918918,-24.7999999999999,156.328874463383));
#2296=CARTESIAN_POINT('',(-109.283282978626,-24.7999999999999,181.207715860374));
#2297=CARTESIAN_POINT('',(-110.112320551182,-24.7999999999999,181.766908763845));
#2298=CARTESIAN_POINT('',(-109.588372494435,-24.7999999999999,181.413501337186));
#2299=CARTESIAN_POINT('',(-99.0498711400284,-24.7999999999999,198.167664476967));
#2300=CARTESIAN_POINT('',(-113.633196268949,-24.7999999999999,176.546995849699));
#2301=CARTESIAN_POINT('',(-101.140254192562,-24.7999999999999,168.120400018757));
#2302=CARTESIAN_POINT('',(-115.034858703529,-24.7999999999999,162.287640422664));
#2303=CARTESIAN_POINT('',(-115.034858703525,-24.7999999999999,162.287640422654));
#2304=CARTESIAN_POINT('',(-117.982761549401,-24.7999999999999,159.725067574363));
#2305=CARTESIAN_POINT('',(-115.030495918918,-24.7999999999999,156.328874463383));
#2306=CARTESIAN_POINT('',(-112.07823028846,-24.7999999999999,152.932681352381));
#2307=CARTESIAN_POINT('',(-112.07823028844,-24.7999999999999,152.932681352358));
#2308=CARTESIAN_POINT('',(-109.209467242029,-24.7999999999999,155.426459022541));
#2309=CARTESIAN_POINT('',(-101.260281616161,-24.7999999999999,168.228473196392));
#2310=CARTESIAN_POINT('',(-86.2397392247526,-24.7999999999999,160.897316694626));
#2311=CARTESIAN_POINT('',(-86.3747154447785,-24.7999999999999,161.481937443512));
#2312=CARTESIAN_POINT('',(-86.9427403707209,-24.7999999999999,163.942216428405));
#2313=CARTESIAN_POINT('',(-84.4371537652308,-24.7999999999999,163.629709208667));
#2314=CARTESIAN_POINT('',(-83.444842238304,-24.7999999999999,163.505943973128));
#2315=CARTESIAN_POINT('',(-84.0876298479906,-24.7999999999999,164.271988416247));
#2316=CARTESIAN_POINT('',(-87.3684868609015,-24.7999999999999,161.519022506768));
#2317=CARTESIAN_POINT('',(-83.8446824225541,-24.7999999999999,164.475845511326));
#2318=CARTESIAN_POINT('',(-83.8446824225541,-24.7999999999999,164.475845511326));
#2319=CARTESIAN_POINT('',(-83.585950307038,-24.7999999999999,187.737118171338));
#2320=CARTESIAN_POINT('',(-66.4429242088379,-24.7999999999999,195.088703031713));
#2321=CARTESIAN_POINT('',(-64.3290948856338,-24.7999999999999,195.99519384378));
#2322=CARTESIAN_POINT('',(-66.0383279842318,-24.7999999999999,197.534194238406));
#2323=CARTESIAN_POINT('',(-66.0383279842318,-24.7999999999999,197.534194238406));
#2324=CARTESIAN_POINT('',(-63.8949830727543,-24.7999999999999,199.914619920688));
#2325=CARTESIAN_POINT('',(-65.9557896066403,-24.7999999999999,201.770178458314));
#2326=CARTESIAN_POINT('',(-63.5542243269739,-24.7999999999999,203.156722819006));
#2327=CARTESIAN_POINT('',(-63.5542243269739,-24.7999999999999,203.156722819006));
#2328=CARTESIAN_POINT('',(-64.8303696025471,-24.7999999999999,205.367071274138));
#2329=CARTESIAN_POINT('',(-66.7507999262191,-24.7999999999999,204.258310309806));
#2330=CARTESIAN_POINT('',(-66.2897511926051,-24.7999999999999,206.427374063903));
#2331=CARTESIAN_POINT('',(-66.2897511926051,-24.7999999999999,206.427374063903));
#2332=CARTESIAN_POINT('',(-69.0145434947693,-24.7999999999999,207.006546546916));
#2333=CARTESIAN_POINT('',(-69.4511580454866,-24.7999999999999,204.952436585375));
#2334=CARTESIAN_POINT('',(-71.0117621789892,-24.7999999999999,206.357610858729));
#2335=CARTESIAN_POINT('',(-71.0117621789892,-24.7999999999999,206.357610858729));
#2336=CARTESIAN_POINT('',(-72.3570320023771,-24.7999999999999,204.863537357052));
#2337=CARTESIAN_POINT('',(-74.0662651009751,-24.7999999999999,206.402537751677));
#2338=CARTESIAN_POINT('',(-75.1112430735208,-24.7999999999999,204.353630472932));
#2339=CARTESIAN_POINT('',(-83.585950307038,-24.7999999999999,187.737118171338));
#2340=CARTESIAN_POINT('',(-99.0498711400287,-24.7999999999999,198.167664476967));
#2341=CARTESIAN_POINT('',(-99.0498711400284,-24.7999999999999,198.167664476967));
#2342=CARTESIAN_POINT('',(-107.65187177591,-24.7999999999999,185.414674083087));
#2343=CARTESIAN_POINT('',(-106.822834203355,-24.7999999999999,184.855481179616));
#2344=CARTESIAN_POINT('',(-106.996639207137,-24.7999999999999,184.972714134937));
#2345=CARTESIAN_POINT('',(-107.108477787831,-24.7999999999999,184.806906620426));
#2346=CARTESIAN_POINT('',(-106.752973357337,-24.7999999999999,181.667868975925));
#2347=CARTESIAN_POINT('',(-109.276639560977,-24.7999999999999,181.585808677329));
#2348=CARTESIAN_POINT('',(-109.476533913741,-24.7999999999999,181.579308851697));
#2349=CARTESIAN_POINT('',(-106.752973357337,-24.7999999999999,181.667868975925));
#2350=CARTESIAN_POINT('',(-107.639571410763,-24.7999999999999,180.683202082167));
#2351=CARTESIAN_POINT('',(-77.5181703795824,-24.7999999999999,194.23408487739));
#2352=CARTESIAN_POINT('',(-78.4047684330079,-24.7999999999999,193.249417983633));
#2353=CARTESIAN_POINT('',(-115.030495918918,-24.7999999999999,156.328874463383));
#2354=CARTESIAN_POINT('',(-112.801061442485,-24.7999999999999,154.321482644307));
#2355=CARTESIAN_POINT('',(-67.7442779265951,-24.7999999999999,202.845471446763));
#2356=CARTESIAN_POINT('',(-65.7034295772006,-24.7999999999999,205.112063164469));
#2357=CARTESIAN_POINT('',(-102.456296872549,-24.7999999999999,163.896401112966));
#2358=CARTESIAN_POINT('',(-103.234655046942,-24.7999999999999,165.360279931065));
#2359=CARTESIAN_POINT('',(-102.456296872549,-24.7999999999999,163.896401112966));
#2360=CARTESIAN_POINT('',(-103.234655046942,-24.7999999999999,165.360279931065));
#2361=CARTESIAN_POINT('',(-102.440002213369,-24.7999999999999,165.782804337572));
#2362=CARTESIAN_POINT('',(-102.440002213369,-24.7999999999999,165.782804337572));
#2363=CARTESIAN_POINT('',(-103.707575432891,-24.7999999999999,168.166762838291));
#2364=CARTESIAN_POINT('',(-103.707575432891,-24.7999999999999,168.166762838291));
#2365=CARTESIAN_POINT('',(-104.502228266464,-24.7999999999999,167.744238431784));
#2366=CARTESIAN_POINT('',(-104.502228266464,-24.7999999999999,167.744238431784));
#2367=CARTESIAN_POINT('',(-105.280586440857,-24.7999999999999,169.208117249883));
#2368=CARTESIAN_POINT('',(-105.280586440857,-24.7999999999999,169.208117249883));
#2369=CARTESIAN_POINT('',(-104.353491468355,-24.7999999999999,169.701062390809));
#2370=CARTESIAN_POINT('',(-104.353491468355,-24.7999999999999,169.701062390809));
#2371=CARTESIAN_POINT('',(-103.813599171151,-24.7999999999999,168.685672659021));
#2372=CARTESIAN_POINT('',(-103.813599171151,-24.7999999999999,168.685672659021));
#2373=CARTESIAN_POINT('',(-100.370103559001,-24.7999999999999,170.516611753886));
#2374=CARTESIAN_POINT('',(-100.370103559001,-24.7999999999999,170.516611753886));
#2375=CARTESIAN_POINT('',(-100.909995856205,-24.7999999999999,171.532001485674));
#2376=CARTESIAN_POINT('',(-100.909995856205,-24.7999999999999,171.532001485674));
#2377=CARTESIAN_POINT('',(-99.982900883703,-24.7999999999999,172.024946626599));
#2378=CARTESIAN_POINT('',(-99.982900883703,-24.7999999999999,172.024946626599));
#2379=CARTESIAN_POINT('',(-99.2045427093101,-24.7999999999999,170.561067808499));
#2380=CARTESIAN_POINT('',(-99.2045427093101,-24.7999999999999,170.561067808499));
#2381=CARTESIAN_POINT('',(-99.9991955428831,-24.7999999999999,170.138543401992));
#2382=CARTESIAN_POINT('',(-99.9991955428831,-24.7999999999999,170.138543401992));
#2383=CARTESIAN_POINT('',(-98.7316223233612,-24.7999999999999,167.754584901273));
#2384=CARTESIAN_POINT('',(-98.7316223233612,-24.7999999999999,167.754584901273));
#2385=CARTESIAN_POINT('',(-97.9369694897882,-24.7999999999999,168.17710930778));
#2386=CARTESIAN_POINT('',(-97.9369694897882,-24.7999999999999,168.17710930778));
#2387=CARTESIAN_POINT('',(-97.1586113153953,-24.7999999999999,166.713230489681));
#2388=CARTESIAN_POINT('',(-97.1586113153953,-24.7999999999999,166.713230489681));
#2389=CARTESIAN_POINT('',(-98.0857062878972,-24.7999999999999,166.220285348756));
#2390=CARTESIAN_POINT('',(-98.0857062878972,-24.7999999999999,166.220285348756));
#2391=CARTESIAN_POINT('',(-98.6255985851009,-24.7999999999999,167.235675080544));
#2392=CARTESIAN_POINT('',(-98.6255985851009,-24.7999999999999,167.235675080544));
#2393=CARTESIAN_POINT('',(-102.069094197251,-24.7999999999999,165.404735985679));
#2394=CARTESIAN_POINT('',(-102.069094197251,-24.7999999999999,165.404735985679));
#2395=CARTESIAN_POINT('',(-101.529201900047,-24.7999999999999,164.389346253891));
#2396=CARTESIAN_POINT('',(-101.529201900047,-24.7999999999999,164.389346253891));
#2397=CARTESIAN_POINT('',(-86.9427403707209,-24.7999999999999,163.942216428405));
#2398=CARTESIAN_POINT('',(-87.8293384241464,-24.7999999999999,162.957549534648));
#2399=CARTESIAN_POINT('',(-67.7442779265951,-24.7999999999999,202.845471446763));
#2400=CARTESIAN_POINT('',(-67.7442779265951,-16.4999999999999,202.845471446763));
#2401=CARTESIAN_POINT('',(-67.7442779265951,-16.4999999999999,204.445471446763));
#2402=CARTESIAN_POINT('',(-67.7442779265951,-14.5999999999999,202.845471446763));
#2403=CARTESIAN_POINT('',(-66.673668956421,-14.5999999999999,204.034503167527));
#2404=CARTESIAN_POINT('',(-83.585950307038,-24.7999999999999,187.737118171338));
#2405=CARTESIAN_POINT('',(-83.585950307038,-17.4999999999999,187.737118171338));
#2406=CARTESIAN_POINT('',(-79.742413480488,-17.4999999999999,169.48454661482));
#2407=CARTESIAN_POINT('',(-79.742413480488,-17.4999999999999,169.48454661482));
#2408=CARTESIAN_POINT('',(-66.4429242088379,-24.7999999999999,195.088703031713));
#2409=CARTESIAN_POINT('',(-115.030495918918,-55012.4,156.328874463383));
#2410=CARTESIAN_POINT('',(-115.030495918918,-16.5000000000006,156.328874463383));
#2411=CARTESIAN_POINT('',(-115.030495918918,-16.5000000000006,157.928874463383));
#2412=CARTESIAN_POINT('',(-115.030495918918,-14.5999999999999,156.328874463383));
#2413=CARTESIAN_POINT('',(-113.841464198154,-14.5999999999999,155.258265493209));
#2414=CARTESIAN_POINT('',(-115.030495918918,-24.7999999999999,156.328874463383));
#2415=CARTESIAN_POINT('',(-112.07823028846,-24.7999999999999,152.932681352381));
#2416=CARTESIAN_POINT('',(-117.982761549401,-24.7999999999999,159.725067574363));
#2417=CARTESIAN_POINT('',(-112.07823028844,-24.7999999999999,152.932681352358));
#2418=CARTESIAN_POINT('',(-109.209467242029,-24.7999999999999,155.426459022541));
#2419=CARTESIAN_POINT('',(-101.260281616161,-24.7999999999999,168.228473196392));
#2420=CARTESIAN_POINT('',(-83.585950307038,-24.7999999999999,187.737118171338));
#2421=CARTESIAN_POINT('',(-75.1112430735208,-24.7999999999999,204.353630472932));
#2422=CARTESIAN_POINT('',(-102.14029136476,-17.4999999999999,189.65168644554));
#2423=CARTESIAN_POINT('',(-102.14029136476,-17.4999999999999,189.65168644554));
#2424=CARTESIAN_POINT('',(-83.585950307038,-17.4999999999999,187.737118171338));
#2425=CARTESIAN_POINT('',(-99.0498711400285,-17.4999999999999,198.167664476967));
#2426=CARTESIAN_POINT('',(-99.0498711400287,-24.7999999999999,198.167664476967));
#2427=CARTESIAN_POINT('',(-99.0498711400284,-24.7999999999999,198.167664476967));
#2428=CARTESIAN_POINT('',(-99.0498711400287,-17.4999999999999,198.167664476967));
#2429=CARTESIAN_POINT('',(-108.798175368744,-17.4999999999999,183.715209118285));
#2430=CARTESIAN_POINT('',(-108.798175368744,-17.4999999999999,183.715209118285));
#2431=CARTESIAN_POINT('',(-113.633196268949,-24.7999999999999,176.546995849699));
#2432=CARTESIAN_POINT('',(-110.112320551182,-24.7999999999999,181.766908763845));
#2433=CARTESIAN_POINT('',(-107.65187177591,-22.55,185.414674083087));
#2434=CARTESIAN_POINT('',(-101.140254192562,-24.7999999999999,168.120400018757));
#2435=CARTESIAN_POINT('',(-115.034858703529,-24.7999999999999,162.287640422664));
#2436=CARTESIAN_POINT('',(-115.034858703525,-24.7999999999999,162.287640422654));
#2437=CARTESIAN_POINT('',(-115.030495918918,-14.5999999999999,156.328874463383));
#2438=CARTESIAN_POINT('',(-115.030495918918,-14.5999999999999,156.328874463383));
#2439=CARTESIAN_POINT('',(-112.801061442485,-14.5999999999999,154.321482644307));
#2440=CARTESIAN_POINT('',(-115.030495918918,-14.5999999999999,156.328874463383));
#2441=CARTESIAN_POINT('',(-115.030495918918,-16.4999999999999,156.328874463383));
#2442=CARTESIAN_POINT('',(-115.030495918918,-16.4999999999999,156.328874463383));
#2443=CARTESIAN_POINT('',(-115.030495918918,-16.4999999999999,159.328874463383));
#2444=CARTESIAN_POINT('',(-115.030495918918,-24.7999999999999,156.328874463383));
#2445=CARTESIAN_POINT('',(-64.3290948856338,-24.7999999999999,195.99519384378));
#2446=CARTESIAN_POINT('',(-66.0383279842318,-24.7999999999999,197.534194238406));
#2447=CARTESIAN_POINT('',(-66.0383279842318,-24.7999999999999,197.534194238406));
#2448=CARTESIAN_POINT('',(-63.8949830727543,-24.7999999999999,199.914619920688));
#2449=CARTESIAN_POINT('',(-65.9557896066403,-24.7999999999999,201.770178458314));
#2450=CARTESIAN_POINT('',(-63.5542243269739,-24.7999999999999,203.156722819006));
#2451=CARTESIAN_POINT('',(-63.5542243269739,-24.7999999999999,203.156722819006));
#2452=CARTESIAN_POINT('',(-64.8303696025471,-24.7999999999999,205.367071274138));
#2453=CARTESIAN_POINT('',(-66.7507999262191,-24.7999999999999,204.258310309806));
#2454=CARTESIAN_POINT('',(-66.2897511926051,-24.7999999999999,206.427374063903));
#2455=CARTESIAN_POINT('',(-66.2897511926051,-24.7999999999999,206.427374063903));
#2456=CARTESIAN_POINT('',(-69.0145434947693,-24.7999999999999,207.006546546916));
#2457=CARTESIAN_POINT('',(-69.4511580454866,-24.7999999999999,204.952436585375));
#2458=CARTESIAN_POINT('',(-71.0117621789892,-24.7999999999999,206.357610858729));
#2459=CARTESIAN_POINT('',(-71.0117621789892,-24.7999999999999,206.357610858729));
#2460=CARTESIAN_POINT('',(-72.3570320023771,-24.7999999999999,204.863537357052));
#2461=CARTESIAN_POINT('',(-74.0662651009751,-24.7999999999999,206.402537751677));
#2462=CARTESIAN_POINT('',(-67.7442779265951,-14.5999999999999,202.845471446763));
#2463=CARTESIAN_POINT('',(-67.7442779265951,-14.5999999999999,202.845471446763));
#2464=CARTESIAN_POINT('',(-65.7034295772006,-14.5999999999999,205.112063164469));
#2465=CARTESIAN_POINT('',(-67.7442779265951,-14.5999999999999,202.845471446763));
#2466=CARTESIAN_POINT('',(-67.7442779265951,-24.7999999999999,202.845471446763));
#2467=CARTESIAN_POINT('',(-67.7442779265951,-16.4999999999999,202.845471446763));
#2468=CARTESIAN_POINT('',(-67.7442779265951,-16.4999999999999,205.895471446763));
#2469=CARTESIAN_POINT('',(-115.030495918918,-16.4999999999999,156.328874463383));
#2470=CARTESIAN_POINT('',(-102.456296872549,-39.7999999999999,163.896401112966));
#2471=CARTESIAN_POINT('',(-102.456296872549,-39.7999999999999,163.896401112966));
#2472=CARTESIAN_POINT('',(-102.456296872549,-39.7999999999999,163.896401112966));
#2473=CARTESIAN_POINT('',(-102.456296872549,-39.7999999999999,163.896401112966));
#2474=CARTESIAN_POINT('',(-103.234655046942,-39.7999999999999,165.360279931065));
#2475=CARTESIAN_POINT('',(-103.234655046942,-39.7999999999999,165.360279931065));
#2476=CARTESIAN_POINT('',(-103.234655046942,-39.7999999999999,165.360279931065));
#2477=CARTESIAN_POINT('',(-103.234655046942,-39.7999999999999,165.360279931065));
#2478=CARTESIAN_POINT('',(-102.440002213369,-39.7999999999999,165.782804337572));
#2479=CARTESIAN_POINT('',(-102.440002213369,-39.7999999999999,165.782804337572));
#2480=CARTESIAN_POINT('',(-102.440002213369,-39.7999999999999,165.782804337572));
#2481=CARTESIAN_POINT('',(-102.440002213369,-39.7999999999999,165.782804337572));
#2482=CARTESIAN_POINT('',(-103.707575432891,-39.7999999999999,168.166762838291));
#2483=CARTESIAN_POINT('',(-103.707575432891,-39.7999999999999,168.166762838291));
#2484=CARTESIAN_POINT('',(-103.707575432891,-39.7999999999999,168.166762838291));
#2485=CARTESIAN_POINT('',(-103.707575432891,-39.7999999999999,168.166762838291));
#2486=CARTESIAN_POINT('',(-104.502228266464,-39.7999999999999,167.744238431784));
#2487=CARTESIAN_POINT('',(-104.502228266464,-39.7999999999999,167.744238431784));
#2488=CARTESIAN_POINT('',(-104.502228266464,-39.7999999999999,167.744238431784));
#2489=CARTESIAN_POINT('',(-104.502228266464,-39.7999999999999,167.744238431784));
#2490=CARTESIAN_POINT('',(-105.280586440857,-39.7999999999999,169.208117249883));
#2491=CARTESIAN_POINT('',(-105.280586440857,-39.7999999999999,169.208117249883));
#2492=CARTESIAN_POINT('',(-105.280586440857,-39.7999999999999,169.208117249883));
#2493=CARTESIAN_POINT('',(-105.280586440857,-39.7999999999999,169.208117249883));
#2494=CARTESIAN_POINT('',(-104.353491468355,-39.7999999999999,169.701062390809));
#2495=CARTESIAN_POINT('',(-104.353491468355,-39.7999999999999,169.701062390809));
#2496=CARTESIAN_POINT('',(-104.353491468355,-39.7999999999999,169.701062390809));
#2497=CARTESIAN_POINT('',(-104.353491468355,-39.7999999999999,169.701062390809));
#2498=CARTESIAN_POINT('',(-103.813599171151,-39.7999999999999,168.685672659021));
#2499=CARTESIAN_POINT('',(-103.813599171151,-39.7999999999999,168.685672659021));
#2500=CARTESIAN_POINT('',(-103.813599171151,-39.7999999999999,168.685672659021));
#2501=CARTESIAN_POINT('',(-103.813599171151,-39.7999999999999,168.685672659021));
#2502=CARTESIAN_POINT('',(-100.370103559001,-39.7999999999999,170.516611753886));
#2503=CARTESIAN_POINT('',(-100.370103559001,-39.7999999999999,170.516611753886));
#2504=CARTESIAN_POINT('',(-100.370103559001,-39.7999999999999,170.516611753886));
#2505=CARTESIAN_POINT('',(-100.370103559001,-39.7999999999999,170.516611753886));
#2506=CARTESIAN_POINT('',(-100.909995856205,-39.7999999999999,171.532001485674));
#2507=CARTESIAN_POINT('',(-100.909995856205,-39.7999999999999,171.532001485674));
#2508=CARTESIAN_POINT('',(-100.909995856205,-39.7999999999999,171.532001485674));
#2509=CARTESIAN_POINT('',(-100.909995856205,-39.7999999999999,171.532001485674));
#2510=CARTESIAN_POINT('',(-99.982900883703,-39.7999999999999,172.024946626599));
#2511=CARTESIAN_POINT('',(-99.982900883703,-39.7999999999999,172.024946626599));
#2512=CARTESIAN_POINT('',(-99.982900883703,-39.7999999999999,172.024946626599));
#2513=CARTESIAN_POINT('',(-99.982900883703,-39.7999999999999,172.024946626599));
#2514=CARTESIAN_POINT('',(-99.2045427093101,-39.7999999999999,170.561067808499));
#2515=CARTESIAN_POINT('',(-99.2045427093101,-39.7999999999999,170.561067808499));
#2516=CARTESIAN_POINT('',(-99.2045427093101,-39.7999999999999,170.561067808499));
#2517=CARTESIAN_POINT('',(-99.2045427093101,-39.7999999999999,170.561067808499));
#2518=CARTESIAN_POINT('',(-99.9991955428831,-39.7999999999999,170.138543401992));
#2519=CARTESIAN_POINT('',(-99.9991955428831,-39.7999999999999,170.138543401992));
#2520=CARTESIAN_POINT('',(-99.9991955428831,-39.7999999999999,170.138543401992));
#2521=CARTESIAN_POINT('',(-99.9991955428831,-39.7999999999999,170.138543401992));
#2522=CARTESIAN_POINT('',(-98.7316223233612,-39.7999999999999,167.754584901273));
#2523=CARTESIAN_POINT('',(-98.7316223233612,-39.7999999999999,167.754584901273));
#2524=CARTESIAN_POINT('',(-98.7316223233612,-39.7999999999999,167.754584901273));
#2525=CARTESIAN_POINT('',(-98.7316223233612,-39.7999999999999,167.754584901273));
#2526=CARTESIAN_POINT('',(-97.9369694897882,-39.7999999999999,168.17710930778));
#2527=CARTESIAN_POINT('',(-97.9369694897882,-39.7999999999999,168.17710930778));
#2528=CARTESIAN_POINT('',(-97.9369694897882,-39.7999999999999,168.17710930778));
#2529=CARTESIAN_POINT('',(-97.9369694897882,-39.7999999999999,168.17710930778));
#2530=CARTESIAN_POINT('',(-97.1586113153953,-39.7999999999999,166.713230489681));
#2531=CARTESIAN_POINT('',(-97.1586113153953,-39.7999999999999,166.713230489681));
#2532=CARTESIAN_POINT('',(-97.1586113153953,-39.7999999999999,166.713230489681));
#2533=CARTESIAN_POINT('',(-97.1586113153953,-39.7999999999999,166.713230489681));
#2534=CARTESIAN_POINT('',(-98.0857062878972,-39.7999999999999,166.220285348756));
#2535=CARTESIAN_POINT('',(-98.0857062878972,-39.7999999999999,166.220285348756));
#2536=CARTESIAN_POINT('',(-98.0857062878972,-39.7999999999999,166.220285348756));
#2537=CARTESIAN_POINT('',(-98.0857062878972,-39.7999999999999,166.220285348756));
#2538=CARTESIAN_POINT('',(-98.6255985851009,-39.7999999999999,167.235675080544));
#2539=CARTESIAN_POINT('',(-98.6255985851009,-39.7999999999999,167.235675080544));
#2540=CARTESIAN_POINT('',(-98.6255985851009,-39.7999999999999,167.235675080544));
#2541=CARTESIAN_POINT('',(-98.6255985851009,-39.7999999999999,167.235675080544));
#2542=CARTESIAN_POINT('',(-102.069094197251,-39.7999999999999,165.404735985679));
#2543=CARTESIAN_POINT('',(-102.069094197251,-39.7999999999999,165.404735985679));
#2544=CARTESIAN_POINT('',(-102.069094197251,-39.7999999999999,165.404735985679));
#2545=CARTESIAN_POINT('',(-102.069094197251,-39.7999999999999,165.404735985679));
#2546=CARTESIAN_POINT('',(-101.529201900047,-39.7999999999999,164.389346253891));
#2547=CARTESIAN_POINT('',(-101.529201900047,-39.7999999999999,164.389346253891));
#2548=CARTESIAN_POINT('',(-101.529201900047,-39.7999999999999,164.389346253891));
#2549=CARTESIAN_POINT('',(-101.529201900047,-39.7999999999999,164.389346253891));
#2550=CARTESIAN_POINT('',(-83.5859503070381,-39.7999999999999,187.737118171338));
#2551=CARTESIAN_POINT('',(-77.5181703795824,-22.7999999999999,194.23408487739));
#2552=CARTESIAN_POINT('',(-77.5181703795824,-22.7999999999999,194.23408487739));
#2553=CARTESIAN_POINT('',(-78.4047684330079,-22.7999999999999,193.249417983633));
#2554=CARTESIAN_POINT('',(-77.5181703795824,-22.7999999999999,194.23408487739));
#2555=CARTESIAN_POINT('',(-106.752973357337,-22.7999999999999,181.667868975925));
#2556=CARTESIAN_POINT('',(-106.752973357337,-22.7999999999999,181.667868975925));
#2557=CARTESIAN_POINT('',(-107.639571410763,-22.7999999999999,180.683202082167));
#2558=CARTESIAN_POINT('',(-106.752973357337,-22.7999999999999,181.667868975925));
#2559=CARTESIAN_POINT('',(-86.9427403707209,-22.7999999999999,163.942216428405));
#2560=CARTESIAN_POINT('',(-86.9427403707209,-22.7999999999999,163.942216428405));
#2561=CARTESIAN_POINT('',(-87.8293384241464,-22.7999999999999,162.957549534648));
#2562=CARTESIAN_POINT('',(-86.9427403707209,-22.7999999999999,163.942216428405));
#2563=CARTESIAN_POINT('',(-83.8446824225541,-24.7999999999999,164.475845511326));
#2564=CARTESIAN_POINT('',(-83.8446824225541,-24.7999999999999,164.475845511326));
#2565=CARTESIAN_POINT('',(-72.2389113543589,7.70000000000007,174.214243734176));
#2566=CARTESIAN_POINT('',(-84.0876298479906,-24.7999999999999,164.271988416247));
#2567=CARTESIAN_POINT('',(-86.9427403707209,-22.5499999999999,163.942216428405));
#2568=CARTESIAN_POINT('',(-84.4371537652308,-22.5499999999999,163.629709208667));
#2569=CARTESIAN_POINT('',(-86.3747154447785,-22.5499999999999,161.481937443512));
#2570=CARTESIAN_POINT('',(-83.444842238304,-22.5499999999999,163.505943973128));
#2571=CARTESIAN_POINT('',(-86.2397392247526,-22.5499999999999,160.897316694626));
#2572=CARTESIAN_POINT('',(-109.283282978626,-24.7999999999999,181.207715860374));
#2573=CARTESIAN_POINT('',(-109.588372494435,-24.7999999999999,181.413501337186));
#2574=CARTESIAN_POINT('',(-106.822834203355,-22.55,184.855481179616));
#2575=CARTESIAN_POINT('',(-106.996639207137,-22.55,184.972714134937));
#2576=CARTESIAN_POINT('',(-106.752973357337,-22.55,181.667868975925));
#2577=CARTESIAN_POINT('',(-109.276639560977,-22.55,181.585808677329));
#2578=CARTESIAN_POINT('',(-109.476533913741,-22.55,181.579308851697));
#2579=CARTESIAN_POINT('',(-107.108477787831,-22.55,184.806906620426));
#2580=CARTESIAN_POINT('',(-106.142272668518,-17.4999999999999,181.923780127078));
#2581=CARTESIAN_POINT('',(-106.142272668518,-17.4999999999999,181.923780127078));
#2582=CARTESIAN_POINT('',(-107.811558728707,-17.4999999999999,184.658102901161));
#2583=CARTESIAN_POINT('',(-107.811558728707,-17.4999999999999,184.658102901161));
#2584=CARTESIAN_POINT('',(-106.977852967952,-17.4999999999999,183.292476779382));
#2585=CARTESIAN_POINT('',(-106.977852967952,-17.4999999999999,183.292476779382));
#2586=CARTESIAN_POINT('',(-106.590777934993,-17.4999999999999,184.844949941423));
#2587=CARTESIAN_POINT('',(-106.590777934993,-17.4999999999999,184.844949941423));
#2588=CARTESIAN_POINT('',(-106.590777934993,-17.4999999999999,184.844949941423));
#2589=CARTESIAN_POINT('',(-106.590777934993,-17.4999999999999,184.844949941423));
#2590=CARTESIAN_POINT('',(-106.219656093862,-17.4999999999999,184.752418873963));
#2591=CARTESIAN_POINT('',(-106.219656093862,-17.4999999999999,184.752418873963));
#2592=CARTESIAN_POINT('',(-105.983495234372,-17.4999999999999,185.699608346453));
#2593=CARTESIAN_POINT('',(-105.983495234372,-17.4999999999999,185.699608346453));
#2594=CARTESIAN_POINT('',(-105.174200047597,-17.4999999999999,185.153731850334));
#2595=CARTESIAN_POINT('',(-105.174200047597,-17.4999999999999,185.153731850334));
#2596=CARTESIAN_POINT('',(-105.174200047597,-17.4999999999999,185.153731850334));
#2597=CARTESIAN_POINT('',(-105.174200047597,-17.4999999999999,185.153731850334));
#2598=CARTESIAN_POINT('',(-106.142272668518,-17.4999999999999,181.923780127078));
#2599=CARTESIAN_POINT('',(-87.0096645638171,-17.4999999999999,164.69670241164));
#2600=CARTESIAN_POINT('',(-84.115832789362,-17.4999999999999,163.322375432802));
#2601=CARTESIAN_POINT('',(-84.115832789362,-17.4999999999999,163.322375432802));
#2602=CARTESIAN_POINT('',(-87.0096645638171,-17.4999999999999,164.69670241164));
#2603=CARTESIAN_POINT('',(-79.7424134804593,-17.4999999999999,169.484546614826));
#2604=CARTESIAN_POINT('',(-79.7424134804593,-17.4999999999999,169.484546614826));
#2605=CARTESIAN_POINT('',(-83.8985979974525,-17.4999999999999,165.997093719512));
#2606=CARTESIAN_POINT('',(-83.8985979974525,-17.4999999999999,165.997093719512));
#2607=CARTESIAN_POINT('',(-83.2711174876916,-17.4999999999999,165.249291567722));
#2608=CARTESIAN_POINT('',(-83.2711174876916,-17.4999999999999,165.249291567722));
#2609=CARTESIAN_POINT('',(-84.1884326254193,-17.4999999999999,164.915416162147));
#2610=CARTESIAN_POINT('',(-84.1884326254193,-17.4999999999999,164.915416162147));
#2611=CARTESIAN_POINT('',(-84.1884326254193,-17.4999999999999,164.915416162147));
#2612=CARTESIAN_POINT('',(-84.1884326254193,-17.4999999999999,164.915416162147));
#2613=CARTESIAN_POINT('',(-84.0576156570895,-17.4999999999999,164.55599949558));
#2614=CARTESIAN_POINT('',(-84.0576156570895,-17.4999999999999,164.55599949558));
#2615=CARTESIAN_POINT('',(-85.561123850347,-17.4999999999999,164.008767266259));
#2616=CARTESIAN_POINT('',(-85.561123850347,-17.4999999999999,164.008767266259));
#2617=CARTESIAN_POINT('',(-87.0096645638171,-17.4999999999999,164.69670241164));
#2618=MECHANICAL_DESIGN_GEOMETRIC_PRESENTATION_REPRESENTATION('',(#1541,
#1542),#2619);
#2619=(
GEOMETRIC_REPRESENTATION_CONTEXT(3)
GLOBAL_UNCERTAINTY_ASSIGNED_CONTEXT((#2620))
GLOBAL_UNIT_ASSIGNED_CONTEXT((#2623,#2622,#2621))
REPRESENTATION_CONTEXT('M06L-01','TOP_LEVEL_ASSEMBLY_PART')
);
#2620=UNCERTAINTY_MEASURE_WITH_UNIT(LENGTH_MEASURE(0.005),#2623,
'DISTANCE_ACCURACY_VALUE','Maximum Tolerance applied to model');
#2621=(
NAMED_UNIT(*)
SI_UNIT($,.STERADIAN.)
SOLID_ANGLE_UNIT()
);
#2622=(
NAMED_UNIT(*)
PLANE_ANGLE_UNIT()
SI_UNIT($,.RADIAN.)
);
#2623=(
LENGTH_UNIT()
NAMED_UNIT(*)
SI_UNIT(.MILLI.,.METRE.)
);
#2624=PRODUCT_DEFINITION_SHAPE('','',#2625);
#2625=PRODUCT_DEFINITION('','',#2627,#2626);
#2626=PRODUCT_DEFINITION_CONTEXT('',#2633,'design');
#2627=PRODUCT_DEFINITION_FORMATION_WITH_SPECIFIED_SOURCE('','',#2629,
 .NOT_KNOWN.);
#2628=PRODUCT_RELATED_PRODUCT_CATEGORY('','',(#2629));
#2629=PRODUCT('M06L-01','M06L-01','M06L-01',(#2631));
#2630=PRODUCT_CATEGORY('','');
#2631=PRODUCT_CONTEXT('',#2633,'mechanical');
#2632=APPLICATION_PROTOCOL_DEFINITION('international standard',
'ap242_managed_model_based_3d_engineering',2020,#2633);
#2633=APPLICATION_CONTEXT('managed model based 3d engineering');
ENDSEC;
END-ISO-10303-21;
