ISO-10303-21;
HEADER;
/* Generated by software containing ST-Developer
 * from STEP Tools, Inc. (www.steptools.com) 
 */
/* OPTION: using custom renumber hook */

FILE_DESCRIPTION(
/* description */ (
'CAx-IF Rec.Pracs.---Representation and Presentation of Product Manufa
cturing Information (PMI)---4.0---2014-10-13',
'CAx-IF Rec.Pracs.---3D Tessellated Geometry---0.4---2014-09-14','2;1'),

/* implementation_level */ '2;1');

FILE_NAME(
/* name */ 'U05-1',
/* time_stamp */ '2026-04-13T01:14:50+03:00',
/* author */ (''),
/* organization */ (''),
/* preprocessor_version */ 'ST-DEVELOPER v18.102',
/* originating_system */ 'SIEMENS PLM Software NX2206.9140',
/* authorisation */ $);

FILE_SCHEMA (('AP242_MANAGED_MODEL_BASED_3D_ENGINEERING_MIM_LF { 1 0 10303 442 3 1 4 }'));
ENDSEC;

DATA;
#10=SHAPE_REPRESENTATION_RELATIONSHIP('','',#5599,#11);
#11=ADVANCED_BREP_SHAPE_REPRESENTATION('',(#5597),#9881);
#12=(
BOUNDED_SURFACE()
B_SPLINE_SURFACE(3,2,((#8199,#8200,#8201),(#8202,#8203,#8204),(#8205,#8206,
#8207),(#8208,#8209,#8210)),.UNSPECIFIED.,.F.,.F.,.F.)
B_SPLINE_SURFACE_WITH_KNOTS((4,4),(3,3),(0.789418401011772,0.790417017150409),
(0.627955009604123,1.),.PIECEWISE_BEZIER_KNOTS.)
GEOMETRIC_REPRESENTATION_ITEM()
RATIONAL_B_SPLINE_SURFACE(((0.992165883235677,0.993762199007488,1.),(0.992138235571822,
0.993740184959163,1.),(0.992110409166983,0.993718028590941,1.),(0.992082401215845,
0.993695727669132,1.)))
REPRESENTATION_ITEM('')
SURFACE()
);
#13=(
BOUNDED_SURFACE()
B_SPLINE_SURFACE(3,2,((#8293,#8294,#8295),(#8296,#8297,#8298),(#8299,#8300,
#8301),(#8302,#8303,#8304)),.UNSPECIFIED.,.F.,.F.,.F.)
B_SPLINE_SURFACE_WITH_KNOTS((4,4),(3,3),(0.789418401011772,0.790417017150409),
(0.,0.372044990395876),.PIECEWISE_BEZIER_KNOTS.)
GEOMETRIC_REPRESENTATION_ITEM()
RATIONAL_B_SPLINE_SURFACE(((1.,0.993762199007488,0.992165883235677),(1.,
0.993740184959163,0.992138235571822),(1.,0.993718028590772,0.99211040916677),
(1.,0.993695727669132,0.992082401215845)))
REPRESENTATION_ITEM('')
SURFACE()
);
#14=(
BOUNDED_SURFACE()
B_SPLINE_SURFACE(3,2,((#8447,#8448,#8449),(#8450,#8451,#8452),(#8453,#8454,
#8455),(#8456,#8457,#8458)),.UNSPECIFIED.,.F.,.F.,.F.)
B_SPLINE_SURFACE_WITH_KNOTS((4,4),(3,3),(0.00223875986878503,0.0160753244864999),
(0.,1.),.PIECEWISE_BEZIER_KNOTS.)
GEOMETRIC_REPRESENTATION_ITEM()
RATIONAL_B_SPLINE_SURFACE(((1.,0.903959709903085,1.),(1.,0.905303597058128,
1.),(1.,0.906675360209923,1.),(1.,0.908076832084866,1.)))
REPRESENTATION_ITEM('')
SURFACE()
);
#15=(
BOUNDED_SURFACE()
B_SPLINE_SURFACE(3,2,((#8480,#8481,#8482),(#8483,#8484,#8485),(#8486,#8487,
#8488),(#8489,#8490,#8491)),.UNSPECIFIED.,.F.,.F.,.F.)
B_SPLINE_SURFACE_WITH_KNOTS((4,4),(3,3),(0.00232803132389472,0.016191076964103),
(0.,1.),.PIECEWISE_BEZIER_KNOTS.)
GEOMETRIC_REPRESENTATION_ITEM()
RATIONAL_B_SPLINE_SURFACE(((1.,0.676595963446401,1.),(1.,0.676841072743444,
1.),(1.,0.677080275068813,1.),(1.,0.677313978294468,1.)))
REPRESENTATION_ITEM('')
SURFACE()
);
#16=(
BOUNDED_SURFACE()
B_SPLINE_SURFACE(3,2,((#8690,#8691,#8692),(#8693,#8694,#8695),(#8696,#8697,
#8698),(#8699,#8700,#8701)),.UNSPECIFIED.,.F.,.F.,.F.)
B_SPLINE_SURFACE_WITH_KNOTS((4,4),(3,3),(0.00232803132389472,0.016191076964103),
(0.,1.),.PIECEWISE_BEZIER_KNOTS.)
GEOMETRIC_REPRESENTATION_ITEM()
RATIONAL_B_SPLINE_SURFACE(((1.,0.676595963446401,1.),(1.,0.676841072743444,
1.),(1.,0.677080275068813,1.),(1.,0.677313978294468,1.)))
REPRESENTATION_ITEM('')
SURFACE()
);
#17=(
BOUNDED_SURFACE()
B_SPLINE_SURFACE(3,2,((#8725,#8726,#8727),(#8728,#8729,#8730),(#8731,#8732,
#8733),(#8734,#8735,#8736)),.UNSPECIFIED.,.F.,.F.,.F.)
B_SPLINE_SURFACE_WITH_KNOTS((4,4),(3,3),(0.00223875986878503,0.0160753244864999),
(0.,1.),.PIECEWISE_BEZIER_KNOTS.)
GEOMETRIC_REPRESENTATION_ITEM()
RATIONAL_B_SPLINE_SURFACE(((1.,0.903959709903085,1.),(1.,0.905303597058128,
1.),(1.,0.906675360209923,1.),(1.,0.908076832084866,1.)))
REPRESENTATION_ITEM('')
SURFACE()
);
#18=(
BOUNDED_SURFACE()
B_SPLINE_SURFACE(3,2,((#8844,#8845,#8846),(#8847,#8848,#8849),(#8850,#8851,
#8852),(#8853,#8854,#8855)),.UNSPECIFIED.,.F.,.F.,.F.)
B_SPLINE_SURFACE_WITH_KNOTS((4,4),(3,3),(0.0278082436253074,0.0425117009817985),
(0.,1.),.PIECEWISE_BEZIER_KNOTS.)
GEOMETRIC_REPRESENTATION_ITEM()
RATIONAL_B_SPLINE_SURFACE(((1.,0.853593099640543,1.),(1.,0.853653938485346,
1.),(1.,0.853714960544133,1.),(1.,0.853776167462947,1.)))
REPRESENTATION_ITEM('')
SURFACE()
);
#19=(
BOUNDED_SURFACE()
B_SPLINE_SURFACE(3,2,((#8891,#8892,#8893),(#8894,#8895,#8896),(#8897,#8898,
#8899),(#8900,#8901,#8902)),.UNSPECIFIED.,.F.,.F.,.F.)
B_SPLINE_SURFACE_WITH_KNOTS((4,4),(3,3),(0.285142299658179,0.301255551052283),
(0.,1.),.PIECEWISE_BEZIER_KNOTS.)
GEOMETRIC_REPRESENTATION_ITEM()
RATIONAL_B_SPLINE_SURFACE(((1.,0.926461912516105,1.),(1.,0.923090371117525,
1.),(1.,0.919569006100284,1.),(1.,0.9158929203889,1.)))
REPRESENTATION_ITEM('')
SURFACE()
);
#20=(
BOUNDED_SURFACE()
B_SPLINE_SURFACE(3,2,((#9052,#9053,#9054),(#9055,#9056,#9057),(#9058,#9059,
#9060),(#9061,#9062,#9063)),.UNSPECIFIED.,.F.,.F.,.F.)
B_SPLINE_SURFACE_WITH_KNOTS((4,4),(3,3),(0.0749415565920398,0.089769597288315),
(0.,1.),.PIECEWISE_BEZIER_KNOTS.)
GEOMETRIC_REPRESENTATION_ITEM()
RATIONAL_B_SPLINE_SURFACE(((1.,0.853056172634709,1.),(1.,0.852995150795138,
1.),(1.,0.852934314957698,1.),(1.,0.852873663329692,1.)))
REPRESENTATION_ITEM('')
SURFACE()
);
#21=(
BOUNDED_SURFACE()
B_SPLINE_SURFACE(3,2,((#9148,#9149,#9150),(#9151,#9152,#9153),(#9154,#9155,
#9156),(#9157,#9158,#9159)),.UNSPECIFIED.,.F.,.F.,.F.)
B_SPLINE_SURFACE_WITH_KNOTS((4,4),(3,3),(0.0749415565920398,0.089769597288315),
(0.,1.),.PIECEWISE_BEZIER_KNOTS.)
GEOMETRIC_REPRESENTATION_ITEM()
RATIONAL_B_SPLINE_SURFACE(((1.,0.853056172634711,1.),(1.,0.852995150760569,
1.),(1.,0.852934314924226,1.),(1.,0.852873663329694,1.)))
REPRESENTATION_ITEM('')
SURFACE()
);
#22=(
BOUNDED_SURFACE()
B_SPLINE_SURFACE(3,2,((#9271,#9272,#9273),(#9274,#9275,#9276),(#9277,#9278,
#9279),(#9280,#9281,#9282)),.UNSPECIFIED.,.F.,.F.,.F.)
B_SPLINE_SURFACE_WITH_KNOTS((4,4),(3,3),(0.285142299658179,0.301255551052283),
(0.,1.),.PIECEWISE_BEZIER_KNOTS.)
GEOMETRIC_REPRESENTATION_ITEM()
RATIONAL_B_SPLINE_SURFACE(((1.,0.926461912516105,1.),(1.,0.923090371117525,
1.),(1.,0.919569006100284,1.),(1.,0.9158929203889,1.)))
REPRESENTATION_ITEM('')
SURFACE()
);
#23=(
BOUNDED_SURFACE()
B_SPLINE_SURFACE(3,2,((#9319,#9320,#9321),(#9322,#9323,#9324),(#9325,#9326,
#9327),(#9328,#9329,#9330)),.UNSPECIFIED.,.F.,.F.,.F.)
B_SPLINE_SURFACE_WITH_KNOTS((4,4),(3,3),(0.0278082436253074,0.0425117009817985),
(0.,1.),.PIECEWISE_BEZIER_KNOTS.)
GEOMETRIC_REPRESENTATION_ITEM()
RATIONAL_B_SPLINE_SURFACE(((1.,0.853593099640543,1.),(1.,0.853653938467933,
1.),(1.,0.853714960544133,1.),(1.,0.853776167462947,1.)))
REPRESENTATION_ITEM('')
SURFACE()
);
#24=(
BOUNDED_SURFACE()
B_SPLINE_SURFACE(3,2,((#9401,#9402,#9403),(#9404,#9405,#9406),(#9407,#9408,
#9409),(#9410,#9411,#9412)),.UNSPECIFIED.,.F.,.F.,.F.)
B_SPLINE_SURFACE_WITH_KNOTS((4,4),(3,3),(0.788928544523212,0.800845318187967),
(0.,1.),.PIECEWISE_BEZIER_KNOTS.)
GEOMETRIC_REPRESENTATION_ITEM()
RATIONAL_B_SPLINE_SURFACE(((1.,0.983320545561198,1.),(1.,0.98261890978847,
1.),(1.,0.981863407731516,1.),(1.,0.98104287191389,1.)))
REPRESENTATION_ITEM('')
SURFACE()
);
#25=(
BOUNDED_SURFACE()
B_SPLINE_SURFACE(3,2,((#9419,#9420,#9421),(#9422,#9423,#9424),(#9425,#9426,
#9427),(#9428,#9429,#9430)),.UNSPECIFIED.,.F.,.F.,.F.)
B_SPLINE_SURFACE_WITH_KNOTS((4,4),(3,3),(0.788928544523212,0.800845318187967),
(0.,1.),.PIECEWISE_BEZIER_KNOTS.)
GEOMETRIC_REPRESENTATION_ITEM()
RATIONAL_B_SPLINE_SURFACE(((1.,0.983320545561198,1.),(1.,0.982618909785734,
1.),(1.,0.981863407730671,1.),(1.,0.98104287191389,1.)))
REPRESENTATION_ITEM('')
SURFACE()
);
#26=(
BOUNDED_SURFACE()
B_SPLINE_SURFACE(3,2,((#9469,#9470,#9471),(#9472,#9473,#9474),(#9475,#9476,
#9477),(#9478,#9479,#9480)),.UNSPECIFIED.,.F.,.F.,.F.)
B_SPLINE_SURFACE_WITH_KNOTS((4,4),(3,3),(1.68507501901676,1.68733480213521),
(0.,1.),.PIECEWISE_BEZIER_KNOTS.)
GEOMETRIC_REPRESENTATION_ITEM()
RATIONAL_B_SPLINE_SURFACE(((1.,0.916631136500131,1.),(1.,0.916520140046642,
1.),(1.,0.91640893736386,1.),(1.,0.916297527568975,1.)))
REPRESENTATION_ITEM('')
SURFACE()
);
#27=(
BOUNDED_SURFACE()
B_SPLINE_SURFACE(3,2,((#9513,#9514,#9515),(#9516,#9517,#9518),(#9519,#9520,
#9521),(#9522,#9523,#9524)),.UNSPECIFIED.,.F.,.F.,.F.)
B_SPLINE_SURFACE_WITH_KNOTS((4,4),(3,3),(0.13506556728453,0.152338120093819),
(0.,1.),.PIECEWISE_BEZIER_KNOTS.)
GEOMETRIC_REPRESENTATION_ITEM()
RATIONAL_B_SPLINE_SURFACE(((1.,0.852896393447635,1.),(1.,0.853148001121775,
1.),(1.,0.853400406668305,1.),(1.,0.853653617765728,1.)))
REPRESENTATION_ITEM('')
SURFACE()
);
#28=(
BOUNDED_SURFACE()
B_SPLINE_SURFACE(3,2,((#9534,#9535,#9536),(#9537,#9538,#9539),(#9540,#9541,
#9542),(#9543,#9544,#9545)),.UNSPECIFIED.,.F.,.F.,.F.)
B_SPLINE_SURFACE_WITH_KNOTS((4,4),(3,3),(0.13506556728453,0.152338120093819),
(0.,1.),.PIECEWISE_BEZIER_KNOTS.)
GEOMETRIC_REPRESENTATION_ITEM()
RATIONAL_B_SPLINE_SURFACE(((1.,0.852896393447634,1.),(1.,0.853148001143507,
1.),(1.,0.853400406668305,1.),(1.,0.853653617765728,1.)))
REPRESENTATION_ITEM('')
SURFACE()
);
#29=(
BOUNDED_SURFACE()
B_SPLINE_SURFACE(3,2,((#9576,#9577,#9578),(#9579,#9580,#9581),(#9582,#9583,
#9584),(#9585,#9586,#9587)),.UNSPECIFIED.,.F.,.F.,.F.)
B_SPLINE_SURFACE_WITH_KNOTS((4,4),(3,3),(1.68507501901676,1.68733480213521),
(0.,1.),.PIECEWISE_BEZIER_KNOTS.)
GEOMETRIC_REPRESENTATION_ITEM()
RATIONAL_B_SPLINE_SURFACE(((1.,0.916631136500131,1.),(1.,0.916520140046642,
1.),(1.,0.91640893736386,1.),(1.,0.916297527568975,1.)))
REPRESENTATION_ITEM('')
SURFACE()
);
#30=(
BOUNDED_SURFACE()
B_SPLINE_SURFACE(3,2,((#9616,#9617,#9618),(#9619,#9620,#9621),(#9622,#9623,
#9624),(#9625,#9626,#9627)),.UNSPECIFIED.,.F.,.F.,.F.)
B_SPLINE_SURFACE_WITH_KNOTS((4,4),(3,3),(0.789579691250966,0.801068542838149),
(0.,1.),.PIECEWISE_BEZIER_KNOTS.)
GEOMETRIC_REPRESENTATION_ITEM()
RATIONAL_B_SPLINE_SURFACE(((1.,0.983205045045578,1.),(1.,0.982522879678972,
1.),(1.,0.981790123948099,1.),(1.,0.980996692400587,1.)))
REPRESENTATION_ITEM('')
SURFACE()
);
#31=(
BOUNDED_SURFACE()
B_SPLINE_SURFACE(3,2,((#9691,#9692,#9693),(#9694,#9695,#9696),(#9697,#9698,
#9699),(#9700,#9701,#9702)),.UNSPECIFIED.,.F.,.F.,.F.)
B_SPLINE_SURFACE_WITH_KNOTS((4,4),(3,3),(0.789579691250966,0.801068542838149),
(0.,1.),.PIECEWISE_BEZIER_KNOTS.)
GEOMETRIC_REPRESENTATION_ITEM()
RATIONAL_B_SPLINE_SURFACE(((1.,0.983205045045578,1.),(1.,0.982522879671967,
1.),(1.,0.981790123946473,1.),(1.,0.980996692400587,1.)))
REPRESENTATION_ITEM('')
SURFACE()
);
#32=CONICAL_SURFACE('',#5703,149.869540926606,0.905883900018391);
#33=CONICAL_SURFACE('',#5707,149.869540926606,0.905883900018391);
#34=CONICAL_SURFACE('',#5716,149.869540926606,0.905883900018391);
#35=CONICAL_SURFACE('',#5719,149.869540926606,0.905883900018391);
#36=CONICAL_SURFACE('',#5732,149.869540926606,0.905883900018391);
#37=CONICAL_SURFACE('',#5737,149.869540926606,0.905883900018391);
#38=CONICAL_SURFACE('',#5764,149.869540926606,0.905883900018391);
#39=CONICAL_SURFACE('',#5769,149.869540926606,0.905883900018391);
#40=CONICAL_SURFACE('',#5794,3.84999739024156,0.00722463811383721);
#41=CONICAL_SURFACE('',#5854,3.84999739024156,0.00722463811383721);
#42=CONICAL_SURFACE('',#5886,3.74999347843979,0.0114207102287684);
#43=CONICAL_SURFACE('',#5955,3.74999347843979,0.0114207102287684);
#44=CONICAL_SURFACE('',#5961,148.327065382799,0.905883900018391);
#45=CONICAL_SURFACE('',#5965,148.327065382799,0.905883900018391);
#46=CONICAL_SURFACE('',#5972,158.882867991771,0.0339075386999431);
#47=CONICAL_SURFACE('',#5977,158.882867991771,0.0339075386999431);
#48=CONICAL_SURFACE('',#5983,161.381430977984,0.0339075386999431);
#49=CONICAL_SURFACE('',#5991,149.869540926606,0.905883900018391);
#50=CONICAL_SURFACE('',#6000,158.882867991771,0.0339075386999431);
#51=CONICAL_SURFACE('',#6011,149.869540926606,0.905883900018391);
#52=CYLINDRICAL_SURFACE('',#5621,1.8);
#53=CYLINDRICAL_SURFACE('',#5624,2.8);
#54=CYLINDRICAL_SURFACE('',#5628,1.8);
#55=CYLINDRICAL_SURFACE('',#5631,2.8);
#56=CYLINDRICAL_SURFACE('',#5634,1.);
#57=CYLINDRICAL_SURFACE('',#5636,1.);
#58=CYLINDRICAL_SURFACE('',#5696,2.4);
#59=CYLINDRICAL_SURFACE('',#5698,2.3);
#60=CYLINDRICAL_SURFACE('',#5728,2.3);
#61=CYLINDRICAL_SURFACE('',#5730,2.4);
#62=CYLINDRICAL_SURFACE('',#5745,1.);
#63=CYLINDRICAL_SURFACE('',#5749,1.);
#64=CYLINDRICAL_SURFACE('',#5753,1.);
#65=CYLINDRICAL_SURFACE('',#5757,1.);
#66=CYLINDRICAL_SURFACE('',#5772,1.);
#67=CYLINDRICAL_SURFACE('',#5776,1.);
#68=CYLINDRICAL_SURFACE('',#5780,1.);
#69=CYLINDRICAL_SURFACE('',#5784,1.);
#70=CYLINDRICAL_SURFACE('',#5797,0.5);
#71=CYLINDRICAL_SURFACE('',#5802,0.5);
#72=CYLINDRICAL_SURFACE('',#5807,1.);
#73=CYLINDRICAL_SURFACE('',#5811,0.5);
#74=CYLINDRICAL_SURFACE('',#5814,1.);
#75=CYLINDRICAL_SURFACE('',#5817,0.5);
#76=CYLINDRICAL_SURFACE('',#5820,0.5);
#77=CYLINDRICAL_SURFACE('',#5823,1.);
#78=CYLINDRICAL_SURFACE('',#5826,0.5);
#79=CYLINDRICAL_SURFACE('',#5829,0.5);
#80=CYLINDRICAL_SURFACE('',#5832,1.);
#81=CYLINDRICAL_SURFACE('',#5835,0.5);
#82=CYLINDRICAL_SURFACE('',#5838,1.);
#83=CYLINDRICAL_SURFACE('',#5842,1.);
#84=CYLINDRICAL_SURFACE('',#5847,0.5);
#85=CYLINDRICAL_SURFACE('',#5850,0.5);
#86=CYLINDRICAL_SURFACE('',#5864,0.5);
#87=CYLINDRICAL_SURFACE('',#5870,0.5);
#88=CYLINDRICAL_SURFACE('',#5883,1.);
#89=CYLINDRICAL_SURFACE('',#5890,0.5);
#90=CYLINDRICAL_SURFACE('',#5893,1.);
#91=CYLINDRICAL_SURFACE('',#5896,0.5);
#92=CYLINDRICAL_SURFACE('',#5899,1.);
#93=CYLINDRICAL_SURFACE('',#5902,1.);
#94=CYLINDRICAL_SURFACE('',#5904,136.391000000001);
#95=CYLINDRICAL_SURFACE('',#5931,136.391000000001);
#96=CYLINDRICAL_SURFACE('',#5935,1.);
#97=CYLINDRICAL_SURFACE('',#5937,0.5);
#98=CYLINDRICAL_SURFACE('',#5939,1.);
#99=CYLINDRICAL_SURFACE('',#5941,0.5);
#100=CYLINDRICAL_SURFACE('',#5950,1.);
#101=CYLINDRICAL_SURFACE('',#5952,1.);
#102=CYLINDRICAL_SURFACE('',#5993,129.991000000001);
#103=CYLINDRICAL_SURFACE('',#5996,136.391000000001);
#104=CYLINDRICAL_SURFACE('',#6005,136.391000000001);
#105=CYLINDRICAL_SURFACE('',#6008,129.991000000001);
#106=CYLINDRICAL_SURFACE('',#6017,2.);
#107=CYLINDRICAL_SURFACE('',#6021,2.);
#108=CYLINDRICAL_SURFACE('',#6025,2.);
#109=CYLINDRICAL_SURFACE('',#6029,2.);
#110=CYLINDRICAL_SURFACE('',#6039,2.);
#111=CYLINDRICAL_SURFACE('',#6042,2.);
#112=CYLINDRICAL_SURFACE('',#6052,5.);
#113=CYLINDRICAL_SURFACE('',#6054,5.);
#114=CYLINDRICAL_SURFACE('',#6056,5.);
#115=CYLINDRICAL_SURFACE('',#6060,6.5);
#116=CYLINDRICAL_SURFACE('',#6063,6.5);
#117=CYLINDRICAL_SURFACE('',#6066,6.5);
#118=CYLINDRICAL_SURFACE('',#6070,3.);
#119=CYLINDRICAL_SURFACE('',#6071,2.);
#120=CYLINDRICAL_SURFACE('',#6077,3.5);
#121=CYLINDRICAL_SURFACE('',#6078,2.5);
#122=CYLINDRICAL_SURFACE('',#6084,3.);
#123=CYLINDRICAL_SURFACE('',#6085,2.);
#124=B_SPLINE_CURVE_WITH_KNOTS('',3,(#7541,#7542,#7543,#7544),
 .UNSPECIFIED.,.F.,.F.,(4,4),(0.,0.00882845263100408),.UNSPECIFIED.);
#125=B_SPLINE_CURVE_WITH_KNOTS('',3,(#7572,#7573,#7574,#7575),
 .UNSPECIFIED.,.F.,.F.,(4,4),(0.,0.00882845263100408),.UNSPECIFIED.);
#126=B_SPLINE_CURVE_WITH_KNOTS('',3,(#7740,#7741,#7742,#7743),
 .UNSPECIFIED.,.F.,.F.,(4,4),(0.00342304334537968,0.0127856596701514),
 .UNSPECIFIED.);
#127=B_SPLINE_CURVE_WITH_KNOTS('',3,(#7745,#7746,#7747,#7748),
 .UNSPECIFIED.,.F.,.F.,(4,4),(0.000124567970640336,0.0018551732173022),
 .UNSPECIFIED.);
#128=B_SPLINE_CURVE_WITH_KNOTS('',3,(#7781,#7782,#7783,#7784),
 .UNSPECIFIED.,.F.,.F.,(4,4),(0.00342304334537968,0.0127856596701514),
 .UNSPECIFIED.);
#129=B_SPLINE_CURVE_WITH_KNOTS('',3,(#7800,#7801,#7802,#7803),
 .UNSPECIFIED.,.F.,.F.,(4,4),(0.000124567970640336,0.0018551732173022),
 .UNSPECIFIED.);
#130=B_SPLINE_CURVE_WITH_KNOTS('',3,(#7880,#7881,#7882,#7883),
 .UNSPECIFIED.,.F.,.F.,(4,4),(0.000194656076497285,0.0121131173161817),
 .UNSPECIFIED.);
#131=B_SPLINE_CURVE_WITH_KNOTS('',3,(#7945,#7946,#7947,#7948),
 .UNSPECIFIED.,.F.,.F.,(4,4),(0.000194656076497285,0.0121131173161817),
 .UNSPECIFIED.);
#132=B_SPLINE_CURVE_WITH_KNOTS('',3,(#7969,#7970,#7971,#7972),
 .UNSPECIFIED.,.F.,.F.,(4,4),(0.000161806260442081,0.00147190954321495),
 .UNSPECIFIED.);
#133=B_SPLINE_CURVE_WITH_KNOTS('',3,(#7976,#7977,#7978,#7979),
 .UNSPECIFIED.,.F.,.F.,(4,4),(0.00227336227957229,0.0187504250333941),
 .UNSPECIFIED.);
#134=B_SPLINE_CURVE_WITH_KNOTS('',3,(#7981,#7982,#7983,#7984),
 .UNSPECIFIED.,.F.,.F.,(4,4),(0.,0.000837670557642936),.UNSPECIFIED.);
#135=B_SPLINE_CURVE_WITH_KNOTS('',3,(#7986,#7987,#7988,#7989),
 .UNSPECIFIED.,.F.,.F.,(4,4),(0.000707671151614841,0.00690939934828851),
 .UNSPECIFIED.);
#136=B_SPLINE_CURVE_WITH_KNOTS('',3,(#7991,#7992,#7993,#7994),
 .UNSPECIFIED.,.F.,.F.,(4,4),(8.73710580238775E-5,0.00769219813217497),
 .UNSPECIFIED.);
#137=B_SPLINE_CURVE_WITH_KNOTS('',3,(#8006,#8007,#8008,#8009),
 .UNSPECIFIED.,.F.,.F.,(4,4),(0.000721818391222263,0.00525177637042421),
 .UNSPECIFIED.);
#138=B_SPLINE_CURVE_WITH_KNOTS('',3,(#8019,#8020,#8021,#8022),
 .UNSPECIFIED.,.F.,.F.,(4,4),(0.00850806022964121,0.00993650514367305),
 .UNSPECIFIED.);
#139=B_SPLINE_CURVE_WITH_KNOTS('',3,(#8024,#8025,#8026,#8027),
 .UNSPECIFIED.,.F.,.F.,(4,4),(0.,0.00079445609367701),.UNSPECIFIED.);
#140=B_SPLINE_CURVE_WITH_KNOTS('',3,(#8059,#8060,#8061,#8062),
 .UNSPECIFIED.,.F.,.F.,(4,4),(8.73710580238775E-5,0.00769219813217497),
 .UNSPECIFIED.);
#141=B_SPLINE_CURVE_WITH_KNOTS('',3,(#8064,#8065,#8066,#8067),
 .UNSPECIFIED.,.F.,.F.,(4,4),(0.000721818391222263,0.00525177637042421),
 .UNSPECIFIED.);
#142=B_SPLINE_CURVE_WITH_KNOTS('',3,(#8072,#8073,#8074,#8075),
 .UNSPECIFIED.,.F.,.F.,(4,4),(0.,0.00079445609367701),.UNSPECIFIED.);
#143=B_SPLINE_CURVE_WITH_KNOTS('',3,(#8077,#8078,#8079,#8080),
 .UNSPECIFIED.,.F.,.F.,(4,4),(0.00850806022964121,0.00993650514367305),
 .UNSPECIFIED.);
#144=B_SPLINE_CURVE_WITH_KNOTS('',3,(#8091,#8092,#8093,#8094),
 .UNSPECIFIED.,.F.,.F.,(4,4),(0.000707671151614841,0.00690939934828851),
 .UNSPECIFIED.);
#145=B_SPLINE_CURVE_WITH_KNOTS('',3,(#8096,#8097,#8098,#8099),
 .UNSPECIFIED.,.F.,.F.,(4,4),(0.,0.000837670557642936),.UNSPECIFIED.);
#146=B_SPLINE_CURVE_WITH_KNOTS('',3,(#8101,#8102,#8103,#8104),
 .UNSPECIFIED.,.F.,.F.,(4,4),(0.00227336227957229,0.0187504250333941),
 .UNSPECIFIED.);
#147=B_SPLINE_CURVE_WITH_KNOTS('',3,(#8106,#8107,#8108,#8109),
 .UNSPECIFIED.,.F.,.F.,(4,4),(0.000161806260442081,0.00147190954321495),
 .UNSPECIFIED.);
#148=B_SPLINE_CURVE_WITH_KNOTS('',3,(#8151,#8152,#8153,#8154),
 .UNSPECIFIED.,.F.,.F.,(4,4),(0.00176229139829051,0.00275214128509843),
 .UNSPECIFIED.);
#149=B_SPLINE_CURVE_WITH_KNOTS('',3,(#8159,#8160,#8161,#8162),
 .UNSPECIFIED.,.F.,.F.,(4,4),(0.000380824292216202,0.00210387313815433),
 .UNSPECIFIED.);
#150=B_SPLINE_CURVE_WITH_KNOTS('',3,(#8173,#8174,#8175,#8176),
 .UNSPECIFIED.,.F.,.F.,(4,4),(0.000853605916126768,0.00132236616965845),
 .UNSPECIFIED.);
#151=B_SPLINE_CURVE_WITH_KNOTS('',3,(#8180,#8181,#8182,#8183),
 .UNSPECIFIED.,.F.,.F.,(4,4),(0.000137364292621262,0.00669425064840401),
 .UNSPECIFIED.);
#152=B_SPLINE_CURVE_WITH_KNOTS('',3,(#8185,#8186,#8187,#8188),
 .UNSPECIFIED.,.F.,.F.,(4,4),(7.75791922889773E-18,0.000832114402280481),
 .UNSPECIFIED.);
#153=B_SPLINE_CURVE_WITH_KNOTS('',3,(#8190,#8191,#8192,#8193),
 .UNSPECIFIED.,.F.,.F.,(4,4),(0.000732224625569985,0.00376949481464387),
 .UNSPECIFIED.);
#154=B_SPLINE_CURVE_WITH_KNOTS('',3,(#8195,#8196,#8197,#8198),
 .UNSPECIFIED.,.F.,.F.,(4,4),(0.000235987428832009,0.0016676225817348),
 .UNSPECIFIED.);
#155=B_SPLINE_CURVE_WITH_KNOTS('',3,(#8211,#8212,#8213,#8214),
 .UNSPECIFIED.,.F.,.F.,(4,4),(0.000652819899362916,0.00408557485531953),
 .UNSPECIFIED.);
#156=B_SPLINE_CURVE_WITH_KNOTS('',3,(#8217,#8218,#8219,#8220),
 .UNSPECIFIED.,.F.,.F.,(4,4),(0.00521360327859379,0.00828508478777231),
 .UNSPECIFIED.);
#157=B_SPLINE_CURVE_WITH_KNOTS('',3,(#8305,#8306,#8307,#8308),
 .UNSPECIFIED.,.F.,.F.,(4,4),(0.000652819899362916,0.00408557485531953),
 .UNSPECIFIED.);
#158=B_SPLINE_CURVE_WITH_KNOTS('',3,(#8313,#8314,#8315,#8316),
 .UNSPECIFIED.,.F.,.F.,(4,4),(0.00521360327859379,0.00828508478777231),
 .UNSPECIFIED.);
#159=B_SPLINE_CURVE_WITH_KNOTS('',3,(#8318,#8319,#8320,#8321),
 .UNSPECIFIED.,.F.,.F.,(4,4),(0.000853605916126768,0.00132236616965845),
 .UNSPECIFIED.);
#160=B_SPLINE_CURVE_WITH_KNOTS('',3,(#8324,#8325,#8326,#8327),
 .UNSPECIFIED.,.F.,.F.,(4,4),(0.000235987428832009,0.0016676225817348),
 .UNSPECIFIED.);
#161=B_SPLINE_CURVE_WITH_KNOTS('',3,(#8329,#8330,#8331,#8332),
 .UNSPECIFIED.,.F.,.F.,(4,4),(0.000732224625569985,0.00376949481464387),
 .UNSPECIFIED.);
#162=B_SPLINE_CURVE_WITH_KNOTS('',3,(#8334,#8335,#8336,#8337),
 .UNSPECIFIED.,.F.,.F.,(4,4),(7.75791922889773E-18,0.000832114402280481),
 .UNSPECIFIED.);
#163=B_SPLINE_CURVE_WITH_KNOTS('',3,(#8339,#8340,#8341,#8342),
 .UNSPECIFIED.,.F.,.F.,(4,4),(0.000137364292621262,0.00669425064840401),
 .UNSPECIFIED.);
#164=B_SPLINE_CURVE_WITH_KNOTS('',3,(#8355,#8356,#8357,#8358),
 .UNSPECIFIED.,.F.,.F.,(4,4),(0.000380824292216202,0.00210387313815433),
 .UNSPECIFIED.);
#165=B_SPLINE_CURVE_WITH_KNOTS('',3,(#8360,#8361,#8362,#8363),
 .UNSPECIFIED.,.F.,.F.,(4,4),(0.00176229139829051,0.00275214128509843),
 .UNSPECIFIED.);
#166=B_SPLINE_CURVE_WITH_KNOTS('',3,(#8423,#8424,#8425,#8426),
 .UNSPECIFIED.,.F.,.F.,(4,4),(0.,0.000823490992252268),.UNSPECIFIED.);
#167=B_SPLINE_CURVE_WITH_KNOTS('',3,(#8436,#8437,#8438,#8439),
 .UNSPECIFIED.,.F.,.F.,(4,4),(0.,0.000383844241856783),.UNSPECIFIED.);
#168=B_SPLINE_CURVE_WITH_KNOTS('',3,(#8443,#8444,#8445,#8446),
 .UNSPECIFIED.,.F.,.F.,(4,4),(0.,0.000429539699957082),.UNSPECIFIED.);
#169=B_SPLINE_CURVE_WITH_KNOTS('',3,(#8459,#8460,#8461,#8462),
 .UNSPECIFIED.,.F.,.F.,(4,4),(0.,0.0136688822263883),.UNSPECIFIED.);
#170=B_SPLINE_CURVE_WITH_KNOTS('',3,(#8464,#8465,#8466,#8467),
 .UNSPECIFIED.,.F.,.F.,(4,4),(0.,0.000439141209156346),.UNSPECIFIED.);
#171=B_SPLINE_CURVE_WITH_KNOTS('',3,(#8469,#8470,#8471,#8472),
 .UNSPECIFIED.,.F.,.F.,(4,4),(0.,0.0136658314204185),.UNSPECIFIED.);
#172=B_SPLINE_CURVE_WITH_KNOTS('',3,(#8476,#8477,#8478,#8479),
 .UNSPECIFIED.,.F.,.F.,(4,4),(0.,0.0136986300717316),.UNSPECIFIED.);
#173=B_SPLINE_CURVE_WITH_KNOTS('',3,(#8492,#8493,#8494,#8495),
 .UNSPECIFIED.,.F.,.F.,(4,4),(0.,0.000822541664036554),.UNSPECIFIED.);
#174=B_SPLINE_CURVE_WITH_KNOTS('',3,(#8497,#8498,#8499,#8500),
 .UNSPECIFIED.,.F.,.F.,(4,4),(5.20417042793042E-18,0.0136905832730409),
 .UNSPECIFIED.);
#175=B_SPLINE_CURVE_WITH_KNOTS('',3,(#8521,#8522,#8523,#8524),
 .UNSPECIFIED.,.F.,.F.,(4,4),(0.,0.0146396192800836),.UNSPECIFIED.);
#176=B_SPLINE_CURVE_WITH_KNOTS('',3,(#8658,#8659,#8660,#8661),
 .UNSPECIFIED.,.F.,.F.,(4,4),(0.,0.0146396192800836),.UNSPECIFIED.);
#177=B_SPLINE_CURVE_WITH_KNOTS('',3,(#8686,#8687,#8688,#8689),
 .UNSPECIFIED.,.F.,.F.,(4,4),(5.20417042793042E-18,0.0136905832730409),
 .UNSPECIFIED.);
#178=B_SPLINE_CURVE_WITH_KNOTS('',3,(#8702,#8703,#8704,#8705),
 .UNSPECIFIED.,.F.,.F.,(4,4),(0.,0.000822541664036554),.UNSPECIFIED.);
#179=B_SPLINE_CURVE_WITH_KNOTS('',3,(#8707,#8708,#8709,#8710),
 .UNSPECIFIED.,.F.,.F.,(4,4),(0.,0.0136986300717316),.UNSPECIFIED.);
#180=B_SPLINE_CURVE_WITH_KNOTS('',3,(#8712,#8713,#8714,#8715),
 .UNSPECIFIED.,.F.,.F.,(4,4),(0.,0.000823490992252268),.UNSPECIFIED.);
#181=B_SPLINE_CURVE_WITH_KNOTS('',3,(#8719,#8720,#8721,#8722),
 .UNSPECIFIED.,.F.,.F.,(4,4),(0.,0.0136658314204185),.UNSPECIFIED.);
#182=B_SPLINE_CURVE_WITH_KNOTS('',3,(#8737,#8738,#8739,#8740),
 .UNSPECIFIED.,.F.,.F.,(4,4),(0.,0.000429539699957082),.UNSPECIFIED.);
#183=B_SPLINE_CURVE_WITH_KNOTS('',3,(#8742,#8743,#8744,#8745),
 .UNSPECIFIED.,.F.,.F.,(4,4),(0.,0.000439141209156346),.UNSPECIFIED.);
#184=B_SPLINE_CURVE_WITH_KNOTS('',3,(#8747,#8748,#8749,#8750),
 .UNSPECIFIED.,.F.,.F.,(4,4),(0.,0.0136688822263883),.UNSPECIFIED.);
#185=B_SPLINE_CURVE_WITH_KNOTS('',3,(#8765,#8766,#8767,#8768),
 .UNSPECIFIED.,.F.,.F.,(4,4),(0.,0.000383844241856783),.UNSPECIFIED.);
#186=B_SPLINE_CURVE_WITH_KNOTS('',3,(#8799,#8800,#8801,#8802),
 .UNSPECIFIED.,.F.,.F.,(4,4),(0.,0.00109016493034808),.UNSPECIFIED.);
#187=B_SPLINE_CURVE_WITH_KNOTS('',3,(#8806,#8807,#8808,#8809),
 .UNSPECIFIED.,.F.,.F.,(4,4),(0.00968102405016492,0.0189010454994844),
 .UNSPECIFIED.);
#188=B_SPLINE_CURVE_WITH_KNOTS('',3,(#8820,#8821,#8822,#8823),
 .UNSPECIFIED.,.F.,.F.,(4,4),(0.00968102405016492,0.0189010454994844),
 .UNSPECIFIED.);
#189=B_SPLINE_CURVE_WITH_KNOTS('',3,(#8836,#8837,#8838,#8839),
 .UNSPECIFIED.,.F.,.F.,(4,4),(0.,0.00109016493034808),.UNSPECIFIED.);
#190=B_SPLINE_CURVE_WITH_KNOTS('',3,(#8856,#8857,#8858,#8859),
 .UNSPECIFIED.,.F.,.F.,(4,4),(0.,0.000545146690233462),.UNSPECIFIED.);
#191=B_SPLINE_CURVE_WITH_KNOTS('',3,(#8862,#8863,#8864,#8865),
 .UNSPECIFIED.,.F.,.F.,(4,4),(0.,0.0144233335536318),.UNSPECIFIED.);
#192=B_SPLINE_CURVE_WITH_KNOTS('',3,(#8867,#8868,#8869,#8870),
 .UNSPECIFIED.,.F.,.F.,(4,4),(1.43929788314703E-16,0.000564266641589246),
 .UNSPECIFIED.);
#193=B_SPLINE_CURVE_WITH_KNOTS('',3,(#8872,#8873,#8874,#8875),
 .UNSPECIFIED.,.F.,.F.,(4,4),(0.,0.0144956288773766),.UNSPECIFIED.);
#194=B_SPLINE_CURVE_WITH_KNOTS('',3,(#8903,#8904,#8905,#8906),
 .UNSPECIFIED.,.F.,.F.,(4,4),(7.75791922889773E-18,0.000157607008563426),
 .UNSPECIFIED.);
#195=B_SPLINE_CURVE_WITH_KNOTS('',3,(#8909,#8910,#8911,#8912),
 .UNSPECIFIED.,.F.,.F.,(4,4),(0.,0.000287274580110751),.UNSPECIFIED.);
#196=B_SPLINE_CURVE_WITH_KNOTS('',3,(#8917,#8918,#8919,#8920),
 .UNSPECIFIED.,.F.,.F.,(4,4),(0.00191013404798943,0.010804421805742),
 .UNSPECIFIED.);
#197=B_SPLINE_CURVE_WITH_KNOTS('',3,(#8922,#8923,#8924,#8925),
 .UNSPECIFIED.,.F.,.F.,(4,4),(0.00018144477629053,0.00455244910888899),
 .UNSPECIFIED.);
#198=B_SPLINE_CURVE_WITH_KNOTS('',3,(#8933,#8934,#8935,#8936),
 .UNSPECIFIED.,.F.,.F.,(4,4),(6.56679336975403E-17,0.0003220577282815),
 .UNSPECIFIED.);
#199=B_SPLINE_CURVE_WITH_KNOTS('',3,(#8942,#8943,#8944,#8945),
 .UNSPECIFIED.,.F.,.F.,(4,4),(0.00115986971610565,0.0102745607997639),
 .UNSPECIFIED.);
#200=B_SPLINE_CURVE_WITH_KNOTS('',3,(#8951,#8952,#8953,#8954,#8955),
 .UNSPECIFIED.,.F.,.F.,(4,1,4),(8.2073505780586E-16,0.000829607115602392,
0.00165921423120396),.UNSPECIFIED.);
#201=B_SPLINE_CURVE_WITH_KNOTS('',3,(#8959,#8960,#8961,#8962),
 .UNSPECIFIED.,.F.,.F.,(4,4),(0.000741621813302968,0.00410017438216204),
 .UNSPECIFIED.);
#202=B_SPLINE_CURVE_WITH_KNOTS('',3,(#8970,#8971,#8972,#8973),
 .UNSPECIFIED.,.F.,.F.,(4,4),(3.53066304892528E-16,0.000829085446077327),
 .UNSPECIFIED.);
#203=B_SPLINE_CURVE_WITH_KNOTS('',3,(#8979,#8980,#8981,#8982),
 .UNSPECIFIED.,.F.,.F.,(4,4),(0.00115901246927232,0.0185358417031349),
 .UNSPECIFIED.);
#204=B_SPLINE_CURVE_WITH_KNOTS('',3,(#8988,#8989,#8990,#8991,#8992),
 .UNSPECIFIED.,.F.,.F.,(4,1,4),(4.30044387506881E-17,0.00083934856051965,
0.00167869712103926),.UNSPECIFIED.);
#205=B_SPLINE_CURVE_WITH_KNOTS('',3,(#8998,#8999,#9000,#9001),
 .UNSPECIFIED.,.F.,.F.,(4,4),(0.00125284225879035,0.0116965393952113),
 .UNSPECIFIED.);
#206=B_SPLINE_CURVE_WITH_KNOTS('',3,(#9006,#9007,#9008,#9009),
 .UNSPECIFIED.,.F.,.F.,(4,4),(7.75791922889773E-18,0.000490277136667808),
 .UNSPECIFIED.);
#207=B_SPLINE_CURVE_WITH_KNOTS('',3,(#9014,#9015,#9016,#9017),
 .UNSPECIFIED.,.F.,.F.,(4,4),(2.1710633823583E-7,0.00602135081108186),
 .UNSPECIFIED.);
#208=B_SPLINE_CURVE_WITH_KNOTS('',3,(#9033,#9034,#9035,#9036),
 .UNSPECIFIED.,.F.,.F.,(4,4),(0.,0.00704397353301492),.UNSPECIFIED.);
#209=B_SPLINE_CURVE_WITH_KNOTS('',3,(#9040,#9041,#9042,#9043),
 .UNSPECIFIED.,.F.,.F.,(4,4),(0.011504378931273,0.0245385894479585),
 .UNSPECIFIED.);
#210=B_SPLINE_CURVE_WITH_KNOTS('',3,(#9048,#9049,#9050,#9051),
 .UNSPECIFIED.,.F.,.F.,(4,4),(0.,0.000546180912266413),.UNSPECIFIED.);
#211=B_SPLINE_CURVE_WITH_KNOTS('',3,(#9064,#9065,#9066,#9067),
 .UNSPECIFIED.,.F.,.F.,(4,4),(0.,0.0146384634404104),.UNSPECIFIED.);
#212=B_SPLINE_CURVE_WITH_KNOTS('',3,(#9069,#9070,#9071,#9072),
 .UNSPECIFIED.,.F.,.F.,(4,4),(0.,0.000546502197068336),.UNSPECIFIED.);
#213=B_SPLINE_CURVE_WITH_KNOTS('',3,(#9081,#9082,#9083,#9084),
 .UNSPECIFIED.,.F.,.F.,(4,4),(0.,1.),.UNSPECIFIED.);
#214=B_SPLINE_CURVE_WITH_KNOTS('',3,(#9088,#9089,#9090,#9091),
 .UNSPECIFIED.,.F.,.F.,(4,4),(0.,0.016678320200449),.UNSPECIFIED.);
#215=B_SPLINE_CURVE_WITH_KNOTS('',3,(#9101,#9102,#9103,#9104),
 .UNSPECIFIED.,.F.,.F.,(4,4),(0.,0.016678320200449),.UNSPECIFIED.);
#216=B_SPLINE_CURVE_WITH_KNOTS('',3,(#9105,#9106,#9107,#9108),
 .UNSPECIFIED.,.F.,.F.,(4,4),(0.,1.),.UNSPECIFIED.);
#217=B_SPLINE_CURVE_WITH_KNOTS('',3,(#9112,#9113,#9114,#9115),
 .UNSPECIFIED.,.F.,.F.,(4,4),(0.,0.000546502197068336),.UNSPECIFIED.);
#218=B_SPLINE_CURVE_WITH_KNOTS('',3,(#9140,#9141,#9142,#9143),
 .UNSPECIFIED.,.F.,.F.,(4,4),(0.,0.000545146690233462),.UNSPECIFIED.);
#219=B_SPLINE_CURVE_WITH_KNOTS('',3,(#9160,#9161,#9162,#9163),
 .UNSPECIFIED.,.F.,.F.,(4,4),(0.,0.000546180912266413),.UNSPECIFIED.);
#220=B_SPLINE_CURVE_WITH_KNOTS('',3,(#9165,#9166,#9167,#9168),
 .UNSPECIFIED.,.F.,.F.,(4,4),(0.,0.0146384634404104),.UNSPECIFIED.);
#221=B_SPLINE_CURVE_WITH_KNOTS('',3,(#9177,#9178,#9179,#9180),
 .UNSPECIFIED.,.F.,.F.,(4,4),(2.1710633823583E-7,0.00602135081108186),
 .UNSPECIFIED.);
#222=B_SPLINE_CURVE_WITH_KNOTS('',3,(#9184,#9185,#9186,#9187),
 .UNSPECIFIED.,.F.,.F.,(4,4),(0.00125284225879035,0.0116965393952113),
 .UNSPECIFIED.);
#223=B_SPLINE_CURVE_WITH_KNOTS('',3,(#9191,#9192,#9193,#9194,#9195),
 .UNSPECIFIED.,.F.,.F.,(4,1,4),(4.30044387506881E-17,0.00083934856051965,
0.00167869712103926),.UNSPECIFIED.);
#224=B_SPLINE_CURVE_WITH_KNOTS('',3,(#9199,#9200,#9201,#9202),
 .UNSPECIFIED.,.F.,.F.,(4,4),(0.00115901246927232,0.0185358417031349),
 .UNSPECIFIED.);
#225=B_SPLINE_CURVE_WITH_KNOTS('',3,(#9206,#9207,#9208,#9209),
 .UNSPECIFIED.,.F.,.F.,(4,4),(3.53066304892528E-16,0.000829085446077327),
 .UNSPECIFIED.);
#226=B_SPLINE_CURVE_WITH_KNOTS('',3,(#9213,#9214,#9215,#9216),
 .UNSPECIFIED.,.F.,.F.,(4,4),(0.000741621813302968,0.00410017438216204),
 .UNSPECIFIED.);
#227=B_SPLINE_CURVE_WITH_KNOTS('',3,(#9220,#9221,#9222,#9223,#9224),
 .UNSPECIFIED.,.F.,.F.,(4,1,4),(8.2073505780586E-16,0.000829607115602392,
0.00165921423120396),.UNSPECIFIED.);
#228=B_SPLINE_CURVE_WITH_KNOTS('',3,(#9228,#9229,#9230,#9231),
 .UNSPECIFIED.,.F.,.F.,(4,4),(0.00115986971610565,0.0102745607997639),
 .UNSPECIFIED.);
#229=B_SPLINE_CURVE_WITH_KNOTS('',3,(#9235,#9236,#9237,#9238),
 .UNSPECIFIED.,.F.,.F.,(4,4),(6.56679336975403E-17,0.0003220577282815),
 .UNSPECIFIED.);
#230=B_SPLINE_CURVE_WITH_KNOTS('',3,(#9252,#9253,#9254,#9255),
 .UNSPECIFIED.,.F.,.F.,(4,4),(0.,0.00704397353301492),.UNSPECIFIED.);
#231=B_SPLINE_CURVE_WITH_KNOTS('',3,(#9257,#9258,#9259,#9260),
 .UNSPECIFIED.,.F.,.F.,(4,4),(0.011504378931273,0.0245385894479585),
 .UNSPECIFIED.);
#232=B_SPLINE_CURVE_WITH_KNOTS('',3,(#9267,#9268,#9269,#9270),
 .UNSPECIFIED.,.F.,.F.,(4,4),(0.,0.000287274580110751),.UNSPECIFIED.);
#233=B_SPLINE_CURVE_WITH_KNOTS('',3,(#9283,#9284,#9285,#9286),
 .UNSPECIFIED.,.F.,.F.,(4,4),(7.75791922889773E-18,0.000157607008563426),
 .UNSPECIFIED.);
#234=B_SPLINE_CURVE_WITH_KNOTS('',3,(#9290,#9291,#9292,#9293),
 .UNSPECIFIED.,.F.,.F.,(4,4),(7.75791922889773E-18,0.000490277136667808),
 .UNSPECIFIED.);
#235=B_SPLINE_CURVE_WITH_KNOTS('',3,(#9299,#9300,#9301,#9302),
 .UNSPECIFIED.,.F.,.F.,(4,4),(0.00018144477629053,0.00455244910888899),
 .UNSPECIFIED.);
#236=B_SPLINE_CURVE_WITH_KNOTS('',3,(#9304,#9305,#9306,#9307),
 .UNSPECIFIED.,.F.,.F.,(4,4),(0.00191013404798943,0.010804421805742),
 .UNSPECIFIED.);
#237=B_SPLINE_CURVE_WITH_KNOTS('',3,(#9315,#9316,#9317,#9318),
 .UNSPECIFIED.,.F.,.F.,(4,4),(0.,0.0144956288773766),.UNSPECIFIED.);
#238=B_SPLINE_CURVE_WITH_KNOTS('',3,(#9331,#9332,#9333,#9334),
 .UNSPECIFIED.,.F.,.F.,(4,4),(1.43929788314703E-16,0.000564266641589246),
 .UNSPECIFIED.);
#239=B_SPLINE_CURVE_WITH_KNOTS('',3,(#9336,#9337,#9338,#9339),
 .UNSPECIFIED.,.F.,.F.,(4,4),(0.,0.0144233335536318),.UNSPECIFIED.);
#240=B_SPLINE_CURVE_WITH_KNOTS('',3,(#9344,#9345,#9346,#9347),
 .UNSPECIFIED.,.F.,.F.,(4,4),(0.0176047747546893,0.0211067905626532),
 .UNSPECIFIED.);
#241=B_SPLINE_CURVE_WITH_KNOTS('',3,(#9351,#9352,#9353,#9354),
 .UNSPECIFIED.,.F.,.F.,(4,4),(0.,0.0130574630955025),.UNSPECIFIED.);
#242=B_SPLINE_CURVE_WITH_KNOTS('',3,(#9355,#9356,#9357,#9358),
 .UNSPECIFIED.,.F.,.F.,(4,4),(0.0107670228114544,0.0252093638800293),
 .UNSPECIFIED.);
#243=B_SPLINE_CURVE_WITH_KNOTS('',3,(#9360,#9361,#9362,#9363),
 .UNSPECIFIED.,.F.,.F.,(4,4),(0.0107670228114544,0.0252093638800293),
 .UNSPECIFIED.);
#244=B_SPLINE_CURVE_WITH_KNOTS('',3,(#9364,#9365,#9366,#9367),
 .UNSPECIFIED.,.F.,.F.,(4,4),(0.,0.0130574630955025),.UNSPECIFIED.);
#245=B_SPLINE_CURVE_WITH_KNOTS('',3,(#9371,#9372,#9373,#9374),
 .UNSPECIFIED.,.F.,.F.,(4,4),(0.0176047747546893,0.0211067905626532),
 .UNSPECIFIED.);
#246=B_SPLINE_CURVE_WITH_KNOTS('',3,(#9379,#9380,#9381,#9382),
 .UNSPECIFIED.,.F.,.F.,(4,4),(0.000969725899371104,0.00129615543212456),
 .UNSPECIFIED.);
#247=B_SPLINE_CURVE_WITH_KNOTS('',3,(#9386,#9387,#9388,#9389),
 .UNSPECIFIED.,.F.,.F.,(4,4),(2.41388165076229E-7,0.00966647500519342),
 .UNSPECIFIED.);
#248=B_SPLINE_CURVE_WITH_KNOTS('',3,(#9391,#9392,#9393,#9394),
 .UNSPECIFIED.,.F.,.F.,(4,4),(0.000329377508724977,0.00642933319618076),
 .UNSPECIFIED.);
#249=B_SPLINE_CURVE_WITH_KNOTS('',3,(#9397,#9398,#9399,#9400),
 .UNSPECIFIED.,.F.,.F.,(4,4),(0.00179147149907218,0.0242716265823299),
 .UNSPECIFIED.);
#250=B_SPLINE_CURVE_WITH_KNOTS('',3,(#9413,#9414,#9415,#9416),
 .UNSPECIFIED.,.F.,.F.,(4,4),(0.0248954435328167,0.0345722998178278),
 .UNSPECIFIED.);
#251=B_SPLINE_CURVE_WITH_KNOTS('',3,(#9433,#9434,#9435,#9436),
 .UNSPECIFIED.,.F.,.F.,(4,4),(0.0248954435328167,0.0345722998178278),
 .UNSPECIFIED.);
#252=B_SPLINE_CURVE_WITH_KNOTS('',3,(#9438,#9439,#9440,#9441),
 .UNSPECIFIED.,.F.,.F.,(4,4),(0.00179147149907218,0.0242716265823299),
 .UNSPECIFIED.);
#253=B_SPLINE_CURVE_WITH_KNOTS('',3,(#9445,#9446,#9447,#9448),
 .UNSPECIFIED.,.F.,.F.,(4,4),(0.000969725899371104,0.00129615543212456),
 .UNSPECIFIED.);
#254=B_SPLINE_CURVE_WITH_KNOTS('',3,(#9450,#9451,#9452,#9453),
 .UNSPECIFIED.,.F.,.F.,(4,4),(0.000329377508724977,0.00642933319618076),
 .UNSPECIFIED.);
#255=B_SPLINE_CURVE_WITH_KNOTS('',3,(#9455,#9456,#9457,#9458),
 .UNSPECIFIED.,.F.,.F.,(4,4),(2.41388165076229E-7,0.00966647500519342),
 .UNSPECIFIED.);
#256=B_SPLINE_CURVE_WITH_KNOTS('',3,(#9481,#9482,#9483,#9484),
 .UNSPECIFIED.,.F.,.F.,(4,4),(0.,1.),.UNSPECIFIED.);
#257=B_SPLINE_CURVE_WITH_KNOTS('',3,(#9487,#9488,#9489,#9490),
 .UNSPECIFIED.,.F.,.F.,(4,4),(0.00584791613606964,0.0141053384030392),
 .UNSPECIFIED.);
#258=B_SPLINE_CURVE_WITH_KNOTS('',3,(#9492,#9493,#9494,#9495),
 .UNSPECIFIED.,.F.,.F.,(4,4),(8.62513622820336E-16,0.00294276476818336),
 .UNSPECIFIED.);
#259=B_SPLINE_CURVE_WITH_KNOTS('',3,(#9502,#9503,#9504,#9505),
 .UNSPECIFIED.,.F.,.F.,(4,4),(0.,0.0020019188901272),.UNSPECIFIED.);
#260=B_SPLINE_CURVE_WITH_KNOTS('',3,(#9509,#9510,#9511,#9512),
 .UNSPECIFIED.,.F.,.F.,(4,4),(0.,0.0170250730670889),.UNSPECIFIED.);
#261=B_SPLINE_CURVE_WITH_KNOTS('',3,(#9525,#9526,#9527,#9528),
 .UNSPECIFIED.,.F.,.F.,(4,4),(0.,0.00109342589745952),.UNSPECIFIED.);
#262=B_SPLINE_CURVE_WITH_KNOTS('',3,(#9530,#9531,#9532,#9533),
 .UNSPECIFIED.,.F.,.F.,(4,4),(0.,0.0170382957284902),.UNSPECIFIED.);
#263=B_SPLINE_CURVE_WITH_KNOTS('',3,(#9546,#9547,#9548,#9549),
 .UNSPECIFIED.,.F.,.F.,(4,4),(0.,0.00109342589745952),.UNSPECIFIED.);
#264=B_SPLINE_CURVE_WITH_KNOTS('',3,(#9552,#9553,#9554,#9555),
 .UNSPECIFIED.,.F.,.F.,(4,4),(0.,0.0170250730670889),.UNSPECIFIED.);
#265=B_SPLINE_CURVE_WITH_KNOTS('',3,(#9556,#9557,#9558,#9559),
 .UNSPECIFIED.,.F.,.F.,(4,4),(0.,0.0170382957284902),.UNSPECIFIED.);
#266=B_SPLINE_CURVE_WITH_KNOTS('',3,(#9563,#9564,#9565,#9566),
 .UNSPECIFIED.,.F.,.F.,(4,4),(0.,0.0020019188901272),.UNSPECIFIED.);
#267=B_SPLINE_CURVE_WITH_KNOTS('',3,(#9570,#9571,#9572,#9573),
 .UNSPECIFIED.,.F.,.F.,(4,4),(0.00584791613606964,0.0141053384030392),
 .UNSPECIFIED.);
#268=B_SPLINE_CURVE_WITH_KNOTS('',3,(#9588,#9589,#9590,#9591),
 .UNSPECIFIED.,.F.,.F.,(4,4),(0.,1.),.UNSPECIFIED.);
#269=B_SPLINE_CURVE_WITH_KNOTS('',3,(#9595,#9596,#9597,#9598),
 .UNSPECIFIED.,.F.,.F.,(4,4),(8.62513622820336E-16,0.00294276476818336),
 .UNSPECIFIED.);
#270=B_SPLINE_CURVE_WITH_KNOTS('',3,(#9628,#9629,#9630,#9631),
 .UNSPECIFIED.,.F.,.F.,(4,4),(0.000463970710548052,0.0221838728779274),
 .UNSPECIFIED.);
#271=B_SPLINE_CURVE_WITH_KNOTS('',3,(#9633,#9634,#9635,#9636),
 .UNSPECIFIED.,.F.,.F.,(4,4),(3.885765944408E-7,0.0112618032019076),
 .UNSPECIFIED.);
#272=B_SPLINE_CURVE_WITH_KNOTS('',3,(#9652,#9653,#9654,#9655),
 .UNSPECIFIED.,.F.,.F.,(4,4),(0.0105853066992129,0.0128866336658236),
 .UNSPECIFIED.);
#273=B_SPLINE_CURVE_WITH_KNOTS('',3,(#9660,#9661,#9662,#9663),
 .UNSPECIFIED.,.F.,.F.,(4,4),(0.0105853066992129,0.0128866336658236),
 .UNSPECIFIED.);
#274=B_SPLINE_CURVE_WITH_KNOTS('',3,(#9682,#9683,#9684,#9685),
 .UNSPECIFIED.,.F.,.F.,(4,4),(3.885765944408E-7,0.0112618032019076),
 .UNSPECIFIED.);
#275=B_SPLINE_CURVE_WITH_KNOTS('',3,(#9687,#9688,#9689,#9690),
 .UNSPECIFIED.,.F.,.F.,(4,4),(0.000463970710548052,0.0221838728779274),
 .UNSPECIFIED.);
#276=LINE('',#7537,#734);
#277=LINE('',#7539,#735);
#278=LINE('',#7548,#736);
#279=LINE('',#7552,#737);
#280=LINE('',#7556,#738);
#281=LINE('',#7560,#739);
#282=LINE('',#7564,#740);
#283=LINE('',#7568,#741);
#284=LINE('',#7577,#742);
#285=LINE('',#7579,#743);
#286=LINE('',#7583,#744);
#287=LINE('',#7587,#745);
#288=LINE('',#7591,#746);
#289=LINE('',#7595,#747);
#290=LINE('',#7599,#748);
#291=LINE('',#7606,#749);
#292=LINE('',#7607,#750);
#293=LINE('',#7609,#751);
#294=LINE('',#7611,#752);
#295=LINE('',#7613,#753);
#296=LINE('',#7617,#754);
#297=LINE('',#7619,#755);
#298=LINE('',#7621,#756);
#299=LINE('',#7623,#757);
#300=LINE('',#7627,#758);
#301=LINE('',#7629,#759);
#302=LINE('',#7631,#760);
#303=LINE('',#7633,#761);
#304=LINE('',#7637,#762);
#305=LINE('',#7639,#763);
#306=LINE('',#7641,#764);
#307=LINE('',#7647,#765);
#308=LINE('',#7649,#766);
#309=LINE('',#7652,#767);
#310=LINE('',#7654,#768);
#311=LINE('',#7656,#769);
#312=LINE('',#7658,#770);
#313=LINE('',#7660,#771);
#314=LINE('',#7662,#772);
#315=LINE('',#7664,#773);
#316=LINE('',#7666,#774);
#317=LINE('',#7668,#775);
#318=LINE('',#7670,#776);
#319=LINE('',#7672,#777);
#320=LINE('',#7674,#778);
#321=LINE('',#7677,#779);
#322=LINE('',#7679,#780);
#323=LINE('',#7681,#781);
#324=LINE('',#7683,#782);
#325=LINE('',#7686,#783);
#326=LINE('',#7688,#784);
#327=LINE('',#7690,#785);
#328=LINE('',#7692,#786);
#329=LINE('',#7694,#787);
#330=LINE('',#7696,#788);
#331=LINE('',#7698,#789);
#332=LINE('',#7700,#790);
#333=LINE('',#7702,#791);
#334=LINE('',#7704,#792);
#335=LINE('',#7706,#793);
#336=LINE('',#7708,#794);
#337=LINE('',#7711,#795);
#338=LINE('',#7713,#796);
#339=LINE('',#7715,#797);
#340=LINE('',#7723,#798);
#341=LINE('',#7728,#799);
#342=LINE('',#7730,#800);
#343=LINE('',#7734,#801);
#344=LINE('',#7736,#802);
#345=LINE('',#7739,#803);
#346=LINE('',#7750,#804);
#347=LINE('',#7752,#805);
#348=LINE('',#7754,#806);
#349=LINE('',#7758,#807);
#350=LINE('',#7760,#808);
#351=LINE('',#7763,#809);
#352=LINE('',#7765,#810);
#353=LINE('',#7767,#811);
#354=LINE('',#7769,#812);
#355=LINE('',#7772,#813);
#356=LINE('',#7774,#814);
#357=LINE('',#7776,#815);
#358=LINE('',#7778,#816);
#359=LINE('',#7786,#817);
#360=LINE('',#7787,#818);
#361=LINE('',#7791,#819);
#362=LINE('',#7793,#820);
#363=LINE('',#7796,#821);
#364=LINE('',#7804,#822);
#365=LINE('',#7806,#823);
#366=LINE('',#7808,#824);
#367=LINE('',#7811,#825);
#368=LINE('',#7821,#826);
#369=LINE('',#7823,#827);
#370=LINE('',#7825,#828);
#371=LINE('',#7827,#829);
#372=LINE('',#7829,#830);
#373=LINE('',#7831,#831);
#374=LINE('',#7833,#832);
#375=LINE('',#7835,#833);
#376=LINE('',#7837,#834);
#377=LINE('',#7839,#835);
#378=LINE('',#7841,#836);
#379=LINE('',#7843,#837);
#380=LINE('',#7845,#838);
#381=LINE('',#7847,#839);
#382=LINE('',#7849,#840);
#383=LINE('',#7851,#841);
#384=LINE('',#7853,#842);
#385=LINE('',#7855,#843);
#386=LINE('',#7857,#844);
#387=LINE('',#7859,#845);
#388=LINE('',#7861,#846);
#389=LINE('',#7863,#847);
#390=LINE('',#7865,#848);
#391=LINE('',#7867,#849);
#392=LINE('',#7869,#850);
#393=LINE('',#7872,#851);
#394=LINE('',#7873,#852);
#395=LINE('',#7874,#853);
#396=LINE('',#7876,#854);
#397=LINE('',#7879,#855);
#398=LINE('',#7884,#856);
#399=LINE('',#7886,#857);
#400=LINE('',#7888,#858);
#401=LINE('',#7890,#859);
#402=LINE('',#7892,#860);
#403=LINE('',#7894,#861);
#404=LINE('',#7896,#862);
#405=LINE('',#7898,#863);
#406=LINE('',#7900,#864);
#407=LINE('',#7902,#865);
#408=LINE('',#7904,#866);
#409=LINE('',#7906,#867);
#410=LINE('',#7908,#868);
#411=LINE('',#7910,#869);
#412=LINE('',#7912,#870);
#413=LINE('',#7914,#871);
#414=LINE('',#7916,#872);
#415=LINE('',#7918,#873);
#416=LINE('',#7920,#874);
#417=LINE('',#7922,#875);
#418=LINE('',#7924,#876);
#419=LINE('',#7926,#877);
#420=LINE('',#7928,#878);
#421=LINE('',#7930,#879);
#422=LINE('',#7932,#880);
#423=LINE('',#7934,#881);
#424=LINE('',#7937,#882);
#425=LINE('',#7938,#883);
#426=LINE('',#7939,#884);
#427=LINE('',#7941,#885);
#428=LINE('',#7944,#886);
#429=LINE('',#7949,#887);
#430=LINE('',#7957,#888);
#431=LINE('',#7959,#889);
#432=LINE('',#7961,#890);
#433=LINE('',#7965,#891);
#434=LINE('',#7967,#892);
#435=LINE('',#7974,#893);
#436=LINE('',#7996,#894);
#437=LINE('',#7998,#895);
#438=LINE('',#8000,#896);
#439=LINE('',#8002,#897);
#440=LINE('',#8004,#898);
#441=LINE('',#8011,#899);
#442=LINE('',#8013,#900);
#443=LINE('',#8015,#901);
#444=LINE('',#8017,#902);
#445=LINE('',#8031,#903);
#446=LINE('',#8035,#904);
#447=LINE('',#8037,#905);
#448=LINE('',#8039,#906);
#449=LINE('',#8041,#907);
#450=LINE('',#8045,#908);
#451=LINE('',#8047,#909);
#452=LINE('',#8049,#910);
#453=LINE('',#8051,#911);
#454=LINE('',#8053,#912);
#455=LINE('',#8055,#913);
#456=LINE('',#8057,#914);
#457=LINE('',#8082,#915);
#458=LINE('',#8084,#916);
#459=LINE('',#8086,#917);
#460=LINE('',#8088,#918);
#461=LINE('',#8089,#919);
#462=LINE('',#8111,#920);
#463=LINE('',#8113,#921);
#464=LINE('',#8115,#922);
#465=LINE('',#8117,#923);
#466=LINE('',#8121,#924);
#467=LINE('',#8123,#925);
#468=LINE('',#8125,#926);
#469=LINE('',#8127,#927);
#470=LINE('',#8131,#928);
#471=LINE('',#8133,#929);
#472=LINE('',#8135,#930);
#473=LINE('',#8139,#931);
#474=LINE('',#8141,#932);
#475=LINE('',#8143,#933);
#476=LINE('',#8164,#934);
#477=LINE('',#8165,#935);
#478=LINE('',#8167,#936);
#479=LINE('',#8171,#937);
#480=LINE('',#8226,#938);
#481=LINE('',#8228,#939);
#482=LINE('',#8230,#940);
#483=LINE('',#8232,#941);
#484=LINE('',#8234,#942);
#485=LINE('',#8236,#943);
#486=LINE('',#8239,#944);
#487=LINE('',#8241,#945);
#488=LINE('',#8243,#946);
#489=LINE('',#8247,#947);
#490=LINE('',#8251,#948);
#491=LINE('',#8253,#949);
#492=LINE('',#8255,#950);
#493=LINE('',#8259,#951);
#494=LINE('',#8263,#952);
#495=LINE('',#8265,#953);
#496=LINE('',#8267,#954);
#497=LINE('',#8271,#955);
#498=LINE('',#8275,#956);
#499=LINE('',#8277,#957);
#500=LINE('',#8279,#958);
#501=LINE('',#8284,#959);
#502=LINE('',#8286,#960);
#503=LINE('',#8288,#961);
#504=LINE('',#8292,#962);
#505=LINE('',#8347,#963);
#506=LINE('',#8349,#964);
#507=LINE('',#8351,#965);
#508=LINE('',#8353,#966);
#509=LINE('',#8367,#967);
#510=LINE('',#8369,#968);
#511=LINE('',#8374,#969);
#512=LINE('',#8378,#970);
#513=LINE('',#8380,#971);
#514=LINE('',#8382,#972);
#515=LINE('',#8386,#973);
#516=LINE('',#8390,#974);
#517=LINE('',#8392,#975);
#518=LINE('',#8394,#976);
#519=LINE('',#8398,#977);
#520=LINE('',#8402,#978);
#521=LINE('',#8404,#979);
#522=LINE('',#8406,#980);
#523=LINE('',#8410,#981);
#524=LINE('',#8414,#982);
#525=LINE('',#8415,#983);
#526=LINE('',#8428,#984);
#527=LINE('',#8432,#985);
#528=LINE('',#8441,#986);
#529=LINE('',#8502,#987);
#530=LINE('',#8504,#988);
#531=LINE('',#8508,#989);
#532=LINE('',#8512,#990);
#533=LINE('',#8514,#991);
#534=LINE('',#8517,#992);
#535=LINE('',#8519,#993);
#536=LINE('',#8528,#994);
#537=LINE('',#8532,#995);
#538=LINE('',#8533,#996);
#539=LINE('',#8535,#997);
#540=LINE('',#8537,#998);
#541=LINE('',#8539,#999);
#542=LINE('',#8541,#1000);
#543=LINE('',#8543,#1001);
#544=LINE('',#8545,#1002);
#545=LINE('',#8549,#1003);
#546=LINE('',#8553,#1004);
#547=LINE('',#8555,#1005);
#548=LINE('',#8556,#1006);
#549=LINE('',#8560,#1007);
#550=LINE('',#8562,#1008);
#551=LINE('',#8564,#1009);
#552=LINE('',#8568,#1010);
#553=LINE('',#8570,#1011);
#554=LINE('',#8572,#1012);
#555=LINE('',#8576,#1013);
#556=LINE('',#8578,#1014);
#557=LINE('',#8580,#1015);
#558=LINE('',#8584,#1016);
#559=LINE('',#8586,#1017);
#560=LINE('',#8588,#1018);
#561=LINE('',#8592,#1019);
#562=LINE('',#8599,#1020);
#563=LINE('',#8600,#1021);
#564=LINE('',#8602,#1022);
#565=LINE('',#8604,#1023);
#566=LINE('',#8608,#1024);
#567=LINE('',#8610,#1025);
#568=LINE('',#8612,#1026);
#569=LINE('',#8616,#1027);
#570=LINE('',#8618,#1028);
#571=LINE('',#8620,#1029);
#572=LINE('',#8624,#1030);
#573=LINE('',#8626,#1031);
#574=LINE('',#8628,#1032);
#575=LINE('',#8630,#1033);
#576=LINE('',#8634,#1034);
#577=LINE('',#8638,#1035);
#578=LINE('',#8639,#1036);
#579=LINE('',#8641,#1037);
#580=LINE('',#8643,#1038);
#581=LINE('',#8647,#1039);
#582=LINE('',#8651,#1040);
#583=LINE('',#8653,#1041);
#584=LINE('',#8655,#1042);
#585=LINE('',#8663,#1043);
#586=LINE('',#8665,#1044);
#587=LINE('',#8671,#1045);
#588=LINE('',#8676,#1046);
#589=LINE('',#8680,#1047);
#590=LINE('',#8682,#1048);
#591=LINE('',#8684,#1049);
#592=LINE('',#8752,#1050);
#593=LINE('',#8754,#1051);
#594=LINE('',#8758,#1052);
#595=LINE('',#8759,#1053);
#596=LINE('',#8761,#1054);
#597=LINE('',#8763,#1055);
#598=LINE('',#8777,#1056);
#599=LINE('',#8781,#1057);
#600=LINE('',#8783,#1058);
#601=LINE('',#8785,#1059);
#602=LINE('',#8787,#1060);
#603=LINE('',#8793,#1061);
#604=LINE('',#8795,#1062);
#605=LINE('',#8804,#1063);
#606=LINE('',#8812,#1064);
#607=LINE('',#8816,#1065);
#608=LINE('',#8828,#1066);
#609=LINE('',#8832,#1067);
#610=LINE('',#8834,#1068);
#611=LINE('',#8843,#1069);
#612=LINE('',#8877,#1070);
#613=LINE('',#8879,#1071);
#614=LINE('',#8881,#1072);
#615=LINE('',#8887,#1073);
#616=LINE('',#8915,#1074);
#617=LINE('',#8927,#1075);
#618=LINE('',#8929,#1076);
#619=LINE('',#8938,#1077);
#620=LINE('',#8940,#1078);
#621=LINE('',#8947,#1079);
#622=LINE('',#8957,#1080);
#623=LINE('',#8964,#1081);
#624=LINE('',#8966,#1082);
#625=LINE('',#8975,#1083);
#626=LINE('',#8977,#1084);
#627=LINE('',#8984,#1085);
#628=LINE('',#8994,#1086);
#629=LINE('',#8996,#1087);
#630=LINE('',#9003,#1088);
#631=LINE('',#9011,#1089);
#632=LINE('',#9023,#1090);
#633=LINE('',#9027,#1091);
#634=LINE('',#9031,#1092);
#635=LINE('',#9038,#1093);
#636=LINE('',#9074,#1094);
#637=LINE('',#9079,#1095);
#638=LINE('',#9086,#1096);
#639=LINE('',#9093,#1097);
#640=LINE('',#9099,#1098);
#641=LINE('',#9118,#1099);
#642=LINE('',#9122,#1100);
#643=LINE('',#9126,#1101);
#644=LINE('',#9130,#1102);
#645=LINE('',#9134,#1103);
#646=LINE('',#9138,#1104);
#647=LINE('',#9147,#1105);
#648=LINE('',#9170,#1106);
#649=LINE('',#9182,#1107);
#650=LINE('',#9189,#1108);
#651=LINE('',#9197,#1109);
#652=LINE('',#9204,#1110);
#653=LINE('',#9211,#1111);
#654=LINE('',#9218,#1112);
#655=LINE('',#9226,#1113);
#656=LINE('',#9233,#1114);
#657=LINE('',#9240,#1115);
#658=LINE('',#9242,#1116);
#659=LINE('',#9244,#1117);
#660=LINE('',#9248,#1118);
#661=LINE('',#9262,#1119);
#662=LINE('',#9295,#1120);
#663=LINE('',#9298,#1121);
#664=LINE('',#9311,#1122);
#665=LINE('',#9313,#1123);
#666=LINE('',#9349,#1124);
#667=LINE('',#9369,#1125);
#668=LINE('',#9376,#1126);
#669=LINE('',#9460,#1127);
#670=LINE('',#9466,#1128);
#671=LINE('',#9468,#1129);
#672=LINE('',#9507,#1130);
#673=LINE('',#9561,#1131);
#674=LINE('',#9600,#1132);
#675=LINE('',#9602,#1133);
#676=LINE('',#9614,#1134);
#677=LINE('',#9638,#1135);
#678=LINE('',#9640,#1136);
#679=LINE('',#9644,#1137);
#680=LINE('',#9646,#1138);
#681=LINE('',#9657,#1139);
#682=LINE('',#9669,#1140);
#683=LINE('',#9673,#1141);
#684=LINE('',#9675,#1142);
#685=LINE('',#9677,#1143);
#686=LINE('',#9680,#1144);
#687=LINE('',#9705,#1145);
#688=LINE('',#9707,#1146);
#689=LINE('',#9709,#1147);
#690=LINE('',#9711,#1148);
#691=LINE('',#9712,#1149);
#692=LINE('',#9713,#1150);
#693=LINE('',#9717,#1151);
#694=LINE('',#9722,#1152);
#695=LINE('',#9726,#1153);
#696=LINE('',#9728,#1154);
#697=LINE('',#9730,#1155);
#698=LINE('',#9734,#1156);
#699=LINE('',#9738,#1157);
#700=LINE('',#9741,#1158);
#701=LINE('',#9743,#1159);
#702=LINE('',#9745,#1160);
#703=LINE('',#9747,#1161);
#704=LINE('',#9749,#1162);
#705=LINE('',#9751,#1163);
#706=LINE('',#9752,#1164);
#707=LINE('',#9754,#1165);
#708=LINE('',#9760,#1166);
#709=LINE('',#9763,#1167);
#710=LINE('',#9764,#1168);
#711=LINE('',#9770,#1169);
#712=LINE('',#9778,#1170);
#713=LINE('',#9779,#1171);
#714=LINE('',#9783,#1172);
#715=LINE('',#9787,#1173);
#716=LINE('',#9789,#1174);
#717=LINE('',#9791,#1175);
#718=LINE('',#9793,#1176);
#719=LINE('',#9797,#1177);
#720=LINE('',#9799,#1178);
#721=LINE('',#9803,#1179);
#722=LINE('',#9805,#1180);
#723=LINE('',#9807,#1181);
#724=LINE('',#9809,#1182);
#725=LINE('',#9811,#1183);
#726=LINE('',#9813,#1184);
#727=LINE('',#9815,#1185);
#728=LINE('',#9817,#1186);
#729=LINE('',#9819,#1187);
#730=LINE('',#9821,#1188);
#731=LINE('',#9823,#1189);
#732=LINE('',#9825,#1190);
#733=LINE('',#9827,#1191);
#734=VECTOR('',#6104,1000.);
#735=VECTOR('',#6105,1000.);
#736=VECTOR('',#6108,1000.);
#737=VECTOR('',#6111,1000.);
#738=VECTOR('',#6114,1000.);
#739=VECTOR('',#6117,1000.);
#740=VECTOR('',#6120,1000.);
#741=VECTOR('',#6123,1000.);
#742=VECTOR('',#6126,1000.);
#743=VECTOR('',#6127,1000.);
#744=VECTOR('',#6130,1000.);
#745=VECTOR('',#6133,1000.);
#746=VECTOR('',#6136,1000.);
#747=VECTOR('',#6139,1000.);
#748=VECTOR('',#6142,1000.);
#749=VECTOR('',#6149,1000.);
#750=VECTOR('',#6150,1000.);
#751=VECTOR('',#6153,1000.);
#752=VECTOR('',#6154,1000.);
#753=VECTOR('',#6157,1000.);
#754=VECTOR('',#6162,1000.);
#755=VECTOR('',#6163,1000.);
#756=VECTOR('',#6166,1000.);
#757=VECTOR('',#6167,1000.);
#758=VECTOR('',#6172,1000.);
#759=VECTOR('',#6175,1000.);
#760=VECTOR('',#6176,1000.);
#761=VECTOR('',#6179,1000.);
#762=VECTOR('',#6184,1000.);
#763=VECTOR('',#6185,1000.);
#764=VECTOR('',#6188,1000.);
#765=VECTOR('',#6195,1000.);
#766=VECTOR('',#6198,1000.);
#767=VECTOR('',#6199,1000.);
#768=VECTOR('',#6200,1000.);
#769=VECTOR('',#6201,1000.);
#770=VECTOR('',#6202,1000.);
#771=VECTOR('',#6203,1000.);
#772=VECTOR('',#6204,1000.);
#773=VECTOR('',#6205,1000.);
#774=VECTOR('',#6206,1000.);
#775=VECTOR('',#6207,1000.);
#776=VECTOR('',#6208,1000.);
#777=VECTOR('',#6209,1000.);
#778=VECTOR('',#6212,1000.);
#779=VECTOR('',#6213,1000.);
#780=VECTOR('',#6214,1000.);
#781=VECTOR('',#6215,1000.);
#782=VECTOR('',#6218,1000.);
#783=VECTOR('',#6219,1000.);
#784=VECTOR('',#6220,1000.);
#785=VECTOR('',#6221,1000.);
#786=VECTOR('',#6222,1000.);
#787=VECTOR('',#6223,1000.);
#788=VECTOR('',#6224,1000.);
#789=VECTOR('',#6225,1000.);
#790=VECTOR('',#6226,1000.);
#791=VECTOR('',#6227,1000.);
#792=VECTOR('',#6228,1000.);
#793=VECTOR('',#6229,1000.);
#794=VECTOR('',#6232,1000.);
#795=VECTOR('',#6233,1000.);
#796=VECTOR('',#6234,1000.);
#797=VECTOR('',#6235,1000.);
#798=VECTOR('',#6246,1000.);
#799=VECTOR('',#6249,1000.);
#800=VECTOR('',#6252,1000.);
#801=VECTOR('',#6255,1000.);
#802=VECTOR('',#6258,1000.);
#803=VECTOR('',#6259,1000.);
#804=VECTOR('',#6262,1000.);
#805=VECTOR('',#6263,1000.);
#806=VECTOR('',#6264,1000.);
#807=VECTOR('',#6269,1000.);
#808=VECTOR('',#6272,1000.);
#809=VECTOR('',#6273,1000.);
#810=VECTOR('',#6274,1000.);
#811=VECTOR('',#6275,1000.);
#812=VECTOR('',#6278,1000.);
#813=VECTOR('',#6279,1000.);
#814=VECTOR('',#6280,1000.);
#815=VECTOR('',#6281,1000.);
#816=VECTOR('',#6284,1000.);
#817=VECTOR('',#6285,1000.);
#818=VECTOR('',#6286,1000.);
#819=VECTOR('',#6291,1000.);
#820=VECTOR('',#6294,1000.);
#821=VECTOR('',#6295,1000.);
#822=VECTOR('',#6300,1000.);
#823=VECTOR('',#6301,1000.);
#824=VECTOR('',#6304,1000.);
#825=VECTOR('',#6305,1000.);
#826=VECTOR('',#6318,1000.);
#827=VECTOR('',#6319,1000.);
#828=VECTOR('',#6320,1000.);
#829=VECTOR('',#6323,1000.);
#830=VECTOR('',#6324,1000.);
#831=VECTOR('',#6327,1000.);
#832=VECTOR('',#6328,1000.);
#833=VECTOR('',#6331,1000.);
#834=VECTOR('',#6332,1000.);
#835=VECTOR('',#6335,1000.);
#836=VECTOR('',#6336,1000.);
#837=VECTOR('',#6339,1000.);
#838=VECTOR('',#6340,1000.);
#839=VECTOR('',#6343,1000.);
#840=VECTOR('',#6344,1000.);
#841=VECTOR('',#6347,1000.);
#842=VECTOR('',#6348,1000.);
#843=VECTOR('',#6351,1000.);
#844=VECTOR('',#6352,1000.);
#845=VECTOR('',#6355,1000.);
#846=VECTOR('',#6356,1000.);
#847=VECTOR('',#6359,1000.);
#848=VECTOR('',#6360,1000.);
#849=VECTOR('',#6363,1000.);
#850=VECTOR('',#6366,1000.);
#851=VECTOR('',#6367,1000.);
#852=VECTOR('',#6368,1000.);
#853=VECTOR('',#6369,1000.);
#854=VECTOR('',#6372,1000.);
#855=VECTOR('',#6373,1000.);
#856=VECTOR('',#6374,1000.);
#857=VECTOR('',#6377,1000.);
#858=VECTOR('',#6378,1000.);
#859=VECTOR('',#6379,1000.);
#860=VECTOR('',#6382,1000.);
#861=VECTOR('',#6383,1000.);
#862=VECTOR('',#6386,1000.);
#863=VECTOR('',#6387,1000.);
#864=VECTOR('',#6390,1000.);
#865=VECTOR('',#6391,1000.);
#866=VECTOR('',#6394,1000.);
#867=VECTOR('',#6395,1000.);
#868=VECTOR('',#6398,1000.);
#869=VECTOR('',#6399,1000.);
#870=VECTOR('',#6402,1000.);
#871=VECTOR('',#6403,1000.);
#872=VECTOR('',#6406,1000.);
#873=VECTOR('',#6407,1000.);
#874=VECTOR('',#6410,1000.);
#875=VECTOR('',#6411,1000.);
#876=VECTOR('',#6414,1000.);
#877=VECTOR('',#6415,1000.);
#878=VECTOR('',#6418,1000.);
#879=VECTOR('',#6419,1000.);
#880=VECTOR('',#6422,1000.);
#881=VECTOR('',#6425,1000.);
#882=VECTOR('',#6426,1000.);
#883=VECTOR('',#6427,1000.);
#884=VECTOR('',#6428,1000.);
#885=VECTOR('',#6431,1000.);
#886=VECTOR('',#6432,1000.);
#887=VECTOR('',#6433,1000.);
#888=VECTOR('',#6444,1000.);
#889=VECTOR('',#6445,1000.);
#890=VECTOR('',#6446,1000.);
#891=VECTOR('',#6449,1000.);
#892=VECTOR('',#6450,1000.);
#893=VECTOR('',#6453,1000.);
#894=VECTOR('',#6458,1000.);
#895=VECTOR('',#6459,1000.);
#896=VECTOR('',#6462,1000.);
#897=VECTOR('',#6463,1000.);
#898=VECTOR('',#6466,1000.);
#899=VECTOR('',#6467,1000.);
#900=VECTOR('',#6468,1000.);
#901=VECTOR('',#6469,1000.);
#902=VECTOR('',#6470,1000.);
#903=VECTOR('',#6477,1000.);
#904=VECTOR('',#6480,1000.);
#905=VECTOR('',#6483,1000.);
#906=VECTOR('',#6484,1000.);
#907=VECTOR('',#6487,1000.);
#908=VECTOR('',#6490,1000.);
#909=VECTOR('',#6491,1000.);
#910=VECTOR('',#6492,1000.);
#911=VECTOR('',#6495,1000.);
#912=VECTOR('',#6496,1000.);
#913=VECTOR('',#6497,1000.);
#914=VECTOR('',#6500,1000.);
#915=VECTOR('',#6507,1000.);
#916=VECTOR('',#6508,1000.);
#917=VECTOR('',#6509,1000.);
#918=VECTOR('',#6510,1000.);
#919=VECTOR('',#6511,1000.);
#920=VECTOR('',#6516,1000.);
#921=VECTOR('',#6517,1000.);
#922=VECTOR('',#6520,1000.);
#923=VECTOR('',#6521,1000.);
#924=VECTOR('',#6524,1000.);
#925=VECTOR('',#6525,1000.);
#926=VECTOR('',#6528,1000.);
#927=VECTOR('',#6529,1000.);
#928=VECTOR('',#6534,1000.);
#929=VECTOR('',#6535,1000.);
#930=VECTOR('',#6536,1000.);
#931=VECTOR('',#6539,1000.);
#932=VECTOR('',#6540,1000.);
#933=VECTOR('',#6543,1000.);
#934=VECTOR('',#6558,1000.);
#935=VECTOR('',#6559,1000.);
#936=VECTOR('',#6560,1000.);
#937=VECTOR('',#6565,1000.);
#938=VECTOR('',#6576,1000.);
#939=VECTOR('',#6577,1000.);
#940=VECTOR('',#6580,1000.);
#941=VECTOR('',#6581,1000.);
#942=VECTOR('',#6584,1000.);
#943=VECTOR('',#6587,1000.);
#944=VECTOR('',#6588,1000.);
#945=VECTOR('',#6589,1000.);
#946=VECTOR('',#6590,1000.);
#947=VECTOR('',#6595,1000.);
#948=VECTOR('',#6600,1000.);
#949=VECTOR('',#6601,1000.);
#950=VECTOR('',#6602,1000.);
#951=VECTOR('',#6607,1000.);
#952=VECTOR('',#6612,1000.);
#953=VECTOR('',#6613,1000.);
#954=VECTOR('',#6614,1000.);
#955=VECTOR('',#6619,1000.);
#956=VECTOR('',#6624,1000.);
#957=VECTOR('',#6625,1000.);
#958=VECTOR('',#6626,1000.);
#959=VECTOR('',#6635,1000.);
#960=VECTOR('',#6636,1000.);
#961=VECTOR('',#6637,1000.);
#962=VECTOR('',#6642,1000.);
#963=VECTOR('',#6653,1000.);
#964=VECTOR('',#6654,1000.);
#965=VECTOR('',#6657,1000.);
#966=VECTOR('',#6658,1000.);
#967=VECTOR('',#6665,1000.);
#968=VECTOR('',#6668,1000.);
#969=VECTOR('',#6671,1000.);
#970=VECTOR('',#6676,1000.);
#971=VECTOR('',#6677,1000.);
#972=VECTOR('',#6678,1000.);
#973=VECTOR('',#6683,1000.);
#974=VECTOR('',#6688,1000.);
#975=VECTOR('',#6689,1000.);
#976=VECTOR('',#6690,1000.);
#977=VECTOR('',#6695,1000.);
#978=VECTOR('',#6700,1000.);
#979=VECTOR('',#6701,1000.);
#980=VECTOR('',#6702,1000.);
#981=VECTOR('',#6707,1000.);
#982=VECTOR('',#6712,1000.);
#983=VECTOR('',#6713,1000.);
#984=VECTOR('',#6722,1000.);
#985=VECTOR('',#6725,1000.);
#986=VECTOR('',#6728,1000.);
#987=VECTOR('',#6735,1000.);
#988=VECTOR('',#6736,1000.);
#989=VECTOR('',#6741,1000.);
#990=VECTOR('',#6746,1000.);
#991=VECTOR('',#6749,1000.);
#992=VECTOR('',#6750,1000.);
#993=VECTOR('',#6751,1000.);
#994=VECTOR('',#6756,1000.);
#995=VECTOR('',#6761,1000.);
#996=VECTOR('',#6762,1000.);
#997=VECTOR('',#6763,1000.);
#998=VECTOR('',#6766,1000.);
#999=VECTOR('',#6767,1000.);
#1000=VECTOR('',#6768,1000.);
#1001=VECTOR('',#6769,1000.);
#1002=VECTOR('',#6770,1000.);
#1003=VECTOR('',#6775,1000.);
#1004=VECTOR('',#6780,1000.);
#1005=VECTOR('',#6781,1000.);
#1006=VECTOR('',#6782,1000.);
#1007=VECTOR('',#6787,1000.);
#1008=VECTOR('',#6790,1000.);
#1009=VECTOR('',#6791,1000.);
#1010=VECTOR('',#6796,1000.);
#1011=VECTOR('',#6799,1000.);
#1012=VECTOR('',#6800,1000.);
#1013=VECTOR('',#6805,1000.);
#1014=VECTOR('',#6808,1000.);
#1015=VECTOR('',#6809,1000.);
#1016=VECTOR('',#6814,1000.);
#1017=VECTOR('',#6817,1000.);
#1018=VECTOR('',#6818,1000.);
#1019=VECTOR('',#6823,1000.);
#1020=VECTOR('',#6830,1000.);
#1021=VECTOR('',#6831,1000.);
#1022=VECTOR('',#6834,1000.);
#1023=VECTOR('',#6835,1000.);
#1024=VECTOR('',#6840,1000.);
#1025=VECTOR('',#6843,1000.);
#1026=VECTOR('',#6844,1000.);
#1027=VECTOR('',#6849,1000.);
#1028=VECTOR('',#6852,1000.);
#1029=VECTOR('',#6853,1000.);
#1030=VECTOR('',#6858,1000.);
#1031=VECTOR('',#6861,1000.);
#1032=VECTOR('',#6862,1000.);
#1033=VECTOR('',#6863,1000.);
#1034=VECTOR('',#6868,1000.);
#1035=VECTOR('',#6873,1000.);
#1036=VECTOR('',#6874,1000.);
#1037=VECTOR('',#6875,1000.);
#1038=VECTOR('',#6876,1000.);
#1039=VECTOR('',#6881,1000.);
#1040=VECTOR('',#6884,1000.);
#1041=VECTOR('',#6887,1000.);
#1042=VECTOR('',#6890,1000.);
#1043=VECTOR('',#6891,1000.);
#1044=VECTOR('',#6892,1000.);
#1045=VECTOR('',#6899,1000.);
#1046=VECTOR('',#6904,1000.);
#1047=VECTOR('',#6907,1000.);
#1048=VECTOR('',#6910,1000.);
#1049=VECTOR('',#6911,1000.);
#1050=VECTOR('',#6920,1000.);
#1051=VECTOR('',#6921,1000.);
#1052=VECTOR('',#6926,1000.);
#1053=VECTOR('',#6927,1000.);
#1054=VECTOR('',#6928,1000.);
#1055=VECTOR('',#6929,1000.);
#1056=VECTOR('',#6942,1000.);
#1057=VECTOR('',#6947,1000.);
#1058=VECTOR('',#6948,1000.);
#1059=VECTOR('',#6951,1000.);
#1060=VECTOR('',#6952,1000.);
#1061=VECTOR('',#6959,1000.);
#1062=VECTOR('',#6962,1000.);
#1063=VECTOR('',#6965,1000.);
#1064=VECTOR('',#6968,1000.);
#1065=VECTOR('',#6971,1000.);
#1066=VECTOR('',#6978,1000.);
#1067=VECTOR('',#6981,1000.);
#1068=VECTOR('',#6984,1000.);
#1069=VECTOR('',#6987,1000.);
#1070=VECTOR('',#6990,1000.);
#1071=VECTOR('',#6991,1000.);
#1072=VECTOR('',#6992,1000.);
#1073=VECTOR('',#6999,1000.);
#1074=VECTOR('',#7008,1000.);
#1075=VECTOR('',#7009,1000.);
#1076=VECTOR('',#7010,1000.);
#1077=VECTOR('',#7015,1000.);
#1078=VECTOR('',#7018,1000.);
#1079=VECTOR('',#7019,1000.);
#1080=VECTOR('',#7024,1000.);
#1081=VECTOR('',#7027,1000.);
#1082=VECTOR('',#7028,1000.);
#1083=VECTOR('',#7033,1000.);
#1084=VECTOR('',#7036,1000.);
#1085=VECTOR('',#7037,1000.);
#1086=VECTOR('',#7042,1000.);
#1087=VECTOR('',#7045,1000.);
#1088=VECTOR('',#7046,1000.);
#1089=VECTOR('',#7053,1000.);
#1090=VECTOR('',#7060,1000.);
#1091=VECTOR('',#7063,1000.);
#1092=VECTOR('',#7066,1000.);
#1093=VECTOR('',#7069,1000.);
#1094=VECTOR('',#7078,1000.);
#1095=VECTOR('',#7083,1000.);
#1096=VECTOR('',#7086,1000.);
#1097=VECTOR('',#7089,1000.);
#1098=VECTOR('',#7096,1000.);
#1099=VECTOR('',#7103,1000.);
#1100=VECTOR('',#7106,1000.);
#1101=VECTOR('',#7109,1000.);
#1102=VECTOR('',#7112,1000.);
#1103=VECTOR('',#7115,1000.);
#1104=VECTOR('',#7118,1000.);
#1105=VECTOR('',#7121,1000.);
#1106=VECTOR('',#7124,1000.);
#1107=VECTOR('',#7131,1000.);
#1108=VECTOR('',#7132,1000.);
#1109=VECTOR('',#7135,1000.);
#1110=VECTOR('',#7138,1000.);
#1111=VECTOR('',#7141,1000.);
#1112=VECTOR('',#7144,1000.);
#1113=VECTOR('',#7147,1000.);
#1114=VECTOR('',#7150,1000.);
#1115=VECTOR('',#7153,1000.);
#1116=VECTOR('',#7156,1000.);
#1117=VECTOR('',#7157,1000.);
#1118=VECTOR('',#7160,1000.);
#1119=VECTOR('',#7165,1000.);
#1120=VECTOR('',#7178,1000.);
#1121=VECTOR('',#7179,1000.);
#1122=VECTOR('',#7184,1000.);
#1123=VECTOR('',#7187,1000.);
#1124=VECTOR('',#7194,1000.);
#1125=VECTOR('',#7197,1000.);
#1126=VECTOR('',#7200,1000.);
#1127=VECTOR('',#7217,1000.);
#1128=VECTOR('',#7224,1000.);
#1129=VECTOR('',#7225,1000.);
#1130=VECTOR('',#7236,1000.);
#1131=VECTOR('',#7239,1000.);
#1132=VECTOR('',#7250,1000.);
#1133=VECTOR('',#7251,1000.);
#1134=VECTOR('',#7268,1000.);
#1135=VECTOR('',#7275,1000.);
#1136=VECTOR('',#7278,1000.);
#1137=VECTOR('',#7283,1000.);
#1138=VECTOR('',#7284,1000.);
#1139=VECTOR('',#7293,1000.);
#1140=VECTOR('',#7304,1000.);
#1141=VECTOR('',#7309,1000.);
#1142=VECTOR('',#7312,1000.);
#1143=VECTOR('',#7313,1000.);
#1144=VECTOR('',#7318,1000.);
#1145=VECTOR('',#7327,1000.);
#1146=VECTOR('',#7330,1000.);
#1147=VECTOR('',#7331,1000.);
#1148=VECTOR('',#7332,1000.);
#1149=VECTOR('',#7333,1000.);
#1150=VECTOR('',#7334,1000.);
#1151=VECTOR('',#7341,1000.);
#1152=VECTOR('',#7344,1000.);
#1153=VECTOR('',#7349,1000.);
#1154=VECTOR('',#7350,1000.);
#1155=VECTOR('',#7351,1000.);
#1156=VECTOR('',#7356,1000.);
#1157=VECTOR('',#7361,1000.);
#1158=VECTOR('',#7362,1000.);
#1159=VECTOR('',#7363,1000.);
#1160=VECTOR('',#7364,1000.);
#1161=VECTOR('',#7365,1000.);
#1162=VECTOR('',#7366,1000.);
#1163=VECTOR('',#7367,1000.);
#1164=VECTOR('',#7368,1000.);
#1165=VECTOR('',#7371,1000.);
#1166=VECTOR('',#7378,1000.);
#1167=VECTOR('',#7379,1000.);
#1168=VECTOR('',#7380,1000.);
#1169=VECTOR('',#7387,1000.);
#1170=VECTOR('',#7396,1000.);
#1171=VECTOR('',#7397,1000.);
#1172=VECTOR('',#7400,1000.);
#1173=VECTOR('',#7403,1000.);
#1174=VECTOR('',#7406,1000.);
#1175=VECTOR('',#7407,1000.);
#1176=VECTOR('',#7410,1000.);
#1177=VECTOR('',#7415,1000.);
#1178=VECTOR('',#7416,1000.);
#1179=VECTOR('',#7421,1000.);
#1180=VECTOR('',#7424,1000.);
#1181=VECTOR('',#7425,1000.);
#1182=VECTOR('',#7426,1000.);
#1183=VECTOR('',#7429,1000.);
#1184=VECTOR('',#7430,1000.);
#1185=VECTOR('',#7433,1000.);
#1186=VECTOR('',#7434,1000.);
#1187=VECTOR('',#7437,1000.);
#1188=VECTOR('',#7440,1000.);
#1189=VECTOR('',#7443,1000.);
#1190=VECTOR('',#7444,1000.);
#1191=VECTOR('',#7447,1000.);
#1192=ELLIPSE('',#5607,1.00106966653059,1.);
#1193=ELLIPSE('',#5615,1.00106966653059,1.);
#1194=ELLIPSE('',#5635,1.00106966653059,1.);
#1195=ELLIPSE('',#5637,1.00106966653059,1.);
#1196=ELLIPSE('',#5643,3.03269732203151,2.4);
#1197=ELLIPSE('',#5645,2.30027049481792,2.3);
#1198=ELLIPSE('',#5647,145.435250818053,145.390320993592);
#1199=ELLIPSE('',#5649,140.585355937771,140.541924408423);
#1200=ELLIPSE('',#5653,145.435250818053,145.390320993592);
#1201=ELLIPSE('',#5658,140.585355937771,140.541924408423);
#1202=ELLIPSE('',#5660,145.435250818053,145.390320993592);
#1203=ELLIPSE('',#5663,145.435250818053,145.390320993592);
#1204=ELLIPSE('',#5665,2.30027049481792,2.3);
#1205=ELLIPSE('',#5667,3.03269732203151,2.4);
#1206=ELLIPSE('',#5701,1.0003694955219,1.);
#1207=ELLIPSE('',#5708,145.435250818053,145.390320993592);
#1208=ELLIPSE('',#5710,0.500132152648888,0.5);
#1209=ELLIPSE('',#5713,1.00026430529778,1.);
#1210=ELLIPSE('',#5717,145.435250818053,145.390320993592);
#1211=ELLIPSE('',#5722,1.0003694955219,1.);
#1212=ELLIPSE('',#5724,0.500132152648888,0.5);
#1213=ELLIPSE('',#5726,1.00026430529778,1.);
#1214=ELLIPSE('',#5733,145.435250818053,145.390320993592);
#1215=ELLIPSE('',#5736,43.8095294167853,1.);
#1216=ELLIPSE('',#5738,145.435250818053,145.390320993592);
#1217=ELLIPSE('',#5739,1320.13091150671,178.385105067031);
#1218=ELLIPSE('',#5741,43.806683918789,1.);
#1219=ELLIPSE('',#5746,1.00011760644258,1.);
#1220=ELLIPSE('',#5747,1.00011760644258,1.);
#1221=ELLIPSE('',#5750,1.00011760644258,1.);
#1222=ELLIPSE('',#5751,1.00011760644258,1.);
#1223=ELLIPSE('',#5754,1.00011760644258,1.);
#1224=ELLIPSE('',#5755,1.00011760644258,1.);
#1225=ELLIPSE('',#5758,1.00011760644258,1.);
#1226=ELLIPSE('',#5759,1.00011760644258,1.);
#1227=ELLIPSE('',#5762,43.806683918789,1.);
#1228=ELLIPSE('',#5763,1320.13091150671,178.385105067031);
#1229=ELLIPSE('',#5765,145.435250818053,145.390320993592);
#1230=ELLIPSE('',#5767,43.8095294167853,1.);
#1231=ELLIPSE('',#5770,145.435250818053,145.390320993592);
#1232=ELLIPSE('',#5773,1.00011760644258,1.);
#1233=ELLIPSE('',#5774,1.00011760644258,1.);
#1234=ELLIPSE('',#5777,1.00011760644258,1.);
#1235=ELLIPSE('',#5778,1.00011760644258,1.);
#1236=ELLIPSE('',#5781,1.00011760644258,1.);
#1237=ELLIPSE('',#5782,1.00011760644258,1.);
#1238=ELLIPSE('',#5785,1.00011760644258,1.);
#1239=ELLIPSE('',#5786,1.00011760644258,1.);
#1240=ELLIPSE('',#5792,0.50002317903293,0.5);
#1241=ELLIPSE('',#5793,1.00007615532162,1.);
#1242=ELLIPSE('',#5795,3.84944337567906,3.84899068594491);
#1243=ELLIPSE('',#5798,0.500079572166064,0.5);
#1244=ELLIPSE('',#5800,355.385130352042,1.5);
#1245=ELLIPSE('',#5803,0.50003807766081,0.5);
#1246=ELLIPSE('',#5804,0.500061623045126,0.5);
#1247=ELLIPSE('',#5808,1.00004211621239,1.);
#1248=ELLIPSE('',#5809,1.0002524054512,1.);
#1249=ELLIPSE('',#5812,0.50003807766081,0.5);
#1250=ELLIPSE('',#5815,1.00007615532162,1.);
#1251=ELLIPSE('',#5818,0.50003807766081,0.5);
#1252=ELLIPSE('',#5821,0.50003807766081,0.5);
#1253=ELLIPSE('',#5824,1.00007615532162,1.);
#1254=ELLIPSE('',#5825,1.00026430529778,1.);
#1255=ELLIPSE('',#5827,0.50003807766081,0.5);
#1256=ELLIPSE('',#5830,0.50003807766081,0.5);
#1257=ELLIPSE('',#5833,1.00007615532162,1.);
#1258=ELLIPSE('',#5836,0.50003807766081,0.5);
#1259=ELLIPSE('',#5839,1.00004211621239,1.);
#1260=ELLIPSE('',#5840,1.0002524054512,1.);
#1261=ELLIPSE('',#5843,1.00026430529778,1.);
#1262=ELLIPSE('',#5844,1.00007615532162,1.);
#1263=ELLIPSE('',#5848,0.50003807766081,0.5);
#1264=ELLIPSE('',#5849,0.500061623045126,0.5);
#1265=ELLIPSE('',#5851,0.500079572166064,0.5);
#1266=ELLIPSE('',#5852,0.50002317903293,0.5);
#1267=ELLIPSE('',#5855,3.84944337567906,3.84899068594491);
#1268=ELLIPSE('',#5858,355.385130352042,1.5);
#1269=ELLIPSE('',#5861,1.00007615532162,1.);
#1270=ELLIPSE('',#5865,0.500024383157028,0.5);
#1271=ELLIPSE('',#5866,0.636663138063277,0.5);
#1272=ELLIPSE('',#5869,0.636663138063277,0.5);
#1273=ELLIPSE('',#5871,0.500024383157028,0.5);
#1274=ELLIPSE('',#5873,162.418673557104,162.39955234396);
#1275=ELLIPSE('',#5875,162.33385223806,162.314741010754);
#1276=ELLIPSE('',#5876,144.572015091586,144.527351949579);
#1277=ELLIPSE('',#5878,144.572015091586,144.527351949579);
#1278=ELLIPSE('',#5879,162.33385223806,162.314741010754);
#1279=ELLIPSE('',#5881,162.418673557104,162.39955234396);
#1280=ELLIPSE('',#5884,1.00004876631406,1.);
#1281=ELLIPSE('',#5885,1.25418962662328,1.);
#1282=ELLIPSE('',#5887,4.69751705323255,3.71735156072321);
#1283=ELLIPSE('',#5888,355.38337169223,1.);
#1284=ELLIPSE('',#5891,0.500021058106194,0.5);
#1285=ELLIPSE('',#5894,1.00007615532162,1.);
#1286=ELLIPSE('',#5897,0.50003807766081,0.5);
#1287=ELLIPSE('',#5900,1.00007615532162,1.);
#1288=ELLIPSE('',#5903,1.00007615532162,1.);
#1289=ELLIPSE('',#5905,8678.21718560084,136.391000000001);
#1290=ELLIPSE('',#5906,136.407847931191,136.391000000001);
#1291=ELLIPSE('',#5908,160.148367622494,160.12856470476);
#1292=ELLIPSE('',#5909,136.768867581488,136.724488167518);
#1293=ELLIPSE('',#5912,145.435250818053,145.390320993592);
#1294=ELLIPSE('',#5913,159.916940854532,159.898114165183);
#1295=ELLIPSE('',#5924,1.00007615532162,1.);
#1296=ELLIPSE('',#5925,1.00007615532162,1.);
#1297=ELLIPSE('',#5926,0.50003807766081,0.5);
#1298=ELLIPSE('',#5927,1.00007615532162,1.);
#1299=ELLIPSE('',#5928,0.500021058106194,0.5);
#1300=ELLIPSE('',#5929,1.00004876631406,1.);
#1301=ELLIPSE('',#5932,136.407847931191,136.391000000001);
#1302=ELLIPSE('',#5933,8678.21718560084,136.391000000001);
#1303=ELLIPSE('',#5943,136.768867581488,136.724488167518);
#1304=ELLIPSE('',#5944,160.148367622494,160.12856470476);
#1305=ELLIPSE('',#5947,159.916940854532,159.898114165183);
#1306=ELLIPSE('',#5948,145.435250818053,145.390320993592);
#1307=ELLIPSE('',#5949,355.38337169223,1.);
#1308=ELLIPSE('',#5953,1.25418962662328,1.);
#1309=ELLIPSE('',#5956,4.69751705323255,3.71735156072321);
#1310=ELLIPSE('',#5960,8271.00124035633,129.991000000001);
#1311=ELLIPSE('',#5963,1320.13091150671,178.385105067031);
#1312=ELLIPSE('',#5964,1320.13091150671,178.385105067031);
#1313=ELLIPSE('',#5968,8271.00124035633,129.991000000001);
#1314=ELLIPSE('',#5970,209.088196141671,165.410297069063);
#1315=ELLIPSE('',#5971,3739.32702624478,116.244745127695);
#1316=ELLIPSE('',#5973,206.060646931779,163.015193837793);
#1317=ELLIPSE('',#5979,206.060646931779,163.015193837793);
#1318=ELLIPSE('',#5980,3739.32702624478,116.244745127695);
#1319=ELLIPSE('',#5982,209.088196141671,165.410297069063);
#1320=ELLIPSE('',#5985,3799.86493183407,118.126691626731);
#1321=ELLIPSE('',#5987,3799.86493183407,118.126691626731);
#1322=ELLIPSE('',#5990,1320.13091150671,178.385105067031);
#1323=ELLIPSE('',#5998,8678.21718560084,136.391000000001);
#1324=ELLIPSE('',#6004,8678.21718560084,136.391000000001);
#1325=ELLIPSE('',#6012,1320.13091150671,178.385105067031);
#1326=ELLIPSE('',#6018,2.00213933306117,2.);
#1327=ELLIPSE('',#6019,2.00213933306117,2.);
#1328=ELLIPSE('',#6026,2.00213933306117,2.);
#1329=ELLIPSE('',#6027,2.00213933306117,2.);
#1330=ORIENTED_EDGE('',*,*,#2974,.F.);
#1331=ORIENTED_EDGE('',*,*,#2975,.F.);
#1332=ORIENTED_EDGE('',*,*,#2976,.F.);
#1333=ORIENTED_EDGE('',*,*,#2977,.F.);
#1334=ORIENTED_EDGE('',*,*,#2978,.F.);
#1335=ORIENTED_EDGE('',*,*,#2979,.T.);
#1336=ORIENTED_EDGE('',*,*,#2980,.F.);
#1337=ORIENTED_EDGE('',*,*,#2981,.F.);
#1338=ORIENTED_EDGE('',*,*,#2982,.F.);
#1339=ORIENTED_EDGE('',*,*,#2983,.F.);
#1340=ORIENTED_EDGE('',*,*,#2984,.F.);
#1341=ORIENTED_EDGE('',*,*,#2985,.F.);
#1342=ORIENTED_EDGE('',*,*,#2986,.F.);
#1343=ORIENTED_EDGE('',*,*,#2987,.F.);
#1344=ORIENTED_EDGE('',*,*,#2988,.F.);
#1345=ORIENTED_EDGE('',*,*,#2989,.T.);
#1346=ORIENTED_EDGE('',*,*,#2990,.F.);
#1347=ORIENTED_EDGE('',*,*,#2991,.F.);
#1348=ORIENTED_EDGE('',*,*,#2992,.F.);
#1349=ORIENTED_EDGE('',*,*,#2993,.F.);
#1350=ORIENTED_EDGE('',*,*,#2994,.F.);
#1351=ORIENTED_EDGE('',*,*,#2995,.F.);
#1352=ORIENTED_EDGE('',*,*,#2996,.F.);
#1353=ORIENTED_EDGE('',*,*,#2997,.F.);
#1354=ORIENTED_EDGE('',*,*,#2998,.F.);
#1355=ORIENTED_EDGE('',*,*,#2999,.T.);
#1356=ORIENTED_EDGE('',*,*,#3000,.T.);
#1357=ORIENTED_EDGE('',*,*,#3001,.F.);
#1358=ORIENTED_EDGE('',*,*,#3002,.T.);
#1359=ORIENTED_EDGE('',*,*,#3003,.T.);
#1360=ORIENTED_EDGE('',*,*,#3004,.T.);
#1361=ORIENTED_EDGE('',*,*,#3005,.T.);
#1362=ORIENTED_EDGE('',*,*,#3006,.T.);
#1363=ORIENTED_EDGE('',*,*,#3007,.F.);
#1364=ORIENTED_EDGE('',*,*,#3008,.T.);
#1365=ORIENTED_EDGE('',*,*,#3009,.F.);
#1366=ORIENTED_EDGE('',*,*,#3010,.F.);
#1367=ORIENTED_EDGE('',*,*,#3011,.F.);
#1368=ORIENTED_EDGE('',*,*,#3005,.F.);
#1369=ORIENTED_EDGE('',*,*,#3012,.F.);
#1370=ORIENTED_EDGE('',*,*,#3013,.F.);
#1371=ORIENTED_EDGE('',*,*,#3014,.T.);
#1372=ORIENTED_EDGE('',*,*,#3006,.F.);
#1373=ORIENTED_EDGE('',*,*,#3011,.T.);
#1374=ORIENTED_EDGE('',*,*,#3015,.F.);
#1375=ORIENTED_EDGE('',*,*,#3007,.T.);
#1376=ORIENTED_EDGE('',*,*,#3014,.F.);
#1377=ORIENTED_EDGE('',*,*,#3016,.F.);
#1378=ORIENTED_EDGE('',*,*,#3017,.F.);
#1379=ORIENTED_EDGE('',*,*,#3018,.T.);
#1380=ORIENTED_EDGE('',*,*,#3008,.F.);
#1381=ORIENTED_EDGE('',*,*,#3015,.T.);
#1382=ORIENTED_EDGE('',*,*,#3019,.F.);
#1383=ORIENTED_EDGE('',*,*,#3012,.T.);
#1384=ORIENTED_EDGE('',*,*,#3004,.F.);
#1385=ORIENTED_EDGE('',*,*,#3020,.T.);
#1386=ORIENTED_EDGE('',*,*,#3021,.F.);
#1387=ORIENTED_EDGE('',*,*,#3020,.F.);
#1388=ORIENTED_EDGE('',*,*,#3003,.F.);
#1389=ORIENTED_EDGE('',*,*,#3022,.F.);
#1390=ORIENTED_EDGE('',*,*,#3023,.F.);
#1391=ORIENTED_EDGE('',*,*,#3022,.T.);
#1392=ORIENTED_EDGE('',*,*,#3002,.F.);
#1393=ORIENTED_EDGE('',*,*,#3024,.T.);
#1394=ORIENTED_EDGE('',*,*,#3025,.F.);
#1395=ORIENTED_EDGE('',*,*,#3026,.F.);
#1396=ORIENTED_EDGE('',*,*,#3024,.F.);
#1397=ORIENTED_EDGE('',*,*,#3001,.T.);
#1398=ORIENTED_EDGE('',*,*,#3027,.F.);
#1399=ORIENTED_EDGE('',*,*,#3025,.T.);
#1400=ORIENTED_EDGE('',*,*,#3000,.F.);
#1401=ORIENTED_EDGE('',*,*,#3028,.T.);
#1402=ORIENTED_EDGE('',*,*,#3028,.F.);
#1403=ORIENTED_EDGE('',*,*,#2999,.F.);
#1404=ORIENTED_EDGE('',*,*,#3029,.F.);
#1405=ORIENTED_EDGE('',*,*,#3030,.F.);
#1406=ORIENTED_EDGE('',*,*,#3018,.F.);
#1407=ORIENTED_EDGE('',*,*,#3031,.F.);
#1408=ORIENTED_EDGE('',*,*,#3032,.F.);
#1409=ORIENTED_EDGE('',*,*,#2979,.F.);
#1410=ORIENTED_EDGE('',*,*,#3033,.T.);
#1411=ORIENTED_EDGE('',*,*,#3034,.T.);
#1412=ORIENTED_EDGE('',*,*,#3035,.T.);
#1413=ORIENTED_EDGE('',*,*,#3036,.T.);
#1414=ORIENTED_EDGE('',*,*,#3037,.T.);
#1415=ORIENTED_EDGE('',*,*,#3038,.T.);
#1416=ORIENTED_EDGE('',*,*,#3039,.T.);
#1417=ORIENTED_EDGE('',*,*,#3040,.T.);
#1418=ORIENTED_EDGE('',*,*,#3041,.T.);
#1419=ORIENTED_EDGE('',*,*,#3042,.T.);
#1420=ORIENTED_EDGE('',*,*,#3043,.T.);
#1421=ORIENTED_EDGE('',*,*,#3044,.T.);
#1422=ORIENTED_EDGE('',*,*,#3045,.T.);
#1423=ORIENTED_EDGE('',*,*,#3046,.F.);
#1424=ORIENTED_EDGE('',*,*,#3047,.F.);
#1425=ORIENTED_EDGE('',*,*,#3048,.T.);
#1426=ORIENTED_EDGE('',*,*,#3049,.T.);
#1427=ORIENTED_EDGE('',*,*,#3050,.T.);
#1428=ORIENTED_EDGE('',*,*,#3051,.T.);
#1429=ORIENTED_EDGE('',*,*,#3052,.T.);
#1430=ORIENTED_EDGE('',*,*,#3053,.T.);
#1431=ORIENTED_EDGE('',*,*,#3054,.T.);
#1432=ORIENTED_EDGE('',*,*,#3055,.T.);
#1433=ORIENTED_EDGE('',*,*,#3056,.T.);
#1434=ORIENTED_EDGE('',*,*,#3057,.T.);
#1435=ORIENTED_EDGE('',*,*,#3058,.T.);
#1436=ORIENTED_EDGE('',*,*,#3059,.T.);
#1437=ORIENTED_EDGE('',*,*,#3060,.T.);
#1438=ORIENTED_EDGE('',*,*,#3061,.T.);
#1439=ORIENTED_EDGE('',*,*,#3062,.T.);
#1440=ORIENTED_EDGE('',*,*,#3063,.F.);
#1441=ORIENTED_EDGE('',*,*,#3064,.F.);
#1442=ORIENTED_EDGE('',*,*,#3065,.F.);
#1443=ORIENTED_EDGE('',*,*,#3066,.F.);
#1444=ORIENTED_EDGE('',*,*,#3067,.F.);
#1445=ORIENTED_EDGE('',*,*,#3068,.F.);
#1446=ORIENTED_EDGE('',*,*,#3069,.F.);
#1447=ORIENTED_EDGE('',*,*,#3048,.F.);
#1448=ORIENTED_EDGE('',*,*,#3070,.T.);
#1449=ORIENTED_EDGE('',*,*,#3071,.T.);
#1450=ORIENTED_EDGE('',*,*,#3072,.T.);
#1451=ORIENTED_EDGE('',*,*,#3073,.T.);
#1452=ORIENTED_EDGE('',*,*,#3074,.F.);
#1453=ORIENTED_EDGE('',*,*,#3045,.F.);
#1454=ORIENTED_EDGE('',*,*,#3072,.F.);
#1455=ORIENTED_EDGE('',*,*,#3075,.T.);
#1456=ORIENTED_EDGE('',*,*,#3076,.T.);
#1457=ORIENTED_EDGE('',*,*,#3077,.T.);
#1458=ORIENTED_EDGE('',*,*,#3078,.T.);
#1459=ORIENTED_EDGE('',*,*,#3079,.F.);
#1460=ORIENTED_EDGE('',*,*,#3073,.F.);
#1461=ORIENTED_EDGE('',*,*,#3077,.F.);
#1462=ORIENTED_EDGE('',*,*,#3080,.F.);
#1463=ORIENTED_EDGE('',*,*,#3081,.F.);
#1464=ORIENTED_EDGE('',*,*,#3082,.F.);
#1465=ORIENTED_EDGE('',*,*,#3083,.T.);
#1466=ORIENTED_EDGE('',*,*,#3084,.F.);
#1467=ORIENTED_EDGE('',*,*,#3085,.F.);
#1468=ORIENTED_EDGE('',*,*,#3086,.F.);
#1469=ORIENTED_EDGE('',*,*,#3087,.F.);
#1470=ORIENTED_EDGE('',*,*,#3088,.F.);
#1471=ORIENTED_EDGE('',*,*,#3089,.T.);
#1472=ORIENTED_EDGE('',*,*,#3090,.T.);
#1473=ORIENTED_EDGE('',*,*,#3091,.T.);
#1474=ORIENTED_EDGE('',*,*,#3092,.F.);
#1475=ORIENTED_EDGE('',*,*,#3061,.F.);
#1476=ORIENTED_EDGE('',*,*,#3093,.F.);
#1477=ORIENTED_EDGE('',*,*,#3062,.F.);
#1478=ORIENTED_EDGE('',*,*,#3092,.T.);
#1479=ORIENTED_EDGE('',*,*,#3094,.T.);
#1480=ORIENTED_EDGE('',*,*,#3095,.T.);
#1481=ORIENTED_EDGE('',*,*,#3096,.F.);
#1482=ORIENTED_EDGE('',*,*,#3097,.F.);
#1483=ORIENTED_EDGE('',*,*,#3098,.F.);
#1484=ORIENTED_EDGE('',*,*,#3099,.T.);
#1485=ORIENTED_EDGE('',*,*,#3090,.F.);
#1486=ORIENTED_EDGE('',*,*,#3100,.F.);
#1487=ORIENTED_EDGE('',*,*,#3101,.T.);
#1488=ORIENTED_EDGE('',*,*,#3096,.T.);
#1489=ORIENTED_EDGE('',*,*,#3102,.F.);
#1490=ORIENTED_EDGE('',*,*,#3103,.F.);
#1491=ORIENTED_EDGE('',*,*,#3104,.F.);
#1492=ORIENTED_EDGE('',*,*,#3105,.F.);
#1493=ORIENTED_EDGE('',*,*,#3106,.F.);
#1494=ORIENTED_EDGE('',*,*,#3107,.T.);
#1495=ORIENTED_EDGE('',*,*,#3034,.F.);
#1496=ORIENTED_EDGE('',*,*,#3108,.F.);
#1497=ORIENTED_EDGE('',*,*,#3109,.T.);
#1498=ORIENTED_EDGE('',*,*,#3110,.T.);
#1499=ORIENTED_EDGE('',*,*,#3035,.F.);
#1500=ORIENTED_EDGE('',*,*,#3107,.F.);
#1501=ORIENTED_EDGE('',*,*,#3111,.T.);
#1502=ORIENTED_EDGE('',*,*,#3112,.T.);
#1503=ORIENTED_EDGE('',*,*,#3036,.F.);
#1504=ORIENTED_EDGE('',*,*,#3110,.F.);
#1505=ORIENTED_EDGE('',*,*,#3113,.T.);
#1506=ORIENTED_EDGE('',*,*,#3114,.T.);
#1507=ORIENTED_EDGE('',*,*,#3037,.F.);
#1508=ORIENTED_EDGE('',*,*,#3112,.F.);
#1509=ORIENTED_EDGE('',*,*,#3115,.T.);
#1510=ORIENTED_EDGE('',*,*,#3116,.T.);
#1511=ORIENTED_EDGE('',*,*,#3038,.F.);
#1512=ORIENTED_EDGE('',*,*,#3114,.F.);
#1513=ORIENTED_EDGE('',*,*,#3117,.T.);
#1514=ORIENTED_EDGE('',*,*,#3118,.T.);
#1515=ORIENTED_EDGE('',*,*,#3039,.F.);
#1516=ORIENTED_EDGE('',*,*,#3116,.F.);
#1517=ORIENTED_EDGE('',*,*,#3119,.T.);
#1518=ORIENTED_EDGE('',*,*,#3120,.T.);
#1519=ORIENTED_EDGE('',*,*,#3040,.F.);
#1520=ORIENTED_EDGE('',*,*,#3118,.F.);
#1521=ORIENTED_EDGE('',*,*,#3121,.T.);
#1522=ORIENTED_EDGE('',*,*,#3122,.T.);
#1523=ORIENTED_EDGE('',*,*,#3041,.F.);
#1524=ORIENTED_EDGE('',*,*,#3120,.F.);
#1525=ORIENTED_EDGE('',*,*,#3123,.T.);
#1526=ORIENTED_EDGE('',*,*,#3124,.T.);
#1527=ORIENTED_EDGE('',*,*,#3042,.F.);
#1528=ORIENTED_EDGE('',*,*,#3122,.F.);
#1529=ORIENTED_EDGE('',*,*,#3125,.T.);
#1530=ORIENTED_EDGE('',*,*,#3126,.T.);
#1531=ORIENTED_EDGE('',*,*,#3043,.F.);
#1532=ORIENTED_EDGE('',*,*,#3124,.F.);
#1533=ORIENTED_EDGE('',*,*,#3127,.T.);
#1534=ORIENTED_EDGE('',*,*,#3128,.T.);
#1535=ORIENTED_EDGE('',*,*,#3044,.F.);
#1536=ORIENTED_EDGE('',*,*,#3126,.F.);
#1537=ORIENTED_EDGE('',*,*,#3129,.T.);
#1538=ORIENTED_EDGE('',*,*,#3108,.T.);
#1539=ORIENTED_EDGE('',*,*,#3033,.F.);
#1540=ORIENTED_EDGE('',*,*,#3128,.F.);
#1541=ORIENTED_EDGE('',*,*,#3130,.T.);
#1542=ORIENTED_EDGE('',*,*,#3131,.T.);
#1543=ORIENTED_EDGE('',*,*,#3132,.T.);
#1544=ORIENTED_EDGE('',*,*,#3046,.T.);
#1545=ORIENTED_EDGE('',*,*,#3074,.T.);
#1546=ORIENTED_EDGE('',*,*,#3079,.T.);
#1547=ORIENTED_EDGE('',*,*,#3133,.T.);
#1548=ORIENTED_EDGE('',*,*,#3084,.T.);
#1549=ORIENTED_EDGE('',*,*,#3134,.T.);
#1550=ORIENTED_EDGE('',*,*,#3135,.F.);
#1551=ORIENTED_EDGE('',*,*,#3136,.F.);
#1552=ORIENTED_EDGE('',*,*,#3069,.T.);
#1553=ORIENTED_EDGE('',*,*,#3137,.T.);
#1554=ORIENTED_EDGE('',*,*,#3070,.F.);
#1555=ORIENTED_EDGE('',*,*,#3047,.T.);
#1556=ORIENTED_EDGE('',*,*,#3132,.F.);
#1557=ORIENTED_EDGE('',*,*,#3138,.F.);
#1558=ORIENTED_EDGE('',*,*,#3139,.T.);
#1559=ORIENTED_EDGE('',*,*,#3140,.T.);
#1560=ORIENTED_EDGE('',*,*,#3141,.F.);
#1561=ORIENTED_EDGE('',*,*,#3050,.F.);
#1562=ORIENTED_EDGE('',*,*,#3141,.T.);
#1563=ORIENTED_EDGE('',*,*,#3142,.T.);
#1564=ORIENTED_EDGE('',*,*,#3143,.F.);
#1565=ORIENTED_EDGE('',*,*,#3051,.F.);
#1566=ORIENTED_EDGE('',*,*,#3143,.T.);
#1567=ORIENTED_EDGE('',*,*,#3144,.T.);
#1568=ORIENTED_EDGE('',*,*,#3145,.F.);
#1569=ORIENTED_EDGE('',*,*,#3052,.F.);
#1570=ORIENTED_EDGE('',*,*,#3145,.T.);
#1571=ORIENTED_EDGE('',*,*,#3146,.T.);
#1572=ORIENTED_EDGE('',*,*,#3147,.F.);
#1573=ORIENTED_EDGE('',*,*,#3053,.F.);
#1574=ORIENTED_EDGE('',*,*,#3147,.T.);
#1575=ORIENTED_EDGE('',*,*,#3148,.T.);
#1576=ORIENTED_EDGE('',*,*,#3149,.F.);
#1577=ORIENTED_EDGE('',*,*,#3054,.F.);
#1578=ORIENTED_EDGE('',*,*,#3149,.T.);
#1579=ORIENTED_EDGE('',*,*,#3150,.T.);
#1580=ORIENTED_EDGE('',*,*,#3151,.F.);
#1581=ORIENTED_EDGE('',*,*,#3055,.F.);
#1582=ORIENTED_EDGE('',*,*,#3151,.T.);
#1583=ORIENTED_EDGE('',*,*,#3152,.T.);
#1584=ORIENTED_EDGE('',*,*,#3153,.F.);
#1585=ORIENTED_EDGE('',*,*,#3056,.F.);
#1586=ORIENTED_EDGE('',*,*,#3153,.T.);
#1587=ORIENTED_EDGE('',*,*,#3154,.T.);
#1588=ORIENTED_EDGE('',*,*,#3155,.F.);
#1589=ORIENTED_EDGE('',*,*,#3057,.F.);
#1590=ORIENTED_EDGE('',*,*,#3155,.T.);
#1591=ORIENTED_EDGE('',*,*,#3156,.T.);
#1592=ORIENTED_EDGE('',*,*,#3157,.F.);
#1593=ORIENTED_EDGE('',*,*,#3058,.F.);
#1594=ORIENTED_EDGE('',*,*,#3157,.T.);
#1595=ORIENTED_EDGE('',*,*,#3158,.T.);
#1596=ORIENTED_EDGE('',*,*,#3159,.F.);
#1597=ORIENTED_EDGE('',*,*,#3059,.F.);
#1598=ORIENTED_EDGE('',*,*,#3159,.T.);
#1599=ORIENTED_EDGE('',*,*,#3160,.T.);
#1600=ORIENTED_EDGE('',*,*,#3161,.F.);
#1601=ORIENTED_EDGE('',*,*,#3060,.F.);
#1602=ORIENTED_EDGE('',*,*,#3161,.T.);
#1603=ORIENTED_EDGE('',*,*,#3162,.T.);
#1604=ORIENTED_EDGE('',*,*,#3139,.F.);
#1605=ORIENTED_EDGE('',*,*,#3049,.F.);
#1606=ORIENTED_EDGE('',*,*,#3163,.T.);
#1607=ORIENTED_EDGE('',*,*,#3164,.T.);
#1608=ORIENTED_EDGE('',*,*,#3088,.T.);
#1609=ORIENTED_EDGE('',*,*,#3165,.T.);
#1610=ORIENTED_EDGE('',*,*,#3100,.T.);
#1611=ORIENTED_EDGE('',*,*,#3093,.T.);
#1612=ORIENTED_EDGE('',*,*,#3064,.T.);
#1613=ORIENTED_EDGE('',*,*,#3166,.T.);
#1614=ORIENTED_EDGE('',*,*,#3167,.F.);
#1615=ORIENTED_EDGE('',*,*,#3168,.F.);
#1616=ORIENTED_EDGE('',*,*,#3166,.F.);
#1617=ORIENTED_EDGE('',*,*,#3063,.T.);
#1618=ORIENTED_EDGE('',*,*,#3095,.F.);
#1619=ORIENTED_EDGE('',*,*,#3169,.T.);
#1620=ORIENTED_EDGE('',*,*,#3103,.T.);
#1621=ORIENTED_EDGE('',*,*,#3170,.F.);
#1622=ORIENTED_EDGE('',*,*,#3065,.T.);
#1623=ORIENTED_EDGE('',*,*,#3171,.F.);
#1624=ORIENTED_EDGE('',*,*,#3066,.T.);
#1625=ORIENTED_EDGE('',*,*,#3172,.F.);
#1626=ORIENTED_EDGE('',*,*,#3173,.F.);
#1627=ORIENTED_EDGE('',*,*,#3174,.T.);
#1628=ORIENTED_EDGE('',*,*,#3175,.T.);
#1629=ORIENTED_EDGE('',*,*,#3176,.F.);
#1630=ORIENTED_EDGE('',*,*,#3177,.T.);
#1631=ORIENTED_EDGE('',*,*,#3178,.T.);
#1632=ORIENTED_EDGE('',*,*,#3135,.T.);
#1633=ORIENTED_EDGE('',*,*,#3179,.T.);
#1634=ORIENTED_EDGE('',*,*,#3067,.T.);
#1635=ORIENTED_EDGE('',*,*,#3136,.T.);
#1636=ORIENTED_EDGE('',*,*,#3178,.F.);
#1637=ORIENTED_EDGE('',*,*,#3180,.T.);
#1638=ORIENTED_EDGE('',*,*,#3076,.F.);
#1639=ORIENTED_EDGE('',*,*,#3075,.F.);
#1640=ORIENTED_EDGE('',*,*,#3071,.F.);
#1641=ORIENTED_EDGE('',*,*,#3137,.F.);
#1642=ORIENTED_EDGE('',*,*,#3068,.T.);
#1643=ORIENTED_EDGE('',*,*,#3179,.F.);
#1644=ORIENTED_EDGE('',*,*,#3181,.F.);
#1645=ORIENTED_EDGE('',*,*,#3182,.T.);
#1646=ORIENTED_EDGE('',*,*,#3183,.F.);
#1647=ORIENTED_EDGE('',*,*,#3184,.F.);
#1648=ORIENTED_EDGE('',*,*,#3080,.T.);
#1649=ORIENTED_EDGE('',*,*,#3081,.T.);
#1650=ORIENTED_EDGE('',*,*,#3184,.T.);
#1651=ORIENTED_EDGE('',*,*,#3185,.T.);
#1652=ORIENTED_EDGE('',*,*,#3186,.F.);
#1653=ORIENTED_EDGE('',*,*,#3085,.T.);
#1654=ORIENTED_EDGE('',*,*,#3133,.F.);
#1655=ORIENTED_EDGE('',*,*,#3078,.F.);
#1656=ORIENTED_EDGE('',*,*,#3186,.T.);
#1657=ORIENTED_EDGE('',*,*,#3187,.F.);
#1658=ORIENTED_EDGE('',*,*,#3188,.T.);
#1659=ORIENTED_EDGE('',*,*,#3082,.T.);
#1660=ORIENTED_EDGE('',*,*,#3188,.F.);
#1661=ORIENTED_EDGE('',*,*,#3189,.T.);
#1662=ORIENTED_EDGE('',*,*,#3190,.T.);
#1663=ORIENTED_EDGE('',*,*,#3191,.T.);
#1664=ORIENTED_EDGE('',*,*,#3192,.T.);
#1665=ORIENTED_EDGE('',*,*,#3193,.F.);
#1666=ORIENTED_EDGE('',*,*,#3194,.T.);
#1667=ORIENTED_EDGE('',*,*,#3134,.F.);
#1668=ORIENTED_EDGE('',*,*,#3083,.F.);
#1669=ORIENTED_EDGE('',*,*,#3190,.F.);
#1670=ORIENTED_EDGE('',*,*,#3195,.F.);
#1671=ORIENTED_EDGE('',*,*,#3196,.T.);
#1672=ORIENTED_EDGE('',*,*,#3197,.T.);
#1673=ORIENTED_EDGE('',*,*,#3198,.F.);
#1674=ORIENTED_EDGE('',*,*,#3191,.F.);
#1675=ORIENTED_EDGE('',*,*,#3197,.F.);
#1676=ORIENTED_EDGE('',*,*,#3199,.T.);
#1677=ORIENTED_EDGE('',*,*,#3200,.F.);
#1678=ORIENTED_EDGE('',*,*,#3201,.F.);
#1679=ORIENTED_EDGE('',*,*,#3192,.F.);
#1680=ORIENTED_EDGE('',*,*,#3198,.T.);
#1681=ORIENTED_EDGE('',*,*,#3202,.T.);
#1682=ORIENTED_EDGE('',*,*,#3193,.T.);
#1683=ORIENTED_EDGE('',*,*,#3201,.T.);
#1684=ORIENTED_EDGE('',*,*,#3203,.F.);
#1685=ORIENTED_EDGE('',*,*,#3204,.T.);
#1686=ORIENTED_EDGE('',*,*,#3205,.T.);
#1687=ORIENTED_EDGE('',*,*,#3206,.T.);
#1688=ORIENTED_EDGE('',*,*,#3207,.T.);
#1689=ORIENTED_EDGE('',*,*,#3208,.T.);
#1690=ORIENTED_EDGE('',*,*,#3086,.T.);
#1691=ORIENTED_EDGE('',*,*,#3209,.T.);
#1692=ORIENTED_EDGE('',*,*,#3210,.F.);
#1693=ORIENTED_EDGE('',*,*,#3097,.T.);
#1694=ORIENTED_EDGE('',*,*,#3101,.F.);
#1695=ORIENTED_EDGE('',*,*,#3165,.F.);
#1696=ORIENTED_EDGE('',*,*,#3087,.T.);
#1697=ORIENTED_EDGE('',*,*,#3208,.F.);
#1698=ORIENTED_EDGE('',*,*,#3211,.T.);
#1699=ORIENTED_EDGE('',*,*,#3212,.T.);
#1700=ORIENTED_EDGE('',*,*,#3213,.F.);
#1701=ORIENTED_EDGE('',*,*,#3214,.T.);
#1702=ORIENTED_EDGE('',*,*,#3215,.T.);
#1703=ORIENTED_EDGE('',*,*,#3216,.F.);
#1704=ORIENTED_EDGE('',*,*,#3209,.F.);
#1705=ORIENTED_EDGE('',*,*,#3089,.F.);
#1706=ORIENTED_EDGE('',*,*,#3164,.F.);
#1707=ORIENTED_EDGE('',*,*,#3217,.T.);
#1708=ORIENTED_EDGE('',*,*,#3218,.F.);
#1709=ORIENTED_EDGE('',*,*,#3219,.T.);
#1710=ORIENTED_EDGE('',*,*,#3220,.T.);
#1711=ORIENTED_EDGE('',*,*,#3213,.T.);
#1712=ORIENTED_EDGE('',*,*,#3221,.T.);
#1713=ORIENTED_EDGE('',*,*,#3099,.F.);
#1714=ORIENTED_EDGE('',*,*,#3098,.T.);
#1715=ORIENTED_EDGE('',*,*,#3212,.F.);
#1716=ORIENTED_EDGE('',*,*,#3222,.F.);
#1717=ORIENTED_EDGE('',*,*,#3223,.T.);
#1718=ORIENTED_EDGE('',*,*,#3224,.F.);
#1719=ORIENTED_EDGE('',*,*,#3225,.F.);
#1720=ORIENTED_EDGE('',*,*,#3104,.T.);
#1721=ORIENTED_EDGE('',*,*,#3169,.F.);
#1722=ORIENTED_EDGE('',*,*,#3094,.F.);
#1723=ORIENTED_EDGE('',*,*,#3091,.F.);
#1724=ORIENTED_EDGE('',*,*,#3225,.T.);
#1725=ORIENTED_EDGE('',*,*,#3226,.T.);
#1726=ORIENTED_EDGE('',*,*,#3227,.F.);
#1727=ORIENTED_EDGE('',*,*,#3170,.T.);
#1728=ORIENTED_EDGE('',*,*,#3102,.T.);
#1729=ORIENTED_EDGE('',*,*,#3228,.F.);
#1730=ORIENTED_EDGE('',*,*,#3167,.T.);
#1731=ORIENTED_EDGE('',*,*,#3227,.T.);
#1732=ORIENTED_EDGE('',*,*,#3229,.T.);
#1733=ORIENTED_EDGE('',*,*,#3230,.F.);
#1734=ORIENTED_EDGE('',*,*,#3231,.T.);
#1735=ORIENTED_EDGE('',*,*,#3232,.T.);
#1736=ORIENTED_EDGE('',*,*,#3233,.F.);
#1737=ORIENTED_EDGE('',*,*,#3234,.F.);
#1738=ORIENTED_EDGE('',*,*,#3235,.T.);
#1739=ORIENTED_EDGE('',*,*,#3214,.F.);
#1740=ORIENTED_EDGE('',*,*,#3220,.F.);
#1741=ORIENTED_EDGE('',*,*,#3218,.T.);
#1742=ORIENTED_EDGE('',*,*,#3236,.T.);
#1743=ORIENTED_EDGE('',*,*,#3237,.T.);
#1744=ORIENTED_EDGE('',*,*,#3238,.T.);
#1745=ORIENTED_EDGE('',*,*,#3239,.T.);
#1746=ORIENTED_EDGE('',*,*,#3240,.F.);
#1747=ORIENTED_EDGE('',*,*,#3241,.T.);
#1748=ORIENTED_EDGE('',*,*,#3241,.F.);
#1749=ORIENTED_EDGE('',*,*,#3242,.T.);
#1750=ORIENTED_EDGE('',*,*,#3233,.T.);
#1751=ORIENTED_EDGE('',*,*,#3219,.F.);
#1752=ORIENTED_EDGE('',*,*,#3105,.T.);
#1753=ORIENTED_EDGE('',*,*,#3243,.F.);
#1754=ORIENTED_EDGE('',*,*,#3106,.T.);
#1755=ORIENTED_EDGE('',*,*,#3244,.F.);
#1756=ORIENTED_EDGE('',*,*,#3245,.F.);
#1757=ORIENTED_EDGE('',*,*,#3246,.T.);
#1758=ORIENTED_EDGE('',*,*,#3247,.F.);
#1759=ORIENTED_EDGE('',*,*,#3248,.F.);
#1760=ORIENTED_EDGE('',*,*,#3247,.T.);
#1761=ORIENTED_EDGE('',*,*,#3249,.T.);
#1762=ORIENTED_EDGE('',*,*,#3250,.T.);
#1763=ORIENTED_EDGE('',*,*,#3174,.F.);
#1764=ORIENTED_EDGE('',*,*,#3251,.F.);
#1765=ORIENTED_EDGE('',*,*,#3175,.F.);
#1766=ORIENTED_EDGE('',*,*,#3250,.F.);
#1767=ORIENTED_EDGE('',*,*,#3252,.T.);
#1768=ORIENTED_EDGE('',*,*,#3253,.T.);
#1769=ORIENTED_EDGE('',*,*,#3253,.F.);
#1770=ORIENTED_EDGE('',*,*,#3254,.T.);
#1771=ORIENTED_EDGE('',*,*,#3255,.F.);
#1772=ORIENTED_EDGE('',*,*,#3256,.T.);
#1773=ORIENTED_EDGE('',*,*,#3257,.F.);
#1774=ORIENTED_EDGE('',*,*,#3258,.T.);
#1775=ORIENTED_EDGE('',*,*,#3259,.F.);
#1776=ORIENTED_EDGE('',*,*,#3260,.T.);
#1777=ORIENTED_EDGE('',*,*,#3261,.F.);
#1778=ORIENTED_EDGE('',*,*,#3262,.F.);
#1779=ORIENTED_EDGE('',*,*,#3263,.T.);
#1780=ORIENTED_EDGE('',*,*,#3264,.T.);
#1781=ORIENTED_EDGE('',*,*,#3205,.F.);
#1782=ORIENTED_EDGE('',*,*,#3265,.F.);
#1783=ORIENTED_EDGE('',*,*,#3206,.F.);
#1784=ORIENTED_EDGE('',*,*,#3264,.F.);
#1785=ORIENTED_EDGE('',*,*,#3266,.T.);
#1786=ORIENTED_EDGE('',*,*,#3138,.T.);
#1787=ORIENTED_EDGE('',*,*,#3131,.F.);
#1788=ORIENTED_EDGE('',*,*,#3194,.F.);
#1789=ORIENTED_EDGE('',*,*,#3207,.F.);
#1790=ORIENTED_EDGE('',*,*,#3265,.T.);
#1791=ORIENTED_EDGE('',*,*,#3267,.T.);
#1792=ORIENTED_EDGE('',*,*,#3245,.T.);
#1793=ORIENTED_EDGE('',*,*,#3248,.T.);
#1794=ORIENTED_EDGE('',*,*,#3173,.T.);
#1795=ORIENTED_EDGE('',*,*,#3130,.F.);
#1796=ORIENTED_EDGE('',*,*,#3129,.F.);
#1797=ORIENTED_EDGE('',*,*,#3127,.F.);
#1798=ORIENTED_EDGE('',*,*,#3125,.F.);
#1799=ORIENTED_EDGE('',*,*,#3123,.F.);
#1800=ORIENTED_EDGE('',*,*,#3121,.F.);
#1801=ORIENTED_EDGE('',*,*,#3119,.F.);
#1802=ORIENTED_EDGE('',*,*,#3117,.F.);
#1803=ORIENTED_EDGE('',*,*,#3115,.F.);
#1804=ORIENTED_EDGE('',*,*,#3113,.F.);
#1805=ORIENTED_EDGE('',*,*,#3111,.F.);
#1806=ORIENTED_EDGE('',*,*,#3109,.F.);
#1807=ORIENTED_EDGE('',*,*,#3268,.T.);
#1808=ORIENTED_EDGE('',*,*,#3269,.F.);
#1809=ORIENTED_EDGE('',*,*,#3270,.F.);
#1810=ORIENTED_EDGE('',*,*,#3271,.T.);
#1811=ORIENTED_EDGE('',*,*,#3270,.T.);
#1812=ORIENTED_EDGE('',*,*,#3272,.F.);
#1813=ORIENTED_EDGE('',*,*,#3273,.F.);
#1814=ORIENTED_EDGE('',*,*,#3274,.T.);
#1815=ORIENTED_EDGE('',*,*,#3273,.T.);
#1816=ORIENTED_EDGE('',*,*,#3275,.F.);
#1817=ORIENTED_EDGE('',*,*,#3276,.F.);
#1818=ORIENTED_EDGE('',*,*,#3277,.T.);
#1819=ORIENTED_EDGE('',*,*,#3276,.T.);
#1820=ORIENTED_EDGE('',*,*,#3278,.F.);
#1821=ORIENTED_EDGE('',*,*,#3279,.F.);
#1822=ORIENTED_EDGE('',*,*,#3280,.T.);
#1823=ORIENTED_EDGE('',*,*,#3279,.T.);
#1824=ORIENTED_EDGE('',*,*,#3281,.F.);
#1825=ORIENTED_EDGE('',*,*,#3282,.F.);
#1826=ORIENTED_EDGE('',*,*,#3283,.T.);
#1827=ORIENTED_EDGE('',*,*,#3282,.T.);
#1828=ORIENTED_EDGE('',*,*,#3284,.F.);
#1829=ORIENTED_EDGE('',*,*,#3285,.F.);
#1830=ORIENTED_EDGE('',*,*,#3286,.T.);
#1831=ORIENTED_EDGE('',*,*,#3285,.T.);
#1832=ORIENTED_EDGE('',*,*,#3287,.F.);
#1833=ORIENTED_EDGE('',*,*,#3288,.F.);
#1834=ORIENTED_EDGE('',*,*,#3289,.T.);
#1835=ORIENTED_EDGE('',*,*,#3288,.T.);
#1836=ORIENTED_EDGE('',*,*,#3290,.F.);
#1837=ORIENTED_EDGE('',*,*,#3268,.F.);
#1838=ORIENTED_EDGE('',*,*,#3291,.T.);
#1839=ORIENTED_EDGE('',*,*,#3292,.F.);
#1840=ORIENTED_EDGE('',*,*,#3293,.T.);
#1841=ORIENTED_EDGE('',*,*,#3294,.F.);
#1842=ORIENTED_EDGE('',*,*,#3237,.F.);
#1843=ORIENTED_EDGE('',*,*,#3295,.F.);
#1844=ORIENTED_EDGE('',*,*,#3238,.F.);
#1845=ORIENTED_EDGE('',*,*,#3294,.T.);
#1846=ORIENTED_EDGE('',*,*,#3296,.T.);
#1847=ORIENTED_EDGE('',*,*,#3297,.F.);
#1848=ORIENTED_EDGE('',*,*,#3298,.F.);
#1849=ORIENTED_EDGE('',*,*,#3299,.T.);
#1850=ORIENTED_EDGE('',*,*,#3300,.F.);
#1851=ORIENTED_EDGE('',*,*,#3301,.T.);
#1852=ORIENTED_EDGE('',*,*,#3302,.F.);
#1853=ORIENTED_EDGE('',*,*,#3303,.T.);
#1854=ORIENTED_EDGE('',*,*,#3304,.F.);
#1855=ORIENTED_EDGE('',*,*,#3305,.T.);
#1856=ORIENTED_EDGE('',*,*,#3306,.F.);
#1857=ORIENTED_EDGE('',*,*,#3300,.T.);
#1858=ORIENTED_EDGE('',*,*,#3307,.T.);
#1859=ORIENTED_EDGE('',*,*,#3308,.F.);
#1860=ORIENTED_EDGE('',*,*,#3231,.F.);
#1861=ORIENTED_EDGE('',*,*,#3309,.F.);
#1862=ORIENTED_EDGE('',*,*,#3232,.F.);
#1863=ORIENTED_EDGE('',*,*,#3308,.T.);
#1864=ORIENTED_EDGE('',*,*,#3310,.T.);
#1865=ORIENTED_EDGE('',*,*,#3311,.T.);
#1866=ORIENTED_EDGE('',*,*,#3312,.F.);
#1867=ORIENTED_EDGE('',*,*,#3311,.F.);
#1868=ORIENTED_EDGE('',*,*,#3313,.T.);
#1869=ORIENTED_EDGE('',*,*,#3168,.T.);
#1870=ORIENTED_EDGE('',*,*,#3228,.T.);
#1871=ORIENTED_EDGE('',*,*,#3309,.T.);
#1872=ORIENTED_EDGE('',*,*,#3312,.T.);
#1873=ORIENTED_EDGE('',*,*,#3314,.T.);
#1874=ORIENTED_EDGE('',*,*,#3292,.T.);
#1875=ORIENTED_EDGE('',*,*,#3236,.F.);
#1876=ORIENTED_EDGE('',*,*,#3217,.F.);
#1877=ORIENTED_EDGE('',*,*,#3163,.F.);
#1878=ORIENTED_EDGE('',*,*,#3162,.F.);
#1879=ORIENTED_EDGE('',*,*,#3160,.F.);
#1880=ORIENTED_EDGE('',*,*,#3158,.F.);
#1881=ORIENTED_EDGE('',*,*,#3156,.F.);
#1882=ORIENTED_EDGE('',*,*,#3154,.F.);
#1883=ORIENTED_EDGE('',*,*,#3152,.F.);
#1884=ORIENTED_EDGE('',*,*,#3150,.F.);
#1885=ORIENTED_EDGE('',*,*,#3148,.F.);
#1886=ORIENTED_EDGE('',*,*,#3146,.F.);
#1887=ORIENTED_EDGE('',*,*,#3144,.F.);
#1888=ORIENTED_EDGE('',*,*,#3142,.F.);
#1889=ORIENTED_EDGE('',*,*,#3140,.F.);
#1890=ORIENTED_EDGE('',*,*,#3315,.T.);
#1891=ORIENTED_EDGE('',*,*,#3316,.T.);
#1892=ORIENTED_EDGE('',*,*,#3317,.F.);
#1893=ORIENTED_EDGE('',*,*,#3318,.F.);
#1894=ORIENTED_EDGE('',*,*,#3317,.T.);
#1895=ORIENTED_EDGE('',*,*,#3319,.T.);
#1896=ORIENTED_EDGE('',*,*,#3320,.F.);
#1897=ORIENTED_EDGE('',*,*,#3321,.F.);
#1898=ORIENTED_EDGE('',*,*,#3320,.T.);
#1899=ORIENTED_EDGE('',*,*,#3322,.T.);
#1900=ORIENTED_EDGE('',*,*,#3323,.F.);
#1901=ORIENTED_EDGE('',*,*,#3324,.F.);
#1902=ORIENTED_EDGE('',*,*,#3323,.T.);
#1903=ORIENTED_EDGE('',*,*,#3325,.T.);
#1904=ORIENTED_EDGE('',*,*,#3326,.F.);
#1905=ORIENTED_EDGE('',*,*,#3327,.F.);
#1906=ORIENTED_EDGE('',*,*,#3326,.T.);
#1907=ORIENTED_EDGE('',*,*,#3328,.T.);
#1908=ORIENTED_EDGE('',*,*,#3329,.F.);
#1909=ORIENTED_EDGE('',*,*,#3330,.F.);
#1910=ORIENTED_EDGE('',*,*,#3329,.T.);
#1911=ORIENTED_EDGE('',*,*,#3331,.T.);
#1912=ORIENTED_EDGE('',*,*,#3332,.F.);
#1913=ORIENTED_EDGE('',*,*,#3333,.F.);
#1914=ORIENTED_EDGE('',*,*,#3332,.T.);
#1915=ORIENTED_EDGE('',*,*,#3334,.T.);
#1916=ORIENTED_EDGE('',*,*,#3335,.F.);
#1917=ORIENTED_EDGE('',*,*,#3336,.F.);
#1918=ORIENTED_EDGE('',*,*,#3335,.T.);
#1919=ORIENTED_EDGE('',*,*,#3337,.T.);
#1920=ORIENTED_EDGE('',*,*,#3315,.F.);
#1921=ORIENTED_EDGE('',*,*,#3338,.F.);
#1922=ORIENTED_EDGE('',*,*,#3171,.T.);
#1923=ORIENTED_EDGE('',*,*,#3339,.F.);
#1924=ORIENTED_EDGE('',*,*,#3340,.F.);
#1925=ORIENTED_EDGE('',*,*,#3341,.T.);
#1926=ORIENTED_EDGE('',*,*,#3342,.T.);
#1927=ORIENTED_EDGE('',*,*,#3343,.T.);
#1928=ORIENTED_EDGE('',*,*,#3344,.F.);
#1929=ORIENTED_EDGE('',*,*,#3345,.T.);
#1930=ORIENTED_EDGE('',*,*,#3346,.T.);
#1931=ORIENTED_EDGE('',*,*,#3347,.T.);
#1932=ORIENTED_EDGE('',*,*,#3348,.T.);
#1933=ORIENTED_EDGE('',*,*,#3172,.T.);
#1934=ORIENTED_EDGE('',*,*,#3348,.F.);
#1935=ORIENTED_EDGE('',*,*,#3349,.F.);
#1936=ORIENTED_EDGE('',*,*,#3350,.F.);
#1937=ORIENTED_EDGE('',*,*,#3351,.F.);
#1938=ORIENTED_EDGE('',*,*,#3352,.F.);
#1939=ORIENTED_EDGE('',*,*,#3353,.T.);
#1940=ORIENTED_EDGE('',*,*,#3340,.T.);
#1941=ORIENTED_EDGE('',*,*,#3351,.T.);
#1942=ORIENTED_EDGE('',*,*,#3354,.F.);
#1943=ORIENTED_EDGE('',*,*,#3355,.F.);
#1944=ORIENTED_EDGE('',*,*,#3341,.F.);
#1945=ORIENTED_EDGE('',*,*,#3353,.F.);
#1946=ORIENTED_EDGE('',*,*,#3342,.F.);
#1947=ORIENTED_EDGE('',*,*,#3355,.T.);
#1948=ORIENTED_EDGE('',*,*,#3356,.F.);
#1949=ORIENTED_EDGE('',*,*,#3357,.T.);
#1950=ORIENTED_EDGE('',*,*,#3358,.F.);
#1951=ORIENTED_EDGE('',*,*,#3359,.F.);
#1952=ORIENTED_EDGE('',*,*,#3343,.F.);
#1953=ORIENTED_EDGE('',*,*,#3357,.F.);
#1954=ORIENTED_EDGE('',*,*,#3347,.F.);
#1955=ORIENTED_EDGE('',*,*,#3360,.T.);
#1956=ORIENTED_EDGE('',*,*,#3361,.F.);
#1957=ORIENTED_EDGE('',*,*,#3349,.T.);
#1958=ORIENTED_EDGE('',*,*,#3362,.F.);
#1959=ORIENTED_EDGE('',*,*,#3363,.T.);
#1960=ORIENTED_EDGE('',*,*,#3364,.T.);
#1961=ORIENTED_EDGE('',*,*,#3365,.T.);
#1962=ORIENTED_EDGE('',*,*,#3366,.F.);
#1963=ORIENTED_EDGE('',*,*,#3367,.F.);
#1964=ORIENTED_EDGE('',*,*,#3368,.F.);
#1965=ORIENTED_EDGE('',*,*,#3363,.F.);
#1966=ORIENTED_EDGE('',*,*,#3369,.T.);
#1967=ORIENTED_EDGE('',*,*,#3367,.T.);
#1968=ORIENTED_EDGE('',*,*,#3370,.F.);
#1969=ORIENTED_EDGE('',*,*,#3371,.T.);
#1970=ORIENTED_EDGE('',*,*,#3344,.T.);
#1971=ORIENTED_EDGE('',*,*,#3359,.T.);
#1972=ORIENTED_EDGE('',*,*,#3372,.T.);
#1973=ORIENTED_EDGE('',*,*,#3259,.T.);
#1974=ORIENTED_EDGE('',*,*,#3373,.T.);
#1975=ORIENTED_EDGE('',*,*,#3374,.T.);
#1976=ORIENTED_EDGE('',*,*,#3375,.F.);
#1977=ORIENTED_EDGE('',*,*,#3376,.T.);
#1978=ORIENTED_EDGE('',*,*,#3377,.F.);
#1979=ORIENTED_EDGE('',*,*,#3378,.F.);
#1980=ORIENTED_EDGE('',*,*,#3379,.F.);
#1981=ORIENTED_EDGE('',*,*,#3376,.F.);
#1982=ORIENTED_EDGE('',*,*,#3380,.F.);
#1983=ORIENTED_EDGE('',*,*,#3381,.T.);
#1984=ORIENTED_EDGE('',*,*,#3255,.T.);
#1985=ORIENTED_EDGE('',*,*,#3382,.T.);
#1986=ORIENTED_EDGE('',*,*,#3378,.T.);
#1987=ORIENTED_EDGE('',*,*,#3383,.F.);
#1988=ORIENTED_EDGE('',*,*,#3384,.F.);
#1989=ORIENTED_EDGE('',*,*,#3256,.F.);
#1990=ORIENTED_EDGE('',*,*,#3381,.F.);
#1991=ORIENTED_EDGE('',*,*,#3257,.T.);
#1992=ORIENTED_EDGE('',*,*,#3384,.T.);
#1993=ORIENTED_EDGE('',*,*,#3385,.F.);
#1994=ORIENTED_EDGE('',*,*,#3386,.T.);
#1995=ORIENTED_EDGE('',*,*,#3258,.F.);
#1996=ORIENTED_EDGE('',*,*,#3386,.F.);
#1997=ORIENTED_EDGE('',*,*,#3387,.F.);
#1998=ORIENTED_EDGE('',*,*,#3388,.F.);
#1999=ORIENTED_EDGE('',*,*,#3176,.T.);
#2000=ORIENTED_EDGE('',*,*,#3251,.T.);
#2001=ORIENTED_EDGE('',*,*,#3180,.F.);
#2002=ORIENTED_EDGE('',*,*,#3177,.F.);
#2003=ORIENTED_EDGE('',*,*,#3388,.T.);
#2004=ORIENTED_EDGE('',*,*,#3389,.F.);
#2005=ORIENTED_EDGE('',*,*,#3390,.T.);
#2006=ORIENTED_EDGE('',*,*,#3181,.T.);
#2007=ORIENTED_EDGE('',*,*,#3391,.F.);
#2008=ORIENTED_EDGE('',*,*,#3392,.F.);
#2009=ORIENTED_EDGE('',*,*,#3182,.F.);
#2010=ORIENTED_EDGE('',*,*,#3390,.F.);
#2011=ORIENTED_EDGE('',*,*,#3189,.F.);
#2012=ORIENTED_EDGE('',*,*,#3187,.T.);
#2013=ORIENTED_EDGE('',*,*,#3185,.F.);
#2014=ORIENTED_EDGE('',*,*,#3183,.T.);
#2015=ORIENTED_EDGE('',*,*,#3392,.T.);
#2016=ORIENTED_EDGE('',*,*,#3393,.F.);
#2017=ORIENTED_EDGE('',*,*,#3394,.T.);
#2018=ORIENTED_EDGE('',*,*,#3195,.T.);
#2019=ORIENTED_EDGE('',*,*,#3395,.F.);
#2020=ORIENTED_EDGE('',*,*,#3396,.F.);
#2021=ORIENTED_EDGE('',*,*,#3199,.F.);
#2022=ORIENTED_EDGE('',*,*,#3196,.F.);
#2023=ORIENTED_EDGE('',*,*,#3394,.F.);
#2024=ORIENTED_EDGE('',*,*,#3202,.F.);
#2025=ORIENTED_EDGE('',*,*,#3200,.T.);
#2026=ORIENTED_EDGE('',*,*,#3396,.T.);
#2027=ORIENTED_EDGE('',*,*,#3397,.F.);
#2028=ORIENTED_EDGE('',*,*,#3398,.T.);
#2029=ORIENTED_EDGE('',*,*,#3203,.T.);
#2030=ORIENTED_EDGE('',*,*,#3204,.F.);
#2031=ORIENTED_EDGE('',*,*,#3398,.F.);
#2032=ORIENTED_EDGE('',*,*,#3399,.F.);
#2033=ORIENTED_EDGE('',*,*,#3400,.F.);
#2034=ORIENTED_EDGE('',*,*,#3401,.F.);
#2035=ORIENTED_EDGE('',*,*,#3262,.T.);
#2036=ORIENTED_EDGE('',*,*,#3402,.F.);
#2037=ORIENTED_EDGE('',*,*,#3403,.F.);
#2038=ORIENTED_EDGE('',*,*,#3215,.F.);
#2039=ORIENTED_EDGE('',*,*,#3235,.F.);
#2040=ORIENTED_EDGE('',*,*,#3404,.F.);
#2041=ORIENTED_EDGE('',*,*,#3221,.F.);
#2042=ORIENTED_EDGE('',*,*,#3216,.T.);
#2043=ORIENTED_EDGE('',*,*,#3403,.T.);
#2044=ORIENTED_EDGE('',*,*,#3405,.F.);
#2045=ORIENTED_EDGE('',*,*,#3406,.T.);
#2046=ORIENTED_EDGE('',*,*,#3222,.T.);
#2047=ORIENTED_EDGE('',*,*,#3211,.F.);
#2048=ORIENTED_EDGE('',*,*,#3210,.T.);
#2049=ORIENTED_EDGE('',*,*,#3407,.F.);
#2050=ORIENTED_EDGE('',*,*,#3408,.F.);
#2051=ORIENTED_EDGE('',*,*,#3223,.F.);
#2052=ORIENTED_EDGE('',*,*,#3406,.F.);
#2053=ORIENTED_EDGE('',*,*,#3226,.F.);
#2054=ORIENTED_EDGE('',*,*,#3224,.T.);
#2055=ORIENTED_EDGE('',*,*,#3408,.T.);
#2056=ORIENTED_EDGE('',*,*,#3409,.F.);
#2057=ORIENTED_EDGE('',*,*,#3410,.T.);
#2058=ORIENTED_EDGE('',*,*,#3229,.F.);
#2059=ORIENTED_EDGE('',*,*,#3301,.F.);
#2060=ORIENTED_EDGE('',*,*,#3306,.T.);
#2061=ORIENTED_EDGE('',*,*,#3230,.T.);
#2062=ORIENTED_EDGE('',*,*,#3410,.F.);
#2063=ORIENTED_EDGE('',*,*,#3411,.F.);
#2064=ORIENTED_EDGE('',*,*,#3412,.F.);
#2065=ORIENTED_EDGE('',*,*,#3302,.T.);
#2066=ORIENTED_EDGE('',*,*,#3412,.T.);
#2067=ORIENTED_EDGE('',*,*,#3413,.F.);
#2068=ORIENTED_EDGE('',*,*,#3414,.T.);
#2069=ORIENTED_EDGE('',*,*,#3415,.F.);
#2070=ORIENTED_EDGE('',*,*,#3416,.F.);
#2071=ORIENTED_EDGE('',*,*,#3303,.F.);
#2072=ORIENTED_EDGE('',*,*,#3414,.F.);
#2073=ORIENTED_EDGE('',*,*,#3417,.F.);
#2074=ORIENTED_EDGE('',*,*,#3418,.T.);
#2075=ORIENTED_EDGE('',*,*,#3419,.T.);
#2076=ORIENTED_EDGE('',*,*,#3304,.T.);
#2077=ORIENTED_EDGE('',*,*,#3416,.T.);
#2078=ORIENTED_EDGE('',*,*,#3420,.F.);
#2079=ORIENTED_EDGE('',*,*,#3421,.F.);
#2080=ORIENTED_EDGE('',*,*,#3422,.F.);
#2081=ORIENTED_EDGE('',*,*,#3418,.F.);
#2082=ORIENTED_EDGE('',*,*,#3423,.T.);
#2083=ORIENTED_EDGE('',*,*,#3421,.T.);
#2084=ORIENTED_EDGE('',*,*,#3424,.F.);
#2085=ORIENTED_EDGE('',*,*,#3425,.T.);
#2086=ORIENTED_EDGE('',*,*,#3426,.T.);
#2087=ORIENTED_EDGE('',*,*,#3297,.T.);
#2088=ORIENTED_EDGE('',*,*,#3239,.F.);
#2089=ORIENTED_EDGE('',*,*,#3295,.T.);
#2090=ORIENTED_EDGE('',*,*,#3427,.F.);
#2091=ORIENTED_EDGE('',*,*,#3428,.F.);
#2092=ORIENTED_EDGE('',*,*,#3429,.F.);
#2093=ORIENTED_EDGE('',*,*,#3430,.F.);
#2094=ORIENTED_EDGE('',*,*,#3242,.F.);
#2095=ORIENTED_EDGE('',*,*,#3240,.T.);
#2096=ORIENTED_EDGE('',*,*,#3430,.T.);
#2097=ORIENTED_EDGE('',*,*,#3431,.F.);
#2098=ORIENTED_EDGE('',*,*,#3404,.T.);
#2099=ORIENTED_EDGE('',*,*,#3234,.T.);
#2100=ORIENTED_EDGE('',*,*,#3432,.F.);
#2101=ORIENTED_EDGE('',*,*,#3433,.T.);
#2102=ORIENTED_EDGE('',*,*,#3434,.T.);
#2103=ORIENTED_EDGE('',*,*,#3435,.T.);
#2104=ORIENTED_EDGE('',*,*,#3436,.F.);
#2105=ORIENTED_EDGE('',*,*,#3435,.F.);
#2106=ORIENTED_EDGE('',*,*,#3437,.F.);
#2107=ORIENTED_EDGE('',*,*,#3438,.F.);
#2108=ORIENTED_EDGE('',*,*,#3439,.F.);
#2109=ORIENTED_EDGE('',*,*,#3440,.F.);
#2110=ORIENTED_EDGE('',*,*,#3441,.F.);
#2111=ORIENTED_EDGE('',*,*,#3442,.F.);
#2112=ORIENTED_EDGE('',*,*,#3443,.F.);
#2113=ORIENTED_EDGE('',*,*,#3440,.T.);
#2114=ORIENTED_EDGE('',*,*,#3444,.F.);
#2115=ORIENTED_EDGE('',*,*,#3445,.T.);
#2116=ORIENTED_EDGE('',*,*,#3446,.F.);
#2117=ORIENTED_EDGE('',*,*,#3447,.F.);
#2118=ORIENTED_EDGE('',*,*,#3448,.F.);
#2119=ORIENTED_EDGE('',*,*,#3445,.F.);
#2120=ORIENTED_EDGE('',*,*,#3449,.F.);
#2121=ORIENTED_EDGE('',*,*,#3450,.T.);
#2122=ORIENTED_EDGE('',*,*,#3451,.T.);
#2123=ORIENTED_EDGE('',*,*,#3447,.T.);
#2124=ORIENTED_EDGE('',*,*,#3452,.F.);
#2125=ORIENTED_EDGE('',*,*,#3450,.F.);
#2126=ORIENTED_EDGE('',*,*,#3453,.F.);
#2127=ORIENTED_EDGE('',*,*,#3454,.F.);
#2128=ORIENTED_EDGE('',*,*,#3455,.F.);
#2129=ORIENTED_EDGE('',*,*,#3454,.T.);
#2130=ORIENTED_EDGE('',*,*,#3456,.F.);
#2131=ORIENTED_EDGE('',*,*,#3457,.T.);
#2132=ORIENTED_EDGE('',*,*,#3458,.T.);
#2133=ORIENTED_EDGE('',*,*,#3442,.T.);
#2134=ORIENTED_EDGE('',*,*,#3459,.T.);
#2135=ORIENTED_EDGE('',*,*,#3460,.T.);
#2136=ORIENTED_EDGE('',*,*,#3461,.F.);
#2137=ORIENTED_EDGE('',*,*,#3438,.T.);
#2138=ORIENTED_EDGE('',*,*,#3451,.F.);
#2139=ORIENTED_EDGE('',*,*,#3452,.T.);
#2140=ORIENTED_EDGE('',*,*,#3455,.T.);
#2141=ORIENTED_EDGE('',*,*,#3462,.T.);
#2142=ORIENTED_EDGE('',*,*,#3463,.T.);
#2143=ORIENTED_EDGE('',*,*,#3459,.F.);
#2144=ORIENTED_EDGE('',*,*,#3441,.T.);
#2145=ORIENTED_EDGE('',*,*,#3443,.T.);
#2146=ORIENTED_EDGE('',*,*,#3448,.T.);
#2147=ORIENTED_EDGE('',*,*,#3243,.T.);
#2148=ORIENTED_EDGE('',*,*,#3244,.T.);
#2149=ORIENTED_EDGE('',*,*,#3464,.F.);
#2150=ORIENTED_EDGE('',*,*,#3465,.F.);
#2151=ORIENTED_EDGE('',*,*,#3466,.F.);
#2152=ORIENTED_EDGE('',*,*,#3467,.F.);
#2153=ORIENTED_EDGE('',*,*,#3425,.F.);
#2154=ORIENTED_EDGE('',*,*,#3426,.F.);
#2155=ORIENTED_EDGE('',*,*,#3467,.T.);
#2156=ORIENTED_EDGE('',*,*,#3468,.F.);
#2157=ORIENTED_EDGE('',*,*,#3469,.T.);
#2158=ORIENTED_EDGE('',*,*,#3298,.T.);
#2159=ORIENTED_EDGE('',*,*,#3373,.F.);
#2160=ORIENTED_EDGE('',*,*,#3261,.T.);
#2161=ORIENTED_EDGE('',*,*,#3470,.T.);
#2162=ORIENTED_EDGE('',*,*,#3471,.F.);
#2163=ORIENTED_EDGE('',*,*,#3472,.T.);
#2164=ORIENTED_EDGE('',*,*,#3473,.F.);
#2165=ORIENTED_EDGE('',*,*,#3374,.F.);
#2166=ORIENTED_EDGE('',*,*,#3472,.F.);
#2167=ORIENTED_EDGE('',*,*,#3474,.F.);
#2168=ORIENTED_EDGE('',*,*,#3271,.F.);
#2169=ORIENTED_EDGE('',*,*,#3274,.F.);
#2170=ORIENTED_EDGE('',*,*,#3277,.F.);
#2171=ORIENTED_EDGE('',*,*,#3280,.F.);
#2172=ORIENTED_EDGE('',*,*,#3283,.F.);
#2173=ORIENTED_EDGE('',*,*,#3286,.F.);
#2174=ORIENTED_EDGE('',*,*,#3289,.F.);
#2175=ORIENTED_EDGE('',*,*,#3291,.F.);
#2176=ORIENTED_EDGE('',*,*,#3267,.F.);
#2177=ORIENTED_EDGE('',*,*,#3266,.F.);
#2178=ORIENTED_EDGE('',*,*,#3263,.F.);
#2179=ORIENTED_EDGE('',*,*,#3401,.T.);
#2180=ORIENTED_EDGE('',*,*,#3475,.F.);
#2181=ORIENTED_EDGE('',*,*,#3476,.F.);
#2182=ORIENTED_EDGE('',*,*,#3477,.T.);
#2183=ORIENTED_EDGE('',*,*,#3478,.F.);
#2184=ORIENTED_EDGE('',*,*,#3470,.F.);
#2185=ORIENTED_EDGE('',*,*,#3260,.F.);
#2186=ORIENTED_EDGE('',*,*,#3372,.F.);
#2187=ORIENTED_EDGE('',*,*,#3379,.T.);
#2188=ORIENTED_EDGE('',*,*,#3382,.F.);
#2189=ORIENTED_EDGE('',*,*,#3254,.F.);
#2190=ORIENTED_EDGE('',*,*,#3252,.F.);
#2191=ORIENTED_EDGE('',*,*,#3249,.F.);
#2192=ORIENTED_EDGE('',*,*,#3246,.F.);
#2193=ORIENTED_EDGE('',*,*,#3479,.F.);
#2194=ORIENTED_EDGE('',*,*,#3480,.F.);
#2195=ORIENTED_EDGE('',*,*,#3481,.F.);
#2196=ORIENTED_EDGE('',*,*,#3482,.F.);
#2197=ORIENTED_EDGE('',*,*,#3483,.F.);
#2198=ORIENTED_EDGE('',*,*,#3290,.T.);
#2199=ORIENTED_EDGE('',*,*,#3287,.T.);
#2200=ORIENTED_EDGE('',*,*,#3284,.T.);
#2201=ORIENTED_EDGE('',*,*,#3281,.T.);
#2202=ORIENTED_EDGE('',*,*,#3278,.T.);
#2203=ORIENTED_EDGE('',*,*,#3275,.T.);
#2204=ORIENTED_EDGE('',*,*,#3272,.T.);
#2205=ORIENTED_EDGE('',*,*,#3269,.T.);
#2206=ORIENTED_EDGE('',*,*,#3484,.F.);
#2207=ORIENTED_EDGE('',*,*,#3485,.F.);
#2208=ORIENTED_EDGE('',*,*,#3486,.F.);
#2209=ORIENTED_EDGE('',*,*,#3487,.F.);
#2210=ORIENTED_EDGE('',*,*,#3488,.F.);
#2211=ORIENTED_EDGE('',*,*,#3336,.T.);
#2212=ORIENTED_EDGE('',*,*,#3338,.T.);
#2213=ORIENTED_EDGE('',*,*,#3318,.T.);
#2214=ORIENTED_EDGE('',*,*,#3321,.T.);
#2215=ORIENTED_EDGE('',*,*,#3324,.T.);
#2216=ORIENTED_EDGE('',*,*,#3327,.T.);
#2217=ORIENTED_EDGE('',*,*,#3330,.T.);
#2218=ORIENTED_EDGE('',*,*,#3333,.T.);
#2219=ORIENTED_EDGE('',*,*,#3337,.F.);
#2220=ORIENTED_EDGE('',*,*,#3334,.F.);
#2221=ORIENTED_EDGE('',*,*,#3331,.F.);
#2222=ORIENTED_EDGE('',*,*,#3328,.F.);
#2223=ORIENTED_EDGE('',*,*,#3325,.F.);
#2224=ORIENTED_EDGE('',*,*,#3322,.F.);
#2225=ORIENTED_EDGE('',*,*,#3319,.F.);
#2226=ORIENTED_EDGE('',*,*,#3316,.F.);
#2227=ORIENTED_EDGE('',*,*,#3314,.F.);
#2228=ORIENTED_EDGE('',*,*,#3313,.F.);
#2229=ORIENTED_EDGE('',*,*,#3310,.F.);
#2230=ORIENTED_EDGE('',*,*,#3307,.F.);
#2231=ORIENTED_EDGE('',*,*,#3305,.F.);
#2232=ORIENTED_EDGE('',*,*,#3419,.F.);
#2233=ORIENTED_EDGE('',*,*,#3422,.T.);
#2234=ORIENTED_EDGE('',*,*,#3423,.F.);
#2235=ORIENTED_EDGE('',*,*,#3299,.F.);
#2236=ORIENTED_EDGE('',*,*,#3469,.F.);
#2237=ORIENTED_EDGE('',*,*,#3489,.F.);
#2238=ORIENTED_EDGE('',*,*,#3490,.T.);
#2239=ORIENTED_EDGE('',*,*,#3491,.F.);
#2240=ORIENTED_EDGE('',*,*,#3492,.F.);
#2241=ORIENTED_EDGE('',*,*,#3427,.T.);
#2242=ORIENTED_EDGE('',*,*,#3296,.F.);
#2243=ORIENTED_EDGE('',*,*,#3293,.F.);
#2244=ORIENTED_EDGE('',*,*,#3493,.F.);
#2245=ORIENTED_EDGE('',*,*,#3494,.F.);
#2246=ORIENTED_EDGE('',*,*,#3495,.F.);
#2247=ORIENTED_EDGE('',*,*,#3496,.F.);
#2248=ORIENTED_EDGE('',*,*,#3497,.F.);
#2249=ORIENTED_EDGE('',*,*,#3496,.T.);
#2250=ORIENTED_EDGE('',*,*,#3498,.T.);
#2251=ORIENTED_EDGE('',*,*,#3499,.T.);
#2252=ORIENTED_EDGE('',*,*,#3500,.F.);
#2253=ORIENTED_EDGE('',*,*,#3499,.F.);
#2254=ORIENTED_EDGE('',*,*,#3501,.F.);
#2255=ORIENTED_EDGE('',*,*,#3502,.F.);
#2256=ORIENTED_EDGE('',*,*,#3339,.T.);
#2257=ORIENTED_EDGE('',*,*,#3503,.F.);
#2258=ORIENTED_EDGE('',*,*,#3504,.F.);
#2259=ORIENTED_EDGE('',*,*,#3505,.F.);
#2260=ORIENTED_EDGE('',*,*,#3360,.F.);
#2261=ORIENTED_EDGE('',*,*,#3346,.F.);
#2262=ORIENTED_EDGE('',*,*,#3506,.F.);
#2263=ORIENTED_EDGE('',*,*,#3507,.T.);
#2264=ORIENTED_EDGE('',*,*,#3508,.T.);
#2265=ORIENTED_EDGE('',*,*,#3509,.T.);
#2266=ORIENTED_EDGE('',*,*,#3510,.T.);
#2267=ORIENTED_EDGE('',*,*,#3511,.F.);
#2268=ORIENTED_EDGE('',*,*,#3502,.T.);
#2269=ORIENTED_EDGE('',*,*,#3512,.F.);
#2270=ORIENTED_EDGE('',*,*,#3510,.F.);
#2271=ORIENTED_EDGE('',*,*,#3513,.F.);
#2272=ORIENTED_EDGE('',*,*,#3514,.F.);
#2273=ORIENTED_EDGE('',*,*,#3515,.F.);
#2274=ORIENTED_EDGE('',*,*,#3514,.T.);
#2275=ORIENTED_EDGE('',*,*,#3516,.T.);
#2276=ORIENTED_EDGE('',*,*,#3517,.T.);
#2277=ORIENTED_EDGE('',*,*,#3518,.F.);
#2278=ORIENTED_EDGE('',*,*,#3517,.F.);
#2279=ORIENTED_EDGE('',*,*,#3519,.F.);
#2280=ORIENTED_EDGE('',*,*,#3520,.F.);
#2281=ORIENTED_EDGE('',*,*,#3521,.T.);
#2282=ORIENTED_EDGE('',*,*,#3522,.T.);
#2283=ORIENTED_EDGE('',*,*,#3523,.F.);
#2284=ORIENTED_EDGE('',*,*,#3520,.T.);
#2285=ORIENTED_EDGE('',*,*,#3524,.F.);
#2286=ORIENTED_EDGE('',*,*,#3522,.F.);
#2287=ORIENTED_EDGE('',*,*,#3525,.F.);
#2288=ORIENTED_EDGE('',*,*,#3526,.F.);
#2289=ORIENTED_EDGE('',*,*,#3527,.F.);
#2290=ORIENTED_EDGE('',*,*,#3526,.T.);
#2291=ORIENTED_EDGE('',*,*,#3528,.T.);
#2292=ORIENTED_EDGE('',*,*,#3529,.T.);
#2293=ORIENTED_EDGE('',*,*,#3530,.F.);
#2294=ORIENTED_EDGE('',*,*,#3529,.F.);
#2295=ORIENTED_EDGE('',*,*,#3531,.F.);
#2296=ORIENTED_EDGE('',*,*,#3532,.F.);
#2297=ORIENTED_EDGE('',*,*,#3533,.F.);
#2298=ORIENTED_EDGE('',*,*,#3532,.T.);
#2299=ORIENTED_EDGE('',*,*,#3534,.T.);
#2300=ORIENTED_EDGE('',*,*,#3535,.T.);
#2301=ORIENTED_EDGE('',*,*,#3345,.F.);
#2302=ORIENTED_EDGE('',*,*,#3371,.F.);
#2303=ORIENTED_EDGE('',*,*,#3536,.F.);
#2304=ORIENTED_EDGE('',*,*,#3535,.F.);
#2305=ORIENTED_EDGE('',*,*,#3537,.F.);
#2306=ORIENTED_EDGE('',*,*,#3506,.T.);
#2307=ORIENTED_EDGE('',*,*,#3538,.T.);
#2308=ORIENTED_EDGE('',*,*,#3539,.F.);
#2309=ORIENTED_EDGE('',*,*,#3540,.F.);
#2310=ORIENTED_EDGE('',*,*,#3541,.T.);
#2311=ORIENTED_EDGE('',*,*,#3542,.T.);
#2312=ORIENTED_EDGE('',*,*,#3543,.T.);
#2313=ORIENTED_EDGE('',*,*,#3544,.F.);
#2314=ORIENTED_EDGE('',*,*,#3545,.F.);
#2315=ORIENTED_EDGE('',*,*,#3546,.F.);
#2316=ORIENTED_EDGE('',*,*,#3541,.F.);
#2317=ORIENTED_EDGE('',*,*,#3547,.F.);
#2318=ORIENTED_EDGE('',*,*,#3548,.T.);
#2319=ORIENTED_EDGE('',*,*,#3549,.F.);
#2320=ORIENTED_EDGE('',*,*,#3544,.T.);
#2321=ORIENTED_EDGE('',*,*,#3361,.T.);
#2322=ORIENTED_EDGE('',*,*,#3505,.T.);
#2323=ORIENTED_EDGE('',*,*,#3550,.F.);
#2324=ORIENTED_EDGE('',*,*,#3548,.F.);
#2325=ORIENTED_EDGE('',*,*,#3551,.F.);
#2326=ORIENTED_EDGE('',*,*,#3552,.T.);
#2327=ORIENTED_EDGE('',*,*,#3364,.F.);
#2328=ORIENTED_EDGE('',*,*,#3368,.T.);
#2329=ORIENTED_EDGE('',*,*,#3369,.F.);
#2330=ORIENTED_EDGE('',*,*,#3358,.T.);
#2331=ORIENTED_EDGE('',*,*,#3356,.T.);
#2332=ORIENTED_EDGE('',*,*,#3354,.T.);
#2333=ORIENTED_EDGE('',*,*,#3352,.T.);
#2334=ORIENTED_EDGE('',*,*,#3350,.T.);
#2335=ORIENTED_EDGE('',*,*,#3552,.F.);
#2336=ORIENTED_EDGE('',*,*,#3553,.F.);
#2337=ORIENTED_EDGE('',*,*,#3554,.F.);
#2338=ORIENTED_EDGE('',*,*,#3365,.F.);
#2339=ORIENTED_EDGE('',*,*,#3397,.T.);
#2340=ORIENTED_EDGE('',*,*,#3395,.T.);
#2341=ORIENTED_EDGE('',*,*,#3393,.T.);
#2342=ORIENTED_EDGE('',*,*,#3391,.T.);
#2343=ORIENTED_EDGE('',*,*,#3389,.T.);
#2344=ORIENTED_EDGE('',*,*,#3387,.T.);
#2345=ORIENTED_EDGE('',*,*,#3385,.T.);
#2346=ORIENTED_EDGE('',*,*,#3383,.T.);
#2347=ORIENTED_EDGE('',*,*,#3380,.T.);
#2348=ORIENTED_EDGE('',*,*,#3377,.T.);
#2349=ORIENTED_EDGE('',*,*,#3375,.T.);
#2350=ORIENTED_EDGE('',*,*,#3473,.T.);
#2351=ORIENTED_EDGE('',*,*,#3555,.T.);
#2352=ORIENTED_EDGE('',*,*,#3556,.T.);
#2353=ORIENTED_EDGE('',*,*,#3493,.T.);
#2354=ORIENTED_EDGE('',*,*,#3497,.T.);
#2355=ORIENTED_EDGE('',*,*,#3500,.T.);
#2356=ORIENTED_EDGE('',*,*,#3511,.T.);
#2357=ORIENTED_EDGE('',*,*,#3512,.T.);
#2358=ORIENTED_EDGE('',*,*,#3515,.T.);
#2359=ORIENTED_EDGE('',*,*,#3518,.T.);
#2360=ORIENTED_EDGE('',*,*,#3523,.T.);
#2361=ORIENTED_EDGE('',*,*,#3524,.T.);
#2362=ORIENTED_EDGE('',*,*,#3527,.T.);
#2363=ORIENTED_EDGE('',*,*,#3530,.T.);
#2364=ORIENTED_EDGE('',*,*,#3533,.T.);
#2365=ORIENTED_EDGE('',*,*,#3536,.T.);
#2366=ORIENTED_EDGE('',*,*,#3370,.T.);
#2367=ORIENTED_EDGE('',*,*,#3366,.T.);
#2368=ORIENTED_EDGE('',*,*,#3362,.T.);
#2369=ORIENTED_EDGE('',*,*,#3554,.T.);
#2370=ORIENTED_EDGE('',*,*,#3557,.T.);
#2371=ORIENTED_EDGE('',*,*,#3558,.T.);
#2372=ORIENTED_EDGE('',*,*,#3399,.T.);
#2373=ORIENTED_EDGE('',*,*,#3558,.F.);
#2374=ORIENTED_EDGE('',*,*,#3559,.F.);
#2375=ORIENTED_EDGE('',*,*,#3560,.T.);
#2376=ORIENTED_EDGE('',*,*,#3561,.T.);
#2377=ORIENTED_EDGE('',*,*,#3475,.T.);
#2378=ORIENTED_EDGE('',*,*,#3400,.T.);
#2379=ORIENTED_EDGE('',*,*,#3562,.F.);
#2380=ORIENTED_EDGE('',*,*,#3563,.F.);
#2381=ORIENTED_EDGE('',*,*,#3560,.F.);
#2382=ORIENTED_EDGE('',*,*,#3564,.T.);
#2383=ORIENTED_EDGE('',*,*,#3565,.F.);
#2384=ORIENTED_EDGE('',*,*,#3428,.T.);
#2385=ORIENTED_EDGE('',*,*,#3492,.T.);
#2386=ORIENTED_EDGE('',*,*,#3566,.T.);
#2387=ORIENTED_EDGE('',*,*,#3562,.T.);
#2388=ORIENTED_EDGE('',*,*,#3567,.F.);
#2389=ORIENTED_EDGE('',*,*,#3431,.T.);
#2390=ORIENTED_EDGE('',*,*,#3429,.T.);
#2391=ORIENTED_EDGE('',*,*,#3565,.T.);
#2392=ORIENTED_EDGE('',*,*,#3568,.T.);
#2393=ORIENTED_EDGE('',*,*,#3569,.T.);
#2394=ORIENTED_EDGE('',*,*,#3432,.T.);
#2395=ORIENTED_EDGE('',*,*,#3436,.T.);
#2396=ORIENTED_EDGE('',*,*,#3461,.T.);
#2397=ORIENTED_EDGE('',*,*,#3570,.T.);
#2398=ORIENTED_EDGE('',*,*,#3571,.T.);
#2399=ORIENTED_EDGE('',*,*,#3572,.T.);
#2400=ORIENTED_EDGE('',*,*,#3573,.T.);
#2401=ORIENTED_EDGE('',*,*,#3574,.T.);
#2402=ORIENTED_EDGE('',*,*,#3575,.T.);
#2403=ORIENTED_EDGE('',*,*,#3576,.T.);
#2404=ORIENTED_EDGE('',*,*,#3577,.T.);
#2405=ORIENTED_EDGE('',*,*,#3578,.T.);
#2406=ORIENTED_EDGE('',*,*,#3579,.T.);
#2407=ORIENTED_EDGE('',*,*,#3580,.T.);
#2408=ORIENTED_EDGE('',*,*,#3581,.T.);
#2409=ORIENTED_EDGE('',*,*,#3582,.T.);
#2410=ORIENTED_EDGE('',*,*,#3583,.T.);
#2411=ORIENTED_EDGE('',*,*,#3584,.T.);
#2412=ORIENTED_EDGE('',*,*,#3465,.T.);
#2413=ORIENTED_EDGE('',*,*,#3424,.T.);
#2414=ORIENTED_EDGE('',*,*,#3420,.T.);
#2415=ORIENTED_EDGE('',*,*,#3417,.T.);
#2416=ORIENTED_EDGE('',*,*,#3415,.T.);
#2417=ORIENTED_EDGE('',*,*,#3413,.T.);
#2418=ORIENTED_EDGE('',*,*,#3411,.T.);
#2419=ORIENTED_EDGE('',*,*,#3409,.T.);
#2420=ORIENTED_EDGE('',*,*,#3407,.T.);
#2421=ORIENTED_EDGE('',*,*,#3405,.T.);
#2422=ORIENTED_EDGE('',*,*,#3402,.T.);
#2423=ORIENTED_EDGE('',*,*,#3585,.F.);
#2424=ORIENTED_EDGE('',*,*,#3433,.F.);
#2425=ORIENTED_EDGE('',*,*,#3569,.F.);
#2426=ORIENTED_EDGE('',*,*,#3586,.F.);
#2427=ORIENTED_EDGE('',*,*,#3587,.T.);
#2428=ORIENTED_EDGE('',*,*,#3588,.T.);
#2429=ORIENTED_EDGE('',*,*,#3589,.F.);
#2430=ORIENTED_EDGE('',*,*,#3590,.F.);
#2431=ORIENTED_EDGE('',*,*,#3571,.F.);
#2432=ORIENTED_EDGE('',*,*,#3591,.T.);
#2433=ORIENTED_EDGE('',*,*,#3592,.T.);
#2434=ORIENTED_EDGE('',*,*,#3593,.T.);
#2435=ORIENTED_EDGE('',*,*,#3572,.F.);
#2436=ORIENTED_EDGE('',*,*,#3593,.F.);
#2437=ORIENTED_EDGE('',*,*,#3594,.F.);
#2438=ORIENTED_EDGE('',*,*,#3595,.F.);
#2439=ORIENTED_EDGE('',*,*,#3573,.F.);
#2440=ORIENTED_EDGE('',*,*,#3595,.T.);
#2441=ORIENTED_EDGE('',*,*,#3596,.T.);
#2442=ORIENTED_EDGE('',*,*,#3597,.T.);
#2443=ORIENTED_EDGE('',*,*,#3574,.F.);
#2444=ORIENTED_EDGE('',*,*,#3597,.F.);
#2445=ORIENTED_EDGE('',*,*,#3598,.F.);
#2446=ORIENTED_EDGE('',*,*,#3599,.F.);
#2447=ORIENTED_EDGE('',*,*,#3600,.T.);
#2448=ORIENTED_EDGE('',*,*,#3601,.T.);
#2449=ORIENTED_EDGE('',*,*,#3575,.F.);
#2450=ORIENTED_EDGE('',*,*,#3599,.T.);
#2451=ORIENTED_EDGE('',*,*,#3576,.F.);
#2452=ORIENTED_EDGE('',*,*,#3601,.F.);
#2453=ORIENTED_EDGE('',*,*,#3602,.F.);
#2454=ORIENTED_EDGE('',*,*,#3603,.F.);
#2455=ORIENTED_EDGE('',*,*,#3577,.F.);
#2456=ORIENTED_EDGE('',*,*,#3603,.T.);
#2457=ORIENTED_EDGE('',*,*,#3604,.T.);
#2458=ORIENTED_EDGE('',*,*,#3605,.T.);
#2459=ORIENTED_EDGE('',*,*,#3578,.F.);
#2460=ORIENTED_EDGE('',*,*,#3605,.F.);
#2461=ORIENTED_EDGE('',*,*,#3606,.F.);
#2462=ORIENTED_EDGE('',*,*,#3607,.F.);
#2463=ORIENTED_EDGE('',*,*,#3608,.T.);
#2464=ORIENTED_EDGE('',*,*,#3588,.F.);
#2465=ORIENTED_EDGE('',*,*,#3609,.F.);
#2466=ORIENTED_EDGE('',*,*,#3610,.F.);
#2467=ORIENTED_EDGE('',*,*,#3611,.F.);
#2468=ORIENTED_EDGE('',*,*,#3612,.T.);
#2469=ORIENTED_EDGE('',*,*,#3613,.F.);
#2470=ORIENTED_EDGE('',*,*,#3611,.T.);
#2471=ORIENTED_EDGE('',*,*,#3614,.F.);
#2472=ORIENTED_EDGE('',*,*,#3615,.T.);
#2473=ORIENTED_EDGE('',*,*,#3456,.T.);
#2474=ORIENTED_EDGE('',*,*,#3453,.T.);
#2475=ORIENTED_EDGE('',*,*,#3449,.T.);
#2476=ORIENTED_EDGE('',*,*,#3446,.T.);
#2477=ORIENTED_EDGE('',*,*,#3444,.T.);
#2478=ORIENTED_EDGE('',*,*,#3439,.T.);
#2479=ORIENTED_EDGE('',*,*,#3458,.F.);
#2480=ORIENTED_EDGE('',*,*,#3437,.T.);
#2481=ORIENTED_EDGE('',*,*,#3434,.F.);
#2482=ORIENTED_EDGE('',*,*,#3585,.T.);
#2483=ORIENTED_EDGE('',*,*,#3616,.F.);
#2484=ORIENTED_EDGE('',*,*,#3615,.F.);
#2485=ORIENTED_EDGE('',*,*,#3617,.F.);
#2486=ORIENTED_EDGE('',*,*,#3618,.T.);
#2487=ORIENTED_EDGE('',*,*,#3619,.F.);
#2488=ORIENTED_EDGE('',*,*,#3620,.F.);
#2489=ORIENTED_EDGE('',*,*,#3462,.F.);
#2490=ORIENTED_EDGE('',*,*,#3457,.F.);
#2491=ORIENTED_EDGE('',*,*,#3618,.F.);
#2492=ORIENTED_EDGE('',*,*,#3463,.F.);
#2493=ORIENTED_EDGE('',*,*,#3620,.T.);
#2494=ORIENTED_EDGE('',*,*,#3621,.F.);
#2495=ORIENTED_EDGE('',*,*,#3591,.F.);
#2496=ORIENTED_EDGE('',*,*,#3570,.F.);
#2497=ORIENTED_EDGE('',*,*,#3460,.F.);
#2498=ORIENTED_EDGE('',*,*,#3622,.T.);
#2499=ORIENTED_EDGE('',*,*,#3623,.T.);
#2500=ORIENTED_EDGE('',*,*,#3579,.F.);
#2501=ORIENTED_EDGE('',*,*,#3607,.T.);
#2502=ORIENTED_EDGE('',*,*,#3624,.T.);
#2503=ORIENTED_EDGE('',*,*,#3625,.T.);
#2504=ORIENTED_EDGE('',*,*,#3580,.F.);
#2505=ORIENTED_EDGE('',*,*,#3623,.F.);
#2506=ORIENTED_EDGE('',*,*,#3626,.F.);
#2507=ORIENTED_EDGE('',*,*,#3627,.F.);
#2508=ORIENTED_EDGE('',*,*,#3581,.F.);
#2509=ORIENTED_EDGE('',*,*,#3627,.T.);
#2510=ORIENTED_EDGE('',*,*,#3628,.T.);
#2511=ORIENTED_EDGE('',*,*,#3629,.T.);
#2512=ORIENTED_EDGE('',*,*,#3582,.F.);
#2513=ORIENTED_EDGE('',*,*,#3629,.F.);
#2514=ORIENTED_EDGE('',*,*,#3630,.F.);
#2515=ORIENTED_EDGE('',*,*,#3631,.F.);
#2516=ORIENTED_EDGE('',*,*,#3464,.T.);
#2517=ORIENTED_EDGE('',*,*,#3632,.F.);
#2518=ORIENTED_EDGE('',*,*,#3608,.F.);
#2519=ORIENTED_EDGE('',*,*,#3633,.T.);
#2520=ORIENTED_EDGE('',*,*,#3634,.T.);
#2521=ORIENTED_EDGE('',*,*,#3635,.F.);
#2522=ORIENTED_EDGE('',*,*,#3486,.T.);
#2523=ORIENTED_EDGE('',*,*,#3636,.F.);
#2524=ORIENTED_EDGE('',*,*,#3589,.T.);
#2525=ORIENTED_EDGE('',*,*,#3542,.F.);
#2526=ORIENTED_EDGE('',*,*,#3540,.T.);
#2527=ORIENTED_EDGE('',*,*,#3637,.F.);
#2528=ORIENTED_EDGE('',*,*,#3482,.T.);
#2529=ORIENTED_EDGE('',*,*,#3638,.F.);
#2530=ORIENTED_EDGE('',*,*,#3639,.T.);
#2531=ORIENTED_EDGE('',*,*,#3640,.T.);
#2532=ORIENTED_EDGE('',*,*,#3641,.T.);
#2533=ORIENTED_EDGE('',*,*,#3642,.F.);
#2534=ORIENTED_EDGE('',*,*,#3643,.T.);
#2535=ORIENTED_EDGE('',*,*,#3483,.T.);
#2536=ORIENTED_EDGE('',*,*,#3637,.T.);
#2537=ORIENTED_EDGE('',*,*,#3539,.T.);
#2538=ORIENTED_EDGE('',*,*,#3644,.T.);
#2539=ORIENTED_EDGE('',*,*,#3645,.T.);
#2540=ORIENTED_EDGE('',*,*,#3642,.T.);
#2541=ORIENTED_EDGE('',*,*,#3646,.T.);
#2542=ORIENTED_EDGE('',*,*,#3647,.T.);
#2543=ORIENTED_EDGE('',*,*,#3479,.T.);
#2544=ORIENTED_EDGE('',*,*,#3647,.F.);
#2545=ORIENTED_EDGE('',*,*,#3648,.T.);
#2546=ORIENTED_EDGE('',*,*,#3649,.F.);
#2547=ORIENTED_EDGE('',*,*,#3484,.T.);
#2548=ORIENTED_EDGE('',*,*,#3650,.F.);
#2549=ORIENTED_EDGE('',*,*,#3651,.T.);
#2550=ORIENTED_EDGE('',*,*,#3652,.F.);
#2551=ORIENTED_EDGE('',*,*,#3485,.T.);
#2552=ORIENTED_EDGE('',*,*,#3652,.T.);
#2553=ORIENTED_EDGE('',*,*,#3653,.T.);
#2554=ORIENTED_EDGE('',*,*,#3654,.T.);
#2555=ORIENTED_EDGE('',*,*,#3655,.T.);
#2556=ORIENTED_EDGE('',*,*,#3656,.T.);
#2557=ORIENTED_EDGE('',*,*,#3590,.T.);
#2558=ORIENTED_EDGE('',*,*,#3636,.T.);
#2559=ORIENTED_EDGE('',*,*,#3657,.T.);
#2560=ORIENTED_EDGE('',*,*,#3658,.T.);
#2561=ORIENTED_EDGE('',*,*,#3654,.F.);
#2562=ORIENTED_EDGE('',*,*,#3488,.T.);
#2563=ORIENTED_EDGE('',*,*,#3659,.F.);
#2564=ORIENTED_EDGE('',*,*,#3660,.F.);
#2565=ORIENTED_EDGE('',*,*,#3661,.T.);
#2566=ORIENTED_EDGE('',*,*,#3650,.T.);
#2567=ORIENTED_EDGE('',*,*,#3662,.F.);
#2568=ORIENTED_EDGE('',*,*,#3663,.F.);
#2569=ORIENTED_EDGE('',*,*,#3664,.F.);
#2570=ORIENTED_EDGE('',*,*,#3665,.F.);
#2571=ORIENTED_EDGE('',*,*,#3583,.F.);
#2572=ORIENTED_EDGE('',*,*,#3631,.T.);
#2573=ORIENTED_EDGE('',*,*,#3666,.T.);
#2574=ORIENTED_EDGE('',*,*,#3663,.T.);
#2575=ORIENTED_EDGE('',*,*,#3667,.F.);
#2576=ORIENTED_EDGE('',*,*,#3668,.T.);
#2577=ORIENTED_EDGE('',*,*,#3669,.T.);
#2578=ORIENTED_EDGE('',*,*,#3670,.T.);
#2579=ORIENTED_EDGE('',*,*,#3489,.T.);
#2580=ORIENTED_EDGE('',*,*,#3468,.T.);
#2581=ORIENTED_EDGE('',*,*,#3466,.T.);
#2582=ORIENTED_EDGE('',*,*,#3584,.F.);
#2583=ORIENTED_EDGE('',*,*,#3668,.F.);
#2584=ORIENTED_EDGE('',*,*,#3671,.F.);
#2585=ORIENTED_EDGE('',*,*,#3672,.F.);
#2586=ORIENTED_EDGE('',*,*,#3490,.F.);
#2587=ORIENTED_EDGE('',*,*,#3670,.F.);
#2588=ORIENTED_EDGE('',*,*,#3673,.F.);
#2589=ORIENTED_EDGE('',*,*,#3674,.F.);
#2590=ORIENTED_EDGE('',*,*,#3477,.F.);
#2591=ORIENTED_EDGE('',*,*,#3675,.F.);
#2592=ORIENTED_EDGE('',*,*,#3676,.T.);
#2593=ORIENTED_EDGE('',*,*,#3677,.F.);
#2594=ORIENTED_EDGE('',*,*,#3555,.F.);
#2595=ORIENTED_EDGE('',*,*,#3474,.T.);
#2596=ORIENTED_EDGE('',*,*,#3471,.T.);
#2597=ORIENTED_EDGE('',*,*,#3478,.T.);
#2598=ORIENTED_EDGE('',*,*,#3674,.T.);
#2599=ORIENTED_EDGE('',*,*,#3556,.F.);
#2600=ORIENTED_EDGE('',*,*,#3677,.T.);
#2601=ORIENTED_EDGE('',*,*,#3678,.F.);
#2602=ORIENTED_EDGE('',*,*,#3679,.T.);
#2603=ORIENTED_EDGE('',*,*,#3680,.T.);
#2604=ORIENTED_EDGE('',*,*,#3494,.T.);
#2605=ORIENTED_EDGE('',*,*,#3681,.F.);
#2606=ORIENTED_EDGE('',*,*,#3682,.F.);
#2607=ORIENTED_EDGE('',*,*,#3683,.F.);
#2608=ORIENTED_EDGE('',*,*,#3679,.F.);
#2609=ORIENTED_EDGE('',*,*,#3480,.T.);
#2610=ORIENTED_EDGE('',*,*,#3649,.T.);
#2611=ORIENTED_EDGE('',*,*,#3684,.T.);
#2612=ORIENTED_EDGE('',*,*,#3685,.F.);
#2613=ORIENTED_EDGE('',*,*,#3686,.F.);
#2614=ORIENTED_EDGE('',*,*,#3491,.T.);
#2615=ORIENTED_EDGE('',*,*,#3672,.T.);
#2616=ORIENTED_EDGE('',*,*,#3687,.T.);
#2617=ORIENTED_EDGE('',*,*,#3688,.F.);
#2618=ORIENTED_EDGE('',*,*,#3659,.T.);
#2619=ORIENTED_EDGE('',*,*,#3487,.T.);
#2620=ORIENTED_EDGE('',*,*,#3635,.T.);
#2621=ORIENTED_EDGE('',*,*,#3689,.F.);
#2622=ORIENTED_EDGE('',*,*,#3638,.T.);
#2623=ORIENTED_EDGE('',*,*,#3481,.T.);
#2624=ORIENTED_EDGE('',*,*,#3686,.T.);
#2625=ORIENTED_EDGE('',*,*,#3690,.F.);
#2626=ORIENTED_EDGE('',*,*,#3691,.T.);
#2627=ORIENTED_EDGE('',*,*,#3675,.T.);
#2628=ORIENTED_EDGE('',*,*,#3476,.T.);
#2629=ORIENTED_EDGE('',*,*,#3561,.F.);
#2630=ORIENTED_EDGE('',*,*,#3563,.T.);
#2631=ORIENTED_EDGE('',*,*,#3566,.F.);
#2632=ORIENTED_EDGE('',*,*,#3503,.T.);
#2633=ORIENTED_EDGE('',*,*,#3680,.F.);
#2634=ORIENTED_EDGE('',*,*,#3683,.T.);
#2635=ORIENTED_EDGE('',*,*,#3692,.F.);
#2636=ORIENTED_EDGE('',*,*,#2997,.T.);
#2637=ORIENTED_EDGE('',*,*,#3693,.T.);
#2638=ORIENTED_EDGE('',*,*,#3507,.F.);
#2639=ORIENTED_EDGE('',*,*,#3501,.T.);
#2640=ORIENTED_EDGE('',*,*,#3498,.F.);
#2641=ORIENTED_EDGE('',*,*,#3495,.T.);
#2642=ORIENTED_EDGE('',*,*,#3508,.F.);
#2643=ORIENTED_EDGE('',*,*,#3693,.F.);
#2644=ORIENTED_EDGE('',*,*,#2996,.T.);
#2645=ORIENTED_EDGE('',*,*,#3694,.F.);
#2646=ORIENTED_EDGE('',*,*,#3537,.T.);
#2647=ORIENTED_EDGE('',*,*,#3534,.F.);
#2648=ORIENTED_EDGE('',*,*,#3531,.T.);
#2649=ORIENTED_EDGE('',*,*,#3528,.F.);
#2650=ORIENTED_EDGE('',*,*,#3525,.T.);
#2651=ORIENTED_EDGE('',*,*,#3521,.F.);
#2652=ORIENTED_EDGE('',*,*,#3519,.T.);
#2653=ORIENTED_EDGE('',*,*,#3516,.F.);
#2654=ORIENTED_EDGE('',*,*,#3513,.T.);
#2655=ORIENTED_EDGE('',*,*,#3509,.F.);
#2656=ORIENTED_EDGE('',*,*,#3694,.T.);
#2657=ORIENTED_EDGE('',*,*,#2995,.T.);
#2658=ORIENTED_EDGE('',*,*,#3695,.F.);
#2659=ORIENTED_EDGE('',*,*,#3545,.T.);
#2660=ORIENTED_EDGE('',*,*,#3549,.T.);
#2661=ORIENTED_EDGE('',*,*,#3550,.T.);
#2662=ORIENTED_EDGE('',*,*,#3504,.T.);
#2663=ORIENTED_EDGE('',*,*,#3696,.T.);
#2664=ORIENTED_EDGE('',*,*,#3644,.F.);
#2665=ORIENTED_EDGE('',*,*,#3538,.F.);
#2666=ORIENTED_EDGE('',*,*,#3546,.T.);
#2667=ORIENTED_EDGE('',*,*,#3695,.T.);
#2668=ORIENTED_EDGE('',*,*,#2994,.T.);
#2669=ORIENTED_EDGE('',*,*,#3643,.F.);
#2670=ORIENTED_EDGE('',*,*,#3645,.F.);
#2671=ORIENTED_EDGE('',*,*,#3696,.F.);
#2672=ORIENTED_EDGE('',*,*,#2993,.T.);
#2673=ORIENTED_EDGE('',*,*,#3697,.T.);
#2674=ORIENTED_EDGE('',*,*,#3698,.F.);
#2675=ORIENTED_EDGE('',*,*,#3699,.T.);
#2676=ORIENTED_EDGE('',*,*,#3700,.F.);
#2677=ORIENTED_EDGE('',*,*,#3697,.F.);
#2678=ORIENTED_EDGE('',*,*,#2992,.T.);
#2679=ORIENTED_EDGE('',*,*,#3701,.F.);
#2680=ORIENTED_EDGE('',*,*,#3699,.F.);
#2681=ORIENTED_EDGE('',*,*,#2991,.T.);
#2682=ORIENTED_EDGE('',*,*,#3702,.T.);
#2683=ORIENTED_EDGE('',*,*,#3702,.F.);
#2684=ORIENTED_EDGE('',*,*,#2990,.T.);
#2685=ORIENTED_EDGE('',*,*,#3703,.F.);
#2686=ORIENTED_EDGE('',*,*,#3704,.T.);
#2687=ORIENTED_EDGE('',*,*,#3616,.T.);
#2688=ORIENTED_EDGE('',*,*,#3586,.T.);
#2689=ORIENTED_EDGE('',*,*,#3568,.F.);
#2690=ORIENTED_EDGE('',*,*,#3567,.T.);
#2691=ORIENTED_EDGE('',*,*,#3564,.F.);
#2692=ORIENTED_EDGE('',*,*,#3559,.T.);
#2693=ORIENTED_EDGE('',*,*,#3557,.F.);
#2694=ORIENTED_EDGE('',*,*,#3553,.T.);
#2695=ORIENTED_EDGE('',*,*,#3551,.T.);
#2696=ORIENTED_EDGE('',*,*,#3547,.T.);
#2697=ORIENTED_EDGE('',*,*,#3543,.F.);
#2698=ORIENTED_EDGE('',*,*,#3640,.F.);
#2699=ORIENTED_EDGE('',*,*,#3705,.T.);
#2700=ORIENTED_EDGE('',*,*,#3703,.T.);
#2701=ORIENTED_EDGE('',*,*,#2989,.F.);
#2702=ORIENTED_EDGE('',*,*,#3706,.T.);
#2703=ORIENTED_EDGE('',*,*,#3707,.T.);
#2704=ORIENTED_EDGE('',*,*,#3633,.F.);
#2705=ORIENTED_EDGE('',*,*,#3612,.F.);
#2706=ORIENTED_EDGE('',*,*,#3613,.T.);
#2707=ORIENTED_EDGE('',*,*,#3708,.F.);
#2708=ORIENTED_EDGE('',*,*,#3709,.T.);
#2709=ORIENTED_EDGE('',*,*,#3706,.F.);
#2710=ORIENTED_EDGE('',*,*,#2988,.T.);
#2711=ORIENTED_EDGE('',*,*,#3710,.F.);
#2712=ORIENTED_EDGE('',*,*,#3708,.T.);
#2713=ORIENTED_EDGE('',*,*,#2987,.T.);
#2714=ORIENTED_EDGE('',*,*,#3711,.F.);
#2715=ORIENTED_EDGE('',*,*,#3711,.T.);
#2716=ORIENTED_EDGE('',*,*,#2986,.T.);
#2717=ORIENTED_EDGE('',*,*,#3712,.F.);
#2718=ORIENTED_EDGE('',*,*,#3713,.F.);
#2719=ORIENTED_EDGE('',*,*,#3658,.F.);
#2720=ORIENTED_EDGE('',*,*,#3714,.F.);
#2721=ORIENTED_EDGE('',*,*,#3712,.T.);
#2722=ORIENTED_EDGE('',*,*,#2985,.T.);
#2723=ORIENTED_EDGE('',*,*,#3715,.F.);
#2724=ORIENTED_EDGE('',*,*,#3655,.F.);
#2725=ORIENTED_EDGE('',*,*,#3715,.T.);
#2726=ORIENTED_EDGE('',*,*,#2984,.T.);
#2727=ORIENTED_EDGE('',*,*,#3716,.T.);
#2728=ORIENTED_EDGE('',*,*,#3609,.T.);
#2729=ORIENTED_EDGE('',*,*,#3587,.F.);
#2730=ORIENTED_EDGE('',*,*,#3656,.F.);
#2731=ORIENTED_EDGE('',*,*,#3621,.T.);
#2732=ORIENTED_EDGE('',*,*,#3619,.T.);
#2733=ORIENTED_EDGE('',*,*,#3617,.T.);
#2734=ORIENTED_EDGE('',*,*,#3614,.T.);
#2735=ORIENTED_EDGE('',*,*,#3610,.T.);
#2736=ORIENTED_EDGE('',*,*,#3716,.F.);
#2737=ORIENTED_EDGE('',*,*,#2983,.T.);
#2738=ORIENTED_EDGE('',*,*,#3717,.T.);
#2739=ORIENTED_EDGE('',*,*,#3624,.F.);
#2740=ORIENTED_EDGE('',*,*,#3606,.T.);
#2741=ORIENTED_EDGE('',*,*,#3604,.F.);
#2742=ORIENTED_EDGE('',*,*,#3602,.T.);
#2743=ORIENTED_EDGE('',*,*,#3600,.F.);
#2744=ORIENTED_EDGE('',*,*,#3598,.T.);
#2745=ORIENTED_EDGE('',*,*,#3596,.F.);
#2746=ORIENTED_EDGE('',*,*,#3594,.T.);
#2747=ORIENTED_EDGE('',*,*,#3592,.F.);
#2748=ORIENTED_EDGE('',*,*,#3625,.F.);
#2749=ORIENTED_EDGE('',*,*,#3717,.F.);
#2750=ORIENTED_EDGE('',*,*,#2982,.T.);
#2751=ORIENTED_EDGE('',*,*,#3718,.F.);
#2752=ORIENTED_EDGE('',*,*,#3632,.T.);
#2753=ORIENTED_EDGE('',*,*,#3666,.F.);
#2754=ORIENTED_EDGE('',*,*,#3630,.T.);
#2755=ORIENTED_EDGE('',*,*,#3628,.F.);
#2756=ORIENTED_EDGE('',*,*,#3626,.T.);
#2757=ORIENTED_EDGE('',*,*,#3622,.F.);
#2758=ORIENTED_EDGE('',*,*,#3718,.T.);
#2759=ORIENTED_EDGE('',*,*,#2981,.T.);
#2760=ORIENTED_EDGE('',*,*,#3719,.F.);
#2761=ORIENTED_EDGE('',*,*,#3664,.T.);
#2762=ORIENTED_EDGE('',*,*,#3691,.F.);
#2763=ORIENTED_EDGE('',*,*,#3720,.F.);
#2764=ORIENTED_EDGE('',*,*,#3721,.F.);
#2765=ORIENTED_EDGE('',*,*,#3722,.F.);
#2766=ORIENTED_EDGE('',*,*,#3687,.F.);
#2767=ORIENTED_EDGE('',*,*,#3671,.T.);
#2768=ORIENTED_EDGE('',*,*,#3669,.F.);
#2769=ORIENTED_EDGE('',*,*,#3667,.T.);
#2770=ORIENTED_EDGE('',*,*,#3662,.T.);
#2771=ORIENTED_EDGE('',*,*,#3723,.T.);
#2772=ORIENTED_EDGE('',*,*,#3031,.T.);
#2773=ORIENTED_EDGE('',*,*,#3017,.T.);
#2774=ORIENTED_EDGE('',*,*,#3016,.T.);
#2775=ORIENTED_EDGE('',*,*,#3013,.T.);
#2776=ORIENTED_EDGE('',*,*,#3010,.T.);
#2777=ORIENTED_EDGE('',*,*,#3019,.T.);
#2778=ORIENTED_EDGE('',*,*,#3021,.T.);
#2779=ORIENTED_EDGE('',*,*,#3023,.T.);
#2780=ORIENTED_EDGE('',*,*,#3026,.T.);
#2781=ORIENTED_EDGE('',*,*,#3027,.T.);
#2782=ORIENTED_EDGE('',*,*,#3030,.T.);
#2783=ORIENTED_EDGE('',*,*,#3724,.T.);
#2784=ORIENTED_EDGE('',*,*,#3681,.T.);
#2785=ORIENTED_EDGE('',*,*,#3678,.T.);
#2786=ORIENTED_EDGE('',*,*,#3676,.F.);
#2787=ORIENTED_EDGE('',*,*,#3673,.T.);
#2788=ORIENTED_EDGE('',*,*,#3682,.T.);
#2789=ORIENTED_EDGE('',*,*,#3724,.F.);
#2790=ORIENTED_EDGE('',*,*,#3029,.T.);
#2791=ORIENTED_EDGE('',*,*,#2998,.T.);
#2792=ORIENTED_EDGE('',*,*,#3692,.T.);
#2793=ORIENTED_EDGE('',*,*,#3665,.T.);
#2794=ORIENTED_EDGE('',*,*,#3719,.T.);
#2795=ORIENTED_EDGE('',*,*,#2980,.T.);
#2796=ORIENTED_EDGE('',*,*,#3032,.T.);
#2797=ORIENTED_EDGE('',*,*,#3723,.F.);
#2798=ORIENTED_EDGE('',*,*,#3725,.F.);
#2799=ORIENTED_EDGE('',*,*,#3726,.T.);
#2800=ORIENTED_EDGE('',*,*,#3727,.F.);
#2801=ORIENTED_EDGE('',*,*,#3728,.F.);
#2802=ORIENTED_EDGE('',*,*,#3727,.T.);
#2803=ORIENTED_EDGE('',*,*,#3729,.T.);
#2804=ORIENTED_EDGE('',*,*,#3730,.T.);
#2805=ORIENTED_EDGE('',*,*,#3731,.F.);
#2806=ORIENTED_EDGE('',*,*,#3732,.F.);
#2807=ORIENTED_EDGE('',*,*,#3733,.F.);
#2808=ORIENTED_EDGE('',*,*,#3734,.T.);
#2809=ORIENTED_EDGE('',*,*,#3730,.F.);
#2810=ORIENTED_EDGE('',*,*,#3735,.T.);
#2811=ORIENTED_EDGE('',*,*,#3736,.F.);
#2812=ORIENTED_EDGE('',*,*,#3737,.F.);
#2813=ORIENTED_EDGE('',*,*,#3738,.F.);
#2814=ORIENTED_EDGE('',*,*,#3739,.F.);
#2815=ORIENTED_EDGE('',*,*,#3740,.F.);
#2816=ORIENTED_EDGE('',*,*,#3741,.F.);
#2817=ORIENTED_EDGE('',*,*,#3720,.T.);
#2818=ORIENTED_EDGE('',*,*,#3690,.T.);
#2819=ORIENTED_EDGE('',*,*,#3685,.T.);
#2820=ORIENTED_EDGE('',*,*,#3742,.T.);
#2821=ORIENTED_EDGE('',*,*,#3743,.F.);
#2822=ORIENTED_EDGE('',*,*,#3744,.T.);
#2823=ORIENTED_EDGE('',*,*,#3735,.F.);
#2824=ORIENTED_EDGE('',*,*,#3745,.F.);
#2825=ORIENTED_EDGE('',*,*,#3746,.T.);
#2826=ORIENTED_EDGE('',*,*,#3747,.T.);
#2827=ORIENTED_EDGE('',*,*,#3743,.T.);
#2828=ORIENTED_EDGE('',*,*,#3748,.F.);
#2829=ORIENTED_EDGE('',*,*,#3749,.F.);
#2830=ORIENTED_EDGE('',*,*,#3746,.F.);
#2831=ORIENTED_EDGE('',*,*,#3750,.T.);
#2832=ORIENTED_EDGE('',*,*,#3751,.F.);
#2833=ORIENTED_EDGE('',*,*,#3752,.T.);
#2834=ORIENTED_EDGE('',*,*,#3753,.T.);
#2835=ORIENTED_EDGE('',*,*,#3754,.T.);
#2836=ORIENTED_EDGE('',*,*,#3709,.F.);
#2837=ORIENTED_EDGE('',*,*,#3710,.T.);
#2838=ORIENTED_EDGE('',*,*,#3713,.T.);
#2839=ORIENTED_EDGE('',*,*,#3714,.T.);
#2840=ORIENTED_EDGE('',*,*,#3657,.F.);
#2841=ORIENTED_EDGE('',*,*,#3653,.F.);
#2842=ORIENTED_EDGE('',*,*,#3651,.F.);
#2843=ORIENTED_EDGE('',*,*,#3661,.F.);
#2844=ORIENTED_EDGE('',*,*,#3755,.F.);
#2845=ORIENTED_EDGE('',*,*,#3728,.T.);
#2846=ORIENTED_EDGE('',*,*,#3731,.T.);
#2847=ORIENTED_EDGE('',*,*,#3734,.F.);
#2848=ORIENTED_EDGE('',*,*,#3756,.T.);
#2849=ORIENTED_EDGE('',*,*,#3757,.T.);
#2850=ORIENTED_EDGE('',*,*,#3758,.T.);
#2851=ORIENTED_EDGE('',*,*,#3759,.T.);
#2852=ORIENTED_EDGE('',*,*,#3760,.T.);
#2853=ORIENTED_EDGE('',*,*,#3750,.F.);
#2854=ORIENTED_EDGE('',*,*,#3748,.T.);
#2855=ORIENTED_EDGE('',*,*,#3745,.T.);
#2856=ORIENTED_EDGE('',*,*,#3742,.F.);
#2857=ORIENTED_EDGE('',*,*,#3684,.F.);
#2858=ORIENTED_EDGE('',*,*,#3648,.F.);
#2859=ORIENTED_EDGE('',*,*,#3646,.F.);
#2860=ORIENTED_EDGE('',*,*,#3641,.F.);
#2861=ORIENTED_EDGE('',*,*,#3698,.T.);
#2862=ORIENTED_EDGE('',*,*,#3700,.T.);
#2863=ORIENTED_EDGE('',*,*,#3701,.T.);
#2864=ORIENTED_EDGE('',*,*,#3704,.F.);
#2865=ORIENTED_EDGE('',*,*,#3705,.F.);
#2866=ORIENTED_EDGE('',*,*,#3639,.F.);
#2867=ORIENTED_EDGE('',*,*,#3689,.T.);
#2868=ORIENTED_EDGE('',*,*,#3634,.F.);
#2869=ORIENTED_EDGE('',*,*,#3707,.F.);
#2870=ORIENTED_EDGE('',*,*,#3761,.T.);
#2871=ORIENTED_EDGE('',*,*,#3762,.T.);
#2872=ORIENTED_EDGE('',*,*,#3751,.T.);
#2873=ORIENTED_EDGE('',*,*,#3760,.F.);
#2874=ORIENTED_EDGE('',*,*,#3763,.F.);
#2875=ORIENTED_EDGE('',*,*,#3764,.T.);
#2876=ORIENTED_EDGE('',*,*,#3761,.F.);
#2877=ORIENTED_EDGE('',*,*,#3759,.F.);
#2878=ORIENTED_EDGE('',*,*,#3733,.T.);
#2879=ORIENTED_EDGE('',*,*,#3765,.T.);
#2880=ORIENTED_EDGE('',*,*,#3766,.T.);
#2881=ORIENTED_EDGE('',*,*,#3756,.F.);
#2882=ORIENTED_EDGE('',*,*,#3766,.F.);
#2883=ORIENTED_EDGE('',*,*,#3767,.T.);
#2884=ORIENTED_EDGE('',*,*,#3768,.F.);
#2885=ORIENTED_EDGE('',*,*,#3757,.F.);
#2886=ORIENTED_EDGE('',*,*,#3740,.T.);
#2887=ORIENTED_EDGE('',*,*,#3769,.F.);
#2888=ORIENTED_EDGE('',*,*,#3770,.F.);
#2889=ORIENTED_EDGE('',*,*,#3771,.T.);
#2890=ORIENTED_EDGE('',*,*,#3739,.T.);
#2891=ORIENTED_EDGE('',*,*,#3772,.F.);
#2892=ORIENTED_EDGE('',*,*,#3773,.F.);
#2893=ORIENTED_EDGE('',*,*,#3769,.T.);
#2894=ORIENTED_EDGE('',*,*,#3738,.T.);
#2895=ORIENTED_EDGE('',*,*,#3774,.F.);
#2896=ORIENTED_EDGE('',*,*,#3775,.F.);
#2897=ORIENTED_EDGE('',*,*,#3772,.T.);
#2898=ORIENTED_EDGE('',*,*,#3741,.T.);
#2899=ORIENTED_EDGE('',*,*,#3771,.F.);
#2900=ORIENTED_EDGE('',*,*,#3776,.F.);
#2901=ORIENTED_EDGE('',*,*,#3721,.T.);
#2902=ORIENTED_EDGE('',*,*,#3744,.F.);
#2903=ORIENTED_EDGE('',*,*,#3747,.F.);
#2904=ORIENTED_EDGE('',*,*,#3749,.T.);
#2905=ORIENTED_EDGE('',*,*,#3762,.F.);
#2906=ORIENTED_EDGE('',*,*,#3764,.F.);
#2907=ORIENTED_EDGE('',*,*,#3777,.T.);
#2908=ORIENTED_EDGE('',*,*,#3736,.T.);
#2909=ORIENTED_EDGE('',*,*,#3726,.F.);
#2910=ORIENTED_EDGE('',*,*,#3778,.F.);
#2911=ORIENTED_EDGE('',*,*,#3779,.T.);
#2912=ORIENTED_EDGE('',*,*,#3767,.F.);
#2913=ORIENTED_EDGE('',*,*,#3765,.F.);
#2914=ORIENTED_EDGE('',*,*,#3732,.T.);
#2915=ORIENTED_EDGE('',*,*,#3729,.F.);
#2916=ORIENTED_EDGE('',*,*,#3722,.T.);
#2917=ORIENTED_EDGE('',*,*,#3776,.T.);
#2918=ORIENTED_EDGE('',*,*,#3770,.T.);
#2919=ORIENTED_EDGE('',*,*,#3773,.T.);
#2920=ORIENTED_EDGE('',*,*,#3775,.T.);
#2921=ORIENTED_EDGE('',*,*,#3780,.T.);
#2922=ORIENTED_EDGE('',*,*,#3778,.T.);
#2923=ORIENTED_EDGE('',*,*,#3725,.T.);
#2924=ORIENTED_EDGE('',*,*,#3755,.T.);
#2925=ORIENTED_EDGE('',*,*,#3660,.T.);
#2926=ORIENTED_EDGE('',*,*,#3688,.T.);
#2927=ORIENTED_EDGE('',*,*,#3777,.F.);
#2928=ORIENTED_EDGE('',*,*,#3763,.T.);
#2929=ORIENTED_EDGE('',*,*,#3758,.F.);
#2930=ORIENTED_EDGE('',*,*,#3768,.T.);
#2931=ORIENTED_EDGE('',*,*,#3779,.F.);
#2932=ORIENTED_EDGE('',*,*,#3780,.F.);
#2933=ORIENTED_EDGE('',*,*,#3774,.T.);
#2934=ORIENTED_EDGE('',*,*,#3737,.T.);
#2935=ORIENTED_EDGE('',*,*,#3754,.F.);
#2936=ORIENTED_EDGE('',*,*,#3781,.T.);
#2937=ORIENTED_EDGE('',*,*,#3753,.F.);
#2938=ORIENTED_EDGE('',*,*,#3782,.T.);
#2939=ORIENTED_EDGE('',*,*,#3752,.F.);
#2940=ORIENTED_EDGE('',*,*,#3783,.F.);
#2941=ORIENTED_EDGE('',*,*,#3784,.F.);
#2942=ORIENTED_EDGE('',*,*,#3783,.T.);
#2943=ORIENTED_EDGE('',*,*,#3009,.T.);
#2944=ORIENTED_EDGE('',*,*,#3784,.T.);
#2945=ORIENTED_EDGE('',*,*,#3785,.T.);
#2946=ORIENTED_EDGE('',*,*,#3782,.F.);
#2947=ORIENTED_EDGE('',*,*,#2978,.T.);
#2948=ORIENTED_EDGE('',*,*,#3785,.F.);
#2949=ORIENTED_EDGE('',*,*,#3786,.T.);
#2950=ORIENTED_EDGE('',*,*,#3781,.F.);
#2951=ORIENTED_EDGE('',*,*,#2977,.T.);
#2952=ORIENTED_EDGE('',*,*,#3786,.F.);
#2953=ORIENTED_EDGE('',*,*,#3787,.T.);
#2954=ORIENTED_EDGE('',*,*,#3788,.F.);
#2955=ORIENTED_EDGE('',*,*,#2976,.T.);
#2956=ORIENTED_EDGE('',*,*,#3787,.F.);
#2957=ORIENTED_EDGE('',*,*,#3789,.T.);
#2958=ORIENTED_EDGE('',*,*,#3788,.T.);
#2959=ORIENTED_EDGE('',*,*,#3789,.F.);
#2960=ORIENTED_EDGE('',*,*,#3790,.T.);
#2961=ORIENTED_EDGE('',*,*,#3791,.F.);
#2962=ORIENTED_EDGE('',*,*,#2975,.T.);
#2963=ORIENTED_EDGE('',*,*,#3790,.F.);
#2964=ORIENTED_EDGE('',*,*,#3792,.T.);
#2965=ORIENTED_EDGE('',*,*,#3791,.T.);
#2966=ORIENTED_EDGE('',*,*,#3792,.F.);
#2967=ORIENTED_EDGE('',*,*,#3793,.F.);
#2968=ORIENTED_EDGE('',*,*,#3794,.T.);
#2969=ORIENTED_EDGE('',*,*,#2974,.T.);
#2970=ORIENTED_EDGE('',*,*,#3793,.T.);
#2971=ORIENTED_EDGE('',*,*,#3795,.T.);
#2972=ORIENTED_EDGE('',*,*,#3794,.F.);
#2973=ORIENTED_EDGE('',*,*,#3795,.F.);
#2974=EDGE_CURVE('',#3796,#3796,#4356,.F.);
#2975=EDGE_CURVE('',#3797,#3797,#4357,.T.);
#2976=EDGE_CURVE('',#3798,#3798,#4358,.T.);
#2977=EDGE_CURVE('',#3799,#3799,#4359,.T.);
#2978=EDGE_CURVE('',#3800,#3800,#4360,.T.);
#2979=EDGE_CURVE('',#3801,#3802,#1192,.F.);
#2980=EDGE_CURVE('',#3803,#3802,#276,.F.);
#2981=EDGE_CURVE('',#3804,#3803,#277,.F.);
#2982=EDGE_CURVE('',#3805,#3804,#124,.F.);
#2983=EDGE_CURVE('',#3806,#3805,#4361,.T.);
#2984=EDGE_CURVE('',#3807,#3806,#278,.T.);
#2985=EDGE_CURVE('',#3808,#3807,#4362,.T.);
#2986=EDGE_CURVE('',#3809,#3808,#279,.T.);
#2987=EDGE_CURVE('',#3810,#3809,#4363,.F.);
#2988=EDGE_CURVE('',#3811,#3810,#280,.F.);
#2989=EDGE_CURVE('',#3811,#3812,#4364,.F.);
#2990=EDGE_CURVE('',#3813,#3812,#281,.T.);
#2991=EDGE_CURVE('',#3814,#3813,#4365,.T.);
#2992=EDGE_CURVE('',#3815,#3814,#282,.F.);
#2993=EDGE_CURVE('',#3816,#3815,#4366,.F.);
#2994=EDGE_CURVE('',#3817,#3816,#283,.F.);
#2995=EDGE_CURVE('',#3818,#3817,#4367,.F.);
#2996=EDGE_CURVE('',#3819,#3818,#125,.T.);
#2997=EDGE_CURVE('',#3820,#3819,#284,.T.);
#2998=EDGE_CURVE('',#3821,#3820,#285,.T.);
#2999=EDGE_CURVE('',#3821,#3822,#1193,.T.);
#3000=EDGE_CURVE('',#3822,#3823,#286,.T.);
#3001=EDGE_CURVE('',#3824,#3823,#4368,.T.);
#3002=EDGE_CURVE('',#3824,#3825,#287,.T.);
#3003=EDGE_CURVE('',#3825,#3826,#4369,.T.);
#3004=EDGE_CURVE('',#3826,#3827,#288,.F.);
#3005=EDGE_CURVE('',#3827,#3828,#4370,.F.);
#3006=EDGE_CURVE('',#3828,#3829,#289,.F.);
#3007=EDGE_CURVE('',#3830,#3829,#4371,.F.);
#3008=EDGE_CURVE('',#3830,#3801,#290,.F.);
#3009=EDGE_CURVE('',#3831,#3831,#4372,.F.);
#3010=EDGE_CURVE('',#3832,#3833,#4373,.T.);
#3011=EDGE_CURVE('',#3828,#3832,#291,.F.);
#3012=EDGE_CURVE('',#3833,#3827,#292,.T.);
#3013=EDGE_CURVE('',#3834,#3832,#293,.T.);
#3014=EDGE_CURVE('',#3834,#3829,#294,.F.);
#3015=EDGE_CURVE('',#3830,#3835,#295,.T.);
#3016=EDGE_CURVE('',#3835,#3834,#4374,.T.);
#3017=EDGE_CURVE('',#3836,#3835,#296,.T.);
#3018=EDGE_CURVE('',#3836,#3801,#297,.F.);
#3019=EDGE_CURVE('',#3833,#3837,#298,.T.);
#3020=EDGE_CURVE('',#3826,#3837,#299,.F.);
#3021=EDGE_CURVE('',#3837,#3838,#4375,.F.);
#3022=EDGE_CURVE('',#3838,#3825,#300,.T.);
#3023=EDGE_CURVE('',#3838,#3839,#301,.F.);
#3024=EDGE_CURVE('',#3824,#3839,#302,.T.);
#3025=EDGE_CURVE('',#3840,#3823,#303,.F.);
#3026=EDGE_CURVE('',#3839,#3840,#4376,.F.);
#3027=EDGE_CURVE('',#3840,#3841,#304,.F.);
#3028=EDGE_CURVE('',#3822,#3841,#305,.T.);
#3029=EDGE_CURVE('',#3842,#3821,#306,.F.);
#3030=EDGE_CURVE('',#3841,#3842,#1194,.F.);
#3031=EDGE_CURVE('',#3843,#3836,#1195,.T.);
#3032=EDGE_CURVE('',#3802,#3843,#307,.T.);
#3033=EDGE_CURVE('',#3844,#3845,#308,.F.);
#3034=EDGE_CURVE('',#3845,#3846,#309,.F.);
#3035=EDGE_CURVE('',#3846,#3847,#310,.F.);
#3036=EDGE_CURVE('',#3847,#3848,#311,.F.);
#3037=EDGE_CURVE('',#3848,#3849,#312,.F.);
#3038=EDGE_CURVE('',#3849,#3850,#313,.F.);
#3039=EDGE_CURVE('',#3850,#3851,#314,.F.);
#3040=EDGE_CURVE('',#3851,#3852,#315,.F.);
#3041=EDGE_CURVE('',#3852,#3853,#316,.F.);
#3042=EDGE_CURVE('',#3853,#3854,#317,.F.);
#3043=EDGE_CURVE('',#3854,#3855,#318,.F.);
#3044=EDGE_CURVE('',#3855,#3844,#319,.F.);
#3045=EDGE_CURVE('',#3856,#3857,#320,.F.);
#3046=EDGE_CURVE('',#3858,#3857,#321,.F.);
#3047=EDGE_CURVE('',#3859,#3858,#322,.F.);
#3048=EDGE_CURVE('',#3859,#3856,#323,.F.);
#3049=EDGE_CURVE('',#3860,#3861,#324,.T.);
#3050=EDGE_CURVE('',#3861,#3862,#325,.T.);
#3051=EDGE_CURVE('',#3862,#3863,#326,.T.);
#3052=EDGE_CURVE('',#3863,#3864,#327,.T.);
#3053=EDGE_CURVE('',#3864,#3865,#328,.T.);
#3054=EDGE_CURVE('',#3865,#3866,#329,.T.);
#3055=EDGE_CURVE('',#3866,#3867,#330,.T.);
#3056=EDGE_CURVE('',#3867,#3868,#331,.T.);
#3057=EDGE_CURVE('',#3868,#3869,#332,.T.);
#3058=EDGE_CURVE('',#3869,#3870,#333,.T.);
#3059=EDGE_CURVE('',#3870,#3871,#334,.T.);
#3060=EDGE_CURVE('',#3871,#3860,#335,.T.);
#3061=EDGE_CURVE('',#3872,#3873,#336,.T.);
#3062=EDGE_CURVE('',#3873,#3874,#337,.T.);
#3063=EDGE_CURVE('',#3875,#3874,#338,.T.);
#3064=EDGE_CURVE('',#3872,#3875,#339,.T.);
#3065=EDGE_CURVE('',#3876,#3876,#1196,.F.);
#3066=EDGE_CURVE('',#3877,#3877,#1197,.F.);
#3067=EDGE_CURVE('',#3878,#3879,#340,.F.);
#3068=EDGE_CURVE('',#3880,#3878,#1198,.T.);
#3069=EDGE_CURVE('',#3879,#3880,#341,.F.);
#3070=EDGE_CURVE('',#3859,#3881,#342,.F.);
#3071=EDGE_CURVE('',#3881,#3882,#1199,.F.);
#3072=EDGE_CURVE('',#3882,#3856,#343,.F.);
#3073=EDGE_CURVE('',#3883,#3884,#344,.F.);
#3074=EDGE_CURVE('',#3857,#3884,#345,.F.);
#3075=EDGE_CURVE('',#3882,#3883,#126,.F.);
#3076=EDGE_CURVE('',#3883,#3885,#127,.F.);
#3077=EDGE_CURVE('',#3885,#3886,#346,.F.);
#3078=EDGE_CURVE('',#3886,#3887,#347,.F.);
#3079=EDGE_CURVE('',#3884,#3887,#348,.F.);
#3080=EDGE_CURVE('',#3888,#3885,#1200,.T.);
#3081=EDGE_CURVE('',#3886,#3888,#349,.F.);
#3082=EDGE_CURVE('',#3889,#3890,#350,.F.);
#3083=EDGE_CURVE('',#3889,#3891,#351,.F.);
#3084=EDGE_CURVE('',#3892,#3891,#352,.F.);
#3085=EDGE_CURVE('',#3890,#3892,#353,.F.);
#3086=EDGE_CURVE('',#3893,#3894,#354,.T.);
#3087=EDGE_CURVE('',#3895,#3893,#355,.T.);
#3088=EDGE_CURVE('',#3896,#3895,#356,.T.);
#3089=EDGE_CURVE('',#3896,#3894,#357,.T.);
#3090=EDGE_CURVE('',#3897,#3898,#358,.T.);
#3091=EDGE_CURVE('',#3898,#3899,#128,.T.);
#3092=EDGE_CURVE('',#3873,#3899,#359,.T.);
#3093=EDGE_CURVE('',#3897,#3872,#360,.T.);
#3094=EDGE_CURVE('',#3899,#3900,#1201,.T.);
#3095=EDGE_CURVE('',#3900,#3874,#361,.T.);
#3096=EDGE_CURVE('',#3901,#3902,#362,.T.);
#3097=EDGE_CURVE('',#3903,#3901,#363,.T.);
#3098=EDGE_CURVE('',#3902,#3903,#1202,.F.);
#3099=EDGE_CURVE('',#3902,#3898,#129,.T.);
#3100=EDGE_CURVE('',#3904,#3897,#364,.T.);
#3101=EDGE_CURVE('',#3904,#3901,#365,.T.);
#3102=EDGE_CURVE('',#3905,#3906,#366,.T.);
#3103=EDGE_CURVE('',#3907,#3905,#367,.T.);
#3104=EDGE_CURVE('',#3906,#3907,#1203,.F.);
#3105=EDGE_CURVE('',#3908,#3908,#1204,.T.);
#3106=EDGE_CURVE('',#3909,#3909,#1205,.T.);
#3107=EDGE_CURVE('',#3910,#3846,#368,.F.);
#3108=EDGE_CURVE('',#3911,#3845,#369,.F.);
#3109=EDGE_CURVE('',#3911,#3910,#370,.F.);
#3110=EDGE_CURVE('',#3912,#3847,#371,.F.);
#3111=EDGE_CURVE('',#3910,#3912,#372,.F.);
#3112=EDGE_CURVE('',#3913,#3848,#373,.F.);
#3113=EDGE_CURVE('',#3912,#3913,#374,.F.);
#3114=EDGE_CURVE('',#3914,#3849,#375,.F.);
#3115=EDGE_CURVE('',#3913,#3914,#376,.F.);
#3116=EDGE_CURVE('',#3915,#3850,#377,.F.);
#3117=EDGE_CURVE('',#3914,#3915,#378,.F.);
#3118=EDGE_CURVE('',#3916,#3851,#379,.F.);
#3119=EDGE_CURVE('',#3915,#3916,#380,.F.);
#3120=EDGE_CURVE('',#3917,#3852,#381,.F.);
#3121=EDGE_CURVE('',#3916,#3917,#382,.F.);
#3122=EDGE_CURVE('',#3918,#3853,#383,.F.);
#3123=EDGE_CURVE('',#3917,#3918,#384,.F.);
#3124=EDGE_CURVE('',#3919,#3854,#385,.F.);
#3125=EDGE_CURVE('',#3918,#3919,#386,.F.);
#3126=EDGE_CURVE('',#3920,#3855,#387,.F.);
#3127=EDGE_CURVE('',#3919,#3920,#388,.F.);
#3128=EDGE_CURVE('',#3921,#3844,#389,.F.);
#3129=EDGE_CURVE('',#3920,#3921,#390,.F.);
#3130=EDGE_CURVE('',#3921,#3911,#391,.F.);
#3131=EDGE_CURVE('',#3922,#3923,#392,.F.);
#3132=EDGE_CURVE('',#3923,#3858,#393,.F.);
#3133=EDGE_CURVE('',#3887,#3892,#394,.F.);
#3134=EDGE_CURVE('',#3891,#3922,#395,.F.);
#3135=EDGE_CURVE('',#3924,#3925,#396,.F.);
#3136=EDGE_CURVE('',#3879,#3924,#397,.F.);
#3137=EDGE_CURVE('',#3880,#3881,#130,.F.);
#3138=EDGE_CURVE('',#3925,#3923,#398,.F.);
#3139=EDGE_CURVE('',#3861,#3926,#399,.T.);
#3140=EDGE_CURVE('',#3926,#3927,#400,.T.);
#3141=EDGE_CURVE('',#3862,#3927,#401,.T.);
#3142=EDGE_CURVE('',#3927,#3928,#402,.T.);
#3143=EDGE_CURVE('',#3863,#3928,#403,.T.);
#3144=EDGE_CURVE('',#3928,#3929,#404,.T.);
#3145=EDGE_CURVE('',#3864,#3929,#405,.T.);
#3146=EDGE_CURVE('',#3929,#3930,#406,.T.);
#3147=EDGE_CURVE('',#3865,#3930,#407,.T.);
#3148=EDGE_CURVE('',#3930,#3931,#408,.T.);
#3149=EDGE_CURVE('',#3866,#3931,#409,.T.);
#3150=EDGE_CURVE('',#3931,#3932,#410,.T.);
#3151=EDGE_CURVE('',#3867,#3932,#411,.T.);
#3152=EDGE_CURVE('',#3932,#3933,#412,.T.);
#3153=EDGE_CURVE('',#3868,#3933,#413,.T.);
#3154=EDGE_CURVE('',#3933,#3934,#414,.T.);
#3155=EDGE_CURVE('',#3869,#3934,#415,.T.);
#3156=EDGE_CURVE('',#3934,#3935,#416,.T.);
#3157=EDGE_CURVE('',#3870,#3935,#417,.T.);
#3158=EDGE_CURVE('',#3935,#3936,#418,.T.);
#3159=EDGE_CURVE('',#3871,#3936,#419,.T.);
#3160=EDGE_CURVE('',#3936,#3937,#420,.T.);
#3161=EDGE_CURVE('',#3860,#3937,#421,.T.);
#3162=EDGE_CURVE('',#3937,#3926,#422,.T.);
#3163=EDGE_CURVE('',#3938,#3939,#423,.T.);
#3164=EDGE_CURVE('',#3939,#3896,#424,.T.);
#3165=EDGE_CURVE('',#3895,#3904,#425,.T.);
#3166=EDGE_CURVE('',#3875,#3938,#426,.T.);
#3167=EDGE_CURVE('',#3940,#3941,#427,.T.);
#3168=EDGE_CURVE('',#3938,#3940,#428,.T.);
#3169=EDGE_CURVE('',#3900,#3907,#131,.T.);
#3170=EDGE_CURVE('',#3941,#3905,#429,.T.);
#3171=EDGE_CURVE('',#3942,#3942,#4377,.T.);
#3172=EDGE_CURVE('',#3943,#3943,#4378,.T.);
#3173=EDGE_CURVE('',#3944,#3925,#430,.F.);
#3174=EDGE_CURVE('',#3944,#3945,#431,.F.);
#3175=EDGE_CURVE('',#3945,#3946,#432,.F.);
#3176=EDGE_CURVE('',#3947,#3946,#1206,.T.);
#3177=EDGE_CURVE('',#3947,#3948,#433,.T.);
#3178=EDGE_CURVE('',#3948,#3924,#434,.F.);
#3179=EDGE_CURVE('',#3949,#3878,#132,.F.);
#3180=EDGE_CURVE('',#3948,#3949,#435,.T.);
#3181=EDGE_CURVE('',#3950,#3949,#133,.F.);
#3182=EDGE_CURVE('',#3950,#3951,#134,.F.);
#3183=EDGE_CURVE('',#3952,#3951,#135,.F.);
#3184=EDGE_CURVE('',#3888,#3952,#136,.F.);
#3185=EDGE_CURVE('',#3952,#3953,#436,.T.);
#3186=EDGE_CURVE('',#3890,#3953,#437,.F.);
#3187=EDGE_CURVE('',#3954,#3953,#438,.T.);
#3188=EDGE_CURVE('',#3954,#3889,#439,.F.);
#3189=EDGE_CURVE('',#3954,#3955,#440,.T.);
#3190=EDGE_CURVE('',#3955,#3956,#137,.F.);
#3191=EDGE_CURVE('',#3956,#3957,#441,.F.);
#3192=EDGE_CURVE('',#3957,#3958,#442,.F.);
#3193=EDGE_CURVE('',#3959,#3958,#443,.F.);
#3194=EDGE_CURVE('',#3959,#3922,#444,.F.);
#3195=EDGE_CURVE('',#3960,#3955,#138,.F.);
#3196=EDGE_CURVE('',#3960,#3961,#139,.F.);
#3197=EDGE_CURVE('',#3961,#3956,#1207,.T.);
#3198=EDGE_CURVE('',#3957,#3962,#445,.F.);
#3199=EDGE_CURVE('',#3961,#3963,#1208,.T.);
#3200=EDGE_CURVE('',#3962,#3963,#446,.T.);
#3201=EDGE_CURVE('',#3958,#3964,#447,.F.);
#3202=EDGE_CURVE('',#3962,#3964,#448,.T.);
#3203=EDGE_CURVE('',#3965,#3964,#449,.T.);
#3204=EDGE_CURVE('',#3965,#3966,#1209,.T.);
#3205=EDGE_CURVE('',#3966,#3967,#450,.F.);
#3206=EDGE_CURVE('',#3967,#3968,#451,.F.);
#3207=EDGE_CURVE('',#3968,#3959,#452,.F.);
#3208=EDGE_CURVE('',#3969,#3893,#453,.T.);
#3209=EDGE_CURVE('',#3894,#3970,#454,.T.);
#3210=EDGE_CURVE('',#3969,#3970,#455,.F.);
#3211=EDGE_CURVE('',#3969,#3971,#456,.F.);
#3212=EDGE_CURVE('',#3971,#3903,#140,.T.);
#3213=EDGE_CURVE('',#3972,#3973,#141,.T.);
#3214=EDGE_CURVE('',#3972,#3974,#1210,.F.);
#3215=EDGE_CURVE('',#3974,#3975,#142,.T.);
#3216=EDGE_CURVE('',#3973,#3975,#143,.T.);
#3217=EDGE_CURVE('',#3939,#3976,#457,.T.);
#3218=EDGE_CURVE('',#3977,#3976,#458,.T.);
#3219=EDGE_CURVE('',#3977,#3978,#459,.T.);
#3220=EDGE_CURVE('',#3978,#3972,#460,.T.);
#3221=EDGE_CURVE('',#3973,#3970,#461,.F.);
#3222=EDGE_CURVE('',#3979,#3971,#144,.T.);
#3223=EDGE_CURVE('',#3979,#3980,#145,.T.);
#3224=EDGE_CURVE('',#3981,#3980,#146,.T.);
#3225=EDGE_CURVE('',#3906,#3981,#147,.T.);
#3226=EDGE_CURVE('',#3981,#3982,#462,.F.);
#3227=EDGE_CURVE('',#3941,#3982,#463,.T.);
#3228=EDGE_CURVE('',#3940,#3983,#464,.T.);
#3229=EDGE_CURVE('',#3982,#3984,#465,.F.);
#3230=EDGE_CURVE('',#3985,#3984,#1211,.F.);
#3231=EDGE_CURVE('',#3985,#3986,#466,.T.);
#3232=EDGE_CURVE('',#3986,#3983,#467,.T.);
#3233=EDGE_CURVE('',#3987,#3978,#468,.T.);
#3234=EDGE_CURVE('',#3988,#3987,#469,.F.);
#3235=EDGE_CURVE('',#3988,#3974,#1212,.F.);
#3236=EDGE_CURVE('',#3976,#3989,#470,.T.);
#3237=EDGE_CURVE('',#3989,#3990,#471,.T.);
#3238=EDGE_CURVE('',#3990,#3991,#472,.T.);
#3239=EDGE_CURVE('',#3991,#3992,#1213,.F.);
#3240=EDGE_CURVE('',#3993,#3992,#473,.F.);
#3241=EDGE_CURVE('',#3993,#3977,#474,.T.);
#3242=EDGE_CURVE('',#3993,#3987,#475,.F.);
#3243=EDGE_CURVE('',#3994,#3994,#4379,.F.);
#3244=EDGE_CURVE('',#3995,#3995,#4380,.F.);
#3245=EDGE_CURVE('',#3996,#3997,#148,.F.);
#3246=EDGE_CURVE('',#3996,#3998,#1214,.T.);
#3247=EDGE_CURVE('',#3997,#3998,#149,.F.);
#3248=EDGE_CURVE('',#3997,#3944,#476,.F.);
#3249=EDGE_CURVE('',#3998,#3999,#477,.F.);
#3250=EDGE_CURVE('',#3999,#3945,#478,.F.);
#3251=EDGE_CURVE('',#3946,#4000,#1215,.T.);
#3252=EDGE_CURVE('',#3999,#4001,#479,.F.);
#3253=EDGE_CURVE('',#4001,#4000,#150,.F.);
#3254=EDGE_CURVE('',#4001,#4002,#1216,.T.);
#3255=EDGE_CURVE('',#4003,#4002,#151,.F.);
#3256=EDGE_CURVE('',#4003,#4004,#152,.F.);
#3257=EDGE_CURVE('',#4005,#4004,#153,.F.);
#3258=EDGE_CURVE('',#4005,#4000,#154,.F.);
#3259=EDGE_CURVE('',#4006,#4007,#155,.F.);
#3260=EDGE_CURVE('',#4006,#4008,#156,.T.);
#3261=EDGE_CURVE('',#4007,#4008,#1217,.F.);
#3262=EDGE_CURVE('',#4009,#3966,#1218,.T.);
#3263=EDGE_CURVE('',#4009,#4010,#480,.F.);
#3264=EDGE_CURVE('',#4010,#3967,#481,.F.);
#3265=EDGE_CURVE('',#3968,#4011,#482,.F.);
#3266=EDGE_CURVE('',#4010,#4011,#483,.F.);
#3267=EDGE_CURVE('',#4011,#3996,#484,.F.);
#3268=EDGE_CURVE('',#4012,#4013,#485,.T.);
#3269=EDGE_CURVE('',#4014,#4013,#486,.F.);
#3270=EDGE_CURVE('',#4015,#4014,#487,.T.);
#3271=EDGE_CURVE('',#4015,#4012,#488,.F.);
#3272=EDGE_CURVE('',#4016,#4014,#1219,.T.);
#3273=EDGE_CURVE('',#4017,#4016,#489,.T.);
#3274=EDGE_CURVE('',#4017,#4015,#1220,.T.);
#3275=EDGE_CURVE('',#4018,#4016,#490,.F.);
#3276=EDGE_CURVE('',#4019,#4018,#491,.T.);
#3277=EDGE_CURVE('',#4019,#4017,#492,.F.);
#3278=EDGE_CURVE('',#4020,#4018,#1221,.T.);
#3279=EDGE_CURVE('',#4021,#4020,#493,.T.);
#3280=EDGE_CURVE('',#4021,#4019,#1222,.T.);
#3281=EDGE_CURVE('',#4022,#4020,#494,.F.);
#3282=EDGE_CURVE('',#4023,#4022,#495,.T.);
#3283=EDGE_CURVE('',#4023,#4021,#496,.F.);
#3284=EDGE_CURVE('',#4024,#4022,#1223,.T.);
#3285=EDGE_CURVE('',#4025,#4024,#497,.T.);
#3286=EDGE_CURVE('',#4025,#4023,#1224,.T.);
#3287=EDGE_CURVE('',#4026,#4024,#498,.F.);
#3288=EDGE_CURVE('',#4027,#4026,#499,.T.);
#3289=EDGE_CURVE('',#4027,#4025,#500,.F.);
#3290=EDGE_CURVE('',#4013,#4026,#1225,.T.);
#3291=EDGE_CURVE('',#4012,#4027,#1226,.T.);
#3292=EDGE_CURVE('',#4028,#3989,#501,.T.);
#3293=EDGE_CURVE('',#4028,#4029,#502,.T.);
#3294=EDGE_CURVE('',#3990,#4029,#503,.T.);
#3295=EDGE_CURVE('',#3991,#4030,#1227,.F.);
#3296=EDGE_CURVE('',#4029,#4030,#504,.T.);
#3297=EDGE_CURVE('',#4031,#4032,#157,.T.);
#3298=EDGE_CURVE('',#4033,#4031,#1228,.T.);
#3299=EDGE_CURVE('',#4033,#4032,#158,.F.);
#3300=EDGE_CURVE('',#4034,#4035,#159,.T.);
#3301=EDGE_CURVE('',#4034,#4036,#160,.T.);
#3302=EDGE_CURVE('',#4037,#4036,#161,.T.);
#3303=EDGE_CURVE('',#4037,#4038,#162,.T.);
#3304=EDGE_CURVE('',#4039,#4038,#163,.T.);
#3305=EDGE_CURVE('',#4039,#4035,#1229,.F.);
#3306=EDGE_CURVE('',#4034,#3985,#1230,.F.);
#3307=EDGE_CURVE('',#4035,#4040,#505,.T.);
#3308=EDGE_CURVE('',#3986,#4040,#506,.T.);
#3309=EDGE_CURVE('',#3983,#4041,#507,.T.);
#3310=EDGE_CURVE('',#4040,#4042,#508,.T.);
#3311=EDGE_CURVE('',#4042,#4041,#164,.T.);
#3312=EDGE_CURVE('',#4041,#4043,#165,.T.);
#3313=EDGE_CURVE('',#4042,#4043,#1231,.F.);
#3314=EDGE_CURVE('',#4043,#4028,#509,.T.);
#3315=EDGE_CURVE('',#4044,#4045,#510,.F.);
#3316=EDGE_CURVE('',#4045,#4046,#1232,.F.);
#3317=EDGE_CURVE('',#4047,#4046,#511,.F.);
#3318=EDGE_CURVE('',#4044,#4047,#1233,.F.);
#3319=EDGE_CURVE('',#4046,#4048,#512,.T.);
#3320=EDGE_CURVE('',#4049,#4048,#513,.F.);
#3321=EDGE_CURVE('',#4047,#4049,#514,.T.);
#3322=EDGE_CURVE('',#4048,#4050,#1234,.F.);
#3323=EDGE_CURVE('',#4051,#4050,#515,.F.);
#3324=EDGE_CURVE('',#4049,#4051,#1235,.F.);
#3325=EDGE_CURVE('',#4050,#4052,#516,.T.);
#3326=EDGE_CURVE('',#4053,#4052,#517,.F.);
#3327=EDGE_CURVE('',#4051,#4053,#518,.T.);
#3328=EDGE_CURVE('',#4052,#4054,#1236,.F.);
#3329=EDGE_CURVE('',#4055,#4054,#519,.F.);
#3330=EDGE_CURVE('',#4053,#4055,#1237,.F.);
#3331=EDGE_CURVE('',#4054,#4056,#520,.T.);
#3332=EDGE_CURVE('',#4057,#4056,#521,.F.);
#3333=EDGE_CURVE('',#4055,#4057,#522,.T.);
#3334=EDGE_CURVE('',#4056,#4058,#1238,.F.);
#3335=EDGE_CURVE('',#4059,#4058,#523,.F.);
#3336=EDGE_CURVE('',#4057,#4059,#1239,.F.);
#3337=EDGE_CURVE('',#4058,#4045,#524,.T.);
#3338=EDGE_CURVE('',#4059,#4044,#525,.T.);
#3339=EDGE_CURVE('',#4060,#4060,#4381,.T.);
#3340=EDGE_CURVE('',#4061,#4062,#4382,.T.);
#3341=EDGE_CURVE('',#4061,#4063,#166,.F.);
#3342=EDGE_CURVE('',#4063,#4064,#526,.F.);
#3343=EDGE_CURVE('',#4064,#4065,#1240,.T.);
#3344=EDGE_CURVE('',#4066,#4065,#527,.T.);
#3345=EDGE_CURVE('',#4066,#4067,#1241,.T.);
#3346=EDGE_CURVE('',#4067,#4068,#167,.F.);
#3347=EDGE_CURVE('',#4068,#4069,#528,.F.);
#3348=EDGE_CURVE('',#4069,#4062,#168,.F.);
#3349=EDGE_CURVE('',#4070,#4069,#169,.F.);
#3350=EDGE_CURVE('',#4071,#4070,#170,.F.);
#3351=EDGE_CURVE('',#4062,#4071,#171,.F.);
#3352=EDGE_CURVE('',#4072,#4071,#1242,.F.);
#3353=EDGE_CURVE('',#4072,#4061,#172,.F.);
#3354=EDGE_CURVE('',#4073,#4072,#173,.F.);
#3355=EDGE_CURVE('',#4063,#4073,#174,.F.);
#3356=EDGE_CURVE('',#4074,#4073,#529,.F.);
#3357=EDGE_CURVE('',#4074,#4064,#530,.F.);
#3358=EDGE_CURVE('',#4075,#4074,#1243,.T.);
#3359=EDGE_CURVE('',#4065,#4075,#531,.F.);
#3360=EDGE_CURVE('',#4068,#4076,#1244,.T.);
#3361=EDGE_CURVE('',#4070,#4076,#532,.F.);
#3362=EDGE_CURVE('',#4077,#4078,#533,.T.);
#3363=EDGE_CURVE('',#4077,#4079,#534,.F.);
#3364=EDGE_CURVE('',#4079,#4080,#535,.T.);
#3365=EDGE_CURVE('',#4080,#4078,#175,.F.);
#3366=EDGE_CURVE('',#4081,#4077,#1245,.T.);
#3367=EDGE_CURVE('',#4082,#4081,#536,.T.);
#3368=EDGE_CURVE('',#4079,#4082,#1246,.T.);
#3369=EDGE_CURVE('',#4075,#4082,#537,.T.);
#3370=EDGE_CURVE('',#4083,#4081,#538,.T.);
#3371=EDGE_CURVE('',#4083,#4066,#539,.F.);
#3372=EDGE_CURVE('',#4084,#4006,#540,.T.);
#3373=EDGE_CURVE('',#4007,#4085,#541,.T.);
#3374=EDGE_CURVE('',#4085,#4086,#542,.T.);
#3375=EDGE_CURVE('',#4087,#4086,#543,.T.);
#3376=EDGE_CURVE('',#4087,#4084,#544,.F.);
#3377=EDGE_CURVE('',#4088,#4087,#1247,.F.);
#3378=EDGE_CURVE('',#4089,#4088,#545,.T.);
#3379=EDGE_CURVE('',#4084,#4089,#1248,.F.);
#3380=EDGE_CURVE('',#4090,#4088,#546,.T.);
#3381=EDGE_CURVE('',#4090,#4003,#547,.F.);
#3382=EDGE_CURVE('',#4002,#4089,#548,.T.);
#3383=EDGE_CURVE('',#4091,#4090,#1249,.T.);
#3384=EDGE_CURVE('',#4004,#4091,#549,.T.);
#3385=EDGE_CURVE('',#4092,#4091,#550,.T.);
#3386=EDGE_CURVE('',#4092,#4005,#551,.F.);
#3387=EDGE_CURVE('',#4093,#4092,#1250,.F.);
#3388=EDGE_CURVE('',#3947,#4093,#552,.T.);
#3389=EDGE_CURVE('',#4094,#4093,#553,.T.);
#3390=EDGE_CURVE('',#4094,#3950,#554,.F.);
#3391=EDGE_CURVE('',#4095,#4094,#1251,.T.);
#3392=EDGE_CURVE('',#3951,#4095,#555,.T.);
#3393=EDGE_CURVE('',#4096,#4095,#556,.T.);
#3394=EDGE_CURVE('',#4096,#3960,#557,.F.);
#3395=EDGE_CURVE('',#4097,#4096,#1252,.T.);
#3396=EDGE_CURVE('',#3963,#4097,#558,.T.);
#3397=EDGE_CURVE('',#4098,#4097,#559,.T.);
#3398=EDGE_CURVE('',#4098,#3965,#560,.F.);
#3399=EDGE_CURVE('',#4099,#4098,#1253,.F.);
#3400=EDGE_CURVE('',#4100,#4099,#561,.T.);
#3401=EDGE_CURVE('',#4009,#4100,#1254,.F.);
#3402=EDGE_CURVE('',#4101,#4102,#1255,.F.);
#3403=EDGE_CURVE('',#3975,#4101,#562,.T.);
#3404=EDGE_CURVE('',#4102,#3988,#563,.F.);
#3405=EDGE_CURVE('',#4103,#4101,#564,.F.);
#3406=EDGE_CURVE('',#4103,#3979,#565,.F.);
#3407=EDGE_CURVE('',#4104,#4103,#1256,.F.);
#3408=EDGE_CURVE('',#3980,#4104,#566,.T.);
#3409=EDGE_CURVE('',#4105,#4104,#567,.F.);
#3410=EDGE_CURVE('',#4105,#3984,#568,.F.);
#3411=EDGE_CURVE('',#4106,#4105,#1257,.T.);
#3412=EDGE_CURVE('',#4036,#4106,#569,.T.);
#3413=EDGE_CURVE('',#4107,#4106,#570,.F.);
#3414=EDGE_CURVE('',#4107,#4037,#571,.F.);
#3415=EDGE_CURVE('',#4108,#4107,#1258,.F.);
#3416=EDGE_CURVE('',#4038,#4108,#572,.T.);
#3417=EDGE_CURVE('',#4109,#4108,#573,.F.);
#3418=EDGE_CURVE('',#4109,#4110,#574,.F.);
#3419=EDGE_CURVE('',#4110,#4039,#575,.F.);
#3420=EDGE_CURVE('',#4111,#4109,#1259,.T.);
#3421=EDGE_CURVE('',#4112,#4111,#576,.T.);
#3422=EDGE_CURVE('',#4110,#4112,#1260,.T.);
#3423=EDGE_CURVE('',#4032,#4112,#577,.F.);
#3424=EDGE_CURVE('',#4113,#4111,#578,.F.);
#3425=EDGE_CURVE('',#4113,#4114,#579,.F.);
#3426=EDGE_CURVE('',#4114,#4031,#580,.F.);
#3427=EDGE_CURVE('',#4115,#4030,#1261,.T.);
#3428=EDGE_CURVE('',#4116,#4115,#581,.F.);
#3429=EDGE_CURVE('',#4117,#4116,#1262,.T.);
#3430=EDGE_CURVE('',#3992,#4117,#582,.T.);
#3431=EDGE_CURVE('',#4102,#4117,#583,.F.);
#3432=EDGE_CURVE('',#4118,#4119,#584,.F.);
#3433=EDGE_CURVE('',#4118,#4120,#176,.T.);
#3434=EDGE_CURVE('',#4120,#4121,#585,.F.);
#3435=EDGE_CURVE('',#4121,#4119,#586,.T.);
#3436=EDGE_CURVE('',#4119,#4122,#1263,.F.);
#3437=EDGE_CURVE('',#4123,#4121,#1264,.F.);
#3438=EDGE_CURVE('',#4122,#4123,#587,.F.);
#3439=EDGE_CURVE('',#4124,#4125,#1265,.F.);
#3440=EDGE_CURVE('',#4126,#4124,#588,.T.);
#3441=EDGE_CURVE('',#4127,#4126,#1266,.F.);
#3442=EDGE_CURVE('',#4125,#4127,#589,.T.);
#3443=EDGE_CURVE('',#4126,#4128,#590,.T.);
#3444=EDGE_CURVE('',#4129,#4124,#591,.T.);
#3445=EDGE_CURVE('',#4129,#4128,#177,.T.);
#3446=EDGE_CURVE('',#4130,#4129,#178,.T.);
#3447=EDGE_CURVE('',#4131,#4130,#179,.T.);
#3448=EDGE_CURVE('',#4128,#4131,#180,.T.);
#3449=EDGE_CURVE('',#4132,#4130,#1267,.T.);
#3450=EDGE_CURVE('',#4132,#4133,#181,.T.);
#3451=EDGE_CURVE('',#4133,#4131,#4383,.F.);
#3452=EDGE_CURVE('',#4133,#4134,#182,.T.);
#3453=EDGE_CURVE('',#4135,#4132,#183,.T.);
#3454=EDGE_CURVE('',#4134,#4135,#184,.T.);
#3455=EDGE_CURVE('',#4134,#4136,#592,.T.);
#3456=EDGE_CURVE('',#4137,#4135,#593,.T.);
#3457=EDGE_CURVE('',#4137,#4136,#1268,.F.);
#3458=EDGE_CURVE('',#4123,#4125,#594,.F.);
#3459=EDGE_CURVE('',#4127,#4138,#595,.F.);
#3460=EDGE_CURVE('',#4138,#4139,#596,.T.);
#3461=EDGE_CURVE('',#4122,#4139,#597,.F.);
#3462=EDGE_CURVE('',#4136,#4140,#185,.T.);
#3463=EDGE_CURVE('',#4140,#4138,#1269,.F.);
#3464=EDGE_CURVE('',#4141,#4141,#4384,.F.);
#3465=EDGE_CURVE('',#4142,#4113,#1270,.F.);
#3466=EDGE_CURVE('',#4143,#4142,#598,.T.);
#3467=EDGE_CURVE('',#4114,#4143,#1271,.F.);
#3468=EDGE_CURVE('',#4144,#4143,#599,.F.);
#3469=EDGE_CURVE('',#4144,#4033,#600,.F.);
#3470=EDGE_CURVE('',#4008,#4145,#601,.T.);
#3471=EDGE_CURVE('',#4146,#4145,#602,.T.);
#3472=EDGE_CURVE('',#4146,#4085,#1272,.T.);
#3473=EDGE_CURVE('',#4086,#4147,#1273,.T.);
#3474=EDGE_CURVE('',#4147,#4146,#603,.F.);
#3475=EDGE_CURVE('',#4148,#4100,#604,.T.);
#3476=EDGE_CURVE('',#4149,#4148,#1274,.F.);
#3477=EDGE_CURVE('',#4149,#4150,#186,.F.);
#3478=EDGE_CURVE('',#4145,#4150,#605,.T.);
#3479=EDGE_CURVE('',#4151,#4152,#187,.F.);
#3480=EDGE_CURVE('',#4153,#4151,#606,.F.);
#3481=EDGE_CURVE('',#4154,#4153,#1275,.T.);
#3482=EDGE_CURVE('',#4155,#4154,#607,.F.);
#3483=EDGE_CURVE('',#4152,#4155,#1276,.F.);
#3484=EDGE_CURVE('',#4156,#4157,#188,.T.);
#3485=EDGE_CURVE('',#4158,#4156,#1277,.T.);
#3486=EDGE_CURVE('',#4159,#4158,#608,.T.);
#3487=EDGE_CURVE('',#4160,#4159,#1278,.F.);
#3488=EDGE_CURVE('',#4157,#4160,#609,.T.);
#3489=EDGE_CURVE('',#4161,#4144,#610,.F.);
#3490=EDGE_CURVE('',#4161,#4162,#189,.T.);
#3491=EDGE_CURVE('',#4163,#4162,#1279,.T.);
#3492=EDGE_CURVE('',#4115,#4163,#611,.F.);
#3493=EDGE_CURVE('',#4164,#4165,#190,.F.);
#3494=EDGE_CURVE('',#4166,#4164,#191,.F.);
#3495=EDGE_CURVE('',#4167,#4166,#192,.F.);
#3496=EDGE_CURVE('',#4165,#4167,#193,.F.);
#3497=EDGE_CURVE('',#4165,#4168,#612,.T.);
#3498=EDGE_CURVE('',#4167,#4169,#613,.T.);
#3499=EDGE_CURVE('',#4169,#4168,#614,.T.);
#3500=EDGE_CURVE('',#4168,#4170,#1280,.F.);
#3501=EDGE_CURVE('',#4171,#4169,#1281,.F.);
#3502=EDGE_CURVE('',#4170,#4171,#615,.F.);
#3503=EDGE_CURVE('',#4172,#4172,#1282,.F.);
#3504=EDGE_CURVE('',#4173,#4174,#194,.F.);
#3505=EDGE_CURVE('',#4076,#4173,#195,.F.);
#3506=EDGE_CURVE('',#4174,#4067,#1283,.T.);
#3507=EDGE_CURVE('',#4171,#4175,#616,.T.);
#3508=EDGE_CURVE('',#4175,#4176,#196,.F.);
#3509=EDGE_CURVE('',#4176,#4177,#197,.F.);
#3510=EDGE_CURVE('',#4177,#4178,#617,.T.);
#3511=EDGE_CURVE('',#4170,#4178,#618,.T.);
#3512=EDGE_CURVE('',#4178,#4179,#1284,.T.);
#3513=EDGE_CURVE('',#4180,#4177,#198,.F.);
#3514=EDGE_CURVE('',#4179,#4180,#619,.F.);
#3515=EDGE_CURVE('',#4179,#4181,#620,.T.);
#3516=EDGE_CURVE('',#4180,#4182,#199,.F.);
#3517=EDGE_CURVE('',#4182,#4181,#621,.T.);
#3518=EDGE_CURVE('',#4181,#4183,#1285,.F.);
#3519=EDGE_CURVE('',#4184,#4182,#200,.F.);
#3520=EDGE_CURVE('',#4183,#4184,#622,.F.);
#3521=EDGE_CURVE('',#4184,#4185,#201,.F.);
#3522=EDGE_CURVE('',#4185,#4186,#623,.T.);
#3523=EDGE_CURVE('',#4183,#4186,#624,.T.);
#3524=EDGE_CURVE('',#4186,#4187,#1286,.T.);
#3525=EDGE_CURVE('',#4188,#4185,#202,.F.);
#3526=EDGE_CURVE('',#4187,#4188,#625,.F.);
#3527=EDGE_CURVE('',#4187,#4189,#626,.T.);
#3528=EDGE_CURVE('',#4188,#4190,#203,.F.);
#3529=EDGE_CURVE('',#4190,#4189,#627,.T.);
#3530=EDGE_CURVE('',#4189,#4191,#1287,.F.);
#3531=EDGE_CURVE('',#4192,#4190,#204,.F.);
#3532=EDGE_CURVE('',#4191,#4192,#628,.F.);
#3533=EDGE_CURVE('',#4191,#4193,#629,.T.);
#3534=EDGE_CURVE('',#4192,#4194,#205,.F.);
#3535=EDGE_CURVE('',#4194,#4193,#630,.T.);
#3536=EDGE_CURVE('',#4193,#4083,#1288,.F.);
#3537=EDGE_CURVE('',#4174,#4194,#206,.F.);
#3538=EDGE_CURVE('',#4195,#4196,#631,.T.);
#3539=EDGE_CURVE('',#4197,#4196,#207,.F.);
#3540=EDGE_CURVE('',#4198,#4197,#1289,.T.);
#3541=EDGE_CURVE('',#4198,#4195,#1290,.T.);
#3542=EDGE_CURVE('',#4198,#4199,#632,.F.);
#3543=EDGE_CURVE('',#4199,#4200,#1291,.T.);
#3544=EDGE_CURVE('',#4201,#4200,#633,.T.);
#3545=EDGE_CURVE('',#4202,#4201,#1292,.F.);
#3546=EDGE_CURVE('',#4195,#4202,#634,.T.);
#3547=EDGE_CURVE('',#4203,#4200,#208,.T.);
#3548=EDGE_CURVE('',#4203,#4204,#635,.T.);
#3549=EDGE_CURVE('',#4201,#4204,#209,.T.);
#3550=EDGE_CURVE('',#4204,#4173,#1293,.T.);
#3551=EDGE_CURVE('',#4205,#4203,#1294,.F.);
#3552=EDGE_CURVE('',#4205,#4080,#210,.F.);
#3553=EDGE_CURVE('',#4206,#4205,#211,.F.);
#3554=EDGE_CURVE('',#4078,#4206,#212,.F.);
#3555=EDGE_CURVE('',#4147,#4207,#636,.T.);
#3556=EDGE_CURVE('',#4207,#4164,#4385,.F.);
#3557=EDGE_CURVE('',#4206,#4208,#4386,.F.);
#3558=EDGE_CURVE('',#4208,#4099,#637,.T.);
#3559=EDGE_CURVE('',#4209,#4208,#213,.T.);
#3560=EDGE_CURVE('',#4209,#4210,#638,.T.);
#3561=EDGE_CURVE('',#4210,#4148,#214,.F.);
#3562=EDGE_CURVE('',#4211,#4212,#639,.F.);
#3563=EDGE_CURVE('',#4210,#4211,#4387,.T.);
#3564=EDGE_CURVE('',#4209,#4212,#4388,.T.);
#3565=EDGE_CURVE('',#4116,#4213,#640,.F.);
#3566=EDGE_CURVE('',#4163,#4211,#215,.T.);
#3567=EDGE_CURVE('',#4213,#4212,#216,.F.);
#3568=EDGE_CURVE('',#4213,#4214,#4389,.T.);
#3569=EDGE_CURVE('',#4214,#4118,#217,.T.);
#3570=EDGE_CURVE('',#4139,#4215,#1295,.T.);
#3571=EDGE_CURVE('',#4215,#4216,#641,.F.);
#3572=EDGE_CURVE('',#4216,#4217,#1296,.T.);
#3573=EDGE_CURVE('',#4217,#4218,#642,.F.);
#3574=EDGE_CURVE('',#4218,#4219,#1297,.F.);
#3575=EDGE_CURVE('',#4219,#4220,#643,.F.);
#3576=EDGE_CURVE('',#4220,#4221,#1298,.T.);
#3577=EDGE_CURVE('',#4221,#4222,#644,.F.);
#3578=EDGE_CURVE('',#4222,#4223,#1299,.F.);
#3579=EDGE_CURVE('',#4223,#4224,#645,.F.);
#3580=EDGE_CURVE('',#4224,#4225,#1300,.T.);
#3581=EDGE_CURVE('',#4225,#4226,#646,.F.);
#3582=EDGE_CURVE('',#4226,#4227,#218,.T.);
#3583=EDGE_CURVE('',#4227,#4228,#4390,.T.);
#3584=EDGE_CURVE('',#4228,#4142,#647,.F.);
#3585=EDGE_CURVE('',#4120,#4229,#219,.T.);
#3586=EDGE_CURVE('',#4229,#4214,#220,.T.);
#3587=EDGE_CURVE('',#4230,#4231,#648,.F.);
#3588=EDGE_CURVE('',#4231,#4232,#1301,.F.);
#3589=EDGE_CURVE('',#4233,#4232,#1302,.F.);
#3590=EDGE_CURVE('',#4230,#4233,#221,.T.);
#3591=EDGE_CURVE('',#4215,#4234,#649,.F.);
#3592=EDGE_CURVE('',#4234,#4235,#222,.T.);
#3593=EDGE_CURVE('',#4235,#4216,#650,.T.);
#3594=EDGE_CURVE('',#4236,#4235,#223,.T.);
#3595=EDGE_CURVE('',#4217,#4236,#651,.F.);
#3596=EDGE_CURVE('',#4236,#4237,#224,.T.);
#3597=EDGE_CURVE('',#4237,#4218,#652,.T.);
#3598=EDGE_CURVE('',#4238,#4237,#225,.T.);
#3599=EDGE_CURVE('',#4219,#4238,#653,.F.);
#3600=EDGE_CURVE('',#4238,#4239,#226,.T.);
#3601=EDGE_CURVE('',#4239,#4220,#654,.T.);
#3602=EDGE_CURVE('',#4240,#4239,#227,.T.);
#3603=EDGE_CURVE('',#4221,#4240,#655,.F.);
#3604=EDGE_CURVE('',#4240,#4241,#228,.T.);
#3605=EDGE_CURVE('',#4241,#4222,#656,.T.);
#3606=EDGE_CURVE('',#4242,#4241,#229,.T.);
#3607=EDGE_CURVE('',#4223,#4242,#657,.F.);
#3608=EDGE_CURVE('',#4243,#4232,#658,.T.);
#3609=EDGE_CURVE('',#4244,#4231,#659,.F.);
#3610=EDGE_CURVE('',#4245,#4244,#1303,.T.);
#3611=EDGE_CURVE('',#4246,#4245,#660,.F.);
#3612=EDGE_CURVE('',#4246,#4243,#1304,.F.);
#3613=EDGE_CURVE('',#4246,#4247,#230,.F.);
#3614=EDGE_CURVE('',#4248,#4245,#231,.F.);
#3615=EDGE_CURVE('',#4248,#4247,#661,.F.);
#3616=EDGE_CURVE('',#4247,#4229,#1305,.T.);
#3617=EDGE_CURVE('',#4249,#4248,#1306,.F.);
#3618=EDGE_CURVE('',#4249,#4137,#232,.T.);
#3619=EDGE_CURVE('',#4250,#4249,#233,.T.);
#3620=EDGE_CURVE('',#4140,#4250,#1307,.F.);
#3621=EDGE_CURVE('',#4234,#4250,#234,.T.);
#3622=EDGE_CURVE('',#4251,#4252,#662,.F.);
#3623=EDGE_CURVE('',#4252,#4224,#663,.T.);
#3624=EDGE_CURVE('',#4242,#4253,#235,.T.);
#3625=EDGE_CURVE('',#4253,#4251,#236,.T.);
#3626=EDGE_CURVE('',#4254,#4252,#1308,.T.);
#3627=EDGE_CURVE('',#4225,#4254,#664,.F.);
#3628=EDGE_CURVE('',#4254,#4255,#665,.F.);
#3629=EDGE_CURVE('',#4255,#4226,#237,.T.);
#3630=EDGE_CURVE('',#4256,#4255,#238,.T.);
#3631=EDGE_CURVE('',#4227,#4256,#239,.T.);
#3632=EDGE_CURVE('',#4257,#4257,#1309,.T.);
#3633=EDGE_CURVE('',#4243,#4258,#240,.T.);
#3634=EDGE_CURVE('',#4258,#4259,#666,.T.);
#3635=EDGE_CURVE('',#4159,#4259,#241,.T.);
#3636=EDGE_CURVE('',#4233,#4158,#242,.T.);
#3637=EDGE_CURVE('',#4155,#4197,#243,.F.);
#3638=EDGE_CURVE('',#4260,#4154,#244,.F.);
#3639=EDGE_CURVE('',#4260,#4261,#667,.F.);
#3640=EDGE_CURVE('',#4261,#4199,#245,.F.);
#3641=EDGE_CURVE('',#4262,#4263,#668,.F.);
#3642=EDGE_CURVE('',#4264,#4263,#246,.F.);
#3643=EDGE_CURVE('',#4264,#4262,#1310,.F.);
#3644=EDGE_CURVE('',#4196,#4265,#247,.F.);
#3645=EDGE_CURVE('',#4265,#4264,#248,.F.);
#3646=EDGE_CURVE('',#4263,#4266,#4391,.T.);
#3647=EDGE_CURVE('',#4266,#4152,#249,.F.);
#3648=EDGE_CURVE('',#4266,#4267,#250,.F.);
#3649=EDGE_CURVE('',#4151,#4267,#1311,.T.);
#3650=EDGE_CURVE('',#4268,#4157,#1312,.F.);
#3651=EDGE_CURVE('',#4268,#4269,#251,.T.);
#3652=EDGE_CURVE('',#4156,#4269,#252,.T.);
#3653=EDGE_CURVE('',#4269,#4270,#4392,.F.);
#3654=EDGE_CURVE('',#4270,#4271,#253,.T.);
#3655=EDGE_CURVE('',#4271,#4272,#254,.T.);
#3656=EDGE_CURVE('',#4272,#4230,#255,.T.);
#3657=EDGE_CURVE('',#4270,#4273,#669,.T.);
#3658=EDGE_CURVE('',#4273,#4271,#1313,.T.);
#3659=EDGE_CURVE('',#4274,#4160,#1314,.F.);
#3660=EDGE_CURVE('',#4275,#4274,#670,.T.);
#3661=EDGE_CURVE('',#4275,#4268,#671,.T.);
#3662=EDGE_CURVE('',#4276,#4277,#256,.T.);
#3663=EDGE_CURVE('',#4278,#4276,#257,.F.);
#3664=EDGE_CURVE('',#4279,#4278,#258,.F.);
#3665=EDGE_CURVE('',#4277,#4279,#1315,.T.);
#3666=EDGE_CURVE('',#4256,#4278,#1316,.T.);
#3667=EDGE_CURVE('',#4280,#4276,#4393,.T.);
#3668=EDGE_CURVE('',#4280,#4228,#259,.T.);
#3669=EDGE_CURVE('',#4280,#4281,#672,.F.);
#3670=EDGE_CURVE('',#4281,#4161,#260,.T.);
#3671=EDGE_CURVE('',#4282,#4281,#261,.T.);
#3672=EDGE_CURVE('',#4162,#4282,#262,.T.);
#3673=EDGE_CURVE('',#4283,#4284,#263,.F.);
#3674=EDGE_CURVE('',#4150,#4283,#264,.F.);
#3675=EDGE_CURVE('',#4284,#4149,#265,.F.);
#3676=EDGE_CURVE('',#4283,#4285,#673,.T.);
#3677=EDGE_CURVE('',#4207,#4285,#266,.F.);
#3678=EDGE_CURVE('',#4286,#4285,#4394,.F.);
#3679=EDGE_CURVE('',#4286,#4287,#267,.T.);
#3680=EDGE_CURVE('',#4287,#4166,#1317,.F.);
#3681=EDGE_CURVE('',#4288,#4286,#268,.F.);
#3682=EDGE_CURVE('',#4289,#4288,#1318,.F.);
#3683=EDGE_CURVE('',#4287,#4289,#269,.T.);
#3684=EDGE_CURVE('',#4267,#4290,#674,.F.);
#3685=EDGE_CURVE('',#4291,#4290,#675,.F.);
#3686=EDGE_CURVE('',#4153,#4291,#1319,.T.);
#3687=EDGE_CURVE('',#4282,#4292,#4395,.T.);
#3688=EDGE_CURVE('',#4274,#4292,#1320,.F.);
#3689=EDGE_CURVE('',#4260,#4259,#4396,.T.);
#3690=EDGE_CURVE('',#4293,#4291,#1321,.T.);
#3691=EDGE_CURVE('',#4293,#4284,#4397,.F.);
#3692=EDGE_CURVE('',#3820,#4289,#676,.T.);
#3693=EDGE_CURVE('',#3819,#4175,#1322,.F.);
#3694=EDGE_CURVE('',#4176,#3818,#270,.T.);
#3695=EDGE_CURVE('',#4202,#3817,#271,.F.);
#3696=EDGE_CURVE('',#3816,#4265,#677,.T.);
#3697=EDGE_CURVE('',#3815,#4294,#678,.T.);
#3698=EDGE_CURVE('',#4262,#4294,#4398,.F.);
#3699=EDGE_CURVE('',#3814,#4295,#679,.T.);
#3700=EDGE_CURVE('',#4294,#4295,#680,.F.);
#3701=EDGE_CURVE('',#4295,#4296,#4399,.T.);
#3702=EDGE_CURVE('',#3813,#4296,#1323,.T.);
#3703=EDGE_CURVE('',#4297,#3812,#272,.T.);
#3704=EDGE_CURVE('',#4297,#4296,#681,.F.);
#3705=EDGE_CURVE('',#4261,#4297,#4400,.T.);
#3706=EDGE_CURVE('',#3811,#4298,#273,.F.);
#3707=EDGE_CURVE('',#4298,#4258,#4401,.F.);
#3708=EDGE_CURVE('',#4299,#3810,#1324,.F.);
#3709=EDGE_CURVE('',#4299,#4298,#682,.T.);
#3710=EDGE_CURVE('',#4299,#4300,#4402,.F.);
#3711=EDGE_CURVE('',#4300,#3809,#683,.F.);
#3712=EDGE_CURVE('',#4301,#3808,#684,.F.);
#3713=EDGE_CURVE('',#4300,#4301,#685,.T.);
#3714=EDGE_CURVE('',#4301,#4273,#4403,.T.);
#3715=EDGE_CURVE('',#4272,#3807,#686,.F.);
#3716=EDGE_CURVE('',#3806,#4244,#274,.T.);
#3717=EDGE_CURVE('',#3805,#4253,#275,.F.);
#3718=EDGE_CURVE('',#4251,#3804,#1325,.T.);
#3719=EDGE_CURVE('',#4279,#3803,#687,.F.);
#3720=EDGE_CURVE('',#4302,#4293,#688,.F.);
#3721=EDGE_CURVE('',#4303,#4302,#689,.F.);
#3722=EDGE_CURVE('',#4292,#4303,#690,.T.);
#3723=EDGE_CURVE('',#4277,#3843,#691,.T.);
#3724=EDGE_CURVE('',#3842,#4288,#692,.F.);
#3725=EDGE_CURVE('',#4304,#4305,#693,.F.);
#3726=EDGE_CURVE('',#4304,#4306,#1326,.F.);
#3727=EDGE_CURVE('',#4307,#4306,#694,.T.);
#3728=EDGE_CURVE('',#4305,#4307,#1327,.T.);
#3729=EDGE_CURVE('',#4306,#4308,#695,.T.);
#3730=EDGE_CURVE('',#4308,#4309,#696,.T.);
#3731=EDGE_CURVE('',#4307,#4309,#697,.T.);
#3732=EDGE_CURVE('',#4310,#4308,#4404,.F.);
#3733=EDGE_CURVE('',#4311,#4310,#698,.F.);
#3734=EDGE_CURVE('',#4311,#4309,#4405,.T.);
#3735=EDGE_CURVE('',#4312,#4313,#699,.T.);
#3736=EDGE_CURVE('',#4314,#4313,#700,.T.);
#3737=EDGE_CURVE('',#4315,#4314,#701,.F.);
#3738=EDGE_CURVE('',#4316,#4315,#702,.T.);
#3739=EDGE_CURVE('',#4317,#4316,#703,.T.);
#3740=EDGE_CURVE('',#4318,#4317,#704,.T.);
#3741=EDGE_CURVE('',#4302,#4318,#705,.T.);
#3742=EDGE_CURVE('',#4290,#4312,#706,.F.);
#3743=EDGE_CURVE('',#4319,#4320,#707,.F.);
#3744=EDGE_CURVE('',#4319,#4313,#1328,.F.);
#3745=EDGE_CURVE('',#4320,#4312,#1329,.F.);
#3746=EDGE_CURVE('',#4321,#4322,#708,.F.);
#3747=EDGE_CURVE('',#4322,#4319,#709,.T.);
#3748=EDGE_CURVE('',#4321,#4320,#710,.F.);
#3749=EDGE_CURVE('',#4322,#4323,#4406,.F.);
#3750=EDGE_CURVE('',#4321,#4324,#4407,.F.);
#3751=EDGE_CURVE('',#4323,#4324,#711,.T.);
#3752=EDGE_CURVE('',#4325,#4325,#4408,.F.);
#3753=EDGE_CURVE('',#4326,#4326,#4409,.F.);
#3754=EDGE_CURVE('',#4327,#4327,#4410,.F.);
#3755=EDGE_CURVE('',#4305,#4275,#712,.T.);
#3756=EDGE_CURVE('',#4311,#4328,#713,.T.);
#3757=EDGE_CURVE('',#4328,#4329,#4411,.T.);
#3758=EDGE_CURVE('',#4329,#4330,#714,.T.);
#3759=EDGE_CURVE('',#4330,#4331,#4412,.F.);
#3760=EDGE_CURVE('',#4331,#4324,#715,.F.);
#3761=EDGE_CURVE('',#4331,#4332,#716,.F.);
#3762=EDGE_CURVE('',#4332,#4323,#717,.T.);
#3763=EDGE_CURVE('',#4333,#4330,#718,.T.);
#3764=EDGE_CURVE('',#4333,#4332,#4413,.F.);
#3765=EDGE_CURVE('',#4310,#4334,#719,.T.);
#3766=EDGE_CURVE('',#4334,#4328,#720,.T.);
#3767=EDGE_CURVE('',#4334,#4335,#4414,.F.);
#3768=EDGE_CURVE('',#4329,#4335,#721,.F.);
#3769=EDGE_CURVE('',#4336,#4317,#722,.T.);
#3770=EDGE_CURVE('',#4337,#4336,#723,.F.);
#3771=EDGE_CURVE('',#4337,#4318,#724,.T.);
#3772=EDGE_CURVE('',#4338,#4316,#725,.T.);
#3773=EDGE_CURVE('',#4336,#4338,#726,.F.);
#3774=EDGE_CURVE('',#4339,#4315,#727,.F.);
#3775=EDGE_CURVE('',#4338,#4339,#728,.F.);
#3776=EDGE_CURVE('',#4303,#4337,#729,.F.);
#3777=EDGE_CURVE('',#4333,#4314,#730,.F.);
#3778=EDGE_CURVE('',#4340,#4304,#731,.F.);
#3779=EDGE_CURVE('',#4340,#4335,#732,.F.);
#3780=EDGE_CURVE('',#4339,#4340,#733,.T.);
#3781=EDGE_CURVE('',#4341,#4341,#4415,.T.);
#3782=EDGE_CURVE('',#4342,#4342,#4416,.T.);
#3783=EDGE_CURVE('',#4343,#4343,#4417,.T.);
#3784=EDGE_CURVE('',#4344,#4344,#4418,.F.);
#3785=EDGE_CURVE('',#4345,#4345,#4419,.T.);
#3786=EDGE_CURVE('',#4346,#4346,#4420,.T.);
#3787=EDGE_CURVE('',#4347,#4347,#4421,.T.);
#3788=EDGE_CURVE('',#4348,#4348,#4422,.T.);
#3789=EDGE_CURVE('',#4349,#4349,#4423,.T.);
#3790=EDGE_CURVE('',#4350,#4350,#4424,.T.);
#3791=EDGE_CURVE('',#4351,#4351,#4425,.T.);
#3792=EDGE_CURVE('',#4352,#4352,#4426,.T.);
#3793=EDGE_CURVE('',#4353,#4353,#4427,.F.);
#3794=EDGE_CURVE('',#4354,#4354,#4428,.T.);
#3795=EDGE_CURVE('',#4355,#4355,#4429,.T.);
#3796=VERTEX_POINT('',#7525);
#3797=VERTEX_POINT('',#7527);
#3798=VERTEX_POINT('',#7529);
#3799=VERTEX_POINT('',#7531);
#3800=VERTEX_POINT('',#7533);
#3801=VERTEX_POINT('',#7535);
#3802=VERTEX_POINT('',#7536);
#3803=VERTEX_POINT('',#7538);
#3804=VERTEX_POINT('',#7540);
#3805=VERTEX_POINT('',#7545);
#3806=VERTEX_POINT('',#7547);
#3807=VERTEX_POINT('',#7549);
#3808=VERTEX_POINT('',#7551);
#3809=VERTEX_POINT('',#7553);
#3810=VERTEX_POINT('',#7555);
#3811=VERTEX_POINT('',#7557);
#3812=VERTEX_POINT('',#7559);
#3813=VERTEX_POINT('',#7561);
#3814=VERTEX_POINT('',#7563);
#3815=VERTEX_POINT('',#7565);
#3816=VERTEX_POINT('',#7567);
#3817=VERTEX_POINT('',#7569);
#3818=VERTEX_POINT('',#7571);
#3819=VERTEX_POINT('',#7576);
#3820=VERTEX_POINT('',#7578);
#3821=VERTEX_POINT('',#7580);
#3822=VERTEX_POINT('',#7582);
#3823=VERTEX_POINT('',#7584);
#3824=VERTEX_POINT('',#7586);
#3825=VERTEX_POINT('',#7588);
#3826=VERTEX_POINT('',#7590);
#3827=VERTEX_POINT('',#7592);
#3828=VERTEX_POINT('',#7594);
#3829=VERTEX_POINT('',#7596);
#3830=VERTEX_POINT('',#7598);
#3831=VERTEX_POINT('',#7601);
#3832=VERTEX_POINT('',#7604);
#3833=VERTEX_POINT('',#7605);
#3834=VERTEX_POINT('',#7610);
#3835=VERTEX_POINT('',#7614);
#3836=VERTEX_POINT('',#7618);
#3837=VERTEX_POINT('',#7622);
#3838=VERTEX_POINT('',#7626);
#3839=VERTEX_POINT('',#7630);
#3840=VERTEX_POINT('',#7634);
#3841=VERTEX_POINT('',#7638);
#3842=VERTEX_POINT('',#7642);
#3843=VERTEX_POINT('',#7646);
#3844=VERTEX_POINT('',#7650);
#3845=VERTEX_POINT('',#7651);
#3846=VERTEX_POINT('',#7653);
#3847=VERTEX_POINT('',#7655);
#3848=VERTEX_POINT('',#7657);
#3849=VERTEX_POINT('',#7659);
#3850=VERTEX_POINT('',#7661);
#3851=VERTEX_POINT('',#7663);
#3852=VERTEX_POINT('',#7665);
#3853=VERTEX_POINT('',#7667);
#3854=VERTEX_POINT('',#7669);
#3855=VERTEX_POINT('',#7671);
#3856=VERTEX_POINT('',#7675);
#3857=VERTEX_POINT('',#7676);
#3858=VERTEX_POINT('',#7678);
#3859=VERTEX_POINT('',#7680);
#3860=VERTEX_POINT('',#7684);
#3861=VERTEX_POINT('',#7685);
#3862=VERTEX_POINT('',#7687);
#3863=VERTEX_POINT('',#7689);
#3864=VERTEX_POINT('',#7691);
#3865=VERTEX_POINT('',#7693);
#3866=VERTEX_POINT('',#7695);
#3867=VERTEX_POINT('',#7697);
#3868=VERTEX_POINT('',#7699);
#3869=VERTEX_POINT('',#7701);
#3870=VERTEX_POINT('',#7703);
#3871=VERTEX_POINT('',#7705);
#3872=VERTEX_POINT('',#7709);
#3873=VERTEX_POINT('',#7710);
#3874=VERTEX_POINT('',#7712);
#3875=VERTEX_POINT('',#7714);
#3876=VERTEX_POINT('',#7718);
#3877=VERTEX_POINT('',#7721);
#3878=VERTEX_POINT('',#7724);
#3879=VERTEX_POINT('',#7725);
#3880=VERTEX_POINT('',#7727);
#3881=VERTEX_POINT('',#7731);
#3882=VERTEX_POINT('',#7733);
#3883=VERTEX_POINT('',#7737);
#3884=VERTEX_POINT('',#7738);
#3885=VERTEX_POINT('',#7749);
#3886=VERTEX_POINT('',#7751);
#3887=VERTEX_POINT('',#7753);
#3888=VERTEX_POINT('',#7757);
#3889=VERTEX_POINT('',#7761);
#3890=VERTEX_POINT('',#7762);
#3891=VERTEX_POINT('',#7764);
#3892=VERTEX_POINT('',#7766);
#3893=VERTEX_POINT('',#7770);
#3894=VERTEX_POINT('',#7771);
#3895=VERTEX_POINT('',#7773);
#3896=VERTEX_POINT('',#7775);
#3897=VERTEX_POINT('',#7779);
#3898=VERTEX_POINT('',#7780);
#3899=VERTEX_POINT('',#7785);
#3900=VERTEX_POINT('',#7790);
#3901=VERTEX_POINT('',#7794);
#3902=VERTEX_POINT('',#7795);
#3903=VERTEX_POINT('',#7797);
#3904=VERTEX_POINT('',#7805);
#3905=VERTEX_POINT('',#7809);
#3906=VERTEX_POINT('',#7810);
#3907=VERTEX_POINT('',#7812);
#3908=VERTEX_POINT('',#7816);
#3909=VERTEX_POINT('',#7819);
#3910=VERTEX_POINT('',#7822);
#3911=VERTEX_POINT('',#7824);
#3912=VERTEX_POINT('',#7828);
#3913=VERTEX_POINT('',#7832);
#3914=VERTEX_POINT('',#7836);
#3915=VERTEX_POINT('',#7840);
#3916=VERTEX_POINT('',#7844);
#3917=VERTEX_POINT('',#7848);
#3918=VERTEX_POINT('',#7852);
#3919=VERTEX_POINT('',#7856);
#3920=VERTEX_POINT('',#7860);
#3921=VERTEX_POINT('',#7864);
#3922=VERTEX_POINT('',#7870);
#3923=VERTEX_POINT('',#7871);
#3924=VERTEX_POINT('',#7877);
#3925=VERTEX_POINT('',#7878);
#3926=VERTEX_POINT('',#7887);
#3927=VERTEX_POINT('',#7889);
#3928=VERTEX_POINT('',#7893);
#3929=VERTEX_POINT('',#7897);
#3930=VERTEX_POINT('',#7901);
#3931=VERTEX_POINT('',#7905);
#3932=VERTEX_POINT('',#7909);
#3933=VERTEX_POINT('',#7913);
#3934=VERTEX_POINT('',#7917);
#3935=VERTEX_POINT('',#7921);
#3936=VERTEX_POINT('',#7925);
#3937=VERTEX_POINT('',#7929);
#3938=VERTEX_POINT('',#7935);
#3939=VERTEX_POINT('',#7936);
#3940=VERTEX_POINT('',#7942);
#3941=VERTEX_POINT('',#7943);
#3942=VERTEX_POINT('',#7952);
#3943=VERTEX_POINT('',#7955);
#3944=VERTEX_POINT('',#7958);
#3945=VERTEX_POINT('',#7960);
#3946=VERTEX_POINT('',#7962);
#3947=VERTEX_POINT('',#7964);
#3948=VERTEX_POINT('',#7966);
#3949=VERTEX_POINT('',#7973);
#3950=VERTEX_POINT('',#7980);
#3951=VERTEX_POINT('',#7985);
#3952=VERTEX_POINT('',#7990);
#3953=VERTEX_POINT('',#7997);
#3954=VERTEX_POINT('',#8001);
#3955=VERTEX_POINT('',#8005);
#3956=VERTEX_POINT('',#8010);
#3957=VERTEX_POINT('',#8012);
#3958=VERTEX_POINT('',#8014);
#3959=VERTEX_POINT('',#8016);
#3960=VERTEX_POINT('',#8023);
#3961=VERTEX_POINT('',#8028);
#3962=VERTEX_POINT('',#8032);
#3963=VERTEX_POINT('',#8034);
#3964=VERTEX_POINT('',#8038);
#3965=VERTEX_POINT('',#8042);
#3966=VERTEX_POINT('',#8044);
#3967=VERTEX_POINT('',#8046);
#3968=VERTEX_POINT('',#8048);
#3969=VERTEX_POINT('',#8052);
#3970=VERTEX_POINT('',#8054);
#3971=VERTEX_POINT('',#8058);
#3972=VERTEX_POINT('',#8068);
#3973=VERTEX_POINT('',#8069);
#3974=VERTEX_POINT('',#8071);
#3975=VERTEX_POINT('',#8076);
#3976=VERTEX_POINT('',#8083);
#3977=VERTEX_POINT('',#8085);
#3978=VERTEX_POINT('',#8087);
#3979=VERTEX_POINT('',#8095);
#3980=VERTEX_POINT('',#8100);
#3981=VERTEX_POINT('',#8105);
#3982=VERTEX_POINT('',#8112);
#3983=VERTEX_POINT('',#8116);
#3984=VERTEX_POINT('',#8118);
#3985=VERTEX_POINT('',#8120);
#3986=VERTEX_POINT('',#8122);
#3987=VERTEX_POINT('',#8126);
#3988=VERTEX_POINT('',#8128);
#3989=VERTEX_POINT('',#8132);
#3990=VERTEX_POINT('',#8134);
#3991=VERTEX_POINT('',#8136);
#3992=VERTEX_POINT('',#8138);
#3993=VERTEX_POINT('',#8140);
#3994=VERTEX_POINT('',#8146);
#3995=VERTEX_POINT('',#8149);
#3996=VERTEX_POINT('',#8155);
#3997=VERTEX_POINT('',#8156);
#3998=VERTEX_POINT('',#8158);
#3999=VERTEX_POINT('',#8166);
#4000=VERTEX_POINT('',#8170);
#4001=VERTEX_POINT('',#8172);
#4002=VERTEX_POINT('',#8179);
#4003=VERTEX_POINT('',#8184);
#4004=VERTEX_POINT('',#8189);
#4005=VERTEX_POINT('',#8194);
#4006=VERTEX_POINT('',#8215);
#4007=VERTEX_POINT('',#8216);
#4008=VERTEX_POINT('',#8221);
#4009=VERTEX_POINT('',#8225);
#4010=VERTEX_POINT('',#8227);
#4011=VERTEX_POINT('',#8231);
#4012=VERTEX_POINT('',#8237);
#4013=VERTEX_POINT('',#8238);
#4014=VERTEX_POINT('',#8240);
#4015=VERTEX_POINT('',#8242);
#4016=VERTEX_POINT('',#8246);
#4017=VERTEX_POINT('',#8248);
#4018=VERTEX_POINT('',#8252);
#4019=VERTEX_POINT('',#8254);
#4020=VERTEX_POINT('',#8258);
#4021=VERTEX_POINT('',#8260);
#4022=VERTEX_POINT('',#8264);
#4023=VERTEX_POINT('',#8266);
#4024=VERTEX_POINT('',#8270);
#4025=VERTEX_POINT('',#8272);
#4026=VERTEX_POINT('',#8276);
#4027=VERTEX_POINT('',#8278);
#4028=VERTEX_POINT('',#8285);
#4029=VERTEX_POINT('',#8287);
#4030=VERTEX_POINT('',#8291);
#4031=VERTEX_POINT('',#8309);
#4032=VERTEX_POINT('',#8310);
#4033=VERTEX_POINT('',#8312);
#4034=VERTEX_POINT('',#8322);
#4035=VERTEX_POINT('',#8323);
#4036=VERTEX_POINT('',#8328);
#4037=VERTEX_POINT('',#8333);
#4038=VERTEX_POINT('',#8338);
#4039=VERTEX_POINT('',#8343);
#4040=VERTEX_POINT('',#8348);
#4041=VERTEX_POINT('',#8352);
#4042=VERTEX_POINT('',#8354);
#4043=VERTEX_POINT('',#8364);
#4044=VERTEX_POINT('',#8370);
#4045=VERTEX_POINT('',#8371);
#4046=VERTEX_POINT('',#8373);
#4047=VERTEX_POINT('',#8375);
#4048=VERTEX_POINT('',#8379);
#4049=VERTEX_POINT('',#8381);
#4050=VERTEX_POINT('',#8385);
#4051=VERTEX_POINT('',#8387);
#4052=VERTEX_POINT('',#8391);
#4053=VERTEX_POINT('',#8393);
#4054=VERTEX_POINT('',#8397);
#4055=VERTEX_POINT('',#8399);
#4056=VERTEX_POINT('',#8403);
#4057=VERTEX_POINT('',#8405);
#4058=VERTEX_POINT('',#8409);
#4059=VERTEX_POINT('',#8411);
#4060=VERTEX_POINT('',#8418);
#4061=VERTEX_POINT('',#8421);
#4062=VERTEX_POINT('',#8422);
#4063=VERTEX_POINT('',#8427);
#4064=VERTEX_POINT('',#8429);
#4065=VERTEX_POINT('',#8431);
#4066=VERTEX_POINT('',#8433);
#4067=VERTEX_POINT('',#8435);
#4068=VERTEX_POINT('',#8440);
#4069=VERTEX_POINT('',#8442);
#4070=VERTEX_POINT('',#8463);
#4071=VERTEX_POINT('',#8468);
#4072=VERTEX_POINT('',#8475);
#4073=VERTEX_POINT('',#8496);
#4074=VERTEX_POINT('',#8503);
#4075=VERTEX_POINT('',#8507);
#4076=VERTEX_POINT('',#8511);
#4077=VERTEX_POINT('',#8515);
#4078=VERTEX_POINT('',#8516);
#4079=VERTEX_POINT('',#8518);
#4080=VERTEX_POINT('',#8520);
#4081=VERTEX_POINT('',#8527);
#4082=VERTEX_POINT('',#8529);
#4083=VERTEX_POINT('',#8534);
#4084=VERTEX_POINT('',#8538);
#4085=VERTEX_POINT('',#8540);
#4086=VERTEX_POINT('',#8542);
#4087=VERTEX_POINT('',#8544);
#4088=VERTEX_POINT('',#8548);
#4089=VERTEX_POINT('',#8550);
#4090=VERTEX_POINT('',#8554);
#4091=VERTEX_POINT('',#8559);
#4092=VERTEX_POINT('',#8563);
#4093=VERTEX_POINT('',#8567);
#4094=VERTEX_POINT('',#8571);
#4095=VERTEX_POINT('',#8575);
#4096=VERTEX_POINT('',#8579);
#4097=VERTEX_POINT('',#8583);
#4098=VERTEX_POINT('',#8587);
#4099=VERTEX_POINT('',#8591);
#4100=VERTEX_POINT('',#8593);
#4101=VERTEX_POINT('',#8597);
#4102=VERTEX_POINT('',#8598);
#4103=VERTEX_POINT('',#8603);
#4104=VERTEX_POINT('',#8607);
#4105=VERTEX_POINT('',#8611);
#4106=VERTEX_POINT('',#8615);
#4107=VERTEX_POINT('',#8619);
#4108=VERTEX_POINT('',#8623);
#4109=VERTEX_POINT('',#8627);
#4110=VERTEX_POINT('',#8629);
#4111=VERTEX_POINT('',#8633);
#4112=VERTEX_POINT('',#8635);
#4113=VERTEX_POINT('',#8640);
#4114=VERTEX_POINT('',#8642);
#4115=VERTEX_POINT('',#8646);
#4116=VERTEX_POINT('',#8648);
#4117=VERTEX_POINT('',#8650);
#4118=VERTEX_POINT('',#8656);
#4119=VERTEX_POINT('',#8657);
#4120=VERTEX_POINT('',#8662);
#4121=VERTEX_POINT('',#8664);
#4122=VERTEX_POINT('',#8668);
#4123=VERTEX_POINT('',#8670);
#4124=VERTEX_POINT('',#8674);
#4125=VERTEX_POINT('',#8675);
#4126=VERTEX_POINT('',#8677);
#4127=VERTEX_POINT('',#8679);
#4128=VERTEX_POINT('',#8683);
#4129=VERTEX_POINT('',#8685);
#4130=VERTEX_POINT('',#8706);
#4131=VERTEX_POINT('',#8711);
#4132=VERTEX_POINT('',#8718);
#4133=VERTEX_POINT('',#8723);
#4134=VERTEX_POINT('',#8741);
#4135=VERTEX_POINT('',#8746);
#4136=VERTEX_POINT('',#8753);
#4137=VERTEX_POINT('',#8755);
#4138=VERTEX_POINT('',#8760);
#4139=VERTEX_POINT('',#8762);
#4140=VERTEX_POINT('',#8769);
#4141=VERTEX_POINT('',#8773);
#4142=VERTEX_POINT('',#8776);
#4143=VERTEX_POINT('',#8778);
#4144=VERTEX_POINT('',#8782);
#4145=VERTEX_POINT('',#8786);
#4146=VERTEX_POINT('',#8788);
#4147=VERTEX_POINT('',#8792);
#4148=VERTEX_POINT('',#8796);
#4149=VERTEX_POINT('',#8798);
#4150=VERTEX_POINT('',#8803);
#4151=VERTEX_POINT('',#8810);
#4152=VERTEX_POINT('',#8811);
#4153=VERTEX_POINT('',#8813);
#4154=VERTEX_POINT('',#8815);
#4155=VERTEX_POINT('',#8817);
#4156=VERTEX_POINT('',#8824);
#4157=VERTEX_POINT('',#8825);
#4158=VERTEX_POINT('',#8827);
#4159=VERTEX_POINT('',#8829);
#4160=VERTEX_POINT('',#8831);
#4161=VERTEX_POINT('',#8835);
#4162=VERTEX_POINT('',#8840);
#4163=VERTEX_POINT('',#8842);
#4164=VERTEX_POINT('',#8860);
#4165=VERTEX_POINT('',#8861);
#4166=VERTEX_POINT('',#8866);
#4167=VERTEX_POINT('',#8871);
#4168=VERTEX_POINT('',#8878);
#4169=VERTEX_POINT('',#8880);
#4170=VERTEX_POINT('',#8884);
#4171=VERTEX_POINT('',#8886);
#4172=VERTEX_POINT('',#8890);
#4173=VERTEX_POINT('',#8907);
#4174=VERTEX_POINT('',#8908);
#4175=VERTEX_POINT('',#8916);
#4176=VERTEX_POINT('',#8921);
#4177=VERTEX_POINT('',#8926);
#4178=VERTEX_POINT('',#8928);
#4179=VERTEX_POINT('',#8932);
#4180=VERTEX_POINT('',#8937);
#4181=VERTEX_POINT('',#8941);
#4182=VERTEX_POINT('',#8946);
#4183=VERTEX_POINT('',#8950);
#4184=VERTEX_POINT('',#8956);
#4185=VERTEX_POINT('',#8963);
#4186=VERTEX_POINT('',#8965);
#4187=VERTEX_POINT('',#8969);
#4188=VERTEX_POINT('',#8974);
#4189=VERTEX_POINT('',#8978);
#4190=VERTEX_POINT('',#8983);
#4191=VERTEX_POINT('',#8987);
#4192=VERTEX_POINT('',#8993);
#4193=VERTEX_POINT('',#8997);
#4194=VERTEX_POINT('',#9002);
#4195=VERTEX_POINT('',#9012);
#4196=VERTEX_POINT('',#9013);
#4197=VERTEX_POINT('',#9018);
#4198=VERTEX_POINT('',#9020);
#4199=VERTEX_POINT('',#9024);
#4200=VERTEX_POINT('',#9026);
#4201=VERTEX_POINT('',#9028);
#4202=VERTEX_POINT('',#9030);
#4203=VERTEX_POINT('',#9037);
#4204=VERTEX_POINT('',#9039);
#4205=VERTEX_POINT('',#9047);
#4206=VERTEX_POINT('',#9068);
#4207=VERTEX_POINT('',#9075);
#4208=VERTEX_POINT('',#9078);
#4209=VERTEX_POINT('',#9085);
#4210=VERTEX_POINT('',#9087);
#4211=VERTEX_POINT('',#9094);
#4212=VERTEX_POINT('',#9095);
#4213=VERTEX_POINT('',#9100);
#4214=VERTEX_POINT('',#9111);
#4215=VERTEX_POINT('',#9117);
#4216=VERTEX_POINT('',#9119);
#4217=VERTEX_POINT('',#9121);
#4218=VERTEX_POINT('',#9123);
#4219=VERTEX_POINT('',#9125);
#4220=VERTEX_POINT('',#9127);
#4221=VERTEX_POINT('',#9129);
#4222=VERTEX_POINT('',#9131);
#4223=VERTEX_POINT('',#9133);
#4224=VERTEX_POINT('',#9135);
#4225=VERTEX_POINT('',#9137);
#4226=VERTEX_POINT('',#9139);
#4227=VERTEX_POINT('',#9144);
#4228=VERTEX_POINT('',#9146);
#4229=VERTEX_POINT('',#9164);
#4230=VERTEX_POINT('',#9171);
#4231=VERTEX_POINT('',#9172);
#4232=VERTEX_POINT('',#9174);
#4233=VERTEX_POINT('',#9176);
#4234=VERTEX_POINT('',#9183);
#4235=VERTEX_POINT('',#9188);
#4236=VERTEX_POINT('',#9196);
#4237=VERTEX_POINT('',#9203);
#4238=VERTEX_POINT('',#9210);
#4239=VERTEX_POINT('',#9217);
#4240=VERTEX_POINT('',#9225);
#4241=VERTEX_POINT('',#9232);
#4242=VERTEX_POINT('',#9239);
#4243=VERTEX_POINT('',#9243);
#4244=VERTEX_POINT('',#9245);
#4245=VERTEX_POINT('',#9247);
#4246=VERTEX_POINT('',#9249);
#4247=VERTEX_POINT('',#9256);
#4248=VERTEX_POINT('',#9261);
#4249=VERTEX_POINT('',#9266);
#4250=VERTEX_POINT('',#9287);
#4251=VERTEX_POINT('',#9296);
#4252=VERTEX_POINT('',#9297);
#4253=VERTEX_POINT('',#9303);
#4254=VERTEX_POINT('',#9310);
#4255=VERTEX_POINT('',#9314);
#4256=VERTEX_POINT('',#9335);
#4257=VERTEX_POINT('',#9342);
#4258=VERTEX_POINT('',#9348);
#4259=VERTEX_POINT('',#9350);
#4260=VERTEX_POINT('',#9368);
#4261=VERTEX_POINT('',#9370);
#4262=VERTEX_POINT('',#9377);
#4263=VERTEX_POINT('',#9378);
#4264=VERTEX_POINT('',#9383);
#4265=VERTEX_POINT('',#9390);
#4266=VERTEX_POINT('',#9396);
#4267=VERTEX_POINT('',#9417);
#4268=VERTEX_POINT('',#9432);
#4269=VERTEX_POINT('',#9437);
#4270=VERTEX_POINT('',#9444);
#4271=VERTEX_POINT('',#9449);
#4272=VERTEX_POINT('',#9454);
#4273=VERTEX_POINT('',#9461);
#4274=VERTEX_POINT('',#9465);
#4275=VERTEX_POINT('',#9467);
#4276=VERTEX_POINT('',#9485);
#4277=VERTEX_POINT('',#9486);
#4278=VERTEX_POINT('',#9491);
#4279=VERTEX_POINT('',#9496);
#4280=VERTEX_POINT('',#9501);
#4281=VERTEX_POINT('',#9508);
#4282=VERTEX_POINT('',#9529);
#4283=VERTEX_POINT('',#9550);
#4284=VERTEX_POINT('',#9551);
#4285=VERTEX_POINT('',#9562);
#4286=VERTEX_POINT('',#9569);
#4287=VERTEX_POINT('',#9574);
#4288=VERTEX_POINT('',#9592);
#4289=VERTEX_POINT('',#9594);
#4290=VERTEX_POINT('',#9601);
#4291=VERTEX_POINT('',#9603);
#4292=VERTEX_POINT('',#9607);
#4293=VERTEX_POINT('',#9611);
#4294=VERTEX_POINT('',#9641);
#4295=VERTEX_POINT('',#9645);
#4296=VERTEX_POINT('',#9649);
#4297=VERTEX_POINT('',#9656);
#4298=VERTEX_POINT('',#9664);
#4299=VERTEX_POINT('',#9668);
#4300=VERTEX_POINT('',#9672);
#4301=VERTEX_POINT('',#9676);
#4302=VERTEX_POINT('',#9708);
#4303=VERTEX_POINT('',#9710);
#4304=VERTEX_POINT('',#9718);
#4305=VERTEX_POINT('',#9719);
#4306=VERTEX_POINT('',#9721);
#4307=VERTEX_POINT('',#9723);
#4308=VERTEX_POINT('',#9727);
#4309=VERTEX_POINT('',#9729);
#4310=VERTEX_POINT('',#9733);
#4311=VERTEX_POINT('',#9735);
#4312=VERTEX_POINT('',#9739);
#4313=VERTEX_POINT('',#9740);
#4314=VERTEX_POINT('',#9742);
#4315=VERTEX_POINT('',#9744);
#4316=VERTEX_POINT('',#9746);
#4317=VERTEX_POINT('',#9748);
#4318=VERTEX_POINT('',#9750);
#4319=VERTEX_POINT('',#9755);
#4320=VERTEX_POINT('',#9756);
#4321=VERTEX_POINT('',#9761);
#4322=VERTEX_POINT('',#9762);
#4323=VERTEX_POINT('',#9767);
#4324=VERTEX_POINT('',#9769);
#4325=VERTEX_POINT('',#9773);
#4326=VERTEX_POINT('',#9775);
#4327=VERTEX_POINT('',#9777);
#4328=VERTEX_POINT('',#9780);
#4329=VERTEX_POINT('',#9782);
#4330=VERTEX_POINT('',#9784);
#4331=VERTEX_POINT('',#9786);
#4332=VERTEX_POINT('',#9790);
#4333=VERTEX_POINT('',#9794);
#4334=VERTEX_POINT('',#9798);
#4335=VERTEX_POINT('',#9802);
#4336=VERTEX_POINT('',#9806);
#4337=VERTEX_POINT('',#9808);
#4338=VERTEX_POINT('',#9812);
#4339=VERTEX_POINT('',#9816);
#4340=VERTEX_POINT('',#9824);
#4341=VERTEX_POINT('',#9831);
#4342=VERTEX_POINT('',#9834);
#4343=VERTEX_POINT('',#9837);
#4344=VERTEX_POINT('',#9840);
#4345=VERTEX_POINT('',#9844);
#4346=VERTEX_POINT('',#9848);
#4347=VERTEX_POINT('',#9852);
#4348=VERTEX_POINT('',#9854);
#4349=VERTEX_POINT('',#9858);
#4350=VERTEX_POINT('',#9862);
#4351=VERTEX_POINT('',#9864);
#4352=VERTEX_POINT('',#9868);
#4353=VERTEX_POINT('',#9872);
#4354=VERTEX_POINT('',#9874);
#4355=VERTEX_POINT('',#9878);
#4356=CIRCLE('',#5602,3.);
#4357=CIRCLE('',#5603,3.5);
#4358=CIRCLE('',#5604,3.);
#4359=CIRCLE('',#5605,6.5);
#4360=CIRCLE('',#5606,6.5);
#4361=CIRCLE('',#5608,130.890958021188);
#4362=CIRCLE('',#5609,129.991000000001);
#4363=CIRCLE('',#5610,136.391000000001);
#4364=CIRCLE('',#5611,160.282947555475);
#4365=CIRCLE('',#5612,136.391000000001);
#4366=CIRCLE('',#5613,129.991000000001);
#4367=CIRCLE('',#5614,130.890958021188);
#4368=CIRCLE('',#5616,2.8);
#4369=CIRCLE('',#5617,1.8);
#4370=CIRCLE('',#5618,1.8);
#4371=CIRCLE('',#5619,2.8);
#4372=CIRCLE('',#5620,6.5);
#4373=CIRCLE('',#5622,1.8);
#4374=CIRCLE('',#5625,2.8);
#4375=CIRCLE('',#5629,1.8);
#4376=CIRCLE('',#5632,2.8);
#4377=CIRCLE('',#5697,2.4);
#4378=CIRCLE('',#5699,2.3);
#4379=CIRCLE('',#5729,2.3);
#4380=CIRCLE('',#5731,2.4);
#4381=CIRCLE('',#5789,3.6500065219856);
#4382=CIRCLE('',#5791,3.75000260982652);
#4383=CIRCLE('',#5856,3.75000260982652);
#4384=CIRCLE('',#5863,3.6500065219856);
#4385=CIRCLE('',#5915,160.330436310659);
#4386=CIRCLE('',#5916,160.330436310659);
#4387=CIRCLE('',#5919,162.89971522976);
#4388=CIRCLE('',#5920,160.398277389494);
#4389=CIRCLE('',#5923,160.330436310659);
#4390=CIRCLE('',#5930,160.330436310659);
#4391=CIRCLE('',#5962,129.772679166066);
#4392=CIRCLE('',#5966,129.772679166066);
#4393=CIRCLE('',#5974,160.398277389494);
#4394=CIRCLE('',#5978,160.398277389494);
#4395=CIRCLE('',#5984,162.89971522976);
#4396=CIRCLE('',#5986,162.706368155081);
#4397=CIRCLE('',#5988,162.89971522976);
#4398=CIRCLE('',#5994,129.991000000001);
#4399=CIRCLE('',#5997,136.391000000001);
#4400=CIRCLE('',#6001,160.204930314815);
#4401=CIRCLE('',#6002,160.204930314815);
#4402=CIRCLE('',#6006,136.391000000001);
#4403=CIRCLE('',#6009,129.991000000001);
#4404=CIRCLE('',#6022,2.);
#4405=CIRCLE('',#6023,2.);
#4406=CIRCLE('',#6030,2.);
#4407=CIRCLE('',#6031,2.);
#4408=CIRCLE('',#6033,5.);
#4409=CIRCLE('',#6034,5.);
#4410=CIRCLE('',#6035,5.);
#4411=CIRCLE('',#6036,2.);
#4412=CIRCLE('',#6037,2.);
#4413=CIRCLE('',#6040,2.);
#4414=CIRCLE('',#6043,2.);
#4415=CIRCLE('',#6053,5.);
#4416=CIRCLE('',#6055,5.);
#4417=CIRCLE('',#6057,5.);
#4418=CIRCLE('',#6059,6.5);
#4419=CIRCLE('',#6062,6.5);
#4420=CIRCLE('',#6065,6.5);
#4421=CIRCLE('',#6068,3.);
#4422=CIRCLE('',#6069,2.);
#4423=CIRCLE('',#6072,2.);
#4424=CIRCLE('',#6075,3.5);
#4425=CIRCLE('',#6076,2.5);
#4426=CIRCLE('',#6079,2.5);
#4427=CIRCLE('',#6082,3.);
#4428=CIRCLE('',#6083,2.);
#4429=CIRCLE('',#6086,2.);
#4430=EDGE_LOOP('',(#1330));
#4431=EDGE_LOOP('',(#1331));
#4432=EDGE_LOOP('',(#1332));
#4433=EDGE_LOOP('',(#1333));
#4434=EDGE_LOOP('',(#1334));
#4435=EDGE_LOOP('',(#1335,#1336,#1337,#1338,#1339,#1340,#1341,#1342,#1343,
#1344,#1345,#1346,#1347,#1348,#1349,#1350,#1351,#1352,#1353,#1354,#1355,
#1356,#1357,#1358,#1359,#1360,#1361,#1362,#1363,#1364));
#4436=EDGE_LOOP('',(#1365));
#4437=EDGE_LOOP('',(#1366,#1367,#1368,#1369));
#4438=EDGE_LOOP('',(#1370,#1371,#1372,#1373));
#4439=EDGE_LOOP('',(#1374,#1375,#1376,#1377));
#4440=EDGE_LOOP('',(#1378,#1379,#1380,#1381));
#4441=EDGE_LOOP('',(#1382,#1383,#1384,#1385));
#4442=EDGE_LOOP('',(#1386,#1387,#1388,#1389));
#4443=EDGE_LOOP('',(#1390,#1391,#1392,#1393));
#4444=EDGE_LOOP('',(#1394,#1395,#1396,#1397));
#4445=EDGE_LOOP('',(#1398,#1399,#1400,#1401));
#4446=EDGE_LOOP('',(#1402,#1403,#1404,#1405));
#4447=EDGE_LOOP('',(#1406,#1407,#1408,#1409));
#4448=EDGE_LOOP('',(#1410,#1411,#1412,#1413,#1414,#1415,#1416,#1417,#1418,
#1419,#1420,#1421));
#4449=EDGE_LOOP('',(#1422,#1423,#1424,#1425));
#4450=EDGE_LOOP('',(#1426,#1427,#1428,#1429,#1430,#1431,#1432,#1433,#1434,
#1435,#1436,#1437));
#4451=EDGE_LOOP('',(#1438,#1439,#1440,#1441));
#4452=EDGE_LOOP('',(#1442));
#4453=EDGE_LOOP('',(#1443));
#4454=EDGE_LOOP('',(#1444,#1445,#1446));
#4455=EDGE_LOOP('',(#1447,#1448,#1449,#1450));
#4456=EDGE_LOOP('',(#1451,#1452,#1453,#1454,#1455));
#4457=EDGE_LOOP('',(#1456,#1457,#1458,#1459,#1460));
#4458=EDGE_LOOP('',(#1461,#1462,#1463));
#4459=EDGE_LOOP('',(#1464,#1465,#1466,#1467));
#4460=EDGE_LOOP('',(#1468,#1469,#1470,#1471));
#4461=EDGE_LOOP('',(#1472,#1473,#1474,#1475,#1476));
#4462=EDGE_LOOP('',(#1477,#1478,#1479,#1480));
#4463=EDGE_LOOP('',(#1481,#1482,#1483));
#4464=EDGE_LOOP('',(#1484,#1485,#1486,#1487,#1488));
#4465=EDGE_LOOP('',(#1489,#1490,#1491));
#4466=EDGE_LOOP('',(#1492));
#4467=EDGE_LOOP('',(#1493));
#4468=EDGE_LOOP('',(#1494,#1495,#1496,#1497));
#4469=EDGE_LOOP('',(#1498,#1499,#1500,#1501));
#4470=EDGE_LOOP('',(#1502,#1503,#1504,#1505));
#4471=EDGE_LOOP('',(#1506,#1507,#1508,#1509));
#4472=EDGE_LOOP('',(#1510,#1511,#1512,#1513));
#4473=EDGE_LOOP('',(#1514,#1515,#1516,#1517));
#4474=EDGE_LOOP('',(#1518,#1519,#1520,#1521));
#4475=EDGE_LOOP('',(#1522,#1523,#1524,#1525));
#4476=EDGE_LOOP('',(#1526,#1527,#1528,#1529));
#4477=EDGE_LOOP('',(#1530,#1531,#1532,#1533));
#4478=EDGE_LOOP('',(#1534,#1535,#1536,#1537));
#4479=EDGE_LOOP('',(#1538,#1539,#1540,#1541));
#4480=EDGE_LOOP('',(#1542,#1543,#1544,#1545,#1546,#1547,#1548,#1549));
#4481=EDGE_LOOP('',(#1550,#1551,#1552,#1553,#1554,#1555,#1556,#1557));
#4482=EDGE_LOOP('',(#1558,#1559,#1560,#1561));
#4483=EDGE_LOOP('',(#1562,#1563,#1564,#1565));
#4484=EDGE_LOOP('',(#1566,#1567,#1568,#1569));
#4485=EDGE_LOOP('',(#1570,#1571,#1572,#1573));
#4486=EDGE_LOOP('',(#1574,#1575,#1576,#1577));
#4487=EDGE_LOOP('',(#1578,#1579,#1580,#1581));
#4488=EDGE_LOOP('',(#1582,#1583,#1584,#1585));
#4489=EDGE_LOOP('',(#1586,#1587,#1588,#1589));
#4490=EDGE_LOOP('',(#1590,#1591,#1592,#1593));
#4491=EDGE_LOOP('',(#1594,#1595,#1596,#1597));
#4492=EDGE_LOOP('',(#1598,#1599,#1600,#1601));
#4493=EDGE_LOOP('',(#1602,#1603,#1604,#1605));
#4494=EDGE_LOOP('',(#1606,#1607,#1608,#1609,#1610,#1611,#1612,#1613));
#4495=EDGE_LOOP('',(#1614,#1615,#1616,#1617,#1618,#1619,#1620,#1621));
#4496=EDGE_LOOP('',(#1622));
#4497=EDGE_LOOP('',(#1623));
#4498=EDGE_LOOP('',(#1624));
#4499=EDGE_LOOP('',(#1625));
#4500=EDGE_LOOP('',(#1626,#1627,#1628,#1629,#1630,#1631,#1632));
#4501=EDGE_LOOP('',(#1633,#1634,#1635,#1636,#1637));
#4502=EDGE_LOOP('',(#1638,#1639,#1640,#1641,#1642,#1643,#1644,#1645,#1646,
#1647,#1648));
#4503=EDGE_LOOP('',(#1649,#1650,#1651,#1652,#1653,#1654,#1655));
#4504=EDGE_LOOP('',(#1656,#1657,#1658,#1659));
#4505=EDGE_LOOP('',(#1660,#1661,#1662,#1663,#1664,#1665,#1666,#1667,#1668));
#4506=EDGE_LOOP('',(#1669,#1670,#1671,#1672));
#4507=EDGE_LOOP('',(#1673,#1674,#1675,#1676,#1677));
#4508=EDGE_LOOP('',(#1678,#1679,#1680,#1681));
#4509=EDGE_LOOP('',(#1682,#1683,#1684,#1685,#1686,#1687,#1688));
#4510=EDGE_LOOP('',(#1689,#1690,#1691,#1692));
#4511=EDGE_LOOP('',(#1693,#1694,#1695,#1696,#1697,#1698,#1699));
#4512=EDGE_LOOP('',(#1700,#1701,#1702,#1703));
#4513=EDGE_LOOP('',(#1704,#1705,#1706,#1707,#1708,#1709,#1710,#1711,#1712));
#4514=EDGE_LOOP('',(#1713,#1714,#1715,#1716,#1717,#1718,#1719,#1720,#1721,
#1722,#1723));
#4515=EDGE_LOOP('',(#1724,#1725,#1726,#1727,#1728));
#4516=EDGE_LOOP('',(#1729,#1730,#1731,#1732,#1733,#1734,#1735));
#4517=EDGE_LOOP('',(#1736,#1737,#1738,#1739,#1740));
#4518=EDGE_LOOP('',(#1741,#1742,#1743,#1744,#1745,#1746,#1747));
#4519=EDGE_LOOP('',(#1748,#1749,#1750,#1751));
#4520=EDGE_LOOP('',(#1752));
#4521=EDGE_LOOP('',(#1753));
#4522=EDGE_LOOP('',(#1754));
#4523=EDGE_LOOP('',(#1755));
#4524=EDGE_LOOP('',(#1756,#1757,#1758));
#4525=EDGE_LOOP('',(#1759,#1760,#1761,#1762,#1763));
#4526=EDGE_LOOP('',(#1764,#1765,#1766,#1767,#1768));
#4527=EDGE_LOOP('',(#1769,#1770,#1771,#1772,#1773,#1774));
#4528=EDGE_LOOP('',(#1775,#1776,#1777));
#4529=EDGE_LOOP('',(#1778,#1779,#1780,#1781));
#4530=EDGE_LOOP('',(#1782,#1783,#1784,#1785));
#4531=EDGE_LOOP('',(#1786,#1787,#1788,#1789,#1790,#1791,#1792,#1793,#1794));
#4532=EDGE_LOOP('',(#1795,#1796,#1797,#1798,#1799,#1800,#1801,#1802,#1803,
#1804,#1805,#1806));
#4533=EDGE_LOOP('',(#1807,#1808,#1809,#1810));
#4534=EDGE_LOOP('',(#1811,#1812,#1813,#1814));
#4535=EDGE_LOOP('',(#1815,#1816,#1817,#1818));
#4536=EDGE_LOOP('',(#1819,#1820,#1821,#1822));
#4537=EDGE_LOOP('',(#1823,#1824,#1825,#1826));
#4538=EDGE_LOOP('',(#1827,#1828,#1829,#1830));
#4539=EDGE_LOOP('',(#1831,#1832,#1833,#1834));
#4540=EDGE_LOOP('',(#1835,#1836,#1837,#1838));
#4541=EDGE_LOOP('',(#1839,#1840,#1841,#1842));
#4542=EDGE_LOOP('',(#1843,#1844,#1845,#1846));
#4543=EDGE_LOOP('',(#1847,#1848,#1849));
#4544=EDGE_LOOP('',(#1850,#1851,#1852,#1853,#1854,#1855));
#4545=EDGE_LOOP('',(#1856,#1857,#1858,#1859,#1860));
#4546=EDGE_LOOP('',(#1861,#1862,#1863,#1864,#1865));
#4547=EDGE_LOOP('',(#1866,#1867,#1868));
#4548=EDGE_LOOP('',(#1869,#1870,#1871,#1872,#1873,#1874,#1875,#1876,#1877));
#4549=EDGE_LOOP('',(#1878,#1879,#1880,#1881,#1882,#1883,#1884,#1885,#1886,
#1887,#1888,#1889));
#4550=EDGE_LOOP('',(#1890,#1891,#1892,#1893));
#4551=EDGE_LOOP('',(#1894,#1895,#1896,#1897));
#4552=EDGE_LOOP('',(#1898,#1899,#1900,#1901));
#4553=EDGE_LOOP('',(#1902,#1903,#1904,#1905));
#4554=EDGE_LOOP('',(#1906,#1907,#1908,#1909));
#4555=EDGE_LOOP('',(#1910,#1911,#1912,#1913));
#4556=EDGE_LOOP('',(#1914,#1915,#1916,#1917));
#4557=EDGE_LOOP('',(#1918,#1919,#1920,#1921));
#4558=EDGE_LOOP('',(#1922));
#4559=EDGE_LOOP('',(#1923));
#4560=EDGE_LOOP('',(#1924,#1925,#1926,#1927,#1928,#1929,#1930,#1931,#1932));
#4561=EDGE_LOOP('',(#1933));
#4562=EDGE_LOOP('',(#1934,#1935,#1936,#1937));
#4563=EDGE_LOOP('',(#1938,#1939,#1940,#1941));
#4564=EDGE_LOOP('',(#1942,#1943,#1944,#1945));
#4565=EDGE_LOOP('',(#1946,#1947,#1948,#1949));
#4566=EDGE_LOOP('',(#1950,#1951,#1952,#1953));
#4567=EDGE_LOOP('',(#1954,#1955,#1956,#1957));
#4568=EDGE_LOOP('',(#1958,#1959,#1960,#1961));
#4569=EDGE_LOOP('',(#1962,#1963,#1964,#1965));
#4570=EDGE_LOOP('',(#1966,#1967,#1968,#1969,#1970,#1971));
#4571=EDGE_LOOP('',(#1972,#1973,#1974,#1975,#1976,#1977));
#4572=EDGE_LOOP('',(#1978,#1979,#1980,#1981));
#4573=EDGE_LOOP('',(#1982,#1983,#1984,#1985,#1986));
#4574=EDGE_LOOP('',(#1987,#1988,#1989,#1990));
#4575=EDGE_LOOP('',(#1991,#1992,#1993,#1994));
#4576=EDGE_LOOP('',(#1995,#1996,#1997,#1998,#1999,#2000));
#4577=EDGE_LOOP('',(#2001,#2002,#2003,#2004,#2005,#2006));
#4578=EDGE_LOOP('',(#2007,#2008,#2009,#2010));
#4579=EDGE_LOOP('',(#2011,#2012,#2013,#2014,#2015,#2016,#2017,#2018));
#4580=EDGE_LOOP('',(#2019,#2020,#2021,#2022,#2023));
#4581=EDGE_LOOP('',(#2024,#2025,#2026,#2027,#2028,#2029));
#4582=EDGE_LOOP('',(#2030,#2031,#2032,#2033,#2034,#2035));
#4583=EDGE_LOOP('',(#2036,#2037,#2038,#2039,#2040));
#4584=EDGE_LOOP('',(#2041,#2042,#2043,#2044,#2045,#2046,#2047,#2048));
#4585=EDGE_LOOP('',(#2049,#2050,#2051,#2052));
#4586=EDGE_LOOP('',(#2053,#2054,#2055,#2056,#2057,#2058));
#4587=EDGE_LOOP('',(#2059,#2060,#2061,#2062,#2063,#2064));
#4588=EDGE_LOOP('',(#2065,#2066,#2067,#2068));
#4589=EDGE_LOOP('',(#2069,#2070,#2071,#2072));
#4590=EDGE_LOOP('',(#2073,#2074,#2075,#2076,#2077));
#4591=EDGE_LOOP('',(#2078,#2079,#2080,#2081));
#4592=EDGE_LOOP('',(#2082,#2083,#2084,#2085,#2086,#2087));
#4593=EDGE_LOOP('',(#2088,#2089,#2090,#2091,#2092,#2093));
#4594=EDGE_LOOP('',(#2094,#2095,#2096,#2097,#2098,#2099));
#4595=EDGE_LOOP('',(#2100,#2101,#2102,#2103));
#4596=EDGE_LOOP('',(#2104,#2105,#2106,#2107));
#4597=EDGE_LOOP('',(#2108,#2109,#2110,#2111));
#4598=EDGE_LOOP('',(#2112,#2113,#2114,#2115));
#4599=EDGE_LOOP('',(#2116,#2117,#2118,#2119));
#4600=EDGE_LOOP('',(#2120,#2121,#2122,#2123));
#4601=EDGE_LOOP('',(#2124,#2125,#2126,#2127));
#4602=EDGE_LOOP('',(#2128,#2129,#2130,#2131));
#4603=EDGE_LOOP('',(#2132,#2133,#2134,#2135,#2136,#2137));
#4604=EDGE_LOOP('',(#2138,#2139,#2140,#2141,#2142,#2143,#2144,#2145,#2146));
#4605=EDGE_LOOP('',(#2147));
#4606=EDGE_LOOP('',(#2148));
#4607=EDGE_LOOP('',(#2149));
#4608=EDGE_LOOP('',(#2150,#2151,#2152,#2153));
#4609=EDGE_LOOP('',(#2154,#2155,#2156,#2157,#2158));
#4610=EDGE_LOOP('',(#2159,#2160,#2161,#2162,#2163));
#4611=EDGE_LOOP('',(#2164,#2165,#2166,#2167));
#4612=EDGE_LOOP('',(#2168,#2169,#2170,#2171,#2172,#2173,#2174,#2175));
#4613=EDGE_LOOP('',(#2176,#2177,#2178,#2179,#2180,#2181,#2182,#2183,#2184,
#2185,#2186,#2187,#2188,#2189,#2190,#2191,#2192));
#4614=EDGE_LOOP('',(#2193,#2194,#2195,#2196,#2197));
#4615=EDGE_LOOP('',(#2198,#2199,#2200,#2201,#2202,#2203,#2204,#2205));
#4616=EDGE_LOOP('',(#2206,#2207,#2208,#2209,#2210));
#4617=EDGE_LOOP('',(#2211,#2212,#2213,#2214,#2215,#2216,#2217,#2218));
#4618=EDGE_LOOP('',(#2219,#2220,#2221,#2222,#2223,#2224,#2225,#2226));
#4619=EDGE_LOOP('',(#2227,#2228,#2229,#2230,#2231,#2232,#2233,#2234,#2235,
#2236,#2237,#2238,#2239,#2240,#2241,#2242,#2243));
#4620=EDGE_LOOP('',(#2244,#2245,#2246,#2247));
#4621=EDGE_LOOP('',(#2248,#2249,#2250,#2251));
#4622=EDGE_LOOP('',(#2252,#2253,#2254,#2255));
#4623=EDGE_LOOP('',(#2256));
#4624=EDGE_LOOP('',(#2257));
#4625=EDGE_LOOP('',(#2258,#2259,#2260,#2261,#2262));
#4626=EDGE_LOOP('',(#2263,#2264,#2265,#2266,#2267,#2268));
#4627=EDGE_LOOP('',(#2269,#2270,#2271,#2272));
#4628=EDGE_LOOP('',(#2273,#2274,#2275,#2276));
#4629=EDGE_LOOP('',(#2277,#2278,#2279,#2280));
#4630=EDGE_LOOP('',(#2281,#2282,#2283,#2284));
#4631=EDGE_LOOP('',(#2285,#2286,#2287,#2288));
#4632=EDGE_LOOP('',(#2289,#2290,#2291,#2292));
#4633=EDGE_LOOP('',(#2293,#2294,#2295,#2296));
#4634=EDGE_LOOP('',(#2297,#2298,#2299,#2300));
#4635=EDGE_LOOP('',(#2301,#2302,#2303,#2304,#2305,#2306));
#4636=EDGE_LOOP('',(#2307,#2308,#2309,#2310));
#4637=EDGE_LOOP('',(#2311,#2312,#2313,#2314,#2315,#2316));
#4638=EDGE_LOOP('',(#2317,#2318,#2319,#2320));
#4639=EDGE_LOOP('',(#2321,#2322,#2323,#2324,#2325,#2326,#2327,#2328,#2329,
#2330,#2331,#2332,#2333,#2334));
#4640=EDGE_LOOP('',(#2335,#2336,#2337,#2338));
#4641=EDGE_LOOP('',(#2339,#2340,#2341,#2342,#2343,#2344,#2345,#2346,#2347,
#2348,#2349,#2350,#2351,#2352,#2353,#2354,#2355,#2356,#2357,#2358,#2359,
#2360,#2361,#2362,#2363,#2364,#2365,#2366,#2367,#2368,#2369,#2370,#2371,
#2372));
#4642=EDGE_LOOP('',(#2373,#2374,#2375,#2376,#2377,#2378));
#4643=EDGE_LOOP('',(#2379,#2380,#2381,#2382));
#4644=EDGE_LOOP('',(#2383,#2384,#2385,#2386,#2387,#2388));
#4645=EDGE_LOOP('',(#2389,#2390,#2391,#2392,#2393,#2394,#2395,#2396,#2397,
#2398,#2399,#2400,#2401,#2402,#2403,#2404,#2405,#2406,#2407,#2408,#2409,
#2410,#2411,#2412,#2413,#2414,#2415,#2416,#2417,#2418,#2419,#2420,#2421,
#2422));
#4646=EDGE_LOOP('',(#2423,#2424,#2425,#2426));
#4647=EDGE_LOOP('',(#2427,#2428,#2429,#2430));
#4648=EDGE_LOOP('',(#2431,#2432,#2433,#2434));
#4649=EDGE_LOOP('',(#2435,#2436,#2437,#2438));
#4650=EDGE_LOOP('',(#2439,#2440,#2441,#2442));
#4651=EDGE_LOOP('',(#2443,#2444,#2445,#2446));
#4652=EDGE_LOOP('',(#2447,#2448,#2449,#2450));
#4653=EDGE_LOOP('',(#2451,#2452,#2453,#2454));
#4654=EDGE_LOOP('',(#2455,#2456,#2457,#2458));
#4655=EDGE_LOOP('',(#2459,#2460,#2461,#2462));
#4656=EDGE_LOOP('',(#2463,#2464,#2465,#2466,#2467,#2468));
#4657=EDGE_LOOP('',(#2469,#2470,#2471,#2472));
#4658=EDGE_LOOP('',(#2473,#2474,#2475,#2476,#2477,#2478,#2479,#2480,#2481,
#2482,#2483,#2484,#2485,#2486));
#4659=EDGE_LOOP('',(#2487,#2488,#2489,#2490,#2491));
#4660=EDGE_LOOP('',(#2492,#2493,#2494,#2495,#2496,#2497));
#4661=EDGE_LOOP('',(#2498,#2499,#2500,#2501,#2502,#2503));
#4662=EDGE_LOOP('',(#2504,#2505,#2506,#2507));
#4663=EDGE_LOOP('',(#2508,#2509,#2510,#2511));
#4664=EDGE_LOOP('',(#2512,#2513,#2514,#2515));
#4665=EDGE_LOOP('',(#2516));
#4666=EDGE_LOOP('',(#2517));
#4667=EDGE_LOOP('',(#2518,#2519,#2520,#2521,#2522,#2523,#2524));
#4668=EDGE_LOOP('',(#2525,#2526,#2527,#2528,#2529,#2530,#2531));
#4669=EDGE_LOOP('',(#2532,#2533,#2534));
#4670=EDGE_LOOP('',(#2535,#2536,#2537,#2538,#2539,#2540,#2541,#2542));
#4671=EDGE_LOOP('',(#2543,#2544,#2545,#2546));
#4672=EDGE_LOOP('',(#2547,#2548,#2549,#2550));
#4673=EDGE_LOOP('',(#2551,#2552,#2553,#2554,#2555,#2556,#2557,#2558));
#4674=EDGE_LOOP('',(#2559,#2560,#2561));
#4675=EDGE_LOOP('',(#2562,#2563,#2564,#2565,#2566));
#4676=EDGE_LOOP('',(#2567,#2568,#2569,#2570));
#4677=EDGE_LOOP('',(#2571,#2572,#2573,#2574,#2575,#2576));
#4678=EDGE_LOOP('',(#2577,#2578,#2579,#2580,#2581,#2582,#2583));
#4679=EDGE_LOOP('',(#2584,#2585,#2586,#2587));
#4680=EDGE_LOOP('',(#2588,#2589,#2590,#2591));
#4681=EDGE_LOOP('',(#2592,#2593,#2594,#2595,#2596,#2597,#2598));
#4682=EDGE_LOOP('',(#2599,#2600,#2601,#2602,#2603,#2604));
#4683=EDGE_LOOP('',(#2605,#2606,#2607,#2608));
#4684=EDGE_LOOP('',(#2609,#2610,#2611,#2612,#2613));
#4685=EDGE_LOOP('',(#2614,#2615,#2616,#2617,#2618,#2619,#2620,#2621,#2622,
#2623,#2624,#2625,#2626,#2627,#2628,#2629,#2630,#2631));
#4686=EDGE_LOOP('',(#2632));
#4687=EDGE_LOOP('',(#2633,#2634,#2635,#2636,#2637,#2638,#2639,#2640,#2641));
#4688=EDGE_LOOP('',(#2642,#2643,#2644,#2645));
#4689=EDGE_LOOP('',(#2646,#2647,#2648,#2649,#2650,#2651,#2652,#2653,#2654,
#2655,#2656,#2657,#2658,#2659,#2660,#2661,#2662));
#4690=EDGE_LOOP('',(#2663,#2664,#2665,#2666,#2667,#2668));
#4691=EDGE_LOOP('',(#2669,#2670,#2671,#2672,#2673,#2674));
#4692=EDGE_LOOP('',(#2675,#2676,#2677,#2678));
#4693=EDGE_LOOP('',(#2679,#2680,#2681,#2682));
#4694=EDGE_LOOP('',(#2683,#2684,#2685,#2686));
#4695=EDGE_LOOP('',(#2687,#2688,#2689,#2690,#2691,#2692,#2693,#2694,#2695,
#2696,#2697,#2698,#2699,#2700,#2701,#2702,#2703,#2704,#2705,#2706));
#4696=EDGE_LOOP('',(#2707,#2708,#2709,#2710));
#4697=EDGE_LOOP('',(#2711,#2712,#2713,#2714));
#4698=EDGE_LOOP('',(#2715,#2716,#2717,#2718));
#4699=EDGE_LOOP('',(#2719,#2720,#2721,#2722,#2723,#2724));
#4700=EDGE_LOOP('',(#2725,#2726,#2727,#2728,#2729,#2730));
#4701=EDGE_LOOP('',(#2731,#2732,#2733,#2734,#2735,#2736,#2737,#2738,#2739,
#2740,#2741,#2742,#2743,#2744,#2745,#2746,#2747));
#4702=EDGE_LOOP('',(#2748,#2749,#2750,#2751));
#4703=EDGE_LOOP('',(#2752));
#4704=EDGE_LOOP('',(#2753,#2754,#2755,#2756,#2757,#2758,#2759,#2760,#2761));
#4705=EDGE_LOOP('',(#2762,#2763,#2764,#2765,#2766,#2767,#2768,#2769,#2770,
#2771,#2772,#2773,#2774,#2775,#2776,#2777,#2778,#2779,#2780,#2781,#2782,
#2783,#2784,#2785,#2786,#2787));
#4706=EDGE_LOOP('',(#2788,#2789,#2790,#2791,#2792));
#4707=EDGE_LOOP('',(#2793,#2794,#2795,#2796,#2797));
#4708=EDGE_LOOP('',(#2798,#2799,#2800,#2801));
#4709=EDGE_LOOP('',(#2802,#2803,#2804,#2805));
#4710=EDGE_LOOP('',(#2806,#2807,#2808,#2809));
#4711=EDGE_LOOP('',(#2810,#2811,#2812,#2813,#2814,#2815,#2816,#2817,#2818,
#2819,#2820));
#4712=EDGE_LOOP('',(#2821,#2822,#2823,#2824));
#4713=EDGE_LOOP('',(#2825,#2826,#2827,#2828));
#4714=EDGE_LOOP('',(#2829,#2830,#2831,#2832));
#4715=EDGE_LOOP('',(#2833));
#4716=EDGE_LOOP('',(#2834));
#4717=EDGE_LOOP('',(#2835));
#4718=EDGE_LOOP('',(#2836,#2837,#2838,#2839,#2840,#2841,#2842,#2843,#2844,
#2845,#2846,#2847,#2848,#2849,#2850,#2851,#2852,#2853,#2854,#2855,#2856,
#2857,#2858,#2859,#2860,#2861,#2862,#2863,#2864,#2865,#2866,#2867,#2868,
#2869));
#4719=EDGE_LOOP('',(#2870,#2871,#2872,#2873));
#4720=EDGE_LOOP('',(#2874,#2875,#2876,#2877));
#4721=EDGE_LOOP('',(#2878,#2879,#2880,#2881));
#4722=EDGE_LOOP('',(#2882,#2883,#2884,#2885));
#4723=EDGE_LOOP('',(#2886,#2887,#2888,#2889));
#4724=EDGE_LOOP('',(#2890,#2891,#2892,#2893));
#4725=EDGE_LOOP('',(#2894,#2895,#2896,#2897));
#4726=EDGE_LOOP('',(#2898,#2899,#2900,#2901));
#4727=EDGE_LOOP('',(#2902,#2903,#2904,#2905,#2906,#2907,#2908));
#4728=EDGE_LOOP('',(#2909,#2910,#2911,#2912,#2913,#2914,#2915));
#4729=EDGE_LOOP('',(#2916,#2917,#2918,#2919,#2920,#2921,#2922,#2923,#2924,
#2925,#2926));
#4730=EDGE_LOOP('',(#2927,#2928,#2929,#2930,#2931,#2932,#2933,#2934));
#4731=EDGE_LOOP('',(#2935));
#4732=EDGE_LOOP('',(#2936));
#4733=EDGE_LOOP('',(#2937));
#4734=EDGE_LOOP('',(#2938));
#4735=EDGE_LOOP('',(#2939));
#4736=EDGE_LOOP('',(#2940));
#4737=EDGE_LOOP('',(#2941));
#4738=EDGE_LOOP('',(#2942));
#4739=EDGE_LOOP('',(#2943));
#4740=EDGE_LOOP('',(#2944));
#4741=EDGE_LOOP('',(#2945));
#4742=EDGE_LOOP('',(#2946));
#4743=EDGE_LOOP('',(#2947));
#4744=EDGE_LOOP('',(#2948));
#4745=EDGE_LOOP('',(#2949));
#4746=EDGE_LOOP('',(#2950));
#4747=EDGE_LOOP('',(#2951));
#4748=EDGE_LOOP('',(#2952));
#4749=EDGE_LOOP('',(#2953));
#4750=EDGE_LOOP('',(#2954));
#4751=EDGE_LOOP('',(#2955));
#4752=EDGE_LOOP('',(#2956));
#4753=EDGE_LOOP('',(#2957));
#4754=EDGE_LOOP('',(#2958));
#4755=EDGE_LOOP('',(#2959));
#4756=EDGE_LOOP('',(#2960));
#4757=EDGE_LOOP('',(#2961));
#4758=EDGE_LOOP('',(#2962));
#4759=EDGE_LOOP('',(#2963));
#4760=EDGE_LOOP('',(#2964));
#4761=EDGE_LOOP('',(#2965));
#4762=EDGE_LOOP('',(#2966));
#4763=EDGE_LOOP('',(#2967));
#4764=EDGE_LOOP('',(#2968));
#4765=EDGE_LOOP('',(#2969));
#4766=EDGE_LOOP('',(#2970));
#4767=EDGE_LOOP('',(#2971));
#4768=EDGE_LOOP('',(#2972));
#4769=EDGE_LOOP('',(#2973));
#4770=FACE_BOUND('',#4430,.T.);
#4771=FACE_BOUND('',#4431,.T.);
#4772=FACE_BOUND('',#4432,.T.);
#4773=FACE_BOUND('',#4433,.T.);
#4774=FACE_BOUND('',#4434,.T.);
#4775=FACE_BOUND('',#4435,.T.);
#4776=FACE_BOUND('',#4436,.T.);
#4777=FACE_BOUND('',#4437,.T.);
#4778=FACE_BOUND('',#4438,.T.);
#4779=FACE_BOUND('',#4439,.T.);
#4780=FACE_BOUND('',#4440,.T.);
#4781=FACE_BOUND('',#4441,.T.);
#4782=FACE_BOUND('',#4442,.T.);
#4783=FACE_BOUND('',#4443,.T.);
#4784=FACE_BOUND('',#4444,.T.);
#4785=FACE_BOUND('',#4445,.T.);
#4786=FACE_BOUND('',#4446,.T.);
#4787=FACE_BOUND('',#4447,.T.);
#4788=FACE_BOUND('',#4448,.T.);
#4789=FACE_BOUND('',#4449,.T.);
#4790=FACE_BOUND('',#4450,.T.);
#4791=FACE_BOUND('',#4451,.T.);
#4792=FACE_BOUND('',#4452,.T.);
#4793=FACE_BOUND('',#4453,.T.);
#4794=FACE_BOUND('',#4454,.T.);
#4795=FACE_BOUND('',#4455,.T.);
#4796=FACE_BOUND('',#4456,.T.);
#4797=FACE_BOUND('',#4457,.T.);
#4798=FACE_BOUND('',#4458,.T.);
#4799=FACE_BOUND('',#4459,.T.);
#4800=FACE_BOUND('',#4460,.T.);
#4801=FACE_BOUND('',#4461,.T.);
#4802=FACE_BOUND('',#4462,.T.);
#4803=FACE_BOUND('',#4463,.T.);
#4804=FACE_BOUND('',#4464,.T.);
#4805=FACE_BOUND('',#4465,.T.);
#4806=FACE_BOUND('',#4466,.T.);
#4807=FACE_BOUND('',#4467,.T.);
#4808=FACE_BOUND('',#4468,.T.);
#4809=FACE_BOUND('',#4469,.T.);
#4810=FACE_BOUND('',#4470,.T.);
#4811=FACE_BOUND('',#4471,.T.);
#4812=FACE_BOUND('',#4472,.T.);
#4813=FACE_BOUND('',#4473,.T.);
#4814=FACE_BOUND('',#4474,.T.);
#4815=FACE_BOUND('',#4475,.T.);
#4816=FACE_BOUND('',#4476,.T.);
#4817=FACE_BOUND('',#4477,.T.);
#4818=FACE_BOUND('',#4478,.T.);
#4819=FACE_BOUND('',#4479,.T.);
#4820=FACE_BOUND('',#4480,.T.);
#4821=FACE_BOUND('',#4481,.T.);
#4822=FACE_BOUND('',#4482,.T.);
#4823=FACE_BOUND('',#4483,.T.);
#4824=FACE_BOUND('',#4484,.T.);
#4825=FACE_BOUND('',#4485,.T.);
#4826=FACE_BOUND('',#4486,.T.);
#4827=FACE_BOUND('',#4487,.T.);
#4828=FACE_BOUND('',#4488,.T.);
#4829=FACE_BOUND('',#4489,.T.);
#4830=FACE_BOUND('',#4490,.T.);
#4831=FACE_BOUND('',#4491,.T.);
#4832=FACE_BOUND('',#4492,.T.);
#4833=FACE_BOUND('',#4493,.T.);
#4834=FACE_BOUND('',#4494,.T.);
#4835=FACE_BOUND('',#4495,.T.);
#4836=FACE_BOUND('',#4496,.T.);
#4837=FACE_BOUND('',#4497,.T.);
#4838=FACE_BOUND('',#4498,.T.);
#4839=FACE_BOUND('',#4499,.T.);
#4840=FACE_BOUND('',#4500,.T.);
#4841=FACE_BOUND('',#4501,.T.);
#4842=FACE_BOUND('',#4502,.T.);
#4843=FACE_BOUND('',#4503,.T.);
#4844=FACE_BOUND('',#4504,.T.);
#4845=FACE_BOUND('',#4505,.T.);
#4846=FACE_BOUND('',#4506,.T.);
#4847=FACE_BOUND('',#4507,.T.);
#4848=FACE_BOUND('',#4508,.T.);
#4849=FACE_BOUND('',#4509,.T.);
#4850=FACE_BOUND('',#4510,.T.);
#4851=FACE_BOUND('',#4511,.T.);
#4852=FACE_BOUND('',#4512,.T.);
#4853=FACE_BOUND('',#4513,.T.);
#4854=FACE_BOUND('',#4514,.T.);
#4855=FACE_BOUND('',#4515,.T.);
#4856=FACE_BOUND('',#4516,.T.);
#4857=FACE_BOUND('',#4517,.T.);
#4858=FACE_BOUND('',#4518,.T.);
#4859=FACE_BOUND('',#4519,.T.);
#4860=FACE_BOUND('',#4520,.T.);
#4861=FACE_BOUND('',#4521,.T.);
#4862=FACE_BOUND('',#4522,.T.);
#4863=FACE_BOUND('',#4523,.T.);
#4864=FACE_BOUND('',#4524,.T.);
#4865=FACE_BOUND('',#4525,.T.);
#4866=FACE_BOUND('',#4526,.T.);
#4867=FACE_BOUND('',#4527,.T.);
#4868=FACE_BOUND('',#4528,.T.);
#4869=FACE_BOUND('',#4529,.T.);
#4870=FACE_BOUND('',#4530,.T.);
#4871=FACE_BOUND('',#4531,.T.);
#4872=FACE_BOUND('',#4532,.T.);
#4873=FACE_BOUND('',#4533,.T.);
#4874=FACE_BOUND('',#4534,.T.);
#4875=FACE_BOUND('',#4535,.T.);
#4876=FACE_BOUND('',#4536,.T.);
#4877=FACE_BOUND('',#4537,.T.);
#4878=FACE_BOUND('',#4538,.T.);
#4879=FACE_BOUND('',#4539,.T.);
#4880=FACE_BOUND('',#4540,.T.);
#4881=FACE_BOUND('',#4541,.T.);
#4882=FACE_BOUND('',#4542,.T.);
#4883=FACE_BOUND('',#4543,.T.);
#4884=FACE_BOUND('',#4544,.T.);
#4885=FACE_BOUND('',#4545,.T.);
#4886=FACE_BOUND('',#4546,.T.);
#4887=FACE_BOUND('',#4547,.T.);
#4888=FACE_BOUND('',#4548,.T.);
#4889=FACE_BOUND('',#4549,.T.);
#4890=FACE_BOUND('',#4550,.T.);
#4891=FACE_BOUND('',#4551,.T.);
#4892=FACE_BOUND('',#4552,.T.);
#4893=FACE_BOUND('',#4553,.T.);
#4894=FACE_BOUND('',#4554,.T.);
#4895=FACE_BOUND('',#4555,.T.);
#4896=FACE_BOUND('',#4556,.T.);
#4897=FACE_BOUND('',#4557,.T.);
#4898=FACE_BOUND('',#4558,.T.);
#4899=FACE_BOUND('',#4559,.T.);
#4900=FACE_BOUND('',#4560,.T.);
#4901=FACE_BOUND('',#4561,.T.);
#4902=FACE_BOUND('',#4562,.T.);
#4903=FACE_BOUND('',#4563,.T.);
#4904=FACE_BOUND('',#4564,.T.);
#4905=FACE_BOUND('',#4565,.T.);
#4906=FACE_BOUND('',#4566,.T.);
#4907=FACE_BOUND('',#4567,.T.);
#4908=FACE_BOUND('',#4568,.T.);
#4909=FACE_BOUND('',#4569,.T.);
#4910=FACE_BOUND('',#4570,.T.);
#4911=FACE_BOUND('',#4571,.T.);
#4912=FACE_BOUND('',#4572,.T.);
#4913=FACE_BOUND('',#4573,.T.);
#4914=FACE_BOUND('',#4574,.T.);
#4915=FACE_BOUND('',#4575,.T.);
#4916=FACE_BOUND('',#4576,.T.);
#4917=FACE_BOUND('',#4577,.T.);
#4918=FACE_BOUND('',#4578,.T.);
#4919=FACE_BOUND('',#4579,.T.);
#4920=FACE_BOUND('',#4580,.T.);
#4921=FACE_BOUND('',#4581,.T.);
#4922=FACE_BOUND('',#4582,.T.);
#4923=FACE_BOUND('',#4583,.T.);
#4924=FACE_BOUND('',#4584,.T.);
#4925=FACE_BOUND('',#4585,.T.);
#4926=FACE_BOUND('',#4586,.T.);
#4927=FACE_BOUND('',#4587,.T.);
#4928=FACE_BOUND('',#4588,.T.);
#4929=FACE_BOUND('',#4589,.T.);
#4930=FACE_BOUND('',#4590,.T.);
#4931=FACE_BOUND('',#4591,.T.);
#4932=FACE_BOUND('',#4592,.T.);
#4933=FACE_BOUND('',#4593,.T.);
#4934=FACE_BOUND('',#4594,.T.);
#4935=FACE_BOUND('',#4595,.T.);
#4936=FACE_BOUND('',#4596,.T.);
#4937=FACE_BOUND('',#4597,.T.);
#4938=FACE_BOUND('',#4598,.T.);
#4939=FACE_BOUND('',#4599,.T.);
#4940=FACE_BOUND('',#4600,.T.);
#4941=FACE_BOUND('',#4601,.T.);
#4942=FACE_BOUND('',#4602,.T.);
#4943=FACE_BOUND('',#4603,.T.);
#4944=FACE_BOUND('',#4604,.T.);
#4945=FACE_BOUND('',#4605,.T.);
#4946=FACE_BOUND('',#4606,.T.);
#4947=FACE_BOUND('',#4607,.T.);
#4948=FACE_BOUND('',#4608,.T.);
#4949=FACE_BOUND('',#4609,.T.);
#4950=FACE_BOUND('',#4610,.T.);
#4951=FACE_BOUND('',#4611,.T.);
#4952=FACE_BOUND('',#4612,.T.);
#4953=FACE_BOUND('',#4613,.T.);
#4954=FACE_BOUND('',#4614,.T.);
#4955=FACE_BOUND('',#4615,.T.);
#4956=FACE_BOUND('',#4616,.T.);
#4957=FACE_BOUND('',#4617,.T.);
#4958=FACE_BOUND('',#4618,.T.);
#4959=FACE_BOUND('',#4619,.T.);
#4960=FACE_BOUND('',#4620,.T.);
#4961=FACE_BOUND('',#4621,.T.);
#4962=FACE_BOUND('',#4622,.T.);
#4963=FACE_BOUND('',#4623,.T.);
#4964=FACE_BOUND('',#4624,.T.);
#4965=FACE_BOUND('',#4625,.T.);
#4966=FACE_BOUND('',#4626,.T.);
#4967=FACE_BOUND('',#4627,.T.);
#4968=FACE_BOUND('',#4628,.T.);
#4969=FACE_BOUND('',#4629,.T.);
#4970=FACE_BOUND('',#4630,.T.);
#4971=FACE_BOUND('',#4631,.T.);
#4972=FACE_BOUND('',#4632,.T.);
#4973=FACE_BOUND('',#4633,.T.);
#4974=FACE_BOUND('',#4634,.T.);
#4975=FACE_BOUND('',#4635,.T.);
#4976=FACE_BOUND('',#4636,.T.);
#4977=FACE_BOUND('',#4637,.T.);
#4978=FACE_BOUND('',#4638,.T.);
#4979=FACE_BOUND('',#4639,.T.);
#4980=FACE_BOUND('',#4640,.T.);
#4981=FACE_BOUND('',#4641,.T.);
#4982=FACE_BOUND('',#4642,.T.);
#4983=FACE_BOUND('',#4643,.T.);
#4984=FACE_BOUND('',#4644,.T.);
#4985=FACE_BOUND('',#4645,.T.);
#4986=FACE_BOUND('',#4646,.T.);
#4987=FACE_BOUND('',#4647,.T.);
#4988=FACE_BOUND('',#4648,.T.);
#4989=FACE_BOUND('',#4649,.T.);
#4990=FACE_BOUND('',#4650,.T.);
#4991=FACE_BOUND('',#4651,.T.);
#4992=FACE_BOUND('',#4652,.T.);
#4993=FACE_BOUND('',#4653,.T.);
#4994=FACE_BOUND('',#4654,.T.);
#4995=FACE_BOUND('',#4655,.T.);
#4996=FACE_BOUND('',#4656,.T.);
#4997=FACE_BOUND('',#4657,.T.);
#4998=FACE_BOUND('',#4658,.T.);
#4999=FACE_BOUND('',#4659,.T.);
#5000=FACE_BOUND('',#4660,.T.);
#5001=FACE_BOUND('',#4661,.T.);
#5002=FACE_BOUND('',#4662,.T.);
#5003=FACE_BOUND('',#4663,.T.);
#5004=FACE_BOUND('',#4664,.T.);
#5005=FACE_BOUND('',#4665,.T.);
#5006=FACE_BOUND('',#4666,.T.);
#5007=FACE_BOUND('',#4667,.T.);
#5008=FACE_BOUND('',#4668,.T.);
#5009=FACE_BOUND('',#4669,.T.);
#5010=FACE_BOUND('',#4670,.T.);
#5011=FACE_BOUND('',#4671,.T.);
#5012=FACE_BOUND('',#4672,.T.);
#5013=FACE_BOUND('',#4673,.T.);
#5014=FACE_BOUND('',#4674,.T.);
#5015=FACE_BOUND('',#4675,.T.);
#5016=FACE_BOUND('',#4676,.T.);
#5017=FACE_BOUND('',#4677,.T.);
#5018=FACE_BOUND('',#4678,.T.);
#5019=FACE_BOUND('',#4679,.T.);
#5020=FACE_BOUND('',#4680,.T.);
#5021=FACE_BOUND('',#4681,.T.);
#5022=FACE_BOUND('',#4682,.T.);
#5023=FACE_BOUND('',#4683,.T.);
#5024=FACE_BOUND('',#4684,.T.);
#5025=FACE_BOUND('',#4685,.T.);
#5026=FACE_BOUND('',#4686,.T.);
#5027=FACE_BOUND('',#4687,.T.);
#5028=FACE_BOUND('',#4688,.T.);
#5029=FACE_BOUND('',#4689,.T.);
#5030=FACE_BOUND('',#4690,.T.);
#5031=FACE_BOUND('',#4691,.T.);
#5032=FACE_BOUND('',#4692,.T.);
#5033=FACE_BOUND('',#4693,.T.);
#5034=FACE_BOUND('',#4694,.T.);
#5035=FACE_BOUND('',#4695,.T.);
#5036=FACE_BOUND('',#4696,.T.);
#5037=FACE_BOUND('',#4697,.T.);
#5038=FACE_BOUND('',#4698,.T.);
#5039=FACE_BOUND('',#4699,.T.);
#5040=FACE_BOUND('',#4700,.T.);
#5041=FACE_BOUND('',#4701,.T.);
#5042=FACE_BOUND('',#4702,.T.);
#5043=FACE_BOUND('',#4703,.T.);
#5044=FACE_BOUND('',#4704,.T.);
#5045=FACE_BOUND('',#4705,.T.);
#5046=FACE_BOUND('',#4706,.T.);
#5047=FACE_BOUND('',#4707,.T.);
#5048=FACE_BOUND('',#4708,.T.);
#5049=FACE_BOUND('',#4709,.T.);
#5050=FACE_BOUND('',#4710,.T.);
#5051=FACE_BOUND('',#4711,.T.);
#5052=FACE_BOUND('',#4712,.T.);
#5053=FACE_BOUND('',#4713,.T.);
#5054=FACE_BOUND('',#4714,.T.);
#5055=FACE_BOUND('',#4715,.T.);
#5056=FACE_BOUND('',#4716,.T.);
#5057=FACE_BOUND('',#4717,.T.);
#5058=FACE_BOUND('',#4718,.T.);
#5059=FACE_BOUND('',#4719,.T.);
#5060=FACE_BOUND('',#4720,.T.);
#5061=FACE_BOUND('',#4721,.T.);
#5062=FACE_BOUND('',#4722,.T.);
#5063=FACE_BOUND('',#4723,.T.);
#5064=FACE_BOUND('',#4724,.T.);
#5065=FACE_BOUND('',#4725,.T.);
#5066=FACE_BOUND('',#4726,.T.);
#5067=FACE_BOUND('',#4727,.T.);
#5068=FACE_BOUND('',#4728,.T.);
#5069=FACE_BOUND('',#4729,.T.);
#5070=FACE_BOUND('',#4730,.T.);
#5071=FACE_BOUND('',#4731,.T.);
#5072=FACE_BOUND('',#4732,.T.);
#5073=FACE_BOUND('',#4733,.T.);
#5074=FACE_BOUND('',#4734,.T.);
#5075=FACE_BOUND('',#4735,.T.);
#5076=FACE_BOUND('',#4736,.T.);
#5077=FACE_BOUND('',#4737,.T.);
#5078=FACE_BOUND('',#4738,.T.);
#5079=FACE_BOUND('',#4739,.T.);
#5080=FACE_BOUND('',#4740,.T.);
#5081=FACE_BOUND('',#4741,.T.);
#5082=FACE_BOUND('',#4742,.T.);
#5083=FACE_BOUND('',#4743,.T.);
#5084=FACE_BOUND('',#4744,.T.);
#5085=FACE_BOUND('',#4745,.T.);
#5086=FACE_BOUND('',#4746,.T.);
#5087=FACE_BOUND('',#4747,.T.);
#5088=FACE_BOUND('',#4748,.T.);
#5089=FACE_BOUND('',#4749,.T.);
#5090=FACE_BOUND('',#4750,.T.);
#5091=FACE_BOUND('',#4751,.T.);
#5092=FACE_BOUND('',#4752,.T.);
#5093=FACE_BOUND('',#4753,.T.);
#5094=FACE_BOUND('',#4754,.T.);
#5095=FACE_BOUND('',#4755,.T.);
#5096=FACE_BOUND('',#4756,.T.);
#5097=FACE_BOUND('',#4757,.T.);
#5098=FACE_BOUND('',#4758,.T.);
#5099=FACE_BOUND('',#4759,.T.);
#5100=FACE_BOUND('',#4760,.T.);
#5101=FACE_BOUND('',#4761,.T.);
#5102=FACE_BOUND('',#4762,.T.);
#5103=FACE_BOUND('',#4763,.T.);
#5104=FACE_BOUND('',#4764,.T.);
#5105=FACE_BOUND('',#4765,.T.);
#5106=FACE_BOUND('',#4766,.T.);
#5107=FACE_BOUND('',#4767,.T.);
#5108=FACE_BOUND('',#4768,.T.);
#5109=FACE_BOUND('',#4769,.T.);
#5110=PLANE('',#5601);
#5111=PLANE('',#5623);
#5112=PLANE('',#5626);
#5113=PLANE('',#5627);
#5114=PLANE('',#5630);
#5115=PLANE('',#5633);
#5116=PLANE('',#5638);
#5117=PLANE('',#5639);
#5118=PLANE('',#5640);
#5119=PLANE('',#5641);
#5120=PLANE('',#5642);
#5121=PLANE('',#5644);
#5122=PLANE('',#5646);
#5123=PLANE('',#5648);
#5124=PLANE('',#5650);
#5125=PLANE('',#5651);
#5126=PLANE('',#5652);
#5127=PLANE('',#5654);
#5128=PLANE('',#5655);
#5129=PLANE('',#5656);
#5130=PLANE('',#5657);
#5131=PLANE('',#5659);
#5132=PLANE('',#5661);
#5133=PLANE('',#5662);
#5134=PLANE('',#5664);
#5135=PLANE('',#5666);
#5136=PLANE('',#5668);
#5137=PLANE('',#5669);
#5138=PLANE('',#5670);
#5139=PLANE('',#5671);
#5140=PLANE('',#5672);
#5141=PLANE('',#5673);
#5142=PLANE('',#5674);
#5143=PLANE('',#5675);
#5144=PLANE('',#5676);
#5145=PLANE('',#5677);
#5146=PLANE('',#5678);
#5147=PLANE('',#5679);
#5148=PLANE('',#5680);
#5149=PLANE('',#5681);
#5150=PLANE('',#5682);
#5151=PLANE('',#5683);
#5152=PLANE('',#5684);
#5153=PLANE('',#5685);
#5154=PLANE('',#5686);
#5155=PLANE('',#5687);
#5156=PLANE('',#5688);
#5157=PLANE('',#5689);
#5158=PLANE('',#5690);
#5159=PLANE('',#5691);
#5160=PLANE('',#5692);
#5161=PLANE('',#5693);
#5162=PLANE('',#5694);
#5163=PLANE('',#5695);
#5164=PLANE('',#5700);
#5165=PLANE('',#5702);
#5166=PLANE('',#5704);
#5167=PLANE('',#5705);
#5168=PLANE('',#5706);
#5169=PLANE('',#5709);
#5170=PLANE('',#5711);
#5171=PLANE('',#5712);
#5172=PLANE('',#5714);
#5173=PLANE('',#5715);
#5174=PLANE('',#5718);
#5175=PLANE('',#5720);
#5176=PLANE('',#5721);
#5177=PLANE('',#5723);
#5178=PLANE('',#5725);
#5179=PLANE('',#5727);
#5180=PLANE('',#5734);
#5181=PLANE('',#5735);
#5182=PLANE('',#5740);
#5183=PLANE('',#5742);
#5184=PLANE('',#5743);
#5185=PLANE('',#5744);
#5186=PLANE('',#5748);
#5187=PLANE('',#5752);
#5188=PLANE('',#5756);
#5189=PLANE('',#5760);
#5190=PLANE('',#5761);
#5191=PLANE('',#5766);
#5192=PLANE('',#5768);
#5193=PLANE('',#5771);
#5194=PLANE('',#5775);
#5195=PLANE('',#5779);
#5196=PLANE('',#5783);
#5197=PLANE('',#5787);
#5198=PLANE('',#5788);
#5199=PLANE('',#5790);
#5200=PLANE('',#5796);
#5201=PLANE('',#5799);
#5202=PLANE('',#5801);
#5203=PLANE('',#5805);
#5204=PLANE('',#5806);
#5205=PLANE('',#5810);
#5206=PLANE('',#5813);
#5207=PLANE('',#5816);
#5208=PLANE('',#5819);
#5209=PLANE('',#5822);
#5210=PLANE('',#5828);
#5211=PLANE('',#5831);
#5212=PLANE('',#5834);
#5213=PLANE('',#5837);
#5214=PLANE('',#5841);
#5215=PLANE('',#5845);
#5216=PLANE('',#5846);
#5217=PLANE('',#5853);
#5218=PLANE('',#5857);
#5219=PLANE('',#5859);
#5220=PLANE('',#5860);
#5221=PLANE('',#5862);
#5222=PLANE('',#5867);
#5223=PLANE('',#5868);
#5224=PLANE('',#5872);
#5225=PLANE('',#5874);
#5226=PLANE('',#5877);
#5227=PLANE('',#5880);
#5228=PLANE('',#5882);
#5229=PLANE('',#5889);
#5230=PLANE('',#5892);
#5231=PLANE('',#5895);
#5232=PLANE('',#5898);
#5233=PLANE('',#5901);
#5234=PLANE('',#5907);
#5235=PLANE('',#5910);
#5236=PLANE('',#5911);
#5237=PLANE('',#5914);
#5238=PLANE('',#5917);
#5239=PLANE('',#5918);
#5240=PLANE('',#5921);
#5241=PLANE('',#5922);
#5242=PLANE('',#5934);
#5243=PLANE('',#5936);
#5244=PLANE('',#5938);
#5245=PLANE('',#5940);
#5246=PLANE('',#5942);
#5247=PLANE('',#5945);
#5248=PLANE('',#5946);
#5249=PLANE('',#5951);
#5250=PLANE('',#5954);
#5251=PLANE('',#5957);
#5252=PLANE('',#5958);
#5253=PLANE('',#5959);
#5254=PLANE('',#5967);
#5255=PLANE('',#5969);
#5256=PLANE('',#5975);
#5257=PLANE('',#5976);
#5258=PLANE('',#5981);
#5259=PLANE('',#5989);
#5260=PLANE('',#5992);
#5261=PLANE('',#5995);
#5262=PLANE('',#5999);
#5263=PLANE('',#6003);
#5264=PLANE('',#6007);
#5265=PLANE('',#6010);
#5266=PLANE('',#6013);
#5267=PLANE('',#6014);
#5268=PLANE('',#6015);
#5269=PLANE('',#6016);
#5270=PLANE('',#6020);
#5271=PLANE('',#6024);
#5272=PLANE('',#6028);
#5273=PLANE('',#6032);
#5274=PLANE('',#6038);
#5275=PLANE('',#6041);
#5276=PLANE('',#6044);
#5277=PLANE('',#6045);
#5278=PLANE('',#6046);
#5279=PLANE('',#6047);
#5280=PLANE('',#6048);
#5281=PLANE('',#6049);
#5282=PLANE('',#6050);
#5283=PLANE('',#6051);
#5284=PLANE('',#6058);
#5285=PLANE('',#6061);
#5286=PLANE('',#6064);
#5287=PLANE('',#6067);
#5288=PLANE('',#6073);
#5289=PLANE('',#6074);
#5290=PLANE('',#6080);
#5291=PLANE('',#6081);
#5292=PLANE('',#6087);
#5293=ADVANCED_FACE('',(#4770,#4771,#4772,#4773,#4774,#4775,#4776),#5110,
 .F.);
#5294=ADVANCED_FACE('',(#4777),#52,.F.);
#5295=ADVANCED_FACE('',(#4778),#5111,.F.);
#5296=ADVANCED_FACE('',(#4779),#53,.T.);
#5297=ADVANCED_FACE('',(#4780),#5112,.F.);
#5298=ADVANCED_FACE('',(#4781),#5113,.F.);
#5299=ADVANCED_FACE('',(#4782),#54,.F.);
#5300=ADVANCED_FACE('',(#4783),#5114,.F.);
#5301=ADVANCED_FACE('',(#4784),#55,.T.);
#5302=ADVANCED_FACE('',(#4785),#5115,.F.);
#5303=ADVANCED_FACE('',(#4786),#56,.F.);
#5304=ADVANCED_FACE('',(#4787),#57,.F.);
#5305=ADVANCED_FACE('',(#4788),#5116,.T.);
#5306=ADVANCED_FACE('',(#4789),#5117,.F.);
#5307=ADVANCED_FACE('',(#4790),#5118,.T.);
#5308=ADVANCED_FACE('',(#4791),#5119,.F.);
#5309=ADVANCED_FACE('',(#4792),#5120,.F.);
#5310=ADVANCED_FACE('',(#4793),#5121,.F.);
#5311=ADVANCED_FACE('',(#4794),#5122,.F.);
#5312=ADVANCED_FACE('',(#4795),#5123,.F.);
#5313=ADVANCED_FACE('',(#4796),#5124,.F.);
#5314=ADVANCED_FACE('',(#4797),#5125,.F.);
#5315=ADVANCED_FACE('',(#4798),#5126,.F.);
#5316=ADVANCED_FACE('',(#4799),#5127,.F.);
#5317=ADVANCED_FACE('',(#4800),#5128,.F.);
#5318=ADVANCED_FACE('',(#4801),#5129,.F.);
#5319=ADVANCED_FACE('',(#4802),#5130,.F.);
#5320=ADVANCED_FACE('',(#4803),#5131,.F.);
#5321=ADVANCED_FACE('',(#4804),#5132,.F.);
#5322=ADVANCED_FACE('',(#4805),#5133,.F.);
#5323=ADVANCED_FACE('',(#4806),#5134,.F.);
#5324=ADVANCED_FACE('',(#4807),#5135,.F.);
#5325=ADVANCED_FACE('',(#4808),#5136,.F.);
#5326=ADVANCED_FACE('',(#4809),#5137,.F.);
#5327=ADVANCED_FACE('',(#4810),#5138,.F.);
#5328=ADVANCED_FACE('',(#4811),#5139,.F.);
#5329=ADVANCED_FACE('',(#4812),#5140,.F.);
#5330=ADVANCED_FACE('',(#4813),#5141,.F.);
#5331=ADVANCED_FACE('',(#4814),#5142,.F.);
#5332=ADVANCED_FACE('',(#4815),#5143,.F.);
#5333=ADVANCED_FACE('',(#4816),#5144,.F.);
#5334=ADVANCED_FACE('',(#4817),#5145,.F.);
#5335=ADVANCED_FACE('',(#4818),#5146,.F.);
#5336=ADVANCED_FACE('',(#4819),#5147,.F.);
#5337=ADVANCED_FACE('',(#4820),#5148,.T.);
#5338=ADVANCED_FACE('',(#4821),#5149,.F.);
#5339=ADVANCED_FACE('',(#4822),#5150,.F.);
#5340=ADVANCED_FACE('',(#4823),#5151,.F.);
#5341=ADVANCED_FACE('',(#4824),#5152,.F.);
#5342=ADVANCED_FACE('',(#4825),#5153,.F.);
#5343=ADVANCED_FACE('',(#4826),#5154,.F.);
#5344=ADVANCED_FACE('',(#4827),#5155,.F.);
#5345=ADVANCED_FACE('',(#4828),#5156,.F.);
#5346=ADVANCED_FACE('',(#4829),#5157,.F.);
#5347=ADVANCED_FACE('',(#4830),#5158,.F.);
#5348=ADVANCED_FACE('',(#4831),#5159,.F.);
#5349=ADVANCED_FACE('',(#4832),#5160,.F.);
#5350=ADVANCED_FACE('',(#4833),#5161,.F.);
#5351=ADVANCED_FACE('',(#4834),#5162,.T.);
#5352=ADVANCED_FACE('',(#4835),#5163,.F.);
#5353=ADVANCED_FACE('',(#4836,#4837),#58,.F.);
#5354=ADVANCED_FACE('',(#4838,#4839),#59,.F.);
#5355=ADVANCED_FACE('',(#4840),#5164,.F.);
#5356=ADVANCED_FACE('',(#4841),#5165,.F.);
#5357=ADVANCED_FACE('',(#4842),#32,.T.);
#5358=ADVANCED_FACE('',(#4843),#5166,.F.);
#5359=ADVANCED_FACE('',(#4844),#5167,.T.);
#5360=ADVANCED_FACE('',(#4845),#5168,.F.);
#5361=ADVANCED_FACE('',(#4846),#33,.T.);
#5362=ADVANCED_FACE('',(#4847),#5169,.F.);
#5363=ADVANCED_FACE('',(#4848),#5170,.F.);
#5364=ADVANCED_FACE('',(#4849),#5171,.T.);
#5365=ADVANCED_FACE('',(#4850),#5172,.T.);
#5366=ADVANCED_FACE('',(#4851),#5173,.F.);
#5367=ADVANCED_FACE('',(#4852),#34,.T.);
#5368=ADVANCED_FACE('',(#4853),#5174,.F.);
#5369=ADVANCED_FACE('',(#4854),#35,.T.);
#5370=ADVANCED_FACE('',(#4855),#5175,.F.);
#5371=ADVANCED_FACE('',(#4856),#5176,.F.);
#5372=ADVANCED_FACE('',(#4857),#5177,.F.);
#5373=ADVANCED_FACE('',(#4858),#5178,.T.);
#5374=ADVANCED_FACE('',(#4859),#5179,.F.);
#5375=ADVANCED_FACE('',(#4860,#4861),#60,.F.);
#5376=ADVANCED_FACE('',(#4862,#4863),#61,.F.);
#5377=ADVANCED_FACE('',(#4864),#36,.T.);
#5378=ADVANCED_FACE('',(#4865),#5180,.F.);
#5379=ADVANCED_FACE('',(#4866),#5181,.F.);
#5380=ADVANCED_FACE('',(#4867),#37,.T.);
#5381=ADVANCED_FACE('',(#4868),#12,.F.);
#5382=ADVANCED_FACE('',(#4869),#5182,.F.);
#5383=ADVANCED_FACE('',(#4870),#5183,.F.);
#5384=ADVANCED_FACE('',(#4871,#4872),#5184,.F.);
#5385=ADVANCED_FACE('',(#4873),#5185,.T.);
#5386=ADVANCED_FACE('',(#4874),#62,.F.);
#5387=ADVANCED_FACE('',(#4875),#5186,.T.);
#5388=ADVANCED_FACE('',(#4876),#63,.F.);
#5389=ADVANCED_FACE('',(#4877),#5187,.T.);
#5390=ADVANCED_FACE('',(#4878),#64,.F.);
#5391=ADVANCED_FACE('',(#4879),#5188,.T.);
#5392=ADVANCED_FACE('',(#4880),#65,.F.);
#5393=ADVANCED_FACE('',(#4881),#5189,.F.);
#5394=ADVANCED_FACE('',(#4882),#5190,.F.);
#5395=ADVANCED_FACE('',(#4883),#13,.F.);
#5396=ADVANCED_FACE('',(#4884),#38,.T.);
#5397=ADVANCED_FACE('',(#4885),#5191,.F.);
#5398=ADVANCED_FACE('',(#4886),#5192,.F.);
#5399=ADVANCED_FACE('',(#4887),#39,.T.);
#5400=ADVANCED_FACE('',(#4888,#4889),#5193,.F.);
#5401=ADVANCED_FACE('',(#4890),#66,.F.);
#5402=ADVANCED_FACE('',(#4891),#5194,.T.);
#5403=ADVANCED_FACE('',(#4892),#67,.F.);
#5404=ADVANCED_FACE('',(#4893),#5195,.T.);
#5405=ADVANCED_FACE('',(#4894),#68,.F.);
#5406=ADVANCED_FACE('',(#4895),#5196,.T.);
#5407=ADVANCED_FACE('',(#4896),#69,.F.);
#5408=ADVANCED_FACE('',(#4897),#5197,.T.);
#5409=ADVANCED_FACE('',(#4898,#4899),#5198,.T.);
#5410=ADVANCED_FACE('',(#4900,#4901),#5199,.T.);
#5411=ADVANCED_FACE('',(#4902),#14,.F.);
#5412=ADVANCED_FACE('',(#4903),#40,.T.);
#5413=ADVANCED_FACE('',(#4904),#15,.F.);
#5414=ADVANCED_FACE('',(#4905),#5200,.T.);
#5415=ADVANCED_FACE('',(#4906),#70,.F.);
#5416=ADVANCED_FACE('',(#4907),#5201,.T.);
#5417=ADVANCED_FACE('',(#4908),#5202,.T.);
#5418=ADVANCED_FACE('',(#4909),#71,.F.);
#5419=ADVANCED_FACE('',(#4910),#5203,.T.);
#5420=ADVANCED_FACE('',(#4911),#5204,.T.);
#5421=ADVANCED_FACE('',(#4912),#72,.T.);
#5422=ADVANCED_FACE('',(#4913),#5205,.T.);
#5423=ADVANCED_FACE('',(#4914),#73,.F.);
#5424=ADVANCED_FACE('',(#4915),#5206,.T.);
#5425=ADVANCED_FACE('',(#4916),#74,.T.);
#5426=ADVANCED_FACE('',(#4917),#5207,.T.);
#5427=ADVANCED_FACE('',(#4918),#75,.F.);
#5428=ADVANCED_FACE('',(#4919),#5208,.T.);
#5429=ADVANCED_FACE('',(#4920),#76,.F.);
#5430=ADVANCED_FACE('',(#4921),#5209,.T.);
#5431=ADVANCED_FACE('',(#4922),#77,.T.);
#5432=ADVANCED_FACE('',(#4923),#78,.F.);
#5433=ADVANCED_FACE('',(#4924),#5210,.T.);
#5434=ADVANCED_FACE('',(#4925),#79,.F.);
#5435=ADVANCED_FACE('',(#4926),#5211,.T.);
#5436=ADVANCED_FACE('',(#4927),#80,.T.);
#5437=ADVANCED_FACE('',(#4928),#5212,.T.);
#5438=ADVANCED_FACE('',(#4929),#81,.F.);
#5439=ADVANCED_FACE('',(#4930),#5213,.T.);
#5440=ADVANCED_FACE('',(#4931),#82,.T.);
#5441=ADVANCED_FACE('',(#4932),#5214,.T.);
#5442=ADVANCED_FACE('',(#4933),#83,.T.);
#5443=ADVANCED_FACE('',(#4934),#5215,.T.);
#5444=ADVANCED_FACE('',(#4935),#5216,.T.);
#5445=ADVANCED_FACE('',(#4936),#84,.F.);
#5446=ADVANCED_FACE('',(#4937),#85,.F.);
#5447=ADVANCED_FACE('',(#4938),#5217,.T.);
#5448=ADVANCED_FACE('',(#4939),#16,.F.);
#5449=ADVANCED_FACE('',(#4940),#41,.T.);
#5450=ADVANCED_FACE('',(#4941),#17,.F.);
#5451=ADVANCED_FACE('',(#4942),#5218,.T.);
#5452=ADVANCED_FACE('',(#4943),#5219,.T.);
#5453=ADVANCED_FACE('',(#4944,#4945),#5220,.T.);
#5454=ADVANCED_FACE('',(#4946,#4947),#5221,.T.);
#5455=ADVANCED_FACE('',(#4948),#86,.F.);
#5456=ADVANCED_FACE('',(#4949),#5222,.F.);
#5457=ADVANCED_FACE('',(#4950),#5223,.F.);
#5458=ADVANCED_FACE('',(#4951),#87,.F.);
#5459=ADVANCED_FACE('',(#4952,#4953),#5224,.F.);
#5460=ADVANCED_FACE('',(#4954,#4955),#5225,.T.);
#5461=ADVANCED_FACE('',(#4956,#4957),#5226,.T.);
#5462=ADVANCED_FACE('',(#4958,#4959),#5227,.F.);
#5463=ADVANCED_FACE('',(#4960),#18,.F.);
#5464=ADVANCED_FACE('',(#4961),#5228,.T.);
#5465=ADVANCED_FACE('',(#4962),#88,.T.);
#5466=ADVANCED_FACE('',(#4963,#4964),#42,.T.);
#5467=ADVANCED_FACE('',(#4965),#19,.F.);
#5468=ADVANCED_FACE('',(#4966),#5229,.T.);
#5469=ADVANCED_FACE('',(#4967),#89,.F.);
#5470=ADVANCED_FACE('',(#4968),#5230,.T.);
#5471=ADVANCED_FACE('',(#4969),#90,.T.);
#5472=ADVANCED_FACE('',(#4970),#5231,.T.);
#5473=ADVANCED_FACE('',(#4971),#91,.F.);
#5474=ADVANCED_FACE('',(#4972),#5232,.T.);
#5475=ADVANCED_FACE('',(#4973),#92,.T.);
#5476=ADVANCED_FACE('',(#4974),#5233,.T.);
#5477=ADVANCED_FACE('',(#4975),#93,.T.);
#5478=ADVANCED_FACE('',(#4976),#94,.F.);
#5479=ADVANCED_FACE('',(#4977),#5234,.F.);
#5480=ADVANCED_FACE('',(#4978),#5235,.F.);
#5481=ADVANCED_FACE('',(#4979),#5236,.F.);
#5482=ADVANCED_FACE('',(#4980),#20,.F.);
#5483=ADVANCED_FACE('',(#4981),#5237,.T.);
#5484=ADVANCED_FACE('',(#4982),#5238,.T.);
#5485=ADVANCED_FACE('',(#4983),#5239,.T.);
#5486=ADVANCED_FACE('',(#4984),#5240,.T.);
#5487=ADVANCED_FACE('',(#4985),#5241,.T.);
#5488=ADVANCED_FACE('',(#4986),#21,.F.);
#5489=ADVANCED_FACE('',(#4987),#95,.F.);
#5490=ADVANCED_FACE('',(#4988),#5242,.T.);
#5491=ADVANCED_FACE('',(#4989),#96,.T.);
#5492=ADVANCED_FACE('',(#4990),#5243,.T.);
#5493=ADVANCED_FACE('',(#4991),#97,.F.);
#5494=ADVANCED_FACE('',(#4992),#5244,.T.);
#5495=ADVANCED_FACE('',(#4993),#98,.T.);
#5496=ADVANCED_FACE('',(#4994),#5245,.T.);
#5497=ADVANCED_FACE('',(#4995),#99,.F.);
#5498=ADVANCED_FACE('',(#4996),#5246,.F.);
#5499=ADVANCED_FACE('',(#4997),#5247,.F.);
#5500=ADVANCED_FACE('',(#4998),#5248,.F.);
#5501=ADVANCED_FACE('',(#4999),#22,.F.);
#5502=ADVANCED_FACE('',(#5000),#100,.T.);
#5503=ADVANCED_FACE('',(#5001),#5249,.T.);
#5504=ADVANCED_FACE('',(#5002),#101,.T.);
#5505=ADVANCED_FACE('',(#5003),#5250,.T.);
#5506=ADVANCED_FACE('',(#5004),#23,.F.);
#5507=ADVANCED_FACE('',(#5005,#5006),#43,.T.);
#5508=ADVANCED_FACE('',(#5007),#5251,.T.);
#5509=ADVANCED_FACE('',(#5008),#5252,.T.);
#5510=ADVANCED_FACE('',(#5009),#5253,.T.);
#5511=ADVANCED_FACE('',(#5010),#44,.F.);
#5512=ADVANCED_FACE('',(#5011),#24,.T.);
#5513=ADVANCED_FACE('',(#5012),#25,.T.);
#5514=ADVANCED_FACE('',(#5013),#45,.F.);
#5515=ADVANCED_FACE('',(#5014),#5254,.T.);
#5516=ADVANCED_FACE('',(#5015),#5255,.T.);
#5517=ADVANCED_FACE('',(#5016),#26,.F.);
#5518=ADVANCED_FACE('',(#5017),#46,.F.);
#5519=ADVANCED_FACE('',(#5018),#5256,.T.);
#5520=ADVANCED_FACE('',(#5019),#27,.T.);
#5521=ADVANCED_FACE('',(#5020),#28,.T.);
#5522=ADVANCED_FACE('',(#5021),#5257,.T.);
#5523=ADVANCED_FACE('',(#5022),#47,.F.);
#5524=ADVANCED_FACE('',(#5023),#29,.F.);
#5525=ADVANCED_FACE('',(#5024),#5258,.T.);
#5526=ADVANCED_FACE('',(#5025),#48,.T.);
#5527=ADVANCED_FACE('',(#5026,#5027),#5259,.F.);
#5528=ADVANCED_FACE('',(#5028),#30,.F.);
#5529=ADVANCED_FACE('',(#5029),#49,.T.);
#5530=ADVANCED_FACE('',(#5030),#5260,.T.);
#5531=ADVANCED_FACE('',(#5031),#102,.T.);
#5532=ADVANCED_FACE('',(#5032),#5261,.T.);
#5533=ADVANCED_FACE('',(#5033),#103,.F.);
#5534=ADVANCED_FACE('',(#5034),#5262,.F.);
#5535=ADVANCED_FACE('',(#5035),#50,.F.);
#5536=ADVANCED_FACE('',(#5036),#5263,.F.);
#5537=ADVANCED_FACE('',(#5037),#104,.F.);
#5538=ADVANCED_FACE('',(#5038),#5264,.T.);
#5539=ADVANCED_FACE('',(#5039),#105,.T.);
#5540=ADVANCED_FACE('',(#5040),#5265,.T.);
#5541=ADVANCED_FACE('',(#5041),#51,.T.);
#5542=ADVANCED_FACE('',(#5042),#31,.F.);
#5543=ADVANCED_FACE('',(#5043,#5044),#5266,.F.);
#5544=ADVANCED_FACE('',(#5045),#5267,.T.);
#5545=ADVANCED_FACE('',(#5046),#5268,.T.);
#5546=ADVANCED_FACE('',(#5047),#5269,.T.);
#5547=ADVANCED_FACE('',(#5048),#106,.T.);
#5548=ADVANCED_FACE('',(#5049),#5270,.T.);
#5549=ADVANCED_FACE('',(#5050),#107,.F.);
#5550=ADVANCED_FACE('',(#5051),#5271,.F.);
#5551=ADVANCED_FACE('',(#5052),#108,.T.);
#5552=ADVANCED_FACE('',(#5053),#5272,.T.);
#5553=ADVANCED_FACE('',(#5054),#109,.F.);
#5554=ADVANCED_FACE('',(#5055,#5056,#5057,#5058),#5273,.T.);
#5555=ADVANCED_FACE('',(#5059),#5274,.T.);
#5556=ADVANCED_FACE('',(#5060),#110,.T.);
#5557=ADVANCED_FACE('',(#5061),#5275,.T.);
#5558=ADVANCED_FACE('',(#5062),#111,.T.);
#5559=ADVANCED_FACE('',(#5063),#5276,.F.);
#5560=ADVANCED_FACE('',(#5064),#5277,.F.);
#5561=ADVANCED_FACE('',(#5065),#5278,.F.);
#5562=ADVANCED_FACE('',(#5066),#5279,.F.);
#5563=ADVANCED_FACE('',(#5067),#5280,.F.);
#5564=ADVANCED_FACE('',(#5068),#5281,.F.);
#5565=ADVANCED_FACE('',(#5069),#5282,.F.);
#5566=ADVANCED_FACE('',(#5070),#5283,.T.);
#5567=ADVANCED_FACE('',(#5071,#5072),#112,.F.);
#5568=ADVANCED_FACE('',(#5073,#5074),#113,.F.);
#5569=ADVANCED_FACE('',(#5075,#5076),#114,.F.);
#5570=ADVANCED_FACE('',(#5077,#5078),#5284,.T.);
#5571=ADVANCED_FACE('',(#5079,#5080),#115,.T.);
#5572=ADVANCED_FACE('',(#5081,#5082),#5285,.F.);
#5573=ADVANCED_FACE('',(#5083,#5084),#116,.T.);
#5574=ADVANCED_FACE('',(#5085,#5086),#5286,.F.);
#5575=ADVANCED_FACE('',(#5087,#5088),#117,.T.);
#5576=ADVANCED_FACE('',(#5089,#5090),#5287,.F.);
#5577=ADVANCED_FACE('',(#5091,#5092),#118,.T.);
#5578=ADVANCED_FACE('',(#5093,#5094),#119,.F.);
#5579=ADVANCED_FACE('',(#5095),#5288,.F.);
#5580=ADVANCED_FACE('',(#5096,#5097),#5289,.F.);
#5581=ADVANCED_FACE('',(#5098,#5099),#120,.T.);
#5582=ADVANCED_FACE('',(#5100,#5101),#121,.F.);
#5583=ADVANCED_FACE('',(#5102),#5290,.F.);
#5584=ADVANCED_FACE('',(#5103,#5104),#5291,.T.);
#5585=ADVANCED_FACE('',(#5105,#5106),#122,.T.);
#5586=ADVANCED_FACE('',(#5107,#5108),#123,.F.);
#5587=ADVANCED_FACE('',(#5109),#5292,.F.);
#5588=CLOSED_SHELL('',(#5293,#5294,#5295,#5296,#5297,#5298,#5299,#5300,
#5301,#5302,#5303,#5304,#5305,#5306,#5307,#5308,#5309,#5310,#5311,#5312,
#5313,#5314,#5315,#5316,#5317,#5318,#5319,#5320,#5321,#5322,#5323,#5324,
#5325,#5326,#5327,#5328,#5329,#5330,#5331,#5332,#5333,#5334,#5335,#5336,
#5337,#5338,#5339,#5340,#5341,#5342,#5343,#5344,#5345,#5346,#5347,#5348,
#5349,#5350,#5351,#5352,#5353,#5354,#5355,#5356,#5357,#5358,#5359,#5360,
#5361,#5362,#5363,#5364,#5365,#5366,#5367,#5368,#5369,#5370,#5371,#5372,
#5373,#5374,#5375,#5376,#5377,#5378,#5379,#5380,#5381,#5382,#5383,#5384,
#5385,#5386,#5387,#5388,#5389,#5390,#5391,#5392,#5393,#5394,#5395,#5396,
#5397,#5398,#5399,#5400,#5401,#5402,#5403,#5404,#5405,#5406,#5407,#5408,
#5409,#5410,#5411,#5412,#5413,#5414,#5415,#5416,#5417,#5418,#5419,#5420,
#5421,#5422,#5423,#5424,#5425,#5426,#5427,#5428,#5429,#5430,#5431,#5432,
#5433,#5434,#5435,#5436,#5437,#5438,#5439,#5440,#5441,#5442,#5443,#5444,
#5445,#5446,#5447,#5448,#5449,#5450,#5451,#5452,#5453,#5454,#5455,#5456,
#5457,#5458,#5459,#5460,#5461,#5462,#5463,#5464,#5465,#5466,#5467,#5468,
#5469,#5470,#5471,#5472,#5473,#5474,#5475,#5476,#5477,#5478,#5479,#5480,
#5481,#5482,#5483,#5484,#5485,#5486,#5487,#5488,#5489,#5490,#5491,#5492,
#5493,#5494,#5495,#5496,#5497,#5498,#5499,#5500,#5501,#5502,#5503,#5504,
#5505,#5506,#5507,#5508,#5509,#5510,#5511,#5512,#5513,#5514,#5515,#5516,
#5517,#5518,#5519,#5520,#5521,#5522,#5523,#5524,#5525,#5526,#5527,#5528,
#5529,#5530,#5531,#5532,#5533,#5534,#5535,#5536,#5537,#5538,#5539,#5540,
#5541,#5542,#5543,#5544,#5545,#5546,#5547,#5548,#5549,#5550,#5551,#5552,
#5553,#5554,#5555,#5556,#5557,#5558,#5559,#5560,#5561,#5562,#5563,#5564,
#5565,#5566,#5567,#5568,#5569,#5570,#5571,#5572,#5573,#5574,#5575,#5576,
#5577,#5578,#5579,#5580,#5581,#5582,#5583,#5584,#5585,#5586,#5587));
#5589=STYLED_ITEM('',(#5590),#5597);
#5590=PRESENTATION_STYLE_ASSIGNMENT((#5591));
#5591=SURFACE_STYLE_USAGE(.BOTH.,#5592);
#5592=SURFACE_SIDE_STYLE('',(#5593));
#5593=SURFACE_STYLE_FILL_AREA(#5594);
#5594=FILL_AREA_STYLE('',(#5595));
#5595=FILL_AREA_STYLE_COLOUR('',#5596);
#5596=COLOUR_RGB('',0.52156862745098,0.627450980392157,0.686274509803922);
#5597=MANIFOLD_SOLID_BREP('Extrude (26)',#5588);
#5598=SHAPE_DEFINITION_REPRESENTATION(#9886,#5599);
#5599=SHAPE_REPRESENTATION('U05-1',(#5600),#9881);
#5600=AXIS2_PLACEMENT_3D('',#7522,#6088,#6089);
#5601=AXIS2_PLACEMENT_3D('',#7523,#6090,#6091);
#5602=AXIS2_PLACEMENT_3D('',#7524,#6092,#6093);
#5603=AXIS2_PLACEMENT_3D('',#7526,#6094,#6095);
#5604=AXIS2_PLACEMENT_3D('',#7528,#6096,#6097);
#5605=AXIS2_PLACEMENT_3D('',#7530,#6098,#6099);
#5606=AXIS2_PLACEMENT_3D('',#7532,#6100,#6101);
#5607=AXIS2_PLACEMENT_3D('',#7534,#6102,#6103);
#5608=AXIS2_PLACEMENT_3D('',#7546,#6106,#6107);
#5609=AXIS2_PLACEMENT_3D('',#7550,#6109,#6110);
#5610=AXIS2_PLACEMENT_3D('',#7554,#6112,#6113);
#5611=AXIS2_PLACEMENT_3D('',#7558,#6115,#6116);
#5612=AXIS2_PLACEMENT_3D('',#7562,#6118,#6119);
#5613=AXIS2_PLACEMENT_3D('',#7566,#6121,#6122);
#5614=AXIS2_PLACEMENT_3D('',#7570,#6124,#6125);
#5615=AXIS2_PLACEMENT_3D('',#7581,#6128,#6129);
#5616=AXIS2_PLACEMENT_3D('',#7585,#6131,#6132);
#5617=AXIS2_PLACEMENT_3D('',#7589,#6134,#6135);
#5618=AXIS2_PLACEMENT_3D('',#7593,#6137,#6138);
#5619=AXIS2_PLACEMENT_3D('',#7597,#6140,#6141);
#5620=AXIS2_PLACEMENT_3D('',#7600,#6143,#6144);
#5621=AXIS2_PLACEMENT_3D('',#7602,#6145,#6146);
#5622=AXIS2_PLACEMENT_3D('',#7603,#6147,#6148);
#5623=AXIS2_PLACEMENT_3D('',#7608,#6151,#6152);
#5624=AXIS2_PLACEMENT_3D('',#7612,#6155,#6156);
#5625=AXIS2_PLACEMENT_3D('',#7615,#6158,#6159);
#5626=AXIS2_PLACEMENT_3D('',#7616,#6160,#6161);
#5627=AXIS2_PLACEMENT_3D('',#7620,#6164,#6165);
#5628=AXIS2_PLACEMENT_3D('',#7624,#6168,#6169);
#5629=AXIS2_PLACEMENT_3D('',#7625,#6170,#6171);
#5630=AXIS2_PLACEMENT_3D('',#7628,#6173,#6174);
#5631=AXIS2_PLACEMENT_3D('',#7632,#6177,#6178);
#5632=AXIS2_PLACEMENT_3D('',#7635,#6180,#6181);
#5633=AXIS2_PLACEMENT_3D('',#7636,#6182,#6183);
#5634=AXIS2_PLACEMENT_3D('',#7640,#6186,#6187);
#5635=AXIS2_PLACEMENT_3D('',#7643,#6189,#6190);
#5636=AXIS2_PLACEMENT_3D('',#7644,#6191,#6192);
#5637=AXIS2_PLACEMENT_3D('',#7645,#6193,#6194);
#5638=AXIS2_PLACEMENT_3D('',#7648,#6196,#6197);
#5639=AXIS2_PLACEMENT_3D('',#7673,#6210,#6211);
#5640=AXIS2_PLACEMENT_3D('',#7682,#6216,#6217);
#5641=AXIS2_PLACEMENT_3D('',#7707,#6230,#6231);
#5642=AXIS2_PLACEMENT_3D('',#7716,#6236,#6237);
#5643=AXIS2_PLACEMENT_3D('',#7717,#6238,#6239);
#5644=AXIS2_PLACEMENT_3D('',#7719,#6240,#6241);
#5645=AXIS2_PLACEMENT_3D('',#7720,#6242,#6243);
#5646=AXIS2_PLACEMENT_3D('',#7722,#6244,#6245);
#5647=AXIS2_PLACEMENT_3D('',#7726,#6247,#6248);
#5648=AXIS2_PLACEMENT_3D('',#7729,#6250,#6251);
#5649=AXIS2_PLACEMENT_3D('',#7732,#6253,#6254);
#5650=AXIS2_PLACEMENT_3D('',#7735,#6256,#6257);
#5651=AXIS2_PLACEMENT_3D('',#7744,#6260,#6261);
#5652=AXIS2_PLACEMENT_3D('',#7755,#6265,#6266);
#5653=AXIS2_PLACEMENT_3D('',#7756,#6267,#6268);
#5654=AXIS2_PLACEMENT_3D('',#7759,#6270,#6271);
#5655=AXIS2_PLACEMENT_3D('',#7768,#6276,#6277);
#5656=AXIS2_PLACEMENT_3D('',#7777,#6282,#6283);
#5657=AXIS2_PLACEMENT_3D('',#7788,#6287,#6288);
#5658=AXIS2_PLACEMENT_3D('',#7789,#6289,#6290);
#5659=AXIS2_PLACEMENT_3D('',#7792,#6292,#6293);
#5660=AXIS2_PLACEMENT_3D('',#7798,#6296,#6297);
#5661=AXIS2_PLACEMENT_3D('',#7799,#6298,#6299);
#5662=AXIS2_PLACEMENT_3D('',#7807,#6302,#6303);
#5663=AXIS2_PLACEMENT_3D('',#7813,#6306,#6307);
#5664=AXIS2_PLACEMENT_3D('',#7814,#6308,#6309);
#5665=AXIS2_PLACEMENT_3D('',#7815,#6310,#6311);
#5666=AXIS2_PLACEMENT_3D('',#7817,#6312,#6313);
#5667=AXIS2_PLACEMENT_3D('',#7818,#6314,#6315);
#5668=AXIS2_PLACEMENT_3D('',#7820,#6316,#6317);
#5669=AXIS2_PLACEMENT_3D('',#7826,#6321,#6322);
#5670=AXIS2_PLACEMENT_3D('',#7830,#6325,#6326);
#5671=AXIS2_PLACEMENT_3D('',#7834,#6329,#6330);
#5672=AXIS2_PLACEMENT_3D('',#7838,#6333,#6334);
#5673=AXIS2_PLACEMENT_3D('',#7842,#6337,#6338);
#5674=AXIS2_PLACEMENT_3D('',#7846,#6341,#6342);
#5675=AXIS2_PLACEMENT_3D('',#7850,#6345,#6346);
#5676=AXIS2_PLACEMENT_3D('',#7854,#6349,#6350);
#5677=AXIS2_PLACEMENT_3D('',#7858,#6353,#6354);
#5678=AXIS2_PLACEMENT_3D('',#7862,#6357,#6358);
#5679=AXIS2_PLACEMENT_3D('',#7866,#6361,#6362);
#5680=AXIS2_PLACEMENT_3D('',#7868,#6364,#6365);
#5681=AXIS2_PLACEMENT_3D('',#7875,#6370,#6371);
#5682=AXIS2_PLACEMENT_3D('',#7885,#6375,#6376);
#5683=AXIS2_PLACEMENT_3D('',#7891,#6380,#6381);
#5684=AXIS2_PLACEMENT_3D('',#7895,#6384,#6385);
#5685=AXIS2_PLACEMENT_3D('',#7899,#6388,#6389);
#5686=AXIS2_PLACEMENT_3D('',#7903,#6392,#6393);
#5687=AXIS2_PLACEMENT_3D('',#7907,#6396,#6397);
#5688=AXIS2_PLACEMENT_3D('',#7911,#6400,#6401);
#5689=AXIS2_PLACEMENT_3D('',#7915,#6404,#6405);
#5690=AXIS2_PLACEMENT_3D('',#7919,#6408,#6409);
#5691=AXIS2_PLACEMENT_3D('',#7923,#6412,#6413);
#5692=AXIS2_PLACEMENT_3D('',#7927,#6416,#6417);
#5693=AXIS2_PLACEMENT_3D('',#7931,#6420,#6421);
#5694=AXIS2_PLACEMENT_3D('',#7933,#6423,#6424);
#5695=AXIS2_PLACEMENT_3D('',#7940,#6429,#6430);
#5696=AXIS2_PLACEMENT_3D('',#7950,#6434,#6435);
#5697=AXIS2_PLACEMENT_3D('',#7951,#6436,#6437);
#5698=AXIS2_PLACEMENT_3D('',#7953,#6438,#6439);
#5699=AXIS2_PLACEMENT_3D('',#7954,#6440,#6441);
#5700=AXIS2_PLACEMENT_3D('',#7956,#6442,#6443);
#5701=AXIS2_PLACEMENT_3D('',#7963,#6447,#6448);
#5702=AXIS2_PLACEMENT_3D('',#7968,#6451,#6452);
#5703=AXIS2_PLACEMENT_3D('',#7975,#6454,#6455);
#5704=AXIS2_PLACEMENT_3D('',#7995,#6456,#6457);
#5705=AXIS2_PLACEMENT_3D('',#7999,#6460,#6461);
#5706=AXIS2_PLACEMENT_3D('',#8003,#6464,#6465);
#5707=AXIS2_PLACEMENT_3D('',#8018,#6471,#6472);
#5708=AXIS2_PLACEMENT_3D('',#8029,#6473,#6474);
#5709=AXIS2_PLACEMENT_3D('',#8030,#6475,#6476);
#5710=AXIS2_PLACEMENT_3D('',#8033,#6478,#6479);
#5711=AXIS2_PLACEMENT_3D('',#8036,#6481,#6482);
#5712=AXIS2_PLACEMENT_3D('',#8040,#6485,#6486);
#5713=AXIS2_PLACEMENT_3D('',#8043,#6488,#6489);
#5714=AXIS2_PLACEMENT_3D('',#8050,#6493,#6494);
#5715=AXIS2_PLACEMENT_3D('',#8056,#6498,#6499);
#5716=AXIS2_PLACEMENT_3D('',#8063,#6501,#6502);
#5717=AXIS2_PLACEMENT_3D('',#8070,#6503,#6504);
#5718=AXIS2_PLACEMENT_3D('',#8081,#6505,#6506);
#5719=AXIS2_PLACEMENT_3D('',#8090,#6512,#6513);
#5720=AXIS2_PLACEMENT_3D('',#8110,#6514,#6515);
#5721=AXIS2_PLACEMENT_3D('',#8114,#6518,#6519);
#5722=AXIS2_PLACEMENT_3D('',#8119,#6522,#6523);
#5723=AXIS2_PLACEMENT_3D('',#8124,#6526,#6527);
#5724=AXIS2_PLACEMENT_3D('',#8129,#6530,#6531);
#5725=AXIS2_PLACEMENT_3D('',#8130,#6532,#6533);
#5726=AXIS2_PLACEMENT_3D('',#8137,#6537,#6538);
#5727=AXIS2_PLACEMENT_3D('',#8142,#6541,#6542);
#5728=AXIS2_PLACEMENT_3D('',#8144,#6544,#6545);
#5729=AXIS2_PLACEMENT_3D('',#8145,#6546,#6547);
#5730=AXIS2_PLACEMENT_3D('',#8147,#6548,#6549);
#5731=AXIS2_PLACEMENT_3D('',#8148,#6550,#6551);
#5732=AXIS2_PLACEMENT_3D('',#8150,#6552,#6553);
#5733=AXIS2_PLACEMENT_3D('',#8157,#6554,#6555);
#5734=AXIS2_PLACEMENT_3D('',#8163,#6556,#6557);
#5735=AXIS2_PLACEMENT_3D('',#8168,#6561,#6562);
#5736=AXIS2_PLACEMENT_3D('',#8169,#6563,#6564);
#5737=AXIS2_PLACEMENT_3D('',#8177,#6566,#6567);
#5738=AXIS2_PLACEMENT_3D('',#8178,#6568,#6569);
#5739=AXIS2_PLACEMENT_3D('',#8222,#6570,#6571);
#5740=AXIS2_PLACEMENT_3D('',#8223,#6572,#6573);
#5741=AXIS2_PLACEMENT_3D('',#8224,#6574,#6575);
#5742=AXIS2_PLACEMENT_3D('',#8229,#6578,#6579);
#5743=AXIS2_PLACEMENT_3D('',#8233,#6582,#6583);
#5744=AXIS2_PLACEMENT_3D('',#8235,#6585,#6586);
#5745=AXIS2_PLACEMENT_3D('',#8244,#6591,#6592);
#5746=AXIS2_PLACEMENT_3D('',#8245,#6593,#6594);
#5747=AXIS2_PLACEMENT_3D('',#8249,#6596,#6597);
#5748=AXIS2_PLACEMENT_3D('',#8250,#6598,#6599);
#5749=AXIS2_PLACEMENT_3D('',#8256,#6603,#6604);
#5750=AXIS2_PLACEMENT_3D('',#8257,#6605,#6606);
#5751=AXIS2_PLACEMENT_3D('',#8261,#6608,#6609);
#5752=AXIS2_PLACEMENT_3D('',#8262,#6610,#6611);
#5753=AXIS2_PLACEMENT_3D('',#8268,#6615,#6616);
#5754=AXIS2_PLACEMENT_3D('',#8269,#6617,#6618);
#5755=AXIS2_PLACEMENT_3D('',#8273,#6620,#6621);
#5756=AXIS2_PLACEMENT_3D('',#8274,#6622,#6623);
#5757=AXIS2_PLACEMENT_3D('',#8280,#6627,#6628);
#5758=AXIS2_PLACEMENT_3D('',#8281,#6629,#6630);
#5759=AXIS2_PLACEMENT_3D('',#8282,#6631,#6632);
#5760=AXIS2_PLACEMENT_3D('',#8283,#6633,#6634);
#5761=AXIS2_PLACEMENT_3D('',#8289,#6638,#6639);
#5762=AXIS2_PLACEMENT_3D('',#8290,#6640,#6641);
#5763=AXIS2_PLACEMENT_3D('',#8311,#6643,#6644);
#5764=AXIS2_PLACEMENT_3D('',#8317,#6645,#6646);
#5765=AXIS2_PLACEMENT_3D('',#8344,#6647,#6648);
#5766=AXIS2_PLACEMENT_3D('',#8345,#6649,#6650);
#5767=AXIS2_PLACEMENT_3D('',#8346,#6651,#6652);
#5768=AXIS2_PLACEMENT_3D('',#8350,#6655,#6656);
#5769=AXIS2_PLACEMENT_3D('',#8359,#6659,#6660);
#5770=AXIS2_PLACEMENT_3D('',#8365,#6661,#6662);
#5771=AXIS2_PLACEMENT_3D('',#8366,#6663,#6664);
#5772=AXIS2_PLACEMENT_3D('',#8368,#6666,#6667);
#5773=AXIS2_PLACEMENT_3D('',#8372,#6669,#6670);
#5774=AXIS2_PLACEMENT_3D('',#8376,#6672,#6673);
#5775=AXIS2_PLACEMENT_3D('',#8377,#6674,#6675);
#5776=AXIS2_PLACEMENT_3D('',#8383,#6679,#6680);
#5777=AXIS2_PLACEMENT_3D('',#8384,#6681,#6682);
#5778=AXIS2_PLACEMENT_3D('',#8388,#6684,#6685);
#5779=AXIS2_PLACEMENT_3D('',#8389,#6686,#6687);
#5780=AXIS2_PLACEMENT_3D('',#8395,#6691,#6692);
#5781=AXIS2_PLACEMENT_3D('',#8396,#6693,#6694);
#5782=AXIS2_PLACEMENT_3D('',#8400,#6696,#6697);
#5783=AXIS2_PLACEMENT_3D('',#8401,#6698,#6699);
#5784=AXIS2_PLACEMENT_3D('',#8407,#6703,#6704);
#5785=AXIS2_PLACEMENT_3D('',#8408,#6705,#6706);
#5786=AXIS2_PLACEMENT_3D('',#8412,#6708,#6709);
#5787=AXIS2_PLACEMENT_3D('',#8413,#6710,#6711);
#5788=AXIS2_PLACEMENT_3D('',#8416,#6714,#6715);
#5789=AXIS2_PLACEMENT_3D('',#8417,#6716,#6717);
#5790=AXIS2_PLACEMENT_3D('',#8419,#6718,#6719);
#5791=AXIS2_PLACEMENT_3D('',#8420,#6720,#6721);
#5792=AXIS2_PLACEMENT_3D('',#8430,#6723,#6724);
#5793=AXIS2_PLACEMENT_3D('',#8434,#6726,#6727);
#5794=AXIS2_PLACEMENT_3D('',#8473,#6729,#6730);
#5795=AXIS2_PLACEMENT_3D('',#8474,#6731,#6732);
#5796=AXIS2_PLACEMENT_3D('',#8501,#6733,#6734);
#5797=AXIS2_PLACEMENT_3D('',#8505,#6737,#6738);
#5798=AXIS2_PLACEMENT_3D('',#8506,#6739,#6740);
#5799=AXIS2_PLACEMENT_3D('',#8509,#6742,#6743);
#5800=AXIS2_PLACEMENT_3D('',#8510,#6744,#6745);
#5801=AXIS2_PLACEMENT_3D('',#8513,#6747,#6748);
#5802=AXIS2_PLACEMENT_3D('',#8525,#6752,#6753);
#5803=AXIS2_PLACEMENT_3D('',#8526,#6754,#6755);
#5804=AXIS2_PLACEMENT_3D('',#8530,#6757,#6758);
#5805=AXIS2_PLACEMENT_3D('',#8531,#6759,#6760);
#5806=AXIS2_PLACEMENT_3D('',#8536,#6764,#6765);
#5807=AXIS2_PLACEMENT_3D('',#8546,#6771,#6772);
#5808=AXIS2_PLACEMENT_3D('',#8547,#6773,#6774);
#5809=AXIS2_PLACEMENT_3D('',#8551,#6776,#6777);
#5810=AXIS2_PLACEMENT_3D('',#8552,#6778,#6779);
#5811=AXIS2_PLACEMENT_3D('',#8557,#6783,#6784);
#5812=AXIS2_PLACEMENT_3D('',#8558,#6785,#6786);
#5813=AXIS2_PLACEMENT_3D('',#8561,#6788,#6789);
#5814=AXIS2_PLACEMENT_3D('',#8565,#6792,#6793);
#5815=AXIS2_PLACEMENT_3D('',#8566,#6794,#6795);
#5816=AXIS2_PLACEMENT_3D('',#8569,#6797,#6798);
#5817=AXIS2_PLACEMENT_3D('',#8573,#6801,#6802);
#5818=AXIS2_PLACEMENT_3D('',#8574,#6803,#6804);
#5819=AXIS2_PLACEMENT_3D('',#8577,#6806,#6807);
#5820=AXIS2_PLACEMENT_3D('',#8581,#6810,#6811);
#5821=AXIS2_PLACEMENT_3D('',#8582,#6812,#6813);
#5822=AXIS2_PLACEMENT_3D('',#8585,#6815,#6816);
#5823=AXIS2_PLACEMENT_3D('',#8589,#6819,#6820);
#5824=AXIS2_PLACEMENT_3D('',#8590,#6821,#6822);
#5825=AXIS2_PLACEMENT_3D('',#8594,#6824,#6825);
#5826=AXIS2_PLACEMENT_3D('',#8595,#6826,#6827);
#5827=AXIS2_PLACEMENT_3D('',#8596,#6828,#6829);
#5828=AXIS2_PLACEMENT_3D('',#8601,#6832,#6833);
#5829=AXIS2_PLACEMENT_3D('',#8605,#6836,#6837);
#5830=AXIS2_PLACEMENT_3D('',#8606,#6838,#6839);
#5831=AXIS2_PLACEMENT_3D('',#8609,#6841,#6842);
#5832=AXIS2_PLACEMENT_3D('',#8613,#6845,#6846);
#5833=AXIS2_PLACEMENT_3D('',#8614,#6847,#6848);
#5834=AXIS2_PLACEMENT_3D('',#8617,#6850,#6851);
#5835=AXIS2_PLACEMENT_3D('',#8621,#6854,#6855);
#5836=AXIS2_PLACEMENT_3D('',#8622,#6856,#6857);
#5837=AXIS2_PLACEMENT_3D('',#8625,#6859,#6860);
#5838=AXIS2_PLACEMENT_3D('',#8631,#6864,#6865);
#5839=AXIS2_PLACEMENT_3D('',#8632,#6866,#6867);
#5840=AXIS2_PLACEMENT_3D('',#8636,#6869,#6870);
#5841=AXIS2_PLACEMENT_3D('',#8637,#6871,#6872);
#5842=AXIS2_PLACEMENT_3D('',#8644,#6877,#6878);
#5843=AXIS2_PLACEMENT_3D('',#8645,#6879,#6880);
#5844=AXIS2_PLACEMENT_3D('',#8649,#6882,#6883);
#5845=AXIS2_PLACEMENT_3D('',#8652,#6885,#6886);
#5846=AXIS2_PLACEMENT_3D('',#8654,#6888,#6889);
#5847=AXIS2_PLACEMENT_3D('',#8666,#6893,#6894);
#5848=AXIS2_PLACEMENT_3D('',#8667,#6895,#6896);
#5849=AXIS2_PLACEMENT_3D('',#8669,#6897,#6898);
#5850=AXIS2_PLACEMENT_3D('',#8672,#6900,#6901);
#5851=AXIS2_PLACEMENT_3D('',#8673,#6902,#6903);
#5852=AXIS2_PLACEMENT_3D('',#8678,#6905,#6906);
#5853=AXIS2_PLACEMENT_3D('',#8681,#6908,#6909);
#5854=AXIS2_PLACEMENT_3D('',#8716,#6912,#6913);
#5855=AXIS2_PLACEMENT_3D('',#8717,#6914,#6915);
#5856=AXIS2_PLACEMENT_3D('',#8724,#6916,#6917);
#5857=AXIS2_PLACEMENT_3D('',#8751,#6918,#6919);
#5858=AXIS2_PLACEMENT_3D('',#8756,#6922,#6923);
#5859=AXIS2_PLACEMENT_3D('',#8757,#6924,#6925);
#5860=AXIS2_PLACEMENT_3D('',#8764,#6930,#6931);
#5861=AXIS2_PLACEMENT_3D('',#8770,#6932,#6933);
#5862=AXIS2_PLACEMENT_3D('',#8771,#6934,#6935);
#5863=AXIS2_PLACEMENT_3D('',#8772,#6936,#6937);
#5864=AXIS2_PLACEMENT_3D('',#8774,#6938,#6939);
#5865=AXIS2_PLACEMENT_3D('',#8775,#6940,#6941);
#5866=AXIS2_PLACEMENT_3D('',#8779,#6943,#6944);
#5867=AXIS2_PLACEMENT_3D('',#8780,#6945,#6946);
#5868=AXIS2_PLACEMENT_3D('',#8784,#6949,#6950);
#5869=AXIS2_PLACEMENT_3D('',#8789,#6953,#6954);
#5870=AXIS2_PLACEMENT_3D('',#8790,#6955,#6956);
#5871=AXIS2_PLACEMENT_3D('',#8791,#6957,#6958);
#5872=AXIS2_PLACEMENT_3D('',#8794,#6960,#6961);
#5873=AXIS2_PLACEMENT_3D('',#8797,#6963,#6964);
#5874=AXIS2_PLACEMENT_3D('',#8805,#6966,#6967);
#5875=AXIS2_PLACEMENT_3D('',#8814,#6969,#6970);
#5876=AXIS2_PLACEMENT_3D('',#8818,#6972,#6973);
#5877=AXIS2_PLACEMENT_3D('',#8819,#6974,#6975);
#5878=AXIS2_PLACEMENT_3D('',#8826,#6976,#6977);
#5879=AXIS2_PLACEMENT_3D('',#8830,#6979,#6980);
#5880=AXIS2_PLACEMENT_3D('',#8833,#6982,#6983);
#5881=AXIS2_PLACEMENT_3D('',#8841,#6985,#6986);
#5882=AXIS2_PLACEMENT_3D('',#8876,#6988,#6989);
#5883=AXIS2_PLACEMENT_3D('',#8882,#6993,#6994);
#5884=AXIS2_PLACEMENT_3D('',#8883,#6995,#6996);
#5885=AXIS2_PLACEMENT_3D('',#8885,#6997,#6998);
#5886=AXIS2_PLACEMENT_3D('',#8888,#7000,#7001);
#5887=AXIS2_PLACEMENT_3D('',#8889,#7002,#7003);
#5888=AXIS2_PLACEMENT_3D('',#8913,#7004,#7005);
#5889=AXIS2_PLACEMENT_3D('',#8914,#7006,#7007);
#5890=AXIS2_PLACEMENT_3D('',#8930,#7011,#7012);
#5891=AXIS2_PLACEMENT_3D('',#8931,#7013,#7014);
#5892=AXIS2_PLACEMENT_3D('',#8939,#7016,#7017);
#5893=AXIS2_PLACEMENT_3D('',#8948,#7020,#7021);
#5894=AXIS2_PLACEMENT_3D('',#8949,#7022,#7023);
#5895=AXIS2_PLACEMENT_3D('',#8958,#7025,#7026);
#5896=AXIS2_PLACEMENT_3D('',#8967,#7029,#7030);
#5897=AXIS2_PLACEMENT_3D('',#8968,#7031,#7032);
#5898=AXIS2_PLACEMENT_3D('',#8976,#7034,#7035);
#5899=AXIS2_PLACEMENT_3D('',#8985,#7038,#7039);
#5900=AXIS2_PLACEMENT_3D('',#8986,#7040,#7041);
#5901=AXIS2_PLACEMENT_3D('',#8995,#7043,#7044);
#5902=AXIS2_PLACEMENT_3D('',#9004,#7047,#7048);
#5903=AXIS2_PLACEMENT_3D('',#9005,#7049,#7050);
#5904=AXIS2_PLACEMENT_3D('',#9010,#7051,#7052);
#5905=AXIS2_PLACEMENT_3D('',#9019,#7054,#7055);
#5906=AXIS2_PLACEMENT_3D('',#9021,#7056,#7057);
#5907=AXIS2_PLACEMENT_3D('',#9022,#7058,#7059);
#5908=AXIS2_PLACEMENT_3D('',#9025,#7061,#7062);
#5909=AXIS2_PLACEMENT_3D('',#9029,#7064,#7065);
#5910=AXIS2_PLACEMENT_3D('',#9032,#7067,#7068);
#5911=AXIS2_PLACEMENT_3D('',#9044,#7070,#7071);
#5912=AXIS2_PLACEMENT_3D('',#9045,#7072,#7073);
#5913=AXIS2_PLACEMENT_3D('',#9046,#7074,#7075);
#5914=AXIS2_PLACEMENT_3D('',#9073,#7076,#7077);
#5915=AXIS2_PLACEMENT_3D('',#9076,#7079,#7080);
#5916=AXIS2_PLACEMENT_3D('',#9077,#7081,#7082);
#5917=AXIS2_PLACEMENT_3D('',#9080,#7084,#7085);
#5918=AXIS2_PLACEMENT_3D('',#9092,#7087,#7088);
#5919=AXIS2_PLACEMENT_3D('',#9096,#7090,#7091);
#5920=AXIS2_PLACEMENT_3D('',#9097,#7092,#7093);
#5921=AXIS2_PLACEMENT_3D('',#9098,#7094,#7095);
#5922=AXIS2_PLACEMENT_3D('',#9109,#7097,#7098);
#5923=AXIS2_PLACEMENT_3D('',#9110,#7099,#7100);
#5924=AXIS2_PLACEMENT_3D('',#9116,#7101,#7102);
#5925=AXIS2_PLACEMENT_3D('',#9120,#7104,#7105);
#5926=AXIS2_PLACEMENT_3D('',#9124,#7107,#7108);
#5927=AXIS2_PLACEMENT_3D('',#9128,#7110,#7111);
#5928=AXIS2_PLACEMENT_3D('',#9132,#7113,#7114);
#5929=AXIS2_PLACEMENT_3D('',#9136,#7116,#7117);
#5930=AXIS2_PLACEMENT_3D('',#9145,#7119,#7120);
#5931=AXIS2_PLACEMENT_3D('',#9169,#7122,#7123);
#5932=AXIS2_PLACEMENT_3D('',#9173,#7125,#7126);
#5933=AXIS2_PLACEMENT_3D('',#9175,#7127,#7128);
#5934=AXIS2_PLACEMENT_3D('',#9181,#7129,#7130);
#5935=AXIS2_PLACEMENT_3D('',#9190,#7133,#7134);
#5936=AXIS2_PLACEMENT_3D('',#9198,#7136,#7137);
#5937=AXIS2_PLACEMENT_3D('',#9205,#7139,#7140);
#5938=AXIS2_PLACEMENT_3D('',#9212,#7142,#7143);
#5939=AXIS2_PLACEMENT_3D('',#9219,#7145,#7146);
#5940=AXIS2_PLACEMENT_3D('',#9227,#7148,#7149);
#5941=AXIS2_PLACEMENT_3D('',#9234,#7151,#7152);
#5942=AXIS2_PLACEMENT_3D('',#9241,#7154,#7155);
#5943=AXIS2_PLACEMENT_3D('',#9246,#7158,#7159);
#5944=AXIS2_PLACEMENT_3D('',#9250,#7161,#7162);
#5945=AXIS2_PLACEMENT_3D('',#9251,#7163,#7164);
#5946=AXIS2_PLACEMENT_3D('',#9263,#7166,#7167);
#5947=AXIS2_PLACEMENT_3D('',#9264,#7168,#7169);
#5948=AXIS2_PLACEMENT_3D('',#9265,#7170,#7171);
#5949=AXIS2_PLACEMENT_3D('',#9288,#7172,#7173);
#5950=AXIS2_PLACEMENT_3D('',#9289,#7174,#7175);
#5951=AXIS2_PLACEMENT_3D('',#9294,#7176,#7177);
#5952=AXIS2_PLACEMENT_3D('',#9308,#7180,#7181);
#5953=AXIS2_PLACEMENT_3D('',#9309,#7182,#7183);
#5954=AXIS2_PLACEMENT_3D('',#9312,#7185,#7186);
#5955=AXIS2_PLACEMENT_3D('',#9340,#7188,#7189);
#5956=AXIS2_PLACEMENT_3D('',#9341,#7190,#7191);
#5957=AXIS2_PLACEMENT_3D('',#9343,#7192,#7193);
#5958=AXIS2_PLACEMENT_3D('',#9359,#7195,#7196);
#5959=AXIS2_PLACEMENT_3D('',#9375,#7198,#7199);
#5960=AXIS2_PLACEMENT_3D('',#9384,#7201,#7202);
#5961=AXIS2_PLACEMENT_3D('',#9385,#7203,#7204);
#5962=AXIS2_PLACEMENT_3D('',#9395,#7205,#7206);
#5963=AXIS2_PLACEMENT_3D('',#9418,#7207,#7208);
#5964=AXIS2_PLACEMENT_3D('',#9431,#7209,#7210);
#5965=AXIS2_PLACEMENT_3D('',#9442,#7211,#7212);
#5966=AXIS2_PLACEMENT_3D('',#9443,#7213,#7214);
#5967=AXIS2_PLACEMENT_3D('',#9459,#7215,#7216);
#5968=AXIS2_PLACEMENT_3D('',#9462,#7218,#7219);
#5969=AXIS2_PLACEMENT_3D('',#9463,#7220,#7221);
#5970=AXIS2_PLACEMENT_3D('',#9464,#7222,#7223);
#5971=AXIS2_PLACEMENT_3D('',#9497,#7226,#7227);
#5972=AXIS2_PLACEMENT_3D('',#9498,#7228,#7229);
#5973=AXIS2_PLACEMENT_3D('',#9499,#7230,#7231);
#5974=AXIS2_PLACEMENT_3D('',#9500,#7232,#7233);
#5975=AXIS2_PLACEMENT_3D('',#9506,#7234,#7235);
#5976=AXIS2_PLACEMENT_3D('',#9560,#7237,#7238);
#5977=AXIS2_PLACEMENT_3D('',#9567,#7240,#7241);
#5978=AXIS2_PLACEMENT_3D('',#9568,#7242,#7243);
#5979=AXIS2_PLACEMENT_3D('',#9575,#7244,#7245);
#5980=AXIS2_PLACEMENT_3D('',#9593,#7246,#7247);
#5981=AXIS2_PLACEMENT_3D('',#9599,#7248,#7249);
#5982=AXIS2_PLACEMENT_3D('',#9604,#7252,#7253);
#5983=AXIS2_PLACEMENT_3D('',#9605,#7254,#7255);
#5984=AXIS2_PLACEMENT_3D('',#9606,#7256,#7257);
#5985=AXIS2_PLACEMENT_3D('',#9608,#7258,#7259);
#5986=AXIS2_PLACEMENT_3D('',#9609,#7260,#7261);
#5987=AXIS2_PLACEMENT_3D('',#9610,#7262,#7263);
#5988=AXIS2_PLACEMENT_3D('',#9612,#7264,#7265);
#5989=AXIS2_PLACEMENT_3D('',#9613,#7266,#7267);
#5990=AXIS2_PLACEMENT_3D('',#9615,#7269,#7270);
#5991=AXIS2_PLACEMENT_3D('',#9632,#7271,#7272);
#5992=AXIS2_PLACEMENT_3D('',#9637,#7273,#7274);
#5993=AXIS2_PLACEMENT_3D('',#9639,#7276,#7277);
#5994=AXIS2_PLACEMENT_3D('',#9642,#7279,#7280);
#5995=AXIS2_PLACEMENT_3D('',#9643,#7281,#7282);
#5996=AXIS2_PLACEMENT_3D('',#9647,#7285,#7286);
#5997=AXIS2_PLACEMENT_3D('',#9648,#7287,#7288);
#5998=AXIS2_PLACEMENT_3D('',#9650,#7289,#7290);
#5999=AXIS2_PLACEMENT_3D('',#9651,#7291,#7292);
#6000=AXIS2_PLACEMENT_3D('',#9658,#7294,#7295);
#6001=AXIS2_PLACEMENT_3D('',#9659,#7296,#7297);
#6002=AXIS2_PLACEMENT_3D('',#9665,#7298,#7299);
#6003=AXIS2_PLACEMENT_3D('',#9666,#7300,#7301);
#6004=AXIS2_PLACEMENT_3D('',#9667,#7302,#7303);
#6005=AXIS2_PLACEMENT_3D('',#9670,#7305,#7306);
#6006=AXIS2_PLACEMENT_3D('',#9671,#7307,#7308);
#6007=AXIS2_PLACEMENT_3D('',#9674,#7310,#7311);
#6008=AXIS2_PLACEMENT_3D('',#9678,#7314,#7315);
#6009=AXIS2_PLACEMENT_3D('',#9679,#7316,#7317);
#6010=AXIS2_PLACEMENT_3D('',#9681,#7319,#7320);
#6011=AXIS2_PLACEMENT_3D('',#9686,#7321,#7322);
#6012=AXIS2_PLACEMENT_3D('',#9703,#7323,#7324);
#6013=AXIS2_PLACEMENT_3D('',#9704,#7325,#7326);
#6014=AXIS2_PLACEMENT_3D('',#9706,#7328,#7329);
#6015=AXIS2_PLACEMENT_3D('',#9714,#7335,#7336);
#6016=AXIS2_PLACEMENT_3D('',#9715,#7337,#7338);
#6017=AXIS2_PLACEMENT_3D('',#9716,#7339,#7340);
#6018=AXIS2_PLACEMENT_3D('',#9720,#7342,#7343);
#6019=AXIS2_PLACEMENT_3D('',#9724,#7345,#7346);
#6020=AXIS2_PLACEMENT_3D('',#9725,#7347,#7348);
#6021=AXIS2_PLACEMENT_3D('',#9731,#7352,#7353);
#6022=AXIS2_PLACEMENT_3D('',#9732,#7354,#7355);
#6023=AXIS2_PLACEMENT_3D('',#9736,#7357,#7358);
#6024=AXIS2_PLACEMENT_3D('',#9737,#7359,#7360);
#6025=AXIS2_PLACEMENT_3D('',#9753,#7369,#7370);
#6026=AXIS2_PLACEMENT_3D('',#9757,#7372,#7373);
#6027=AXIS2_PLACEMENT_3D('',#9758,#7374,#7375);
#6028=AXIS2_PLACEMENT_3D('',#9759,#7376,#7377);
#6029=AXIS2_PLACEMENT_3D('',#9765,#7381,#7382);
#6030=AXIS2_PLACEMENT_3D('',#9766,#7383,#7384);
#6031=AXIS2_PLACEMENT_3D('',#9768,#7385,#7386);
#6032=AXIS2_PLACEMENT_3D('',#9771,#7388,#7389);
#6033=AXIS2_PLACEMENT_3D('',#9772,#7390,#7391);
#6034=AXIS2_PLACEMENT_3D('',#9774,#7392,#7393);
#6035=AXIS2_PLACEMENT_3D('',#9776,#7394,#7395);
#6036=AXIS2_PLACEMENT_3D('',#9781,#7398,#7399);
#6037=AXIS2_PLACEMENT_3D('',#9785,#7401,#7402);
#6038=AXIS2_PLACEMENT_3D('',#9788,#7404,#7405);
#6039=AXIS2_PLACEMENT_3D('',#9792,#7408,#7409);
#6040=AXIS2_PLACEMENT_3D('',#9795,#7411,#7412);
#6041=AXIS2_PLACEMENT_3D('',#9796,#7413,#7414);
#6042=AXIS2_PLACEMENT_3D('',#9800,#7417,#7418);
#6043=AXIS2_PLACEMENT_3D('',#9801,#7419,#7420);
#6044=AXIS2_PLACEMENT_3D('',#9804,#7422,#7423);
#6045=AXIS2_PLACEMENT_3D('',#9810,#7427,#7428);
#6046=AXIS2_PLACEMENT_3D('',#9814,#7431,#7432);
#6047=AXIS2_PLACEMENT_3D('',#9818,#7435,#7436);
#6048=AXIS2_PLACEMENT_3D('',#9820,#7438,#7439);
#6049=AXIS2_PLACEMENT_3D('',#9822,#7441,#7442);
#6050=AXIS2_PLACEMENT_3D('',#9826,#7445,#7446);
#6051=AXIS2_PLACEMENT_3D('',#9828,#7448,#7449);
#6052=AXIS2_PLACEMENT_3D('',#9829,#7450,#7451);
#6053=AXIS2_PLACEMENT_3D('',#9830,#7452,#7453);
#6054=AXIS2_PLACEMENT_3D('',#9832,#7454,#7455);
#6055=AXIS2_PLACEMENT_3D('',#9833,#7456,#7457);
#6056=AXIS2_PLACEMENT_3D('',#9835,#7458,#7459);
#6057=AXIS2_PLACEMENT_3D('',#9836,#7460,#7461);
#6058=AXIS2_PLACEMENT_3D('',#9838,#7462,#7463);
#6059=AXIS2_PLACEMENT_3D('',#9839,#7464,#7465);
#6060=AXIS2_PLACEMENT_3D('',#9841,#7466,#7467);
#6061=AXIS2_PLACEMENT_3D('',#9842,#7468,#7469);
#6062=AXIS2_PLACEMENT_3D('',#9843,#7470,#7471);
#6063=AXIS2_PLACEMENT_3D('',#9845,#7472,#7473);
#6064=AXIS2_PLACEMENT_3D('',#9846,#7474,#7475);
#6065=AXIS2_PLACEMENT_3D('',#9847,#7476,#7477);
#6066=AXIS2_PLACEMENT_3D('',#9849,#7478,#7479);
#6067=AXIS2_PLACEMENT_3D('',#9850,#7480,#7481);
#6068=AXIS2_PLACEMENT_3D('',#9851,#7482,#7483);
#6069=AXIS2_PLACEMENT_3D('',#9853,#7484,#7485);
#6070=AXIS2_PLACEMENT_3D('',#9855,#7486,#7487);
#6071=AXIS2_PLACEMENT_3D('',#9856,#7488,#7489);
#6072=AXIS2_PLACEMENT_3D('',#9857,#7490,#7491);
#6073=AXIS2_PLACEMENT_3D('',#9859,#7492,#7493);
#6074=AXIS2_PLACEMENT_3D('',#9860,#7494,#7495);
#6075=AXIS2_PLACEMENT_3D('',#9861,#7496,#7497);
#6076=AXIS2_PLACEMENT_3D('',#9863,#7498,#7499);
#6077=AXIS2_PLACEMENT_3D('',#9865,#7500,#7501);
#6078=AXIS2_PLACEMENT_3D('',#9866,#7502,#7503);
#6079=AXIS2_PLACEMENT_3D('',#9867,#7504,#7505);
#6080=AXIS2_PLACEMENT_3D('',#9869,#7506,#7507);
#6081=AXIS2_PLACEMENT_3D('',#9870,#7508,#7509);
#6082=AXIS2_PLACEMENT_3D('',#9871,#7510,#7511);
#6083=AXIS2_PLACEMENT_3D('',#9873,#7512,#7513);
#6084=AXIS2_PLACEMENT_3D('',#9875,#7514,#7515);
#6085=AXIS2_PLACEMENT_3D('',#9876,#7516,#7517);
#6086=AXIS2_PLACEMENT_3D('',#9877,#7518,#7519);
#6087=AXIS2_PLACEMENT_3D('',#9879,#7520,#7521);
#6088=DIRECTION('',(0.,0.,1.));
#6089=DIRECTION('',(1.,0.,0.));
#6090=DIRECTION('',(2.34291072916505E-15,0.,1.));
#6091=DIRECTION('',(1.,0.,-2.34291072916505E-15));
#6092=DIRECTION('',(2.34291072916505E-15,0.,1.));
#6093=DIRECTION('',(1.,0.,-2.34291072916505E-15));
#6094=DIRECTION('',(0.,0.,-1.));
#6095=DIRECTION('',(-1.,0.,0.));
#6096=DIRECTION('',(0.,0.,-1.));
#6097=DIRECTION('',(-1.,0.,0.));
#6098=DIRECTION('',(-2.34187669256869E-15,0.,-1.));
#6099=DIRECTION('',(-1.,0.,2.34187669256869E-15));
#6100=DIRECTION('',(-2.34187669256869E-15,0.,-1.));
#6101=DIRECTION('',(-1.,0.,2.34187669256869E-15));
#6102=DIRECTION('',(2.34291072916505E-15,0.,1.));
#6103=DIRECTION('',(1.,0.,-2.34291072916505E-15));
#6104=DIRECTION('',(-0.100035706437164,0.9949838478275,2.33879126667056E-16));
#6105=DIRECTION('',(0.999814758117186,0.0192470634402236,-2.34295547523831E-15));
#6106=DIRECTION('',(2.34291072916505E-15,0.,1.));
#6107=DIRECTION('',(1.,0.,-2.34291072916505E-15));
#6108=DIRECTION('',(0.261933745470312,0.965085857830221,-6.1368738259278E-16));
#6109=DIRECTION('',(2.34291072916505E-15,0.,1.));
#6110=DIRECTION('',(1.,0.,-2.34291072916505E-15));
#6111=DIRECTION('',(-0.261933745470312,-0.965085857830221,6.13687382592781E-16));
#6112=DIRECTION('',(2.34291072916505E-15,0.,1.));
#6113=DIRECTION('',(1.,0.,-2.34291072916505E-15));
#6114=DIRECTION('',(0.261933745470311,0.965085857830221,-6.1353579711678E-16));
#6115=DIRECTION('',(2.34291072916505E-15,0.,1.));
#6116=DIRECTION('',(1.,0.,-2.34291072916505E-15));
#6117=DIRECTION('',(-0.261933745470311,0.965085857830221,-6.1353579711678E-16));
#6118=DIRECTION('',(2.34291072916505E-15,0.,-1.));
#6119=DIRECTION('',(-1.,0.,-2.34291072916505E-15));
#6120=DIRECTION('',(0.261933745470312,-0.965085857830221,6.13687382592781E-16));
#6121=DIRECTION('',(2.34291072916505E-15,0.,-1.));
#6122=DIRECTION('',(-1.,0.,-2.34291072916505E-15));
#6123=DIRECTION('',(-0.261933745470312,0.965085857830221,-6.1368738259278E-16));
#6124=DIRECTION('',(2.34291072916505E-15,0.,-1.));
#6125=DIRECTION('',(-1.,0.,-2.34291072916505E-15));
#6126=DIRECTION('',(-0.999814758117186,0.0192470634402236,-2.34295547523831E-15));
#6127=DIRECTION('',(0.100035706437164,0.9949838478275,2.33879126667056E-16));
#6128=DIRECTION('',(2.34291072916505E-15,0.,-1.));
#6129=DIRECTION('',(-1.,0.,-2.34291072916505E-15));
#6130=DIRECTION('',(-1.,0.,-2.34291072916505E-15));
#6131=DIRECTION('',(2.34291072916505E-15,0.,-1.));
#6132=DIRECTION('',(-1.,0.,-2.34291072916505E-15));
#6133=DIRECTION('',(-0.342020143325663,-0.93969262078591,-8.01322663388264E-16));
#6134=DIRECTION('',(2.34291072916505E-15,0.,-1.));
#6135=DIRECTION('',(-1.,0.,-2.34291072916505E-15));
#6136=DIRECTION('',(1.,0.,-2.34291072916505E-15));
#6137=DIRECTION('',(2.34291072916505E-15,0.,1.));
#6138=DIRECTION('',(1.,0.,-2.34291072916505E-15));
#6139=DIRECTION('',(0.342020143325663,-0.93969262078591,-8.01322663388264E-16));
#6140=DIRECTION('',(2.34291072916505E-15,0.,1.));
#6141=DIRECTION('',(1.,0.,-2.34291072916505E-15));
#6142=DIRECTION('',(1.,0.,-2.34291072916505E-15));
#6143=DIRECTION('',(2.34291072916505E-15,0.,1.));
#6144=DIRECTION('',(1.,0.,-2.34291072916505E-15));
#6145=DIRECTION('',(0.,0.,1.));
#6146=DIRECTION('',(1.,0.,0.));
#6147=DIRECTION('',(0.,0.,1.));
#6148=DIRECTION('',(1.,0.,0.));
#6149=DIRECTION('',(0.,0.,1.));
#6150=DIRECTION('',(0.,0.,1.));
#6151=DIRECTION('',(-0.93969262078591,-0.342020143325663,0.));
#6152=DIRECTION('',(0.342020143325663,-0.93969262078591,0.));
#6153=DIRECTION('',(0.342020143325663,-0.93969262078591,0.));
#6154=DIRECTION('',(0.,0.,-1.));
#6155=DIRECTION('',(0.,0.,1.));
#6156=DIRECTION('',(1.,0.,0.));
#6157=DIRECTION('',(0.,0.,-1.));
#6158=DIRECTION('',(0.,0.,-1.));
#6159=DIRECTION('',(1.,1.22464679914735E-16,0.));
#6160=DIRECTION('',(0.,-1.,0.));
#6161=DIRECTION('',(0.,0.,-1.));
#6162=DIRECTION('',(1.,0.,0.));
#6163=DIRECTION('',(-0.046215856486328,0.,-0.998931476433311));
#6164=DIRECTION('',(0.,-1.,0.));
#6165=DIRECTION('',(0.,0.,-1.));
#6166=DIRECTION('',(1.,0.,0.));
#6167=DIRECTION('',(0.,0.,1.));
#6168=DIRECTION('',(0.,0.,1.));
#6169=DIRECTION('',(-1.,0.,0.));
#6170=DIRECTION('',(0.,0.,-1.));
#6171=DIRECTION('',(-1.,0.,0.));
#6172=DIRECTION('',(0.,0.,1.));
#6173=DIRECTION('',(0.93969262078591,-0.342020143325663,0.));
#6174=DIRECTION('',(-0.342020143325663,-0.93969262078591,0.));
#6175=DIRECTION('',(-0.342020143325663,-0.93969262078591,0.));
#6176=DIRECTION('',(0.,0.,-1.));
#6177=DIRECTION('',(0.,0.,1.));
#6178=DIRECTION('',(-1.,0.,0.));
#6179=DIRECTION('',(0.,0.,-1.));
#6180=DIRECTION('',(0.,0.,1.));
#6181=DIRECTION('',(-1.,1.22464679914735E-16,0.));
#6182=DIRECTION('',(0.,-1.,0.));
#6183=DIRECTION('',(0.,0.,-1.));
#6184=DIRECTION('',(-1.,0.,0.));
#6185=DIRECTION('',(0.046215856486328,0.,-0.998931476433311));
#6186=DIRECTION('',(-0.046215856486328,0.,0.998931476433311));
#6187=DIRECTION('',(-0.998931476433311,0.,-0.046215856486328));
#6188=DIRECTION('',(0.046215856486328,-1.69617280595099E-19,-0.998931476433311));
#6189=DIRECTION('',(0.,0.,-1.));
#6190=DIRECTION('',(-1.,0.,0.));
#6191=DIRECTION('',(0.046215856486328,0.,0.998931476433311));
#6192=DIRECTION('',(0.998931476433311,0.,-0.046215856486328));
#6193=DIRECTION('',(0.,0.,1.));
#6194=DIRECTION('',(1.,0.,0.));
#6195=DIRECTION('',(-0.046215856486328,-1.69617280595099E-19,-0.998931476433311));
#6196=DIRECTION('',(1.,0.,0.));
#6197=DIRECTION('',(0.,0.,1.));
#6198=DIRECTION('',(0.,-0.00602404270527411,0.999981855290127));
#6199=DIRECTION('',(0.,-1.,0.));
#6200=DIRECTION('',(0.,-0.00602404270526672,0.999981855290127));
#6201=DIRECTION('',(0.,-1.,0.));
#6202=DIRECTION('',(0.,0.00602404270526672,-0.999981855290127));
#6203=DIRECTION('',(0.,-1.,0.));
#6204=DIRECTION('',(0.,0.00602404270526717,-0.999981855290127));
#6205=DIRECTION('',(0.,1.,0.));
#6206=DIRECTION('',(0.,0.00602404270527222,-0.999981855290127));
#6207=DIRECTION('',(0.,1.,0.));
#6208=DIRECTION('',(0.,-0.00602404270527853,0.999981855290127));
#6209=DIRECTION('',(0.,1.,0.));
#6210=DIRECTION('',(0.99990055029246,-8.49559884247609E-5,0.0141025638561101));
#6211=DIRECTION('',(-0.0141025639070029,0.,0.999900553900861));
#6212=DIRECTION('',(-0.0141028197476828,-0.00602344361598376,0.999882407387073));
#6213=DIRECTION('',(0.,-0.999981855290127,-0.00602404270526962));
#6214=DIRECTION('',(-0.0141028197476828,-0.00602344361598376,0.999882407387073));
#6215=DIRECTION('',(-4.20128341838133E-18,-0.999981855290127,-0.00602404270526932));
#6216=DIRECTION('',(-1.,0.,0.));
#6217=DIRECTION('',(0.,0.,1.));
#6218=DIRECTION('',(0.,-0.00602404270527411,0.999981855290127));
#6219=DIRECTION('',(0.,1.,0.));
#6220=DIRECTION('',(0.,-0.00602404270527853,0.999981855290127));
#6221=DIRECTION('',(0.,1.,0.));
#6222=DIRECTION('',(0.,0.00602404270527222,-0.999981855290127));
#6223=DIRECTION('',(0.,1.,0.));
#6224=DIRECTION('',(0.,0.00602404270526717,-0.999981855290127));
#6225=DIRECTION('',(0.,-1.,0.));
#6226=DIRECTION('',(0.,0.00602404270526672,-0.999981855290127));
#6227=DIRECTION('',(0.,-1.,0.));
#6228=DIRECTION('',(0.,-0.00602404270526672,0.999981855290127));
#6229=DIRECTION('',(0.,-1.,0.));
#6230=DIRECTION('',(-0.99990055029246,-8.49559884247609E-5,0.0141025638561101));
#6231=DIRECTION('',(0.0141025639070029,0.,0.999900553900861));
#6232=DIRECTION('',(0.0141028197476828,-0.00602344361598376,0.999882407387073));
#6233=DIRECTION('',(4.20128341838133E-18,-0.999981855290127,-0.00602404270526932));
#6234=DIRECTION('',(0.0141028197476828,-0.00602344361598376,0.999882407387073));
#6235=DIRECTION('',(0.,-0.999981855290127,-0.00602404270526962));
#6236=DIRECTION('',(-0.0117663337480132,-0.611218130325725,0.791374721956201));
#6237=DIRECTION('',(-0.977983986541441,0.171938580794346,0.118255851876071));
#6238=DIRECTION('',(0.0117663337480132,0.611218130325725,-0.791374721956201));
#6239=DIRECTION('',(0.0152316394784827,0.791228126212695,0.611331374500561));
#6240=DIRECTION('',(-0.0141028197476828,-0.00602344361598376,0.999882407387074));
#6241=DIRECTION('',(-0.876177134239253,0.481896495465642,-0.00945500366062567));
#6242=DIRECTION('',(0.0141028197476828,0.00602344361598376,-0.999882407387074));
#6243=DIRECTION('',(0.919523074703063,0.392736735855961,0.0153352990786149));
#6244=DIRECTION('',(-0.0141028197476828,-0.00602344361598376,0.999882407387074));
#6245=DIRECTION('',(-0.876177134239253,0.481896495465642,-0.00945500366062567));
#6246=DIRECTION('',(-4.40457132572236E-18,-0.999981855290127,-0.00602404270526901));
#6247=DIRECTION('',(0.0141028197476828,0.00602344361598376,-0.999882407387074));
#6248=DIRECTION('',(0.919523074703063,0.392736735855961,0.0153352990786149));
#6249=DIRECTION('',(0.99990055029246,-8.49559884276363E-5,0.0141025638561101));
#6250=DIRECTION('',(-0.0141028197476829,-0.00602344361598407,0.999882407387074));
#6251=DIRECTION('',(-0.999900546683928,0.,-0.0141030755930023));
#6252=DIRECTION('',(0.99990055029246,-8.49559884247286E-5,0.0141025638561101));
#6253=DIRECTION('',(0.0141028197476829,0.00602344361598407,-0.999882407387074));
#6254=DIRECTION('',(0.919523074703056,0.392736735855976,0.0153352990786151));
#6255=DIRECTION('',(-0.99990055029246,8.4955988426754E-5,-0.0141025638561101));
#6256=DIRECTION('',(-2.05292755108274E-15,-0.999981855290127,-0.00602404270526904));
#6257=DIRECTION('',(0.,0.00602404270526904,-0.999981855290127));
#6258=DIRECTION('',(-0.0141028197476828,-0.00602344361598376,0.999882407387073));
#6259=DIRECTION('',(-0.99990055029246,8.49559884266043E-5,-0.0141025638561106));
#6260=DIRECTION('',(0.99990055029246,-8.49559884302997E-5,0.0141025638561101));
#6261=DIRECTION('',(-0.0141025639070028,0.,0.999900553900861));
#6262=DIRECTION('',(-5.54699515487034E-15,-0.999981855290127,-0.00602404270526909));
#6263=DIRECTION('',(-0.0141028197476828,-0.00602344361598376,0.999882407387073));
#6264=DIRECTION('',(-5.55111512312578E-15,-0.999981855290127,-0.00602404270526879));
#6265=DIRECTION('',(-0.0141028197476828,-0.00602344361598376,0.999882407387074));
#6266=DIRECTION('',(-0.876177134239253,0.481896495465642,-0.00945500366062567));
#6267=DIRECTION('',(0.0141028197476828,0.00602344361598376,-0.999882407387074));
#6268=DIRECTION('',(0.919523074703063,0.392736735855961,0.0153352990786149));
#6269=DIRECTION('',(0.99990055029246,-8.4955988426754E-5,0.0141025638561101));
#6270=DIRECTION('',(0.99990055029246,-8.49559884354343E-5,0.01410256385611));
#6271=DIRECTION('',(-0.0141025639070028,0.,0.999900553900861));
#6272=DIRECTION('',(1.0676870630279E-14,0.999981855290127,0.00602404270526947));
#6273=DIRECTION('',(-0.0141028197476828,-0.00602344361598376,0.999882407387073));
#6274=DIRECTION('',(-1.06752213906264E-14,-0.999981855290127,-0.00602404270526958));
#6275=DIRECTION('',(-0.0141028197476828,-0.00602344361598376,0.999882407387073));
#6276=DIRECTION('',(-0.99990055029246,-8.49559884354343E-5,0.01410256385611));
#6277=DIRECTION('',(0.0141025639070028,0.,0.999900553900861));
#6278=DIRECTION('',(-1.0676870630279E-14,0.999981855290127,0.00602404270526947));
#6279=DIRECTION('',(0.0141028197476828,-0.00602344361598376,0.999882407387073));
#6280=DIRECTION('',(1.06752213906264E-14,-0.999981855290127,-0.00602404270526958));
#6281=DIRECTION('',(0.0141028197476828,-0.00602344361598376,0.999882407387073));
#6282=DIRECTION('',(2.05292755108274E-15,-0.999981855290127,-0.00602404270526904));
#6283=DIRECTION('',(0.,0.00602404270526904,-0.999981855290127));
#6284=DIRECTION('',(0.0141028197476828,-0.00602344361598376,0.999882407387073));
#6285=DIRECTION('',(0.99990055029246,8.4955988426754E-5,-0.0141025638561101));
#6286=DIRECTION('',(0.99990055029246,8.49559884266043E-5,-0.0141025638561106));
#6287=DIRECTION('',(0.0141028197476829,-0.00602344361598407,0.999882407387074));
#6288=DIRECTION('',(0.999900546683928,0.,-0.0141030755930023));
#6289=DIRECTION('',(0.0141028197476829,-0.00602344361598407,0.999882407387074));
#6290=DIRECTION('',(-0.919523074703056,0.392736735855976,0.0153352990786151));
#6291=DIRECTION('',(-0.99990055029246,-8.49559884247286E-5,0.0141025638561101));
#6292=DIRECTION('',(0.0141028197476828,-0.00602344361598376,0.999882407387074));
#6293=DIRECTION('',(0.876177134239253,0.481896495465642,-0.00945500366062567));
#6294=DIRECTION('',(5.54699515487034E-15,-0.999981855290127,-0.00602404270526909));
#6295=DIRECTION('',(-0.99990055029246,-8.4955988426754E-5,0.0141025638561101));
#6296=DIRECTION('',(0.0141028197476828,-0.00602344361598376,0.999882407387074));
#6297=DIRECTION('',(-0.919523074703063,0.392736735855961,0.0153352990786149));
#6298=DIRECTION('',(-0.99990055029246,-8.49559884302997E-5,0.0141025638561101));
#6299=DIRECTION('',(0.0141025639070028,0.,0.999900553900861));
#6300=DIRECTION('',(5.55111512312578E-15,-0.999981855290127,-0.00602404270526879));
#6301=DIRECTION('',(0.0141028197476828,-0.00602344361598376,0.999882407387073));
#6302=DIRECTION('',(0.0141028197476828,-0.00602344361598376,0.999882407387074));
#6303=DIRECTION('',(0.876177134239253,0.481896495465642,-0.00945500366062567));
#6304=DIRECTION('',(4.40457132572236E-18,-0.999981855290127,-0.00602404270526901));
#6305=DIRECTION('',(-0.99990055029246,-8.49559884276363E-5,0.0141025638561101));
#6306=DIRECTION('',(0.0141028197476828,-0.00602344361598376,0.999882407387074));
#6307=DIRECTION('',(-0.919523074703063,0.392736735855961,0.0153352990786149));
#6308=DIRECTION('',(0.0141028197476828,-0.00602344361598376,0.999882407387074));
#6309=DIRECTION('',(0.876177134239253,0.481896495465642,-0.00945500366062567));
#6310=DIRECTION('',(0.0141028197476828,-0.00602344361598376,0.999882407387074));
#6311=DIRECTION('',(-0.919523074703063,0.392736735855961,0.0153352990786149));
#6312=DIRECTION('',(0.0117663337480132,-0.611218130325725,0.791374721956201));
#6313=DIRECTION('',(0.977983986541441,0.171938580794346,0.118255851876071));
#6314=DIRECTION('',(0.0117663337480132,-0.611218130325725,0.791374721956201));
#6315=DIRECTION('',(-0.0152316394784827,0.791228126212695,0.611331374500561));
#6316=DIRECTION('',(0.,0.,1.));
#6317=DIRECTION('',(-1.,0.,0.));
#6318=DIRECTION('',(-1.,0.,0.));
#6319=DIRECTION('',(-1.,0.,0.));
#6320=DIRECTION('',(-8.49644378121447E-5,-0.999999996390522,0.));
#6321=DIRECTION('',(0.,0.999981855290127,0.00602404270526672));
#6322=DIRECTION('',(0.,-0.00602404270526672,0.999981855290127));
#6323=DIRECTION('',(-1.,0.,0.));
#6324=DIRECTION('',(-0.0141028197476828,-0.00602344361598147,0.999882407387074));
#6325=DIRECTION('',(0.,0.,1.));
#6326=DIRECTION('',(-1.,0.,0.));
#6327=DIRECTION('',(-1.,0.,0.));
#6328=DIRECTION('',(-8.49644378121447E-5,-0.999999996390522,0.));
#6329=DIRECTION('',(0.,-0.999981855290127,-0.00602404270526672));
#6330=DIRECTION('',(0.,0.00602404270526672,-0.999981855290127));
#6331=DIRECTION('',(-1.,0.,0.));
#6332=DIRECTION('',(0.0141028197476828,0.00602344361598147,-0.999882407387074));
#6333=DIRECTION('',(0.,0.,1.));
#6334=DIRECTION('',(-1.,0.,0.));
#6335=DIRECTION('',(-1.,0.,0.));
#6336=DIRECTION('',(-8.49644378121447E-5,-0.999999996390522,0.));
#6337=DIRECTION('',(0.,-0.999981855290127,-0.00602404270526717));
#6338=DIRECTION('',(0.,0.00602404270526717,-0.999981855290127));
#6339=DIRECTION('',(-1.,0.,0.));
#6340=DIRECTION('',(0.0141028197476828,0.00602344361598192,-0.999882407387074));
#6341=DIRECTION('',(0.,0.,-1.));
#6342=DIRECTION('',(1.,0.,0.));
#6343=DIRECTION('',(-1.,0.,0.));
#6344=DIRECTION('',(8.49644378121447E-5,0.999999996390522,0.));
#6345=DIRECTION('',(0.,-0.999981855290127,-0.00602404270527222));
#6346=DIRECTION('',(0.,0.00602404270527222,-0.999981855290127));
#6347=DIRECTION('',(-1.,0.,0.));
#6348=DIRECTION('',(0.0141028197476828,0.00602344361598697,-0.999882407387073));
#6349=DIRECTION('',(0.,0.,-1.));
#6350=DIRECTION('',(1.,0.,0.));
#6351=DIRECTION('',(-1.,0.,0.));
#6352=DIRECTION('',(8.49644378121447E-5,0.999999996390522,0.));
#6353=DIRECTION('',(0.,0.999981855290127,0.00602404270527853));
#6354=DIRECTION('',(0.,-0.00602404270527853,0.999981855290127));
#6355=DIRECTION('',(-1.,0.,0.));
#6356=DIRECTION('',(-0.0141028197476828,-0.00602344361599328,0.999882407387073));
#6357=DIRECTION('',(0.,0.,-1.));
#6358=DIRECTION('',(1.,0.,0.));
#6359=DIRECTION('',(-1.,0.,0.));
#6360=DIRECTION('',(8.49644378121447E-5,0.999999996390522,0.));
#6361=DIRECTION('',(0.,0.999981855290127,0.00602404270527411));
#6362=DIRECTION('',(0.,-0.00602404270527411,0.999981855290127));
#6363=DIRECTION('',(-0.0141028197476828,-0.00602344361598886,0.999882407387073));
#6364=DIRECTION('',(0.0141028197476829,0.00602344361598422,-0.999882407387074));
#6365=DIRECTION('',(0.999900546683928,0.,0.0141030755930023));
#6366=DIRECTION('',(1.06752213906264E-14,0.999981855290127,0.00602404270526962));
#6367=DIRECTION('',(0.99990055029246,-8.49559884247286E-5,0.0141025638561101));
#6368=DIRECTION('',(0.99990055029246,-8.49559884266043E-5,0.0141025638561096));
#6369=DIRECTION('',(-0.99990055029246,8.49559884269674E-5,-0.0141025638561102));
#6370=DIRECTION('',(2.88384249729037E-15,0.999981855290127,0.00602404270526905));
#6371=DIRECTION('',(0.,-0.00602404270526905,0.999981855290127));
#6372=DIRECTION('',(0.99990055029246,-8.49559884247286E-5,0.0141025638561101));
#6373=DIRECTION('',(-0.0141028197476828,-0.00602344361598376,0.999882407387073));
#6374=DIRECTION('',(-0.0141028197476828,-0.00602344361598376,0.999882407387073));
#6375=DIRECTION('',(0.,0.,-1.));
#6376=DIRECTION('',(-1.,0.,0.));
#6377=DIRECTION('',(1.,0.,0.));
#6378=DIRECTION('',(-8.49644378121447E-5,0.999999996390522,0.));
#6379=DIRECTION('',(1.,0.,0.));
#6380=DIRECTION('',(0.,0.999981855290127,0.00602404270527853));
#6381=DIRECTION('',(0.,-0.00602404270527853,0.999981855290127));
#6382=DIRECTION('',(0.0141028197476828,-0.00602344361599328,0.999882407387073));
#6383=DIRECTION('',(1.,0.,0.));
#6384=DIRECTION('',(0.,0.,-1.));
#6385=DIRECTION('',(-1.,0.,0.));
#6386=DIRECTION('',(-8.49644378121447E-5,0.999999996390522,0.));
#6387=DIRECTION('',(1.,0.,0.));
#6388=DIRECTION('',(0.,-0.999981855290127,-0.00602404270527222));
#6389=DIRECTION('',(0.,0.00602404270527222,-0.999981855290127));
#6390=DIRECTION('',(-0.0141028197476828,0.00602344361598697,-0.999882407387073));
#6391=DIRECTION('',(1.,0.,0.));
#6392=DIRECTION('',(0.,0.,-1.));
#6393=DIRECTION('',(-1.,0.,0.));
#6394=DIRECTION('',(-8.49644378121447E-5,0.999999996390522,0.));
#6395=DIRECTION('',(1.,0.,0.));
#6396=DIRECTION('',(0.,-0.999981855290127,-0.00602404270526717));
#6397=DIRECTION('',(0.,0.00602404270526717,-0.999981855290127));
#6398=DIRECTION('',(-0.0141028197476828,0.00602344361598192,-0.999882407387074));
#6399=DIRECTION('',(1.,0.,0.));
#6400=DIRECTION('',(0.,0.,1.));
#6401=DIRECTION('',(1.,0.,0.));
#6402=DIRECTION('',(8.49644378121447E-5,-0.999999996390522,0.));
#6403=DIRECTION('',(1.,0.,0.));
#6404=DIRECTION('',(0.,-0.999981855290127,-0.00602404270526672));
#6405=DIRECTION('',(0.,0.00602404270526672,-0.999981855290127));
#6406=DIRECTION('',(-0.0141028197476828,0.00602344361598147,-0.999882407387074));
#6407=DIRECTION('',(1.,0.,0.));
#6408=DIRECTION('',(0.,0.,1.));
#6409=DIRECTION('',(1.,0.,0.));
#6410=DIRECTION('',(8.49644378121447E-5,-0.999999996390522,0.));
#6411=DIRECTION('',(1.,0.,0.));
#6412=DIRECTION('',(0.,0.999981855290127,0.00602404270526672));
#6413=DIRECTION('',(0.,-0.00602404270526672,0.999981855290127));
#6414=DIRECTION('',(0.0141028197476828,-0.00602344361598147,0.999882407387074));
#6415=DIRECTION('',(1.,0.,0.));
#6416=DIRECTION('',(0.,0.,1.));
#6417=DIRECTION('',(1.,0.,0.));
#6418=DIRECTION('',(8.49644378121447E-5,-0.999999996390522,0.));
#6419=DIRECTION('',(1.,0.,0.));
#6420=DIRECTION('',(0.,0.999981855290127,0.00602404270527411));
#6421=DIRECTION('',(0.,-0.00602404270527411,0.999981855290127));
#6422=DIRECTION('',(0.0141028197476828,-0.00602344361598886,0.999882407387073));
#6423=DIRECTION('',(-0.0141028197476829,0.00602344361598422,-0.999882407387074));
#6424=DIRECTION('',(-0.999900546683928,0.,0.0141030755930023));
#6425=DIRECTION('',(-1.06752213906264E-14,0.999981855290127,0.00602404270526962));
#6426=DIRECTION('',(0.99990055029246,8.49559884269674E-5,-0.0141025638561102));
#6427=DIRECTION('',(-0.99990055029246,-8.49559884266043E-5,0.0141025638561096));
#6428=DIRECTION('',(-0.99990055029246,-8.49559884247286E-5,0.0141025638561101));
#6429=DIRECTION('',(-2.88384249729037E-15,0.999981855290127,0.00602404270526905));
#6430=DIRECTION('',(0.,-0.00602404270526905,0.999981855290127));
#6431=DIRECTION('',(-0.99990055029246,-8.49559884247286E-5,0.0141025638561101));
#6432=DIRECTION('',(0.0141028197476828,-0.00602344361598376,0.999882407387073));
#6433=DIRECTION('',(0.0141028197476828,-0.00602344361598376,0.999882407387073));
#6434=DIRECTION('',(0.,0.,1.));
#6435=DIRECTION('',(-1.,0.,0.));
#6436=DIRECTION('',(0.,0.,1.));
#6437=DIRECTION('',(1.,0.,0.));
#6438=DIRECTION('',(0.,0.,1.));
#6439=DIRECTION('',(-1.,0.,0.));
#6440=DIRECTION('',(0.,0.,1.));
#6441=DIRECTION('',(1.,0.,0.));
#6442=DIRECTION('',(-0.0141028197476829,-0.00602344361598407,0.999882407387074));
#6443=DIRECTION('',(-0.999900546683928,0.,-0.0141030755930023));
#6444=DIRECTION('',(5.54260413607177E-15,0.999981855290127,0.0060240427052694));
#6445=DIRECTION('',(-0.99990055029246,8.4955988426754E-5,-0.0141025638561101));
#6446=DIRECTION('',(0.,0.999981855290127,0.00602404270526894));
#6447=DIRECTION('',(0.0141028197476829,0.00602344361598407,-0.999882407387074));
#6448=DIRECTION('',(0.83982530852149,0.542646302536076,0.0151142816802443));
#6449=DIRECTION('',(-0.999900528653895,-0.000123082144592305,-0.014103816804247));
#6450=DIRECTION('',(0.,-0.999981855290127,-0.00602404270526932));
#6451=DIRECTION('',(0.99990055029246,-8.49559884247566E-5,0.0141025638561101));
#6452=DIRECTION('',(-0.0141025639070029,0.,0.999900553900861));
#6453=DIRECTION('',(-0.0141012858073379,0.00872566783575947,0.999862498776407));
#6454=DIRECTION('',(0.,0.,1.));
#6455=DIRECTION('',(-1.,0.,0.));
#6456=DIRECTION('',(2.00158760445959E-15,0.999981855290127,0.00602404270526903));
#6457=DIRECTION('',(0.,-0.00602404270526903,0.999981855290127));
#6458=DIRECTION('',(-0.0087263771699768,0.00602381333650494,-0.999943780426867));
#6459=DIRECTION('',(0.99990055029246,-8.4955988426806E-5,0.01410256385611));
#6460=DIRECTION('',(0.0141028197476823,0.00602344361598407,-0.999882407387074));
#6461=DIRECTION('',(0.999900546683928,0.,0.0141030755930017));
#6462=DIRECTION('',(-5.25774956016904E-5,-0.999981849440464,-0.00602478424817742));
#6463=DIRECTION('',(-0.99990055029246,8.49559884272598E-5,-0.0141025638561102));
#6464=DIRECTION('',(-2.88381202847932E-15,-0.999981855290127,-0.00602404270526905));
#6465=DIRECTION('',(0.,0.00602404270526905,-0.999981855290127));
#6466=DIRECTION('',(0.0087263771699768,-0.00602381333650497,0.999943780426867));
#6467=DIRECTION('',(-0.99990055029246,8.49559884276363E-5,-0.0141025638561101));
#6468=DIRECTION('',(-0.0141028197476828,-0.00602344361598376,0.999882407387073));
#6469=DIRECTION('',(-0.99990055029246,8.49559884272598E-5,-0.0141025638561102));
#6470=DIRECTION('',(-0.0141028197476828,-0.00602344361598376,0.999882407387073));
#6471=DIRECTION('',(0.,0.,1.));
#6472=DIRECTION('',(-1.,0.,0.));
#6473=DIRECTION('',(0.0141028197476828,0.00602344361598376,-0.999882407387074));
#6474=DIRECTION('',(0.919523074703063,0.392736735855961,0.0153352990786149));
#6475=DIRECTION('',(-0.0141028197476828,-0.00602344361598376,0.999882407387074));
#6476=DIRECTION('',(-0.876177134239253,0.481896495465642,-0.00945500366062567));
#6477=DIRECTION('',(1.96105067948316E-17,-0.999981855290127,-0.00602404270526901));
#6478=DIRECTION('',(0.0141028197476828,0.00602344361598376,-0.999882407387074));
#6479=DIRECTION('',(-0.992966444907165,0.117647103897103,-0.0132965496671334));
#6480=DIRECTION('',(-0.999900549566197,0.000123069206510167,-0.0141023342460471));
#6481=DIRECTION('',(0.99990055029246,-8.49559884247326E-5,0.0141025638561101));
#6482=DIRECTION('',(-0.0141025639070029,0.,0.999900553900861));
#6483=DIRECTION('',(0.,-0.999981855290127,-0.00602404270526762));
#6484=DIRECTION('',(0.0141027682553832,0.00872566765330844,-0.999862477869601));
#6485=DIRECTION('',(0.0141028197476823,0.00602344361598407,-0.999882407387074));
#6486=DIRECTION('',(0.999900546683928,0.,0.0141030755930017));
#6487=DIRECTION('',(-0.999900549566197,0.000123069206510163,-0.0141023342460467));
#6488=DIRECTION('',(-0.0141028197476823,-0.00602344361598407,0.999882407387074));
#6489=DIRECTION('',(0.992966444907166,-0.117647103897093,0.013296549667133));
#6490=DIRECTION('',(0.,0.999981855290127,0.00602404270526931));
#6491=DIRECTION('',(0.99990055029246,-8.4955988426806E-5,0.01410256385611));
#6492=DIRECTION('',(-5.5426583461804E-15,-0.999981855290127,-0.00602404270526939));
#6493=DIRECTION('',(-0.0141028197476823,0.00602344361598407,-0.999882407387074));
#6494=DIRECTION('',(-0.999900546683928,0.,0.0141030755930017));
#6495=DIRECTION('',(-0.99990055029246,-8.4955988426806E-5,0.01410256385611));
#6496=DIRECTION('',(0.99990055029246,8.49559884272598E-5,-0.0141025638561102));
#6497=DIRECTION('',(5.25774956016904E-5,-0.999981849440464,-0.00602478424817742));
#6498=DIRECTION('',(-2.00158760445959E-15,0.999981855290127,0.00602404270526903));
#6499=DIRECTION('',(0.,-0.00602404270526903,0.999981855290127));
#6500=DIRECTION('',(0.0087263771699768,0.00602381333650494,-0.999943780426867));
#6501=DIRECTION('',(0.,0.,1.));
#6502=DIRECTION('',(1.,0.,0.));
#6503=DIRECTION('',(0.0141028197476828,-0.00602344361598376,0.999882407387074));
#6504=DIRECTION('',(-0.919523074703063,0.392736735855961,0.0153352990786149));
#6505=DIRECTION('',(2.88381202847932E-15,-0.999981855290127,-0.00602404270526905));
#6506=DIRECTION('',(0.,0.00602404270526905,-0.999981855290127));
#6507=DIRECTION('',(0.0141028197476828,-0.00602344361598376,0.999882407387073));
#6508=DIRECTION('',(0.99990055029246,8.49559884272598E-5,-0.0141025638561102));
#6509=DIRECTION('',(0.0141028197476828,-0.00602344361598376,0.999882407387073));
#6510=DIRECTION('',(0.99990055029246,8.49559884276363E-5,-0.0141025638561101));
#6511=DIRECTION('',(-0.0087263771699768,-0.00602381333650497,0.999943780426867));
#6512=DIRECTION('',(0.,0.,1.));
#6513=DIRECTION('',(1.,0.,0.));
#6514=DIRECTION('',(-0.99990055029246,-8.49559884247566E-5,0.0141025638561101));
#6515=DIRECTION('',(0.0141025639070029,0.,0.999900553900861));
#6516=DIRECTION('',(0.0141012858073379,0.00872566783575947,0.999862498776407));
#6517=DIRECTION('',(0.,-0.999981855290127,-0.00602404270526932));
#6518=DIRECTION('',(0.0141028197476829,-0.00602344361598407,0.999882407387074));
#6519=DIRECTION('',(0.999900546683928,0.,-0.0141030755930023));
#6520=DIRECTION('',(-5.54260413607177E-15,0.999981855290127,0.0060240427052694));
#6521=DIRECTION('',(0.999900528653895,-0.000123082144592305,-0.014103816804247));
#6522=DIRECTION('',(0.0141028197476829,-0.00602344361598407,0.999882407387074));
#6523=DIRECTION('',(-0.83982530852149,0.542646302536076,0.0151142816802443));
#6524=DIRECTION('',(0.,0.999981855290127,0.00602404270526894));
#6525=DIRECTION('',(0.99990055029246,8.4955988426754E-5,-0.0141025638561101));
#6526=DIRECTION('',(0.0141028197476828,-0.00602344361598376,0.999882407387074));
#6527=DIRECTION('',(0.876177134239253,0.481896495465642,-0.00945500366062567));
#6528=DIRECTION('',(-1.96105067948316E-17,-0.999981855290127,-0.00602404270526901));
#6529=DIRECTION('',(0.999900549566197,0.000123069206510167,-0.0141023342460471));
#6530=DIRECTION('',(0.0141028197476828,-0.00602344361598376,0.999882407387074));
#6531=DIRECTION('',(0.992966444907165,0.117647103897103,-0.0132965496671334));
#6532=DIRECTION('',(-0.0141028197476823,0.00602344361598407,-0.999882407387074));
#6533=DIRECTION('',(-0.999900546683928,0.,0.0141030755930017));
#6534=DIRECTION('',(5.5426583461804E-15,-0.999981855290127,-0.00602404270526939));
#6535=DIRECTION('',(-0.99990055029246,-8.4955988426806E-5,0.01410256385611));
#6536=DIRECTION('',(0.,0.999981855290127,0.00602404270526931));
#6537=DIRECTION('',(-0.0141028197476823,0.00602344361598407,-0.999882407387074));
#6538=DIRECTION('',(-0.992966444907166,-0.117647103897093,0.013296549667133));
#6539=DIRECTION('',(0.999900549566197,0.000123069206510163,-0.0141023342460467));
#6540=DIRECTION('',(0.,-0.999981855290127,-0.00602404270526762));
#6541=DIRECTION('',(-0.99990055029246,-8.49559884247326E-5,0.0141025638561101));
#6542=DIRECTION('',(0.0141025639070029,0.,0.999900553900861));
#6543=DIRECTION('',(-0.0141027682553832,0.00872566765330844,-0.999862477869601));
#6544=DIRECTION('',(0.,0.,1.));
#6545=DIRECTION('',(1.,0.,0.));
#6546=DIRECTION('',(0.,0.,-1.));
#6547=DIRECTION('',(-1.,0.,0.));
#6548=DIRECTION('',(0.,0.,1.));
#6549=DIRECTION('',(1.,0.,0.));
#6550=DIRECTION('',(0.,0.,-1.));
#6551=DIRECTION('',(-1.,0.,0.));
#6552=DIRECTION('',(0.,0.,1.));
#6553=DIRECTION('',(-1.,0.,0.));
#6554=DIRECTION('',(0.0141028197476828,0.00602344361598376,-0.999882407387074));
#6555=DIRECTION('',(0.919523074703063,0.392736735855961,0.0153352990786149));
#6556=DIRECTION('',(-2.05292755108274E-15,-0.999981855290127,-0.00602404270526904));
#6557=DIRECTION('',(0.,0.00602404270526904,-0.999981855290127));
#6558=DIRECTION('',(-0.0141028197476828,-0.00602344361598376,0.999882407387073));
#6559=DIRECTION('',(-0.99990055029246,8.49559884268053E-5,-0.0141025638561101));
#6560=DIRECTION('',(-0.0141028197476828,-0.00602344361598376,0.999882407387073));
#6561=DIRECTION('',(-0.99990055029246,8.49559884247513E-5,-0.0141025638561101));
#6562=DIRECTION('',(0.0141025639070029,0.,-0.999900553900861));
#6563=DIRECTION('',(0.99990055029246,-8.49559884247513E-5,0.0141025638561101));
#6564=DIRECTION('',(-0.0141012848192889,0.00873041715792726,0.999862457332354));
#6565=DIRECTION('',(-9.75781955236954E-19,0.999981855290127,0.00602404270526901));
#6566=DIRECTION('',(0.,0.,1.));
#6567=DIRECTION('',(-1.,0.,0.));
#6568=DIRECTION('',(0.0141028197476828,0.00602344361598376,-0.999882407387074));
#6569=DIRECTION('',(0.919523074703063,0.392736735855961,0.0153352990786149));
#6570=DIRECTION('',(0.0117663337480132,0.611218130325725,-0.791374721956201));
#6571=DIRECTION('',(0.0152316394784827,0.791228126212695,0.611331374500561));
#6572=DIRECTION('',(-0.99990055029246,8.49559884247566E-5,-0.0141025638561101));
#6573=DIRECTION('',(0.0141025639070029,0.,-0.999900553900861));
#6574=DIRECTION('',(0.99990055029246,-8.49559884247566E-5,0.0141025638561101));
#6575=DIRECTION('',(-0.0141027682222118,-0.00872653789159002,0.999862470275236));
#6576=DIRECTION('',(4.33680868994202E-18,0.999981855290127,0.00602404270526901));
#6577=DIRECTION('',(-0.0141028197476828,-0.00602344361598376,0.999882407387073));
#6578=DIRECTION('',(2.00158760445959E-15,0.999981855290127,0.00602404270526903));
#6579=DIRECTION('',(0.,-0.00602404270526903,0.999981855290127));
#6580=DIRECTION('',(0.0141028197476828,0.00602344361598376,-0.999882407387073));
#6581=DIRECTION('',(0.99990055029246,-8.4955988426754E-5,0.0141025638561101));
#6582=DIRECTION('',(-0.99990055029246,8.49559884302997E-5,-0.0141025638561101));
#6583=DIRECTION('',(0.0141025639070028,0.,-0.999900553900861));
#6584=DIRECTION('',(5.54699515487034E-15,0.999981855290127,0.00602404270526909));
#6585=DIRECTION('',(-1.,0.,0.));
#6586=DIRECTION('',(0.,0.,-1.));
#6587=DIRECTION('',(0.,0.,1.));
#6588=DIRECTION('',(0.,0.999981855290127,0.00602404270526901));
#6589=DIRECTION('',(0.,0.,1.));
#6590=DIRECTION('',(0.,0.999981855290127,0.00602404270526901));
#6591=DIRECTION('',(0.,0.,1.));
#6592=DIRECTION('',(-1.,0.,0.));
#6593=DIRECTION('',(0.0141028197476828,0.00602344361598376,-0.999882407387074));
#6594=DIRECTION('',(0.919523074703063,0.392736735855961,0.0153352990786149));
#6595=DIRECTION('',(0.,0.,1.));
#6596=DIRECTION('',(0.0141028197476828,0.00602344361598376,-0.999882407387074));
#6597=DIRECTION('',(0.919523074703063,0.392736735855961,0.0153352990786149));
#6598=DIRECTION('',(0.,-1.,0.));
#6599=DIRECTION('',(0.,0.,-1.));
#6600=DIRECTION('',(-0.999900546683928,0.,-0.0141030755930022));
#6601=DIRECTION('',(0.,0.,1.));
#6602=DIRECTION('',(-0.999900546683928,0.,-0.0141030755930022));
#6603=DIRECTION('',(0.,0.,1.));
#6604=DIRECTION('',(-1.,0.,0.));
#6605=DIRECTION('',(0.0141028197476828,0.00602344361598376,-0.999882407387074));
#6606=DIRECTION('',(0.919523074703063,0.392736735855961,0.0153352990786149));
#6607=DIRECTION('',(0.,0.,1.));
#6608=DIRECTION('',(0.0141028197476828,0.00602344361598376,-0.999882407387074));
#6609=DIRECTION('',(0.919523074703063,0.392736735855961,0.0153352990786149));
#6610=DIRECTION('',(1.,5.55111512311935E-15,0.));
#6611=DIRECTION('',(5.55111512311935E-15,-1.,0.));
#6612=DIRECTION('',(5.55101439974597E-15,-0.999981855290127,-0.00602404270526893));
#6613=DIRECTION('',(0.,0.,1.));
#6614=DIRECTION('',(5.55101439974597E-15,-0.999981855290127,-0.00602404270526893));
#6615=DIRECTION('',(0.,0.,1.));
#6616=DIRECTION('',(-1.,0.,0.));
#6617=DIRECTION('',(0.0141028197476828,0.00602344361598376,-0.999882407387074));
#6618=DIRECTION('',(0.919523074703063,0.392736735855961,0.0153352990786149));
#6619=DIRECTION('',(0.,0.,1.));
#6620=DIRECTION('',(0.0141028197476828,0.00602344361598376,-0.999882407387074));
#6621=DIRECTION('',(0.919523074703063,0.392736735855961,0.0153352990786149));
#6622=DIRECTION('',(0.,1.,0.));
#6623=DIRECTION('',(0.,0.,1.));
#6624=DIRECTION('',(0.999900546683928,0.,0.0141030755930022));
#6625=DIRECTION('',(0.,0.,1.));
#6626=DIRECTION('',(0.999900546683928,0.,0.0141030755930022));
#6627=DIRECTION('',(0.,0.,1.));
#6628=DIRECTION('',(-1.,0.,0.));
#6629=DIRECTION('',(0.0141028197476828,0.00602344361598376,-0.999882407387074));
#6630=DIRECTION('',(0.919523074703063,0.392736735855961,0.0153352990786149));
#6631=DIRECTION('',(0.0141028197476828,0.00602344361598376,-0.999882407387074));
#6632=DIRECTION('',(0.919523074703063,0.392736735855961,0.0153352990786149));
#6633=DIRECTION('',(-2.00158760445959E-15,0.999981855290127,0.00602404270526903));
#6634=DIRECTION('',(0.,-0.00602404270526903,0.999981855290127));
#6635=DIRECTION('',(-0.0141028197476828,0.00602344361598376,-0.999882407387073));
#6636=DIRECTION('',(-0.99990055029246,-8.4955988426754E-5,0.0141025638561101));
#6637=DIRECTION('',(0.0141028197476828,-0.00602344361598376,0.999882407387073));
#6638=DIRECTION('',(0.99990055029246,8.49559884247566E-5,-0.0141025638561101));
#6639=DIRECTION('',(-0.0141025639070029,0.,-0.999900553900861));
#6640=DIRECTION('',(0.99990055029246,8.49559884247566E-5,-0.0141025638561101));
#6641=DIRECTION('',(0.0141027682222118,-0.00872653789159002,0.999862470275236));
#6642=DIRECTION('',(-4.33680868994202E-18,0.999981855290127,0.00602404270526901));
#6643=DIRECTION('',(0.0117663337480132,-0.611218130325725,0.791374721956201));
#6644=DIRECTION('',(-0.0152316394784827,0.791228126212695,0.611331374500561));
#6645=DIRECTION('',(0.,0.,1.));
#6646=DIRECTION('',(1.,0.,0.));
#6647=DIRECTION('',(0.0141028197476828,-0.00602344361598376,0.999882407387074));
#6648=DIRECTION('',(-0.919523074703063,0.392736735855961,0.0153352990786149));
#6649=DIRECTION('',(0.99990055029246,8.49559884247513E-5,-0.0141025638561101));
#6650=DIRECTION('',(-0.0141025639070029,0.,-0.999900553900861));
#6651=DIRECTION('',(0.99990055029246,8.49559884247513E-5,-0.0141025638561101));
#6652=DIRECTION('',(0.0141012848192889,0.00873041715792726,0.999862457332354));
#6653=DIRECTION('',(9.75781955236954E-19,0.999981855290127,0.00602404270526901));
#6654=DIRECTION('',(0.0141028197476828,-0.00602344361598376,0.999882407387073));
#6655=DIRECTION('',(2.05292755108274E-15,-0.999981855290127,-0.00602404270526904));
#6656=DIRECTION('',(0.,0.00602404270526904,-0.999981855290127));
#6657=DIRECTION('',(0.0141028197476828,-0.00602344361598376,0.999882407387073));
#6658=DIRECTION('',(0.99990055029246,8.49559884268053E-5,-0.0141025638561101));
#6659=DIRECTION('',(0.,0.,1.));
#6660=DIRECTION('',(1.,0.,0.));
#6661=DIRECTION('',(0.0141028197476828,-0.00602344361598376,0.999882407387074));
#6662=DIRECTION('',(-0.919523074703063,0.392736735855961,0.0153352990786149));
#6663=DIRECTION('',(0.99990055029246,8.49559884302997E-5,-0.0141025638561101));
#6664=DIRECTION('',(-0.0141025639070028,0.,-0.999900553900861));
#6665=DIRECTION('',(-5.54699515487034E-15,0.999981855290127,0.00602404270526909));
#6666=DIRECTION('',(0.,0.,1.));
#6667=DIRECTION('',(1.,0.,0.));
#6668=DIRECTION('',(0.,0.,1.));
#6669=DIRECTION('',(0.0141028197476828,-0.00602344361598376,0.999882407387074));
#6670=DIRECTION('',(-0.919523074703063,0.392736735855961,0.0153352990786149));
#6671=DIRECTION('',(0.,0.,1.));
#6672=DIRECTION('',(0.0141028197476828,-0.00602344361598376,0.999882407387074));
#6673=DIRECTION('',(-0.919523074703063,0.392736735855961,0.0153352990786149));
#6674=DIRECTION('',(0.,-1.,0.));
#6675=DIRECTION('',(0.,0.,-1.));
#6676=DIRECTION('',(0.999900546683928,0.,-0.0141030755930022));
#6677=DIRECTION('',(0.,0.,1.));
#6678=DIRECTION('',(0.999900546683928,0.,-0.0141030755930022));
#6679=DIRECTION('',(0.,0.,1.));
#6680=DIRECTION('',(1.,0.,0.));
#6681=DIRECTION('',(0.0141028197476828,-0.00602344361598376,0.999882407387074));
#6682=DIRECTION('',(-0.919523074703063,0.392736735855961,0.0153352990786149));
#6683=DIRECTION('',(0.,0.,1.));
#6684=DIRECTION('',(0.0141028197476828,-0.00602344361598376,0.999882407387074));
#6685=DIRECTION('',(-0.919523074703063,0.392736735855961,0.0153352990786149));
#6686=DIRECTION('',(-1.,5.55111512311935E-15,0.));
#6687=DIRECTION('',(-5.55111512311935E-15,-1.,0.));
#6688=DIRECTION('',(-5.55101439974597E-15,-0.999981855290127,-0.00602404270526893));
#6689=DIRECTION('',(0.,0.,1.));
#6690=DIRECTION('',(-5.55101439974597E-15,-0.999981855290127,-0.00602404270526893));
#6691=DIRECTION('',(0.,0.,1.));
#6692=DIRECTION('',(1.,0.,0.));
#6693=DIRECTION('',(0.0141028197476828,-0.00602344361598376,0.999882407387074));
#6694=DIRECTION('',(-0.919523074703063,0.392736735855961,0.0153352990786149));
#6695=DIRECTION('',(0.,0.,1.));
#6696=DIRECTION('',(0.0141028197476828,-0.00602344361598376,0.999882407387074));
#6697=DIRECTION('',(-0.919523074703063,0.392736735855961,0.0153352990786149));
#6698=DIRECTION('',(0.,1.,0.));
#6699=DIRECTION('',(0.,0.,1.));
#6700=DIRECTION('',(-0.999900546683928,0.,0.0141030755930022));
#6701=DIRECTION('',(0.,0.,1.));
#6702=DIRECTION('',(-0.999900546683928,0.,0.0141030755930022));
#6703=DIRECTION('',(0.,0.,1.));
#6704=DIRECTION('',(1.,0.,0.));
#6705=DIRECTION('',(0.0141028197476828,-0.00602344361598376,0.999882407387074));
#6706=DIRECTION('',(-0.919523074703063,0.392736735855961,0.0153352990786149));
#6707=DIRECTION('',(0.,0.,1.));
#6708=DIRECTION('',(0.0141028197476828,-0.00602344361598376,0.999882407387074));
#6709=DIRECTION('',(-0.919523074703063,0.392736735855961,0.0153352990786149));
#6710=DIRECTION('',(1.,0.,0.));
#6711=DIRECTION('',(0.,0.,-1.));
#6712=DIRECTION('',(0.,0.999981855290127,0.00602404270526901));
#6713=DIRECTION('',(0.,0.999981855290127,0.00602404270526901));
#6714=DIRECTION('',(0.,0.,-1.));
#6715=DIRECTION('',(1.,0.,0.));
#6716=DIRECTION('',(0.,0.,1.));
#6717=DIRECTION('',(1.,0.,0.));
#6718=DIRECTION('',(0.,0.,-1.));
#6719=DIRECTION('',(1.,0.,0.));
#6720=DIRECTION('',(0.,0.,1.));
#6721=DIRECTION('',(1.,0.,0.));
#6722=DIRECTION('',(-0.422618261740693,0.906307787036653,0.));
#6723=DIRECTION('',(0.,0.,1.));
#6724=DIRECTION('',(-0.422618261740693,0.906307787036653,0.));
#6725=DIRECTION('',(1.,-3.44147142362265E-15,0.));
#6726=DIRECTION('',(0.,0.,1.));
#6727=DIRECTION('',(-0.707106781186546,0.707106781186549,0.));
#6728=DIRECTION('',(0.422618261740693,-0.906307787036653,0.));
#6729=DIRECTION('',(0.,0.,1.));
#6730=DIRECTION('',(-1.,0.,0.));
#6731=DIRECTION('',(0.0141028197476828,0.00602344361598376,-0.999882407387074));
#6732=DIRECTION('',(0.919523074703063,0.392736735855961,0.0153352990786149));
#6733=DIRECTION('',(0.906307787036653,0.422618261740693,0.));
#6734=DIRECTION('',(0.422618261740693,-0.906307787036653,0.));
#6735=DIRECTION('',(0.42261820868618,-0.906307673260884,0.000501074173190721));
#6736=DIRECTION('',(-0.00406921664152388,0.00872646324880079,0.99995364408311));
#6737=DIRECTION('',(-0.00406921664152388,0.00872646324880079,0.99995364408311));
#6738=DIRECTION('',(0.,-0.999961923064171,0.00872653549837395));
#6739=DIRECTION('',(0.0141028197476828,0.00602344361598376,-0.999882407387074));
#6740=DIRECTION('',(0.562342649238955,0.826803493178403,0.0129123396370668));
#6741=DIRECTION('',(0.00406921664152388,-0.00872646324880079,-0.99995364408311));
#6742=DIRECTION('',(-0.906307787036653,-0.422618261740693,0.));
#6743=DIRECTION('',(-0.422618261740693,0.906307787036653,0.));
#6744=DIRECTION('',(0.906307787036653,0.422618261740693,0.));
#6745=DIRECTION('',(-0.00490092736686289,0.0105100726551524,0.999932757381079));
#6746=DIRECTION('',(-0.422618208686181,0.906307673260884,-0.00050107417319073));
#6747=DIRECTION('',(-0.999961923064171,0.,-0.00872653549837393));
#6748=DIRECTION('',(0.00872653549837393,0.,-0.999961923064171));
#6749=DIRECTION('',(0.,1.,0.));
#6750=DIRECTION('',(0.00872620324394422,-0.00872620324394425,-0.999923850477571));
#6751=DIRECTION('',(-5.25645543553805E-5,0.999981858374479,0.00602330132823177));
#6752=DIRECTION('',(0.00872620324394422,-0.00872620324394425,-0.99992385047757));
#6753=DIRECTION('',(0.,0.999961923064171,-0.00872653549837396));
#6754=DIRECTION('',(0.,0.,1.));
#6755=DIRECTION('',(0.707106781186546,-0.707106781186549,0.));
#6756=DIRECTION('',(0.00872620324394422,-0.00872620324394425,-0.999923850477571));
#6757=DIRECTION('',(0.0141028197476828,0.00602344361598376,-0.999882407387074));
#6758=DIRECTION('',(-0.342379085136361,-0.939503351435367,-0.0104887893916043));
#6759=DIRECTION('',(3.4413403829361E-15,0.999961923064171,-0.00872653549837393));
#6760=DIRECTION('',(0.,0.00872653549837393,0.999961923064171));
#6761=DIRECTION('',(0.999900528653895,0.000123082144592304,0.0141038168042469));
#6762=DIRECTION('',(1.,-3.44147142362265E-15,0.));
#6763=DIRECTION('',(0.00872620324394422,-0.00872620324394425,-0.999923850477571));
#6764=DIRECTION('',(0.588817822709053,0.808218670434163,-0.00872653549837393));
#6765=DIRECTION('',(0.808249446096455,-0.588840243941235,0.));
#6766=DIRECTION('',(0.808264875650324,-0.588766690573676,0.00785333438014982));
#6767=DIRECTION('',(0.73627666943625,-0.540797001227299,-0.406737347077231));
#6768=DIRECTION('',(-0.00140171844068645,-0.00977551428453756,-0.999951236063982));
#6769=DIRECTION('',(0.808249446096455,-0.588840243941235,0.));
#6770=DIRECTION('',(-0.00284170668768967,-0.00872650026362027,-0.999957885561312));
#6771=DIRECTION('',(0.00284170668768967,0.00872650026362027,0.999957885561312));
#6772=DIRECTION('',(0.,-0.999961923064171,0.00872653549837393));
#6773=DIRECTION('',(0.,0.,1.));
#6774=DIRECTION('',(0.309637331327754,0.95085473288417,0.));
#6775=DIRECTION('',(-0.00284170668768967,-0.00872650026362027,-0.999957885561312));
#6776=DIRECTION('',(0.0141028197476828,0.00602344361598376,-0.999882407387074));
#6777=DIRECTION('',(0.754147079032277,0.656543416418943,0.0145919684767795));
#6778=DIRECTION('',(3.13465162212152E-15,0.999961923064171,-0.00872653549837393));
#6779=DIRECTION('',(0.,0.00872653549837393,0.999961923064171));
#6780=DIRECTION('',(1.,-3.13477098459514E-15,0.));
#6781=DIRECTION('',(-0.00872620324394422,-0.00872620324394419,-0.999923850477571));
#6782=DIRECTION('',(0.999900528653895,0.000123082144592611,0.0141038168042469));
#6783=DIRECTION('',(-0.00872620324394422,-0.00872620324394419,-0.99992385047757));
#6784=DIRECTION('',(0.999961923064171,0.,-0.00872653549837393));
#6785=DIRECTION('',(0.,0.,1.));
#6786=DIRECTION('',(-0.707106781186549,-0.707106781186546,0.));
#6787=DIRECTION('',(-0.00872620324394422,-0.00872620324394419,-0.999923850477571));
#6788=DIRECTION('',(0.999961923064171,0.,-0.00872653549837393));
#6789=DIRECTION('',(0.00872653549837393,0.,0.999961923064171));
#6790=DIRECTION('',(0.,-1.,0.));
#6791=DIRECTION('',(-0.00872620324394422,-0.00872620324394419,-0.999923850477571));
#6792=DIRECTION('',(0.00872620324394422,0.00872620324394419,0.99992385047757));
#6793=DIRECTION('',(-0.999961923064171,0.,0.00872653549837393));
#6794=DIRECTION('',(0.,0.,1.));
#6795=DIRECTION('',(0.707106781186549,0.707106781186546,0.));
#6796=DIRECTION('',(-0.00872620324394422,-0.00872620324394419,-0.999923850477571));
#6797=DIRECTION('',(3.4413403829361E-15,0.999961923064171,-0.00872653549837393));
#6798=DIRECTION('',(0.,0.00872653549837393,0.999961923064171));
#6799=DIRECTION('',(1.,-3.44147142362265E-15,0.));
#6800=DIRECTION('',(-0.00872620324394422,-0.00872620324394419,-0.999923850477571));
#6801=DIRECTION('',(-0.00872620324394422,-0.00872620324394419,-0.99992385047757));
#6802=DIRECTION('',(0.999961923064171,0.,-0.00872653549837393));
#6803=DIRECTION('',(0.,0.,1.));
#6804=DIRECTION('',(-0.707106781186549,-0.707106781186546,0.));
#6805=DIRECTION('',(-0.00872620324394422,-0.00872620324394419,-0.999923850477571));
#6806=DIRECTION('',(0.999961923064171,0.,-0.00872653549837393));
#6807=DIRECTION('',(0.00872653549837393,0.,0.999961923064171));
#6808=DIRECTION('',(0.,-1.,0.));
#6809=DIRECTION('',(-0.00872620324394422,0.00872620324394425,-0.999923850477571));
#6810=DIRECTION('',(-0.00872620324394422,0.00872620324394425,-0.99992385047757));
#6811=DIRECTION('',(0.,0.999961923064171,0.00872653549837397));
#6812=DIRECTION('',(0.,0.,1.));
#6813=DIRECTION('',(-0.707106781186546,0.707106781186549,0.));
#6814=DIRECTION('',(-0.00872620324394422,0.00872620324394425,-0.999923850477571));
#6815=DIRECTION('',(-3.82371153659566E-15,-0.999961923064171,-0.00872653549837393));
#6816=DIRECTION('',(0.,0.00872653549837393,-0.999961923064171));
#6817=DIRECTION('',(-1.,3.8238571373585E-15,0.));
#6818=DIRECTION('',(-0.00872620324394422,0.00872620324394425,-0.999923850477571));
#6819=DIRECTION('',(0.00872620324394422,-0.00872620324394425,0.99992385047757));
#6820=DIRECTION('',(0.,-0.999961923064171,-0.00872653549837397));
#6821=DIRECTION('',(0.,0.,1.));
#6822=DIRECTION('',(0.707106781186546,-0.707106781186549,0.));
#6823=DIRECTION('',(-0.00872620324394422,0.00872620324394425,-0.999923850477571));
#6824=DIRECTION('',(0.0141028197476828,0.00602344361598376,-0.999882407387074));
#6825=DIRECTION('',(0.992966444907165,-0.117647103897103,0.0132965496671334));
#6826=DIRECTION('',(0.00872620324394422,0.00872620324394425,-0.99992385047757));
#6827=DIRECTION('',(0.,0.999961923064171,0.00872653549837397));
#6828=DIRECTION('',(0.,0.,-1.));
#6829=DIRECTION('',(0.707106781186546,0.707106781186549,0.));
#6830=DIRECTION('',(0.00872620324394422,0.00872620324394425,-0.999923850477571));
#6831=DIRECTION('',(0.00872620324394422,0.00872620324394425,-0.999923850477571));
#6832=DIRECTION('',(-0.999961923064171,0.,-0.00872653549837393));
#6833=DIRECTION('',(-0.00872653549837393,0.,0.999961923064171));
#6834=DIRECTION('',(0.,-1.,0.));
#6835=DIRECTION('',(0.00872620324394422,-0.00872620324394419,-0.999923850477571));
#6836=DIRECTION('',(0.00872620324394422,-0.00872620324394419,-0.99992385047757));
#6837=DIRECTION('',(-0.999961923064171,0.,-0.00872653549837393));
#6838=DIRECTION('',(0.,0.,-1.));
#6839=DIRECTION('',(0.707106781186549,-0.707106781186546,0.));
#6840=DIRECTION('',(0.00872620324394422,-0.00872620324394419,-0.999923850477571));
#6841=DIRECTION('',(-3.4413403829361E-15,0.999961923064171,-0.00872653549837393));
#6842=DIRECTION('',(0.,0.00872653549837393,0.999961923064171));
#6843=DIRECTION('',(-1.,-3.44147142362265E-15,0.));
#6844=DIRECTION('',(0.00872620324394422,-0.00872620324394419,-0.999923850477571));
#6845=DIRECTION('',(-0.00872620324394422,0.00872620324394419,0.99992385047757));
#6846=DIRECTION('',(0.999961923064171,0.,0.00872653549837393));
#6847=DIRECTION('',(0.,0.,-1.));
#6848=DIRECTION('',(-0.707106781186549,0.707106781186546,0.));
#6849=DIRECTION('',(0.00872620324394422,-0.00872620324394419,-0.999923850477571));
#6850=DIRECTION('',(-0.999961923064171,0.,-0.00872653549837393));
#6851=DIRECTION('',(-0.00872653549837393,0.,0.999961923064171));
#6852=DIRECTION('',(0.,-1.,0.));
#6853=DIRECTION('',(0.00872620324394422,-0.00872620324394419,-0.999923850477571));
#6854=DIRECTION('',(0.00872620324394422,-0.00872620324394419,-0.99992385047757));
#6855=DIRECTION('',(-0.999961923064171,0.,-0.00872653549837393));
#6856=DIRECTION('',(0.,0.,-1.));
#6857=DIRECTION('',(0.707106781186549,-0.707106781186546,0.));
#6858=DIRECTION('',(0.00872620324394422,-0.00872620324394419,-0.999923850477571));
#6859=DIRECTION('',(-3.13465162212152E-15,0.999961923064171,-0.00872653549837393));
#6860=DIRECTION('',(0.,0.00872653549837393,0.999961923064171));
#6861=DIRECTION('',(-1.,-3.13477098459514E-15,0.));
#6862=DIRECTION('',(0.00284170668768967,-0.00872650026362027,-0.999957885561312));
#6863=DIRECTION('',(-0.999900528653895,0.000123082144592611,0.0141038168042469));
#6864=DIRECTION('',(-0.00284170668768967,0.00872650026362027,0.999957885561312));
#6865=DIRECTION('',(0.,-0.999961923064171,0.00872653549837393));
#6866=DIRECTION('',(0.,0.,-1.));
#6867=DIRECTION('',(-0.309637331327754,0.95085473288417,0.));
#6868=DIRECTION('',(0.00284170668768967,-0.00872650026362027,-0.999957885561312));
#6869=DIRECTION('',(0.0141028197476828,-0.00602344361598376,0.999882407387074));
#6870=DIRECTION('',(-0.754147079032277,0.656543416418943,0.0145919684767795));
#6871=DIRECTION('',(-0.588817822709053,0.808218670434163,-0.00872653549837393));
#6872=DIRECTION('',(-0.808249446096455,-0.588840243941235,0.));
#6873=DIRECTION('',(-0.808264875650324,-0.588766690573676,0.00785333438014982));
#6874=DIRECTION('',(-0.808249446096455,-0.588840243941235,0.));
#6875=DIRECTION('',(0.00140171844068645,-0.00977551428453756,-0.999951236063982));
#6876=DIRECTION('',(-0.73627666943625,-0.540797001227299,-0.406737347077231));
#6877=DIRECTION('',(-0.00872620324394422,-0.00872620324394425,0.99992385047757));
#6878=DIRECTION('',(0.,-0.999961923064171,-0.00872653549837397));
#6879=DIRECTION('',(0.0141028197476828,-0.00602344361598376,0.999882407387074));
#6880=DIRECTION('',(-0.992966444907165,-0.117647103897103,0.0132965496671334));
#6881=DIRECTION('',(0.00872620324394422,0.00872620324394425,-0.999923850477571));
#6882=DIRECTION('',(0.,0.,-1.));
#6883=DIRECTION('',(-0.707106781186546,-0.707106781186549,0.));
#6884=DIRECTION('',(0.00872620324394422,0.00872620324394425,-0.999923850477571));
#6885=DIRECTION('',(3.82371153659566E-15,-0.999961923064171,-0.00872653549837393));
#6886=DIRECTION('',(0.,0.00872653549837393,-0.999961923064171));
#6887=DIRECTION('',(1.,3.8238571373585E-15,0.));
#6888=DIRECTION('',(0.999961923064171,0.,-0.00872653549837393));
#6889=DIRECTION('',(-0.00872653549837393,0.,-0.999961923064171));
#6890=DIRECTION('',(0.,1.,0.));
#6891=DIRECTION('',(5.25645543553805E-5,0.999981858374479,0.00602330132823177));
#6892=DIRECTION('',(-0.00872620324394422,-0.00872620324394425,-0.999923850477571));
#6893=DIRECTION('',(-0.00872620324394422,-0.00872620324394425,-0.99992385047757));
#6894=DIRECTION('',(0.,0.999961923064171,-0.00872653549837396));
#6895=DIRECTION('',(0.,0.,-1.));
#6896=DIRECTION('',(-0.707106781186546,-0.707106781186549,0.));
#6897=DIRECTION('',(0.0141028197476828,-0.00602344361598376,0.999882407387074));
#6898=DIRECTION('',(0.342379085136361,-0.939503351435367,-0.0104887893916043));
#6899=DIRECTION('',(-0.00872620324394422,-0.00872620324394425,-0.999923850477571));
#6900=DIRECTION('',(0.00406921664152388,0.00872646324880079,0.99995364408311));
#6901=DIRECTION('',(0.,-0.999961923064171,0.00872653549837395));
#6902=DIRECTION('',(0.0141028197476828,-0.00602344361598376,0.999882407387074));
#6903=DIRECTION('',(-0.562342649238955,0.826803493178403,0.0129123396370668));
#6904=DIRECTION('',(0.00406921664152388,0.00872646324880079,0.99995364408311));
#6905=DIRECTION('',(0.,0.,-1.));
#6906=DIRECTION('',(0.422618261740693,0.906307787036653,0.));
#6907=DIRECTION('',(-0.00406921664152388,-0.00872646324880079,-0.99995364408311));
#6908=DIRECTION('',(-0.906307787036653,0.422618261740693,0.));
#6909=DIRECTION('',(-0.422618261740693,-0.906307787036653,0.));
#6910=DIRECTION('',(0.422618261740693,0.906307787036653,0.));
#6911=DIRECTION('',(-0.42261820868618,-0.906307673260884,0.000501074173190721));
#6912=DIRECTION('',(0.,0.,1.));
#6913=DIRECTION('',(1.,0.,0.));
#6914=DIRECTION('',(0.0141028197476828,-0.00602344361598376,0.999882407387074));
#6915=DIRECTION('',(-0.919523074703063,0.392736735855961,0.0153352990786149));
#6916=DIRECTION('',(0.,0.,-1.));
#6917=DIRECTION('',(-1.,0.,0.));
#6918=DIRECTION('',(0.906307787036653,-0.422618261740693,0.));
#6919=DIRECTION('',(0.422618261740693,0.906307787036653,0.));
#6920=DIRECTION('',(-0.422618261740693,-0.906307787036653,0.));
#6921=DIRECTION('',(0.422618208686181,0.906307673260884,-0.00050107417319073));
#6922=DIRECTION('',(0.906307787036653,-0.422618261740693,0.));
#6923=DIRECTION('',(0.00490092736686289,0.0105100726551524,0.999932757381079));
#6924=DIRECTION('',(-3.4413403829361E-15,0.999961923064171,-0.00872653549837393));
#6925=DIRECTION('',(0.,0.00872653549837393,0.999961923064171));
#6926=DIRECTION('',(-0.999900528653895,0.000123082144592304,0.0141038168042469));
#6927=DIRECTION('',(-1.,-3.44147142362265E-15,0.));
#6928=DIRECTION('',(-0.00872620324394422,-0.00872620324394425,-0.999923850477571));
#6929=DIRECTION('',(-1.,-3.44147142362265E-15,0.));
#6930=DIRECTION('',(0.,0.,-1.));
#6931=DIRECTION('',(-1.,0.,0.));
#6932=DIRECTION('',(0.,0.,-1.));
#6933=DIRECTION('',(0.707106781186546,0.707106781186549,0.));
#6934=DIRECTION('',(0.,0.,-1.));
#6935=DIRECTION('',(-1.,0.,0.));
#6936=DIRECTION('',(0.,0.,-1.));
#6937=DIRECTION('',(-1.,0.,0.));
#6938=DIRECTION('',(0.00140171844068645,-0.00977551428453756,-0.999951236063982));
#6939=DIRECTION('',(0.,0.999952218424817,-0.00977552388808824));
#6940=DIRECTION('',(0.,0.,-1.));
#6941=DIRECTION('',(0.141938988889796,-0.989875408035245,0.));
#6942=DIRECTION('',(0.00140171844068645,-0.00977551428453756,-0.999951236063982));
#6943=DIRECTION('',(0.0117663337480132,-0.611218130325725,0.791374721956201));
#6944=DIRECTION('',(0.0171911723094651,-0.791188883732711,-0.611330200343818));
#6945=DIRECTION('',(0.0117663337480132,-0.611218130325725,0.791374721956201));
#6946=DIRECTION('',(0.977983986541441,0.171938580794346,0.118255851876071));
#6947=DIRECTION('',(-0.906256096068313,0.327935297288107,0.26675518576324));
#6948=DIRECTION('',(-0.999900134835916,-0.000996528990035261,0.0140970665419807));
#6949=DIRECTION('',(-0.0117663337480132,-0.611218130325725,0.791374721956201));
#6950=DIRECTION('',(-0.977983986541441,0.171938580794346,0.118255851876071));
#6951=DIRECTION('',(0.999900134835916,-0.000996528990035261,0.0140970665419807));
#6952=DIRECTION('',(0.906256096068313,0.327935297288107,0.26675518576324));
#6953=DIRECTION('',(0.0117663337480132,0.611218130325725,-0.791374721956201));
#6954=DIRECTION('',(-0.0171911723094651,-0.791188883732711,-0.611330200343818));
#6955=DIRECTION('',(-0.00140171844068645,-0.00977551428453756,-0.999951236063982));
#6956=DIRECTION('',(0.,0.999952218424817,-0.00977552388808824));
#6957=DIRECTION('',(0.,0.,1.));
#6958=DIRECTION('',(-0.141938988889796,-0.989875408035245,0.));
#6959=DIRECTION('',(-0.00140171844068645,-0.00977551428453756,-0.999951236063982));
#6960=DIRECTION('',(-0.0141028197476828,-0.00602344361598376,0.999882407387074));
#6961=DIRECTION('',(-0.876177134239253,0.481896495465642,-0.00945500366062567));
#6962=DIRECTION('',(-5.25774956016877E-5,-0.999981849440464,-0.00602478424817711));
#6963=DIRECTION('',(0.0141028197476828,0.00602344361598376,-0.999882407387074));
#6964=DIRECTION('',(-0.919523074703063,-0.392736735855961,-0.0153352990786149));
#6965=DIRECTION('',(0.940993274538882,0.338078831271629,0.0153088575210828));
#6966=DIRECTION('',(-0.0141028197476828,-0.00602344361598376,0.999882407387074));
#6967=DIRECTION('',(-0.876177134239253,0.481896495465642,-0.00945500366062567));
#6968=DIRECTION('',(0.999900134835916,-0.000996528990035261,0.0140970665419807));
#6969=DIRECTION('',(0.0141028197476828,0.00602344361598376,-0.999882407387074));
#6970=DIRECTION('',(-0.919523074703063,-0.392736735855961,-0.0153352990786149));
#6971=DIRECTION('',(0.261965299858178,-0.965074967057717,-0.00211887440920022));
#6972=DIRECTION('',(0.0141028197476828,0.00602344361598376,-0.999882407387074));
#6973=DIRECTION('',(0.919523074703063,0.392736735855961,0.0153352990786149));
#6974=DIRECTION('',(0.0141028197476828,-0.00602344361598376,0.999882407387074));
#6975=DIRECTION('',(0.876177134239253,0.481896495465642,-0.00945500366062567));
#6976=DIRECTION('',(0.0141028197476828,-0.00602344361598376,0.999882407387074));
#6977=DIRECTION('',(-0.919523074703063,0.392736735855961,0.0153352990786149));
#6978=DIRECTION('',(-0.261965299858178,-0.965074967057717,-0.00211887440920022));
#6979=DIRECTION('',(0.0141028197476828,-0.00602344361598376,0.999882407387074));
#6980=DIRECTION('',(0.919523074703063,-0.392736735855961,-0.0153352990786149));
#6981=DIRECTION('',(-0.999900134835916,-0.000996528990035261,0.0140970665419807));
#6982=DIRECTION('',(0.0141028197476828,-0.00602344361598376,0.999882407387074));
#6983=DIRECTION('',(0.876177134239253,0.481896495465642,-0.00945500366062567));
#6984=DIRECTION('',(-0.940993274538882,0.338078831271629,0.0153088575210828));
#6985=DIRECTION('',(0.0141028197476828,-0.00602344361598376,0.999882407387074));
#6986=DIRECTION('',(0.919523074703063,-0.392736735855961,-0.0153352990786149));
#6987=DIRECTION('',(5.25774956016877E-5,-0.999981849440464,-0.00602478424817711));
#6988=DIRECTION('',(0.337979837115539,-0.941112892952567,-0.00872653549837393));
#6989=DIRECTION('',(-0.941148729012327,-0.337992706842148,0.));
#6990=DIRECTION('',(-0.941148729012327,-0.337992706842148,0.));
#6991=DIRECTION('',(-0.908624772182106,-0.323867746257827,-0.263648831423339));
#6992=DIRECTION('',(0.00140171844068645,0.00977551428453756,-0.999951236063982));
#6993=DIRECTION('',(-0.00140171844068645,-0.00977551428453756,0.999951236063982));
#6994=DIRECTION('',(0.,-0.999952218424817,-0.00977552388808824));
#6995=DIRECTION('',(0.,0.,1.));
#6996=DIRECTION('',(-0.141938988889796,-0.989875408035245,0.));
#6997=DIRECTION('',(0.0117663337480132,0.611218130325725,-0.791374721956201));
#6998=DIRECTION('',(0.0132216831353538,0.791265219749113,0.611330139213221));
#6999=DIRECTION('',(0.00140171844068645,0.00977551428453756,-0.999951236063982));
#7000=DIRECTION('',(0.,0.,1.));
#7001=DIRECTION('',(-1.,0.,0.));
#7002=DIRECTION('',(0.0117663337480132,0.611218130325725,-0.791374721956201));
#7003=DIRECTION('',(0.0152316394784827,0.791228126212695,0.611331374500561));
#7004=DIRECTION('',(-0.906299994847259,-0.42263263028965,-0.0014068241934284));
#7005=DIRECTION('',(-0.00617602397901989,0.00991547267625873,0.999931767736888));
#7006=DIRECTION('',(-0.588817822709054,-0.808218670434163,-0.00872653549837393));
#7007=DIRECTION('',(-0.808249446096455,0.588840243941235,0.));
#7008=DIRECTION('',(-0.741776197683667,0.53606070915913,0.402997504515564));
#7009=DIRECTION('',(0.00284170668768967,0.00872650026362027,-0.999957885561312));
#7010=DIRECTION('',(-0.808249446096455,0.588840243941235,0.));
#7011=DIRECTION('',(0.00284170668768967,0.00872650026362027,-0.999957885561312));
#7012=DIRECTION('',(0.,0.999961923064171,0.00872653549837392));
#7013=DIRECTION('',(0.,0.,1.));
#7014=DIRECTION('',(0.309637331327754,0.95085473288417,0.));
#7015=DIRECTION('',(0.00284170668768967,0.00872650026362027,-0.999957885561312));
#7016=DIRECTION('',(-3.62378942342224E-15,-0.999961923064171,-0.00872653549837393));
#7017=DIRECTION('',(0.,0.00872653549837393,-0.999961923064171));
#7018=DIRECTION('',(-1.,3.62392741147373E-15,0.));
#7019=DIRECTION('',(0.00872620324394422,0.00872620324394419,-0.999923850477571));
#7020=DIRECTION('',(-0.00872620324394422,-0.00872620324394419,0.99992385047757));
#7021=DIRECTION('',(-0.999961923064171,0.,-0.00872653549837393));
#7022=DIRECTION('',(0.,0.,1.));
#7023=DIRECTION('',(-0.707106781186549,-0.707106781186546,0.));
#7024=DIRECTION('',(0.00872620324394422,0.00872620324394419,-0.999923850477571));
#7025=DIRECTION('',(-0.999961923064171,0.,-0.00872653549837393));
#7026=DIRECTION('',(0.00872653549837393,0.,-0.999961923064171));
#7027=DIRECTION('',(0.00872620324394422,0.00872620324394419,-0.999923850477571));
#7028=DIRECTION('',(0.,1.,0.));
#7029=DIRECTION('',(0.00872620324394422,0.00872620324394419,-0.99992385047757));
#7030=DIRECTION('',(0.999961923064171,0.,0.00872653549837393));
#7031=DIRECTION('',(0.,0.,1.));
#7032=DIRECTION('',(0.707106781186549,0.707106781186546,0.));
#7033=DIRECTION('',(0.00872620324394422,0.00872620324394419,-0.999923850477571));
#7034=DIRECTION('',(-3.49918995962974E-15,-0.999961923064171,-0.00872653549837393));
#7035=DIRECTION('',(0.,0.00872653549837393,-0.999961923064171));
#7036=DIRECTION('',(-1.,3.49932320313479E-15,0.));
#7037=DIRECTION('',(0.00872620324394422,0.00872620324394419,-0.999923850477571));
#7038=DIRECTION('',(-0.00872620324394422,-0.00872620324394419,0.99992385047757));
#7039=DIRECTION('',(-0.999961923064171,0.,-0.00872653549837393));
#7040=DIRECTION('',(0.,0.,1.));
#7041=DIRECTION('',(-0.707106781186549,-0.707106781186546,0.));
#7042=DIRECTION('',(0.00872620324394422,0.00872620324394419,-0.999923850477571));
#7043=DIRECTION('',(-0.999961923064171,0.,-0.00872653549837393));
#7044=DIRECTION('',(0.00872653549837393,0.,-0.999961923064171));
#7045=DIRECTION('',(0.,1.,0.));
#7046=DIRECTION('',(0.00872620324394422,-0.00872620324394425,-0.999923850477571));
#7047=DIRECTION('',(-0.00872620324394422,0.00872620324394425,0.99992385047757));
#7048=DIRECTION('',(0.,-0.999961923064171,0.00872653549837396));
#7049=DIRECTION('',(0.,0.,1.));
#7050=DIRECTION('',(-0.707106781186546,0.707106781186549,0.));
#7051=DIRECTION('',(0.,0.,1.));
#7052=DIRECTION('',(-1.,0.,0.));
#7053=DIRECTION('',(0.,0.,1.));
#7054=DIRECTION('',(0.964966658675833,0.261901393653411,0.0157164769079881));
#7055=DIRECTION('',(-0.0151677495988145,-0.00411667566210698,0.999876488549261));
#7056=DIRECTION('',(0.0151677495988147,0.00411667566210639,-0.999876488549261));
#7057=DIRECTION('',(0.964966658675843,0.261901393653373,0.0157164769079881));
#7058=DIRECTION('',(-0.0151677495988147,-0.00411667566210639,0.999876488549261));
#7059=DIRECTION('',(0.261933745470311,-0.965085857830221,6.1368738259278E-16));
#7060=DIRECTION('',(0.261933745470311,-0.965085857830221,6.1368738259278E-16));
#7061=DIRECTION('',(0.0151677495988147,0.00411667566210639,-0.999876488549261));
#7062=DIRECTION('',(-0.964966658675843,-0.261901393653373,-0.0157164769079881));
#7063=DIRECTION('',(-0.261933745470312,0.965085857830221,-6.14883284746122E-16));
#7064=DIRECTION('',(0.0151677495988147,0.00411667566210639,-0.999876488549261));
#7065=DIRECTION('',(0.964966658675843,0.261901393653373,0.0157164769079881));
#7066=DIRECTION('',(-0.261933745470312,0.965085857830221,-6.16846542708184E-16));
#7067=DIRECTION('',(-0.964966658675833,-0.261901393653411,-0.0157164769079881));
#7068=DIRECTION('',(-0.26236348916041,0.963698090968025,0.0495115039173659));
#7069=DIRECTION('',(0.261965299858178,-0.965074967057717,-0.00211887440920022));
#7070=DIRECTION('',(-0.0141028197476828,-0.00602344361598376,0.999882407387074));
#7071=DIRECTION('',(-0.876177134239253,0.481896495465642,-0.00945500366062567));
#7072=DIRECTION('',(0.0141028197476828,0.00602344361598376,-0.999882407387074));
#7073=DIRECTION('',(0.919523074703063,0.392736735855961,0.0153352990786149));
#7074=DIRECTION('',(0.0141028197476828,0.00602344361598376,-0.999882407387074));
#7075=DIRECTION('',(-0.919523074703063,-0.392736735855961,-0.0153352990786149));
#7076=DIRECTION('',(0.,0.,-1.));
#7077=DIRECTION('',(1.,0.,0.));
#7078=DIRECTION('',(0.941148729012327,0.337992706842147,0.));
#7079=DIRECTION('',(0.,0.,1.));
#7080=DIRECTION('',(1.,0.,0.));
#7081=DIRECTION('',(0.,0.,1.));
#7082=DIRECTION('',(1.,0.,0.));
#7083=DIRECTION('',(0.,-1.,0.));
#7084=DIRECTION('',(0.999961923064171,0.,-0.00872653549837393));
#7085=DIRECTION('',(0.00872653549837393,0.,0.999961923064171));
#7086=DIRECTION('',(0.,1.,0.));
#7087=DIRECTION('',(0.,0.,-1.));
#7088=DIRECTION('',(0.12186934340515,0.992546151641322,0.));
#7089=DIRECTION('',(0.,1.,0.));
#7090=DIRECTION('',(0.,0.,1.));
#7091=DIRECTION('',(1.,0.,0.));
#7092=DIRECTION('',(0.,0.,1.));
#7093=DIRECTION('',(1.,0.,0.));
#7094=DIRECTION('',(-0.999961923064171,0.,-0.00872653549837393));
#7095=DIRECTION('',(-0.00872653549837393,0.,0.999961923064171));
#7096=DIRECTION('',(0.,-1.,0.));
#7097=DIRECTION('',(0.,0.,-1.));
#7098=DIRECTION('',(-1.,0.,0.));
#7099=DIRECTION('',(0.,0.,-1.));
#7100=DIRECTION('',(-1.,0.,0.));
#7101=DIRECTION('',(0.,0.,-1.));
#7102=DIRECTION('',(0.707106781186546,0.707106781186549,0.));
#7103=DIRECTION('',(0.,1.,0.));
#7104=DIRECTION('',(0.,0.,-1.));
#7105=DIRECTION('',(0.707106781186549,-0.707106781186546,0.));
#7106=DIRECTION('',(1.,3.49932320313479E-15,0.));
#7107=DIRECTION('',(0.,0.,-1.));
#7108=DIRECTION('',(-0.707106781186549,0.707106781186546,0.));
#7109=DIRECTION('',(0.,1.,0.));
#7110=DIRECTION('',(0.,0.,-1.));
#7111=DIRECTION('',(0.707106781186549,-0.707106781186546,0.));
#7112=DIRECTION('',(1.,3.62392741147373E-15,0.));
#7113=DIRECTION('',(0.,0.,-1.));
#7114=DIRECTION('',(-0.309637331327754,0.95085473288417,0.));
#7115=DIRECTION('',(0.808249446096455,0.588840243941235,0.));
#7116=DIRECTION('',(0.,0.,-1.));
#7117=DIRECTION('',(0.141938988889796,-0.989875408035245,0.));
#7118=DIRECTION('',(0.941148729012327,-0.337992706842148,0.));
#7119=DIRECTION('',(0.,0.,-1.));
#7120=DIRECTION('',(-1.,0.,0.));
#7121=DIRECTION('',(-0.941148729012327,0.337992706842147,0.));
#7122=DIRECTION('',(0.,0.,1.));
#7123=DIRECTION('',(1.,0.,0.));
#7124=DIRECTION('',(0.,0.,1.));
#7125=DIRECTION('',(0.0151677495988147,-0.00411667566210639,0.999876488549261));
#7126=DIRECTION('',(-0.964966658675843,0.261901393653373,0.0157164769079881));
#7127=DIRECTION('',(0.964966658675833,-0.261901393653411,-0.0157164769079881));
#7128=DIRECTION('',(0.0151677495988145,-0.00411667566210698,0.999876488549261));
#7129=DIRECTION('',(0.999961923064171,0.,-0.00872653549837393));
#7130=DIRECTION('',(-0.00872653549837393,0.,-0.999961923064171));
#7131=DIRECTION('',(-0.00872620324394422,-0.00872620324394425,-0.999923850477571));
#7132=DIRECTION('',(-0.00872620324394422,0.00872620324394419,-0.999923850477571));
#7133=DIRECTION('',(0.00872620324394422,-0.00872620324394419,0.99992385047757));
#7134=DIRECTION('',(0.999961923064171,0.,-0.00872653549837393));
#7135=DIRECTION('',(-0.00872620324394422,0.00872620324394419,-0.999923850477571));
#7136=DIRECTION('',(3.49918995962974E-15,-0.999961923064171,-0.00872653549837393));
#7137=DIRECTION('',(0.,0.00872653549837393,-0.999961923064171));
#7138=DIRECTION('',(-0.00872620324394422,0.00872620324394419,-0.999923850477571));
#7139=DIRECTION('',(-0.00872620324394422,0.00872620324394419,-0.99992385047757));
#7140=DIRECTION('',(-0.999961923064171,0.,0.00872653549837393));
#7141=DIRECTION('',(-0.00872620324394422,0.00872620324394419,-0.999923850477571));
#7142=DIRECTION('',(0.999961923064171,0.,-0.00872653549837393));
#7143=DIRECTION('',(-0.00872653549837393,0.,-0.999961923064171));
#7144=DIRECTION('',(-0.00872620324394422,0.00872620324394419,-0.999923850477571));
#7145=DIRECTION('',(0.00872620324394422,-0.00872620324394419,0.99992385047757));
#7146=DIRECTION('',(0.999961923064171,0.,-0.00872653549837393));
#7147=DIRECTION('',(-0.00872620324394422,0.00872620324394419,-0.999923850477571));
#7148=DIRECTION('',(3.62378942342224E-15,-0.999961923064171,-0.00872653549837393));
#7149=DIRECTION('',(0.,0.00872653549837393,-0.999961923064171));
#7150=DIRECTION('',(-0.00284170668768967,0.00872650026362027,-0.999957885561312));
#7151=DIRECTION('',(-0.00284170668768967,0.00872650026362027,-0.999957885561312));
#7152=DIRECTION('',(0.,0.999961923064171,0.00872653549837392));
#7153=DIRECTION('',(-0.00284170668768967,0.00872650026362027,-0.999957885561312));
#7154=DIRECTION('',(0.0151677495988147,-0.00411667566210639,0.999876488549261));
#7155=DIRECTION('',(-0.261933745470311,-0.965085857830221,6.1368738259278E-16));
#7156=DIRECTION('',(-0.261933745470311,-0.965085857830221,6.1368738259278E-16));
#7157=DIRECTION('',(0.261933745470312,0.965085857830221,-6.16846542708184E-16));
#7158=DIRECTION('',(0.0151677495988147,-0.00411667566210639,0.999876488549261));
#7159=DIRECTION('',(-0.964966658675843,0.261901393653373,0.0157164769079881));
#7160=DIRECTION('',(0.261933745470312,0.965085857830221,-6.14883284746122E-16));
#7161=DIRECTION('',(0.0151677495988147,-0.00411667566210639,0.999876488549261));
#7162=DIRECTION('',(0.964966658675843,-0.261901393653373,-0.0157164769079881));
#7163=DIRECTION('',(0.964966658675833,-0.261901393653411,-0.0157164769079881));
#7164=DIRECTION('',(0.26236348916041,0.963698090968025,0.0495115039173659));
#7165=DIRECTION('',(-0.261965299858178,-0.965074967057717,-0.00211887440920022));
#7166=DIRECTION('',(0.0141028197476828,-0.00602344361598376,0.999882407387074));
#7167=DIRECTION('',(0.876177134239253,0.481896495465642,-0.00945500366062567));
#7168=DIRECTION('',(0.0141028197476828,-0.00602344361598376,0.999882407387074));
#7169=DIRECTION('',(0.919523074703063,-0.392736735855961,-0.0153352990786149));
#7170=DIRECTION('',(0.0141028197476828,-0.00602344361598376,0.999882407387074));
#7171=DIRECTION('',(-0.919523074703063,0.392736735855961,0.0153352990786149));
#7172=DIRECTION('',(-0.906299994847259,0.42263263028965,0.0014068241934284));
#7173=DIRECTION('',(0.00617602397901989,0.00991547267625873,0.999931767736888));
#7174=DIRECTION('',(0.00872620324394422,0.00872620324394425,0.99992385047757));
#7175=DIRECTION('',(0.,-0.999961923064171,0.00872653549837396));
#7176=DIRECTION('',(0.588817822709054,-0.808218670434163,-0.00872653549837393));
#7177=DIRECTION('',(0.808249446096455,0.588840243941235,0.));
#7178=DIRECTION('',(0.741776197683667,0.53606070915913,0.402997504515564));
#7179=DIRECTION('',(-0.00140171844068645,0.00977551428453756,-0.999951236063982));
#7180=DIRECTION('',(0.00140171844068645,-0.00977551428453756,0.999951236063982));
#7181=DIRECTION('',(0.,-0.999952218424817,-0.00977552388808824));
#7182=DIRECTION('',(0.0117663337480132,-0.611218130325725,0.791374721956201));
#7183=DIRECTION('',(-0.0132216831353538,0.791265219749113,0.611330139213221));
#7184=DIRECTION('',(-0.00140171844068645,0.00977551428453756,-0.999951236063982));
#7185=DIRECTION('',(-0.337979837115539,-0.941112892952567,-0.00872653549837393));
#7186=DIRECTION('',(0.941148729012327,-0.337992706842148,0.));
#7187=DIRECTION('',(0.908624772182106,-0.323867746257827,-0.263648831423339));
#7188=DIRECTION('',(0.,0.,1.));
#7189=DIRECTION('',(1.,0.,0.));
#7190=DIRECTION('',(0.0117663337480132,-0.611218130325725,0.791374721956201));
#7191=DIRECTION('',(-0.0152316394784827,0.791228126212695,0.611331374500561));
#7192=DIRECTION('',(0.964966658675833,-0.261901393653411,-0.0157164769079881));
#7193=DIRECTION('',(0.26236348916041,0.963698090968025,0.0495115039173659));
#7194=DIRECTION('',(0.261933745470311,0.965085857830221,-6.1353579711678E-16));
#7195=DIRECTION('',(-0.964966658675833,-0.261901393653411,-0.0157164769079881));
#7196=DIRECTION('',(-0.26236348916041,0.963698090968025,0.0495115039173659));
#7197=DIRECTION('',(-0.261933745470311,0.965085857830221,-6.1353579711678E-16));
#7198=DIRECTION('',(-0.964966658675833,-0.261901393653411,-0.0157164769079881));
#7199=DIRECTION('',(-0.26236348916041,0.963698090968025,0.0495115039173659));
#7200=DIRECTION('',(-0.261933745470311,0.965085857830221,-6.1353579711678E-16));
#7201=DIRECTION('',(0.964966658675833,0.261901393653411,0.0157164769079881));
#7202=DIRECTION('',(-0.0151677495988145,-0.00411667566210698,0.999876488549261));
#7203=DIRECTION('',(0.,0.,1.));
#7204=DIRECTION('',(-1.,0.,0.));
#7205=DIRECTION('',(2.34291072916505E-15,0.,-1.));
#7206=DIRECTION('',(-1.,0.,-2.34291072916505E-15));
#7207=DIRECTION('',(0.0117663337480132,0.611218130325725,-0.791374721956201));
#7208=DIRECTION('',(0.0152316394784827,0.791228126212695,0.611331374500561));
#7209=DIRECTION('',(0.0117663337480132,-0.611218130325725,0.791374721956201));
#7210=DIRECTION('',(-0.0152316394784827,0.791228126212695,0.611331374500561));
#7211=DIRECTION('',(0.,0.,1.));
#7212=DIRECTION('',(1.,0.,0.));
#7213=DIRECTION('',(2.34291072916505E-15,0.,1.));
#7214=DIRECTION('',(1.,0.,-2.34291072916505E-15));
#7215=DIRECTION('',(0.964966658675833,-0.261901393653411,-0.0157164769079881));
#7216=DIRECTION('',(0.26236348916041,0.963698090968025,0.0495115039173659));
#7217=DIRECTION('',(0.261933745470311,0.965085857830221,-6.1353579711678E-16));
#7218=DIRECTION('',(0.964966658675833,-0.261901393653411,-0.0157164769079881));
#7219=DIRECTION('',(0.0151677495988145,-0.00411667566210698,0.999876488549261));
#7220=DIRECTION('',(0.0117663337480132,-0.611218130325725,0.791374721956201));
#7221=DIRECTION('',(0.977983986541441,0.171938580794346,0.118255851876071));
#7222=DIRECTION('',(0.0117663337480132,-0.611218130325725,0.791374721956201));
#7223=DIRECTION('',(0.0152316394784827,-0.791228126212695,-0.611331374500561));
#7224=DIRECTION('',(-0.0511639736214341,0.790024791780879,0.610936229221057));
#7225=DIRECTION('',(0.999814758117186,0.0192470634402236,-2.34295547523831E-15));
#7226=DIRECTION('',(0.993931306492189,0.0999298838991776,-0.0459845221637464));
#7227=DIRECTION('',(-0.0457538568029933,-0.00460009415982578,-0.99894215233985));
#7228=DIRECTION('',(0.,0.,-1.));
#7229=DIRECTION('',(-1.,0.,0.));
#7230=DIRECTION('',(0.0117663337480132,-0.611218130325725,0.791374721956201));
#7231=DIRECTION('',(0.0152316394784827,-0.791228126212695,-0.611331374500561));
#7232=DIRECTION('',(0.,0.,1.));
#7233=DIRECTION('',(1.,0.,0.));
#7234=DIRECTION('',(0.337979837115539,0.941112892952567,-0.00872653549837393));
#7235=DIRECTION('',(-0.941148729012327,0.337992706842147,0.));
#7236=DIRECTION('',(0.941148729012327,-0.337992706842147,0.));
#7237=DIRECTION('',(-0.337979837115539,0.941112892952567,-0.00872653549837393));
#7238=DIRECTION('',(0.941148729012327,0.337992706842147,0.));
#7239=DIRECTION('',(-0.941148729012327,-0.337992706842147,0.));
#7240=DIRECTION('',(0.,0.,-1.));
#7241=DIRECTION('',(1.,0.,0.));
#7242=DIRECTION('',(0.,0.,-1.));
#7243=DIRECTION('',(-1.,0.,0.));
#7244=DIRECTION('',(0.0117663337480132,0.611218130325725,-0.791374721956201));
#7245=DIRECTION('',(-0.0152316394784827,-0.791228126212695,-0.611331374500561));
#7246=DIRECTION('',(0.993931306492189,-0.0999298838991776,0.0459845221637464));
#7247=DIRECTION('',(0.0457538568029933,-0.00460009415982578,-0.99894215233985));
#7248=DIRECTION('',(-0.0117663337480132,-0.611218130325725,0.791374721956201));
#7249=DIRECTION('',(-0.977983986541441,0.171938580794346,0.118255851876071));
#7250=DIRECTION('',(-0.999814758117186,0.0192470634402236,-2.34295547523831E-15));
#7251=DIRECTION('',(0.0511639736214341,0.790024791780879,0.610936229221057));
#7252=DIRECTION('',(0.0117663337480132,0.611218130325725,-0.791374721956201));
#7253=DIRECTION('',(-0.0152316394784827,-0.791228126212695,-0.611331374500561));
#7254=DIRECTION('',(0.,0.,-1.));
#7255=DIRECTION('',(-1.,0.,0.));
#7256=DIRECTION('',(0.,0.,1.));
#7257=DIRECTION('',(1.,0.,0.));
#7258=DIRECTION('',(0.993931306492189,0.0999298838991776,-0.0459845221637464));
#7259=DIRECTION('',(-0.0457538568029933,-0.00460009415982578,-0.99894215233985));
#7260=DIRECTION('',(2.34291072916505E-15,0.,1.));
#7261=DIRECTION('',(1.,0.,-2.34291072916505E-15));
#7262=DIRECTION('',(0.993931306492189,-0.0999298838991776,0.0459845221637464));
#7263=DIRECTION('',(0.0457538568029933,-0.00460009415982578,-0.99894215233985));
#7264=DIRECTION('',(0.,0.,-1.));
#7265=DIRECTION('',(-1.,0.,0.));
#7266=DIRECTION('',(-0.0117663337480132,-0.611218130325725,0.791374721956201));
#7267=DIRECTION('',(-0.977983986541441,0.171938580794346,0.118255851876071));
#7268=DIRECTION('',(0.0511639736214341,0.790024791780879,0.610936229221057));
#7269=DIRECTION('',(0.0117663337480132,0.611218130325725,-0.791374721956201));
#7270=DIRECTION('',(0.0152316394784827,0.791228126212695,0.611331374500561));
#7271=DIRECTION('',(0.,0.,1.));
#7272=DIRECTION('',(-1.,0.,0.));
#7273=DIRECTION('',(-0.965085857830221,-0.261933745470312,0.));
#7274=DIRECTION('',(-0.261933745470312,0.965085857830221,0.));
#7275=DIRECTION('',(0.,0.,1.));
#7276=DIRECTION('',(0.,0.,1.));
#7277=DIRECTION('',(-1.,0.,0.));
#7278=DIRECTION('',(0.,0.,1.));
#7279=DIRECTION('',(2.34291072916505E-15,0.,-1.));
#7280=DIRECTION('',(-1.,0.,-2.34291072916505E-15));
#7281=DIRECTION('',(0.965085857830221,0.261933745470312,0.));
#7282=DIRECTION('',(0.261933745470312,-0.965085857830221,0.));
#7283=DIRECTION('',(0.,0.,1.));
#7284=DIRECTION('',(0.261933745470312,-0.965085857830221,6.13687382592781E-16));
#7285=DIRECTION('',(0.,0.,1.));
#7286=DIRECTION('',(-1.,0.,0.));
#7287=DIRECTION('',(2.34291072916505E-15,0.,-1.));
#7288=DIRECTION('',(-1.,0.,-2.34291072916505E-15));
#7289=DIRECTION('',(0.964966658675833,0.261901393653411,0.0157164769079881));
#7290=DIRECTION('',(-0.0151677495988145,-0.00411667566210698,0.999876488549261));
#7291=DIRECTION('',(-0.964966658675833,-0.261901393653411,-0.0157164769079881));
#7292=DIRECTION('',(-0.26236348916041,0.963698090968025,0.0495115039173659));
#7293=DIRECTION('',(-0.261933745470311,0.965085857830221,-6.1353579711678E-16));
#7294=DIRECTION('',(0.,0.,-1.));
#7295=DIRECTION('',(-1.,0.,0.));
#7296=DIRECTION('',(2.34291072916505E-15,0.,-1.));
#7297=DIRECTION('',(-1.,0.,-2.34291072916505E-15));
#7298=DIRECTION('',(2.34291072916505E-15,0.,1.));
#7299=DIRECTION('',(1.,0.,-2.34291072916505E-15));
#7300=DIRECTION('',(0.964966658675833,-0.261901393653411,-0.0157164769079881));
#7301=DIRECTION('',(0.26236348916041,0.963698090968025,0.0495115039173659));
#7302=DIRECTION('',(0.964966658675833,-0.261901393653411,-0.0157164769079881));
#7303=DIRECTION('',(0.0151677495988145,-0.00411667566210698,0.999876488549261));
#7304=DIRECTION('',(0.261933745470311,0.965085857830221,-6.1353579711678E-16));
#7305=DIRECTION('',(0.,0.,1.));
#7306=DIRECTION('',(1.,0.,0.));
#7307=DIRECTION('',(2.34291072916505E-15,0.,1.));
#7308=DIRECTION('',(1.,0.,-2.34291072916505E-15));
#7309=DIRECTION('',(0.,0.,1.));
#7310=DIRECTION('',(-0.965085857830221,0.261933745470312,0.));
#7311=DIRECTION('',(-0.261933745470312,-0.965085857830221,0.));
#7312=DIRECTION('',(0.,0.,1.));
#7313=DIRECTION('',(-0.261933745470312,-0.965085857830221,6.13687382592781E-16));
#7314=DIRECTION('',(0.,0.,1.));
#7315=DIRECTION('',(1.,0.,0.));
#7316=DIRECTION('',(2.34291072916505E-15,0.,1.));
#7317=DIRECTION('',(1.,0.,-2.34291072916505E-15));
#7318=DIRECTION('',(0.,0.,1.));
#7319=DIRECTION('',(0.965085857830221,-0.261933745470312,0.));
#7320=DIRECTION('',(0.261933745470312,0.965085857830221,0.));
#7321=DIRECTION('',(0.,0.,1.));
#7322=DIRECTION('',(1.,0.,0.));
#7323=DIRECTION('',(0.0117663337480132,-0.611218130325725,0.791374721956201));
#7324=DIRECTION('',(-0.0152316394784827,0.791228126212695,0.611331374500561));
#7325=DIRECTION('',(0.0117663337480132,-0.611218130325725,0.791374721956201));
#7326=DIRECTION('',(0.977983986541441,0.171938580794346,0.118255851876071));
#7327=DIRECTION('',(-0.0511639736214341,0.790024791780879,0.610936229221057));
#7328=DIRECTION('',(0.,0.,-1.));
#7329=DIRECTION('',(0.12186934340515,0.992546151641322,0.));
#7330=DIRECTION('',(-0.100035706437164,-0.9949838478275,0.));
#7331=DIRECTION('',(-1.,0.,0.));
#7332=DIRECTION('',(0.100035706437164,-0.9949838478275,0.));
#7333=DIRECTION('',(0.100035706437164,-0.9949838478275,0.));
#7334=DIRECTION('',(-0.100035706437164,-0.9949838478275,0.));
#7335=DIRECTION('',(-0.993931306492189,0.0999298838991776,-0.0459845221637464));
#7336=DIRECTION('',(0.0957864432339637,0.991776694168568,0.0848760637438745));
#7337=DIRECTION('',(0.993931306492189,0.0999298838991776,-0.0459845221637464));
#7338=DIRECTION('',(-0.0957864432339637,0.991776694168568,0.0848760637438745));
#7339=DIRECTION('',(0.046215856486328,0.,0.998931476433311));
#7340=DIRECTION('',(0.998931476433311,0.,-0.046215856486328));
#7341=DIRECTION('',(-0.046215856486328,-1.69617280595099E-19,-0.998931476433311));
#7342=DIRECTION('',(0.,0.,-1.));
#7343=DIRECTION('',(1.,0.,0.));
#7344=DIRECTION('',(-0.046215856486328,0.,-0.998931476433311));
#7345=DIRECTION('',(2.34291072916505E-15,0.,1.));
#7346=DIRECTION('',(1.,0.,-2.34291072916505E-15));
#7347=DIRECTION('',(0.,-1.,0.));
#7348=DIRECTION('',(0.,0.,-1.));
#7349=DIRECTION('',(1.,0.,0.));
#7350=DIRECTION('',(0.,0.,1.));
#7351=DIRECTION('',(1.,0.,-2.34291072916505E-15));
#7352=DIRECTION('',(0.,0.,-1.));
#7353=DIRECTION('',(-1.,0.,0.));
#7354=DIRECTION('',(0.,0.,-1.));
#7355=DIRECTION('',(-1.,0.,0.));
#7356=DIRECTION('',(0.,0.,1.));
#7357=DIRECTION('',(2.34291072916505E-15,0.,1.));
#7358=DIRECTION('',(1.,0.,-2.34291072916505E-15));
#7359=DIRECTION('',(-0.993931306492189,0.0999298838991776,-0.0459845221637464));
#7360=DIRECTION('',(0.0957864432339637,0.991776694168568,0.0848760637438745));
#7361=DIRECTION('',(0.046215856486328,-1.69617280595099E-19,-0.998931476433311));
#7362=DIRECTION('',(0.100035706437164,0.9949838478275,0.));
#7363=DIRECTION('',(0.046215856486328,0.,-0.998931476433311));
#7364=DIRECTION('',(0.106926976802891,0.975833274059493,-0.190567685797263));
#7365=DIRECTION('',(-0.0462158564863284,-3.16391237772159E-15,0.998931476433311));
#7366=DIRECTION('',(-0.109418195511779,-0.9411538552737,0.319776608266454));
#7367=DIRECTION('',(-0.108671401048564,-0.827157412759825,0.55136298489345));
#7368=DIRECTION('',(0.100035706437164,0.9949838478275,2.33879126667056E-16));
#7369=DIRECTION('',(-0.046215856486328,0.,0.998931476433311));
#7370=DIRECTION('',(-0.998931476433311,0.,-0.046215856486328));
#7371=DIRECTION('',(0.046215856486328,0.,-0.998931476433311));
#7372=DIRECTION('',(0.,0.,-1.));
#7373=DIRECTION('',(-1.,0.,0.));
#7374=DIRECTION('',(2.34291072916505E-15,0.,-1.));
#7375=DIRECTION('',(-1.,0.,-2.34291072916505E-15));
#7376=DIRECTION('',(0.,-1.,0.));
#7377=DIRECTION('',(0.,0.,-1.));
#7378=DIRECTION('',(0.,0.,1.));
#7379=DIRECTION('',(1.,0.,0.));
#7380=DIRECTION('',(-1.,0.,-2.34291072916505E-15));
#7381=DIRECTION('',(0.,0.,-1.));
#7382=DIRECTION('',(1.,0.,0.));
#7383=DIRECTION('',(0.,0.,-1.));
#7384=DIRECTION('',(-1.,0.,0.));
#7385=DIRECTION('',(2.34291072916505E-15,0.,-1.));
#7386=DIRECTION('',(-1.,0.,-2.34291072916505E-15));
#7387=DIRECTION('',(0.,0.,1.));
#7388=DIRECTION('',(2.34291072916505E-15,0.,1.));
#7389=DIRECTION('',(1.,0.,-2.34291072916505E-15));
#7390=DIRECTION('',(2.34291072916505E-15,0.,1.));
#7391=DIRECTION('',(1.,0.,-2.34291072916505E-15));
#7392=DIRECTION('',(2.34291072916505E-15,0.,1.));
#7393=DIRECTION('',(1.,0.,-2.34291072916505E-15));
#7394=DIRECTION('',(2.34291072916505E-15,0.,1.));
#7395=DIRECTION('',(1.,0.,-2.34291072916505E-15));
#7396=DIRECTION('',(-0.100035706437164,0.9949838478275,2.33879126667056E-16));
#7397=DIRECTION('',(0.342020143325663,-0.93969262078591,-8.01322663388264E-16));
#7398=DIRECTION('',(2.34291072916505E-15,0.,1.));
#7399=DIRECTION('',(1.,0.,-2.34291072916505E-15));
#7400=DIRECTION('',(1.,0.,-2.34291072916505E-15));
#7401=DIRECTION('',(2.34291072916505E-15,0.,-1.));
#7402=DIRECTION('',(-1.,0.,-2.34291072916505E-15));
#7403=DIRECTION('',(-0.342020143325663,-0.93969262078591,-8.01322663388264E-16));
#7404=DIRECTION('',(0.93969262078591,-0.342020143325663,0.));
#7405=DIRECTION('',(-0.342020143325663,-0.93969262078591,0.));
#7406=DIRECTION('',(0.,0.,1.));
#7407=DIRECTION('',(0.342020143325663,0.93969262078591,0.));
#7408=DIRECTION('',(0.,0.,1.));
#7409=DIRECTION('',(-1.,0.,0.));
#7410=DIRECTION('',(0.,0.,1.));
#7411=DIRECTION('',(0.,0.,-1.));
#7412=DIRECTION('',(-1.,0.,0.));
#7413=DIRECTION('',(-0.93969262078591,-0.342020143325663,0.));
#7414=DIRECTION('',(0.342020143325663,-0.93969262078591,0.));
#7415=DIRECTION('',(0.342020143325663,-0.93969262078591,0.));
#7416=DIRECTION('',(0.,0.,1.));
#7417=DIRECTION('',(0.,0.,1.));
#7418=DIRECTION('',(1.,0.,0.));
#7419=DIRECTION('',(0.,0.,-1.));
#7420=DIRECTION('',(-1.,0.,0.));
#7421=DIRECTION('',(0.,0.,1.));
#7422=DIRECTION('',(0.,0.321708207378729,0.946838861319689));
#7423=DIRECTION('',(0.,-0.946838861319689,0.321708207378729));
#7424=DIRECTION('',(1.,0.,0.));
#7425=DIRECTION('',(-0.109418195511779,0.9411538552737,-0.319776608266454));
#7426=DIRECTION('',(1.,0.,0.));
#7427=DIRECTION('',(0.,1.,3.16729670889774E-15));
#7428=DIRECTION('',(0.,-3.16729670889774E-15,1.));
#7429=DIRECTION('',(1.,0.,0.));
#7430=DIRECTION('',(-0.0462158564863284,3.16391237772159E-15,-0.998931476433311));
#7431=DIRECTION('',(0.,-0.191666533712918,-0.981460106094219));
#7432=DIRECTION('',(0.,0.981460106094219,-0.191666533712918));
#7433=DIRECTION('',(-1.,0.,0.));
#7434=DIRECTION('',(0.106926976802891,-0.975833274059493,0.190567685797263));
#7435=DIRECTION('',(0.,0.554647760552074,0.832085249066806));
#7436=DIRECTION('',(0.,-0.832085249066806,0.554647760552074));
#7437=DIRECTION('',(-0.108671401048564,0.827157412759825,-0.55136298489345));
#7438=DIRECTION('',(0.,0.,-1.));
#7439=DIRECTION('',(-1.,0.,0.));
#7440=DIRECTION('',(-1.,0.,0.));
#7441=DIRECTION('',(0.,0.,-1.));
#7442=DIRECTION('',(-1.,0.,0.));
#7443=DIRECTION('',(0.100035706437164,-0.9949838478275,0.));
#7444=DIRECTION('',(-1.,0.,0.));
#7445=DIRECTION('',(0.993931306492189,0.0999298838991776,-0.0459845221637464));
#7446=DIRECTION('',(-0.0957864432339637,0.991776694168568,0.0848760637438745));
#7447=DIRECTION('',(0.046215856486328,0.,0.998931476433311));
#7448=DIRECTION('',(0.,-1.,0.));
#7449=DIRECTION('',(0.,0.,-1.));
#7450=DIRECTION('',(0.,0.,1.));
#7451=DIRECTION('',(1.,0.,0.));
#7452=DIRECTION('',(0.,0.,-1.));
#7453=DIRECTION('',(1.,1.22464679914735E-16,0.));
#7454=DIRECTION('',(0.,0.,1.));
#7455=DIRECTION('',(1.,0.,0.));
#7456=DIRECTION('',(0.,0.,-1.));
#7457=DIRECTION('',(1.,1.22464679914735E-16,0.));
#7458=DIRECTION('',(0.,0.,1.));
#7459=DIRECTION('',(1.,0.,0.));
#7460=DIRECTION('',(0.,0.,1.));
#7461=DIRECTION('',(1.,0.,0.));
#7462=DIRECTION('',(0.,0.,-1.));
#7463=DIRECTION('',(-1.,0.,0.));
#7464=DIRECTION('',(-2.34187669256869E-15,0.,-1.));
#7465=DIRECTION('',(-1.,0.,2.34187669256869E-15));
#7466=DIRECTION('',(-2.34187669256869E-15,0.,-1.));
#7467=DIRECTION('',(-1.,0.,2.34187669256869E-15));
#7468=DIRECTION('',(0.,0.,1.));
#7469=DIRECTION('',(1.,0.,0.));
#7470=DIRECTION('',(-2.34187669256869E-15,0.,-1.));
#7471=DIRECTION('',(-1.,0.,2.34187669256869E-15));
#7472=DIRECTION('',(-2.34187669256869E-15,0.,-1.));
#7473=DIRECTION('',(-1.,0.,2.34187669256869E-15));
#7474=DIRECTION('',(0.,0.,1.));
#7475=DIRECTION('',(1.,0.,0.));
#7476=DIRECTION('',(-2.34187669256869E-15,0.,-1.));
#7477=DIRECTION('',(-1.,0.,2.34187669256869E-15));
#7478=DIRECTION('',(-2.34187669256869E-15,0.,-1.));
#7479=DIRECTION('',(-1.,0.,2.34187669256869E-15));
#7480=DIRECTION('',(0.,0.,1.));
#7481=DIRECTION('',(1.,0.,0.));
#7482=DIRECTION('',(0.,0.,-1.));
#7483=DIRECTION('',(-1.,0.,0.));
#7484=DIRECTION('',(0.,0.,-1.));
#7485=DIRECTION('',(-1.,0.,0.));
#7486=DIRECTION('',(0.,0.,-1.));
#7487=DIRECTION('',(-1.,0.,0.));
#7488=DIRECTION('',(0.,0.,-1.));
#7489=DIRECTION('',(-1.,0.,0.));
#7490=DIRECTION('',(2.34291072916505E-15,0.,1.));
#7491=DIRECTION('',(1.,0.,-2.34291072916505E-15));
#7492=DIRECTION('',(2.34291072916505E-15,0.,1.));
#7493=DIRECTION('',(1.,0.,-2.34291072916505E-15));
#7494=DIRECTION('',(0.,0.,1.));
#7495=DIRECTION('',(1.,0.,0.));
#7496=DIRECTION('',(0.,0.,-1.));
#7497=DIRECTION('',(-1.,0.,0.));
#7498=DIRECTION('',(0.,0.,-1.));
#7499=DIRECTION('',(-1.,0.,0.));
#7500=DIRECTION('',(0.,0.,-1.));
#7501=DIRECTION('',(-1.,0.,0.));
#7502=DIRECTION('',(0.,0.,-1.));
#7503=DIRECTION('',(-1.,0.,0.));
#7504=DIRECTION('',(2.34291072916505E-15,0.,1.));
#7505=DIRECTION('',(1.,0.,-2.34291072916505E-15));
#7506=DIRECTION('',(2.34291072916505E-15,0.,1.));
#7507=DIRECTION('',(1.,0.,-2.34291072916505E-15));
#7508=DIRECTION('',(0.,0.,-1.));
#7509=DIRECTION('',(-1.,0.,0.));
#7510=DIRECTION('',(0.,0.,-1.));
#7511=DIRECTION('',(-1.,0.,0.));
#7512=DIRECTION('',(0.,0.,1.));
#7513=DIRECTION('',(1.,0.,0.));
#7514=DIRECTION('',(0.,0.,-1.));
#7515=DIRECTION('',(-1.,0.,0.));
#7516=DIRECTION('',(0.,0.,-1.));
#7517=DIRECTION('',(-1.,0.,0.));
#7518=DIRECTION('',(0.,0.,1.));
#7519=DIRECTION('',(1.,0.,0.));
#7520=DIRECTION('',(2.34291072916505E-15,0.,1.));
#7521=DIRECTION('',(1.,0.,-2.34291072916505E-15));
#7522=CARTESIAN_POINT('',(0.,0.,0.));
#7523=CARTESIAN_POINT('',(-174.,-46.2,-2.29999999999959));
#7524=CARTESIAN_POINT('',(111.8,5.70000000000001,-2.30000000000026));
#7525=CARTESIAN_POINT('',(114.8,5.70000000000001,-2.30000000000027));
#7526=CARTESIAN_POINT('',(3.21653053392317E-15,52.6007604452799,-2.3));
#7527=CARTESIAN_POINT('',(-3.5,52.6007604452799,-2.3));
#7528=CARTESIAN_POINT('',(-111.8,5.70000000000001,-2.3));
#7529=CARTESIAN_POINT('',(-114.8,5.70000000000001,-2.3));
#7530=CARTESIAN_POINT('',(5.386316392908E-15,0.,-2.29999999999998));
#7531=CARTESIAN_POINT('',(-6.5,0.,-2.29999999999997));
#7532=CARTESIAN_POINT('',(-62.,0.,-2.29999999999999));
#7533=CARTESIAN_POINT('',(-68.5,0.,-2.29999999999998));
#7534=CARTESIAN_POINT('',(-118.186145286406,0.35,-2.29999999999972));
#7535=CARTESIAN_POINT('',(-118.186145286406,-0.65,-2.29999999999972));
#7536=CARTESIAN_POINT('',(-119.182204080246,0.250070116100821,-2.29999999999972));
#7537=CARTESIAN_POINT('',(-115.107416382485,-40.2789378451204,-2.29999999999973));
#7538=CARTESIAN_POINT('',(-120.427410356452,12.6352491303221,-2.29999999999972));
#7539=CARTESIAN_POINT('',(-175.112350067129,11.5825296187414,-2.29999999999959));
#7540=CARTESIAN_POINT('',(-88.5079208087852,13.2497193962545,-2.29999999999979));
#7541=CARTESIAN_POINT('',(-88.5079208087852,13.2497193962545,-2.29999999999979));
#7542=CARTESIAN_POINT('',(-85.5280217981884,13.3070843279445,-2.2999999999998));
#7543=CARTESIAN_POINT('',(-82.6513571183416,14.3385407100008,-2.29999999999981));
#7544=CARTESIAN_POINT('',(-80.2981662328131,16.1665680544334,-2.29999999999981));
#7545=CARTESIAN_POINT('',(-80.2981662328134,16.1665680544342,-2.29999999999981));
#7546=CARTESIAN_POINT('',(3.26767655475809E-13,-87.2,-2.3));
#7547=CARTESIAN_POINT('',(-54.9990772539654,31.5751842470335,-2.29999999999987));
#7548=CARTESIAN_POINT('',(-82.8243220373143,-70.945971180486,-2.29999999999981));
#7549=CARTESIAN_POINT('',(-55.3077119678447,30.4380302806151,-2.3000000000003));
#7550=CARTESIAN_POINT('',(1.68062823160164E-5,-87.2000384677619,-2.3));
#7551=CARTESIAN_POINT('',(-49.4236831679477,33.0287349679576,-2.29999999999988));
#7552=CARTESIAN_POINT('',(-77.998892748469,-72.2556399077546,-2.29999999999982));
#7553=CARTESIAN_POINT('',(-47.3382608277952,40.7124017076928,-2.29999999999989));
#7554=CARTESIAN_POINT('',(1.68062823160164E-5,-87.2000384677619,-2.3));
#7555=CARTESIAN_POINT('',(-50.5777229138893,39.4664414146397,-2.29999999999988));
#7556=CARTESIAN_POINT('',(-80.7011331503935,-71.5222254204376,-2.29999999999981));
#7557=CARTESIAN_POINT('',(-43.0525489887223,67.1926853922969,-2.2999999999999));
#7558=CARTESIAN_POINT('',(1.80755165514668E-14,-87.2,-2.3));
#7559=CARTESIAN_POINT('',(43.0525489887223,67.1926853922969,-2.2999999999999));
#7560=CARTESIAN_POINT('',(80.7011331503935,-71.5222254204376,-2.29999999999981));
#7561=CARTESIAN_POINT('',(50.5777229138893,39.4664414146397,-2.29999999999988));
#7562=CARTESIAN_POINT('',(-1.68062823160164E-5,-87.2000384677619,-2.3));
#7563=CARTESIAN_POINT('',(47.3382608277952,40.7124017076928,-2.29999999999989));
#7564=CARTESIAN_POINT('',(77.998892748469,-72.2556399077546,-2.29999999999982));
#7565=CARTESIAN_POINT('',(49.4236831679477,33.0287349679576,-2.29999999999988));
#7566=CARTESIAN_POINT('',(-1.68062823160164E-5,-87.2000384677619,-2.3));
#7567=CARTESIAN_POINT('',(55.3077119678447,30.4380302806151,-2.3000000000003));
#7568=CARTESIAN_POINT('',(82.8243220373143,-70.945971180486,-2.29999999999981));
#7569=CARTESIAN_POINT('',(54.9990772539654,31.5751842470335,-2.29999999999987));
#7570=CARTESIAN_POINT('',(-3.26767655475809E-13,-87.2,-2.3));
#7571=CARTESIAN_POINT('',(80.2981662328134,16.1665680544342,-2.29999999999981));
#7572=CARTESIAN_POINT('',(88.5079208087852,13.2497193962545,-2.29999999999979));
#7573=CARTESIAN_POINT('',(85.5280217981884,13.3070843279445,-2.2999999999998));
#7574=CARTESIAN_POINT('',(82.6513571183416,14.3385407100008,-2.29999999999981));
#7575=CARTESIAN_POINT('',(80.2981662328131,16.1665680544334,-2.29999999999981));
#7576=CARTESIAN_POINT('',(88.5079208087852,13.2497193962545,-2.29999999999979));
#7577=CARTESIAN_POINT('',(175.112350067129,11.5825296187414,-2.29999999999959));
#7578=CARTESIAN_POINT('',(120.427410356452,12.6352491303221,-2.29999999999972));
#7579=CARTESIAN_POINT('',(115.107416382485,-40.2789378451204,-2.29999999999973));
#7580=CARTESIAN_POINT('',(119.182204080246,0.250070116100821,-2.29999999999972));
#7581=CARTESIAN_POINT('',(118.186145286406,0.35,-2.29999999999972));
#7582=CARTESIAN_POINT('',(118.186145286406,-0.65,-2.29999999999972));
#7583=CARTESIAN_POINT('',(174.,-0.65,-2.29999999999959));
#7584=CARTESIAN_POINT('',(93.9134902101393,-0.65,-2.29999999999978));
#7585=CARTESIAN_POINT('',(93.9134902101393,-3.45,-2.29999999999978));
#7586=CARTESIAN_POINT('',(91.2823508719387,-2.49234359868814,-2.29999999999979));
#7587=CARTESIAN_POINT('',(86.911107713161,-14.5022354723757,-2.2999999999998));
#7588=CARTESIAN_POINT('',(89.672404006506,-6.91563625798618,-2.29999999999979));
#7589=CARTESIAN_POINT('',(87.9809572890914,-6.3,-2.29999999999979));
#7590=CARTESIAN_POINT('',(87.9809572890914,-8.1,-2.29999999999979));
#7591=CARTESIAN_POINT('',(-174.,-8.1,-2.29999999999959));
#7592=CARTESIAN_POINT('',(-87.9809572890914,-8.1,-2.29999999999979));
#7593=CARTESIAN_POINT('',(-87.9809572890914,-6.3,-2.29999999999979));
#7594=CARTESIAN_POINT('',(-89.672404006506,-6.91563625798618,-2.29999999999979));
#7595=CARTESIAN_POINT('',(-86.911107713161,-14.5022354723757,-2.2999999999998));
#7596=CARTESIAN_POINT('',(-91.2823508719387,-2.49234359868814,-2.29999999999979));
#7597=CARTESIAN_POINT('',(-93.9134902101393,-3.45,-2.29999999999978));
#7598=CARTESIAN_POINT('',(-93.9134902101393,-0.65,-2.29999999999978));
#7599=CARTESIAN_POINT('',(-174.,-0.65,-2.29999999999959));
#7600=CARTESIAN_POINT('',(62.,0.,-2.30000000000015));
#7601=CARTESIAN_POINT('',(68.5,0.,-2.30000000000016));
#7602=CARTESIAN_POINT('',(-87.9809572890914,-6.3,-5.));
#7603=CARTESIAN_POINT('',(-87.9809572890914,-6.3,-5.7));
#7604=CARTESIAN_POINT('',(-89.6724040065061,-6.91563625798619,-5.7));
#7605=CARTESIAN_POINT('',(-87.9809572890914,-8.1,-5.7));
#7606=CARTESIAN_POINT('',(-89.6724040065061,-6.91563625798619,-5.));
#7607=CARTESIAN_POINT('',(-87.9809572890914,-8.1,-5.));
#7608=CARTESIAN_POINT('',(-91.4317919180288,-2.08175769901611,-5.));
#7609=CARTESIAN_POINT('',(-91.2823508719387,-2.49234359868814,-5.7));
#7610=CARTESIAN_POINT('',(-91.2823508719387,-2.49234359868814,-5.7));
#7611=CARTESIAN_POINT('',(-91.2823508719387,-2.49234359868814,-5.));
#7612=CARTESIAN_POINT('',(-93.9134902101393,-3.45,-5.));
#7613=CARTESIAN_POINT('',(-93.9134902101393,-0.65,-5.));
#7614=CARTESIAN_POINT('',(-93.9134902101393,-0.65,-5.7));
#7615=CARTESIAN_POINT('',(-93.9134902101393,-3.45,-5.7));
#7616=CARTESIAN_POINT('',(-145.,-0.65,-5.));
#7617=CARTESIAN_POINT('',(-118.343447279346,-0.65,-5.7));
#7618=CARTESIAN_POINT('',(-118.343447279346,-0.65,-5.7));
#7619=CARTESIAN_POINT('',(-118.345419062242,-0.65,-5.7426190521708));
#7620=CARTESIAN_POINT('',(-90.7845607349625,-8.1,-5.));
#7621=CARTESIAN_POINT('',(-87.9809572890914,-8.1,-5.7));
#7622=CARTESIAN_POINT('',(87.9809572890914,-8.1,-5.7));
#7623=CARTESIAN_POINT('',(87.9809572890914,-8.1,-5.));
#7624=CARTESIAN_POINT('',(87.9809572890914,-6.3,-5.));
#7625=CARTESIAN_POINT('',(87.9809572890914,-6.3,-5.7));
#7626=CARTESIAN_POINT('',(89.6724040065061,-6.91563625798619,-5.7));
#7627=CARTESIAN_POINT('',(89.6724040065061,-6.91563625798619,-5.));
#7628=CARTESIAN_POINT('',(91.4317919180288,-2.08175769901611,-5.));
#7629=CARTESIAN_POINT('',(91.2823508719387,-2.49234359868814,-5.7));
#7630=CARTESIAN_POINT('',(91.2823508719387,-2.49234359868814,-5.7));
#7631=CARTESIAN_POINT('',(91.2823508719387,-2.49234359868814,-5.));
#7632=CARTESIAN_POINT('',(93.9134902101393,-3.45,-5.));
#7633=CARTESIAN_POINT('',(93.9134902101393,-0.65,-5.));
#7634=CARTESIAN_POINT('',(93.9134902101393,-0.65,-5.7));
#7635=CARTESIAN_POINT('',(93.9134902101393,-3.45,-5.7));
#7636=CARTESIAN_POINT('',(145.,-0.65,-5.));
#7637=CARTESIAN_POINT('',(118.343447279346,-0.65,-5.7));
#7638=CARTESIAN_POINT('',(118.343447279346,-0.65,-5.7));
#7639=CARTESIAN_POINT('',(118.345419062242,-0.65,-5.7426190521708));
#7640=CARTESIAN_POINT('',(118.368066622373,0.35,-6.23213417533751));
#7641=CARTESIAN_POINT('',(119.182010795595,0.250070116100823,-2.29582225373767));
#7642=CARTESIAN_POINT('',(119.339506073186,0.250070116100822,-5.7));
#7643=CARTESIAN_POINT('',(118.343447279346,0.35,-5.7));
#7644=CARTESIAN_POINT('',(-118.368066622373,0.35,-6.23213417533751));
#7645=CARTESIAN_POINT('',(-118.343447279346,0.35,-5.7));
#7646=CARTESIAN_POINT('',(-119.339506073186,0.250070116100822,-5.7));
#7647=CARTESIAN_POINT('',(-119.182010795595,0.250070116100823,-2.29582225373767));
#7648=CARTESIAN_POINT('',(69.2,0.,0.));
#7649=CARTESIAN_POINT('',(69.2,43.2071089690568,1.41553149728637));
#7650=CARTESIAN_POINT('',(69.2,43.201084817045,2.41553149728637));
#7651=CARTESIAN_POINT('',(69.2,43.2071089690568,1.41553149728637));
#7652=CARTESIAN_POINT('',(69.2,44.3071289285998,1.41553149728637));
#7653=CARTESIAN_POINT('',(69.2,44.3071289285998,1.41553149728637));
#7654=CARTESIAN_POINT('',(69.2,44.3135478523128,0.35));
#7655=CARTESIAN_POINT('',(69.2,44.3135478523128,0.35));
#7656=CARTESIAN_POINT('',(69.2,45.3135659973519,0.35));
#7657=CARTESIAN_POINT('',(69.2,45.3135659973519,0.35));
#7658=CARTESIAN_POINT('',(69.2,45.3071470736389,1.41553149728637));
#7659=CARTESIAN_POINT('',(69.2,45.3071470736389,1.41553149728637));
#7660=CARTESIAN_POINT('',(69.2,46.4071670331819,1.41553149728637));
#7661=CARTESIAN_POINT('',(69.2,46.4071670331819,1.41553149728636));
#7662=CARTESIAN_POINT('',(69.2,46.4011428811702,2.41553149728637));
#7663=CARTESIAN_POINT('',(69.2,46.4011428811702,2.41553149728637));
#7664=CARTESIAN_POINT('',(69.2,45.3011229216272,2.41553149728637));
#7665=CARTESIAN_POINT('',(69.2,45.3011229216272,2.41553149728637));
#7666=CARTESIAN_POINT('',(69.2,45.2944963544142,3.51553149728637));
#7667=CARTESIAN_POINT('',(69.2,45.2944963544142,3.51553149728637));
#7668=CARTESIAN_POINT('',(69.2,44.2944782093751,3.51553149728637));
#7669=CARTESIAN_POINT('',(69.2,44.2944782093751,3.51553149728637));
#7670=CARTESIAN_POINT('',(69.2,44.3011047765881,2.41553149728637));
#7671=CARTESIAN_POINT('',(69.2,44.3011047765881,2.41553149728637));
#7672=CARTESIAN_POINT('',(69.2,43.201084817045,2.41553149728637));
#7673=CARTESIAN_POINT('',(64.0203228112698,43.5732623966527,-1.264858506272));
#7674=CARTESIAN_POINT('',(64.0203228112698,43.5732623966527,-1.264858506272));
#7675=CARTESIAN_POINT('',(63.9046796893388,43.5238701590017,6.934177234302));
#7676=CARTESIAN_POINT('',(64.0203228112698,43.5732623966527,-1.264858506272));
#7677=CARTESIAN_POINT('',(64.0203228112698,43.5732623966527,-1.264858506272));
#7678=CARTESIAN_POINT('',(64.0203228112698,42.2732859847755,-1.27268976178885));
#7679=CARTESIAN_POINT('',(64.0203228112698,42.2732859847755,-1.27268976178885));
#7680=CARTESIAN_POINT('',(63.9046796893388,42.2238937471245,6.92634597878515));
#7681=CARTESIAN_POINT('',(63.9046796893388,-0.0401915801847588,6.67174070413546));
#7682=CARTESIAN_POINT('',(-69.2,0.,0.));
#7683=CARTESIAN_POINT('',(-69.2,43.2071089690568,1.41553149728637));
#7684=CARTESIAN_POINT('',(-69.2,43.2071089690568,1.41553149728637));
#7685=CARTESIAN_POINT('',(-69.2,43.201084817045,2.41553149728637));
#7686=CARTESIAN_POINT('',(-69.2,43.201084817045,2.41553149728637));
#7687=CARTESIAN_POINT('',(-69.2,44.3011047765881,2.41553149728637));
#7688=CARTESIAN_POINT('',(-69.2,44.3011047765881,2.41553149728637));
#7689=CARTESIAN_POINT('',(-69.2,44.2944782093751,3.51553149728637));
#7690=CARTESIAN_POINT('',(-69.2,44.2944782093751,3.51553149728637));
#7691=CARTESIAN_POINT('',(-69.2,45.2944963544142,3.51553149728637));
#7692=CARTESIAN_POINT('',(-69.2,45.2944963544142,3.51553149728637));
#7693=CARTESIAN_POINT('',(-69.2,45.3011229216272,2.41553149728637));
#7694=CARTESIAN_POINT('',(-69.2,45.3011229216272,2.41553149728637));
#7695=CARTESIAN_POINT('',(-69.2,46.4011428811702,2.41553149728637));
#7696=CARTESIAN_POINT('',(-69.2,46.4011428811702,2.41553149728637));
#7697=CARTESIAN_POINT('',(-69.2,46.4071670331819,1.41553149728636));
#7698=CARTESIAN_POINT('',(-69.2,46.4071670331819,1.41553149728637));
#7699=CARTESIAN_POINT('',(-69.2,45.3071470736389,1.41553149728637));
#7700=CARTESIAN_POINT('',(-69.2,45.3071470736389,1.41553149728637));
#7701=CARTESIAN_POINT('',(-69.2,45.3135659973519,0.35));
#7702=CARTESIAN_POINT('',(-69.2,45.3135659973519,0.35));
#7703=CARTESIAN_POINT('',(-69.2,44.3135478523128,0.35));
#7704=CARTESIAN_POINT('',(-69.2,44.3135478523128,0.35));
#7705=CARTESIAN_POINT('',(-69.2,44.3071289285998,1.41553149728637));
#7706=CARTESIAN_POINT('',(-69.2,44.3071289285998,1.41553149728637));
#7707=CARTESIAN_POINT('',(-64.0203228112698,43.5732623966527,-1.264858506272));
#7708=CARTESIAN_POINT('',(-64.0203228112698,43.5732623966527,-1.264858506272));
#7709=CARTESIAN_POINT('',(-64.0203228112698,43.5732623966527,-1.264858506272));
#7710=CARTESIAN_POINT('',(-63.9046796893388,43.5238701590017,6.934177234302));
#7711=CARTESIAN_POINT('',(-63.9046796893388,-0.0401915801847588,6.67174070413546));
#7712=CARTESIAN_POINT('',(-63.9046796893388,42.2238937471245,6.92634597878515));
#7713=CARTESIAN_POINT('',(-64.0203228112698,42.2732859847755,-1.27268976178885));
#7714=CARTESIAN_POINT('',(-64.0203228112698,42.2732859847755,-1.27268976178885));
#7715=CARTESIAN_POINT('',(-64.0203228112698,43.5732623966527,-1.264858506272));
#7716=CARTESIAN_POINT('',(105.601986220756,22.7731276606777,5.30956106554836));
#7717=CARTESIAN_POINT('',(108.454190866188,19.7987693599699,3.0547231509752));
#7718=CARTESIAN_POINT('',(108.500383818445,22.1983247794511,4.90870617329689));
#7719=CARTESIAN_POINT('',(74.4343391401766,47.5449976329654,10.9073633754937));
#7720=CARTESIAN_POINT('',(54.9923438315889,54.9745155223615,10.6779007191088));
#7721=CARTESIAN_POINT('',(57.1074956296326,55.8779162480821,10.7131760551086));
#7722=CARTESIAN_POINT('',(74.4343391401766,47.5449976329654,10.9073633754937));
#7723=CARTESIAN_POINT('',(72.1578463360833,47.5451910538974,10.8752557972668));
#7724=CARTESIAN_POINT('',(72.1578463360833,41.6173076826354,10.8395453267303));
#7725=CARTESIAN_POINT('',(72.1578463360833,42.2002988824119,10.8430573543393));
#7726=CARTESIAN_POINT('',(2.6161099376966,-86.0826354597974,9.08941154327565));
#7727=CARTESIAN_POINT('',(71.0757846785358,42.2003908191727,10.8277959929796));
#7728=CARTESIAN_POINT('',(74.4343391401766,42.20010546148,10.8751649325663));
#7729=CARTESIAN_POINT('',(-0.0813727350204854,-0.0347550411934361,5.76928356482195));
#7730=CARTESIAN_POINT('',(63.9046796893388,42.2238937471245,6.92634597878515));
#7731=CARTESIAN_POINT('',(59.8340515207662,42.2242396057596,6.86893397549644));
#7732=CARTESIAN_POINT('',(2.52886934009924,-86.1198967188968,5.28750968818654));
#7733=CARTESIAN_POINT('',(56.8267791382681,43.524471528845,6.83435076209986));
#7734=CARTESIAN_POINT('',(73.5113077665047,43.5230539372449,7.0696687947982));
#7735=CARTESIAN_POINT('',(63.9046796893388,43.5238701590017,6.934177234302));
#7736=CARTESIAN_POINT('',(65.8701388293108,43.5731052280741,-1.2387687631382));
#7737=CARTESIAN_POINT('',(65.7147518914689,43.5067380422562,9.77808235356374));
#7738=CARTESIAN_POINT('',(65.8701388293108,43.5731052280741,-1.2387687631382));
#7739=CARTESIAN_POINT('',(65.8701388293108,43.5731052280741,-1.2387687631382));
#7740=CARTESIAN_POINT('',(65.7147518914689,43.5067380422562,9.77808235356374));
#7741=CARTESIAN_POINT('',(62.7695407103345,43.5129600719186,8.74523496686285));
#7742=CARTESIAN_POINT('',(59.807556903364,43.518883239769,7.76199818286868));
#7743=CARTESIAN_POINT('',(56.8267791382681,43.524471528845,6.83435076209988));
#7744=CARTESIAN_POINT('',(65.8701388293108,46.0730598662994,-1.22370865637502));
#7745=CARTESIAN_POINT('',(65.7009049923386,44.9259151483053,10.7684050917889));
#7746=CARTESIAN_POINT('',(65.7055241381434,44.453029211857,10.4380494932096));
#7747=CARTESIAN_POINT('',(65.7101398039691,43.979971791924,10.1079395992036));
#7748=CARTESIAN_POINT('',(65.7147518914689,43.5067380422562,9.77808235356375));
#7749=CARTESIAN_POINT('',(65.7009049923386,44.9259151483053,10.7684050917889));
#7750=CARTESIAN_POINT('',(65.7009049923386,47.5457396642907,10.7841873129173));
#7751=CARTESIAN_POINT('',(65.7009049923386,46.0007785429076,10.7748802322699));
#7752=CARTESIAN_POINT('',(65.8701388293108,46.0730598662994,-1.22370865637503));
#7753=CARTESIAN_POINT('',(65.8701388293108,46.0730598662994,-1.22370865637503));
#7754=CARTESIAN_POINT('',(65.8701388293108,46.0730598662994,-1.22370865637502));
#7755=CARTESIAN_POINT('',(74.4343391401766,47.5449976329654,10.9073633754937));
#7756=CARTESIAN_POINT('',(2.6161099376966,-86.0826354597974,9.08941154327565));
#7757=CARTESIAN_POINT('',(63.4167072053078,46.0009726184892,10.7426639832217));
#7758=CARTESIAN_POINT('',(74.4343391401766,46.0000365115825,10.8980562948463));
#7759=CARTESIAN_POINT('',(64.0203228112698,47.3731934467552,-1.24196714399197));
#7760=CARTESIAN_POINT('',(63.9046796893383,-0.0401915801854417,6.67174070413544));
#7761=CARTESIAN_POINT('',(63.9046796893388,47.3238012091041,6.95706859658203));
#7762=CARTESIAN_POINT('',(63.9046796893388,46.023824797227,6.94923734106517));
#7763=CARTESIAN_POINT('',(64.0203228112698,47.3731934467552,-1.24196714399197));
#7764=CARTESIAN_POINT('',(64.0203228112698,47.3731934467552,-1.24196714399197));
#7765=CARTESIAN_POINT('',(64.0203228112698,47.3731934467552,-1.24196714399197));
#7766=CARTESIAN_POINT('',(64.0203228112698,46.073217034878,-1.24979839950883));
#7767=CARTESIAN_POINT('',(64.0203228112698,46.073217034878,-1.24979839950883));
#7768=CARTESIAN_POINT('',(-64.0203228112698,47.3731934467552,-1.24196714399197));
#7769=CARTESIAN_POINT('',(-63.9046796893383,-0.0401915801854417,6.67174070413544));
#7770=CARTESIAN_POINT('',(-63.9046796893388,46.023824797227,6.94923734106517));
#7771=CARTESIAN_POINT('',(-63.9046796893388,47.3238012091041,6.95706859658203));
#7772=CARTESIAN_POINT('',(-64.0203228112698,46.073217034878,-1.24979839950883));
#7773=CARTESIAN_POINT('',(-64.0203228112698,46.073217034878,-1.24979839950883));
#7774=CARTESIAN_POINT('',(-64.0203228112698,47.3731934467552,-1.24196714399197));
#7775=CARTESIAN_POINT('',(-64.0203228112698,47.3731934467552,-1.24196714399197));
#7776=CARTESIAN_POINT('',(-64.0203228112698,47.3731934467552,-1.24196714399197));
#7777=CARTESIAN_POINT('',(-63.9046796893388,43.5238701590017,6.934177234302));
#7778=CARTESIAN_POINT('',(-65.8701388293108,43.5731052280741,-1.2387687631382));
#7779=CARTESIAN_POINT('',(-65.8701388293108,43.5731052280741,-1.2387687631382));
#7780=CARTESIAN_POINT('',(-65.7147518914689,43.5067380422562,9.77808235356374));
#7781=CARTESIAN_POINT('',(-65.7147518914689,43.5067380422562,9.77808235356374));
#7782=CARTESIAN_POINT('',(-62.7695407103345,43.5129600719186,8.74523496686285));
#7783=CARTESIAN_POINT('',(-59.807556903364,43.518883239769,7.76199818286868));
#7784=CARTESIAN_POINT('',(-56.8267791382681,43.524471528845,6.83435076209988));
#7785=CARTESIAN_POINT('',(-56.8267791382681,43.524471528845,6.83435076209986));
#7786=CARTESIAN_POINT('',(-73.5113077665047,43.5230539372449,7.0696687947982));
#7787=CARTESIAN_POINT('',(-65.8701388293108,43.5731052280741,-1.2387687631382));
#7788=CARTESIAN_POINT('',(0.0813727350204854,-0.0347550411934361,5.76928356482195));
#7789=CARTESIAN_POINT('',(-2.52886934009924,-86.1198967188968,5.28750968818654));
#7790=CARTESIAN_POINT('',(-59.8340515207662,42.2242396057596,6.86893397549644));
#7791=CARTESIAN_POINT('',(-63.9046796893388,42.2238937471245,6.92634597878515));
#7792=CARTESIAN_POINT('',(-74.4343391401766,47.5449976329654,10.9073633754937));
#7793=CARTESIAN_POINT('',(-65.7009049923386,47.5457396642907,10.7841873129173));
#7794=CARTESIAN_POINT('',(-65.7009049923386,46.0007785429076,10.7748802322699));
#7795=CARTESIAN_POINT('',(-65.7009049923386,44.9259151483053,10.7684050917889));
#7796=CARTESIAN_POINT('',(-74.4343391401766,46.0000365115825,10.8980562948463));
#7797=CARTESIAN_POINT('',(-63.4167072053078,46.0009726184892,10.7426639832217));
#7798=CARTESIAN_POINT('',(-2.6161099376966,-86.0826354597974,9.08941154327565));
#7799=CARTESIAN_POINT('',(-65.8701388293108,46.0730598662994,-1.22370865637502));
#7800=CARTESIAN_POINT('',(-65.7009049923386,44.9259151483053,10.7684050917889));
#7801=CARTESIAN_POINT('',(-65.7055241381434,44.453029211857,10.4380494932096));
#7802=CARTESIAN_POINT('',(-65.7101398039691,43.979971791924,10.1079395992036));
#7803=CARTESIAN_POINT('',(-65.7147518914689,43.5067380422562,9.77808235356375));
#7804=CARTESIAN_POINT('',(-65.8701388293108,46.0730598662994,-1.22370865637502));
#7805=CARTESIAN_POINT('',(-65.8701388293108,46.0730598662994,-1.22370865637503));
#7806=CARTESIAN_POINT('',(-65.8701388293108,46.0730598662994,-1.22370865637503));
#7807=CARTESIAN_POINT('',(-74.4343391401766,47.5449976329654,10.9073633754937));
#7808=CARTESIAN_POINT('',(-72.1578463360833,47.5451910538974,10.8752557972668));
#7809=CARTESIAN_POINT('',(-72.1578463360833,42.2002988824119,10.8430573543393));
#7810=CARTESIAN_POINT('',(-72.1578463360833,41.6173076826354,10.8395453267303));
#7811=CARTESIAN_POINT('',(-74.4343391401766,42.20010546148,10.8751649325663));
#7812=CARTESIAN_POINT('',(-71.0757846785358,42.2003908191727,10.8277959929796));
#7813=CARTESIAN_POINT('',(-2.6161099376966,-86.0826354597974,9.08941154327565));
#7814=CARTESIAN_POINT('',(-74.4343391401766,47.5449976329654,10.9073633754937));
#7815=CARTESIAN_POINT('',(-54.9923438315889,54.9745155223615,10.6779007191088));
#7816=CARTESIAN_POINT('',(-57.1074956296326,55.8779162480821,10.7131760551086));
#7817=CARTESIAN_POINT('',(-105.601986220756,22.7731276606777,5.30956106554836));
#7818=CARTESIAN_POINT('',(-108.454190866188,19.7987693599699,3.0547231509752));
#7819=CARTESIAN_POINT('',(-108.500383818445,22.1983247794511,4.90870617329689));
#7820=CARTESIAN_POINT('',(69.2,44.3071289285998,1.41553149728637));
#7821=CARTESIAN_POINT('',(69.2,44.3071289285998,1.41553149728637));
#7822=CARTESIAN_POINT('',(67.0828893577893,44.3071289285998,1.41553149728637));
#7823=CARTESIAN_POINT('',(69.2,43.2071089690568,1.41553149728637));
#7824=CARTESIAN_POINT('',(67.0827958952115,43.2071089690568,1.41553149728637));
#7825=CARTESIAN_POINT('',(67.0828269831237,43.5730021927065,1.41553149728637));
#7826=CARTESIAN_POINT('',(69.2,44.3135478523128,0.35));
#7827=CARTESIAN_POINT('',(69.2,44.3135478523128,0.35));
#7828=CARTESIAN_POINT('',(67.0979181237028,44.3135478523128,0.35));
#7829=CARTESIAN_POINT('',(67.1200145171764,44.3229854245562,-1.21662252628911));
#7830=CARTESIAN_POINT('',(69.2,45.3135659973519,0.35));
#7831=CARTESIAN_POINT('',(69.2,45.3135659973519,0.35));
#7832=CARTESIAN_POINT('',(67.0980030896826,45.3135659973519,0.35));
#7833=CARTESIAN_POINT('',(67.0978552035485,43.5730009158422,0.35));
#7834=CARTESIAN_POINT('',(69.2,45.3071470736389,1.41553149728637));
#7835=CARTESIAN_POINT('',(69.2,45.3071470736389,1.41553149728637));
#7836=CARTESIAN_POINT('',(67.0829743237691,45.3071470736389,1.41553149728637));
#7837=CARTESIAN_POINT('',(67.1200145171764,45.3229672798463,-1.21059848358384));
#7838=CARTESIAN_POINT('',(69.2,46.4071670331819,1.41553149728637));
#7839=CARTESIAN_POINT('',(69.2,46.4071670331819,1.41553149728636));
#7840=CARTESIAN_POINT('',(67.0830677863469,46.4071670331819,1.41553149728637));
#7841=CARTESIAN_POINT('',(67.0828269831237,43.5730021927065,1.41553149728637));
#7842=CARTESIAN_POINT('',(69.2,46.4011428811702,2.41553149728637));
#7843=CARTESIAN_POINT('',(69.2,46.4011428811702,2.41553149728637));
#7844=CARTESIAN_POINT('',(67.0689633080167,46.4011428811702,2.41553149728637));
#7845=CARTESIAN_POINT('',(67.1200145171764,46.4229473206655,-1.20397203660805));
#7846=CARTESIAN_POINT('',(69.2,45.3011229216272,2.41553149728637));
#7847=CARTESIAN_POINT('',(69.2,45.3011229216272,2.41553149728637));
#7848=CARTESIAN_POINT('',(67.0688698454389,45.3011229216272,2.41553149728637));
#7849=CARTESIAN_POINT('',(67.068723016734,43.5730033910421,2.41553149728637));
#7850=CARTESIAN_POINT('',(69.2,45.2944963544142,3.51553149728637));
#7851=CARTESIAN_POINT('',(69.2,45.2944963544142,3.51553149728637));
#7852=CARTESIAN_POINT('',(67.0533549192758,45.2944963544142,3.51553149728636));
#7853=CARTESIAN_POINT('',(67.1200145171764,45.3229672798463,-1.21059848358383));
#7854=CARTESIAN_POINT('',(69.2,44.2944782093751,3.51553149728637));
#7855=CARTESIAN_POINT('',(69.2,44.2944782093751,3.51553149728637));
#7856=CARTESIAN_POINT('',(67.053269953296,44.2944782093751,3.51553149728637));
#7857=CARTESIAN_POINT('',(67.0532086537054,43.5730047092113,3.51553149728637));
#7858=CARTESIAN_POINT('',(69.2,44.3011047765881,2.41553149728637));
#7859=CARTESIAN_POINT('',(69.2,44.3011047765881,2.41553149728637));
#7860=CARTESIAN_POINT('',(67.0687848794591,44.3011047765881,2.41553149728637));
#7861=CARTESIAN_POINT('',(67.1200145171764,44.3229854245562,-1.2166225262891));
#7862=CARTESIAN_POINT('',(69.2,43.201084817045,2.41553149728637));
#7863=CARTESIAN_POINT('',(69.2,43.201084817045,2.41553149728637));
#7864=CARTESIAN_POINT('',(67.0686914168814,43.201084817045,2.41553149728637));
#7865=CARTESIAN_POINT('',(67.068723016734,43.5730033910421,2.41553149728637));
#7866=CARTESIAN_POINT('',(69.2,43.2071089690568,1.41553149728637));
#7867=CARTESIAN_POINT('',(67.1200145171764,43.2230053837371,-1.22324897326491));
#7868=CARTESIAN_POINT('',(0.0342703869105131,0.0146371964576295,-2.42975217575207));
#7869=CARTESIAN_POINT('',(67.1200145171764,46.0729536713139,-1.20608045155489));
#7870=CARTESIAN_POINT('',(67.1200145171764,47.3729300831911,-1.19824919603804));
#7871=CARTESIAN_POINT('',(67.1200145171764,42.2730226212114,-1.22897181383491));
#7872=CARTESIAN_POINT('',(64.0203228112698,42.2732859847755,-1.27268976178885));
#7873=CARTESIAN_POINT('',(64.0203228112698,46.073217034878,-1.24979839950883));
#7874=CARTESIAN_POINT('',(67.1200145171764,47.3729300831911,-1.19824919603804));
#7875=CARTESIAN_POINT('',(55.5555100943967,42.2246031296279,6.80858957058663));
#7876=CARTESIAN_POINT('',(63.9046796893388,42.2238937471245,6.92634597878515));
#7877=CARTESIAN_POINT('',(72.2114370511245,42.2231879681527,7.04350420626841));
#7878=CARTESIAN_POINT('',(67.0043713952454,42.2236303835604,6.97006392673909));
#7879=CARTESIAN_POINT('',(72.2114370511245,42.2231879681527,7.04350420626841));
#7880=CARTESIAN_POINT('',(59.8340515207662,42.2242396057596,6.86893397549646));
#7881=CARTESIAN_POINT('',(63.6103736398117,42.2167871656343,8.10602761303953));
#7882=CARTESIAN_POINT('',(67.3562055716477,42.2088134207268,9.42965704534119));
#7883=CARTESIAN_POINT('',(71.0757846785358,42.2003908191727,10.8277959929796));
#7884=CARTESIAN_POINT('',(67.1200145171764,42.2730226212114,-1.22897181383491));
#7885=CARTESIAN_POINT('',(-69.2,43.201084817045,2.41553149728637));
#7886=CARTESIAN_POINT('',(-69.2,43.201084817045,2.41553149728637));
#7887=CARTESIAN_POINT('',(-67.0686914168814,43.201084817045,2.41553149728637));
#7888=CARTESIAN_POINT('',(-67.068723016734,43.5730033910421,2.41553149728637));
#7889=CARTESIAN_POINT('',(-67.0687848794591,44.3011047765881,2.41553149728637));
#7890=CARTESIAN_POINT('',(-69.2,44.3011047765881,2.41553149728637));
#7891=CARTESIAN_POINT('',(-69.2,44.3011047765881,2.41553149728637));
#7892=CARTESIAN_POINT('',(-67.1200145171764,44.3229854245562,-1.2166225262891));
#7893=CARTESIAN_POINT('',(-67.053269953296,44.2944782093751,3.51553149728637));
#7894=CARTESIAN_POINT('',(-69.2,44.2944782093751,3.51553149728637));
#7895=CARTESIAN_POINT('',(-69.2,44.2944782093751,3.51553149728637));
#7896=CARTESIAN_POINT('',(-67.0532086537054,43.5730047092113,3.51553149728637));
#7897=CARTESIAN_POINT('',(-67.0533549192758,45.2944963544142,3.51553149728636));
#7898=CARTESIAN_POINT('',(-69.2,45.2944963544142,3.51553149728637));
#7899=CARTESIAN_POINT('',(-69.2,45.2944963544142,3.51553149728637));
#7900=CARTESIAN_POINT('',(-67.1200145171764,45.3229672798463,-1.21059848358383));
#7901=CARTESIAN_POINT('',(-67.0688698454389,45.3011229216272,2.41553149728637));
#7902=CARTESIAN_POINT('',(-69.2,45.3011229216272,2.41553149728637));
#7903=CARTESIAN_POINT('',(-69.2,45.3011229216272,2.41553149728637));
#7904=CARTESIAN_POINT('',(-67.068723016734,43.5730033910421,2.41553149728637));
#7905=CARTESIAN_POINT('',(-67.0689633080167,46.4011428811702,2.41553149728637));
#7906=CARTESIAN_POINT('',(-69.2,46.4011428811702,2.41553149728637));
#7907=CARTESIAN_POINT('',(-69.2,46.4011428811702,2.41553149728637));
#7908=CARTESIAN_POINT('',(-67.1200145171764,46.4229473206655,-1.20397203660805));
#7909=CARTESIAN_POINT('',(-67.0830677863469,46.4071670331819,1.41553149728637));
#7910=CARTESIAN_POINT('',(-69.2,46.4071670331819,1.41553149728636));
#7911=CARTESIAN_POINT('',(-69.2,46.4071670331819,1.41553149728637));
#7912=CARTESIAN_POINT('',(-67.0828269831237,43.5730021927065,1.41553149728637));
#7913=CARTESIAN_POINT('',(-67.0829743237691,45.3071470736389,1.41553149728637));
#7914=CARTESIAN_POINT('',(-69.2,45.3071470736389,1.41553149728637));
#7915=CARTESIAN_POINT('',(-69.2,45.3071470736389,1.41553149728637));
#7916=CARTESIAN_POINT('',(-67.1200145171764,45.3229672798463,-1.21059848358384));
#7917=CARTESIAN_POINT('',(-67.0980030896826,45.3135659973519,0.35));
#7918=CARTESIAN_POINT('',(-69.2,45.3135659973519,0.35));
#7919=CARTESIAN_POINT('',(-69.2,45.3135659973519,0.35));
#7920=CARTESIAN_POINT('',(-67.0978552035485,43.5730009158422,0.35));
#7921=CARTESIAN_POINT('',(-67.0979181237028,44.3135478523128,0.35));
#7922=CARTESIAN_POINT('',(-69.2,44.3135478523128,0.35));
#7923=CARTESIAN_POINT('',(-69.2,44.3135478523128,0.35));
#7924=CARTESIAN_POINT('',(-67.1200145171764,44.3229854245562,-1.21662252628911));
#7925=CARTESIAN_POINT('',(-67.0828893577893,44.3071289285998,1.41553149728637));
#7926=CARTESIAN_POINT('',(-69.2,44.3071289285998,1.41553149728637));
#7927=CARTESIAN_POINT('',(-69.2,44.3071289285998,1.41553149728637));
#7928=CARTESIAN_POINT('',(-67.0828269831237,43.5730021927065,1.41553149728637));
#7929=CARTESIAN_POINT('',(-67.0827958952115,43.2071089690568,1.41553149728637));
#7930=CARTESIAN_POINT('',(-69.2,43.2071089690568,1.41553149728637));
#7931=CARTESIAN_POINT('',(-69.2,43.2071089690568,1.41553149728637));
#7932=CARTESIAN_POINT('',(-67.1200145171764,43.2230053837371,-1.22324897326491));
#7933=CARTESIAN_POINT('',(-0.0342703869105131,0.0146371964576295,-2.42975217575207));
#7934=CARTESIAN_POINT('',(-67.1200145171764,46.0729536713139,-1.20608045155489));
#7935=CARTESIAN_POINT('',(-67.1200145171764,42.2730226212114,-1.22897181383491));
#7936=CARTESIAN_POINT('',(-67.1200145171764,47.3729300831911,-1.19824919603804));
#7937=CARTESIAN_POINT('',(-67.1200145171764,47.3729300831911,-1.19824919603804));
#7938=CARTESIAN_POINT('',(-64.0203228112698,46.073217034878,-1.24979839950883));
#7939=CARTESIAN_POINT('',(-64.0203228112698,42.2732859847755,-1.27268976178885));
#7940=CARTESIAN_POINT('',(-55.5555100943967,42.2246031296279,6.80858957058663));
#7941=CARTESIAN_POINT('',(-63.9046796893388,42.2238937471245,6.92634597878515));
#7942=CARTESIAN_POINT('',(-67.0043713952454,42.2236303835604,6.97006392673909));
#7943=CARTESIAN_POINT('',(-72.2114370511245,42.2231879681527,7.04350420626841));
#7944=CARTESIAN_POINT('',(-67.1200145171764,42.2730226212114,-1.22897181383491));
#7945=CARTESIAN_POINT('',(-59.8340515207662,42.2242396057596,6.86893397549646));
#7946=CARTESIAN_POINT('',(-63.6103736398117,42.2167871656343,8.10602761303953));
#7947=CARTESIAN_POINT('',(-67.3562055716477,42.2088134207268,9.42965704534119));
#7948=CARTESIAN_POINT('',(-71.0757846785358,42.2003908191727,10.8277959929796));
#7949=CARTESIAN_POINT('',(-72.2114370511245,42.2231879681527,7.04350420626841));
#7950=CARTESIAN_POINT('',(108.454190866188,19.7987693599699,-2.82909931964973));
#7951=CARTESIAN_POINT('',(108.454190866188,19.7987693599699,-2.82909931964973));
#7952=CARTESIAN_POINT('',(110.854190866188,19.7987693599699,-2.82909931964973));
#7953=CARTESIAN_POINT('',(54.9923438315889,54.9745155223615,-3.02331568553128));
#7954=CARTESIAN_POINT('',(54.9923438315889,54.9745155223615,-3.02331568553128));
#7955=CARTESIAN_POINT('',(57.2923438315889,54.9745155223615,-3.02331568553128));
#7956=CARTESIAN_POINT('',(-0.0813727350204854,-0.0347550411934361,5.76928356482195));
#7957=CARTESIAN_POINT('',(67.0043713952452,-0.0404549437492472,6.71545865208939));
#7958=CARTESIAN_POINT('',(67.0043713952454,43.5236067954375,6.97789518225594));
#7959=CARTESIAN_POINT('',(73.5113077665047,43.5230539372449,7.0696687947982));
#7960=CARTESIAN_POINT('',(73.5113077665047,43.5230539372449,7.0696687947982));
#7961=CARTESIAN_POINT('',(73.5113077665047,39.9731183509649,7.04828344319449));
#7962=CARTESIAN_POINT('',(73.5113077665047,40.4598130542711,7.05121536607053));
#7963=CARTESIAN_POINT('',(73.2070459721818,39.5070459721816,7.04118429845151));
#7964=CARTESIAN_POINT('',(73.2071747200956,40.5071366431595,7.04721081260118));
#7965=CARTESIAN_POINT('',(74.0574739326985,40.5072413102215,7.05920446994977));
#7966=CARTESIAN_POINT('',(72.2114370511245,40.5070140734396,7.03316571384804));
#7967=CARTESIAN_POINT('',(72.2114370511245,42.2231879681527,7.04350420626841));
#7968=CARTESIAN_POINT('',(72.2114370511245,42.2231879681527,7.04350420626841));
#7969=CARTESIAN_POINT('',(72.1578463360833,41.6173076826354,10.8395453267303));
#7970=CARTESIAN_POINT('',(72.1612801993194,41.256259596719,10.5939024087628));
#7971=CARTESIAN_POINT('',(72.1647115921646,40.8950929969768,10.3484339326096));
#7972=CARTESIAN_POINT('',(72.1681404621153,40.5338053646224,10.1031436057008));
#7973=CARTESIAN_POINT('',(72.1681404621153,40.5338053646224,10.1031436057008));
#7974=CARTESIAN_POINT('',(72.3039429118246,40.4497728101705,0.473966624144929));
#7975=CARTESIAN_POINT('',(-5.33738259979614E-15,-87.2,12.5793318608125));
#7976=CARTESIAN_POINT('',(72.1681404621153,40.5338053646224,10.1031436057008));
#7977=CARTESIAN_POINT('',(67.0459025530887,40.5164627356755,8.11587516497945));
#7978=CARTESIAN_POINT('',(61.8736275987951,40.5003397863927,6.26836817056307));
#7979=CARTESIAN_POINT('',(56.6393909642627,40.4857271861112,4.59393002942205));
#7980=CARTESIAN_POINT('',(56.6393909642627,40.4857271861112,4.59393002942205));
#7981=CARTESIAN_POINT('',(56.1411764702969,40.9874746152095,4.79634716333825));
#7982=CARTESIAN_POINT('',(56.1397273590613,40.7568882896851,4.63029546296294));
#7983=CARTESIAN_POINT('',(56.3670159318369,40.4849667872691,4.50679695256041));
#7984=CARTESIAN_POINT('',(56.6393909642627,40.4857271861111,4.59393002942197));
#7985=CARTESIAN_POINT('',(56.1411764702969,40.9874746152095,4.79634716333825));
#7986=CARTESIAN_POINT('',(56.1411764702969,40.9874746152095,4.79634716333825));
#7987=CARTESIAN_POINT('',(56.1517187719622,42.6649929063049,6.00437528041575));
#7988=CARTESIAN_POINT('',(56.1622823239512,44.3407498810823,7.21483844340374));
#7989=CARTESIAN_POINT('',(56.1728650269224,46.014919541801,8.42749609160025));
#7990=CARTESIAN_POINT('',(56.1728650269224,46.014919541801,8.42749609160024));
#7991=CARTESIAN_POINT('',(56.1728650269224,46.014919541801,8.42749609160024));
#7992=CARTESIAN_POINT('',(58.5989854207149,46.0104867353771,9.16333516327337));
#7993=CARTESIAN_POINT('',(61.0132647342015,46.0058314721105,9.93610172983711));
#7994=CARTESIAN_POINT('',(63.4167072053078,46.0009726184892,10.7426639832217));
#7995=CARTESIAN_POINT('',(67.0043713952454,46.0235614336628,6.99295528901911));
#7996=CARTESIAN_POINT('',(56.1039702376662,46.0624775767396,0.532935189789816));
#7997=CARTESIAN_POINT('',(56.1590110946258,46.0244829036069,6.83999269075145));
#7998=CARTESIAN_POINT('',(55.5555100943967,46.0245341797303,6.83148093286666));
#7999=CARTESIAN_POINT('',(-0.0813727350204809,-0.0347550411934362,5.76928356482198));
#8000=CARTESIAN_POINT('',(56.1587159988586,40.4119977965088,6.8061780651307));
#8001=CARTESIAN_POINT('',(56.1590794453702,47.3244593096767,6.84782491028491));
#8002=CARTESIAN_POINT('',(72.2114370511245,47.3230954301323,7.07422682406528));
#8003=CARTESIAN_POINT('',(63.9046796893388,47.3238012091041,6.95706859658203));
#8004=CARTESIAN_POINT('',(56.1040385747935,47.3624539922093,0.540765848959233));
#8005=CARTESIAN_POINT('',(56.1810527380026,47.3092911579194,9.36571485192813));
#8006=CARTESIAN_POINT('',(60.5071175417621,47.3011962420172,10.70945848362));
#8007=CARTESIAN_POINT('',(59.0690433959697,47.3039707776274,10.2488898252039));
#8008=CARTESIAN_POINT('',(57.6270901204235,47.3066704023831,9.80075625380164));
#8009=CARTESIAN_POINT('',(56.1810527380026,47.3092911579194,9.36571485192812));
#8010=CARTESIAN_POINT('',(60.5071175417621,47.3011962420172,10.70945848362));
#8011=CARTESIAN_POINT('',(74.4343391401766,47.3000129234596,10.9058875503631));
#8012=CARTESIAN_POINT('',(72.1578463360833,47.3002063443916,10.8737799721362));
#8013=CARTESIAN_POINT('',(72.2114370511245,47.3230954301323,7.07422682406528));
#8014=CARTESIAN_POINT('',(72.2114370511245,47.3230954301323,7.07422682406528));
#8015=CARTESIAN_POINT('',(72.2114370511245,47.3230954301323,7.07422682406528));
#8016=CARTESIAN_POINT('',(67.0043713952454,47.32353784554,7.00078654453597));
#8017=CARTESIAN_POINT('',(67.1200145171764,47.3729300831911,-1.19824919603804));
#8018=CARTESIAN_POINT('',(-5.33738259979614E-15,-87.2,12.5793318608125));
#8019=CARTESIAN_POINT('',(56.1810527380026,47.3092911579194,9.36571485192812));
#8020=CARTESIAN_POINT('',(56.1834925007124,47.6947166244673,9.64528396747791));
#8021=CARTESIAN_POINT('',(56.1859332542617,48.0800599660588,9.92496662199682));
#8022=CARTESIAN_POINT('',(56.1883749758636,48.4653230713848,10.2047602043419));
#8023=CARTESIAN_POINT('',(56.1883749758636,48.4653230713848,10.2047602043419));
#8024=CARTESIAN_POINT('',(56.5621361631547,48.9440428046416,10.6637133366779));
#8025=CARTESIAN_POINT('',(56.3271694335657,48.8819401527971,10.548073625402));
#8026=CARTESIAN_POINT('',(56.1897508414179,48.6824117991004,10.3624187809733));
#8027=CARTESIAN_POINT('',(56.1883749758636,48.4653230713848,10.2047602043419));
#8028=CARTESIAN_POINT('',(56.5621361631547,48.9440428046416,10.6637133366779));
#8029=CARTESIAN_POINT('',(2.6161099376966,-86.0826354597974,9.08941154327565));
#8030=CARTESIAN_POINT('',(74.4343391401766,47.5449976329654,10.9073633754937));
#8031=CARTESIAN_POINT('',(72.1578463360833,47.5451910538974,10.8752557972668));
#8032=CARTESIAN_POINT('',(72.1578463360833,48.9593783598989,10.8837750765712));
#8033=CARTESIAN_POINT('',(56.6923898917084,48.4612891170721,10.6626423159716));
#8034=CARTESIAN_POINT('',(56.6923780982042,48.9612818721084,10.6656541819914));
#8035=CARTESIAN_POINT('',(74.4343930326945,48.9590981592373,10.9158828921498));
#8036=CARTESIAN_POINT('',(72.2114370511245,49.6230536972996,7.08808212228739));
#8037=CARTESIAN_POINT('',(72.2114370511245,49.6230536972996,7.08808212228739));
#8038=CARTESIAN_POINT('',(72.2114370511245,48.9925360180469,7.08428378794148));
#8039=CARTESIAN_POINT('',(72.304685843619,49.050230929971,0.473101711237055));
#8040=CARTESIAN_POINT('',(-0.0813727350204809,-0.0347550411934362,5.76928356482198));
#8041=CARTESIAN_POINT('',(74.0567505238801,48.9923088941945,7.11030960360167));
#8042=CARTESIAN_POINT('',(73.207620862795,48.9924134063019,7.09833370229423));
#8043=CARTESIAN_POINT('',(73.2075972757866,49.9923989163745,7.10435743433402));
#8044=CARTESIAN_POINT('',(73.5113077665047,49.0395882162615,7.10290123587307));
#8045=CARTESIAN_POINT('',(73.5113077665047,46.0230085754702,7.08472890156137));
#8046=CARTESIAN_POINT('',(73.5113077665047,46.0230085754702,7.08472890156137));
#8047=CARTESIAN_POINT('',(55.5555100943967,46.0245341797303,6.83148093286666));
#8048=CARTESIAN_POINT('',(67.0043713952454,46.0235614336628,6.99295528901912));
#8049=CARTESIAN_POINT('',(67.0043713952452,-0.0404549437492471,6.71545865208939));
#8050=CARTESIAN_POINT('',(0.0813727350204809,-0.0347550411934362,5.76928356482198));
#8051=CARTESIAN_POINT('',(-55.5555100943967,46.0245341797303,6.83148093286666));
#8052=CARTESIAN_POINT('',(-56.1590110946258,46.0244829036069,6.83999269075145));
#8053=CARTESIAN_POINT('',(-72.2114370511245,47.3230954301323,7.07422682406528));
#8054=CARTESIAN_POINT('',(-56.1590794453702,47.3244593096767,6.84782491028491));
#8055=CARTESIAN_POINT('',(-56.1587159988586,40.4119977965088,6.8061780651307));
#8056=CARTESIAN_POINT('',(-67.0043713952454,46.0235614336628,6.99295528901911));
#8057=CARTESIAN_POINT('',(-56.1039702376662,46.0624775767396,0.532935189789816));
#8058=CARTESIAN_POINT('',(-56.1728650269224,46.014919541801,8.42749609160024));
#8059=CARTESIAN_POINT('',(-56.1728650269224,46.014919541801,8.42749609160024));
#8060=CARTESIAN_POINT('',(-58.5989854207149,46.0104867353771,9.16333516327337));
#8061=CARTESIAN_POINT('',(-61.0132647342015,46.0058314721105,9.93610172983711));
#8062=CARTESIAN_POINT('',(-63.4167072053078,46.0009726184892,10.7426639832217));
#8063=CARTESIAN_POINT('',(5.33738259979614E-15,-87.2,12.5793318608125));
#8064=CARTESIAN_POINT('',(-60.5071175417621,47.3011962420172,10.70945848362));
#8065=CARTESIAN_POINT('',(-59.0690433959697,47.3039707776274,10.2488898252039));
#8066=CARTESIAN_POINT('',(-57.6270901204235,47.3066704023831,9.80075625380164));
#8067=CARTESIAN_POINT('',(-56.1810527380026,47.3092911579194,9.36571485192812));
#8068=CARTESIAN_POINT('',(-60.5071175417621,47.3011962420172,10.70945848362));
#8069=CARTESIAN_POINT('',(-56.1810527380026,47.3092911579194,9.36571485192813));
#8070=CARTESIAN_POINT('',(-2.6161099376966,-86.0826354597974,9.08941154327565));
#8071=CARTESIAN_POINT('',(-56.5621361631547,48.9440428046416,10.6637133366779));
#8072=CARTESIAN_POINT('',(-56.5621361631547,48.9440428046416,10.6637133366779));
#8073=CARTESIAN_POINT('',(-56.3271694335657,48.8819401527971,10.548073625402));
#8074=CARTESIAN_POINT('',(-56.1897508414179,48.6824117991004,10.3624187809733));
#8075=CARTESIAN_POINT('',(-56.1883749758636,48.4653230713848,10.2047602043419));
#8076=CARTESIAN_POINT('',(-56.1883749758636,48.4653230713848,10.2047602043419));
#8077=CARTESIAN_POINT('',(-56.1810527380026,47.3092911579194,9.36571485192812));
#8078=CARTESIAN_POINT('',(-56.1834925007124,47.6947166244673,9.64528396747791));
#8079=CARTESIAN_POINT('',(-56.1859332542617,48.0800599660588,9.92496662199682));
#8080=CARTESIAN_POINT('',(-56.1883749758636,48.4653230713848,10.2047602043419));
#8081=CARTESIAN_POINT('',(-63.9046796893388,47.3238012091041,6.95706859658203));
#8082=CARTESIAN_POINT('',(-67.1200145171764,47.3729300831911,-1.19824919603804));
#8083=CARTESIAN_POINT('',(-67.0043713952454,47.32353784554,7.00078654453597));
#8084=CARTESIAN_POINT('',(-72.2114370511245,47.3230954301323,7.07422682406528));
#8085=CARTESIAN_POINT('',(-72.2114370511245,47.3230954301323,7.07422682406528));
#8086=CARTESIAN_POINT('',(-72.2114370511245,47.3230954301323,7.07422682406528));
#8087=CARTESIAN_POINT('',(-72.1578463360833,47.3002063443916,10.8737799721362));
#8088=CARTESIAN_POINT('',(-74.4343391401766,47.3000129234596,10.9058875503631));
#8089=CARTESIAN_POINT('',(-56.1040385747935,47.3624539922093,0.540765848959233));
#8090=CARTESIAN_POINT('',(5.33738259979614E-15,-87.2,12.5793318608125));
#8091=CARTESIAN_POINT('',(-56.1411764702969,40.9874746152095,4.79634716333825));
#8092=CARTESIAN_POINT('',(-56.1517187719622,42.6649929063049,6.00437528041575));
#8093=CARTESIAN_POINT('',(-56.1622823239512,44.3407498810823,7.21483844340374));
#8094=CARTESIAN_POINT('',(-56.1728650269224,46.014919541801,8.42749609160025));
#8095=CARTESIAN_POINT('',(-56.1411764702969,40.9874746152095,4.79634716333825));
#8096=CARTESIAN_POINT('',(-56.1411764702969,40.9874746152095,4.79634716333825));
#8097=CARTESIAN_POINT('',(-56.1397273590613,40.7568882896851,4.63029546296294));
#8098=CARTESIAN_POINT('',(-56.3670159318369,40.4849667872691,4.50679695256041));
#8099=CARTESIAN_POINT('',(-56.6393909642627,40.4857271861111,4.59393002942197));
#8100=CARTESIAN_POINT('',(-56.6393909642627,40.4857271861112,4.59393002942205));
#8101=CARTESIAN_POINT('',(-72.1681404621153,40.5338053646224,10.1031436057008));
#8102=CARTESIAN_POINT('',(-67.0459025530887,40.5164627356755,8.11587516497945));
#8103=CARTESIAN_POINT('',(-61.8736275987951,40.5003397863927,6.26836817056307));
#8104=CARTESIAN_POINT('',(-56.6393909642627,40.4857271861112,4.59393002942205));
#8105=CARTESIAN_POINT('',(-72.1681404621153,40.5338053646224,10.1031436057008));
#8106=CARTESIAN_POINT('',(-72.1578463360833,41.6173076826354,10.8395453267303));
#8107=CARTESIAN_POINT('',(-72.1612801993194,41.256259596719,10.5939024087628));
#8108=CARTESIAN_POINT('',(-72.1647115921646,40.8950929969768,10.3484339326096));
#8109=CARTESIAN_POINT('',(-72.1681404621153,40.5338053646224,10.1031436057008));
#8110=CARTESIAN_POINT('',(-72.2114370511245,42.2231879681527,7.04350420626841));
#8111=CARTESIAN_POINT('',(-72.3039429118246,40.4497728101705,0.473966624144929));
#8112=CARTESIAN_POINT('',(-72.2114370511245,40.5070140734396,7.03316571384804));
#8113=CARTESIAN_POINT('',(-72.2114370511245,42.2231879681527,7.04350420626841));
#8114=CARTESIAN_POINT('',(0.0813727350204854,-0.0347550411934361,5.76928356482195));
#8115=CARTESIAN_POINT('',(-67.0043713952452,-0.0404549437492472,6.71545865208939));
#8116=CARTESIAN_POINT('',(-67.0043713952454,43.5236067954375,6.97789518225594));
#8117=CARTESIAN_POINT('',(-74.0574739326985,40.5072413102215,7.05920446994977));
#8118=CARTESIAN_POINT('',(-73.2071747200956,40.5071366431595,7.04721081260118));
#8119=CARTESIAN_POINT('',(-73.2070459721818,39.5070459721816,7.04118429845151));
#8120=CARTESIAN_POINT('',(-73.5113077665047,40.4598130542711,7.05121536607053));
#8121=CARTESIAN_POINT('',(-73.5113077665047,39.9731183509649,7.04828344319449));
#8122=CARTESIAN_POINT('',(-73.5113077665047,43.5230539372449,7.0696687947982));
#8123=CARTESIAN_POINT('',(-73.5113077665047,43.5230539372449,7.0696687947982));
#8124=CARTESIAN_POINT('',(-74.4343391401766,47.5449976329654,10.9073633754937));
#8125=CARTESIAN_POINT('',(-72.1578463360833,47.5451910538974,10.8752557972668));
#8126=CARTESIAN_POINT('',(-72.1578463360833,48.9593783598989,10.8837750765712));
#8127=CARTESIAN_POINT('',(-74.4343930326945,48.9590981592373,10.9158828921498));
#8128=CARTESIAN_POINT('',(-56.6923780982042,48.9612818721084,10.6656541819914));
#8129=CARTESIAN_POINT('',(-56.6923898917084,48.4612891170721,10.6626423159716));
#8130=CARTESIAN_POINT('',(0.0813727350204809,-0.0347550411934362,5.76928356482198));
#8131=CARTESIAN_POINT('',(-67.0043713952452,-0.0404549437492471,6.71545865208939));
#8132=CARTESIAN_POINT('',(-67.0043713952454,46.0235614336628,6.99295528901912));
#8133=CARTESIAN_POINT('',(-55.5555100943967,46.0245341797303,6.83148093286666));
#8134=CARTESIAN_POINT('',(-73.5113077665047,46.0230085754702,7.08472890156137));
#8135=CARTESIAN_POINT('',(-73.5113077665047,46.0230085754702,7.08472890156137));
#8136=CARTESIAN_POINT('',(-73.5113077665047,49.0395882162615,7.10290123587307));
#8137=CARTESIAN_POINT('',(-73.2075972757866,49.9923989163745,7.10435743433402));
#8138=CARTESIAN_POINT('',(-73.207620862795,48.9924134063019,7.09833370229423));
#8139=CARTESIAN_POINT('',(-74.0567505238801,48.9923088941945,7.11030960360167));
#8140=CARTESIAN_POINT('',(-72.2114370511245,48.9925360180469,7.08428378794148));
#8141=CARTESIAN_POINT('',(-72.2114370511245,49.6230536972996,7.08808212228739));
#8142=CARTESIAN_POINT('',(-72.2114370511245,49.6230536972996,7.08808212228739));
#8143=CARTESIAN_POINT('',(-72.304685843619,49.050230929971,0.473101711237055));
#8144=CARTESIAN_POINT('',(-54.9923438315889,54.9745155223615,-3.02331568553128));
#8145=CARTESIAN_POINT('',(-54.9923438315889,54.9745155223615,-3.02331568553128));
#8146=CARTESIAN_POINT('',(-57.2923438315889,54.9745155223615,-3.02331568553128));
#8147=CARTESIAN_POINT('',(-108.454190866188,19.7987693599699,-2.82909931964973));
#8148=CARTESIAN_POINT('',(-108.454190866188,19.7987693599699,-2.82909931964973));
#8149=CARTESIAN_POINT('',(-110.854190866188,19.7987693599699,-2.82909931964973));
#8150=CARTESIAN_POINT('',(-5.33738259979614E-15,-87.2,12.5793318608125));
#8151=CARTESIAN_POINT('',(66.9586770355755,43.5040903154736,10.2176009409769));
#8152=CARTESIAN_POINT('',(66.9560461179684,43.7751107512339,10.4057710353786));
#8153=CARTESIAN_POINT('',(66.953413993162,44.0460720228818,10.5940263662578));
#8154=CARTESIAN_POINT('',(66.9507806802042,44.3169750639392,10.7823655887095));
#8155=CARTESIAN_POINT('',(66.9507806802042,44.3169750639392,10.7823655887095));
#8156=CARTESIAN_POINT('',(66.9586770355755,43.5040903154736,10.2176009409769));
#8157=CARTESIAN_POINT('',(2.6161099376966,-86.0826354597974,9.08941154327565));
#8158=CARTESIAN_POINT('',(68.58048525592,43.5005792427632,10.8004336290537));
#8159=CARTESIAN_POINT('',(68.58048525592,43.5005792427632,10.8004336290537));
#8160=CARTESIAN_POINT('',(68.0404341101837,43.5017594288776,10.6045245430784));
#8161=CARTESIAN_POINT('',(67.499835287004,43.5029298562414,10.4102353947516));
#8162=CARTESIAN_POINT('',(66.9586770355755,43.5040903154736,10.2176009409769));
#8163=CARTESIAN_POINT('',(63.9046796893388,43.5238701590017,6.934177234302));
#8164=CARTESIAN_POINT('',(67.0043713952454,43.5236067954375,6.97789518225595));
#8165=CARTESIAN_POINT('',(74.4343391401766,43.5000818733571,10.8829961880831));
#8166=CARTESIAN_POINT('',(73.4577170514635,43.5001648515042,10.8692219428691));
#8167=CARTESIAN_POINT('',(73.5113077665047,43.5230539372449,7.0696687947982));
#8168=CARTESIAN_POINT('',(73.5113077665047,39.9731183509649,7.04828344319449));
#8169=CARTESIAN_POINT('',(73.3233740432953,39.623374043295,20.3710609394888));
#8170=CARTESIAN_POINT('',(73.4613872305107,40.5128162947932,10.5910025184844));
#8171=CARTESIAN_POINT('',(73.4577170514635,47.5450806111125,10.8935891302797));
#8172=CARTESIAN_POINT('',(73.4577170514635,40.9011250649166,10.8535649321101));
#8173=CARTESIAN_POINT('',(73.4613872305107,40.5128162947932,10.5910025184845));
#8174=CARTESIAN_POINT('',(73.4601641687885,40.6422683635621,10.6784999288934));
#8175=CARTESIAN_POINT('',(73.4589407749449,40.7717045807608,10.7660207918894));
#8176=CARTESIAN_POINT('',(73.4577170514635,40.9011250649166,10.8535649321101));
#8177=CARTESIAN_POINT('',(-5.33738259979614E-15,-87.2,12.5793318608125));
#8178=CARTESIAN_POINT('',(2.6161099376966,-86.0826354597974,9.08941154327565));
#8179=CARTESIAN_POINT('',(80.7653084764247,36.5410244494224,10.9303687881147));
#8180=CARTESIAN_POINT('',(80.7653084764247,36.5410244494224,10.9303687881147));
#8181=CARTESIAN_POINT('',(78.7580587882706,36.5334748418468,10.0652694470129));
#8182=CARTESIAN_POINT('',(76.7428350809532,36.5260914892938,9.21922104453792));
#8183=CARTESIAN_POINT('',(74.7188713247018,36.5188903631694,8.39405372253483));
#8184=CARTESIAN_POINT('',(74.7188713247018,36.5188903631694,8.39405372253483));
#8185=CARTESIAN_POINT('',(74.2200723484938,37.0200533100256,8.52949582529292));
#8186=CARTESIAN_POINT('',(74.2187009138154,36.7873732907841,8.37234497676094));
#8187=CARTESIAN_POINT('',(74.4577771119159,36.5179614076232,8.28760596046911));
#8188=CARTESIAN_POINT('',(74.7188713247018,36.5188903631694,8.39405372253482));
#8189=CARTESIAN_POINT('',(74.2200723484938,37.0200533100256,8.52949582529292));
#8190=CARTESIAN_POINT('',(74.2200723484938,37.0200533100256,8.52949582529292));
#8191=CARTESIAN_POINT('',(74.2250173815792,37.8590363193042,9.09614049139644));
#8192=CARTESIAN_POINT('',(74.2299712770579,38.6973313318424,9.6638006871803));
#8193=CARTESIAN_POINT('',(74.2349336055291,39.5349716824646,10.2324272081914));
#8194=CARTESIAN_POINT('',(74.2349336055291,39.5349716824646,10.2324272081914));
#8195=CARTESIAN_POINT('',(73.4613872305107,40.5128162947933,10.5910025184845));
#8196=CARTESIAN_POINT('',(73.9173878526627,40.409520805272,10.6990584808325));
#8197=CARTESIAN_POINT('',(74.2372973043099,39.933963705463,10.5032802607935));
#8198=CARTESIAN_POINT('',(74.2349336055292,39.5349716824646,10.2324272081914));
#8199=CARTESIAN_POINT('',(91.0005422839306,31.1949925827228,11.3333064257027));
#8200=CARTESIAN_POINT('',(92.4772134500253,30.7739438689672,11.2938480736255));
#8201=CARTESIAN_POINT('',(93.9701924641972,30.4777395755045,11.0872726795049));
#8202=CARTESIAN_POINT('',(90.8345394275624,30.6708230603079,10.9250655853823));
#8203=CARTESIAN_POINT('',(92.3136032067658,30.2482560682656,10.8854005980497));
#8204=CARTESIAN_POINT('',(93.8090579128212,29.9509724051608,10.6780283621179));
#8205=CARTESIAN_POINT('',(90.6685520846565,30.1484372927445,10.5181966742616));
#8206=CARTESIAN_POINT('',(92.1500148946773,29.7243393414193,10.4783213371697));
#8207=CARTESIAN_POINT('',(93.6479498099343,29.4259576707103,10.2701379315335));
#8208=CARTESIAN_POINT('',(90.5025815905685,29.6278315592501,10.1126967462363));
#8209=CARTESIAN_POINT('',(91.9864498547521,29.2021897612105,10.072607277686));
#8210=CARTESIAN_POINT('',(93.4868694162748,28.9026911118899,9.86359811608307));
#8211=CARTESIAN_POINT('',(93.4897344854848,28.9119984089493,9.87082920384548));
#8212=CARTESIAN_POINT('',(92.6474502801123,29.530658202686,10.3361277219156));
#8213=CARTESIAN_POINT('',(91.7799980414666,30.1668803219284,10.7297841565924));
#8214=CARTESIAN_POINT('',(90.8984964488577,30.8124238481842,11.0387821574427));
#8215=CARTESIAN_POINT('',(90.8984964488668,30.8124238481931,11.0387821574508));
#8216=CARTESIAN_POINT('',(93.4897344854849,28.9119984089493,9.87082920384563));
#8217=CARTESIAN_POINT('',(90.8984964488668,30.8124238481931,11.0387821574508));
#8218=CARTESIAN_POINT('',(91.9056181324511,30.5814189051806,11.0515954745205));
#8219=CARTESIAN_POINT('',(92.9289247473354,30.4694052844952,11.0653538934169));
#8220=CARTESIAN_POINT('',(93.967326437415,30.4683703837572,11.0799937731532));
#8221=CARTESIAN_POINT('',(93.967326437415,30.4683703837571,11.0799937731532));
#8222=CARTESIAN_POINT('',(19.5477225857346,928.23290432299,703.3617900081));
#8223=CARTESIAN_POINT('',(73.5113077665047,46.0230085754702,7.08472890156137));
#8224=CARTESIAN_POINT('',(73.323707025609,49.8762891665521,20.4092169333391));
#8225=CARTESIAN_POINT('',(73.4577170514635,48.9830227427218,10.9022515122646));
#8226=CARTESIAN_POINT('',(73.4577170514635,47.5450806111125,10.8935891302797));
#8227=CARTESIAN_POINT('',(73.4577170514635,46.0001194897295,10.8842820496322));
#8228=CARTESIAN_POINT('',(73.5113077665047,46.0230085754702,7.08472890156137));
#8229=CARTESIAN_POINT('',(67.0043713952454,46.0235614336628,6.99295528901911));
#8230=CARTESIAN_POINT('',(67.0043713952454,46.0235614336628,6.99295528901911));
#8231=CARTESIAN_POINT('',(66.9507806802042,46.0006723479221,10.79250843709));
#8232=CARTESIAN_POINT('',(74.4343391401766,46.0000365115825,10.8980562948463));
#8233=CARTESIAN_POINT('',(67.1200145171764,43.5729990330886,-1.22114055831806));
#8234=CARTESIAN_POINT('',(66.9507806802042,47.5456334693051,10.8018155177375));
#8235=CARTESIAN_POINT('',(84.,42.7999999999971,-4.2));
#8236=CARTESIAN_POINT('',(84.,42.7999999999971,-4.2));
#8237=CARTESIAN_POINT('',(84.,42.7999999999971,11.0136974447682));
#8238=CARTESIAN_POINT('',(84.,42.7999999999971,13.5139914608746));
#8239=CARTESIAN_POINT('',(84.,47.52912328733,13.5424804184399));
#8240=CARTESIAN_POINT('',(84.,45.3,13.529051840904));
#8241=CARTESIAN_POINT('',(84.,45.3,-4.2));
#8242=CARTESIAN_POINT('',(84.,45.3,11.0287578247976));
#8243=CARTESIAN_POINT('',(84.,47.5441848919653,11.0422771357293));
#8244=CARTESIAN_POINT('',(83.,45.3,-4.2));
#8245=CARTESIAN_POINT('',(83.,45.3,13.5149473625739));
#8246=CARTESIAN_POINT('',(83.,46.3,13.5209715145857));
#8247=CARTESIAN_POINT('',(83.,46.3,-4.2));
#8248=CARTESIAN_POINT('',(83.,46.3,11.0206774984792));
#8249=CARTESIAN_POINT('',(83.,45.3,11.0146533464675));
#8250=CARTESIAN_POINT('',(83.,46.3,-4.2));
#8251=CARTESIAN_POINT('',(74.3991865748922,46.3,13.3996615280096));
#8252=CARTESIAN_POINT('',(74.8,46.3,13.4053147922785));
#8253=CARTESIAN_POINT('',(74.8,46.3,-4.2));
#8254=CARTESIAN_POINT('',(74.8,46.3,10.905020776172));
#8255=CARTESIAN_POINT('',(74.4344449034996,46.3,10.899864812235));
#8256=CARTESIAN_POINT('',(74.8,45.3,-4.2));
#8257=CARTESIAN_POINT('',(74.8,45.3,13.3992906402667));
#8258=CARTESIAN_POINT('',(73.8,45.3,13.3851861619366));
#8259=CARTESIAN_POINT('',(73.8,45.3,-4.2));
#8260=CARTESIAN_POINT('',(73.8,45.3,10.8848921458301));
#8261=CARTESIAN_POINT('',(74.8,45.3,10.8989966241603));
#8262=CARTESIAN_POINT('',(73.8,45.3,-4.2));
#8263=CARTESIAN_POINT('',(73.8,47.5299899245987,13.398619960227));
#8264=CARTESIAN_POINT('',(73.8,42.7999999999971,13.3701257819072));
#8265=CARTESIAN_POINT('',(73.8,42.7999999999971,-4.2));
#8266=CARTESIAN_POINT('',(73.8,42.7999999999971,10.8698317658007));
#8267=CARTESIAN_POINT('',(73.8,47.5450515292341,10.8984166775165));
#8268=CARTESIAN_POINT('',(74.8,42.7999999999971,-4.2));
#8269=CARTESIAN_POINT('',(74.8,42.7999999999971,13.3842302602373));
#8270=CARTESIAN_POINT('',(74.8,41.7999999999971,13.3782061082255));
#8271=CARTESIAN_POINT('',(74.8,41.7999999999971,-4.2));
#8272=CARTESIAN_POINT('',(74.8,41.7999999999971,10.8779120921191));
#8273=CARTESIAN_POINT('',(74.8,42.7999999999971,10.8839362441309));
#8274=CARTESIAN_POINT('',(74.8,41.7999999999971,-4.2));
#8275=CARTESIAN_POINT('',(74.3995688526901,41.7999999999971,13.3725582357856));
#8276=CARTESIAN_POINT('',(83.,41.7999999999971,13.4938628305327));
#8277=CARTESIAN_POINT('',(83.,41.7999999999971,-4.2));
#8278=CARTESIAN_POINT('',(83.,41.7999999999971,10.9935688144263));
#8279=CARTESIAN_POINT('',(74.4348271812975,41.7999999999971,10.872761520011));
#8280=CARTESIAN_POINT('',(83.,42.7999999999971,-4.2));
#8281=CARTESIAN_POINT('',(83.,42.7999999999971,13.4998869825445));
#8282=CARTESIAN_POINT('',(83.,42.7999999999971,10.999592966438));
#8283=CARTESIAN_POINT('',(-67.0043713952454,46.0235614336628,6.99295528901911));
#8284=CARTESIAN_POINT('',(-67.0043713952454,46.0235614336628,6.99295528901911));
#8285=CARTESIAN_POINT('',(-66.9507806802042,46.0006723479221,10.79250843709));
#8286=CARTESIAN_POINT('',(-74.4343391401766,46.0000365115825,10.8980562948463));
#8287=CARTESIAN_POINT('',(-73.4577170514635,46.0001194897295,10.8842820496322));
#8288=CARTESIAN_POINT('',(-73.5113077665047,46.0230085754702,7.08472890156137));
#8289=CARTESIAN_POINT('',(-73.5113077665047,46.0230085754702,7.08472890156137));
#8290=CARTESIAN_POINT('',(-73.323707025609,49.8762891665521,20.4092169333391));
#8291=CARTESIAN_POINT('',(-73.4577170514635,48.9830227427218,10.9022515122646));
#8292=CARTESIAN_POINT('',(-73.4577170514635,47.5450806111125,10.8935891302797));
#8293=CARTESIAN_POINT('',(-93.9701924641972,30.4777395755045,11.0872726795049));
#8294=CARTESIAN_POINT('',(-92.4772134500253,30.7739438689672,11.2938480736255));
#8295=CARTESIAN_POINT('',(-91.0005422839306,31.1949925827228,11.3333064257027));
#8296=CARTESIAN_POINT('',(-93.8090579128212,29.9509724051608,10.6780283621179));
#8297=CARTESIAN_POINT('',(-92.3136032067783,30.2482560682576,10.8854005980544));
#8298=CARTESIAN_POINT('',(-90.8345394275805,30.6708230602973,10.9250655853889));
#8299=CARTESIAN_POINT('',(-93.6479498099343,29.4259576707103,10.2701379315335));
#8300=CARTESIAN_POINT('',(-92.1500148946576,29.724339341423,10.4783213371814));
#8301=CARTESIAN_POINT('',(-90.6685520846232,30.1484372927571,10.5181966742775));
#8302=CARTESIAN_POINT('',(-93.4868694162748,28.9026911118899,9.86359811608307));
#8303=CARTESIAN_POINT('',(-91.9864498547521,29.2021897612105,10.072607277686));
#8304=CARTESIAN_POINT('',(-90.5025815905685,29.6278315592501,10.1126967462363));
#8305=CARTESIAN_POINT('',(-93.4897344854848,28.9119984089493,9.87082920384548));
#8306=CARTESIAN_POINT('',(-92.6474502801123,29.530658202686,10.3361277219156));
#8307=CARTESIAN_POINT('',(-91.7799980414666,30.1668803219284,10.7297841565924));
#8308=CARTESIAN_POINT('',(-90.8984964488577,30.8124238481842,11.0387821574427));
#8309=CARTESIAN_POINT('',(-93.4897344854849,28.9119984089493,9.87082920384563));
#8310=CARTESIAN_POINT('',(-90.8984964488668,30.8124238481931,11.0387821574508));
#8311=CARTESIAN_POINT('',(-19.5477225857346,928.23290432299,703.3617900081));
#8312=CARTESIAN_POINT('',(-93.967326437415,30.4683703837571,11.0799937731532));
#8313=CARTESIAN_POINT('',(-90.8984964488668,30.8124238481931,11.0387821574508));
#8314=CARTESIAN_POINT('',(-91.9056181324511,30.5814189051806,11.0515954745205));
#8315=CARTESIAN_POINT('',(-92.9289247473354,30.4694052844952,11.0653538934169));
#8316=CARTESIAN_POINT('',(-93.967326437415,30.4683703837572,11.0799937731532));
#8317=CARTESIAN_POINT('',(5.33738259979614E-15,-87.2,12.5793318608125));
#8318=CARTESIAN_POINT('',(-73.4613872305107,40.5128162947932,10.5910025184845));
#8319=CARTESIAN_POINT('',(-73.4601641687885,40.6422683635621,10.6784999288934));
#8320=CARTESIAN_POINT('',(-73.4589407749449,40.7717045807608,10.7660207918894));
#8321=CARTESIAN_POINT('',(-73.4577170514635,40.9011250649166,10.8535649321101));
#8322=CARTESIAN_POINT('',(-73.4613872305107,40.5128162947932,10.5910025184844));
#8323=CARTESIAN_POINT('',(-73.4577170514635,40.9011250649166,10.8535649321101));
#8324=CARTESIAN_POINT('',(-73.4613872305107,40.5128162947933,10.5910025184845));
#8325=CARTESIAN_POINT('',(-73.9173878526627,40.409520805272,10.6990584808325));
#8326=CARTESIAN_POINT('',(-74.2372973043099,39.933963705463,10.5032802607935));
#8327=CARTESIAN_POINT('',(-74.2349336055292,39.5349716824646,10.2324272081914));
#8328=CARTESIAN_POINT('',(-74.2349336055291,39.5349716824646,10.2324272081914));
#8329=CARTESIAN_POINT('',(-74.2200723484938,37.0200533100256,8.52949582529292));
#8330=CARTESIAN_POINT('',(-74.2250173815792,37.8590363193042,9.09614049139644));
#8331=CARTESIAN_POINT('',(-74.2299712770579,38.6973313318424,9.6638006871803));
#8332=CARTESIAN_POINT('',(-74.2349336055291,39.5349716824646,10.2324272081914));
#8333=CARTESIAN_POINT('',(-74.2200723484938,37.0200533100256,8.52949582529292));
#8334=CARTESIAN_POINT('',(-74.2200723484938,37.0200533100256,8.52949582529292));
#8335=CARTESIAN_POINT('',(-74.2187009138154,36.7873732907841,8.37234497676094));
#8336=CARTESIAN_POINT('',(-74.4577771119159,36.5179614076232,8.28760596046911));
#8337=CARTESIAN_POINT('',(-74.7188713247018,36.5188903631694,8.39405372253482));
#8338=CARTESIAN_POINT('',(-74.7188713247018,36.5188903631694,8.39405372253483));
#8339=CARTESIAN_POINT('',(-80.7653084764247,36.5410244494224,10.9303687881147));
#8340=CARTESIAN_POINT('',(-78.7580587882706,36.5334748418468,10.0652694470129));
#8341=CARTESIAN_POINT('',(-76.7428350809532,36.5260914892938,9.21922104453792));
#8342=CARTESIAN_POINT('',(-74.7188713247018,36.5188903631694,8.39405372253483));
#8343=CARTESIAN_POINT('',(-80.7653084764247,36.5410244494224,10.9303687881147));
#8344=CARTESIAN_POINT('',(-2.6161099376966,-86.0826354597974,9.08941154327565));
#8345=CARTESIAN_POINT('',(-73.5113077665047,39.9731183509649,7.04828344319449));
#8346=CARTESIAN_POINT('',(-73.3233740432953,39.623374043295,20.3710609394888));
#8347=CARTESIAN_POINT('',(-73.4577170514635,47.5450806111125,10.8935891302797));
#8348=CARTESIAN_POINT('',(-73.4577170514635,43.5001648515042,10.8692219428691));
#8349=CARTESIAN_POINT('',(-73.5113077665047,43.5230539372449,7.0696687947982));
#8350=CARTESIAN_POINT('',(-63.9046796893388,43.5238701590017,6.934177234302));
#8351=CARTESIAN_POINT('',(-67.0043713952454,43.5236067954375,6.97789518225595));
#8352=CARTESIAN_POINT('',(-66.9586770355755,43.5040903154736,10.2176009409769));
#8353=CARTESIAN_POINT('',(-74.4343391401766,43.5000818733571,10.8829961880831));
#8354=CARTESIAN_POINT('',(-68.58048525592,43.5005792427632,10.8004336290537));
#8355=CARTESIAN_POINT('',(-68.58048525592,43.5005792427632,10.8004336290537));
#8356=CARTESIAN_POINT('',(-68.0404341101837,43.5017594288776,10.6045245430784));
#8357=CARTESIAN_POINT('',(-67.499835287004,43.5029298562414,10.4102353947516));
#8358=CARTESIAN_POINT('',(-66.9586770355755,43.5040903154736,10.2176009409769));
#8359=CARTESIAN_POINT('',(5.33738259979614E-15,-87.2,12.5793318608125));
#8360=CARTESIAN_POINT('',(-66.9586770355755,43.5040903154736,10.2176009409769));
#8361=CARTESIAN_POINT('',(-66.9560461179684,43.7751107512339,10.4057710353786));
#8362=CARTESIAN_POINT('',(-66.953413993162,44.0460720228818,10.5940263662578));
#8363=CARTESIAN_POINT('',(-66.9507806802042,44.3169750639392,10.7823655887095));
#8364=CARTESIAN_POINT('',(-66.9507806802042,44.3169750639392,10.7823655887095));
#8365=CARTESIAN_POINT('',(-2.6161099376966,-86.0826354597974,9.08941154327565));
#8366=CARTESIAN_POINT('',(-67.1200145171764,43.5729990330886,-1.22114055831806));
#8367=CARTESIAN_POINT('',(-66.9507806802042,47.5456334693051,10.8018155177375));
#8368=CARTESIAN_POINT('',(-83.,45.3,-4.2));
#8369=CARTESIAN_POINT('',(-84.,45.3,-4.2));
#8370=CARTESIAN_POINT('',(-84.,45.3,13.529051840904));
#8371=CARTESIAN_POINT('',(-84.,45.3,11.0287578247976));
#8372=CARTESIAN_POINT('',(-83.,45.3,11.0146533464675));
#8373=CARTESIAN_POINT('',(-83.,46.3,11.0206774984792));
#8374=CARTESIAN_POINT('',(-83.,46.3,-4.2));
#8375=CARTESIAN_POINT('',(-83.,46.3,13.5209715145857));
#8376=CARTESIAN_POINT('',(-83.,45.3,13.5149473625739));
#8377=CARTESIAN_POINT('',(-83.,46.3,-4.2));
#8378=CARTESIAN_POINT('',(-74.4344449034996,46.3,10.899864812235));
#8379=CARTESIAN_POINT('',(-74.8,46.3,10.905020776172));
#8380=CARTESIAN_POINT('',(-74.8,46.3,-4.2));
#8381=CARTESIAN_POINT('',(-74.8,46.3,13.4053147922785));
#8382=CARTESIAN_POINT('',(-74.3991865748922,46.3,13.3996615280096));
#8383=CARTESIAN_POINT('',(-74.8,45.3,-4.2));
#8384=CARTESIAN_POINT('',(-74.8,45.3,10.8989966241603));
#8385=CARTESIAN_POINT('',(-73.8,45.3,10.8848921458301));
#8386=CARTESIAN_POINT('',(-73.8,45.3,-4.2));
#8387=CARTESIAN_POINT('',(-73.8,45.3,13.3851861619366));
#8388=CARTESIAN_POINT('',(-74.8,45.3,13.3992906402667));
#8389=CARTESIAN_POINT('',(-73.8,45.3,-4.2));
#8390=CARTESIAN_POINT('',(-73.8,47.5450515292341,10.8984166775165));
#8391=CARTESIAN_POINT('',(-73.8,42.7999999999971,10.8698317658007));
#8392=CARTESIAN_POINT('',(-73.8,42.7999999999971,-4.2));
#8393=CARTESIAN_POINT('',(-73.8,42.7999999999971,13.3701257819072));
#8394=CARTESIAN_POINT('',(-73.8,47.5299899245987,13.398619960227));
#8395=CARTESIAN_POINT('',(-74.8,42.7999999999971,-4.2));
#8396=CARTESIAN_POINT('',(-74.8,42.7999999999971,10.8839362441309));
#8397=CARTESIAN_POINT('',(-74.8,41.7999999999971,10.8779120921191));
#8398=CARTESIAN_POINT('',(-74.8,41.7999999999971,-4.2));
#8399=CARTESIAN_POINT('',(-74.8,41.7999999999971,13.3782061082255));
#8400=CARTESIAN_POINT('',(-74.8,42.7999999999971,13.3842302602373));
#8401=CARTESIAN_POINT('',(-74.8,41.7999999999971,-4.2));
#8402=CARTESIAN_POINT('',(-74.4348271812975,41.7999999999971,10.872761520011));
#8403=CARTESIAN_POINT('',(-83.,41.7999999999971,10.9935688144263));
#8404=CARTESIAN_POINT('',(-83.,41.7999999999971,-4.2));
#8405=CARTESIAN_POINT('',(-83.,41.7999999999971,13.4938628305327));
#8406=CARTESIAN_POINT('',(-74.3995688526901,41.7999999999971,13.3725582357856));
#8407=CARTESIAN_POINT('',(-83.,42.7999999999971,-4.2));
#8408=CARTESIAN_POINT('',(-83.,42.7999999999971,10.999592966438));
#8409=CARTESIAN_POINT('',(-84.,42.7999999999971,11.0136974447682));
#8410=CARTESIAN_POINT('',(-84.,42.7999999999971,-4.2));
#8411=CARTESIAN_POINT('',(-84.,42.7999999999971,13.5139914608746));
#8412=CARTESIAN_POINT('',(-83.,42.7999999999971,13.4998869825445));
#8413=CARTESIAN_POINT('',(-84.,42.7999999999971,-4.2));
#8414=CARTESIAN_POINT('',(-84.,47.5441848919653,11.0422771357293));
#8415=CARTESIAN_POINT('',(-84.,47.52912328733,13.5424804184399));
#8416=CARTESIAN_POINT('',(108.454190866188,19.7987693599699,-2.82909931964973));
#8417=CARTESIAN_POINT('',(108.454190866188,19.7987693599699,-2.82909931964973));
#8418=CARTESIAN_POINT('',(112.104197388173,19.7987693599699,-2.82909931964973));
#8419=CARTESIAN_POINT('',(54.9923438315889,54.9745155223615,-3.02331568553128));
#8420=CARTESIAN_POINT('',(54.9923438315889,54.9745155223615,-3.02331568553128));
#8421=CARTESIAN_POINT('',(56.2845695095161,51.4541927571863,-3.02331568553128));
#8422=CARTESIAN_POINT('',(53.9916939648952,51.360484612423,-3.02331568553128));
#8423=CARTESIAN_POINT('',(56.0037188255969,50.7734960963695,-3.02331568553128));
#8424=CARTESIAN_POINT('',(55.8860411375422,51.0258567127923,-3.02331568553128));
#8425=CARTESIAN_POINT('',(56.0231746103774,51.3582409870566,-3.02331568553128));
#8426=CARTESIAN_POINT('',(56.2845695095161,51.4541927571863,-3.02331568553128));
#8427=CARTESIAN_POINT('',(56.0037188255969,50.7734960963695,-3.02331568553128));
#8428=CARTESIAN_POINT('',(56.646758625408,49.3944927955115,-3.02331568553128));
#8429=CARTESIAN_POINT('',(56.2441161371138,50.2579623981496,-3.02331568553128));
#8430=CARTESIAN_POINT('',(56.6972700306321,50.4692715290199,-3.02331568553128));
#8431=CARTESIAN_POINT('',(56.697287786537,49.9692524898271,-3.02331568553128));
#8432=CARTESIAN_POINT('',(74.15,49.969252489827,-3.02331568553128));
#8433=CARTESIAN_POINT('',(55.934384634179,49.9692524898271,-3.02331568553128));
#8434=CARTESIAN_POINT('',(55.9344607895006,48.9692144114413,-3.02331568553128));
#8435=CARTESIAN_POINT('',(54.9902464734839,49.2987335542483,-3.02331568553128));
#8436=CARTESIAN_POINT('',(54.9713042866186,49.6748340036297,-3.02331568553128));
#8437=CARTESIAN_POINT('',(55.02615598155,49.5572041642475,-3.02331568553128));
#8438=CARTESIAN_POINT('',(55.0330049333048,49.4212784482292,-3.02331568553128));
#8439=CARTESIAN_POINT('',(54.9902464734839,49.2987335542483,-3.02331568553128));
#8440=CARTESIAN_POINT('',(54.9713042866186,49.6748340036297,-3.02331568553128));
#8441=CARTESIAN_POINT('',(53.8396288146533,52.1017198850303,-3.02331568553128));
#8442=CARTESIAN_POINT('',(54.3114459505243,51.0899047719397,-3.02331568553128));
#8443=CARTESIAN_POINT('',(53.9916939648952,51.360484612423,-3.02331568553128));
#8444=CARTESIAN_POINT('',(54.1316691062546,51.3217284119277,-3.02331568553128));
#8445=CARTESIAN_POINT('',(54.2500642993756,51.2215381476205,-3.02331568553128));
#8446=CARTESIAN_POINT('',(54.3114459505243,51.0899047719397,-3.02331568553128));
#8447=CARTESIAN_POINT('',(54.3661873114056,50.9725115446918,10.7269914292889));
#8448=CARTESIAN_POINT('',(54.2662320097246,51.1868663808882,10.7292017443366));
#8449=CARTESIAN_POINT('',(54.0371071492233,51.2455500788002,10.7306037169215));
#8450=CARTESIAN_POINT('',(54.3479721537369,51.0115740763703,6.11500461411996));
#8451=CARTESIAN_POINT('',(54.2488553893125,51.2241306636335,6.12405467777349));
#8452=CARTESIAN_POINT('',(54.0219364730262,51.283832714761,6.11861690174506));
#8453=CARTESIAN_POINT('',(54.3296163468203,51.0509382313345,1.50302090915895));
#8454=CARTESIAN_POINT('',(54.2313350579299,51.2617031355909,1.51234685687662));
#8455=CARTESIAN_POINT('',(54.0067112226021,51.3223644367767,1.50663319676832));
#8456=CARTESIAN_POINT('',(54.3111021640265,51.0906420244635,-3.10895924103121));
#8457=CARTESIAN_POINT('',(54.213651119816,51.2996264631839,-3.10676892320685));
#8458=CARTESIAN_POINT('',(53.9914220294427,51.3611748874604,-3.10534695339862));
#8459=CARTESIAN_POINT('',(54.3114459505243,51.0899047719397,-3.02331568553128));
#8460=CARTESIAN_POINT('',(54.3297338261719,51.0506862960522,1.53277290186336));
#8461=CARTESIAN_POINT('',(54.3478672489436,51.0117990454256,6.08886495070083));
#8462=CARTESIAN_POINT('',(54.3658633115354,50.9732063646557,10.6449600435774));
#8463=CARTESIAN_POINT('',(54.3658633115354,50.9732063646557,10.6449600435774));
#8464=CARTESIAN_POINT('',(54.3658633115354,50.9732063646557,10.6449600435774));
#8465=CARTESIAN_POINT('',(54.3031094613085,51.1077824307557,10.6448856399361));
#8466=CARTESIAN_POINT('',(54.1806404455711,51.2094107465491,10.6437705027805));
#8467=CARTESIAN_POINT('',(54.0368155711068,51.2462858790553,10.641964069359));
#8468=CARTESIAN_POINT('',(54.0368155711068,51.2462858790553,10.641964069359));
#8469=CARTESIAN_POINT('',(54.0368155711068,51.2462858790554,10.641964069359));
#8470=CARTESIAN_POINT('',(54.0218313406944,51.2840994373284,6.08686852354858));
#8471=CARTESIAN_POINT('',(54.0067938157723,51.3221561609835,1.53177517521549));
#8472=CARTESIAN_POINT('',(53.9916939648952,51.360484612423,-3.02331568553128));
#8473=CARTESIAN_POINT('',(54.9923438315889,54.9745155223615,10.817244779601));
#8474=CARTESIAN_POINT('',(54.9927360496106,54.9746830422747,10.6779072603048));
#8475=CARTESIAN_POINT('',(56.3256365101871,51.3638513287853,10.6749549268363));
#8476=CARTESIAN_POINT('',(56.2845695095161,51.4541927571863,-3.02331568553128));
#8477=CARTESIAN_POINT('',(56.298252496381,51.424074200416,1.54277450530705));
#8478=CARTESIAN_POINT('',(56.3119416362772,51.393960492912,6.1088647096894));
#8479=CARTESIAN_POINT('',(56.3256365101871,51.3638513287853,10.6749549268363));
#8480=CARTESIAN_POINT('',(56.0034558105335,50.774060133993,-3.10914886083243));
#8481=CARTESIAN_POINT('',(55.7734894183182,51.2672246535835,-3.10520343827186));
#8482=CARTESIAN_POINT('',(56.28432312273,51.4547350979557,-3.10553657319984));
#8483=CARTESIAN_POINT('',(56.0176154323114,50.7436947270985,1.51174488926359));
#8484=CARTESIAN_POINT('',(55.7877975019423,51.2365408693875,1.51401405695985));
#8485=CARTESIAN_POINT('',(56.2981702620007,51.4242549904355,1.51535717689605));
#8486=CARTESIAN_POINT('',(56.0317738565504,50.7133318883347,6.1326386598828));
#8487=CARTESIAN_POINT('',(55.8021060185639,51.2058561563317,6.13498347700794));
#8488=CARTESIAN_POINT('',(56.312023705573,51.393779851166,6.13625094751509));
#8489=CARTESIAN_POINT('',(56.0459311646719,50.6829714430922,10.753532449692));
#8490=CARTESIAN_POINT('',(55.8164145799529,51.1751713473938,10.7574695116679));
#8491=CARTESIAN_POINT('',(56.3258830190967,51.3633093630916,10.7571447373246));
#8492=CARTESIAN_POINT('',(56.3256365101871,51.3638513287853,10.6749549268363));
#8493=CARTESIAN_POINT('',(56.0647487702764,51.2675473697713,10.6706950916737));
#8494=CARTESIAN_POINT('',(55.9281235951232,50.9356105912778,10.6667684272395));
#8495=CARTESIAN_POINT('',(56.0456657674017,50.683540589375,10.6669077902522));
#8496=CARTESIAN_POINT('',(56.0456657674017,50.683540589375,10.6669077902522));
#8497=CARTESIAN_POINT('',(56.0456657674017,50.683540589375,10.6669077902522));
#8498=CARTESIAN_POINT('',(56.0316845686287,50.7135233669007,6.10349994586068));
#8499=CARTESIAN_POINT('',(56.0177022808306,50.7435084798483,1.5400921201504));
#8500=CARTESIAN_POINT('',(56.0037188255969,50.7734960963695,-3.02331568553128));
#8501=CARTESIAN_POINT('',(56.646758625408,49.3944927955115,11.5));
#8502=CARTESIAN_POINT('',(60.5321782412893,41.0621835401702,10.6722271907942));
#8503=CARTESIAN_POINT('',(56.1884043806885,50.3774366453575,10.66707702724));
#8504=CARTESIAN_POINT('',(56.1850576876603,50.3846136517171,11.489480497956));
#8505=CARTESIAN_POINT('',(56.6832392156424,50.4993607088658,0.424562816509152));
#8506=CARTESIAN_POINT('',(56.641527084573,50.5888126626133,10.6747414478574));
#8507=CARTESIAN_POINT('',(56.6415570972243,50.0887673387428,10.6717295221265));
#8508=CARTESIAN_POINT('',(56.6832392156424,49.9993797473337,0.428926084258339));
#8509=CARTESIAN_POINT('',(53.8396288146533,52.1017198850303,11.5));
#8510=CARTESIAN_POINT('',(54.1657172529711,51.4024209723595,251.580911549433));
#8511=CARTESIAN_POINT('',(54.8805757150679,49.869402053208,10.6455703085559));
#8512=CARTESIAN_POINT('',(59.2633518839754,40.4705082279413,10.6507667149103));
#8513=CARTESIAN_POINT('',(73.15,40.4499999999997,0.5));
#8514=CARTESIAN_POINT('',(73.1866528447212,40.4499999999997,-3.7));
#8515=CARTESIAN_POINT('',(73.1866528447212,50.4633281168106,-3.7));
#8516=CARTESIAN_POINT('',(73.1866528447212,55.1459570510528,-3.7));
#8517=CARTESIAN_POINT('',(73.186690916583,50.4632900449488,-3.70436260325298));
#8518=CARTESIAN_POINT('',(73.0591854569558,50.590795504576,10.9063158995438));
#8519=CARTESIAN_POINT('',(73.059345558527,47.5450421695315,10.8879700766123));
#8520=CARTESIAN_POINT('',(73.0589718793931,54.6538697701682,10.9307894641547));
#8521=CARTESIAN_POINT('',(73.1866528447212,55.1459570510528,-3.7));
#8522=CARTESIAN_POINT('',(73.1440925187733,54.9819421722206,1.17693029943403));
#8523=CARTESIAN_POINT('',(73.1015321969826,54.8179131278997,6.053860122498));
#8524=CARTESIAN_POINT('',(73.0589718793931,54.6538697701682,10.9307894641547));
#8525=CARTESIAN_POINT('',(72.6501332569528,50.499866743047,0.4825485902501));
#8526=CARTESIAN_POINT('',(72.6866338055283,50.4633661944714,-3.7));
#8527=CARTESIAN_POINT('',(72.6866718831891,49.9633471552786,-3.7));
#8528=CARTESIAN_POINT('',(72.5592688504203,50.0907501880473,10.8989415473519));
#8529=CARTESIAN_POINT('',(72.5592923158346,50.0907267226331,10.8962526772087));
#8530=CARTESIAN_POINT('',(72.5592279577239,50.5907720422759,10.8992641184894));
#8531=CARTESIAN_POINT('',(74.15,49.9999999999997,0.5));
#8532=CARTESIAN_POINT('',(74.4338095169037,50.0909574651825,10.9226931544789));
#8533=CARTESIAN_POINT('',(74.15,49.9633471552786,-3.7));
#8534=CARTESIAN_POINT('',(55.9402899687275,49.9633471552786,-3.7));
#8535=CARTESIAN_POINT('',(55.9050265229223,49.9986106010838,0.340790653720291));
#8536=CARTESIAN_POINT('',(75.3162879540308,42.0508613584642,0.5));
#8537=CARTESIAN_POINT('',(72.1790704292299,44.4482687785325,10.8568988214732));
#8538=CARTESIAN_POINT('',(83.2970286210622,36.3495827564846,10.9649241061731));
#8539=CARTESIAN_POINT('',(103.86614738189,21.2904979447706,4.13864342523957));
#8540=CARTESIAN_POINT('',(96.0141912743807,27.0577787686501,8.47625716353803));
#8541=CARTESIAN_POINT('',(96.0140238928588,27.0566114582894,8.35685132932579));
#8542=CARTESIAN_POINT('',(95.997122757848,26.9387437882015,-3.7));
#8543=CARTESIAN_POINT('',(75.294705284004,42.0212367170205,-3.7));
#8544=CARTESIAN_POINT('',(83.2553534530289,36.2216039026485,-3.7));
#8545=CARTESIAN_POINT('',(83.2673685629883,36.2585006945245,0.527953575169147));
#8546=CARTESIAN_POINT('',(82.6784024311344,35.4498265865895,0.484492142227202));
#8547=CARTESIAN_POINT('',(82.6665108310212,35.4133090768928,-3.7));
#8548=CARTESIAN_POINT('',(82.6665356303199,36.4133471552785,-3.7));
#8549=CARTESIAN_POINT('',(82.6784024311344,36.4497885096536,0.475765606728828));
#8550=CARTESIAN_POINT('',(82.7081904777593,36.5412636072952,10.9577735659239));
#8551=CARTESIAN_POINT('',(82.7081485556342,35.541172947005,10.9517482764711));
#8552=CARTESIAN_POINT('',(74.15,36.4499999999997,0.5));
#8553=CARTESIAN_POINT('',(74.15,36.4133471552785,-3.7));
#8554=CARTESIAN_POINT('',(74.6133281168109,36.4133471552785,-3.7));
#8555=CARTESIAN_POINT('',(74.6132900449491,36.4133090834167,-3.70436260325298));
#8556=CARTESIAN_POINT('',(74.4366284036636,36.540245424416,10.8411013642049));
#8557=CARTESIAN_POINT('',(74.6502474761625,36.9502474761622,0.526176283988773));
#8558=CARTESIAN_POINT('',(74.6133661944717,36.9133661944714,-3.7));
#8559=CARTESIAN_POINT('',(74.1133471552788,36.9133281168106,-3.7));
#8560=CARTESIAN_POINT('',(74.2170714379971,37.017052399529,8.18562554232638));
#8561=CARTESIAN_POINT('',(74.15,40.4499999999997,0.5));
#8562=CARTESIAN_POINT('',(74.1133471552788,40.4499999999997,-3.7));
#8563=CARTESIAN_POINT('',(74.1133471552788,39.4133852322144,-3.7));
#8564=CARTESIAN_POINT('',(74.1500761437236,39.4501142206592,0.508725206505956));
#8565=CARTESIAN_POINT('',(73.1501142206594,39.4501142206592,0.51745174200433));
#8566=CARTESIAN_POINT('',(73.1133090768931,39.4133090768928,-3.7));
#8567=CARTESIAN_POINT('',(73.1133852322146,40.4133471552786,-3.7));
#8568=CARTESIAN_POINT('',(73.1501142206594,40.4500761437234,0.508725206505956));
#8569=CARTESIAN_POINT('',(74.15,40.4499999999997,0.5));
#8570=CARTESIAN_POINT('',(74.15,40.4133471552785,-3.7));
#8571=CARTESIAN_POINT('',(56.5670109334302,40.4133471552786,-3.7));
#8572=CARTESIAN_POINT('',(56.5669728615684,40.4133090834168,-3.70436260325298));
#8573=CARTESIAN_POINT('',(56.6036180913373,40.9499352747178,0.490401541897618));
#8574=CARTESIAN_POINT('',(56.567049011091,40.9133661944715,-3.7));
#8575=CARTESIAN_POINT('',(56.0670299718981,40.9133281168107,-3.7));
#8576=CARTESIAN_POINT('',(56.1379773948363,40.9842755397489,4.42976942464383));
#8577=CARTESIAN_POINT('',(56.1036752010871,40.4499999999997,0.499127346450163));
#8578=CARTESIAN_POINT('',(56.0670299718981,40.4499999999997,-3.7));
#8579=CARTESIAN_POINT('',(56.0670299718981,48.5866680753503,-3.7));
#8580=CARTESIAN_POINT('',(56.0669919000363,48.5867061472121,-3.70436260325298));
#8581=CARTESIAN_POINT('',(56.6049922574494,48.5486867513311,0.647865381735116));
#8582=CARTESIAN_POINT('',(56.567049011091,48.5866299976895,-3.7));
#8583=CARTESIAN_POINT('',(56.5670109334302,49.0866490368824,-3.7));
#8584=CARTESIAN_POINT('',(56.6914675005438,48.9621924697688,10.5613100252759));
#8585=CARTESIAN_POINT('',(74.15,49.0500038076933,0.499127346450163));
#8586=CARTESIAN_POINT('',(74.15,49.0866490368823,-3.7));
#8587=CARTESIAN_POINT('',(73.1133852322146,49.0866490368823,-3.7));
#8588=CARTESIAN_POINT('',(73.1501066057072,49.0499276633898,0.507852619405739));
#8589=CARTESIAN_POINT('',(73.1507690813278,50.0492271108334,0.592491342009404));
#8590=CARTESIAN_POINT('',(73.1133090768931,50.0866871152681,-3.7));
#8591=CARTESIAN_POINT('',(74.1133471552788,50.0866109599465,-3.7));
#8592=CARTESIAN_POINT('',(74.1507310043919,50.0492271108334,0.58376480651103));
#8593=CARTESIAN_POINT('',(74.2409267880313,49.959031327194,10.9191779010997));
#8594=CARTESIAN_POINT('',(73.2407656123642,49.9592305797969,10.9050723497988));
#8595=CARTESIAN_POINT('',(-56.6049922574494,48.5486867513311,0.647865381735116));
#8596=CARTESIAN_POINT('',(-56.567049011091,48.5866299976895,-3.7));
#8597=CARTESIAN_POINT('',(-56.0670299718981,48.5866680753503,-3.7));
#8598=CARTESIAN_POINT('',(-56.5670109334302,49.0866490368824,-3.7));
#8599=CARTESIAN_POINT('',(-56.0669919000363,48.5867061472121,-3.70436260325298));
#8600=CARTESIAN_POINT('',(-56.6914675005438,48.9621924697688,10.5613100252759));
#8601=CARTESIAN_POINT('',(-56.1036752010871,40.4499999999997,0.499127346450163));
#8602=CARTESIAN_POINT('',(-56.0670299718981,40.4499999999997,-3.7));
#8603=CARTESIAN_POINT('',(-56.0670299718981,40.9133281168107,-3.7));
#8604=CARTESIAN_POINT('',(-56.1379773948363,40.9842755397489,4.42976942464383));
#8605=CARTESIAN_POINT('',(-56.6036180913373,40.9499352747178,0.490401541897618));
#8606=CARTESIAN_POINT('',(-56.567049011091,40.9133661944715,-3.7));
#8607=CARTESIAN_POINT('',(-56.5670109334302,40.4133471552786,-3.7));
#8608=CARTESIAN_POINT('',(-56.5669728615684,40.4133090834168,-3.70436260325298));
#8609=CARTESIAN_POINT('',(-74.15,40.4499999999997,0.5));
#8610=CARTESIAN_POINT('',(-74.15,40.4133471552785,-3.7));
#8611=CARTESIAN_POINT('',(-73.1133852322146,40.4133471552786,-3.7));
#8612=CARTESIAN_POINT('',(-73.1501142206594,40.4500761437234,0.508725206505956));
#8613=CARTESIAN_POINT('',(-73.1501142206594,39.4501142206592,0.51745174200433));
#8614=CARTESIAN_POINT('',(-73.1133090768931,39.4133090768928,-3.7));
#8615=CARTESIAN_POINT('',(-74.1133471552788,39.4133852322144,-3.7));
#8616=CARTESIAN_POINT('',(-74.1500761437236,39.4501142206592,0.508725206505956));
#8617=CARTESIAN_POINT('',(-74.15,40.4499999999997,0.5));
#8618=CARTESIAN_POINT('',(-74.1133471552788,40.4499999999997,-3.7));
#8619=CARTESIAN_POINT('',(-74.1133471552788,36.9133281168106,-3.7));
#8620=CARTESIAN_POINT('',(-74.2170714379971,37.017052399529,8.18562554232638));
#8621=CARTESIAN_POINT('',(-74.6502474761625,36.9502474761622,0.526176283988773));
#8622=CARTESIAN_POINT('',(-74.6133661944717,36.9133661944714,-3.7));
#8623=CARTESIAN_POINT('',(-74.6133281168109,36.4133471552785,-3.7));
#8624=CARTESIAN_POINT('',(-74.6132900449491,36.4133090834167,-3.70436260325298));
#8625=CARTESIAN_POINT('',(-74.15,36.4499999999997,0.5));
#8626=CARTESIAN_POINT('',(-74.15,36.4133471552785,-3.7));
#8627=CARTESIAN_POINT('',(-82.6665356303199,36.4133471552785,-3.7));
#8628=CARTESIAN_POINT('',(-82.6784024311344,36.4497885096536,0.475765606728828));
#8629=CARTESIAN_POINT('',(-82.7081904777593,36.5412636072952,10.9577735659239));
#8630=CARTESIAN_POINT('',(-74.4366284036636,36.540245424416,10.8411013642049));
#8631=CARTESIAN_POINT('',(-82.6784024311344,35.4498265865895,0.484492142227202));
#8632=CARTESIAN_POINT('',(-82.6665108310212,35.4133090768928,-3.7));
#8633=CARTESIAN_POINT('',(-83.2553534530289,36.2216039026485,-3.7));
#8634=CARTESIAN_POINT('',(-83.2673685629883,36.2585006945245,0.527953575169147));
#8635=CARTESIAN_POINT('',(-83.2970286210622,36.3495827564846,10.9649241061731));
#8636=CARTESIAN_POINT('',(-82.7081485556342,35.541172947005,10.9517482764711));
#8637=CARTESIAN_POINT('',(-75.3162879540308,42.0508613584642,0.5));
#8638=CARTESIAN_POINT('',(-72.1790704292299,44.4482687785325,10.8568988214732));
#8639=CARTESIAN_POINT('',(-75.294705284004,42.0212367170205,-3.7));
#8640=CARTESIAN_POINT('',(-95.997122757848,26.9387437882015,-3.7));
#8641=CARTESIAN_POINT('',(-96.0140238928588,27.0566114582894,8.35685132932579));
#8642=CARTESIAN_POINT('',(-96.0141912743807,27.0577787686501,8.47625716353803));
#8643=CARTESIAN_POINT('',(-103.86614738189,21.2904979447706,4.13864342523957));
#8644=CARTESIAN_POINT('',(-73.1507690813278,50.0492271108334,0.592491342009404));
#8645=CARTESIAN_POINT('',(-73.2407656123642,49.9592305797969,10.9050723497988));
#8646=CARTESIAN_POINT('',(-74.2409267880313,49.959031327194,10.9191779010997));
#8647=CARTESIAN_POINT('',(-74.1507310043919,50.0492271108334,0.58376480651103));
#8648=CARTESIAN_POINT('',(-74.1133471552788,50.0866109599465,-3.7));
#8649=CARTESIAN_POINT('',(-73.1133090768931,50.0866871152681,-3.7));
#8650=CARTESIAN_POINT('',(-73.1133852322146,49.0866490368823,-3.7));
#8651=CARTESIAN_POINT('',(-73.1501066057072,49.0499276633898,0.507852619405739));
#8652=CARTESIAN_POINT('',(-74.15,49.0500038076933,0.499127346450163));
#8653=CARTESIAN_POINT('',(-74.15,49.0866490368823,-3.7));
#8654=CARTESIAN_POINT('',(-73.15,40.4499999999997,0.5));
#8655=CARTESIAN_POINT('',(-73.1866528447212,40.4499999999997,-3.7));
#8656=CARTESIAN_POINT('',(-73.1866528447212,55.1459570510528,-3.7));
#8657=CARTESIAN_POINT('',(-73.1866528447212,50.4633281168106,-3.7));
#8658=CARTESIAN_POINT('',(-73.1866528447212,55.1459570510528,-3.7));
#8659=CARTESIAN_POINT('',(-73.1440925187733,54.9819421722206,1.17693029943403));
#8660=CARTESIAN_POINT('',(-73.1015321969826,54.8179131278997,6.053860122498));
#8661=CARTESIAN_POINT('',(-73.0589718793931,54.6538697701682,10.9307894641547));
#8662=CARTESIAN_POINT('',(-73.0589718793931,54.6538697701682,10.9307894641547));
#8663=CARTESIAN_POINT('',(-73.059345558527,47.5450421695315,10.8879700766123));
#8664=CARTESIAN_POINT('',(-73.0591854569558,50.590795504576,10.9063158995438));
#8665=CARTESIAN_POINT('',(-73.186690916583,50.4632900449488,-3.70436260325298));
#8666=CARTESIAN_POINT('',(-72.6501332569528,50.499866743047,0.4825485902501));
#8667=CARTESIAN_POINT('',(-72.6866338055283,50.4633661944714,-3.7));
#8668=CARTESIAN_POINT('',(-72.6866718831891,49.9633471552786,-3.7));
#8669=CARTESIAN_POINT('',(-72.5592279577239,50.5907720422759,10.8992641184894));
#8670=CARTESIAN_POINT('',(-72.5592923158346,50.0907267226331,10.8962526772087));
#8671=CARTESIAN_POINT('',(-72.5592688504203,50.0907501880473,10.8989415473519));
#8672=CARTESIAN_POINT('',(-56.6832392156424,50.4993607088658,0.424562816509152));
#8673=CARTESIAN_POINT('',(-56.641527084573,50.5888126626133,10.6747414478574));
#8674=CARTESIAN_POINT('',(-56.1884043806885,50.3774366453575,10.66707702724));
#8675=CARTESIAN_POINT('',(-56.6415570972243,50.0887673387428,10.6717295221265));
#8676=CARTESIAN_POINT('',(-56.1850576876603,50.3846136517171,11.489480497956));
#8677=CARTESIAN_POINT('',(-56.2441161371138,50.2579623981496,-3.02331568553128));
#8678=CARTESIAN_POINT('',(-56.6972700306321,50.4692715290199,-3.02331568553128));
#8679=CARTESIAN_POINT('',(-56.697287786537,49.9692524898271,-3.02331568553128));
#8680=CARTESIAN_POINT('',(-56.6832392156424,49.9993797473337,0.428926084258339));
#8681=CARTESIAN_POINT('',(-56.646758625408,49.3944927955115,11.5));
#8682=CARTESIAN_POINT('',(-56.646758625408,49.3944927955115,-3.02331568553128));
#8683=CARTESIAN_POINT('',(-56.0037188255969,50.7734960963695,-3.02331568553128));
#8684=CARTESIAN_POINT('',(-60.5321782412893,41.0621835401702,10.6722271907942));
#8685=CARTESIAN_POINT('',(-56.0456657674017,50.683540589375,10.6669077902522));
#8686=CARTESIAN_POINT('',(-56.0456657674017,50.683540589375,10.6669077902522));
#8687=CARTESIAN_POINT('',(-56.0316845686287,50.7135233669007,6.10349994586068));
#8688=CARTESIAN_POINT('',(-56.0177022808306,50.7435084798483,1.5400921201504));
#8689=CARTESIAN_POINT('',(-56.0037188255969,50.7734960963695,-3.02331568553128));
#8690=CARTESIAN_POINT('',(-56.28432312273,51.4547350979557,-3.10553657319984));
#8691=CARTESIAN_POINT('',(-55.7734894183182,51.2672246535835,-3.10520343827186));
#8692=CARTESIAN_POINT('',(-56.0034558105335,50.774060133993,-3.10914886083243));
#8693=CARTESIAN_POINT('',(-56.2981702620007,51.4242549904355,1.51535717689605));
#8694=CARTESIAN_POINT('',(-55.7877975019423,51.2365408693875,1.51401405695985));
#8695=CARTESIAN_POINT('',(-56.0176154323114,50.7436947270985,1.51174488926359));
#8696=CARTESIAN_POINT('',(-56.312023705573,51.393779851166,6.13625094751509));
#8697=CARTESIAN_POINT('',(-55.8021060185639,51.2058561563317,6.13498347700794));
#8698=CARTESIAN_POINT('',(-56.0317738565504,50.7133318883347,6.1326386598828));
#8699=CARTESIAN_POINT('',(-56.3258830190967,51.3633093630916,10.7571447373246));
#8700=CARTESIAN_POINT('',(-55.8164145799529,51.1751713473938,10.7574695116679));
#8701=CARTESIAN_POINT('',(-56.0459311646719,50.6829714430922,10.753532449692));
#8702=CARTESIAN_POINT('',(-56.3256365101871,51.3638513287853,10.6749549268363));
#8703=CARTESIAN_POINT('',(-56.0647487702764,51.2675473697713,10.6706950916737));
#8704=CARTESIAN_POINT('',(-55.9281235951232,50.9356105912778,10.6667684272395));
#8705=CARTESIAN_POINT('',(-56.0456657674017,50.683540589375,10.6669077902522));
#8706=CARTESIAN_POINT('',(-56.3256365101871,51.3638513287853,10.6749549268363));
#8707=CARTESIAN_POINT('',(-56.2845695095161,51.4541927571863,-3.02331568553128));
#8708=CARTESIAN_POINT('',(-56.298252496381,51.424074200416,1.54277450530705));
#8709=CARTESIAN_POINT('',(-56.3119416362772,51.393960492912,6.1088647096894));
#8710=CARTESIAN_POINT('',(-56.3256365101871,51.3638513287853,10.6749549268363));
#8711=CARTESIAN_POINT('',(-56.2845695095161,51.4541927571863,-3.02331568553128));
#8712=CARTESIAN_POINT('',(-56.0037188255969,50.7734960963695,-3.02331568553128));
#8713=CARTESIAN_POINT('',(-55.8860411375422,51.0258567127923,-3.02331568553128));
#8714=CARTESIAN_POINT('',(-56.0231746103774,51.3582409870566,-3.02331568553128));
#8715=CARTESIAN_POINT('',(-56.2845695095161,51.4541927571863,-3.02331568553128));
#8716=CARTESIAN_POINT('',(-54.9923438315889,54.9745155223615,10.817244779601));
#8717=CARTESIAN_POINT('',(-54.9927360496106,54.9746830422747,10.6779072603048));
#8718=CARTESIAN_POINT('',(-54.0368155711068,51.2462858790553,10.641964069359));
#8719=CARTESIAN_POINT('',(-54.0368155711068,51.2462858790554,10.641964069359));
#8720=CARTESIAN_POINT('',(-54.0218313406944,51.2840994373284,6.08686852354858));
#8721=CARTESIAN_POINT('',(-54.0067938157723,51.3221561609835,1.53177517521549));
#8722=CARTESIAN_POINT('',(-53.9916939648952,51.360484612423,-3.02331568553128));
#8723=CARTESIAN_POINT('',(-53.9916939648952,51.360484612423,-3.02331568553128));
#8724=CARTESIAN_POINT('',(-54.9923438315889,54.9745155223615,-3.02331568553128));
#8725=CARTESIAN_POINT('',(-54.0371071492233,51.2455500788002,10.7306037169215));
#8726=CARTESIAN_POINT('',(-54.2662320097246,51.1868663808882,10.7292017443366));
#8727=CARTESIAN_POINT('',(-54.3661873114056,50.9725115446918,10.7269914292889));
#8728=CARTESIAN_POINT('',(-54.0219364730262,51.283832714761,6.11861690174506));
#8729=CARTESIAN_POINT('',(-54.2488553893125,51.2241306636335,6.12405467777349));
#8730=CARTESIAN_POINT('',(-54.3479721537369,51.0115740763703,6.11500461411996));
#8731=CARTESIAN_POINT('',(-54.0067112226021,51.3223644367767,1.50663319676832));
#8732=CARTESIAN_POINT('',(-54.2313350579299,51.2617031355909,1.51234685687662));
#8733=CARTESIAN_POINT('',(-54.3296163468203,51.0509382313345,1.50302090915895));
#8734=CARTESIAN_POINT('',(-53.9914220294427,51.3611748874604,-3.10534695339862));
#8735=CARTESIAN_POINT('',(-54.213651119816,51.2996264631839,-3.10676892320685));
#8736=CARTESIAN_POINT('',(-54.3111021640265,51.0906420244635,-3.10895924103121));
#8737=CARTESIAN_POINT('',(-53.9916939648952,51.360484612423,-3.02331568553128));
#8738=CARTESIAN_POINT('',(-54.1316691062546,51.3217284119277,-3.02331568553128));
#8739=CARTESIAN_POINT('',(-54.2500642993756,51.2215381476205,-3.02331568553128));
#8740=CARTESIAN_POINT('',(-54.3114459505243,51.0899047719397,-3.02331568553128));
#8741=CARTESIAN_POINT('',(-54.3114459505243,51.0899047719397,-3.02331568553128));
#8742=CARTESIAN_POINT('',(-54.3658633115354,50.9732063646557,10.6449600435774));
#8743=CARTESIAN_POINT('',(-54.3031094613085,51.1077824307557,10.6448856399361));
#8744=CARTESIAN_POINT('',(-54.1806404455711,51.2094107465491,10.6437705027805));
#8745=CARTESIAN_POINT('',(-54.0368155711068,51.2462858790553,10.641964069359));
#8746=CARTESIAN_POINT('',(-54.3658633115354,50.9732063646557,10.6449600435774));
#8747=CARTESIAN_POINT('',(-54.3114459505243,51.0899047719397,-3.02331568553128));
#8748=CARTESIAN_POINT('',(-54.3297338261719,51.0506862960522,1.53277290186336));
#8749=CARTESIAN_POINT('',(-54.3478672489436,51.0117990454256,6.08886495070083));
#8750=CARTESIAN_POINT('',(-54.3658633115354,50.9732063646557,10.6449600435774));
#8751=CARTESIAN_POINT('',(-53.8396288146533,52.1017198850303,11.5));
#8752=CARTESIAN_POINT('',(-53.8396288146533,52.1017198850303,-3.02331568553128));
#8753=CARTESIAN_POINT('',(-54.9713042866186,49.6748340036297,-3.02331568553128));
#8754=CARTESIAN_POINT('',(-59.2633518839754,40.4705082279413,10.6507667149103));
#8755=CARTESIAN_POINT('',(-54.8805757150679,49.869402053208,10.6455703085559));
#8756=CARTESIAN_POINT('',(-54.1657172529711,51.4024209723595,251.580911549433));
#8757=CARTESIAN_POINT('',(-74.15,49.9999999999997,0.5));
#8758=CARTESIAN_POINT('',(-74.4338095169037,50.0909574651825,10.9226931544789));
#8759=CARTESIAN_POINT('',(-74.15,49.969252489827,-3.02331568553128));
#8760=CARTESIAN_POINT('',(-55.934384634179,49.9692524898271,-3.02331568553128));
#8761=CARTESIAN_POINT('',(-55.9050265229223,49.9986106010838,0.340790653720291));
#8762=CARTESIAN_POINT('',(-55.9402899687275,49.9633471552786,-3.7));
#8763=CARTESIAN_POINT('',(-74.15,49.9633471552786,-3.7));
#8764=CARTESIAN_POINT('',(-54.9923438315889,54.9745155223615,-3.02331568553128));
#8765=CARTESIAN_POINT('',(-54.9713042866186,49.6748340036297,-3.02331568553128));
#8766=CARTESIAN_POINT('',(-55.02615598155,49.5572041642475,-3.02331568553128));
#8767=CARTESIAN_POINT('',(-55.0330049333048,49.4212784482292,-3.02331568553128));
#8768=CARTESIAN_POINT('',(-54.9902464734839,49.2987335542483,-3.02331568553128));
#8769=CARTESIAN_POINT('',(-54.9902464734839,49.2987335542483,-3.02331568553128));
#8770=CARTESIAN_POINT('',(-55.9344607895006,48.9692144114413,-3.02331568553128));
#8771=CARTESIAN_POINT('',(-108.454190866188,19.7987693599699,-2.82909931964973));
#8772=CARTESIAN_POINT('',(-108.454190866188,19.7987693599699,-2.82909931964973));
#8773=CARTESIAN_POINT('',(-112.104197388173,19.7987693599699,-2.82909931964973));
#8774=CARTESIAN_POINT('',(-96.2975850396363,27.3850690260047,0.613961348609518));
#8775=CARTESIAN_POINT('',(-96.2915377855737,27.3428957786849,-3.7));
#8776=CARTESIAN_POINT('',(-96.4605215877603,26.8722966769424,-3.7));
#8777=CARTESIAN_POINT('',(-96.4605198711289,26.8722847052405,-3.70122460238165));
#8778=CARTESIAN_POINT('',(-96.4775273470505,26.9908939915208,8.43148770025757));
#8779=CARTESIAN_POINT('',(-96.3090533865,27.465048703329,8.79519610236245));
#8780=CARTESIAN_POINT('',(-105.601986220756,22.7731276606777,5.30956106554836));
#8781=CARTESIAN_POINT('',(-101.963233159248,28.9759361602439,10.0461973605001));
#8782=CARTESIAN_POINT('',(-106.054316511957,30.4563241447458,11.2504018943613));
#8783=CARTESIAN_POINT('',(-105.525992258806,30.4568506877635,11.2429533283566));
#8784=CARTESIAN_POINT('',(105.601986220756,22.7731276606777,5.30956106554836));
#8785=CARTESIAN_POINT('',(105.525992258806,30.4568506877635,11.2429533283566));
#8786=CARTESIAN_POINT('',(106.054316511957,30.4563241447458,11.2504018943613));
#8787=CARTESIAN_POINT('',(101.963233159248,28.9759361602439,10.0461973605001));
#8788=CARTESIAN_POINT('',(96.4775273470505,26.9908939915208,8.43148770025757));
#8789=CARTESIAN_POINT('',(96.3090533865,27.465048703329,8.79519610236245));
#8790=CARTESIAN_POINT('',(96.2975850396363,27.3850690260047,0.613961348609518));
#8791=CARTESIAN_POINT('',(96.2915377855737,27.3428957786849,-3.7));
#8792=CARTESIAN_POINT('',(96.4605215877603,26.8722966769424,-3.7));
#8793=CARTESIAN_POINT('',(96.4605198711289,26.8722847052405,-3.70122460238165));
#8794=CARTESIAN_POINT('',(74.4343391401766,47.5449976329654,10.9073633754937));
#8795=CARTESIAN_POINT('',(74.2407998632813,47.5450242545714,10.9046337653293));
#8796=CARTESIAN_POINT('',(74.2413055699851,57.1631606683093,10.9625820138848));
#8797=CARTESIAN_POINT('',(-0.0776970740786527,-87.2331851327049,9.04448571452579));
#8798=CARTESIAN_POINT('',(110.67636405569,31.5403746930887,11.3221239490744));
#8799=CARTESIAN_POINT('',(109.655674212653,31.750215222808,11.3089917625508));
#8800=CARTESIAN_POINT('',(110.002543820166,31.8748380811055,11.3146349244558));
#8801=CARTESIAN_POINT('',(110.406771560248,31.7917644617207,11.3198358977449));
#8802=CARTESIAN_POINT('',(110.67636405569,31.5403746930887,11.3221239490744));
#8803=CARTESIAN_POINT('',(109.655674212653,31.750215222808,11.3089917625508));
#8804=CARTESIAN_POINT('',(83.4873039979938,22.3484774444051,10.8832630543711));
#8805=CARTESIAN_POINT('',(74.3990820908074,47.5299390239255,13.4070693939614));
#8806=CARTESIAN_POINT('',(85.4670912295329,32.3466267485906,13.4717113078278));
#8807=CARTESIAN_POINT('',(87.969513372908,30.5963871522462,13.4964629573365));
#8808=CARTESIAN_POINT('',(91.0391600759091,29.6116467331223,13.5338264967633));
#8809=CARTESIAN_POINT('',(94.1420523142511,29.6085543022277,13.5775725438259));
#8810=CARTESIAN_POINT('',(94.1420523142511,29.6085543022277,13.577572543826));
#8811=CARTESIAN_POINT('',(85.4670912295333,32.3466267485912,13.4717113078278));
#8812=CARTESIAN_POINT('',(105.489965391019,29.5972446484296,13.7375608068359));
#8813=CARTESIAN_POINT('',(112.609493712118,29.5901491234665,13.8379352952407));
#8814=CARTESIAN_POINT('',(-0.0776564976586831,-87.2331678021439,11.5447804073434));
#8815=CARTESIAN_POINT('',(39.3930312298808,70.2093377878026,13.0499514538585));
#8816=CARTESIAN_POINT('',(42.6015438048665,58.3892411212405,13.0239997908313));
#8817=CARTESIAN_POINT('',(44.2493064529686,52.3189162186788,13.0106720634209));
#8818=CARTESIAN_POINT('',(2.600581930904,-86.0892676138671,11.5894465918425));
#8819=CARTESIAN_POINT('',(-74.3990820908074,47.5299390239255,13.4070693939614));
#8820=CARTESIAN_POINT('',(-85.4670912295329,32.3466267485906,13.4717113078278));
#8821=CARTESIAN_POINT('',(-87.969513372908,30.5963871522462,13.4964629573365));
#8822=CARTESIAN_POINT('',(-91.0391600759091,29.6116467331223,13.5338264967633));
#8823=CARTESIAN_POINT('',(-94.1420523142511,29.6085543022277,13.5775725438259));
#8824=CARTESIAN_POINT('',(-85.4670912295333,32.3466267485912,13.4717113078278));
#8825=CARTESIAN_POINT('',(-94.1420523142511,29.6085543022277,13.577572543826));
#8826=CARTESIAN_POINT('',(-2.600581930904,-86.0892676138671,11.5894465918425));
#8827=CARTESIAN_POINT('',(-44.2493064529686,52.3189162186788,13.0106720634209));
#8828=CARTESIAN_POINT('',(-42.6015438048665,58.3892411212405,13.0239997908313));
#8829=CARTESIAN_POINT('',(-39.3930312298808,70.2093377878026,13.0499514538585));
#8830=CARTESIAN_POINT('',(0.0776564976586831,-87.2331678021439,11.5447804073434));
#8831=CARTESIAN_POINT('',(-112.609493712118,29.5901491234665,13.8379352952407));
#8832=CARTESIAN_POINT('',(-105.489965391019,29.5972446484296,13.7375608068359));
#8833=CARTESIAN_POINT('',(-74.4343391401766,47.5449976329654,10.9073633754937));
#8834=CARTESIAN_POINT('',(-83.4873039979938,22.3484774444051,10.8832630543711));
#8835=CARTESIAN_POINT('',(-109.655674212653,31.750215222808,11.3089917625508));
#8836=CARTESIAN_POINT('',(-109.655674212653,31.750215222808,11.3089917625508));
#8837=CARTESIAN_POINT('',(-110.002543820166,31.8748380811055,11.3146349244558));
#8838=CARTESIAN_POINT('',(-110.406771560248,31.7917644617207,11.3198358977449));
#8839=CARTESIAN_POINT('',(-110.67636405569,31.5403746930887,11.3221239490744));
#8840=CARTESIAN_POINT('',(-110.67636405569,31.5403746930887,11.3221239490744));
#8841=CARTESIAN_POINT('',(0.0776970740786527,-87.2331851327049,9.04448571452579));
#8842=CARTESIAN_POINT('',(-74.2413055699851,57.1631606683093,10.9625820138848));
#8843=CARTESIAN_POINT('',(-74.2407998632813,47.5450242545714,10.9046337653293));
#8844=CARTESIAN_POINT('',(108.912936257679,30.0949473280297,-3.7997092623185));
#8845=CARTESIAN_POINT('',(109.199991419295,30.1979416642306,-3.78944641900097));
#8846=CARTESIAN_POINT('',(109.422965768165,29.9896369309232,-3.78712200921559));
#8847=CARTESIAN_POINT('',(108.772240540366,29.9990007406567,1.09848370317413));
#8848=CARTESIAN_POINT('',(109.05923032612,30.1019748547308,1.10839537365536));
#8849=CARTESIAN_POINT('',(109.282184687696,29.8937700493363,1.11107095627756));
#8850=CARTESIAN_POINT('',(108.631530979009,29.9030491860912,5.99667617374328));
#8851=CARTESIAN_POINT('',(108.918445185808,30.0059961963344,6.00658366690014));
#8852=CARTESIAN_POINT('',(109.141389453577,29.7978984335714,6.00926342684479));
#8853=CARTESIAN_POINT('',(108.490807428015,29.8070926120957,10.8948681441337));
#8854=CARTESIAN_POINT('',(108.777635663955,29.9100055111237,10.9051247158232));
#8855=CARTESIAN_POINT('',(109.000579916913,29.7020220334649,10.9074553972366));
#8856=CARTESIAN_POINT('',(108.910072206455,30.0929942063616,-3.7));
#8857=CARTESIAN_POINT('',(109.083554833576,30.1552966469041,-3.7));
#8858=CARTESIAN_POINT('',(109.285729644858,30.1137335625517,-3.7));
#8859=CARTESIAN_POINT('',(109.420461755359,29.987931788262,-3.7));
#8860=CARTESIAN_POINT('',(109.420461755359,29.987931788262,-3.7));
#8861=CARTESIAN_POINT('',(108.910072206455,30.0929942063616,-3.7));
#8862=CARTESIAN_POINT('',(109.420461755359,29.987931788262,-3.7));
#8863=CARTESIAN_POINT('',(109.282362634561,29.8938912824173,1.10487386751072));
#8864=CARTESIAN_POINT('',(109.14424989359,29.7998462208302,5.90974725438099));
#8865=CARTESIAN_POINT('',(109.006123391925,29.7057965561403,10.7146201555826));
#8866=CARTESIAN_POINT('',(109.006123391925,29.7057965561405,10.7146201555819));
#8867=CARTESIAN_POINT('',(109.006123391925,29.7057965561403,10.7146201555826));
#8868=CARTESIAN_POINT('',(108.879927703319,29.8194796728706,10.8005469859213));
#8869=CARTESIAN_POINT('',(108.667421434185,29.8710541557868,10.8372209388899));
#8870=CARTESIAN_POINT('',(108.493910051609,29.8092082297836,10.7868744431136));
#8871=CARTESIAN_POINT('',(108.493910051609,29.8092082297836,10.7868744431136));
#8872=CARTESIAN_POINT('',(108.493910051609,29.8092082297836,10.7868744431136));
#8873=CARTESIAN_POINT('',(108.632644319287,29.9038084167828,5.9579167798835));
#8874=CARTESIAN_POINT('',(108.771364991095,29.9984037256342,1.12895863049585));
#8875=CARTESIAN_POINT('',(108.910072206455,30.0929942063616,-3.7));
#8876=CARTESIAN_POINT('',(81.4279222476506,20.1844524465555,0.499127346450163));
#8877=CARTESIAN_POINT('',(81.4155364274441,20.2189410574311,-3.7));
#8878=CARTESIAN_POINT('',(96.5208149228286,25.6436670426825,-3.7));
#8879=CARTESIAN_POINT('',(102.723669845662,27.7524794809311,9.11256714497951));
#8880=CARTESIAN_POINT('',(96.5053836981047,25.536050453403,7.30825371830267));
#8881=CARTESIAN_POINT('',(96.5148247558911,25.6018919181178,0.573236806717655));
#8882=CARTESIAN_POINT('',(96.1768449187756,26.5430048110703,0.581963342216029));
#8883=CARTESIAN_POINT('',(96.1828473184553,26.5848652461676,-3.7));
#8884=CARTESIAN_POINT('',(95.594017263004,25.776561265201,-3.7));
#8885=CARTESIAN_POINT('',(96.166411735142,26.4702443103284,8.02473827310713));
#8886=CARTESIAN_POINT('',(95.5784624101353,25.6680824994243,7.39644697636794));
#8887=CARTESIAN_POINT('',(95.5882994227418,25.7366853332467,0.378965697991053));
#8888=CARTESIAN_POINT('',(108.454190866188,19.7987693599699,5.92540081446274));
#8889=CARTESIAN_POINT('',(108.454822145451,19.8315620156235,3.0800599389256));
#8890=CARTESIAN_POINT('',(108.52637303165,23.5483696315049,5.95179949581809));
#8891=CARTESIAN_POINT('',(54.9718736118357,49.6736130817614,-3.10786056775579));
#8892=CARTESIAN_POINT('',(55.0577100993318,49.489536140294,-3.10462396906298));
#8893=CARTESIAN_POINT('',(54.9908308582587,49.2977433215276,-3.10230441739896));
#8894=CARTESIAN_POINT('',(54.941972897316,49.7377353709773,1.33198772913499));
#8895=CARTESIAN_POINT('',(55.029913397681,49.5491463590891,1.35149240529065));
#8896=CARTESIAN_POINT('',(54.9579813059336,49.3534072569662,1.33759196032822));
#8897=CARTESIAN_POINT('',(54.9113439547461,49.8034193502861,5.94498216964887));
#8898=CARTESIAN_POINT('',(55.0015238474012,49.6100279463028,5.96745427948594));
#8899=CARTESIAN_POINT('',(54.9241426123756,49.410615975056,5.95063235224417));
#8900=CARTESIAN_POINT('',(54.8800186184091,49.8705967508482,10.7306730978465));
#8901=CARTESIAN_POINT('',(54.9726212588838,49.6720097474929,10.7340668329997));
#8902=CARTESIAN_POINT('',(54.8893373107077,49.469322652852,10.7363668341127));
#8903=CARTESIAN_POINT('',(54.890709692758,49.4670077647153,10.5476847057723));
#8904=CARTESIAN_POINT('',(54.9061205845107,49.505580561279,10.5802502482578));
#8905=CARTESIAN_POINT('',(54.9167361758289,49.5456617510691,10.6125117822049));
#8906=CARTESIAN_POINT('',(54.9224118626415,49.5872961791907,10.6444609369243));
#8907=CARTESIAN_POINT('',(54.9224118626414,49.5872961791907,10.6444609369243));
#8908=CARTESIAN_POINT('',(54.890709692758,49.4670077647153,10.5476847057723));
#8909=CARTESIAN_POINT('',(54.9224118626414,49.5872961791907,10.6444609369243));
#8910=CARTESIAN_POINT('',(54.936144785168,49.6834540533859,10.6452339022837));
#8911=CARTESIAN_POINT('',(54.921627524605,49.7813661635562,10.6456189813322));
#8912=CARTESIAN_POINT('',(54.8805757150679,49.869402053208,10.6455703085559));
#8913=CARTESIAN_POINT('',(53.7125633594528,51.1911118414892,251.580911549433));
#8914=CARTESIAN_POINT('',(74.5802398912274,41.0405526284099,0.499127346450163));
#8915=CARTESIAN_POINT('',(102.868707671622,20.3996281367469,3.43575012890911));
#8916=CARTESIAN_POINT('',(93.0519584397584,27.4939155664367,8.76906421373682));
#8917=CARTESIAN_POINT('',(86.026274905183,32.5914738824673,10.7063596308989));
#8918=CARTESIAN_POINT('',(88.4311134551679,30.8396290445267,10.6905351101972));
#8919=CARTESIAN_POINT('',(90.827839438481,29.1012235561,9.97739957157));
#8920=CARTESIAN_POINT('',(93.0519584397584,27.4939155664367,8.76906421373665));
#8921=CARTESIAN_POINT('',(86.026274905179,32.5914738824625,10.7063596308935));
#8922=CARTESIAN_POINT('',(82.4935361325286,35.1644123253609,10.780004537281));
#8923=CARTESIAN_POINT('',(83.670972128523,34.3070519846336,10.7386748623781));
#8924=CARTESIAN_POINT('',(84.848551572442,33.4494061295187,10.7141093849345));
#8925=CARTESIAN_POINT('',(86.0262749051827,32.5914738824675,10.7063596308984));
#8926=CARTESIAN_POINT('',(82.4935361325286,35.1644123253609,10.780004537281));
#8927=CARTESIAN_POINT('',(82.4935241207206,35.1643754387089,10.7842313289386));
#8928=CARTESIAN_POINT('',(82.5346857912547,35.2907774105673,-3.7));
#8929=CARTESIAN_POINT('',(74.6018180769224,41.070171114604,-3.7));
#8930=CARTESIAN_POINT('',(82.2284230434757,34.8502665328788,0.466840346669173));
#8931=CARTESIAN_POINT('',(82.2402644802509,34.8866299976894,-3.7));
#8932=CARTESIAN_POINT('',(82.2402768799002,35.3866490368823,-3.7));
#8933=CARTESIAN_POINT('',(82.4935361325286,35.1644123253609,10.7800045372803));
#8934=CARTESIAN_POINT('',(82.4053994186779,35.2285898460709,10.783098261052));
#8935=CARTESIAN_POINT('',(82.2991659556222,35.2604814193003,10.7573769887511));
#8936=CARTESIAN_POINT('',(82.1993148110306,35.2608600149759,10.7139942213359));
#8937=CARTESIAN_POINT('',(82.1993148110306,35.2608600149759,10.713994221336));
#8938=CARTESIAN_POINT('',(82.2402781946742,35.386653074377,-3.70046265106851));
#8939=CARTESIAN_POINT('',(74.15,35.3500038076933,0.499127346450163));
#8940=CARTESIAN_POINT('',(74.15,35.3866490368823,-3.7));
#8941=CARTESIAN_POINT('',(73.8866147677854,35.3866490368823,-3.7));
#8942=CARTESIAN_POINT('',(73.7915390329817,35.291573302082,7.19460011082782));
#8943=CARTESIAN_POINT('',(76.6105232335195,35.281678675523,8.32841201174603));
#8944=CARTESIAN_POINT('',(79.4124380356983,35.2714267390728,9.50316757079022));
#8945=CARTESIAN_POINT('',(82.1993148110306,35.2608600149759,10.713994221336));
#8946=CARTESIAN_POINT('',(73.7915390329817,35.291573302082,7.19460011082782));
#8947=CARTESIAN_POINT('',(73.8499923849028,35.3500266539997,0.496509419033684));
#8948=CARTESIAN_POINT('',(73.8499923849028,36.3499885770639,0.505235954532058));
#8949=CARTESIAN_POINT('',(73.8866909231069,36.3866871152681,-3.7));
#8950=CARTESIAN_POINT('',(72.8866528447212,36.3866109599465,-3.7));
#8951=CARTESIAN_POINT('',(73.791539032985,35.291573302082,7.19460011081981));
#8952=CARTESIAN_POINT('',(73.5318205391801,35.2924849132596,7.09013981653778));
#8953=CARTESIAN_POINT('',(72.9655876287835,35.5403281866247,7.02877255205371));
#8954=CARTESIAN_POINT('',(72.790586282546,36.0572939368903,7.30813768235203));
#8955=CARTESIAN_POINT('',(72.7892242215308,36.289182336751,7.46421441533357));
#8956=CARTESIAN_POINT('',(72.7892242215309,36.2891823367505,7.46421441533326));
#8957=CARTESIAN_POINT('',(72.8503122043439,36.3502703195692,0.464224925667066));
#8958=CARTESIAN_POINT('',(72.85,40.4499999999997,0.5));
#8959=CARTESIAN_POINT('',(72.7728259504738,39.0728411810986,9.34327016021299));
#8960=CARTESIAN_POINT('',(72.7783027711887,38.1457845532242,8.71568866749618));
#8961=CARTESIAN_POINT('',(72.7837690600299,37.2179136185994,8.08931400796595));
#8962=CARTESIAN_POINT('',(72.7892242215309,36.2891823367505,7.46421441533327));
#8963=CARTESIAN_POINT('',(72.7728259504738,39.0728411810986,9.34327016021299));
#8964=CARTESIAN_POINT('',(72.7699261486945,39.0699413793236,9.675554531748));
#8965=CARTESIAN_POINT('',(72.8866528447212,39.1866680753503,-3.7));
#8966=CARTESIAN_POINT('',(72.8866528447212,40.4499999999997,-3.7));
#8967=CARTESIAN_POINT('',(72.3501180279181,39.1501142200793,0.484293664774205));
#8968=CARTESIAN_POINT('',(72.3866338055283,39.1866299976895,-3.7));
#8969=CARTESIAN_POINT('',(72.3866718831891,39.6866490368823,-3.7));
#8970=CARTESIAN_POINT('',(72.7728259504739,39.072841181103,9.34327016020653));
#8971=CARTESIAN_POINT('',(72.7714571033738,39.3045447264212,9.50012450164198));
#8972=CARTESIAN_POINT('',(72.5336845956237,39.5706843054483,9.58824203763202));
#8973=CARTESIAN_POINT('',(72.2715900265795,39.5715671802728,9.48707460326686));
#8974=CARTESIAN_POINT('',(72.2715900265795,39.5715671802728,9.48707460326687));
#8975=CARTESIAN_POINT('',(72.3867099550509,39.6866871087442,-3.70436260325298));
#8976=CARTESIAN_POINT('',(74.15,39.6500038076933,0.499127346450163));
#8977=CARTESIAN_POINT('',(74.15,39.6866490368823,-3.7));
#8978=CARTESIAN_POINT('',(55.9402899687275,39.6866490368824,-3.7));
#8979=CARTESIAN_POINT('',(55.8754296486317,39.6217887167866,3.73225652672845));
#8980=CARTESIAN_POINT('',(61.4043012853155,39.6066318938442,5.46905640794422));
#8981=CARTESIAN_POINT('',(66.8651778885495,39.58977887075,7.40022157491238));
#8982=CARTESIAN_POINT('',(72.2715900265796,39.5715671802728,9.48707460326686));
#8983=CARTESIAN_POINT('',(55.8754296486317,39.6217887167866,3.73225652672846));
#8984=CARTESIAN_POINT('',(55.9050341378746,39.6513932060295,0.339918066620076));
#8985=CARTESIAN_POINT('',(55.9050341378746,40.6513551290937,0.348644602118449));
#8986=CARTESIAN_POINT('',(55.940366124049,40.6866871152681,-3.7));
#8987=CARTESIAN_POINT('',(54.9403280456633,40.6866109599466,-3.7));
#8988=CARTESIAN_POINT('',(55.8754296486317,39.6217887167866,3.73225652672846));
#8989=CARTESIAN_POINT('',(55.6050332598844,39.6225299801868,3.64731615431293));
#8990=CARTESIAN_POINT('',(55.0360953126991,39.887829071139,3.65938287674468));
#8991=CARTESIAN_POINT('',(54.8733933890142,40.3886882571563,3.96995195227949));
#8992=CARTESIAN_POINT('',(54.871954085789,40.6182370000724,4.13487976597488));
#8993=CARTESIAN_POINT('',(54.8719540857891,40.6182370000724,4.13487976597492));
#8994=CARTESIAN_POINT('',(54.9036675897591,40.6499505040424,0.500872155182109));
#8995=CARTESIAN_POINT('',(54.9036828164743,40.4499999999997,0.499127346450163));
#8996=CARTESIAN_POINT('',(54.9403280456633,40.4499999999997,-3.7));
#8997=CARTESIAN_POINT('',(54.9403280456633,48.9633852322144,-3.7));
#8998=CARTESIAN_POINT('',(54.818598763741,49.0851145141367,10.2487940966855));
#8999=CARTESIAN_POINT('',(54.8364391399478,46.267395129379,8.20448946934924));
#9000=CARTESIAN_POINT('',(54.8542275324145,43.4453744456824,6.16614158861638));
#9001=CARTESIAN_POINT('',(54.8719540857891,40.6182370000724,4.13487976597492));
#9002=CARTESIAN_POINT('',(54.818598763741,49.0851145141367,10.2487940966855));
#9003=CARTESIAN_POINT('',(54.9043338724209,48.9993794054568,0.424523724364873));
#9004=CARTESIAN_POINT('',(55.9042957954851,48.9993794054568,0.433250259863247));
#9005=CARTESIAN_POINT('',(55.940366124049,48.9633090768929,-3.7));
#9006=CARTESIAN_POINT('',(54.818598763741,49.0851145141367,10.2487940966855));
#9007=CARTESIAN_POINT('',(54.8177501224634,49.2191494106542,10.3460387551343));
#9008=CARTESIAN_POINT('',(54.8424669144737,49.3462581739526,10.4457404269436));
#9009=CARTESIAN_POINT('',(54.890709692758,49.4670077647153,10.5476847057723));
#9010=CARTESIAN_POINT('',(-1.68062823160164E-5,-87.2000384677619,-4.2));
#9011=CARTESIAN_POINT('',(53.1436359282545,38.4114938651861,-4.2));
#9012=CARTESIAN_POINT('',(53.1436359282545,38.4114938651861,3.57531441848635));
#9013=CARTESIAN_POINT('',(53.1436359282545,38.4114938651861,5.18877349589983));
#9014=CARTESIAN_POINT('',(53.1436359282545,38.4114938651861,5.18877346987069));
#9015=CARTESIAN_POINT('',(51.2947307107428,39.1937275900169,5.188773475518));
#9016=CARTESIAN_POINT('',(49.4294973977467,39.9347642215745,5.18877349185226));
#9017=CARTESIAN_POINT('',(47.547937762492,40.6346082338504,5.18877351887232));
#9018=CARTESIAN_POINT('',(47.547937762492,40.6346082338504,5.1887735188707));
#9019=CARTESIAN_POINT('',(-1.68062823160164E-5,-87.2000384677619,5054.8104820016));
#9020=CARTESIAN_POINT('',(47.5785326310312,40.6232243385106,3.50000000000011));
#9021=CARTESIAN_POINT('',(-1.68062823160164E-5,-87.2000384677619,2.25197941598162));
#9022=CARTESIAN_POINT('',(42.7432222976432,58.4387586164414,3.5000000000001));
#9023=CARTESIAN_POINT('',(42.7432222976432,58.4387586164414,3.5000000000001));
#9024=CARTESIAN_POINT('',(40.2153441160949,67.7526386548816,3.5000000000001));
#9025=CARTESIAN_POINT('',(-0.0823960545840695,-87.2223630954843,2.25063783921954));
#9026=CARTESIAN_POINT('',(43.0100362949115,66.99891111574,3.53929119227006));
#9027=CARTESIAN_POINT('',(45.1556389443327,59.0935121005749,3.53929119227007));
#9028=CARTESIAN_POINT('',(49.83549481785,41.8507444224136,3.53929119227007));
#9029=CARTESIAN_POINT('',(2.64599337607023,-86.4818515058942,2.29507530148556));
#9030=CARTESIAN_POINT('',(52.4827029963763,40.8466784741206,3.57531441848634));
#9031=CARTESIAN_POINT('',(47.3674076785179,59.6938077778546,3.57531441848633));
#9032=CARTESIAN_POINT('',(45.0875930665547,59.0750437834966,8.02495815886594));
#9033=CARTESIAN_POINT('',(42.9587828496245,66.7652936248811,10.5792030586307));
#9034=CARTESIAN_POINT('',(42.9758672742016,66.8431663321372,8.23256577640636));
#9035=CARTESIAN_POINT('',(42.9929517560521,66.9210388287659,5.88592848760934));
#9036=CARTESIAN_POINT('',(43.0100362949115,66.99891111574,3.53929119227006));
#9037=CARTESIAN_POINT('',(42.9587828496245,66.7652936248811,10.5792030586307));
#9038=CARTESIAN_POINT('',(45.0505113630711,59.0594072830603,10.5622843674127));
#9039=CARTESIAN_POINT('',(46.8506619894929,52.4276880918792,10.5477240684071));
#9040=CARTESIAN_POINT('',(49.83549481785,41.8507444224136,3.53929119227006));
#9041=CARTESIAN_POINT('',(48.8364449104061,45.3931692476638,5.8479416998527));
#9042=CARTESIAN_POINT('',(47.8417830555842,48.9176630728634,8.1859772553009));
#9043=CARTESIAN_POINT('',(46.8506619894929,52.4276880918792,10.5477240684071));
#9044=CARTESIAN_POINT('',(74.4343391401766,47.5449976329654,10.9073633754937));
#9045=CARTESIAN_POINT('',(2.6161099376966,-86.0826354597974,9.08941154327565));
#9046=CARTESIAN_POINT('',(-0.076500307063754,-87.2326739825402,9.04450567354651));
#9047=CARTESIAN_POINT('',(72.786674306476,55.0992226103071,10.929631722146));
#9048=CARTESIAN_POINT('',(73.0589718793931,54.6538697701682,10.9307894641547));
#9049=CARTESIAN_POINT('',(73.0589621716924,54.838547919231,10.9319018564759));
#9050=CARTESIAN_POINT('',(72.9510599527891,55.0150696101114,10.9314433454668));
#9051=CARTESIAN_POINT('',(72.7866743064761,55.099222610307,10.929631722146));
#9052=CARTESIAN_POINT('',(73.0582051345933,54.6509144478261,11.0186497157542));
#9053=CARTESIAN_POINT('',(73.0581154113885,54.956594298502,11.0289309766759));
#9054=CARTESIAN_POINT('',(72.7857897524094,55.095803857611,11.0312369688571));
#9055=CARTESIAN_POINT('',(73.1013132310882,54.8170693242416,6.07895112875934));
#9056=CARTESIAN_POINT('',(73.1012265733469,55.1228413909819,6.0888811072484));
#9057=CARTESIAN_POINT('',(72.8287937347946,55.2620119895867,6.09153838186615));
#9058=CARTESIAN_POINT('',(73.1444213318973,54.9832095158528,1.13925204740779));
#9059=CARTESIAN_POINT('',(73.144334637609,55.2890615825105,1.14918623408127));
#9060=CARTESIAN_POINT('',(72.8717980500045,55.4282052222924,1.15183930050645));
#9061=CARTESIAN_POINT('',(73.1875294369662,55.1493351756868,-3.80044752207579));
#9062=CARTESIAN_POINT('',(73.1874396590585,55.4552552485467,-3.79015999281951));
#9063=CARTESIAN_POINT('',(72.914802694858,55.5943837119128,-3.78786026897288));
#9064=CARTESIAN_POINT('',(72.7866743064761,55.0992226103069,10.929631722146));
#9065=CARTESIAN_POINT('',(72.8291284777096,55.2633055317854,6.05308829877443));
#9066=CARTESIAN_POINT('',(72.8715829732707,55.4273739337462,1.17654438969595));
#9067=CARTESIAN_POINT('',(72.9140377901429,55.5914279664712,-3.7));
#9068=CARTESIAN_POINT('',(72.9140377901429,55.5914279664712,-3.7));
#9069=CARTESIAN_POINT('',(72.9140377901429,55.5914279664712,-3.7));
#9070=CARTESIAN_POINT('',(73.0786142640769,55.5073897618626,-3.7));
#9071=CARTESIAN_POINT('',(73.1866528447212,55.3307456522384,-3.7));
#9072=CARTESIAN_POINT('',(73.1866528447212,55.1459570510528,-3.7));
#9073=CARTESIAN_POINT('',(0.,0.,-3.7));
#9074=CARTESIAN_POINT('',(81.0178197582496,21.3263925797334,-3.7));
#9075=CARTESIAN_POINT('',(108.22154698558,31.0960082826732,-3.7));
#9076=CARTESIAN_POINT('',(-5.33738259979614E-15,-87.2,-3.7));
#9077=CARTESIAN_POINT('',(-5.33738259979614E-15,-87.2,-3.7));
#9078=CARTESIAN_POINT('',(74.1133471552788,54.9726435746604,-3.7));
#9079=CARTESIAN_POINT('',(74.1133471552788,40.4499999999997,-3.7));
#9080=CARTESIAN_POINT('',(74.15,40.4499999999997,0.5));
#9081=CARTESIAN_POINT('',(74.0958934196973,55.0582369068794,-5.70000000000001));
#9082=CARTESIAN_POINT('',(74.1017113315578,55.0297057961398,-5.03333333333334));
#9083=CARTESIAN_POINT('',(74.1075292434183,55.0011746854001,-4.36666666666667));
#9084=CARTESIAN_POINT('',(74.1133471552788,54.9726435746604,-3.7));
#9085=CARTESIAN_POINT('',(74.0958934196973,55.0582369068794,-5.7));
#9086=CARTESIAN_POINT('',(74.0958934196973,9.9618666880755,-5.7));
#9087=CARTESIAN_POINT('',(74.0958934196973,57.8727948316764,-5.7));
#9088=CARTESIAN_POINT('',(74.2413055699851,57.1631606683093,10.9625820138848));
#9089=CARTESIAN_POINT('',(74.1928349411344,57.3999419433799,5.40839808296416));
#9090=CARTESIAN_POINT('',(74.1443642239421,57.6364855082332,-0.145795970904105));
#9091=CARTESIAN_POINT('',(74.0958934196973,57.8727948316765,-5.7));
#9092=CARTESIAN_POINT('',(-90.7214555928098,9.9618666880755,-5.7));
#9093=CARTESIAN_POINT('',(-74.0958934196973,9.9618666880755,-5.7));
#9094=CARTESIAN_POINT('',(-74.0958934196973,57.8727948316764,-5.7));
#9095=CARTESIAN_POINT('',(-74.0958934196973,55.0582369068794,-5.7));
#9096=CARTESIAN_POINT('',(5.33738259979614E-15,-87.2,-5.7));
#9097=CARTESIAN_POINT('',(5.33738259979614E-15,-87.2,-5.7));
#9098=CARTESIAN_POINT('',(-74.15,40.4499999999997,0.5));
#9099=CARTESIAN_POINT('',(-74.1133471552788,40.4499999999997,-3.7));
#9100=CARTESIAN_POINT('',(-74.1133471552788,54.9726435746604,-3.7));
#9101=CARTESIAN_POINT('',(-74.2413055699851,57.1631606683093,10.9625820138848));
#9102=CARTESIAN_POINT('',(-74.1928349411344,57.3999419433799,5.40839808296416));
#9103=CARTESIAN_POINT('',(-74.1443642239421,57.6364855082332,-0.145795970904105));
#9104=CARTESIAN_POINT('',(-74.0958934196973,57.8727948316765,-5.7));
#9105=CARTESIAN_POINT('',(-74.0958934196973,55.0582369068794,-5.70000000000001));
#9106=CARTESIAN_POINT('',(-74.1017113315578,55.0297057961398,-5.03333333333334));
#9107=CARTESIAN_POINT('',(-74.1075292434183,55.0011746854001,-4.36666666666667));
#9108=CARTESIAN_POINT('',(-74.1133471552788,54.9726435746604,-3.7));
#9109=CARTESIAN_POINT('',(0.,0.,-3.7));
#9110=CARTESIAN_POINT('',(5.33738259979614E-15,-87.2,-3.7));
#9111=CARTESIAN_POINT('',(-72.9140377901429,55.5914279664712,-3.7));
#9112=CARTESIAN_POINT('',(-72.9140377901429,55.5914279664712,-3.7));
#9113=CARTESIAN_POINT('',(-73.0786142640769,55.5073897618626,-3.7));
#9114=CARTESIAN_POINT('',(-73.1866528447212,55.3307456522384,-3.7));
#9115=CARTESIAN_POINT('',(-73.1866528447212,55.1459570510528,-3.7));
#9116=CARTESIAN_POINT('',(-55.940366124049,48.9633090768929,-3.7));
#9117=CARTESIAN_POINT('',(-54.9403280456633,48.9633852322144,-3.7));
#9118=CARTESIAN_POINT('',(-54.9403280456633,40.4499999999997,-3.7));
#9119=CARTESIAN_POINT('',(-54.9403280456633,40.6866109599466,-3.7));
#9120=CARTESIAN_POINT('',(-55.940366124049,40.6866871152681,-3.7));
#9121=CARTESIAN_POINT('',(-55.9402899687275,39.6866490368824,-3.7));
#9122=CARTESIAN_POINT('',(-74.15,39.6866490368823,-3.7));
#9123=CARTESIAN_POINT('',(-72.3866718831891,39.6866490368823,-3.7));
#9124=CARTESIAN_POINT('',(-72.3866338055283,39.1866299976895,-3.7));
#9125=CARTESIAN_POINT('',(-72.8866528447212,39.1866680753503,-3.7));
#9126=CARTESIAN_POINT('',(-72.8866528447212,40.4499999999997,-3.7));
#9127=CARTESIAN_POINT('',(-72.8866528447212,36.3866109599465,-3.7));
#9128=CARTESIAN_POINT('',(-73.8866909231069,36.3866871152681,-3.7));
#9129=CARTESIAN_POINT('',(-73.8866147677854,35.3866490368823,-3.7));
#9130=CARTESIAN_POINT('',(-74.15,35.3866490368823,-3.7));
#9131=CARTESIAN_POINT('',(-82.2402768799002,35.3866490368823,-3.7));
#9132=CARTESIAN_POINT('',(-82.2402644802509,34.8866299976894,-3.7));
#9133=CARTESIAN_POINT('',(-82.5346857912547,35.2907774105673,-3.7));
#9134=CARTESIAN_POINT('',(-74.6018180769224,41.070171114604,-3.7));
#9135=CARTESIAN_POINT('',(-95.594017263004,25.776561265201,-3.7));
#9136=CARTESIAN_POINT('',(-96.1828473184553,26.5848652461676,-3.7));
#9137=CARTESIAN_POINT('',(-96.5208149228286,25.6436670426825,-3.7));
#9138=CARTESIAN_POINT('',(-81.4155364274441,20.2189410574311,-3.7));
#9139=CARTESIAN_POINT('',(-108.910072206455,30.0929942063616,-3.7));
#9140=CARTESIAN_POINT('',(-108.910072206455,30.0929942063616,-3.7));
#9141=CARTESIAN_POINT('',(-109.083554833576,30.1552966469041,-3.7));
#9142=CARTESIAN_POINT('',(-109.285729644858,30.1137335625517,-3.7));
#9143=CARTESIAN_POINT('',(-109.420461755359,29.987931788262,-3.7));
#9144=CARTESIAN_POINT('',(-109.420461755359,29.987931788262,-3.7));
#9145=CARTESIAN_POINT('',(5.33738259979614E-15,-87.2,-3.7));
#9146=CARTESIAN_POINT('',(-108.22154698558,31.0960082826732,-3.7));
#9147=CARTESIAN_POINT('',(-81.0178197582496,21.3263925797334,-3.7));
#9148=CARTESIAN_POINT('',(-72.7857897524094,55.095803857611,11.0312369688571));
#9149=CARTESIAN_POINT('',(-73.0581154113885,54.956594298502,11.0289309766759));
#9150=CARTESIAN_POINT('',(-73.0582051345933,54.6509144478261,11.0186497157542));
#9151=CARTESIAN_POINT('',(-72.8287937347738,55.2620119895974,6.0915383818646));
#9152=CARTESIAN_POINT('',(-73.1012265733946,55.1228413909644,6.08888110703784));
#9153=CARTESIAN_POINT('',(-73.1013132310882,54.817069324293,6.07895112875934));
#9154=CARTESIAN_POINT('',(-72.8717980500391,55.4282052222746,1.15183930051011));
#9155=CARTESIAN_POINT('',(-73.1443346376045,55.2890615822878,1.14918623427714));
#9156=CARTESIAN_POINT('',(-73.1444213318973,54.9832095157671,1.13925204740887));
#9157=CARTESIAN_POINT('',(-72.914802694858,55.5943837119128,-3.78786026897288));
#9158=CARTESIAN_POINT('',(-73.1874396590585,55.4552552485467,-3.79015999281952));
#9159=CARTESIAN_POINT('',(-73.1875294369662,55.1493351756868,-3.80044752207579));
#9160=CARTESIAN_POINT('',(-73.0589718793931,54.6538697701682,10.9307894641547));
#9161=CARTESIAN_POINT('',(-73.0589621716924,54.838547919231,10.9319018564759));
#9162=CARTESIAN_POINT('',(-72.9510599527891,55.0150696101114,10.9314433454668));
#9163=CARTESIAN_POINT('',(-72.7866743064761,55.099222610307,10.929631722146));
#9164=CARTESIAN_POINT('',(-72.786674306476,55.0992226103071,10.929631722146));
#9165=CARTESIAN_POINT('',(-72.7866743064761,55.0992226103069,10.929631722146));
#9166=CARTESIAN_POINT('',(-72.8291284777096,55.2633055317854,6.05308829877443));
#9167=CARTESIAN_POINT('',(-72.8715829732707,55.4273739337462,1.17654438969595));
#9168=CARTESIAN_POINT('',(-72.9140377901429,55.5914279664712,-3.7));
#9169=CARTESIAN_POINT('',(1.68062823160164E-5,-87.2000384677619,-4.2));
#9170=CARTESIAN_POINT('',(-53.1436359282545,38.4114938651861,-4.2));
#9171=CARTESIAN_POINT('',(-53.1436359282545,38.4114938651861,5.18877349589983));
#9172=CARTESIAN_POINT('',(-53.1436359282545,38.4114938651861,3.57531441848635));
#9173=CARTESIAN_POINT('',(1.68062823160164E-5,-87.2000384677619,2.25197941598162));
#9174=CARTESIAN_POINT('',(-47.5785326310312,40.6232243385106,3.50000000000011));
#9175=CARTESIAN_POINT('',(1.68062823160164E-5,-87.2000384677619,5054.8104820016));
#9176=CARTESIAN_POINT('',(-47.547937762492,40.6346082338504,5.1887735188707));
#9177=CARTESIAN_POINT('',(-53.1436359282545,38.4114938651861,5.18877346987069));
#9178=CARTESIAN_POINT('',(-51.2947307107428,39.1937275900169,5.188773475518));
#9179=CARTESIAN_POINT('',(-49.4294973977467,39.9347642215745,5.18877349185226));
#9180=CARTESIAN_POINT('',(-47.547937762492,40.6346082338504,5.18877351887232));
#9181=CARTESIAN_POINT('',(-54.9036828164743,40.4499999999997,0.499127346450163));
#9182=CARTESIAN_POINT('',(-54.9043338724209,48.9993794054568,0.424523724364873));
#9183=CARTESIAN_POINT('',(-54.818598763741,49.0851145141367,10.2487940966855));
#9184=CARTESIAN_POINT('',(-54.818598763741,49.0851145141367,10.2487940966855));
#9185=CARTESIAN_POINT('',(-54.8364391399478,46.267395129379,8.20448946934924));
#9186=CARTESIAN_POINT('',(-54.8542275324145,43.4453744456824,6.16614158861638));
#9187=CARTESIAN_POINT('',(-54.8719540857891,40.6182370000724,4.13487976597492));
#9188=CARTESIAN_POINT('',(-54.8719540857891,40.6182370000724,4.13487976597492));
#9189=CARTESIAN_POINT('',(-54.9036675897591,40.6499505040424,0.500872155182109));
#9190=CARTESIAN_POINT('',(-55.9050341378746,40.6513551290937,0.348644602118449));
#9191=CARTESIAN_POINT('',(-55.8754296486317,39.6217887167866,3.73225652672846));
#9192=CARTESIAN_POINT('',(-55.6050332598844,39.6225299801868,3.64731615431293));
#9193=CARTESIAN_POINT('',(-55.0360953126991,39.887829071139,3.65938287674468));
#9194=CARTESIAN_POINT('',(-54.8733933890142,40.3886882571563,3.96995195227949));
#9195=CARTESIAN_POINT('',(-54.871954085789,40.6182370000724,4.13487976597488));
#9196=CARTESIAN_POINT('',(-55.8754296486317,39.6217887167866,3.73225652672846));
#9197=CARTESIAN_POINT('',(-55.9050341378746,39.6513932060295,0.339918066620076));
#9198=CARTESIAN_POINT('',(-74.15,39.6500038076933,0.499127346450163));
#9199=CARTESIAN_POINT('',(-55.8754296486317,39.6217887167866,3.73225652672845));
#9200=CARTESIAN_POINT('',(-61.4043012853155,39.6066318938442,5.46905640794422));
#9201=CARTESIAN_POINT('',(-66.8651778885495,39.58977887075,7.40022157491238));
#9202=CARTESIAN_POINT('',(-72.2715900265796,39.5715671802728,9.48707460326686));
#9203=CARTESIAN_POINT('',(-72.2715900265795,39.5715671802728,9.48707460326687));
#9204=CARTESIAN_POINT('',(-72.3867099550509,39.6866871087442,-3.70436260325298));
#9205=CARTESIAN_POINT('',(-72.3501180279181,39.1501142200793,0.484293664774205));
#9206=CARTESIAN_POINT('',(-72.7728259504739,39.072841181103,9.34327016020653));
#9207=CARTESIAN_POINT('',(-72.7714571033738,39.3045447264212,9.50012450164198));
#9208=CARTESIAN_POINT('',(-72.5336845956237,39.5706843054483,9.58824203763202));
#9209=CARTESIAN_POINT('',(-72.2715900265795,39.5715671802728,9.48707460326686));
#9210=CARTESIAN_POINT('',(-72.7728259504738,39.0728411810986,9.34327016021299));
#9211=CARTESIAN_POINT('',(-72.7699261486945,39.0699413793236,9.675554531748));
#9212=CARTESIAN_POINT('',(-72.85,40.4499999999997,0.5));
#9213=CARTESIAN_POINT('',(-72.7728259504738,39.0728411810986,9.34327016021299));
#9214=CARTESIAN_POINT('',(-72.7783027711887,38.1457845532242,8.71568866749618));
#9215=CARTESIAN_POINT('',(-72.7837690600299,37.2179136185994,8.08931400796595));
#9216=CARTESIAN_POINT('',(-72.7892242215309,36.2891823367505,7.46421441533327));
#9217=CARTESIAN_POINT('',(-72.7892242215309,36.2891823367505,7.46421441533326));
#9218=CARTESIAN_POINT('',(-72.8503122043439,36.3502703195692,0.464224925667066));
#9219=CARTESIAN_POINT('',(-73.8499923849028,36.3499885770639,0.505235954532058));
#9220=CARTESIAN_POINT('',(-73.791539032985,35.291573302082,7.19460011081981));
#9221=CARTESIAN_POINT('',(-73.5318205391801,35.2924849132596,7.09013981653778));
#9222=CARTESIAN_POINT('',(-72.9655876287835,35.5403281866247,7.02877255205371));
#9223=CARTESIAN_POINT('',(-72.790586282546,36.0572939368903,7.30813768235203));
#9224=CARTESIAN_POINT('',(-72.7892242215308,36.289182336751,7.46421441533357));
#9225=CARTESIAN_POINT('',(-73.7915390329817,35.291573302082,7.19460011082782));
#9226=CARTESIAN_POINT('',(-73.8499923849028,35.3500266539997,0.496509419033684));
#9227=CARTESIAN_POINT('',(-74.15,35.3500038076933,0.499127346450163));
#9228=CARTESIAN_POINT('',(-73.7915390329817,35.291573302082,7.19460011082782));
#9229=CARTESIAN_POINT('',(-76.6105232335195,35.281678675523,8.32841201174603));
#9230=CARTESIAN_POINT('',(-79.4124380356983,35.2714267390728,9.50316757079022));
#9231=CARTESIAN_POINT('',(-82.1993148110306,35.2608600149759,10.713994221336));
#9232=CARTESIAN_POINT('',(-82.1993148110306,35.2608600149759,10.713994221336));
#9233=CARTESIAN_POINT('',(-82.2402781946742,35.386653074377,-3.70046265106851));
#9234=CARTESIAN_POINT('',(-82.2284230434757,34.8502665328788,0.466840346669173));
#9235=CARTESIAN_POINT('',(-82.4935361325286,35.1644123253609,10.7800045372803));
#9236=CARTESIAN_POINT('',(-82.4053994186779,35.2285898460709,10.783098261052));
#9237=CARTESIAN_POINT('',(-82.2991659556222,35.2604814193003,10.7573769887511));
#9238=CARTESIAN_POINT('',(-82.1993148110306,35.2608600149759,10.7139942213359));
#9239=CARTESIAN_POINT('',(-82.4935361325286,35.1644123253609,10.780004537281));
#9240=CARTESIAN_POINT('',(-82.4935241207206,35.1643754387089,10.7842313289386));
#9241=CARTESIAN_POINT('',(-42.7432222976432,58.4387586164414,3.5000000000001));
#9242=CARTESIAN_POINT('',(-42.7432222976432,58.4387586164414,3.5000000000001));
#9243=CARTESIAN_POINT('',(-40.2153441160949,67.7526386548816,3.5000000000001));
#9244=CARTESIAN_POINT('',(-47.3674076785179,59.6938077778546,3.57531441848633));
#9245=CARTESIAN_POINT('',(-52.4827029963763,40.8466784741206,3.57531441848634));
#9246=CARTESIAN_POINT('',(-2.64599337607023,-86.4818515058942,2.29507530148556));
#9247=CARTESIAN_POINT('',(-49.83549481785,41.8507444224136,3.53929119227007));
#9248=CARTESIAN_POINT('',(-45.1556389443327,59.0935121005749,3.53929119227007));
#9249=CARTESIAN_POINT('',(-43.0100362949115,66.99891111574,3.53929119227006));
#9250=CARTESIAN_POINT('',(0.0823960545840695,-87.2223630954843,2.25063783921954));
#9251=CARTESIAN_POINT('',(-45.0875930665547,59.0750437834966,8.02495815886594));
#9252=CARTESIAN_POINT('',(-42.9587828496245,66.7652936248811,10.5792030586307));
#9253=CARTESIAN_POINT('',(-42.9758672742016,66.8431663321372,8.23256577640636));
#9254=CARTESIAN_POINT('',(-42.9929517560521,66.9210388287659,5.88592848760934));
#9255=CARTESIAN_POINT('',(-43.0100362949115,66.99891111574,3.53929119227006));
#9256=CARTESIAN_POINT('',(-42.9587828496245,66.7652936248811,10.5792030586307));
#9257=CARTESIAN_POINT('',(-49.83549481785,41.8507444224136,3.53929119227006));
#9258=CARTESIAN_POINT('',(-48.8364449104061,45.3931692476638,5.8479416998527));
#9259=CARTESIAN_POINT('',(-47.8417830555842,48.9176630728634,8.1859772553009));
#9260=CARTESIAN_POINT('',(-46.8506619894929,52.4276880918792,10.5477240684071));
#9261=CARTESIAN_POINT('',(-46.8506619894929,52.4276880918792,10.5477240684071));
#9262=CARTESIAN_POINT('',(-45.0505113630711,59.0594072830603,10.5622843674127));
#9263=CARTESIAN_POINT('',(-74.4343391401766,47.5449976329654,10.9073633754937));
#9264=CARTESIAN_POINT('',(0.076500307063754,-87.2326739825402,9.04450567354651));
#9265=CARTESIAN_POINT('',(-2.6161099376966,-86.0826354597974,9.08941154327565));
#9266=CARTESIAN_POINT('',(-54.9224118626414,49.5872961791907,10.6444609369243));
#9267=CARTESIAN_POINT('',(-54.9224118626414,49.5872961791907,10.6444609369243));
#9268=CARTESIAN_POINT('',(-54.936144785168,49.6834540533859,10.6452339022837));
#9269=CARTESIAN_POINT('',(-54.921627524605,49.7813661635562,10.6456189813322));
#9270=CARTESIAN_POINT('',(-54.8805757150679,49.869402053208,10.6455703085559));
#9271=CARTESIAN_POINT('',(-54.9908308582587,49.2977433215276,-3.10230441739896));
#9272=CARTESIAN_POINT('',(-55.0577100993318,49.489536140294,-3.10462396906298));
#9273=CARTESIAN_POINT('',(-54.9718736118357,49.6736130817614,-3.10786056775579));
#9274=CARTESIAN_POINT('',(-54.9579813059336,49.3534072569662,1.33759196032822));
#9275=CARTESIAN_POINT('',(-55.029913397681,49.5491463590891,1.35149240529065));
#9276=CARTESIAN_POINT('',(-54.941972897316,49.7377353709773,1.33198772913499));
#9277=CARTESIAN_POINT('',(-54.9241426123756,49.410615975056,5.95063235224417));
#9278=CARTESIAN_POINT('',(-55.0015238474012,49.6100279463028,5.96745427948594));
#9279=CARTESIAN_POINT('',(-54.9113439547461,49.8034193502861,5.94498216964887));
#9280=CARTESIAN_POINT('',(-54.8893373107077,49.469322652852,10.7363668341127));
#9281=CARTESIAN_POINT('',(-54.9726212588838,49.6720097474929,10.7340668329997));
#9282=CARTESIAN_POINT('',(-54.8800186184091,49.8705967508482,10.7306730978465));
#9283=CARTESIAN_POINT('',(-54.890709692758,49.4670077647153,10.5476847057723));
#9284=CARTESIAN_POINT('',(-54.9061205845107,49.505580561279,10.5802502482578));
#9285=CARTESIAN_POINT('',(-54.9167361758289,49.5456617510691,10.6125117822049));
#9286=CARTESIAN_POINT('',(-54.9224118626415,49.5872961791907,10.6444609369243));
#9287=CARTESIAN_POINT('',(-54.890709692758,49.4670077647153,10.5476847057723));
#9288=CARTESIAN_POINT('',(-53.7125633594528,51.1911118414892,251.580911549433));
#9289=CARTESIAN_POINT('',(-55.9042957954851,48.9993794054568,0.433250259863247));
#9290=CARTESIAN_POINT('',(-54.818598763741,49.0851145141367,10.2487940966855));
#9291=CARTESIAN_POINT('',(-54.8177501224634,49.2191494106542,10.3460387551343));
#9292=CARTESIAN_POINT('',(-54.8424669144737,49.3462581739526,10.4457404269436));
#9293=CARTESIAN_POINT('',(-54.890709692758,49.4670077647153,10.5476847057723));
#9294=CARTESIAN_POINT('',(-74.5802398912274,41.0405526284099,0.499127346450163));
#9295=CARTESIAN_POINT('',(-102.868707671622,20.3996281367469,3.43575012890911));
#9296=CARTESIAN_POINT('',(-93.0519584397584,27.4939155664367,8.76906421373682));
#9297=CARTESIAN_POINT('',(-95.5784624101353,25.6680824994243,7.39644697636794));
#9298=CARTESIAN_POINT('',(-95.5882994227418,25.7366853332467,0.378965697991053));
#9299=CARTESIAN_POINT('',(-82.4935361325286,35.1644123253609,10.780004537281));
#9300=CARTESIAN_POINT('',(-83.670972128523,34.3070519846336,10.7386748623781));
#9301=CARTESIAN_POINT('',(-84.848551572442,33.4494061295187,10.7141093849345));
#9302=CARTESIAN_POINT('',(-86.0262749051827,32.5914738824675,10.7063596308984));
#9303=CARTESIAN_POINT('',(-86.026274905179,32.5914738824625,10.7063596308935));
#9304=CARTESIAN_POINT('',(-86.026274905183,32.5914738824673,10.7063596308989));
#9305=CARTESIAN_POINT('',(-88.4311134551679,30.8396290445267,10.6905351101972));
#9306=CARTESIAN_POINT('',(-90.827839438481,29.1012235561,9.97739957157));
#9307=CARTESIAN_POINT('',(-93.0519584397584,27.4939155664367,8.76906421373665));
#9308=CARTESIAN_POINT('',(-96.1768449187756,26.5430048110703,0.581963342216029));
#9309=CARTESIAN_POINT('',(-96.166411735142,26.4702443103284,8.02473827310713));
#9310=CARTESIAN_POINT('',(-96.5053836981047,25.536050453403,7.30825371830267));
#9311=CARTESIAN_POINT('',(-96.5148247558911,25.6018919181178,0.573236806717655));
#9312=CARTESIAN_POINT('',(-81.4279222476506,20.1844524465555,0.499127346450163));
#9313=CARTESIAN_POINT('',(-102.723669845662,27.7524794809311,9.11256714497951));
#9314=CARTESIAN_POINT('',(-108.493910051609,29.8092082297836,10.7868744431136));
#9315=CARTESIAN_POINT('',(-108.493910051609,29.8092082297836,10.7868744431136));
#9316=CARTESIAN_POINT('',(-108.632644319287,29.9038084167828,5.9579167798835));
#9317=CARTESIAN_POINT('',(-108.771364991095,29.9984037256342,1.12895863049585));
#9318=CARTESIAN_POINT('',(-108.910072206455,30.0929942063616,-3.7));
#9319=CARTESIAN_POINT('',(-109.422965768165,29.9896369309232,-3.78712200921559));
#9320=CARTESIAN_POINT('',(-109.199991419295,30.1979416642306,-3.78944641900097));
#9321=CARTESIAN_POINT('',(-108.912936257679,30.0949473280297,-3.7997092623185));
#9322=CARTESIAN_POINT('',(-109.282184687656,29.8937700493742,1.1110709562768));
#9323=CARTESIAN_POINT('',(-109.059230325914,30.1019748547572,1.10839537375515));
#9324=CARTESIAN_POINT('',(-108.772240540308,29.9990007406361,1.09848370317173));
#9325=CARTESIAN_POINT('',(-109.141389453577,29.7978984335714,6.00926342684479));
#9326=CARTESIAN_POINT('',(-108.918445185808,30.0059961963344,6.00658366690014));
#9327=CARTESIAN_POINT('',(-108.631530979009,29.9030491860912,5.99667617374328));
#9328=CARTESIAN_POINT('',(-109.000579916913,29.7020220334649,10.9074553972366));
#9329=CARTESIAN_POINT('',(-108.777635663955,29.9100055111237,10.9051247158232));
#9330=CARTESIAN_POINT('',(-108.490807428015,29.8070926120957,10.8948681441337));
#9331=CARTESIAN_POINT('',(-109.006123391925,29.7057965561403,10.7146201555826));
#9332=CARTESIAN_POINT('',(-108.879927703319,29.8194796728706,10.8005469859213));
#9333=CARTESIAN_POINT('',(-108.667421434185,29.8710541557868,10.8372209388899));
#9334=CARTESIAN_POINT('',(-108.493910051609,29.8092082297836,10.7868744431136));
#9335=CARTESIAN_POINT('',(-109.006123391925,29.7057965561405,10.7146201555819));
#9336=CARTESIAN_POINT('',(-109.420461755359,29.987931788262,-3.7));
#9337=CARTESIAN_POINT('',(-109.282362634561,29.8938912824173,1.10487386751072));
#9338=CARTESIAN_POINT('',(-109.14424989359,29.7998462208302,5.90974725438099));
#9339=CARTESIAN_POINT('',(-109.006123391925,29.7057965561403,10.7146201555826));
#9340=CARTESIAN_POINT('',(-108.454190866188,19.7987693599699,5.92540081446274));
#9341=CARTESIAN_POINT('',(-108.454822145451,19.8315620156235,3.0800599389256));
#9342=CARTESIAN_POINT('',(-108.52637303165,23.5483696315049,5.95179949581809));
#9343=CARTESIAN_POINT('',(-42.6751764198651,58.420290299363,7.98566696659597));
#9344=CARTESIAN_POINT('',(-40.2153441160949,67.7526386548816,3.5000000000001));
#9345=CARTESIAN_POINT('',(-40.2238481134114,67.7913166309608,2.333333334048));
#9346=CARTESIAN_POINT('',(-40.2323521169662,67.8299945840981,1.1666666673808));
#9347=CARTESIAN_POINT('',(-40.2408561267453,67.8686725143454,9.52524893952613E-14));
#9348=CARTESIAN_POINT('',(-40.2408561267453,67.8686725143454,9.43799575307748E-14));
#9349=CARTESIAN_POINT('',(-78.253230337713,-72.1866101972639,1.83340332950052E-13));
#9350=CARTESIAN_POINT('',(-39.4881926919322,70.6418349999187,9.26165342939011E-14));
#9351=CARTESIAN_POINT('',(-39.3930312298808,70.2093377878026,13.0499514538585));
#9352=CARTESIAN_POINT('',(-39.4247516677261,70.3535037072344,8.69996764157845));
#9353=CARTESIAN_POINT('',(-39.4564721552134,70.4976694441031,4.34998382360998));
#9354=CARTESIAN_POINT('',(-39.4881926919322,70.6418349999188,9.48421674314501E-14));
#9355=CARTESIAN_POINT('',(-47.5479377624922,40.6346082338497,5.18877351887183));
#9356=CARTESIAN_POINT('',(-46.4434684787264,44.5494720639428,7.7636343822687));
#9357=CARTESIAN_POINT('',(-45.3443030767926,48.4426977736814,10.3734257679883));
#9358=CARTESIAN_POINT('',(-44.2493064529686,52.3189162186788,13.0106720634209));
#9359=CARTESIAN_POINT('',(42.6751764198651,58.420290299363,7.98566696659597));
#9360=CARTESIAN_POINT('',(47.5479377624922,40.6346082338497,5.18877351887183));
#9361=CARTESIAN_POINT('',(46.4434684787264,44.5494720639428,7.7636343822687));
#9362=CARTESIAN_POINT('',(45.3443030767926,48.4426977736814,10.3734257679883));
#9363=CARTESIAN_POINT('',(44.2493064529686,52.3189162186788,13.0106720634209));
#9364=CARTESIAN_POINT('',(39.3930312298808,70.2093377878026,13.0499514538585));
#9365=CARTESIAN_POINT('',(39.4247516677261,70.3535037072344,8.69996764157845));
#9366=CARTESIAN_POINT('',(39.4564721552134,70.4976694441031,4.34998382360998));
#9367=CARTESIAN_POINT('',(39.4881926919322,70.6418349999188,9.48421674314501E-14));
#9368=CARTESIAN_POINT('',(39.4881926919322,70.6418349999187,9.26165342939011E-14));
#9369=CARTESIAN_POINT('',(78.253230337713,-72.1866101972639,1.83340332950052E-13));
#9370=CARTESIAN_POINT('',(40.2408561267453,67.8686725143454,9.43799575307748E-14));
#9371=CARTESIAN_POINT('',(40.2153441160949,67.7526386548816,3.5000000000001));
#9372=CARTESIAN_POINT('',(40.2238481134114,67.7913166309608,2.333333334048));
#9373=CARTESIAN_POINT('',(40.2323521169662,67.8299945840981,1.1666666673808));
#9374=CARTESIAN_POINT('',(40.2408561267453,67.8686725143454,9.52524893952613E-14));
#9375=CARTESIAN_POINT('',(42.6751764198651,58.420290299363,7.98566696659597));
#9376=CARTESIAN_POINT('',(78.253230337713,-72.1866101972639,1.83340332950052E-13));
#9377=CARTESIAN_POINT('',(49.7311899114722,32.9018647619382,1.16531373265935E-13));
#9378=CARTESIAN_POINT('',(49.8034658051465,32.6355667226312,1.16701538743021E-13));
#9379=CARTESIAN_POINT('',(49.8034658051465,32.6355667226312,1.12215045075273E-13));
#9380=CARTESIAN_POINT('',(49.7783239003039,32.72477931958,0.0570227310897456));
#9381=CARTESIAN_POINT('',(49.7531852333897,32.8139787068294,0.114066786660875));
#9382=CARTESIAN_POINT('',(49.7280497854172,32.9031649618386,0.171132041670843));
#9383=CARTESIAN_POINT('',(49.7280497854175,32.9031649618375,0.171132041672628));
#9384=CARTESIAN_POINT('',(-1.68062823160164E-5,-87.2000384677619,5054.8104820016));
#9385=CARTESIAN_POINT('',(-5.33738259979614E-15,-87.2,14.5467589107331));
#9386=CARTESIAN_POINT('',(55.3077119678447,30.4380302806151,0.171132048032087));
#9387=CARTESIAN_POINT('',(54.5831500482014,33.107653702044,1.8235429078376));
#9388=CARTESIAN_POINT('',(53.8619679255581,35.7648243779081,3.4971999357311));
#9389=CARTESIAN_POINT('',(53.1436359252422,38.4114938762846,5.18877347696413));
#9390=CARTESIAN_POINT('',(55.3077119678447,30.4380302806151,0.171132048032072));
#9391=CARTESIAN_POINT('',(49.7280497854175,32.9031649618375,0.171132041670099));
#9392=CARTESIAN_POINT('',(51.6071664645171,32.1251271020346,0.171132031708964));
#9393=CARTESIAN_POINT('',(53.4670550017709,31.3034181378705,0.171132033828916));
#9394=CARTESIAN_POINT('',(55.3077119678447,30.4380302806151,0.171132048032081));
#9395=CARTESIAN_POINT('',(-3.24984188689791E-13,-87.2,-8.28754446909307E-28));
#9396=CARTESIAN_POINT('',(79.5051326988562,15.3664766503938,1.86273428423841E-13));
#9397=CARTESIAN_POINT('',(85.4670912295333,32.3466267485912,13.4717113078278));
#9398=CARTESIAN_POINT('',(83.5523019868348,26.6656721486766,8.97544128065194));
#9399=CARTESIAN_POINT('',(81.5694543931164,21.0040789587607,4.48483994751027));
#9400=CARTESIAN_POINT('',(79.5051326988563,15.3664766503939,-1.95577219105015E-14));
#9401=CARTESIAN_POINT('',(85.5041854557745,32.4567087832682,13.558836032541));
#9402=CARTESIAN_POINT('',(89.6826149009723,30.6153585069643,14.2888736999949));
#9403=CARTESIAN_POINT('',(94.1779221391198,29.7261534971391,13.66893358224));
#9404=CARTESIAN_POINT('',(83.4186763559623,26.266119442845,8.65934604647504));
#9405=CARTESIAN_POINT('',(87.6672249006347,24.3437394096073,9.41502450611832));
#9406=CARTESIAN_POINT('',(92.2547511867232,23.4195607066878,8.76944359625544));
#9407=CARTESIAN_POINT('',(81.3313620057331,20.334082595801,3.95292066384734));
#9408=CARTESIAN_POINT('',(85.6529771546627,18.3292346721137,4.7397745290153));
#9409=CARTESIAN_POINT('',(90.3352737570955,17.3628672236146,4.06301821343294));
#9410=CARTESIAN_POINT('',(79.2440670190932,14.6548333413228,-0.566200181150455));
#9411=CARTESIAN_POINT('',(83.6422778146999,12.5660602955277,0.258692269448926));
#9412=CARTESIAN_POINT('',(88.4215530218667,11.5485754856687,-0.456102631451415));
#9413=CARTESIAN_POINT('',(88.6144504251671,12.1354010069129,2.07615746660188E-13));
#9414=CARTESIAN_POINT('',(85.3415021759836,12.1984073209097,1.99947521091174E-13));
#9415=CARTESIAN_POINT('',(82.0978419750363,13.3567196441657,1.92347914804609E-13));
#9416=CARTESIAN_POINT('',(79.505132698856,15.3664766503935,1.86273428423841E-13));
#9417=CARTESIAN_POINT('',(88.6144504251671,12.1354010069129,2.07615746660188E-13));
#9418=CARTESIAN_POINT('',(19.5183067513646,926.704858997176,705.34022681299));
#9419=CARTESIAN_POINT('',(-94.1779221391198,29.7261534971391,13.66893358224));
#9420=CARTESIAN_POINT('',(-89.6826149009723,30.6153585069643,14.2888736999949));
#9421=CARTESIAN_POINT('',(-85.5041854557744,32.4567087832682,13.558836032541));
#9422=CARTESIAN_POINT('',(-92.2547511867232,23.4195607066878,8.76944359625544));
#9423=CARTESIAN_POINT('',(-87.6672249001247,24.3437394093996,9.41502450639109));
#9424=CARTESIAN_POINT('',(-83.4186763555181,26.2661194430326,8.65934604639216));
#9425=CARTESIAN_POINT('',(-90.3352737570955,17.3628672236146,4.06301821343294));
#9426=CARTESIAN_POINT('',(-85.6529771546826,18.3292346723378,4.7397745285838));
#9427=CARTESIAN_POINT('',(-81.3313620057056,20.3340825956092,3.95292066371546));
#9428=CARTESIAN_POINT('',(-88.4215530218667,11.5485754856687,-0.456102631451415));
#9429=CARTESIAN_POINT('',(-83.6422778146998,12.5660602955277,0.258692269448971));
#9430=CARTESIAN_POINT('',(-79.2440670190932,14.6548333413229,-0.566200181150455));
#9431=CARTESIAN_POINT('',(-19.5183067513646,926.704858997176,705.34022681299));
#9432=CARTESIAN_POINT('',(-88.6144504251671,12.1354010069129,2.07615746660188E-13));
#9433=CARTESIAN_POINT('',(-88.6144504251671,12.1354010069129,2.07615746660188E-13));
#9434=CARTESIAN_POINT('',(-85.3415021759836,12.1984073209097,1.99947521091174E-13));
#9435=CARTESIAN_POINT('',(-82.0978419750363,13.3567196441657,1.92347914804609E-13));
#9436=CARTESIAN_POINT('',(-79.505132698856,15.3664766503935,1.86273428423841E-13));
#9437=CARTESIAN_POINT('',(-79.5051326988562,15.3664766503938,1.86273428423841E-13));
#9438=CARTESIAN_POINT('',(-85.4670912295333,32.3466267485912,13.4717113078278));
#9439=CARTESIAN_POINT('',(-83.5523019868348,26.6656721486766,8.97544128065194));
#9440=CARTESIAN_POINT('',(-81.5694543931164,21.0040789587607,4.48483994751027));
#9441=CARTESIAN_POINT('',(-79.5051326988563,15.3664766503939,-1.95577086756117E-14));
#9442=CARTESIAN_POINT('',(5.33738259979614E-15,-87.2,14.5467589107331));
#9443=CARTESIAN_POINT('',(3.24984188689791E-13,-87.2,-8.28754446909307E-28));
#9444=CARTESIAN_POINT('',(-49.8034658051465,32.6355667226312,1.16701538743021E-13));
#9445=CARTESIAN_POINT('',(-49.8034658051465,32.6355667226312,1.12215045075272E-13));
#9446=CARTESIAN_POINT('',(-49.7783239003039,32.72477931958,0.0570227310897456));
#9447=CARTESIAN_POINT('',(-49.7531852333897,32.8139787068294,0.114066786660875));
#9448=CARTESIAN_POINT('',(-49.7280497854172,32.9031649618386,0.171132041670843));
#9449=CARTESIAN_POINT('',(-49.7280497854175,32.9031649618375,0.171132041672628));
#9450=CARTESIAN_POINT('',(-49.7280497854175,32.9031649618375,0.171132041670099));
#9451=CARTESIAN_POINT('',(-51.6071664645171,32.1251271020346,0.171132031708964));
#9452=CARTESIAN_POINT('',(-53.4670550017709,31.3034181378705,0.171132033828916));
#9453=CARTESIAN_POINT('',(-55.3077119678447,30.4380302806151,0.171132048032081));
#9454=CARTESIAN_POINT('',(-55.3077119678447,30.4380302806151,0.171132048032072));
#9455=CARTESIAN_POINT('',(-55.3077119678447,30.4380302806151,0.171132048032087));
#9456=CARTESIAN_POINT('',(-54.5831500482014,33.107653702044,1.8235429078376));
#9457=CARTESIAN_POINT('',(-53.8619679255581,35.7648243779081,3.4971999357311));
#9458=CARTESIAN_POINT('',(-53.1436359252422,38.4114938762846,5.18877347696413));
#9459=CARTESIAN_POINT('',(-42.6751764198651,58.420290299363,7.98566696659597));
#9460=CARTESIAN_POINT('',(-78.253230337713,-72.1866101972639,1.83340332950052E-13));
#9461=CARTESIAN_POINT('',(-49.7311899114722,32.9018647619382,1.16531373265935E-13));
#9462=CARTESIAN_POINT('',(1.68062823160164E-5,-87.2000384677619,5054.8104820016));
#9463=CARTESIAN_POINT('',(-105.572570386386,21.2450823348634,7.28799787043886));
#9464=CARTESIAN_POINT('',(0.0834513619069274,-91.5349939318606,-81.3885916403408));
#9465=CARTESIAN_POINT('',(-123.381101750926,18.5820180033861,5.49596176076895));
#9466=CARTESIAN_POINT('',(-123.498141970335,20.3892403206523,6.89350978630096));
#9467=CARTESIAN_POINT('',(-122.920832365837,11.4749815599542,2.87967092358624E-13));
#9468=CARTESIAN_POINT('',(-175.090946147184,10.4706740305033,4.10222456307896E-13));
#9469=CARTESIAN_POINT('',(-120.996156076325,16.7037759825871,-5.75174317269278));
#9470=CARTESIAN_POINT('',(-121.122460203969,17.9621073795026,-5.7472354864828));
#9471=CARTESIAN_POINT('',(-120.287258302785,18.9109195608929,-5.78678526602546));
#9472=CARTESIAN_POINT('',(-120.867123450171,16.7067138114328,-2.9563864408877));
#9473=CARTESIAN_POINT('',(-120.993506296296,17.9659993130728,-2.95150682695648));
#9474=CARTESIAN_POINT('',(-120.157159740931,18.9150657336575,-2.99142853422131));
#9475=CARTESIAN_POINT('',(-120.738097595788,16.7095521728986,-0.161392231918272));
#9476=CARTESIAN_POINT('',(-120.864574834627,17.9697924922264,-0.156477936730508));
#9477=CARTESIAN_POINT('',(-120.027065980645,18.9191126413147,-0.196434325248207));
#9478=CARTESIAN_POINT('',(-120.609078842667,16.7122910598404,2.63323231693157));
#9479=CARTESIAN_POINT('',(-120.735666324489,17.9734869821123,2.63784040859426));
#9480=CARTESIAN_POINT('',(-119.896977344097,18.9230602738683,2.5981902235989));
#9481=CARTESIAN_POINT('',(-120.283219230064,18.9110482521647,-5.7));
#9482=CARTESIAN_POINT('',(-120.813287282882,18.3101844132464,-5.7));
#9483=CARTESIAN_POINT('',(-121.073973184224,17.5015778180536,-5.7));
#9484=CARTESIAN_POINT('',(-120.993767629598,16.7038303516591,-5.7));
#9485=CARTESIAN_POINT('',(-120.283219230055,18.9110482521611,-5.70000000000026));
#9486=CARTESIAN_POINT('',(-120.993767629598,16.7038303516591,-5.70000000000008));
#9487=CARTESIAN_POINT('',(-120.283219230055,18.9110482521571,-5.7));
#9488=CARTESIAN_POINT('',(-120.155254876431,18.9151243911163,-2.95050511478503));
#9489=CARTESIAN_POINT('',(-120.027278863944,18.9191050144456,-0.201010639911254));
#9490=CARTESIAN_POINT('',(-119.899291174139,18.9229900485752,2.54848342386408));
#9491=CARTESIAN_POINT('',(-119.899291174139,18.9229900485752,2.54848342386407));
#9492=CARTESIAN_POINT('',(-119.899291174143,18.9229900485793,2.54848342386426));
#9493=CARTESIAN_POINT('',(-120.485673239606,18.2852497224886,2.06464325050882));
#9494=CARTESIAN_POINT('',(-120.742015642063,17.4930808752425,1.45662313298074));
#9495=CARTESIAN_POINT('',(-120.691335788752,16.7105314029962,0.851467663523316));
#9496=CARTESIAN_POINT('',(-120.691335788752,16.7105314029962,0.851467663523318));
#9497=CARTESIAN_POINT('',(-128.952637554271,-100.164902116595,-431.69657292671));
#9498=CARTESIAN_POINT('',(5.33738259979614E-15,-87.2,38.9752741481578));
#9499=CARTESIAN_POINT('',(0.0822430052925037,-91.4722242122137,-84.4991532025098));
#9500=CARTESIAN_POINT('',(5.33738259979614E-15,-87.2,-5.7));
#9501=CARTESIAN_POINT('',(-108.308267883866,31.1086070305697,-5.7));
#9502=CARTESIAN_POINT('',(-108.308267883866,31.1086070305697,-5.7));
#9503=CARTESIAN_POINT('',(-108.279364311707,31.1044086682306,-5.03333317848363));
#9504=CARTESIAN_POINT('',(-108.250457347665,31.1002090863367,-4.36666651172327));
#9505=CARTESIAN_POINT('',(-108.22154698558,31.0960082826732,-3.7));
#9506=CARTESIAN_POINT('',(-81.0054339380432,21.360881190609,0.499127346450163));
#9507=CARTESIAN_POINT('',(-86.0037488260773,23.0984333579499,-5.7));
#9508=CARTESIAN_POINT('',(-110.387952452946,31.8554796503934,-5.7));
#9509=CARTESIAN_POINT('',(-110.387952452946,31.8554796503934,-5.7));
#9510=CARTESIAN_POINT('',(-110.144092623231,31.8204752526236,-0.0303255359311591));
#9511=CARTESIAN_POINT('',(-109.900001052496,31.7853875329844,5.63933844360695));
#9512=CARTESIAN_POINT('',(-109.655674212653,31.750215222808,11.3089917625508));
#9513=CARTESIAN_POINT('',(-111.415711249635,31.644382187046,-5.80230990718803));
#9514=CARTESIAN_POINT('',(-110.969690176287,32.0632952843279,-5.8189072715185));
#9515=CARTESIAN_POINT('',(-110.394186345866,31.8563744718515,-5.84493748439061));
#9516=CARTESIAN_POINT('',(-111.167607183694,31.6095298649561,-0.0502195062691036));
#9517=CARTESIAN_POINT('',(-110.721739046096,32.0275699699087,-0.0685234649475406));
#9518=CARTESIAN_POINT('',(-110.146785717658,31.8208626823515,-0.0928470834675953));
#9519=CARTESIAN_POINT('',(-110.919260598601,31.5745936447568,5.70186023315517));
#9520=CARTESIAN_POINT('',(-110.473474692107,31.9917477030183,5.68353574717956));
#9521=CARTESIAN_POINT('',(-109.899146587051,31.7852651411409,5.65923265594449));
#9522=CARTESIAN_POINT('',(-110.670667755495,31.539572214717,11.4539288619774));
#9523=CARTESIAN_POINT('',(-110.22489164929,31.9558268040029,11.437300813178));
#9524=CARTESIAN_POINT('',(-109.651265282173,31.7495805253851,11.4113012847748));
#9525=CARTESIAN_POINT('',(-111.411298305889,31.6437622752368,-5.7));
#9526=CARTESIAN_POINT('',(-111.141563224464,31.8966281812368,-5.7));
#9527=CARTESIAN_POINT('',(-110.735915052667,31.9804427060023,-5.7));
#9528=CARTESIAN_POINT('',(-110.387952452946,31.8554796503934,-5.7));
#9529=CARTESIAN_POINT('',(-111.411298305889,31.6437622752368,-5.7));
#9530=CARTESIAN_POINT('',(-110.67636405569,31.5403746930887,11.3221239490744));
#9531=CARTESIAN_POINT('',(-110.921580530752,31.5749197035051,5.64809342940768));
#9532=CARTESIAN_POINT('',(-111.166557414165,31.6093818108826,-0.0259479474565705));
#9533=CARTESIAN_POINT('',(-111.411298305889,31.6437622752368,-5.7));
#9534=CARTESIAN_POINT('',(110.394186345866,31.8563744718515,-5.84493748439061));
#9535=CARTESIAN_POINT('',(110.969690176287,32.063295284328,-5.8189072715185));
#9536=CARTESIAN_POINT('',(111.415711249635,31.644382187046,-5.80230990718803));
#9537=CARTESIAN_POINT('',(110.146785717658,31.8208626823514,-0.0928470834775811));
#9538=CARTESIAN_POINT('',(110.72173904646,32.0275699697718,-0.0685234651009028));
#9539=CARTESIAN_POINT('',(111.167607183655,31.6095298649938,-0.0502195062810544));
#9540=CARTESIAN_POINT('',(109.899146587051,31.7852651411409,5.65923265594449));
#9541=CARTESIAN_POINT('',(110.473474692107,31.9917477029247,5.68353574717956));
#9542=CARTESIAN_POINT('',(110.919260598601,31.5745936447568,5.70186023315517));
#9543=CARTESIAN_POINT('',(109.651265282173,31.7495805253851,11.4113012847748));
#9544=CARTESIAN_POINT('',(110.22489164929,31.9558268040029,11.437300813178));
#9545=CARTESIAN_POINT('',(110.670667755495,31.539572214717,11.4539288619774));
#9546=CARTESIAN_POINT('',(111.411298305889,31.6437622752368,-5.7));
#9547=CARTESIAN_POINT('',(111.141563224464,31.8966281812368,-5.7));
#9548=CARTESIAN_POINT('',(110.735915052667,31.9804427060023,-5.7));
#9549=CARTESIAN_POINT('',(110.387952452946,31.8554796503934,-5.7));
#9550=CARTESIAN_POINT('',(110.387952452946,31.8554796503934,-5.7));
#9551=CARTESIAN_POINT('',(111.411298305889,31.6437622752368,-5.7));
#9552=CARTESIAN_POINT('',(110.387952452946,31.8554796503934,-5.7));
#9553=CARTESIAN_POINT('',(110.144092623231,31.8204752526236,-0.0303255359311591));
#9554=CARTESIAN_POINT('',(109.900001052496,31.7853875329844,5.63933844360695));
#9555=CARTESIAN_POINT('',(109.655674212653,31.750215222808,11.3089917625508));
#9556=CARTESIAN_POINT('',(110.67636405569,31.5403746930887,11.3221239490744));
#9557=CARTESIAN_POINT('',(110.921580530752,31.5749197035051,5.64809342940768));
#9558=CARTESIAN_POINT('',(111.166557414165,31.6093818108826,-0.0259479474565705));
#9559=CARTESIAN_POINT('',(111.411298305889,31.6437622752368,-5.7));
#9560=CARTESIAN_POINT('',(81.0054339380432,21.360881190609,0.499127346450163));
#9561=CARTESIAN_POINT('',(86.0037488260773,23.0984333579499,-5.7));
#9562=CARTESIAN_POINT('',(108.308267883866,31.1086070305697,-5.7));
#9563=CARTESIAN_POINT('',(108.308267883866,31.1086070305697,-5.7));
#9564=CARTESIAN_POINT('',(108.279364311707,31.1044086682306,-5.03333317848363));
#9565=CARTESIAN_POINT('',(108.250457347665,31.1002090863367,-4.36666651172327));
#9566=CARTESIAN_POINT('',(108.22154698558,31.0960082826732,-3.7));
#9567=CARTESIAN_POINT('',(-5.33738259979614E-15,-87.2,38.9752741481578));
#9568=CARTESIAN_POINT('',(-5.33738259979614E-15,-87.2,-5.7));
#9569=CARTESIAN_POINT('',(120.283219230055,18.9110482521611,-5.70000000000026));
#9570=CARTESIAN_POINT('',(120.283219230055,18.9110482521571,-5.7));
#9571=CARTESIAN_POINT('',(120.155254876431,18.9151243911163,-2.95050511478503));
#9572=CARTESIAN_POINT('',(120.027278863944,18.9191050144456,-0.201010639911254));
#9573=CARTESIAN_POINT('',(119.899291174139,18.9229900485752,2.54848342386408));
#9574=CARTESIAN_POINT('',(119.899291174139,18.9229900485752,2.54848342386407));
#9575=CARTESIAN_POINT('',(-0.0822430052925037,-91.4722242122137,-84.4991532025098));
#9576=CARTESIAN_POINT('',(120.287258302785,18.9109195608929,-5.78678526602546));
#9577=CARTESIAN_POINT('',(121.122460203969,17.9621073795026,-5.7472354864828));
#9578=CARTESIAN_POINT('',(120.996156076325,16.7037759825871,-5.75174317269278));
#9579=CARTESIAN_POINT('',(120.157159740931,18.9150657336575,-2.99142853422131));
#9580=CARTESIAN_POINT('',(120.993506296296,17.9659993130728,-2.95150682695648));
#9581=CARTESIAN_POINT('',(120.867123450171,16.7067138114328,-2.9563864408877));
#9582=CARTESIAN_POINT('',(120.027065980645,18.9191126413147,-0.196434325248207));
#9583=CARTESIAN_POINT('',(120.864574834627,17.9697924922264,-0.156477936730508));
#9584=CARTESIAN_POINT('',(120.738097595788,16.7095521728986,-0.161392231918272));
#9585=CARTESIAN_POINT('',(119.896977344097,18.9230602738683,2.5981902235989));
#9586=CARTESIAN_POINT('',(120.735666324489,17.9734869821123,2.63784040859426));
#9587=CARTESIAN_POINT('',(120.609078842667,16.7122910598404,2.63323231693157));
#9588=CARTESIAN_POINT('',(120.283219230064,18.9110482521647,-5.7));
#9589=CARTESIAN_POINT('',(120.813287282882,18.3101844132464,-5.7));
#9590=CARTESIAN_POINT('',(121.073973184224,17.5015778180536,-5.7));
#9591=CARTESIAN_POINT('',(120.993767629598,16.7038303516591,-5.7));
#9592=CARTESIAN_POINT('',(120.993767629598,16.7038303516591,-5.70000000000008));
#9593=CARTESIAN_POINT('',(128.952637554271,-100.164902116595,-431.69657292671));
#9594=CARTESIAN_POINT('',(120.691335788752,16.7105314029962,0.851467663523318));
#9595=CARTESIAN_POINT('',(119.899291174143,18.9229900485793,2.54848342386426));
#9596=CARTESIAN_POINT('',(120.485673239606,18.2852497224886,2.06464325050882));
#9597=CARTESIAN_POINT('',(120.742015642063,17.4930808752425,1.45662313298074));
#9598=CARTESIAN_POINT('',(120.691335788752,16.7105314029962,0.851467663523316));
#9599=CARTESIAN_POINT('',(105.572570386386,21.2450823348634,7.28799787043886));
#9600=CARTESIAN_POINT('',(175.090946147184,10.4706740305033,4.10222456307896E-13));
#9601=CARTESIAN_POINT('',(122.920832365837,11.4749815599542,2.87967092358624E-13));
#9602=CARTESIAN_POINT('',(123.498141970335,20.3892403206523,6.89350978630096));
#9603=CARTESIAN_POINT('',(123.381101750926,18.5820180033861,5.49596176076895));
#9604=CARTESIAN_POINT('',(-0.0834513619069274,-91.5349939318606,-81.3885916403408));
#9605=CARTESIAN_POINT('',(5.33738259979614E-15,-87.2,39.0600267524183));
#9606=CARTESIAN_POINT('',(5.33738259979614E-15,-87.2,-5.7));
#9607=CARTESIAN_POINT('',(-123.897172121338,18.562980112483,-5.69999999999998));
#9608=CARTESIAN_POINT('',(-128.111253247114,-100.080309312667,-354.611254085575));
#9609=CARTESIAN_POINT('',(1.82681125617712E-14,-87.2,-2.44705043363764E-28));
#9610=CARTESIAN_POINT('',(128.111253247114,-100.080309312667,-354.611254085575));
#9611=CARTESIAN_POINT('',(123.897172121338,18.562980112483,-5.69999999999998));
#9612=CARTESIAN_POINT('',(-5.33738259979614E-15,-87.2,-5.7));
#9613=CARTESIAN_POINT('',(105.601986220756,22.7731276606777,5.30956106554836));
#9614=CARTESIAN_POINT('',(121.036241397426,22.0362315468558,4.9698993857952));
#9615=CARTESIAN_POINT('',(19.5477225857346,928.23290432299,703.3617900081));
#9616=CARTESIAN_POINT('',(86.0617609330391,32.6973203854301,10.7899950708023));
#9617=CARTESIAN_POINT('',(89.8329183909133,31.0287657681514,11.4513437619937));
#9618=CARTESIAN_POINT('',(93.8921182014938,30.2226362770918,10.8890828655315));
#9619=CARTESIAN_POINT('',(84.0666639655324,26.7449766777066,6.08676280368372));
#9620=CARTESIAN_POINT('',(87.898733380511,25.0052857318002,6.77035210401529));
#9621=CARTESIAN_POINT('',(92.0384004984501,24.1688111651017,6.18585059872658));
#9622=CARTESIAN_POINT('',(82.0704960332611,21.0318495075551,1.56269468920618));
#9623=CARTESIAN_POINT('',(85.9660628050734,19.2201875484553,2.27349714553723));
#9624=CARTESIAN_POINT('',(90.1882241241593,18.3468906797108,1.66178248362647));
#9625=CARTESIAN_POINT('',(80.0749100545909,15.55260835674,-2.78738625459884));
#9626=CARTESIAN_POINT('',(84.037090149138,13.668217903074,-2.04324604568118));
#9627=CARTESIAN_POINT('',(88.3434316325842,12.7501364552058,-2.68829845986968));
#9628=CARTESIAN_POINT('',(86.026274905179,32.5914738824625,10.7063596308935));
#9629=CARTESIAN_POINT('',(84.1839541565173,27.097589884864,6.36527027198705));
#9630=CARTESIAN_POINT('',(82.2785556747966,21.621290419071,2.02974915880277));
#9631=CARTESIAN_POINT('',(80.2981662328134,16.1665680544342,-2.29999999999982));
#9632=CARTESIAN_POINT('',(-5.33738259979614E-15,-87.2,12.5793318608125));
#9633=CARTESIAN_POINT('',(54.9990772539654,31.5751842470336,-2.30000000000004));
#9634=CARTESIAN_POINT('',(54.1560471847164,34.6812994827663,-0.367919264268417));
#9635=CARTESIAN_POINT('',(53.3173783644234,37.771345847028,1.59253571970872));
#9636=CARTESIAN_POINT('',(52.4827029963763,40.8466784741207,3.57531441848635));
#9637=CARTESIAN_POINT('',(55.3077119678447,30.4380302806151,-4.2));
#9638=CARTESIAN_POINT('',(55.3077119678447,30.4380302806151,-4.2));
#9639=CARTESIAN_POINT('',(-1.68062823160164E-5,-87.2000384677619,-4.2));
#9640=CARTESIAN_POINT('',(49.4236831679477,33.0287349679576,-4.2));
#9641=CARTESIAN_POINT('',(49.4236831679477,33.0287349679576,-3.0444397003393E-13));
#9642=CARTESIAN_POINT('',(-1.68062823160164E-5,-87.2000384677619,0.));
#9643=CARTESIAN_POINT('',(47.3382608277951,40.7124017076928,-4.2));
#9644=CARTESIAN_POINT('',(47.3382608277952,40.7124017076928,-4.2));
#9645=CARTESIAN_POINT('',(47.3382608277952,40.7124017076928,1.13624387676481E-13));
#9646=CARTESIAN_POINT('',(77.998892748469,-72.2556399077546,1.82744442683382E-13));
#9647=CARTESIAN_POINT('',(-1.68062823160164E-5,-87.2000384677619,-4.2));
#9648=CARTESIAN_POINT('',(-1.68062823160164E-5,-87.2000384677619,0.));
#9649=CARTESIAN_POINT('',(50.5357119777278,39.4832082433532,-3.04937294513748E-12));
#9650=CARTESIAN_POINT('',(-1.68062823160164E-5,-87.2000384677619,5213.87921061274));
#9651=CARTESIAN_POINT('',(45.0875930665547,59.0750437834966,8.02495815886594));
#9652=CARTESIAN_POINT('',(43.0358039153724,67.1163610202507,9.92611868212406E-14));
#9653=CARTESIAN_POINT('',(43.0413856004211,67.1418024999145,-0.766666665970225));
#9654=CARTESIAN_POINT('',(43.0469672915408,67.167243957252,-1.53333333263724));
#9655=CARTESIAN_POINT('',(43.0525489887223,67.1926853922969,-2.2999999999999));
#9656=CARTESIAN_POINT('',(43.0358039153724,67.1163610202506,1.00850824101312E-13));
#9657=CARTESIAN_POINT('',(80.6662430169852,-71.5316949440551,1.8899380624593E-13));
#9658=CARTESIAN_POINT('',(5.33738259979614E-15,-87.2,38.9752741481578));
#9659=CARTESIAN_POINT('',(-1.80693163032356E-14,-87.2,-2.43774054880797E-28));
#9660=CARTESIAN_POINT('',(-43.0358039153724,67.1163610202507,9.92611868208367E-14));
#9661=CARTESIAN_POINT('',(-43.0413856004211,67.1418024999145,-0.766666665970225));
#9662=CARTESIAN_POINT('',(-43.0469672915408,67.167243957252,-1.53333333263724));
#9663=CARTESIAN_POINT('',(-43.0525489887223,67.1926853922969,-2.2999999999999));
#9664=CARTESIAN_POINT('',(-43.0358039153724,67.1163610202506,1.00850824101312E-13));
#9665=CARTESIAN_POINT('',(1.80693163032356E-14,-87.2,-2.43774054880797E-28));
#9666=CARTESIAN_POINT('',(-45.0875930665547,59.0750437834966,8.02495815886594));
#9667=CARTESIAN_POINT('',(1.68062823160164E-5,-87.2000384677619,5213.87921061274));
#9668=CARTESIAN_POINT('',(-50.5357119777278,39.4832082433532,-3.04937294513748E-12));
#9669=CARTESIAN_POINT('',(-80.6662430169852,-71.5316949440551,1.8899380624593E-13));
#9670=CARTESIAN_POINT('',(1.68062823160164E-5,-87.2000384677619,-4.2));
#9671=CARTESIAN_POINT('',(1.68062823160164E-5,-87.2000384677619,0.));
#9672=CARTESIAN_POINT('',(-47.3382608277952,40.7124017076928,1.13624387676481E-13));
#9673=CARTESIAN_POINT('',(-47.3382608277952,40.7124017076928,-4.2));
#9674=CARTESIAN_POINT('',(-47.3382608277951,40.7124017076928,-4.2));
#9675=CARTESIAN_POINT('',(-49.4236831679477,33.0287349679576,-4.2));
#9676=CARTESIAN_POINT('',(-49.4236831679477,33.0287349679576,-3.0444397003393E-13));
#9677=CARTESIAN_POINT('',(-77.998892748469,-72.2556399077546,1.82744442683382E-13));
#9678=CARTESIAN_POINT('',(1.68062823160164E-5,-87.2000384677619,-4.2));
#9679=CARTESIAN_POINT('',(1.68062823160164E-5,-87.2000384677619,0.));
#9680=CARTESIAN_POINT('',(-55.3077119678447,30.4380302806151,-4.2));
#9681=CARTESIAN_POINT('',(-55.3077119678447,30.4380302806151,-4.2));
#9682=CARTESIAN_POINT('',(-54.9990772539654,31.5751842470336,-2.30000000000004));
#9683=CARTESIAN_POINT('',(-54.1560471847164,34.6812994827663,-0.367919264268417));
#9684=CARTESIAN_POINT('',(-53.3173783644234,37.771345847028,1.59253571970872));
#9685=CARTESIAN_POINT('',(-52.4827029963763,40.8466784741207,3.57531441848635));
#9686=CARTESIAN_POINT('',(5.33738259979614E-15,-87.2,12.5793318608125));
#9687=CARTESIAN_POINT('',(-86.026274905179,32.5914738824625,10.7063596308935));
#9688=CARTESIAN_POINT('',(-84.1839541565173,27.097589884864,6.36527027198705));
#9689=CARTESIAN_POINT('',(-82.2785556747966,21.621290419071,2.02974915880277));
#9690=CARTESIAN_POINT('',(-80.2981662328134,16.1665680544342,-2.29999999999982));
#9691=CARTESIAN_POINT('',(-93.8921182014938,30.2226362770918,10.8890828655315));
#9692=CARTESIAN_POINT('',(-89.8329183909133,31.0287657681514,11.4513437619937));
#9693=CARTESIAN_POINT('',(-86.0617609330391,32.6973203854301,10.7899950708023));
#9694=CARTESIAN_POINT('',(-92.0384004984501,24.1688111651017,6.18585059872658));
#9695=CARTESIAN_POINT('',(-87.8987333799122,25.0052857323684,6.77035210406355));
#9696=CARTESIAN_POINT('',(-84.0666639639796,26.7449766788272,6.08676280368755));
#9697=CARTESIAN_POINT('',(-90.1882241241593,18.3468906797108,1.66178248362647));
#9698=CARTESIAN_POINT('',(-85.9660628053193,19.2201875488884,2.27349714525951));
#9699=CARTESIAN_POINT('',(-82.0704960329511,21.0318495079364,1.5626946892926));
#9700=CARTESIAN_POINT('',(-88.3434316325842,12.7501364552058,-2.68829845986968));
#9701=CARTESIAN_POINT('',(-84.0370901491379,13.6682179030741,-2.04324604568119));
#9702=CARTESIAN_POINT('',(-80.0749100545909,15.55260835674,-2.78738625459884));
#9703=CARTESIAN_POINT('',(-19.5477225857346,928.23290432299,703.3617900081));
#9704=CARTESIAN_POINT('',(-105.601986220756,22.7731276606777,5.30956106554836));
#9705=CARTESIAN_POINT('',(-121.036241397426,22.0362315468558,4.9698993857952));
#9706=CARTESIAN_POINT('',(-90.7214555928098,9.9618666880755,-5.7));
#9707=CARTESIAN_POINT('',(122.926573987854,8.90913250203291,-5.7));
#9708=CARTESIAN_POINT('',(120.986908994363,-10.3833322333657,-5.7));
#9709=CARTESIAN_POINT('',(-120.815609998892,-10.3833322333657,-5.7));
#9710=CARTESIAN_POINT('',(-120.986908994363,-10.3833322333657,-5.7));
#9711=CARTESIAN_POINT('',(-122.926573987854,8.90913250203291,-5.7));
#9712=CARTESIAN_POINT('',(-120.993767629598,16.7038303516591,-5.7));
#9713=CARTESIAN_POINT('',(120.993767629598,16.7038303516591,-5.7));
#9714=CARTESIAN_POINT('',(120.053985083522,9.19794267817375,-1.69828808892449));
#9715=CARTESIAN_POINT('',(-120.053985083522,9.19794267817375,-1.69828808892449));
#9716=CARTESIAN_POINT('',(-119.959419104094,-0.8,-6.15850978803023));
#9717=CARTESIAN_POINT('',(-121.666224868589,-0.999859767798357,0.0083554925243941));
#9718=CARTESIAN_POINT('',(-121.759142021973,-0.999859767798357,-2.));
#9719=CARTESIAN_POINT('',(-121.666611437891,-0.999859767798365,2.85034314937183E-13));
#9720=CARTESIAN_POINT('',(-119.767024434294,-0.8,-2.));
#9721=CARTESIAN_POINT('',(-119.767024434294,-2.8,-2.));
#9722=CARTESIAN_POINT('',(-119.94207442024,-2.8,-5.78361355180339));
#9723=CARTESIAN_POINT('',(-119.674493850212,-2.8,2.80386655649059E-13));
#9724=CARTESIAN_POINT('',(-119.674493850212,-0.8,2.80157841370254E-13));
#9725=CARTESIAN_POINT('',(-145.,-2.8,-5.));
#9726=CARTESIAN_POINT('',(-145.,-2.8,-2.));
#9727=CARTESIAN_POINT('',(-94.8055614980986,-2.8,-2.));
#9728=CARTESIAN_POINT('',(-94.8055614980986,-2.8,10.));
#9729=CARTESIAN_POINT('',(-94.8055614980986,-2.8,2.22044604925031E-13));
#9730=CARTESIAN_POINT('',(-174.,-2.8,4.07666466874718E-13));
#9731=CARTESIAN_POINT('',(-94.8055614980986,-4.8,-5.));
#9732=CARTESIAN_POINT('',(-94.8055614980986,-4.8,-2.));
#9733=CARTESIAN_POINT('',(-92.9261762565268,-4.11595971334867,-2.));
#9734=CARTESIAN_POINT('',(-92.9261762565268,-4.11595971334867,-5.));
#9735=CARTESIAN_POINT('',(-92.9261762565267,-4.11595971334867,2.17717735371699E-13));
#9736=CARTESIAN_POINT('',(-94.8055614980986,-4.8,2.22044604925031E-13));
#9737=CARTESIAN_POINT('',(122.737599611051,8.92813199164597,-1.57412987908237));
#9738=CARTESIAN_POINT('',(121.666224868589,-0.999859767798357,0.0083554925243941));
#9739=CARTESIAN_POINT('',(121.666611437891,-0.999859767798365,2.85034314937183E-13));
#9740=CARTESIAN_POINT('',(121.759142021973,-0.999859767798357,-2.));
#9741=CARTESIAN_POINT('',(118.406609382439,-34.3451116229132,-2.));
#9742=CARTESIAN_POINT('',(120.844213645203,-10.1,-2.));
#9743=CARTESIAN_POINT('',(120.530694026427,-10.1,4.77656197429495));
#9744=CARTESIAN_POINT('',(120.904893324811,-10.1,-3.31155942027176));
#9745=CARTESIAN_POINT('',(117.264005049695,-43.3273485347008,3.17731432871966));
#9746=CARTESIAN_POINT('',(120.017541595481,-18.1981186335318,-1.7301010212525));
#9747=CARTESIAN_POINT('',(119.553715380304,-18.1981186335319,8.29525912916429));
#9748=CARTESIAN_POINT('',(120.068220452313,-18.1981186335318,-2.82549790724902));
#9749=CARTESIAN_POINT('',(118.004874592589,-35.9458606937897,3.20466679814518));
#9750=CARTESIAN_POINT('',(120.898761596981,-11.0542702396504,-5.25276906654401));
#9751=CARTESIAN_POINT('',(118.150825410067,-31.9703140641103,8.68935631046084));
#9752=CARTESIAN_POINT('',(117.691372332728,-40.5387288552454,2.75740378968507E-13));
#9753=CARTESIAN_POINT('',(119.959419104094,-0.8,-6.15850978803023));
#9754=CARTESIAN_POINT('',(119.94207442024,-2.8,-5.78361355180339));
#9755=CARTESIAN_POINT('',(119.767024434294,-2.8,-2.));
#9756=CARTESIAN_POINT('',(119.674493850212,-2.8,2.80386655649059E-13));
#9757=CARTESIAN_POINT('',(119.767024434294,-0.8,-2.));
#9758=CARTESIAN_POINT('',(119.674493850212,-0.8,2.80157841370254E-13));
#9759=CARTESIAN_POINT('',(145.,-2.8,-5.));
#9760=CARTESIAN_POINT('',(94.8055614980986,-2.8,10.));
#9761=CARTESIAN_POINT('',(94.8055614980986,-2.8,2.22044604925031E-13));
#9762=CARTESIAN_POINT('',(94.8055614980986,-2.8,-2.));
#9763=CARTESIAN_POINT('',(145.,-2.8,-2.));
#9764=CARTESIAN_POINT('',(174.,-2.8,4.07666466874718E-13));
#9765=CARTESIAN_POINT('',(94.8055614980986,-4.8,-5.));
#9766=CARTESIAN_POINT('',(94.8055614980986,-4.8,-2.));
#9767=CARTESIAN_POINT('',(92.9261762565268,-4.11595971334867,-2.));
#9768=CARTESIAN_POINT('',(94.8055614980986,-4.8,2.22044604925031E-13));
#9769=CARTESIAN_POINT('',(92.9261762565267,-4.11595971334867,2.17717735371699E-13));
#9770=CARTESIAN_POINT('',(92.9261762565268,-4.11595971334867,-5.));
#9771=CARTESIAN_POINT('',(-174.,-46.2,4.07666466874718E-13));
#9772=CARTESIAN_POINT('',(62.,0.,-1.52655665885959E-13));
#9773=CARTESIAN_POINT('',(67.,0.,-1.64370219531784E-13));
#9774=CARTESIAN_POINT('',(-62.,0.,1.38777878078145E-13));
#9775=CARTESIAN_POINT('',(-57.,0.,1.27063324432319E-13));
#9776=CARTESIAN_POINT('',(0.,0.,0.));
#9777=CARTESIAN_POINT('',(5.,0.,-1.17145536458252E-14));
#9778=CARTESIAN_POINT('',(-117.691372332728,-40.5387288552454,2.75740378968507E-13));
#9779=CARTESIAN_POINT('',(-88.8844622168114,-15.2204777733596,2.08248360183833E-13));
#9780=CARTESIAN_POINT('',(-91.2271338766883,-8.78404028665133,2.13437410701918E-13));
#9781=CARTESIAN_POINT('',(-89.3477486351165,-8.1,2.09034178855205E-13));
#9782=CARTESIAN_POINT('',(-89.3477486351165,-10.1,2.09034178855205E-13));
#9783=CARTESIAN_POINT('',(-174.,-10.1,4.07666466874718E-13));
#9784=CARTESIAN_POINT('',(89.3477486351165,-10.1,2.09034178855205E-13));
#9785=CARTESIAN_POINT('',(89.3477486351165,-8.1,2.09034178855205E-13));
#9786=CARTESIAN_POINT('',(91.2271338766883,-8.78404028665133,2.13437410701918E-13));
#9787=CARTESIAN_POINT('',(88.8844622168114,-15.2204777733596,2.08248360183833E-13));
#9788=CARTESIAN_POINT('',(93.4051464216791,-2.8,-5.));
#9789=CARTESIAN_POINT('',(91.2271338766883,-8.78404028665132,-5.));
#9790=CARTESIAN_POINT('',(91.2271338766883,-8.78404028665132,-2.));
#9791=CARTESIAN_POINT('',(93.4051464216791,-2.8,-2.));
#9792=CARTESIAN_POINT('',(89.3477486351165,-8.1,-5.));
#9793=CARTESIAN_POINT('',(89.3477486351165,-10.1,-5.));
#9794=CARTESIAN_POINT('',(89.3477486351165,-10.1,-2.));
#9795=CARTESIAN_POINT('',(89.3477486351165,-8.1,-2.));
#9796=CARTESIAN_POINT('',(-93.4051464216791,-2.8,-5.));
#9797=CARTESIAN_POINT('',(-93.4051464216791,-2.8,-2.));
#9798=CARTESIAN_POINT('',(-91.2271338766883,-8.78404028665132,-2.));
#9799=CARTESIAN_POINT('',(-91.2271338766883,-8.78404028665132,-5.));
#9800=CARTESIAN_POINT('',(-89.3477486351165,-8.1,-5.));
#9801=CARTESIAN_POINT('',(-89.3477486351165,-8.1,-2.));
#9802=CARTESIAN_POINT('',(-89.3477486351165,-10.1,-2.));
#9803=CARTESIAN_POINT('',(-89.3477486351165,-10.1,-5.));
#9804=CARTESIAN_POINT('',(-120.815609998892,-11.0542702396504,-5.25276906654402));
#9805=CARTESIAN_POINT('',(-120.815609998892,-18.1981186335318,-2.82549790724902));
#9806=CARTESIAN_POINT('',(-120.068220452313,-18.1981186335318,-2.82549790724902));
#9807=CARTESIAN_POINT('',(-120.897766077652,-11.0628331377172,-5.24985964372715));
#9808=CARTESIAN_POINT('',(-120.898761596981,-11.0542702396504,-5.25276906654401));
#9809=CARTESIAN_POINT('',(-120.815609998892,-11.0542702396504,-5.25276906654401));
#9810=CARTESIAN_POINT('',(-120.815609998892,-18.1981186335318,-2.82549790724902));
#9811=CARTESIAN_POINT('',(-120.815609998892,-18.1981186335318,-1.7301010212525));
#9812=CARTESIAN_POINT('',(-120.017541595481,-18.1981186335318,-1.7301010212525));
#9813=CARTESIAN_POINT('',(-120.069816805674,-18.1981186335318,-2.86000224713557));
#9814=CARTESIAN_POINT('',(-120.815609998892,-18.1981186335318,-1.7301010212525));
#9815=CARTESIAN_POINT('',(-120.815609998892,-10.1,-3.31155942027176));
#9816=CARTESIAN_POINT('',(-120.904893324811,-10.1,-3.31155942027176));
#9817=CARTESIAN_POINT('',(-120.026666213501,-18.1148458604381,-1.7463631226588));
#9818=CARTESIAN_POINT('',(-120.815609998892,-10.233311750413,-5.8));
#9819=CARTESIAN_POINT('',(-121.004362876656,-10.2504811982212,-5.78855526427441));
#9820=CARTESIAN_POINT('',(-120.815609998892,-10.2937023829247,-2.));
#9821=CARTESIAN_POINT('',(-120.815609998892,-10.1,-2.));
#9822=CARTESIAN_POINT('',(-120.815609998892,-10.2937023829247,-2.));
#9823=CARTESIAN_POINT('',(-120.824647448479,-10.2946110083821,-2.));
#9824=CARTESIAN_POINT('',(-120.844213645203,-10.1,-2.));
#9825=CARTESIAN_POINT('',(-120.815609998892,-10.1,-2.));
#9826=CARTESIAN_POINT('',(-122.737599611051,8.92813199164597,-1.57412987908237));
#9827=CARTESIAN_POINT('',(-120.918508491771,-10.1,-3.60584410667717));
#9828=CARTESIAN_POINT('',(-90.7845607349625,-10.1,-5.));
#9829=CARTESIAN_POINT('',(0.,0.,-120.815609998892));
#9830=CARTESIAN_POINT('',(1.87350135405495E-15,0.,-3.8));
#9831=CARTESIAN_POINT('',(5.,6.12323399573677E-16,-3.8));
#9832=CARTESIAN_POINT('',(-62.,0.,-120.815609998892));
#9833=CARTESIAN_POINT('',(-62.,0.,-3.8));
#9834=CARTESIAN_POINT('',(-57.,6.12323399573677E-16,-3.8));
#9835=CARTESIAN_POINT('',(62.,0.,-120.815609998892));
#9836=CARTESIAN_POINT('',(62.,0.,-3.8));
#9837=CARTESIAN_POINT('',(67.,0.,-3.8));
#9838=CARTESIAN_POINT('',(62.,0.,-3.8));
#9839=CARTESIAN_POINT('',(62.,0.,-3.79999999999999));
#9840=CARTESIAN_POINT('',(55.5,0.,-3.79999999999998));
#9841=CARTESIAN_POINT('',(62.,0.,-2.3));
#9842=CARTESIAN_POINT('',(-62.,0.,-3.8));
#9843=CARTESIAN_POINT('',(-62.,0.,-3.79999999999999));
#9844=CARTESIAN_POINT('',(-68.5,0.,-3.79999999999998));
#9845=CARTESIAN_POINT('',(-62.,0.,-2.3));
#9846=CARTESIAN_POINT('',(1.87350135405495E-15,0.,-3.8));
#9847=CARTESIAN_POINT('',(1.87350135405497E-15,0.,-3.79999999999998));
#9848=CARTESIAN_POINT('',(-6.5,0.,-3.79999999999997));
#9849=CARTESIAN_POINT('',(5.38631639290798E-15,0.,-2.3));
#9850=CARTESIAN_POINT('',(-111.8,5.70000000000001,-3.3));
#9851=CARTESIAN_POINT('',(-111.8,5.70000000000001,-3.3));
#9852=CARTESIAN_POINT('',(-114.8,5.70000000000001,-3.3));
#9853=CARTESIAN_POINT('',(-111.8,5.70000000000001,-3.3));
#9854=CARTESIAN_POINT('',(-113.8,5.70000000000001,-3.3));
#9855=CARTESIAN_POINT('',(-111.8,5.70000000000001,-2.3));
#9856=CARTESIAN_POINT('',(-111.8,5.70000000000001,-2.3));
#9857=CARTESIAN_POINT('',(-111.8,5.70000000000001,-2.29999999999974));
#9858=CARTESIAN_POINT('',(-109.8,5.70000000000001,-2.29999999999974));
#9859=CARTESIAN_POINT('',(-174.,-46.2,-2.29999999999959));
#9860=CARTESIAN_POINT('',(3.21653053392317E-15,52.6007604452799,-3.3));
#9861=CARTESIAN_POINT('',(3.21653053392317E-15,52.6007604452799,-3.3));
#9862=CARTESIAN_POINT('',(-3.5,52.6007604452799,-3.3));
#9863=CARTESIAN_POINT('',(3.21653053392317E-15,52.6007604452799,-3.3));
#9864=CARTESIAN_POINT('',(-2.5,52.6007604452799,-3.3));
#9865=CARTESIAN_POINT('',(3.21653053392317E-15,52.6007604452799,-2.3));
#9866=CARTESIAN_POINT('',(3.21653053392317E-15,52.6007604452799,-2.3));
#9867=CARTESIAN_POINT('',(3.21653053392317E-15,52.6007604452799,-2.3));
#9868=CARTESIAN_POINT('',(2.5,52.6007604452799,-2.30000000000001));
#9869=CARTESIAN_POINT('',(-174.,-46.2,-2.29999999999959));
#9870=CARTESIAN_POINT('',(111.8,5.70000000000001,-3.3));
#9871=CARTESIAN_POINT('',(111.8,5.70000000000001,-3.3));
#9872=CARTESIAN_POINT('',(108.8,5.70000000000001,-3.3));
#9873=CARTESIAN_POINT('',(111.8,5.70000000000001,-3.3));
#9874=CARTESIAN_POINT('',(113.8,5.70000000000001,-3.3));
#9875=CARTESIAN_POINT('',(111.8,5.70000000000001,-2.3));
#9876=CARTESIAN_POINT('',(111.8,5.70000000000001,-2.3));
#9877=CARTESIAN_POINT('',(111.8,5.70000000000001,-2.3));
#9878=CARTESIAN_POINT('',(113.8,5.70000000000001,-2.3));
#9879=CARTESIAN_POINT('',(-174.,-46.2,-2.29999999999959));
#9880=MECHANICAL_DESIGN_GEOMETRIC_PRESENTATION_REPRESENTATION('',(#5589),
#9881);
#9881=(
GEOMETRIC_REPRESENTATION_CONTEXT(3)
GLOBAL_UNCERTAINTY_ASSIGNED_CONTEXT((#9882))
GLOBAL_UNIT_ASSIGNED_CONTEXT((#9885,#9884,#9883))
REPRESENTATION_CONTEXT('U05-1','TOP_LEVEL_ASSEMBLY_PART')
);
#9882=UNCERTAINTY_MEASURE_WITH_UNIT(LENGTH_MEASURE(0.005),#9885,
'DISTANCE_ACCURACY_VALUE','Maximum Tolerance applied to model');
#9883=(
NAMED_UNIT(*)
SI_UNIT($,.STERADIAN.)
SOLID_ANGLE_UNIT()
);
#9884=(
NAMED_UNIT(*)
PLANE_ANGLE_UNIT()
SI_UNIT($,.RADIAN.)
);
#9885=(
LENGTH_UNIT()
NAMED_UNIT(*)
SI_UNIT(.MILLI.,.METRE.)
);
#9886=PRODUCT_DEFINITION_SHAPE('','',#9887);
#9887=PRODUCT_DEFINITION('','',#9889,#9888);
#9888=PRODUCT_DEFINITION_CONTEXT('',#9895,'design');
#9889=PRODUCT_DEFINITION_FORMATION_WITH_SPECIFIED_SOURCE('','',#9891,
 .NOT_KNOWN.);
#9890=PRODUCT_RELATED_PRODUCT_CATEGORY('','',(#9891));
#9891=PRODUCT('U05-1','U05-1','U05-1',(#9893));
#9892=PRODUCT_CATEGORY('','');
#9893=PRODUCT_CONTEXT('',#9895,'mechanical');
#9894=APPLICATION_PROTOCOL_DEFINITION('international standard',
'ap242_managed_model_based_3d_engineering',2020,#9895);
#9895=APPLICATION_CONTEXT('managed model based 3d engineering');
ENDSEC;
END-ISO-10303-21;
